,TimeSeconds,X,Y,Speed,Distance,Throttle,Brake,LapNumber
0,0.0,2228.0007007240574,-118.00024613677772,0.0,-5372.239030170547,28.0,True,1
1,0.015,2228.0007520054996,-118.00026407231677,0.0,-5372.23861071327,28.0,True,1
2,0.1,2228.0,-118.0,0.0,-5372.235918628331,28.0,True,1
3,0.175,2227.997920923842,-117.99926991696395,0.0,-5372.23861071327,28.0,True,1
4,0.26,2228.0,-118.0,0.0,-5372.253377690796,28.0,True,1
5,0.375,2228.021647321963,-118.00760161790036,0.0,-5372.23861071327,28.0,True,1
6,0.48,2228.0,-118.0,2.3333376,-5372.1201155124145,36.1666816,True,1
7,0.62,2228.0,-118.0,5.444443022222223,-5371.80818845899,47.05555057777778,True,1
8,0.735,2228.7686492581147,-118.26991689639163,8.0,-5371.43861071327,56.0,False,1
9,0.86,2232.0,-120.0,11.584226733367345,-5370.925026989033,53.75985829164541,False,1
10,1.014,2241.2400907845176,-125.63351914048113,16.0,-5370.19861071327,51.0,False,1
11,1.08,2245.0,-128.0,16.70714422857143,-5369.882483454649,51.0,False,1
12,1.294,2251.591041334028,-132.49391529472288,19.0,-5368.720832935492,51.0,False,1
13,1.46,2257.0,-136.0,25.916661333333334,-5367.449105331092,51.0,False,1
14,1.534,2260.9108206486876,-138.3387303786394,29.0,-5366.787499602158,51.0,False,1
15,1.62,2267.0,-142.0,31.7642816,-5365.953052941424,51.6142848,False,1
16,1.814,2288.2748209011756,-155.34097580540657,38.0,-5363.831944046603,53.0,False,1
17,1.94,2302.0,-164.0,41.937496,-5362.301524656897,53.0,False,1
18,2.134,2316.609100539254,-173.08455555115293,48.0,-5359.565277379937,53.0,False,1
19,2.34,2334.0,-184.0,55.57352470588235,-5355.883438263317,59.967642729411764,False,1
20,2.52,2359.0,-200.0,62.191181176470586,-5352.031867044699,66.05588668235293,False,1
21,2.68,2384.0,-216.0,68.07353411764706,-5348.566289274565,71.4676513882353,False,1
22,2.814,2411.2047460826643,-233.06772184071258,73.0,-5345.776388491047,76.0,False,1
23,3.02,2453.0,-259.0,73.0,-5341.667524324929,74.7125008,False,1
24,3.134,2466.9450641673475,-267.6303201198448,73.0,-5339.287499602158,74.0,False,1
25,3.3,2482.0,-277.0,79.2249952,-5335.516381108982,76.48999808,False,1
26,3.534,2516.303003231012,-298.73872892233203,88.0,-5329.509721824381,80.0,False,1
27,3.56,2523.0,-303.0,89.5437576,-5328.785353472411,80.0,False,1
28,3.76,2589.0,-345.0,101.4187576,-5322.864916625095,80.0,False,1
29,3.854,2610.9157494116685,-358.8734170948883,107.0,-5319.99861071327,80.0,False,1
30,4.134,2639.594293982182,-376.56269074608633,110.0,-5311.443055157714,89.0,False,1
31,4.28,2685.0,-405.0,110.0,-5307.0732458341145,87.1749984,False,1
32,4.454,2772.0809624109806,-459.7733601855526,110.0,-5301.665277379936,85.0,False,1
33,4.481,2782.0,-466.0,111.7357184,-5300.772040286742,85.0,False,1
34,4.734,2816.716248575381,-487.46377903499786,128.0,-5291.709721824381,85.0,False,1
35,4.761,2824.0,-492.0,129.8321472,-5290.672495262064,86.446432,False,1
36,5.014,2955.92451353226,-574.5845514164217,147.0,-5280.276388491047,100.0,False,1
37,5.081,2987.0,-594.0,151.38318263091492,-5277.29866872687,100.0,False,1
38,5.335,3046.5616660988244,-630.7200359880949,168.0,-5265.296388491048,100.0,False,1
39,5.461,3082.0,-652.0,172.7250048,-5259.101462058511,100.0,False,1
40,5.655,3175.0619587493575,-707.8221693752168,180.0,-5249.296388491048,100.0,False,1
41,5.741,3217.0,-733.0,183.7625056,-5244.851865499737,100.0,False,1
42,5.815,3249.15339359519,-752.326864488812,187.0,-5240.985277379937,100.0,False,1
43,6.021,3325.0,-798.0,189.5750016,-5230.051835460062,100.0,False,1
44,6.135,3364.4113936373196,-821.7387563446413,191.0,-5224.0074996021585,100.0,False,1
45,6.281,3447.0,-871.0,191.0,-5216.34326646466,100.0,False,1
46,6.375,3544.164042118085,-928.5708498839692,191.0,-5211.274166268825,100.0,False,1
47,6.5,3673.0,-1004.0,200.3749952,-5204.214519107935,100.0,False,1
48,6.575,3713.3182823084967,-1026.4085730736135,206.0,-5199.829721824381,100.0,False,1
49,6.62,3733.0,-1037.0,208.2499968,-5197.151618209619,100.0,False,1
50,6.815,3832.2894990664636,-1090.543954352456,218.0,-5185.296388491048,100.0,False,1
51,6.94,3899.0,-1126.0,218.0,-5177.7493115839225,100.0,False,1
52,7.055,3958.1684835494434,-1156.7732371421905,218.0,-5170.763055157714,100.0,False,1
53,7.14,4007.0,-1182.0,220.1249984,-5165.512164551714,100.0,False,1
54,7.295,4116.6649057522345,-1238.7974885704807,224.0,-5155.829721824381,100.0,False,1
55,7.38,4173.0,-1268.0,224.0,-5150.529704041139,95.7500032,False,1
56,7.695,4317.112818210862,-1342.8077836677382,224.0,-5130.940832935492,80.0,False,1
57,7.72,4329.0,-1349.0,224.0,-5129.3859324768855,74.98743097945969,False,1
58,7.92,4440.0,-1407.0,224.0,-5116.941417945538,34.887186785012645,False,1
59,8.094,4562.339369848976,-1471.3614037533177,224.0,-5106.114166268825,0.0,False,1
60,8.18,4613.0,-1498.0,224.0,-5100.764330962151,0.0,False,1
61,8.254,4645.082444903133,-1514.8105468974513,224.0,-5096.15861071327,0.0,True,1
62,8.58,4733.0,-1568.0,224.0,-5075.827883005963,0.0,True,1
63,8.734,4820.432064321976,-1629.2169173719833,224.0,-5066.291944046603,0.0,True,1
64,8.8,4851.0,-1651.0,224.0,-5062.229965743524,0.0,True,1
65,9.134,4874.228171365474,-1671.5542987469398,224.0,-5041.403055157714,0.0,True,1
66,9.18,4875.0,-1673.0,224.0,-5038.377172713296,0.0,True,1
67,9.334,4886.519916518777,-1684.6548893089393,224.0,-5028.95861071327,0.0,True,1
68,9.66,4939.0,-1738.0,103.5611584,-5020.593942781876,0.0,True,1
69,9.694,4944.578914727492,-1745.0871646082758,91.0,-5019.85861071327,0.0,True,1
70,9.74,4952.0,-1755.0,91.0,-5018.7893512122155,0.0,True,1
71,9.974,4984.987253218067,-1808.6923713905678,91.0,-5012.780832935492,0.0,True,1
72,10.0,4988.0,-1815.0,89.24499136,-5012.19926895321,0.0,True,1
73,10.22,5007.0,-1871.0,74.39500864,-5008.222351398301,0.0,True,1
74,10.374,5011.749858752587,-1911.1785524770619,64.0,-5005.669721824381,0.0,True,1
75,10.4,5012.0,-1917.0,64.0,-5005.218545830262,0.0,True,1
76,10.534,5011.208079321369,-1940.779425678923,64.0,-5002.825277379937,0.0,False,1
77,10.6,5010.0,-1951.0,64.0,-5001.634709699696,0.0,False,1
78,10.86,5002.0,-1991.0,64.0,-4996.932559196735,0.0,False,1
79,11.014,4995.004760626351,-2013.356704850405,64.0,-4994.291944046603,0.0,False,1
80,11.381,4971.0,-2065.0,58.99545367272727,-4988.451373190452,29.19318690909091,False,1
81,11.454,4964.803079646662,-2075.869144632116,58.0,-4987.2030551577145,35.0,False,1
82,11.661,4945.0,-2107.0,63.67830690127592,-4983.357558687221,33.45137084510657,False,1
83,11.821,4928.0,-2130.0,68.06733503319063,-4980.195351950032,32.25436317276619,False,1
84,11.855,4924.124257888458,-2134.9996104099705,69.0,-4979.517221824381,32.0,False,1
85,12.095,4894.009074204769,-2171.8037324967754,73.0,-4974.650555157714,45.0,False,1
86,12.161,4885.0,-2182.0,73.99000192,-4973.2726038072815,47.64000512,False,1
87,12.381,4853.0,-2216.0,77.29000192,-4968.516029235461,56.44000512,False,1
88,12.495,4835.493672148964,-2234.2342259242505,79.0,-4965.872777379936,61.0,False,1
89,12.561,4825.0,-2245.0,80.98000384,-4964.277269649727,61.16500032,False,1
90,12.781,4788.0,-2282.0,87.58000384,-4958.667565966226,61.71500032,False,1
91,12.861,4774.0,-2296.0,89.98000384,-4956.62341913575,61.91500032,False,1
92,12.895,4767.927075255092,-2301.9934274597103,91.0,-4955.761666268825,62.0,False,1
93,13.04,4741.0,-2328.0,91.0,-4952.11906442604,75.05001728,False,1
94,13.095,4730.244769593118,-2338.242794630994,91.0,-4950.7061107132695,80.0,False,1
95,13.4,4666.0,-2400.0,101.4843816,-4942.116434581389,81.9062512,False,1
96,13.415,4662.719680807639,-2403.3214381334105,102.0,-4941.639444046603,82.0,False,1
97,13.615,4619.956058069037,-2448.8994958664734,122.0,-4934.8616662688255,82.0,False,1
98,13.62,4619.0,-2450.0,121.95833386666666,-4934.691051031119,80.3750208,False,1
99,13.7,4604.0,-2468.0,121.2916672,-4931.980547498793,54.3750208,False,1
100,13.855,4565.665780138523,-2518.0178882137984,120.0,-4926.8616662688255,4.0,False,1
101,14.0,4531.0,-2566.0,114.5624928,-4922.265578518521,0.37499520000000014,False,1
102,14.015,4528.1995293959535,-2570.0531817205465,114.0,-4921.794999602159,0.0,False,1
103,14.295,4496.09902673815,-2625.216815268354,112.0,-4913.083888491047,38.0,False,1
104,14.34,4491.0,-2636.0,111.85893439820752,-4911.694587900635,32.639507131885715,False,1
105,14.614,4456.502624430338,-2714.7489990529652,111.0,-4903.248055157714,0.0,True,1
106,14.62,4456.0,-2716.0,111.03333262222222,-4903.06171499977,0.8499818666666668,True,1
107,14.86,4444.0,-2754.0,112.36666595555556,-4895.544481786812,34.84998186666667,True,1
108,14.96,4436.0,-2784.0,112.92222293333333,-4892.390227086945,49.01668480000001,True,1
109,14.974,4434.922444792305,-2788.4174659480454,113.0,-4891.948055157714,51.0,False,1
110,15.28,4419.0,-2884.0,113.9562504,-4882.258068901533,51.0,False,1
111,15.294,4418.554346961584,-2888.3650475885725,114.0,-4881.814721824381,51.0,False,1
112,15.454,4415.182390374953,-2938.6152417244593,114.0,-4876.748055157714,8.0,False,1
113,15.48,4415.0,-2947.0,114.0,-4875.923398266961,7.2571392,False,1
114,15.56,4415.0,-2973.0,114.0,-4873.382770730495,4.9714249142857145,False,1
115,15.734,4415.146866648143,-3026.213694075199,114.0,-4867.881388491048,0.0,False,1
116,15.78,4415.0,-3042.0,113.23333546666667,-4866.443840946184,7.858311466666666,False,1
117,15.974,4413.159720122075,-3122.52026941817,110.0,-4860.548055157714,41.0,False,1
118,16.12,4411.0,-3177.0,104.78570971428572,-4856.469756529753,19.621409828571426,False,1
119,16.254,4408.749739017721,-3209.731205349764,100.0,-4852.7702773799365,0.0,True,1
120,16.5,4402.0,-3255.0,104.39285485714285,-4845.596325278367,2.6357129142857145,True,1
121,16.534,4400.508059124509,-3263.9750741651633,105.0,-4844.6036107132695,3.0,False,1
122,16.68,4393.0,-3307.0,104.26999936,-4840.382846491473,15.41001088,False,1
123,16.734,4390.164953950469,-3321.675525413399,104.0,-4838.825832935492,20.0,False,1
124,16.8,4386.0,-3341.0,104.27500053333333,-4836.920060423247,20.0,False,1
125,16.974,4367.310392851307,-3414.5455166077163,105.0,-4831.825832935492,20.0,False,1
126,17.06,4357.0,-3451.0,107.1499968,-4829.220001682136,32.8999808,False,1
127,17.134,4348.605201072185,-3478.3194209113594,109.0,-4826.981388491047,44.0,True,1
128,17.414,4320.762794994239,-3550.7738955298105,104.0,-4818.892499602159,0.0,True,1
129,17.541,4310.0,-3575.0,102.09499904,-4815.361218109287,2.85750144,True,1
130,17.814,4288.623184350391,-3618.986832999276,98.0,-4808.00361071327,9.0,False,1
131,17.841,4286.0,-3624.0,97.75454487272727,-4807.290690434753,9.736365381818182,False,1
132,18.041,4259.0,-3671.0,95.93636305454545,-4802.090694383656,15.190910836363637,False,1
133,18.254,4205.56102414467,-3746.8784115039034,94.0,-4796.514721824381,21.0,False,1
134,18.261,4204.0,-3749.0,94.104478600431,-4796.328002247185,20.26864979698302,False,1
135,18.455,4172.879420191157,-3789.1449747743213,97.0,-4791.098888491048,0.0,False,1
136,18.735,4144.054136242282,-3817.0939299489414,96.0,-4783.63222182438,27.0,False,1
137,18.761,4140.0,-3821.0,96.0,-4782.94147610118,25.808327466666668,False,1
138,18.975,4099.033973576765,-3860.3300430635027,96.0,-4777.232221824381,16.0,False,1
139,19.001,4094.0,-3865.0,96.4875024,-4776.528686065705,22.500032,False,1
140,19.135,4068.682081813995,-3887.490118794427,99.0,-4772.832221824381,56.0,False,1
141,19.201,4052.0,-3901.0,100.8562536,-4770.932577947699,58.2687544,False,1
142,19.401,3983.0,-3953.0,106.4812536,-4764.891542979476,65.1437544,False,1
143,19.455,3968.5534720888418,-3963.4130234442637,108.0,-4763.232221824381,67.0,False,1
144,19.615,3942.733830722006,-3980.4567524040694,112.0,-4758.254444046603,56.0,False,1
145,19.78,3909.0,-4000.0,116.1249984,-4752.906958346794,70.84999424,False,1
146,19.815,3898.448090246556,-4006.1301666255054,117.0,-4751.754444046603,74.0,False,1
147,19.975,3839.458737883581,-4040.271183713021,120.0,-4746.42111071327,71.0,False,1
148,20.02,3824.0,-4049.0,121.1249984,-4744.891977595066,73.02499712,False,1
149,20.175,3779.8807281822483,-4072.8192042424735,125.0,-4739.476666268825,80.0,False,1
150,20.42,3716.0,-4103.0,133.57499776,-4730.213051157546,85.51249856,False,1
151,20.575,3660.4914995488148,-4127.478368318403,139.0,-4724.032221824381,89.0,False,1
152,20.62,3645.0,-4134.0,140.6874976,-4722.205537042589,90.406248,False,1
153,20.82,3583.0,-4158.0,148.1874976,-4713.878280943666,96.656248,False,1
154,20.895,3556.670234287441,-4167.659405014385,151.0,-4710.6099996021585,99.0,False,1
155,21.0,3511.0,-4183.0,155.24856215817346,-4705.880233687696,99.20231248372255,False,1
156,21.28,3336.0,-4231.0,166.57804052987555,-4692.466462762799,99.74181145380359,False,1
157,21.414,3279.6792269697944,-4245.190177761895,172.0,-4685.813332935491,100.0,False,1
158,21.72,3183.0,-4260.0,182.20000426666667,-4670.211153670006,100.0,False,1
159,21.74,3173.0,-4261.0,182.8666624,-4669.176236161497,100.0,False,1
160,21.774,3155.8658084551316,-4262.741464538143,184.0,-4667.413332935492,100.0,False,1
161,21.934,3074.815571522238,-4271.450411794218,188.0,-4659.057777379936,100.0,False,1
162,22.04,3020.0,-4276.0,189.51428754285715,-4653.467655250007,100.0,False,1
163,22.214,2927.466641572061,-4279.874089195286,192.0,-4644.1244440466035,100.0,False,1
164,22.32,2870.0,-4280.0,195.18000384,-4638.267815543003,100.0,False,1
165,22.48,2782.0,-4277.0,199.98000384,-4629.198176165477,100.0,False,1
166,22.614,2706.523323127811,-4271.752520758842,204.0,-4621.4577773799365,100.0,False,1
167,22.68,2669.0,-4268.0,205.46666951111112,-4617.602900031443,100.0,False,1
168,22.94,2520.0,-4245.0,211.2444416,-4602.254331951468,100.0,False,1
169,22.974,2500.3400944603795,-4241.145456621934,212.0,-4600.257777379937,100.0,False,1
170,23.04,2462.0,-4233.0,212.0,-4596.394878429154,100.0,False,1
171,23.174,2383.104096353382,-4212.900096459381,212.0,-4588.479999602158,100.0,False,1
172,23.32,2298.0,-4187.0,219.3000064,-4579.44488219791,100.0,False,1
173,23.454,2222.7775784832666,-4160.823795695382,226.0,-4570.902221824381,100.0,False,1
174,23.54,2169.0,-4139.0,227.93499712,-4565.359421299826,100.0,False,1
175,23.8,1982.0,-4050.0,233.78500288,-4548.352625234474,100.0,False,1
176,23.854,1953.9731345652958,-4035.5708344919444,235.0,-4544.7911107132695,100.0,False,1
177,24.014,1890.3649626715337,-4000.1743240140636,239.0,-4534.168888491047,100.0,False,1
178,24.041,1878.0,-3993.0,239.5062512,-4532.356810006673,100.0,False,1
179,24.321,1716.0,-3896.0,244.7562512,-4513.279646138124,100.0,False,1
180,24.334,1708.3243939733857,-3891.2706845752264,245.0,-4512.39111071327,100.0,False,1
181,24.501,1612.0,-3831.0,246.3916672,-4500.973468195367,100.0,False,1
182,24.574,1569.644162682145,-3804.3327528984746,247.0,-4495.924444046603,100.0,False,1
183,24.781,1448.0,-3727.0,253.03750186666667,-4481.333128796505,100.0,False,1
184,24.814,1428.5388136204394,-3714.4038999125523,254.0,-4478.99111071327,100.0,False,1
185,24.901,1377.0,-3681.0,254.61921767839834,-4472.809999374601,100.0,False,1
186,25.095,1260.5359304444933,-3607.247181567293,256.0,-4459.008888491047,100.0,False,1
187,25.101,1257.0,-3605.0,256.0,-4458.582226023964,99.8499968,False,1
188,25.335,1117.7863433854648,-3515.449187495043,256.0,-4441.942221824381,94.0,False,1
189,25.361,1100.0,-3504.0,256.2437512,-4440.090082875623,94.0,False,1
190,25.655,872.1952123118635,-3357.9952012367016,259.0,-4418.919999602159,94.0,False,1
191,25.681,855.0,-3347.0,260.4625072,-4416.999146623949,94.9750048,False,1
192,25.815,780.917330748018,-3299.685209381049,268.0,-4407.008888491047,100.0,True,1
193,25.975,691.7802711633934,-3243.3877087947662,266.0,-4395.186666268825,2.0,False,1
194,26.001,672.0,-3231.0,265.13332906666665,-4393.291446382222,6.441688533333333,False,1
195,26.215,465.93801113768177,-3102.7622770359794,258.0,-4377.9866662688255,43.0,False,1
196,26.28,416.0,-3072.0,255.02082453333333,-4373.426462068471,31.354132266666667,False,1
197,26.455,348.0295302698565,-3031.399854211979,247.0,-4361.519999602158,0.0,True,1
198,26.62,299.0,-3005.0,235.31250453333334,-4351.203574559274,0.0,True,1
199,26.78,209.0,-2956.0,223.9791712,-4341.958004973942,0.0,True,1
200,26.935,128.94201906326498,-2912.8907010044404,213.0,-4333.119999602159,0.0,True,1
201,27.1,40.0,-2867.0,206.12500266666666,-4323.757572151968,0.0,True,1
202,27.175,-8.943887555009788,-2842.6906203011376,203.0,-4319.586666268825,0.0,True,1
203,27.3,-89.0,-2804.0,198.7031272,-4312.81126952804,0.0,True,1
204,27.495,-165.18773037452613,-2770.6883258282064,192.0,-4302.519999602158,0.0,True,1
205,27.58,-197.0,-2759.0,190.30000128,-4298.0552164171695,0.0,True,1
206,27.695,-249.0364693366773,-2741.397961740841,188.0,-4292.075555157714,0.0,True,1
207,27.86,-332.0,-2717.0,183.05000192,-4283.7174652007525,1.64999936,True,1
208,27.895,-348.91379037380557,-2712.8393667057007,182.0,-4281.964444046604,2.0,True,1
209,27.96,-380.0,-2706.0,181.06809781950443,-4278.720881894173,4.562730996362783,True,1
210,28.174,-484.2871706478737,-2690.2730862379813,178.0,-4268.1694440466035,13.0,False,1
211,28.2,-497.0,-2689.0,177.3499968,-4266.903811030392,10.8874896,False,1
212,28.334,-562.3750125479377,-2684.5126801451843,174.0,-4260.43611071327,0.0,False,1
213,28.48,-633.0,-2683.0,172.43571291428572,-4253.482575955403,15.642870857142857,False,1
214,28.614,-696.9389972540589,-2684.139197017452,171.0,-4247.13611071327,30.0,False,1
215,28.72,-747.0,-2687.0,170.46999936,-4242.109469282643,14.0999808,False,1
216,28.814,-791.0347288615262,-2691.1362364743723,170.0,-4237.691666268825,0.0,False,1
217,28.88,-821.0,-2695.0,168.8214262857143,-4234.634474110695,10.371448685714286,False,1
218,29.04,-892.0,-2709.0,165.96428342857143,-4227.33196720919,35.51430582857143,False,1
219,29.094,-919.5268146882328,-2716.5715727795896,165.0,-4224.8583329354915,44.0,False,1
220,29.374,-1071.586153774576,-2770.0148725035947,167.0,-4211.869444046603,56.0,False,1
221,29.38,-1074.0,-2771.0,167.03333262222222,-4211.588125773208,56.11666417777778,False,1
222,29.64,-1150.0,-2809.0,168.4777784888889,-4199.32279020374,61.17222471111111,False,1
223,29.734,-1184.0669361012392,-2828.3550381644727,169.0,-4194.969444046603,63.0,False,1
224,29.98,-1289.0,-2890.0,162.8500032,-4183.893132976758,7.650028800000002,False,1
225,30.014,-1302.0648864769985,-2897.9898078757265,162.0,-4182.369444046603,0.0,True,1
226,30.06,-1320.0,-2909.0,161.7125008,-4180.305317425063,0.0,True,1
227,30.174,-1372.0012383611172,-2940.4323081642137,161.0,-4175.213888491047,0.0,True,1
228,30.26,-1413.0,-2964.0,159.43636596363638,-4171.455667956447,5.863627636363637,True,1
229,30.614,-1563.659427161763,-3033.7365364391867,153.0,-4156.5138884910475,30.0,False,1
230,30.641,-1575.0,-3038.0,152.94374986666668,-4155.377629867177,30.618751466666666,False,1
231,30.841,-1662.0,-3066.0,152.5270832,-4146.942506826457,35.2020848,False,1
232,31.094,-1789.475999335664,-3088.3742417714393,152.0,-4136.247221824381,41.0,False,1
233,31.221,-1853.0,-3093.0,152.0,-4130.877907295668,40.36499968,False,1
234,31.294,-1887.7225374848833,-3093.4983215743223,152.0,-4127.802777379937,40.0,False,1
235,31.454,-1959.1703899209708,-3089.1420409819093,151.0,-4121.091666268825,45.0,False,1
236,31.641,-2028.0,-3080.0,152.11177216546184,-4113.162128119587,49.44708866184741,False,1
237,31.961,-2118.0,-3057.0,154.01426933759006,-4099.328612335631,57.057077350360224,False,1
238,32.121,-2182.0,-3034.0,154.96551792365415,-4092.321456103132,60.86207169461663,False,1
239,32.295,-2249.3906654434845,-3003.667097355686,156.0,-4084.648332935492,65.0,False,1
240,32.381,-2284.0,-2985.0,157.0750016,-4080.8355287512722,67.4187536,False,1
241,32.615,-2386.618606888643,-2920.726431903034,160.0,-4070.4261107132697,74.0,False,1
242,32.68,-2412.0,-2904.0,160.0,-4067.5400327123352,75.89583893333334,False,1
243,32.855,-2467.3113503642326,-2866.8616283217902,160.0,-4059.759444046603,81.0,False,1
244,33.04,-2528.0,-2819.0,161.85000192,-4051.439535315886,90.2500096,False,1
245,33.055,-2534.1063090221523,-2813.729137736009,162.0,-4050.7594440466028,91.0,False,1
246,33.255,-2627.6139235663277,-2730.088990337881,165.0,-4041.5927773799363,89.0,False,1
247,33.26,-2630.0,-2728.0,165.0624992,-4041.3605369552984,89.0,False,1
248,33.655,-2794.638362428812,-2594.987114050219,170.0,-4022.703888491047,89.0,False,1
249,33.66,-2796.0,-2594.0,169.9375008,-4022.469304136832,88.062512,False,1
250,33.815,-2826.674956059948,-2573.8249867521463,168.0,-4015.237221824381,59.0,False,1
251,33.96,-2860.0,-2557.0,167.27499904,-4008.4970948671707,40.874976000000004,False,1
252,34.015,-2879.717098246483,-2547.2788487765865,167.0,-4005.959444046603,34.0,False,1
253,34.18,-2952.0,-2513.0,164.52500096,-3998.4325558694927,39.77499776,False,1
254,34.215,-2966.464873436817,-2506.706354096638,164.0,-3996.8483329354917,41.0,True,1
255,34.495,-3086.1154980711476,-2468.6089068774695,161.0,-3984.32611071327,0.0,False,1
256,34.5,-3089.0,-2468.0,160.93036302077093,-3984.105842783185,0.4317492712201856,False,1
257,34.74,-3243.0,-2442.0,157.58774523226825,-3973.677570055218,21.15597955993679,False,1
258,34.854,-3284.610895262366,-2435.4831619554448,156.0,-3968.769444046603,31.0,False,1
259,35.16,-3373.0,-2442.0,155.23499968,-3955.6145473937568,44.77000576,False,1
260,35.254,-3450.264129609594,-2451.9918299912665,155.0,-3951.547221824381,49.0,False,1
261,35.32,-3502.0,-2459.0,155.4125008,-3948.679033923678,52.437506666666664,False,1
262,35.72,-3614.0,-2485.0,157.9125008,-3931.1004556863227,73.27084,False,1
263,35.734,-3618.6900034265636,-2486.4902129952297,158.0,-3930.4805551577138,74.0,False,1
264,35.94,-3707.0,-2514.0,159.47142765714287,-3921.329321170288,72.52857234285715,False,1
265,36.014,-3736.5920771003307,-2523.736326090558,160.0,-3918.0361107132694,72.0,False,1
266,36.1,-3774.0,-2538.0,160.3071424,-3914.208079604501,76.9142784,False,1
267,36.294,-3893.8181868821544,-2594.6361075243763,161.0,-3905.5138884910475,88.0,False,1
268,36.38,-3935.0,-2615.0,162.2285696,-3901.5936231842607,88.6142848,False,1
269,36.574,-3971.9064343384057,-2634.6224735173328,165.0,-3892.680555157714,90.0,False,1
270,36.64,-3990.0,-2648.0,164.29285577142858,-3889.670975764991,90.0,False,1
271,36.854,-4104.164226599024,-2737.096013034662,162.0,-3880.080555157714,90.0,True,1
272,36.92,-4137.0,-2764.0,159.8785673142857,-3877.214601019684,68.78567314285714,True,1
273,37.134,-4200.22295672691,-2822.6062554860796,153.0,-3868.1805551577136,0.0,True,1
274,37.334,-4233.4069808497015,-2867.1254334430046,148.0,-3859.9583329354914,0.0,True,1
275,37.361,-4239.0,-2875.0,147.45999872,-3858.870594214157,0.0,True,1
276,37.734,-4332.248468116056,-3018.998858431203,140.0,-3844.402777379936,0.0,True,1
277,37.761,-4338.0,-3030.0,139.4948012300775,-3843.3901698182344,0.0,True,1
278,38.141,-4391.0,-3168.0,132.38461317383627,-3829.5460593643793,0.0,True,1
279,38.215,-4396.247986560962,-3185.5864342915306,131.0,-3826.8997218243803,0.0,True,1
280,38.481,-4407.0,-3238.0,127.19999817142858,-3817.5062881544022,0.0,True,1
281,38.495,-4407.556774083755,-3241.792290302998,127.0,-3817.0219440466026,0.0,True,1
282,38.821,-4419.0,-3356.0,121.56666453333334,-3806.0469008014697,7.24444728888889,True,1
283,38.855,-4419.255746536467,-3367.8951774104607,121.0,-3804.921944046603,8.0,False,1
284,39.041,-4417.0,-3430.0,119.00714148571429,-3798.809175412971,2.6857106285714285,False,1
285,39.135,-4414.131783781219,-3460.5534903756215,118.0,-3795.744166268825,0.0,False,1
286,39.221,-4410.0,-3489.0,117.28333226666666,-3792.9533181426496,0.0,False,1
287,39.375,-4397.908579040459,-3542.63842430395,116.0,-3788.0108329354916,0.0,False,1
288,39.46,-4390.0,-3570.0,114.7857152,-3785.332114986325,0.0,False,1
289,39.655,-4370.415912286594,-3621.573156106055,112.0,-3779.2997218243804,0.0,False,1
290,39.7,-4365.0,-3633.0,111.5781256,-3777.922882658072,2.5312463999999997,False,1
291,39.94,-4329.0,-3695.0,109.3281256,-3770.661634267216,16.0312464,False,1
292,39.975,-4322.972185834063,-3703.544221658372,109.0,-3769.6108329354915,18.0,False,1
293,40.24,-4271.0,-3762.0,108.05357074285715,-3761.6664996146283,34.08929737142857,False,1
294,40.255,-4267.661964612188,-3764.9703814090494,108.0,-3761.2108329354915,35.0,False,1
295,40.46,-4218.0,-3802.0,110.5624992,-3754.8968600865724,48.6666624,False,1
296,40.495,-4208.933008628219,-3807.6957727047106,111.0,-3753.810832935492,51.0,False,1
297,40.66,-4164.0,-3832.0,111.68749973333334,-3748.677761373569,46.187501866666665,False,1
298,40.735,-4142.281368308435,-3841.5132910400075,112.0,-3746.3441662688247,44.0,False,1
299,40.84,-4111.0,-3853.0,112.0,-3743.0812495797954,47.67500672,False,1
300,40.935,-4082.4797280866287,-3861.296416815536,112.0,-3740.1219440466025,51.0,False,1
301,41.06,-4044.0,-3870.0,112.93749952,-3736.202860151943,51.0,False,1
302,41.18,-4006.0,-3877.0,113.83749952,-3732.40666888494,51.0,False,1
303,41.335,-3963.0030964967805,-3883.168740945246,115.0,-3727.3441662688247,51.0,False,1
304,41.52,-3895.0,-3888.0,120.30466378674379,-3721.041538215903,58.293912706772716,False,1
305,41.614,-3840.2533287374918,-3890.324362549076,123.0,-3717.811666268825,62.0,False,1
306,41.7,-3793.0,-3892.0,123.42999936,-3714.8710391855893,61.57000064,False,1
307,41.814,-3754.601675583953,-3893.0446854451457,124.0,-3710.9227773799357,61.0,False,1
308,42.054,-3709.9889180098576,-3892.981917382484,131.0,-3702.1894440466026,75.0,False,1
309,42.06,-3708.0,-3893.0,131.0749984,-3701.969959485454,75.24999466666667,False,1
310,42.294,-3600.052800240109,-3894.5972333396667,134.0,-3693.2561107132697,85.0,False,1
311,42.34,-3580.0,-3895.0,136.874992,-3691.406399547097,86.1499968,False,1
312,42.614,-3492.467298747759,-3897.554575438441,154.0,-3679.567221824381,93.0,False,1
313,42.66,-3479.0,-3898.0,155.1499968,-3677.557898382808,93.0,False,1
314,42.774,-3444.4770557197908,-3899.118227454167,158.0,-3672.544999602158,93.0,False,1
315,42.934,-3367.5437741821142,-3904.1481949026575,165.0,-3665.211666268825,91.0,False,1
316,42.96,-3347.0,-3906.0,166.3000064,-3663.9707178248873,91.8357184,False,1
317,43.08,-3235.0,-3917.0,172.3000064,-3658.0466911628787,95.69286125714285,False,1
318,43.214,-3161.147252597264,-3924.684891169946,179.0,-3651.2894440466025,100.0,False,1
319,43.46,-3112.0,-3932.0,182.5142838857143,-3638.8484076222985,100.0,False,1
320,43.494,-3099.803004034963,-3933.8669858230182,183.0,-3637.0561107132694,100.0,False,1
321,43.72,-2987.0,-3951.0,194.92778453333332,-3624.512465130554,100.0,False,1
322,43.854,-2908.875147797513,-3962.7681354404453,202.0,-3616.856110713269,100.0,False,1
323,43.981,-2843.0,-3973.0,204.72142994285716,-3609.593546246708,100.0,False,1
324,44.134,-2787.535111584767,-3982.5569533169473,208.0,-3600.678332935491,100.0,False,1
325,44.181,-2768.0,-3986.0,210.0562528,-3597.862624536141,100.0,False,1
326,44.361,-2662.0,-4005.0,217.9312528,-3586.769951426534,100.0,False,1
327,44.454,-2583.391576505923,-4020.430483593881,222.0,-3580.944999602158,100.0,False,1
328,44.601,-2455.0,-4047.0,226.3880630091345,-3571.6602943624885,100.0,False,1
329,44.655,-2419.6422470371267,-4054.7198388230886,228.0,-3568.214999602158,100.0,False,1
330,44.855,-2342.1185735122517,-4073.891913732598,233.0,-3555.2705551577137,100.0,False,1
331,45.021,-2253.0,-4092.0,235.90500224,-3544.333536525686,100.0,False,1
332,45.255,-2047.461940730441,-4126.352511988453,240.0,-3528.6038884910467,100.0,False,1
333,45.261,-2043.0,-4127.0,240.24000512,-3528.1952829386337,100.0,False,1
334,45.455,-1941.664370544143,-4137.732982320318,248.0,-3514.8261107132694,100.0,False,1
335,45.581,-1879.0,-4140.0,251.1500032,-3505.9418114556274,100.0,False,1
336,45.775,-1742.593570348031,-4142.799634730516,256.0,-3492.070555157714,100.0,False,1
337,45.86,-1679.0,-4143.0,257.27499904,-3485.988260746611,100.0,False,1
338,45.975,-1595.6981232720511,-4141.843201447236,259.0,-3477.681666268825,100.0,False,1
339,46.02,-1563.0,-4141.0,260.87499733333334,-3474.376886157146,100.0,False,1
340,46.215,-1418.0717289598604,-4135.223720293359,269.0,-3459.748332935492,100.0,False,1
341,46.28,-1371.0,-4133.0,270.2767894857143,-3454.79508202567,100.0,False,1
342,46.44,-1251.0,-4127.0,273.41964662857146,-3442.452226004725,100.0,False,1
343,46.64,-1037.0,-4116.0,277.34821805714284,-3426.7970146686775,100.0,False,1
344,46.775,-915.9369239858188,-4110.171450922593,280.0,-3416.192777379936,100.0,False,1
345,47.055,-725.6220612166495,-4104.257900365093,284.0,-3394.1038884910477,100.0,False,1
346,47.12,-676.0,-4104.0,284.9285741714286,-3388.944627709622,100.0,False,1
347,47.16,-644.0,-4104.0,285.50000274285713,-3385.7630181677873,100.0,False,1
348,47.335,-502.65252875059,-4101.613393495133,288.0,-3371.703888491047,100.0,False,1
349,47.48,-386.0,-4099.0,293.80000768,-3359.804930102525,100.0,False,1
350,47.535,-342.1334222758709,-4098.37540740437,296.0,-3355.259444046603,100.0,False,1
351,47.695,-209.52528018946828,-4097.056672969977,299.0,-3341.970555157714,100.0,False,1
352,47.7,-205.0,-4097.0,299.07499904,-3341.5526201912103,100.0,False,1
353,47.9,-4.0,-4094.0,302.07499904,-3324.6798213201273,100.0,False,1
354,48.095,221.76081285339214,-4091.209467573776,305.0,-3308.0816662688253,100.0,False,1
355,48.254,388.9069788406502,-4089.4766538625854,307.0,-3294.522499602159,100.0,False,1
356,48.32,437.0,-4089.0,307.8250016,-3288.8611573812273,100.0,False,1
357,48.574,542.4045569496694,-4088.786026671543,311.0,-3266.8780551577142,100.0,False,1
358,48.6,558.0,-4089.0,311.3250016,-3264.6136149672475,100.0,False,1
359,48.82,748.0,-4094.0,314.0749984,-3245.3657168150244,100.0,False,1
360,48.894,812.9557271410587,-4098.13665081445,315.0,-3238.8780551577142,100.0,False,1
361,49.0,903.0,-4107.0,315.6625008,-3229.5810103427607,100.0,False,1
362,49.054,948.8790410729735,-4113.119714235232,316.0,-3224.8336107132695,100.0,False,1
363,49.22,1091.0,-4139.0,317.3833322666667,-3210.1668745520615,100.0,False,1
364,49.414,1260.6593954374423,-4182.83771426186,319.0,-3192.9336107132694,100.0,False,1
365,49.48,1315.0,-4199.0,319.4714294857143,-3187.061160729274,100.0,False,1
366,49.694,1485.8448136053275,-4256.25316561241,321.0,-3167.9669440466027,100.0,False,1
367,49.74,1536.0,-4274.0,321.4312488,-3163.844879042142,100.0,False,1
368,49.98,1858.0,-4389.0,323.6812488,-3142.2385011529227,100.0,False,1
369,50.014,1889.4613620581115,-4400.095315386936,324.0,-3139.1669440466026,100.0,False,1
370,50.294,2024.0822337756802,-4444.720690272469,326.0,-3113.8113884910476,100.0,False,1
371,50.3,2028.0,-4446.0,326.0,-3113.268304941741,100.0,False,1
372,50.494,2193.723685228353,-4500.012973966304,326.0,-3095.7002773799363,100.0,False,1
373,50.501,2200.0,-4502.0,326.0656256,-3095.064049314103,100.0,False,1
374,50.681,2357.0,-4550.0,327.7531256,-3078.6289912476136,100.0,False,1
375,50.814,2473.6801209199,-4584.872797959125,329.0,-3066.455832935492,100.0,False,1
376,50.861,2515.0,-4597.0,329.0,-3062.157543701356,100.0,False,1
377,51.014,2649.1385164031913,-4635.305925910502,329.0,-3048.178055157714,100.0,False,1
378,51.181,2797.0,-4673.0,329.0,-3032.9268289307406,100.0,False,1
379,51.214,2826.6769889011453,-4679.66355507592,329.0,-3029.9002773799366,100.0,False,1
380,51.241,2851.0,-4685.0,329.40298615816477,-3027.4192041341457,100.0,False,1
381,51.415,3007.387227491992,-4718.232582022347,332.0,-3011.3636107132697,100.0,False,1
382,51.541,3121.0,-4739.0,332.0,-2999.74802089869,100.0,False,1
383,51.615,3188.0993736010837,-4749.280519973742,332.0,-2992.919166268825,100.0,False,1
384,51.741,3303.0,-4764.0,332.7875008,-2981.264089738473,100.0,False,1
385,51.775,3334.1488867347653,-4767.51860813554,333.0,-2978.119166268825,100.0,False,1
386,52.015,3555.449466290396,-4786.663200548035,333.0,-2955.919166268825,100.0,False,1
387,52.021,3561.0,-4787.0,333.06000128,-2955.3619372589665,100.0,False,1
388,52.215,3740.4720226699123,-4793.916883179393,335.0,-2937.3080551577136,100.0,False,1
389,52.221,3746.0,-4794.0,334.94999893333335,-2936.7514524953685,100.0,False,1
390,52.421,3931.0,-4793.0,333.28333226666666,-2918.2627476580496,100.0,False,1
391,52.455,3963.4105828819593,-4792.471562975108,333.0,-2915.1080551577143,100.0,False,1
392,52.48,3987.0,-4792.0,333.3125024,-2912.7839659488463,100.0,False,1
393,52.695,4175.285056105668,-4783.372497752214,336.0,-2892.708055157714,100.0,False,1
394,52.78,4266.0,-4776.0,335.4687504,-2884.795248099996,100.0,False,1
395,52.855,4360.473922266733,-4767.139709277611,335.0,-2877.8191662688255,100.0,False,1
396,53.04,4599.0,-4742.0,335.0,-2860.5955995072786,88.437488,False,1
397,53.095,4647.680855978657,-4736.415947910543,335.0,-2855.485832935492,85.0,False,1
398,53.335,4781.795379915938,-4716.285150986708,333.0,-2833.2858329354917,76.0,False,1
399,53.36,4800.0,-4713.0,332.86111004444444,-2830.9811099203203,77.31945457777778,False,1
400,53.54,4962.0,-4682.0,331.86111146666667,-2814.426922534586,86.81944106666667,False,1
401,53.695,5094.208279419758,-4653.078850099661,331.0,-2800.185832935492,95.0,False,1
402,53.86,5247.0,-4613.0,331.0,-2785.011114338377,96.87499927272728,False,1
403,54.08,5494.0,-4539.0,331.0,-2764.7792787483386,99.37500218181818,False,1
404,54.135,5540.886474521218,-4524.411254772646,331.0,-2759.7302773799365,100.0,False,1
405,54.335,5667.670434608651,-4483.132023659596,330.0,-2741.396944046603,100.0,False,1
406,54.36,5686.0,-4477.0,330.0,-2739.106333740063,100.0,False,1
407,54.58,5878.0,-4412.0,330.0,-2718.9512162215487,100.0,False,1
408,54.735,6009.655417315848,-4367.008248282792,330.0,-2704.7302773799365,100.0,False,1
409,54.82,6086.0,-4341.0,330.35564817254607,-2696.9193760262287,100.0,False,1
410,54.974,6241.814890565532,-4288.309538884999,331.0,-2682.7555551577148,100.0,False,1
411,55.12,6400.0,-4235.0,331.0,-2669.3308141983166,100.0,False,1
412,55.254,6545.717911197864,-4185.860063582503,331.0,-2657.01111071327,100.0,False,1
413,55.414,6707.8727752621735,-4130.907505023145,331.0,-2642.2999996021586,100.0,False,1
414,55.44,6731.0,-4123.0,331.0,-2639.908917058327,100.0,False,1
415,55.734,6931.550304870925,-4052.9792670256465,331.0,-2612.877777379936,100.0,False,1
416,55.88,7011.0,-4025.0,331.0,-2599.483412064051,100.0,False,1
417,55.974,7060.051418691856,-4007.87856083126,331.0,-2590.81111071327,100.0,False,1
418,56.1,7152.0,-3974.0,333.62499733333334,-2579.0736657910684,100.0,False,1
419,56.214,7297.096572643934,-3917.4990316772555,336.0,-2568.41111071327,100.0,False,1
420,56.32,7430.0,-3865.0,336.0,-2558.5133670119853,100.0,False,1
421,56.414,7504.672197281196,-3835.225755509999,336.0,-2549.744444046603,100.0,False,1
422,56.614,7584.742093174096,-3800.799185461223,336.0,-2531.077777379937,100.0,False,1
423,56.7,7670.0,-3763.0,335.6928576,-2523.0131114852393,100.0,False,1
424,56.86,7909.0,-3657.0,335.1214290285714,-2508.1088476320288,100.0,False,1
425,56.894,7951.175286448218,-3638.214947102941,335.0,-2505.022221824381,100.0,False,1
426,57.254,8138.769400620326,-3551.4274770117763,312.0,-2473.8222218243814,1.0,True,1
427,57.361,8217.0,-3514.0,308.17856914285716,-2464.6621072273633,0.6178569142857143,True,1
428,57.534,8399.722451231815,-3427.098115106412,302.0,-2450.3333329354923,0.0,True,1
429,57.561,8423.0,-3416.0,298.29905591009214,-2448.2289703625493,0.0,True,1
430,57.821,8545.0,-3357.0,262.66041952108054,-2429.6192569773034,0.0,True,1
431,57.855,8562.54138183607,-3348.471037905364,258.0,-2427.3283329354927,0.0,True,1
432,58.101,8721.0,-3271.0,239.5499904,-2411.5041028110413,0.0,True,1
433,58.281,8823.0,-3219.0,226.0499904,-2400.6502893486213,0.0,True,1
434,58.295,8830.594526023217,-3215.0393031478457,225.0,-2399.828332935492,0.0,True,1
435,58.441,8908.0,-3174.0,213.52856137142857,-2391.4474987717626,0.0,True,1
436,58.575,8975.077266453049,-3137.5790129371994,203.0,-2384.0394440466034,0.0,True,1
437,58.641,9007.0,-3120.0,199.03999232,-2380.4831117622507,0.0,True,1
438,58.775,9069.990893323475,-3084.875767726852,191.0,-2373.4283329354926,0.0,True,1
439,58.961,9154.0,-3037.0,182.62999424,-2363.9946054070583,0.0,True,1
440,58.975,9160.199426692434,-3033.4149529525557,182.0,-2363.3172218243812,0.0,True,1
441,59.14,9232.0,-2991.0,168.93750506666666,-2355.736136507278,0.0,True,1
442,59.215,9263.902549258097,-2971.1627517032402,163.0,-2352.4505551577145,0.0,True,1
443,59.34,9315.0,-2938.0,157.27083626666666,-2347.1217084780656,0.0,True,1
444,59.455,9358.016154463128,-2908.706937893595,152.0,-2342.3172218243812,0.0,True,1
445,59.615,9414.238823361055,-2867.368838677523,147.0,-2335.783888491048,0.0,True,1
446,59.62,9416.0,-2866.0,146.60000512,-2335.5896390509492,0.0,True,1
447,59.815,9485.022651051733,-2808.848089325536,131.0,-2328.50611071327,0.0,True,1
448,60.0,9539.0,-2758.0,124.0624928,-2322.194564903096,0.0,True,1
449,60.055,9550.723807461212,-2745.3314075586136,122.0,-2320.372777379937,0.0,True,1
450,60.16,9570.0,-2722.0,118.32499328,-2316.96129238998,0.0,True,1
451,60.255,9588.085564035746,-2697.9467687294355,115.0,-2313.9838884910478,0.0,True,1
452,60.32,9600.0,-2681.0,112.5624928,-2312.0234121576473,0.0,True,1
453,60.575,9637.960050108744,-2617.8879127229275,103.0,-2304.828332935492,0.0,True,1
454,60.6,9641.0,-2612.0,101.9062416,-2304.1492718258364,0.0,True,1
455,60.735,9655.550355234827,-2580.0923130645406,96.0,-2300.561666268826,0.0,True,1
456,60.78,9660.0,-2567.0,94.8750016,-2299.4023403903625,0.0,True,1
457,60.935,9674.104279361234,-2509.1019801699435,91.0,-2295.50611071327,0.0,True,1
458,61.0,9678.0,-2487.0,90.53571291428571,-2293.8761712994014,0.0,True,1
459,61.215,9678.6375133932,-2443.886881087129,89.0,-2288.5838884910477,0.0,True,1
460,61.44,9664.0,-2412.0,83.3749952,-2283.5320457412777,1.8750016,True,1
461,61.56,9652.0,-2386.0,80.3749952,-2280.9127798239574,2.8750016,True,1
462,61.575,9650.33114055889,-2382.7925072242824,80.0,-2280.5838884910477,3.0,False,1
463,61.84,9617.0,-2333.0,80.0,-2274.7008533151857,21.99642517644727,False,1
464,61.854,9615.236688154246,-2330.6922856823985,80.0,-2274.383888491048,23.0,False,1
465,62.02,9591.0,-2302.0,82.0749984,-2270.5715865414036,29.2249952,False,1
466,62.094,9573.189570506418,-2283.710023861881,83.0,-2268.8505551577146,32.0,False,1
467,62.28,9523.0,-2235.0,84.55000106666667,-2264.4776162823327,35.87500266666667,False,1
468,62.334,9514.564408139788,-2226.9868290277536,85.0,-2263.183888491048,37.0,False,1
469,62.574,9494.196657481254,-2210.1680903248885,89.0,-2257.2505551577146,42.0,False,1
470,62.6,9489.0,-2206.0,89.5571456,-2256.585053763426,42.7428608,False,1
471,62.854,9409.808665744564,-2141.760936783967,95.0,-2249.8616662688255,50.0,False,1
472,62.88,9404.0,-2137.0,95.54166933333333,-2249.1569442038017,51.08333866666667,False,1
473,63.094,9383.390246574398,-2119.5641546801644,100.0,-2243.194999602159,60.0,False,1
474,63.14,9378.0,-2115.0,101.53332906666667,-2241.8478911481334,60.38333226666666,False,1
475,63.334,9337.605514428727,-2080.9761368019786,108.0,-2235.9949996021587,62.0,False,1
476,63.4,9321.0,-2066.0,108.0,-2234.019993283624,62.55000106666667,False,1
477,63.574,9275.443908524783,-2021.1646070724435,108.0,-2228.794999602159,64.0,False,1
478,63.721,9240.0,-1982.0,111.6750016,-2224.2175412161114,8.874975999999998,False,1
479,63.734,9237.19185478494,-1978.6609354418633,112.0,-2223.817221824381,4.0,True,1
480,64.054,9183.72491191633,-1902.723990024099,106.0,-2214.3949996021584,0.0,True,1
481,64.141,9173.0,-1884.0,104.81632548808352,-2211.9215132653585,0.0,True,1
482,64.381,9149.0,-1832.0,101.55101889175785,-2205.2471111644923,0.0,True,1
483,64.495,9138.25845589209,-1799.1055138446948,100.0,-2202.1449996021584,0.0,False,1
484,64.721,9122.0,-1722.0,97.1749984,-2196.1112163026896,0.0,False,1
485,64.815,9120.16190025814,-1689.9308385261866,96.0,-2193.611666268825,0.0,False,1
486,65.095,9127.213708584126,-1605.49399913063,96.0,-2186.1449996021584,32.0,False,1
487,65.121,9128.0,-1600.0,95.9071424,-2185.454241281553,29.67856,False,1
488,65.375,9136.25948261467,-1564.5567754953602,95.0,-2178.756110713269,7.0,False,1
489,65.441,9140.0,-1553.0,94.33999872,-2177.0379795353538,4.68999552,False,1
490,65.575,9150.619527947216,-1521.1156702242006,93.0,-2173.5894440466027,0.0,False,1
491,65.68,9161.0,-1494.0,92.21249856,-2170.93745538763,0.0,False,1
492,65.975,9194.476139386956,-1431.1155574461745,90.0,-2163.5894440466027,0.0,False,1
493,66.0,9197.0,-1427.0,90.13888995555556,-2162.9581894417474,3.125024,False,1
494,66.16,9213.0,-1403.0,91.02777884444444,-2158.876950065795,23.125024,False,1
495,66.32,9238.0,-1371.0,91.91666773333333,-2154.7731187122895,43.125023999999996,False,1
496,66.335,9240.483479625686,-1368.0256204094576,92.0,-2154.389444046603,45.0,False,1
497,66.48,9265.0,-1341.0,92.0,-2150.6872938831943,12.374956800000001,False,1
498,66.535,9275.147083018976,-1331.2768035051165,92.0,-2149.2783329354916,0.0,False,1
499,66.74,9316.0,-1298.0,92.73214262857142,-2143.98512509742,29.28570514285714,False,1
500,66.815,9330.820890708994,-1287.5471932114021,93.0,-2142.044999602158,40.0,False,1
501,67.02,9378.0,-1261.0,93.73214262857142,-2136.734138182741,50.98213942857143,False,1
502,67.095,9402.473267603571,-1250.1882240083407,94.0,-2134.733888491047,55.0,False,1
503,67.2,9438.0,-1236.0,97.9375072,-2131.8516944864896,55.6562512,False,1
504,67.255,9453.700972330045,-1230.310713190926,100.0,-2130.2894440466025,56.0,False,1
505,67.58,9526.0,-1214.0,109.027776,-2120.3686329713933,61.4166656,False,1
506,67.615,9535.840600937849,-1212.5478957847913,110.0,-2119.2894440466025,62.0,False,1
507,67.76,9581.0,-1207.0,110.4531256,-2114.857939522309,65.1718792,False,1
508,67.92,9631.0,-1204.0,110.9531256,-2109.900956238993,68.6718792,False,1
509,67.935,9635.782267513028,-1203.8121711050812,111.0,-2109.4227773799357,69.0,False,1
510,68.095,9688.323572884703,-1202.4627288999463,118.0,-2104.178332935491,73.0,False,1
511,68.26,9744.0,-1202.0,122.1249984,-2098.53657780384,76.29999872,False,1
512,68.295,9755.843778385793,-1201.9867359513084,123.0,-2097.3449996021577,77.0,False,1
513,68.46,9812.0,-1202.0,123.0,-2091.7583603749704,77.82914514037543,False,1
514,68.494,9823.700197891701,-1201.8935365703517,123.0,-2090.545832935491,78.0,False,1
515,68.66,9886.0,-1200.0,134.06665813333333,-2084.1836957731803,75.9250016,False,1
516,68.734,9921.225770359775,-1197.6888827260207,139.0,-2081.2791662688246,75.0,False,1
517,68.88,9992.0,-1191.0,139.0,-2075.6159140185327,54.31664853333333,False,1
518,68.974,10023.402243109738,-1186.0393991043934,139.0,-2072.0124996021577,41.0,False,1
519,69.14,10065.0,-1174.0,136.9250016,-2065.7236346127834,22.3250144,False,1
520,69.214,10086.955250023559,-1165.994917583971,136.0,-2062.945832935491,14.0,False,1
521,69.36,10135.0,-1146.0,134.1749984,-2057.508119326056,20.3875056,False,1
522,69.374,10139.687194746388,-1143.8634811274183,134.0,-2056.990277379936,21.0,False,1
523,69.56,10201.0,-1113.0,131.6749984,-2050.1768481503864,8.7937416,False,1
524,69.694,10239.15142183678,-1090.622792811827,130.0,-2045.4347218243802,0.0,True,1
525,69.84,10284.0,-1056.0,124.5249952,-2040.493335469465,0.0,True,1
526,70.014,10354.287345179668,-987.5656497175929,118.0,-2034.9458329354916,0.0,True,1
527,70.08,10378.0,-962.0,115.1124944,-2032.9501998193132,0.0,True,1
528,70.334,10433.238128028126,-888.7828293303609,104.0,-2025.701388491047,0.0,True,1
529,70.441,10447.0,-867.0,101.3249984,-2022.7404330085046,0.0,True,1
530,70.534,10456.634742531065,-851.5716238607394,99.0,-2020.201388491047,0.0,True,1
531,70.841,10482.0,-808.0,93.88333226666667,-2012.1575808024468,0.0,True,1
532,70.894,10487.80659137023,-797.326389392403,93.0,-2010.9013884910469,0.0,True,1
533,71.001,10500.0,-774.0,87.07201756401419,-2008.5207285667711,0.0,True,1
534,71.241,10521.0,-726.0,73.77561631479071,-2003.8342216481556,0.0,True,1
535,71.255,10522.068750212316,-723.2810825426957,73.0,-2003.5811107132695,0.0,True,1
536,71.535,10540.673555424306,-671.0171437636452,60.0,-1998.914444046603,0.0,True,1
537,71.541,10541.0,-670.0,59.90454341818182,-1998.8205828308155,0.23182312727272725,True,1
538,71.621,10545.0,-657.0,58.63181614545454,-1997.5897515433926,3.3227322181818177,True,1
539,71.821,10552.0,-628.0,55.44999796363636,-1994.6654994853757,11.050004945454544,True,1
540,71.975,10557.23133926607,-601.2179176454435,53.0,-1992.4366662688253,17.0,False,1
541,72.175,10562.888695266305,-566.8354521374246,53.0,-1989.492221824381,12.0,False,1
542,72.181,10563.0,-566.0,53.0750016,-1989.401685703584,12.500010666666666,False,1
543,72.415,10564.96201464441,-539.2365981758046,56.0,-1985.7588884910474,32.0,False,1
544,72.44,10565.0,-536.0,56.1785728,-1985.3596086722923,32.0,False,1
545,72.68,10563.0,-499.0,57.89285851428571,-1981.4860631114498,32.0,False,1
546,72.695,10562.560313706974,-496.78321266327526,58.0,-1981.2477773799365,32.0,True,1
547,72.84,10556.0,-477.0,57.0937488,-1978.9826145126385,17.4999808,True,1
548,73.015,10542.814445298953,-456.3563619554911,56.0,-1976.2699996021584,0.0,False,1
549,73.18,10522.0,-438.0,56.82499968,-1973.6494549478475,10.72499584,False,1
550,73.4,10480.0,-413.0,57.92500096,-1970.0721725457593,25.02501248,False,1
551,73.415,10477.07052646681,-411.39921368751766,58.0,-1969.825555157714,26.0,False,1
552,73.575,10446.871643346083,-395.5226179913929,60.0,-1967.1588884910475,26.0,False,1
553,73.735,10420.239661187461,-379.5492704818659,63.0,-1964.3588884910478,35.0,False,1
554,73.82,10409.0,-369.0,64.27499904,-1962.8314012824558,38.39999744,False,1
555,73.935,10397.081551615573,-352.3432132635942,66.0,-1960.6922218243812,43.0,False,1
556,74.2,10382.0,-310.0,71.7968792,-1955.3267964079446,48.7968792,False,1
557,74.255,10380.469376092826,-302.33638996471433,73.0,-1954.2033329354927,50.0,False,1
558,74.655,10384.862009597233,-241.47267492131246,72.0,-1946.2033329354927,29.0,False,1
559,74.68,10386.0,-235.0,72.12500096,-1945.7016587884568,30.50001152,False,1
560,74.855,10395.74367278777,-183.28966486121848,73.0,-1942.147777379937,41.0,False,1
561,74.86,10396.0,-182.0,73.08333226666667,-1942.0441829663132,41.20833066666667,False,1
562,75.095,10404.956664184312,-141.94245071268426,77.0,-1937.0144440466038,51.0,False,1
563,75.22,10410.0,-122.0,79.50626397894513,-1934.1894809380924,52.879697984208846,False,1
564,75.44,10422.0,-74.0,83.91729597316557,-1928.9416602341407,56.18797197987417,False,1
565,75.494,10425.167270883085,-61.29809667180205,85.0,-1927.5936107132702,57.0,False,1
566,75.64,10434.0,-27.0,89.38000384,-1923.8287718496385,61.38000384,False,1
567,75.894,10451.70182904063,32.2407466567512,97.0,-1916.8158329354924,69.0,False,1
568,75.92,10454.0,40.0,97.6500032,-1916.0601236911239,68.42221937777778,False,1
569,76.1,10472.0,101.0,102.1499968,-1910.6441541928184,64.42222506666667,False,1
570,76.254,10486.453203381889,143.2582075328915,106.0,-1906.2158329354925,61.0,True,1
571,76.3,10492.0,158.0,103.93000576,-1904.9851858150778,53.98501952,True,1
572,76.5,10523.0,238.0,94.93000576,-1900.1009041888433,23.48501952,True,1
573,76.654,10539.826942600133,286.0975824107537,88.0,-1896.438055157715,0.0,True,1
574,76.814,10548.839948795594,318.9519879094909,87.0,-1892.5713884910483,0.0,True,1
575,76.961,10554.0,341.0,82.8656232,-1889.2588353913147,0.0,True,1
576,77.134,10557.183217471262,359.0872719628577,78.0,-1885.638055157715,0.0,True,1
577,77.221,10558.0,370.0,75.46249813333333,-1883.892838826178,0.0,True,1
578,77.374,10558.573063318687,397.33125389565146,71.0,-1880.9047218243818,0.0,True,1
579,77.541,10555.0,431.0,69.95950095142697,-1877.6714385591954,0.0,True,1
580,77.695,10544.99322547962,457.65656065364857,69.0,-1874.7522218243816,0.0,False,1
581,77.741,10541.0,465.0,68.30999808,-1873.8986431377252,0.92000256,False,1
582,77.861,10529.0,483.0,66.50999808,-1871.7043274573484,3.3200025600000003,False,1
583,77.895,10525.466274387678,487.7543378869196,66.0,-1871.0855551577151,4.0,False,1
584,78.095,10501.413937814674,514.2230784118026,65.0,-1867.4744440466038,0.0,False,1
585,78.121,10497.0,518.0,64.86999936,-1867.0135819432849,2.34001152,False,1
586,78.361,10447.0,554.0,63.66999936,-1862.8545403755488,23.94001152,False,1
587,78.495,10429.268407958341,565.2293731382599,63.0,-1860.4744440466038,36.0,False,1
588,78.701,10408.0,576.0,66.67857371428572,-1856.6276781684373,36.73571474285714,False,1
589,78.775,10396.212449586821,581.7836981711165,68.0,-1855.185555157715,37.0,False,1
590,78.86,10381.0,589.0,70.656248,-1853.4879448763754,43.3749952,False,1
591,78.935,10367.285957749002,595.0953984496257,73.0,-1851.9411107132705,49.0,False,1
592,79.12,10332.0,609.0,77.6250048,-1847.8901148024665,54.285719771428575,False,1
593,79.215,10312.785612203406,615.4895094781273,80.0,-1845.7188884910483,57.0,False,1
594,79.3,10295.0,621.0,81.65277653333334,-1843.738604181809,57.94444373333334,False,1
595,79.5,10251.0,633.0,85.54166542222222,-1838.9153332772844,60.16666595555556,False,1
596,79.575,10233.569126449442,636.9762563380642,87.0,-1837.0188884910485,61.0,False,1
597,79.8,10179.0,647.0,96.375008,-1830.9805004450486,66.6250048,False,1
598,79.815,10175.32268514698,647.5639748757272,97.0,-1830.5522218243818,67.0,False,1
599,79.88,10158.0,650.0,99.60000768,-1828.654355703301,69.11250624,False,1
600,80.16,10036.0,663.0,110.80000768000001,-1819.8071357374497,78.21250624,False,1
601,80.215,10020.61431619653,664.3637002887926,113.0,-1817.9966662688262,80.0,False,1
602,80.455,9985.111790175693,665.7833993783343,122.0,-1809.863332935493,85.0,False,1
603,80.48,9979.0,666.0,122.892864,-1808.9878756387984,85.8035776,False,1
604,80.7,9900.0,669.0,130.7499977142857,-1800.960439607502,92.87499794285715,False,1
605,80.735,9886.449770905261,669.3752169824849,132.0,-1799.596666268826,94.0,False,1
606,80.94,9809.0,671.0,146.5208288,-1791.1356235635794,99.1249984,False,1
607,80.975,9796.28259963117,671.3728612446077,149.0,-1789.6633329354931,100.0,False,1
608,81.16,9721.0,674.0,153.6250048,-1781.7782873176193,100.0,False,1
609,81.175,9712.835588583745,674.2543414336722,154.0,-1781.1077773799375,100.0,False,1
610,81.455,9522.724706018404,679.5829598279288,173.0,-1767.6522218243817,100.0,False,1
611,81.48,9509.0,680.0,173.83333973333333,-1766.4134200833987,100.0,False,1
612,81.695,9428.808485288677,682.9149562805571,181.0,-1755.5855551577151,100.0,False,1
613,81.78,9398.0,684.0,185.81131519544545,-1751.1519463371073,100.0,False,1
614,81.854,9366.557352030095,684.9883206319382,190.0,-1747.1938884910483,100.0,False,1
615,82.1,9228.0,689.0,197.43124613333333,-1733.259565520205,100.0,False,1
616,82.32,9069.0,694.0,204.0770872,-1719.7867079695502,100.0,False,1
617,82.6,8940.0,698.0,212.53542053333334,-1702.0996524698699,100.0,False,1
618,82.814,8810.755283206434,701.8838256087681,219.0,-1688.7938884910486,100.0,False,1
619,82.82,8807.0,702.0,219.0749984,-1688.4235090876768,100.0,False,1
620,83.054,8662.980193426765,706.5339795235049,222.0,-1673.993888491048,100.0,False,1
621,83.08,8647.0,707.0,222.78000384,-1672.3680287438447,100.0,False,1
622,83.254,8539.3627716598,709.8860311378892,228.0,-1661.327221824381,100.0,False,1
623,83.261,8535.0,710.0,228.1750016,-1660.877675647302,100.0,False,1
624,83.501,8383.0,714.0,234.1750016,-1645.2161662152616,100.0,False,1
625,83.574,8335.172682218104,715.2968797436745,236.0,-1640.3494440466038,100.0,False,1
626,83.781,8198.0,719.0,243.7625024,-1626.28764095394,100.0,False,1
627,83.814,8176.61364602364,719.5441701811736,245.0,-1624.0161107132708,100.0,False,1
628,83.841,8158.0,720.0,245.52354704018563,-1622.1520916639975,100.0,False,1
629,84.175,7829.145884581254,726.890065548603,252.0,-1598.7461107132704,100.0,False,1
630,84.181,7824.0,727.0,252.1500032,-1598.3217479914829,100.0,False,1
631,84.335,7715.4233087639195,729.4484050939374,256.0,-1587.3683329354926,100.0,False,1
632,84.541,7607.0,732.0,262.0083370666667,-1572.3537039151588,100.0,False,1
633,84.575,7588.463938916543,732.3968216704169,263.0,-1569.8349996021584,100.0,False,1
634,84.815,7450.587832552044,735.0645125943757,271.0,-1551.7683329354923,100.0,False,1
635,84.961,7353.0,737.0,274.6500032,-1540.6028563933614,100.0,False,1
636,85.015,7313.461733634334,737.8211238172629,276.0,-1536.4349996021588,100.0,False,1
637,85.201,7169.0,741.0,279.61666915555554,-1521.9026261867002,100.0,False,1
638,85.361,7044.0,744.0,282.7277802666667,-1509.2464045904503,100.0,False,1
639,85.375,7031.990759077156,744.2804088469006,283.0,-1508.1349996021586,100.0,False,1
640,85.735,6648.534540992607,752.5103565953111,288.0,-1479.3349996021589,100.0,False,1
641,85.975,6432.438758532506,756.9301313556183,292.0,-1459.8683329354926,100.0,False,1
642,85.98,6429.0,757.0,292.156248,-1459.4587966683766,100.0,False,1
643,86.135,6343.921323619706,758.7163352849436,297.0,-1446.668332935492,100.0,False,1
644,86.32,6247.0,761.0,300.30357485714285,-1431.1657610017046,100.0,False,1
645,86.415,6174.5252072782905,762.950968120795,302.0,-1423.1794440466028,100.0,False,1
646,86.575,6033.318081124983,766.8809764833939,302.0,-1409.7572218243808,100.0,False,1
647,86.58,6029.0,767.0,302.0,-1409.3378860033918,100.0,False,1
648,86.84,5812.0,773.0,302.0,-1387.526718800446,100.0,False,1
649,86.855,5799.4736221230905,773.3653324827736,302.0,-1386.2683329354918,100.0,False,1
650,86.92,5745.0,775.0,302.0,-1380.8153168546696,100.0,False,1
651,87.26,5460.0,785.0,302.0,-1352.293321642866,100.0,False,1
652,87.295,5430.759238619027,786.0467371738783,302.0,-1349.3572218243808,100.0,True,1
653,87.455,5297.182782197968,790.8451875191981,302.0,-1335.9349996021588,104.0,True,1
654,87.46,5293.0,791.0,302.0,-1335.5155614907899,103.8750016,True,1
655,87.615,5163.178025553963,795.8515738221132,302.0,-1322.5127773799368,100.0,True,1
656,87.62,5159.0,796.0,302.0,-1322.0933308954013,100.0,True,1
657,87.76,5042.0,800.0,302.0,-1310.348764012671,100.0,True,1
658,87.775,5029.349876465769,800.4544328712432,302.0,-1309.0905551577134,100.0,True,1
659,87.98,4857.0,807.0,302.0,-1291.8963938468883,100.0,True,1
660,88.055,4797.8737770197795,809.0258223446326,302.0,-1285.6016662688244,100.0,True,1
661,88.16,4707.0,812.0,302.0,-1276.7826135009186,100.0,True,1
662,88.295,4548.069755154023,817.4089969293037,302.0,-1265.4683329354912,100.0,True,1
663,88.48,4322.0,825.0,302.0,-1250.0271371614617,100.0,True,1
664,88.535,4272.7664771911,826.5098865391763,302.0,-1245.334999602158,100.0,True,1
665,88.934,4043.0063988155116,834.7127129649562,322.0,-1209.6466662688244,104.0,True,1
666,88.94,4038.0,835.0,322.0,-1209.1073869783677,103.90000213333333,True,1
667,88.98,4003.0,837.0,322.0,-1205.5169365300517,103.23333546666667,True,1
668,89.174,3829.3946316357674,842.2907385755863,322.0,-1188.1799996021573,100.0,True,1
669,89.2,3806.0,843.0,322.0,-1185.8568605204046,100.0,True,1
670,89.334,3685.429913782027,847.7123368279866,322.0,-1173.8688884910462,100.0,True,1
671,89.4,3628.0,850.0,322.4125008,-1167.9450074247943,100.0,True,1
672,89.6,3448.0,856.0,323.6625008,-1149.9314111843923,100.0,True,1
673,89.654,3381.8443383054064,858.2213913490476,324.0,-1145.068888491047,100.0,False,1
674,89.814,3149.112327489077,866.2630247439041,324.0,-1130.6688884910473,100.0,False,1
675,89.881,3071.0,869.0,324.16750016,-1124.6308568091654,100.0,False,1
676,90.214,2885.9119960315475,875.8017097133207,325.0,-1094.557777379936,100.0,False,1
677,90.261,2854.0,877.0,325.0,-1090.3134049963664,100.0,False,1
678,90.441,2692.0,883.0,325.0,-1074.0636125178899,100.0,False,1
679,90.614,2536.1289465007953,888.5288390517119,325.0,-1058.4466662688246,100.0,False,1
680,90.661,2494.0,890.0,325.0,-1054.203355460967,100.0,False,1
681,90.975,2210.250946928664,899.8193507214472,325.0,-1025.8563884910482,100.0,True,1
682,90.981,2205.0,900.0,325.0,-1025.3149974680555,100.0,True,1
683,91.081,2115.0,903.0,325.0,-1016.2940238151805,100.0,True,1
684,91.255,1897.9706904662232,908.7221444928721,325.0,-1000.5786107132699,100.0,False,1
685,91.381,1755.0,912.0,325.7000007111111,-989.1528451974082,100.0,False,1
686,91.615,1625.518097631343,914.1746584345076,327.0,-967.8786107132701,100.0,False,1
687,91.741,1519.0,916.0,327.0,-956.4334445917666,100.0,False,1
688,91.815,1420.6572459548324,917.8821758838674,327.0,-949.7119440466031,100.0,False,1
689,91.961,1210.0,922.0,327.0,-936.4472059125101,100.0,False,1
690,92.015,1158.030878500225,922.9593991565487,327.0,-931.5452773799361,100.0,False,1
691,92.28,1029.0,925.0,326.0535707428571,-907.5455197727924,100.0,False,1
692,92.295,1019.2547673192091,925.1791187605878,326.0,-906.1897218243803,100.0,False,1
693,92.62,722.0,931.0,325.18750016,-876.8591700495354,100.0,False,1
694,92.68,667.0,932.0,325.03749952,-871.4354701244756,100.0,False,1
695,92.695,653.6511888423785,932.2562357969229,325.0,-870.0786107132699,100.0,False,1
696,92.94,433.0,937.0,325.5568180363636,-847.8637241698243,100.0,False,1
697,93.135,177.18253567388592,941.2625923072297,326.0,-830.2341662688241,100.0,False,1
698,93.22,71.0,943.0,325.0892864,-822.5920227783708,100.0,False,1
699,93.415,-116.58158795005862,946.3776045485728,323.0,-805.1119440466018,100.0,False,1
700,93.655,-283.6412364678974,949.9252249043267,323.0,-783.578610713269,100.0,False,1
701,93.66,-287.0,950.0,322.9791669333333,-783.1311733394368,100.0,False,1
702,93.895,-442.0309306398152,953.5348678106819,322.0,-762.1119440466027,100.0,False,1
703,94.0,-520.0,955.0,322.0,-752.6258005123091,100.0,False,1
704,94.135,-634.881355873311,956.8950585452227,322.0,-740.6452773799356,100.0,False,1
705,94.2,-700.0,959.0,316.7187344,-735.1255166843293,79.68744,False,1
706,94.455,-998.9524724952405,976.4049616598184,296.0,-714.3341662688254,0.0,True,1
707,94.48,-1022.0,978.0,296.0,-712.260612438421,0.0,True,1
708,94.735,-1164.895000076242,990.1700586635787,296.0,-691.3119440466035,0.0,True,1
709,94.8,-1202.0,994.0,284.3541322666667,-686.5160043397673,0.0,True,1
710,94.975,-1327.555036535918,1007.1775559654795,253.0,-674.4452773799376,0.0,True,1
711,95.0,-1345.0,1009.0,253.0,-672.7142593365679,0.0,True,1
712,95.215,-1483.080070010499,1023.1589091602236,253.0,-657.5786107132699,0.0,True,1
713,95.28,-1541.0,1029.0,253.0,-652.904835926347,0.0,True,1
714,95.454,-1738.1973808617415,1048.751237645451,253.0,-640.7822218243818,0.0,True,1
715,95.48,-1761.0,1051.0,248.35712,-639.1480059715641,0.0,True,1
716,95.734,-1842.2374048837034,1058.2668416333247,203.0,-624.9933329354926,0.0,True,1
717,95.8,-1862.0,1060.0,203.0,-621.3198358175896,0.0,True,1
718,95.974,-1955.17222955172,1068.73282756984,203.0,-611.4599996021589,0.0,True,1
719,96.08,-2020.0,1074.0,203.0,-605.4693606896626,0.0,True,1
720,96.24,-2109.0,1079.0,203.0,-596.4573291812885,0.0,True,1
721,96.294,-2137.7768227483184,1080.0941401869204,203.0,-593.4155551577151,0.0,True,1
722,96.461,-2230.0,1080.0,203.0,-584.0040913612029,0.0,True,1
723,96.574,-2304.861269054757,1074.1987645435902,203.0,-577.6266662688258,0.0,True,1
724,96.761,-2425.0,1058.0,203.0,-567.0641079539382,0.0,True,1
725,96.814,-2449.2702565807795,1053.2398878777035,203.0,-564.093332935493,0.0,True,1
726,97.014,-2514.6786108302304,1030.2020174699344,203.0,-552.8155551577147,0.0,True,1
727,97.021,-2517.0,1029.0,203.0,-552.4017293475927,0.0,True,1
728,97.254,-2600.1334935018212,970.9421430278347,203.0,-539.2822218243809,0.0,True,1
729,97.361,-2626.0,931.0,135.2111126305044,-536.0760681855882,0.0,True,1
730,97.415,-2633.620326503187,907.4308977919619,101.0,-534.7652773799364,0.0,True,1
731,97.541,-2641.0,852.0,98.37499733333334,-531.6486778614781,0.0,True,1
732,97.895,-2634.1676874430173,781.9782219081617,91.0,-522.6319440466032,0.0,True,1
733,97.941,-2631.0,773.0,91.0,-521.4637935634992,0.0,True,1
734,98.121,-2614.0,730.0,91.0,-516.9112294688939,0.0,True,1
735,98.215,-2601.948286114226,707.0366281134194,91.0,-514.5430551577138,0.0,True,1
736,98.455,-2561.092104124843,650.4177954152752,91.0,-508.47638849104715,0.0,True,1
737,98.655,-2517.5560171036686,606.2182587983829,91.0,-503.4208329354915,0.0,True,1
738,98.895,-2476.7536002684915,567.9343130509725,69.0,-498.82083293549204,0.0,True,1
739,99.04,-2461.0,554.0,66.09999616,-496.3024837598159,0.0,True,1
740,99.295,-2444.4611011226652,541.7795573391211,61.0,-492.04305515771375,0.0,True,1
741,99.32,-2442.0,540.0,60.79166506666667,-491.63258728293204,0.0,True,1
742,99.52,-2415.0,520.0,59.1249984,-488.39212456103996,0.0,True,1
743,99.655,-2397.403202690969,506.9168237690884,58.0,-486.24305515771357,0.0,False,1
744,99.72,-2389.0,501.0,58.0,-485.2184015549965,8.125024,False,1
745,99.975,-2353.7163749410292,479.14847094217276,58.0,-481.08749960215846,40.0,False,1
746,100.0,-2350.0,477.0,59.2500096,-480.6462673211663,41.562512,False,1
747,100.135,-2329.046832734671,465.20849834386985,66.0,-478.15416626882507,50.0,False,1
748,100.16,-2325.0,463.0,66.6250048,-477.67977251836146,50.50000384,False,1
749,100.335,-2295.2062369656805,447.3686980810282,71.0,-474.2097218243807,54.0,False,1
750,100.48,-2269.0,434.0,75.22917226666667,-470.98677337381196,56.416669866666666,False,1
751,100.74,-2220.0,408.0,82.81249813333334,-464.6586832024677,60.74999893333333,False,1
752,100.815,-2205.9808220106042,399.328302126353,85.0,-462.8763884910477,62.0,False,1
753,100.92,-2186.0,386.0,85.0,-460.4268390076186,71.1875168,False,1
754,100.975,-2175.0328386086717,378.40757459231617,85.0,-459.0986107132703,76.0,False,1
755,101.0,-2170.0,375.0,85.87500672,-458.47479427112376,75.56249664,False,1
756,101.18,-2133.0,352.0,92.17499776,-453.61338066177814,72.41250112,False,1
757,101.375,-2087.726864712035,322.5955086059076,99.0,-448.0986107132703,69.0,False,1
758,101.52,-2054.0,301.0,99.0,-444.1009277551502,69.0,False,1
759,101.615,-2032.2931957090204,287.7899476444701,99.0,-441.49861071327086,69.0,False,1
760,101.62,-2031.0,287.0,99.0,-441.3615300714455,69.0,False,1
761,101.815,-1964.2034908590538,245.45528996200966,99.0,-435.99861071327086,69.0,False,1
762,101.96,-1913.0,214.0,99.0,-431.98168250098934,69.0,False,1
763,102.015,-1896.6336581088158,204.2515859596281,99.0,-430.49861071327086,69.0,False,1
764,102.214,-1850.8815364990528,178.7325899282767,99.0,-425.026110713271,85.0,False,1
765,102.4,-1805.0,158.0,125.50501824,-417.72307982205984,89.6500032,False,1
766,102.614,-1733.357562727789,130.63650974034204,156.0,-407.69277737993707,95.0,False,1
767,102.78,-1666.0,111.0,163.7071369142857,-399.92642006967526,95.59285668571428,False,1
768,102.894,-1614.6439849667095,100.02692419205117,169.0,-394.5483329354929,96.0,False,1
769,103.001,-1565.0,92.0,170.52857234285713,-389.43747130637075,94.47142765714285,False,1
770,103.161,-1491.0,86.0,172.81428662857144,-381.7205090954021,92.18571337142858,False,1
771,103.174,-1484.7534389389245,86.08921412385062,173.0,-381.0927773799376,92.0,False,1
772,103.401,-1370.0,101.0,173.0,-370.1363470628703,94.1281256,False,1
773,103.494,-1322.5539645517658,110.84873512825,173.0,-365.7149996021599,95.0,False,1
774,103.561,-1289.0,119.0,173.0,-362.56855616072244,95.75963802407445,False,1
775,103.661,-1240.0,133.0,173.0,-357.9328727749926,96.89342503668753,False,1
776,103.901,-1116.0,178.0,173.0,-346.33033569585587,99.61451386695893,False,1
777,103.935,-1098.1297993631222,185.47211921072233,173.0,-344.52249960215977,100.0,False,1
778,104.081,-1021.0,220.0,189.22223644444443,-336.2709378374502,100.0,False,1
779,104.295,-906.0516582436894,275.1082991362543,213.0,-323.2224996021596,100.0,False,1
780,104.401,-848.0,303.0,216.37273134545455,-316.6209929458155,100.0,False,1
781,104.681,-691.0,377.0,225.28182225454546,-298.89495261388765,100.0,False,1
782,104.735,-660.3370012649971,391.9004721652619,227.0,-295.47805515771506,100.0,False,1
783,104.881,-576.0,433.0,227.0,-286.2610323860872,100.0,False,1
784,104.961,-529.0,455.0,227.0,-281.22492447985314,100.0,False,1
785,104.975,-521.3442008712925,458.5436273769622,227.0,-280.34472182438185,100.0,False,1
786,105.295,-332.50115128948477,535.983909011479,227.0,-260.16694404660393,100.0,False,1
787,105.3,-327.0,538.0,227.0,-259.8459242978697,100.0,False,1
788,105.46,-234.0,564.0,227.0,-249.44206787085477,100.0,False,1
789,105.66,-988.0,236.0,227.0,-236.92659364088286,100.0,False,1
790,105.695,-1033.4957931302758,217.5869074671952,227.0,-234.9447218243822,100.0,True,1
791,105.84,-901.0,279.0,203.69639771428572,-227.41561801220905,48.21421714285714,True,1
792,105.975,-793.9886526051912,312.06777223618275,182.0,-220.7891662688262,0.0,True,1
793,106.06,-746.0,320.0,182.0,-216.5273932117925,0.0,True,1
794,106.215,-672.3100864886907,326.37903024825647,182.0,-208.65583293549207,0.0,True,1
795,106.52,-566.0,322.0,182.0,-193.23545594490133,0.0,True,1
796,106.655,-526.567279712535,321.7427633333525,182.0,-186.41138849104755,0.0,True,1
797,106.88,-462.0,323.0,182.0,-175.01527019016612,0.0,True,1
798,107.015,-416.73270560066044,323.49251996795317,182.0,-168.21138849104773,0.0,True,1
799,107.14,-375.0,324.0,182.0,-161.9558305563378,0.0,True,1
800,107.255,-340.1240470174367,324.70608133530675,182.0,-156.07805515771452,0.0,True,1
801,107.3,-326.0,325.0,182.0,-153.70740340649172,0.0,True,1
802,107.455,-271.86851336851913,325.9781327317254,182.0,-145.9669440466032,0.0,True,1
803,107.6,-221.0,327.0,142.1249472,-141.26527055907445,0.0,True,1
804,107.775,-169.095355717018,328.5333941899863,94.0,-137.61138849104736,0.0,True,1
805,107.9,-164.0,329.0,81.5000064,-135.1597424485717,0.0,True,1
806,108.015,-197.27634929587103,328.4994847439206,70.0,-132.9447218243804,0.0,True,1
807,108.14,-117.0,330.0,70.0,-130.51184438423752,0.0,True,1
808,108.255,209.03902607479174,336.07385531511017,70.0,-128.27805515771342,0.0,True,1
809,108.32,370.0,339.0,69.72916586666666,-127.02821887949358,13.541706666666666,True,1
810,108.58,419.0,339.0,68.6458336,-122.11414231704111,67.70832,True,1
811,108.64,430.0,339.0,68.39583253333333,-120.98963625965916,80.20837333333333,True,1
812,108.735,452.22386526202234,338.91784471377565,68.0,-119.21138849104682,100.0,False,1
813,108.96,512.0,339.0,68.0,-115.01053798921748,100.0,False,1
814,109.334,629.6669790277963,345.48823278866314,68.0,-107.89694404660258,100.0,False,1
815,109.44,655.0,348.0,69.3250016,-105.79801867391052,100.0,False,1
816,109.48,663.0,349.0,69.8250016,-104.99614095538163,100.0,False,1
817,109.654,697.0273015294238,355.86789097346866,72.0,-101.49694404660295,100.0,False,1
818,109.841,733.0,367.0,72.0,-97.75652090791027,100.0,False,1
819,109.894,743.0680086899382,370.65562301361894,72.0,-96.69694404660277,100.0,False,1
820,110.021,767.0,380.0,72.0,-94.15577631597353,100.0,False,1
821,110.181,797.0,392.0,72.0,-90.95392458016158,100.0,False,1
822,110.254,810.8437623580744,397.7841933122194,72.0,-89.49694404660295,100.0,False,1
823,110.381,835.0,408.0,72.0,-86.96708144845252,100.0,False,1
824,110.455,848.9116375765642,413.696780212999,72.0,-85.47694404660342,100.0,False,1
825,110.621,880.0,425.0,73.66000128,-82.06657416377038,100.0,False,1
826,110.655,886.4412503303868,426.86083299917993,74.0,-81.36583293549211,100.0,False,1
827,110.815,916.87156821529,432.8950504602309,74.0,-78.07694404660288,100.0,True,1
828,110.821,918.0,433.0,74.0,-77.95364925362264,100.0,True,1
829,110.941,941.0,433.0,74.0,-75.48700213420489,100.0,True,1
830,110.975,948.2433330818293,432.18772257611056,74.0,-74.78805515771364,100.0,True,1
831,111.215,1007.0553047361977,417.9196183197152,74.0,-69.85472182438025,100.0,False,1
832,111.301,1024.0,413.0,74.0,-68.08696192621846,100.0,False,1
833,111.415,1040.3373359600794,408.0668825572831,74.0,-65.74361071326894,100.0,False,1
834,111.541,1060.0,401.0,74.0,-63.15354133189794,100.0,False,1
835,111.575,1067.5130833367837,398.0688334220675,74.0,-62.4547218243797,100.0,False,1
836,111.775,1127.1562244882764,373.44667704843044,74.0,-58.34361071326839,100.0,False,1
837,111.86,1151.0,363.0,74.0,-56.59391417390725,100.0,False,1
838,111.975,1177.7114056942198,350.54704128539606,74.0,-54.23249960215708,100.0,False,1
839,112.295,1230.723765560052,322.26597975255225,73.0,-47.743610713268026,100.0,False,1
840,112.32,1235.0,320.0,73.0,-47.23746653368016,100.0,False,1
841,112.5,1267.0,303.0,73.0,-43.589381704362495,100.0,False,1
842,112.64,1291.0,289.0,73.0,-40.74889182324023,100.0,False,1
843,112.735,1306.4389751801368,279.7980143374076,73.0,-38.82138849104558,100.0,False,1
844,112.84,1326.0,268.0,73.0,-36.69096347480718,100.0,False,1
845,113.12,1395.0,226.0,73.0,-31.013923429293754,100.0,False,1
846,113.135,1397.458825504355,224.53947718114733,73.0,-30.71027737993427,100.0,False,1
847,113.375,1419.6263015106704,212.01377134795266,73.0,-25.84361071326748,100.0,False,1
848,113.4,1423.0,210.0,73.1562512,-25.33188320926729,100.0,False,1
849,113.535,1449.0397451598124,194.01220229700837,74.0,-22.554721824378248,100.0,False,1
850,113.695,1487.3585755719696,170.25114239425,74.0,-19.265832935489016,100.0,False,1
851,113.74,1496.0,165.0,74.0,-18.34230874259265,100.0,False,1
852,113.935,1522.0732281465614,149.85782723299985,74.0,-14.332499602155622,100.0,False,1
853,114.06,1539.0,140.0,74.62499968,-11.729999871504333,100.0,False,1
854,114.135,1551.9477779348708,132.2110141413255,75.0,-10.165832935488652,100.0,False,1
855,114.38,1606.0,99.0,75.0,-5.066858575289189,100.0,False,1
856,114.415,1614.5746744077646,93.72602270869352,75.0,-4.332499602155622,100.0,False,1
857,114.62,1663.0,64.0,75.8541664,0.0,100.0,False,2
858,114.655,1669.1607842376684,60.239157082113046,76.0,0.7341670645109843,100.0,False,2
859,114.855,1693.6615339313153,45.50004561789169,75.0,4.900833731177954,100.0,False,2
860,114.92,1703.0,40.0,75.54166826666666,6.279719780266532,100.0,False,2
861,115.08,1732.0,23.0,76.8750016,9.714096017341035,100.0,False,2
862,115.095,1734.7937452833278,21.349813498606853,77.0,10.034167064511166,100.0,False,2
863,115.3,1772.0,-1.0,76.3593752,14.36387458239551,100.0,False,2
864,115.415,1792.3289734385412,-13.594264434341861,76.0,16.78972262006664,100.0,False,2
865,115.52,1811.0,-25.0,76.23918035693043,19.01723123416741,100.0,False,2
866,115.68,1840.0,-42.0,76.60364499627954,22.434508932666176,100.0,False,2
867,115.854,1869.9765879217432,-60.38431441568803,77.0,26.17944484228883,100.0,False,2
868,116.02,1902.0,-80.0,77.82999936,29.7761009087626,100.0,False,2
869,116.054,1909.583077627798,-84.51085226161202,78.0,30.51277817562186,100.0,False,2
870,116.261,1958.0,-113.0,78.0,34.98773625120157,100.0,False,2
871,116.454,1989.3173469130077,-132.6275852836238,78.0,39.17944484228792,100.0,False,2
872,116.641,2017.0,-150.0,78.93500032,43.28283838638254,100.0,False,2
873,116.654,2019.2667068169942,-151.35627298244898,79.0,43.56833373117661,100.0,False,2
874,116.814,2049.6668383423475,-169.20798908921722,79.0,47.07944484228756,100.0,False,2
875,116.821,2051.0,-170.0,79.0,47.233014368264776,100.0,False,2
876,117.041,2092.0,-195.0,79.0,52.05947443739569,100.0,False,2
877,117.135,2110.12569023861,-206.19739274979102,79.0,54.12361150895413,100.0,False,2
878,117.221,2126.0,-216.0,79.0,56.013689981628886,100.0,False,2
879,117.415,2160.2678108952105,-236.93725758029748,79.0,60.26805595339829,100.0,False,2
880,117.441,2167.0,-241.0,78.9187496,60.834766287876846,100.0,False,2
881,117.621,2227.0,-277.0,78.3562496,64.73541420457786,100.0,False,2
882,117.735,2257.1101813740643,-294.9588351029154,78.0,67.20138928673168,100.0,False,2
883,117.935,2288.440939049042,-313.4523005882919,78.0,71.53472262006471,100.0,False,2
884,118.081,2306.0,-324.0,78.0,74.69811121630573,100.0,False,2
885,118.095,2307.597148161366,-324.97397134230715,78.0,75.00138928673096,100.0,False,2
886,118.341,2335.0,-342.0,78.0,80.33061423298113,100.0,False,2
887,118.375,2339.240088829409,-344.63866126085065,78.0,81.06805595339756,100.0,False,2
888,118.72,2382.0,-371.0,78.0,88.55170657846338,100.0,False,2
889,118.775,2385.6649529826773,-373.1723928957081,78.0,89.73472262006453,100.0,False,2
890,118.935,2398.2094937396487,-380.5262168990917,77.0,93.15694484228698,100.0,False,2
891,118.94,2399.0,-381.0,77.0,93.26377594135101,100.0,False,2
892,119.14,2447.0,-410.0,77.0,97.53890171395324,100.0,False,2
893,119.375,2498.4468150492,-441.0366635778338,77.0,102.56805595339847,100.0,False,2
894,119.695,2547.201117007537,-470.26373803671623,77.0,109.41250039784245,100.0,False,2
895,120.055,2603.1412154746063,-504.46837214819817,76.0,117.01250039784281,100.0,False,2
896,120.06,2604.0,-505.0,76.0,117.11793537134054,100.0,False,2
897,120.24,2636.0,-525.0,76.0,120.91695156404421,100.0,False,2
898,120.3,2647.0,-532.0,76.0,122.18410009932177,100.0,False,2
899,120.375,2663.491715205526,-542.1914493733973,76.0,123.76805595339829,100.0,False,2
900,120.68,2752.0,-595.0,76.0,130.2092982981867,100.0,False,2
901,120.855,2797.453278535129,-622.7590807750794,76.0,133.9013892867315,100.0,False,2
902,120.9,2806.0,-628.0,76.0,134.85005771971737,100.0,False,2
903,121.015,2820.010764136052,-636.5594710084631,76.0,137.27916706450924,100.0,False,2
904,121.14,2834.0,-645.0,76.0,139.93225528130006,100.0,False,2
905,121.175,2840.011158990108,-648.6180638522306,76.0,140.65694484228698,100.0,False,2
906,121.415,2899.654877696387,-684.4950154105215,71.0,145.39027817562055,82.0,True,2
907,121.5,2917.0,-695.0,71.0,147.0894237586499,38.4375328,True,2
908,121.575,2928.396995824327,-701.9650840715719,71.0,148.54583373117566,0.0,True,2
909,121.815,2948.0353136886697,-714.3049407265032,62.0,152.67916706450887,0.0,True,2
910,121.9,2959.0,-721.0,61.3928576,154.10652440262766,0.0,True,2
911,122.095,2994.916578195768,-742.5714162147319,60.0,157.34583373117584,0.0,True,2
912,122.12,2999.0,-745.0,59.3749952,157.74891295988346,0.0,True,2
913,122.255,3015.966412810068,-754.9696972735453,56.0,159.8347226200649,0.0,True,2
914,122.44,3033.0,-765.0,51.21138442318499,162.2179578928526,0.0,True,2
915,122.761,3070.0,-788.0,42.90249956707509,164.9810619670916,0.0,True,2
916,122.941,3088.0,-799.0,38.24331086835902,165.86917508943498,0.0,True,2
917,123.161,3106.0,-810.0,32.5487469032616,166.93264108772564,0.0,True,2
918,123.381,3121.0,-818.0,26.85418293816419,168.0362700939122,0.0,True,2
919,123.414,3122.8196263537334,-819.1685456231612,26.0,168.20527817562015,0.0,True,2
920,123.561,3131.0,-825.0,21.120328529879774,168.96637175573142,0.0,True,2
921,123.655,3138.9992043854368,-830.0218533912622,18.0,169.41027817562008,0.0,True,2
922,123.721,3144.0,-833.0,16.3499968,169.6851248235571,0.0,True,2
923,123.855,3148.5767454151596,-835.3522768964615,13.0,170.1325003978427,0.0,True,2
924,124.015,3148.9682892013816,-834.9930121161289,7.0,170.44361150895384,0.0,True,2
925,124.021,3149.0,-835.0,6.8874976,170.45238472172605,0.0,True,2
926,124.175,3150.289126012451,-835.723497316096,4.0,170.62138928673176,0.0,True,2
927,124.381,3152.0,-837.0,1.93999872,170.65941257669692,0.0,True,2
928,124.561,3152.0,-837.0,0.1399987199999999,170.62266653179177,0.0,True,2
929,124.575,3151.991863408079,-836.9939046482314,0.0,170.62138928673176,0.0,True,2
930,124.775,3151.9967487812546,-836.9975644198305,0.0,170.62138928673176,0.0,True,2
931,124.801,3152.0,-837.0,0.0,170.62175981101973,0.0,True,2
932,125.04,3152.0,-837.0,0.0,170.62142463244982,0.0,True,2
933,125.055,3151.999757857288,-836.9998186040269,0.0,170.62138928673176,0.0,True,2
934,125.215,3151.99981854897,-836.9998640698872,0.0,170.62138928673176,0.0,True,2
935,125.26,3152.0,-837.0,0.0,170.62140326683675,0.0,True,2
936,125.455,3152.0000287271014,-837.0000215202865,0.0,170.62138928673176,0.0,True,2
937,125.5,3152.0,-837.0,0.0,170.62138767510442,0.0,True,2
938,125.615,3151.999991531876,-836.9999936562884,0.0,170.62138928673176,0.0,True,2
939,125.68,3152.0,-837.0,0.0,170.62138976863207,0.0,True,2
940,125.855,3152.0000025731465,-837.0000019276168,0.0,170.62138928673176,0.0,True,2
941,125.96,3152.0,-837.0,0.0,170.62138923445855,0.0,True,2
942,126.055,3151.999999558296,-836.9999996691073,0.0,170.62138928673176,0.0,True,2
943,126.16,3152.0,-837.0,0.0,170.62138930071342,0.0,True,2
944,126.295,3152.00000005784,-837.0000000433297,0.0,170.62138928673176,0.0,True,2
945,126.38,3152.0,-837.0,0.0,170.62138928482727,0.0,True,2
946,126.495,3151.9999999826086,-836.9999999869713,0.0,170.62138928673176,0.0,True,2
947,126.62,3152.0,-837.0,0.0,170.6213892872338,0.0,True,2
948,126.775,3152.000000006636,-837.0000000049713,0.0,170.62138928673176,0.0,True,2
949,127.015,3152.0000000000646,-837.0000000000481,0.0,170.62138928673176,0.0,True,2
950,127.02,3152.0,-837.0,0.0,170.62138928673448,0.0,True,2
951,127.26,3152.0,-837.0,0.0,170.6213892867372,0.0,True,2
952,127.335,3152.000000000076,-837.0000000000567,0.0,170.62138928673176,0.0,True,2
953,127.48,3152.0,-837.0,0.0,170.62138928672994,0.0,True,2
954,127.495,3151.9999999999986,-836.9999999999989,0.0,170.62138928673176,0.0,True,2
955,127.54,3152.0,-837.0,0.0,170.62138928673085,0.0,True,2
956,127.655,3152.0,-837.0000000000006,0.0,170.62138928673176,0.0,True,2
957,127.72,3152.0,-837.0,0.0,170.62138928673266,0.0,True,2
958,127.895,3151.999999999999,-836.9999999999999,0.0,170.62138928673176,0.0,True,2
959,127.96,3152.0,-837.0,0.0,170.62138928673266,0.0,True,2
960,128.175,3152.0000000000005,-837.0,0.0,170.62138928673176,0.0,True,2
961,128.26,3152.0,-837.0,0.0,170.62138928673176,0.0,True,2
962,128.415,3152.0,-836.9999999999998,0.0,170.62138928673176,0.0,True,2
963,128.6,3152.0,-837.0,0.0,170.62138928673176,0.0,True,2
964,128.76,3152.0,-837.0,0.0,170.62138928673266,0.0,True,2
965,128.815,3151.9999999999995,-836.9999999999999,0.0,170.62138928673176,0.0,True,2
966,128.975,3151.9999999999995,-837.0,0.0,170.62138928673176,0.0,True,2
967,129.04,3152.0,-837.0,0.0,170.62138928673176,0.0,True,2
968,129.174,3152.0,-837.0,0.0,170.62138928673176,0.0,True,2
969,129.301,3152.0,-837.0,0.0,170.62138928673266,0.0,True,2
970,129.374,3152.0,-836.9999999999999,0.0,170.62138928673176,0.0,True,2
971,129.501,3152.0,-837.0,0.0,170.62138928673176,0.0,True,2
972,129.614,3152.0000000000005,-837.0,0.0,170.62138928673176,0.0,True,2
973,129.641,3152.0,-837.0,0.0,170.62138928673176,0.0,True,2
974,129.774,3151.9999999999995,-836.9999999999999,0.0,170.62138928673176,0.0,True,2
975,129.921,3152.0,-837.0,0.0,170.62138928673176,0.0,True,2
976,129.974,3151.999999999999,-836.9999999999999,0.0,170.62138928673176,0.0,True,2
977,130.175,3152.0,-837.0,0.0,170.62138928673176,0.0,True,2
978,130.221,3152.0,-837.0,0.0,170.62138928673176,0.0,True,2
979,130.481,3152.0,-837.0,0.0,170.62138928673176,0.0,True,2
980,130.495,3151.9999999999995,-836.9999999999999,0.0,170.62138928673176,0.0,True,2
981,130.601,3152.0,-837.0,0.0,170.62138928673176,0.0,True,2
982,130.695,3151.9999999999995,-836.9999999999999,0.0,170.62138928673176,0.0,True,2
983,130.841,3152.0,-837.0,0.0,170.62138928673176,0.0,True,2
984,130.935,3151.9999999999995,-836.9999999999998,0.0,170.62138928673176,0.0,True,2
985,131.141,3152.0,-837.0,0.0,170.62138928673266,0.0,True,2
986,131.175,3151.9999999999995,-837.0,0.0,170.62138928673176,0.0,True,2
987,131.375,3151.9999999999995,-837.0,0.0,170.62138928673176,0.0,True,2
988,131.501,3152.0,-837.0,0.0,170.62138928673085,0.0,True,2
989,131.695,3152.000000000001,-837.0000000000002,0.0,170.62138928673176,0.0,True,2
990,131.76,3152.0,-837.0,0.0,170.62138928673266,0.0,True,2
991,131.895,3152.0,-836.9999999999999,0.0,170.62138928673176,0.0,True,2
992,131.96,3152.0,-837.0,0.0,170.62138928673266,0.0,True,2
993,132.135,3152.0,-837.0000000000001,0.0,170.62138928673176,0.0,True,2
994,132.295,3151.9999999999995,-837.0,0.0,170.62138928673176,0.0,True,2
995,132.4,3152.0,-837.0,0.0,170.62138928673176,0.0,True,2
996,132.7,3152.0,-837.0,0.0,170.62138928673176,0.0,True,2
997,132.735,3152.0000000000005,-837.0,0.0,170.62138928673176,0.0,True,2
998,132.9,3152.0,-837.0,0.0,170.62138928673176,0.0,True,2
999,133.055,3152.0000000000005,-837.0000000000001,0.0,170.62138928673176,0.0,True,2
1000,133.08,3152.0,-837.0,0.0,170.62138928673176,0.0,True,2
1001,133.255,3152.0000000000005,-837.0000000000003,0.0,170.62138928673176,0.0,True,2
1002,133.28,3152.0,-837.0,0.0,170.62138928673176,0.0,True,2
1003,133.5,3152.0,-837.0,0.0,170.62138928673357,0.0,True,2
1004,133.615,3152.0000000000196,-837.0000000000216,0.0,170.62138928673176,0.0,True,2
1005,133.84,3152.0,-837.0,0.0,170.62138928672357,0.0,True,2
1006,133.895,3151.9999999999513,-836.9999999999461,0.0,170.62138928673176,0.0,True,2
1007,134.0,3152.0,-837.0,0.0,170.62138928676177,1.05000192,True,2
1008,134.095,3152.000000000545,-837.0000000005998,0.0,170.62138928673176,2.0,True,2
1009,134.28,3152.0,-837.0,0.0,170.62138928665627,14.02501248,True,2
1010,134.295,3151.999999999601,-836.9999999995607,0.0,170.62138928673176,15.0,True,2
1011,134.535,3151.999999996834,-836.9999999965124,0.0,170.62138928673176,13.0,True,2
1012,134.56,3152.0,-837.0,0.0,170.62138928568675,13.694449777777777,True,2
1013,134.86,3152.0,-837.0,0.0,170.62138927876822,22.027776,True,2
1014,134.895,3151.9999999643364,-836.9999999607187,0.0,170.62138928673176,23.0,True,2
1015,135.135,3151.9999999759407,-836.9999999735006,0.0,170.62138928673176,25.0,True,2
1016,135.14,3152.0,-837.0,0.0,170.62138928005606,24.982143085714284,True,2
1017,135.415,3152.000002401714,-837.000002645309,0.0,170.62138928673176,24.0,True,2
1018,135.54,3152.0,-837.0,0.0,170.62139074157494,22.75000064,True,2
1019,135.615,3151.9999966987966,-836.9999963639701,0.0,170.62138928673176,22.0,True,2
1020,135.8,3152.0,-837.0,0.0,170.62137301350322,21.42006221039504,True,2
1021,135.934,3152.0000387906794,-837.0000427250418,0.0,170.62138928673176,21.0,True,2
1022,136.061,3152.0,-837.0,0.0,170.62145014228372,21.0,True,2
1023,136.254,3151.9999663342196,-836.9999629196517,0.0,170.62138928673176,21.0,False,2
1024,136.261,3152.0,-837.0,0.0,170.62137635056843,20.949999542857142,False,2
1025,136.534,3152.0002365630917,-837.0002605566143,0.0,170.62138928673176,19.0,True,2
1026,136.541,3152.0,-837.0,0.0,170.62146041917913,18.89499904,True,2
1027,136.734,3151.9988242589047,-836.998705008813,0.0,170.62138928673176,16.0,True,2
1028,136.741,3152.0,-837.0,0.0,170.6210279910747,16.521744108022503,True,2
1029,136.881,3152.0,-837.0,0.0,170.61821208841047,26.956530864707922,True,2
1030,136.895,3151.9860164443007,-836.9845981556093,0.0,170.62138928673176,28.0,False,2
1031,137.101,3152.0,-837.0,2.9428589714285716,170.7841238040728,39.03572114285714,False,2
1032,137.175,3152.710771970104,-837.7828623503395,4.0,170.9325003978429,43.0,False,2
1033,137.261,3154.0,-839.0,7.2250048,171.17941197141226,43.71666773333333,False,2
1034,137.415,3157.206166593005,-841.0215078579753,13.0,171.79916706450967,45.0,False,2
1035,137.481,3159.0,-842.0,14.466669511111112,172.12152221405722,45.91666844444445,False,2
1036,137.681,3166.0,-846.0,18.911113955555557,173.288300995574,48.694446222222226,False,2
1037,137.775,3169.8888769332393,-848.8275476385593,21.0,173.89916706451004,50.0,False,2
1038,137.841,3173.0,-851.0,22.6500032,174.34717295173414,50.0,False,2
1039,137.975,3180.613658645727,-855.4723668829213,26.0,175.34361150895438,50.0,False,2
1040,138.135,3191.9373959106474,-861.7503360643041,32.0,176.76583373117683,46.0,False,2
1041,138.161,3194.0,-863.0,32.4875024,177.00771184709447,46.0,False,2
1042,138.295,3205.5734682229877,-870.4239629381908,35.0,178.32138928673248,46.0,False,2
1043,138.38,3213.0,-875.0,38.1874976,179.2820195479544,46.7083328,False,2
1044,138.535,3228.252513999444,-883.5587738572489,44.0,181.25472262006588,48.0,False,2
1045,138.54,3229.0,-884.0,44.1249984,181.32134766233412,48.1249984,False,2
1046,138.74,3268.0,-908.0,49.1249984,184.13179090479753,53.1249984,False,2
1047,138.855,3279.2283001659353,-915.0612451165628,52.0,185.87694484228814,56.0,False,2
1048,139.04,3289.0,-921.0,57.39583893333333,188.87895478822702,55.22916586666667,False,2
1049,139.095,3295.4864426533813,-924.7799362966923,59.0,189.81027817562153,55.0,False,2
1050,139.24,3318.0,-938.0,62.6250048,192.34205458554334,55.0,False,2
1051,139.255,3320.3613594398607,-939.4292231851242,63.0,192.61027817562172,55.0,False,2
1052,139.48,3355.0,-961.0,65.8125024,196.7677481971159,73.2812656,False,2
1053,139.575,3369.0938862307994,-969.5246355322162,67.0,198.565833731177,81.0,False,2
1054,139.7,3390.0,-982.0,68.24999936,200.9520776414247,86.62499712,False,2
1055,139.775,3405.78792452171,-991.499026663836,69.0,202.39916706451095,90.0,False,2
1056,140.04,3466.0,-1028.0,70.89285851428572,207.6209239832424,90.0,False,2
1057,140.055,3468.3787192418595,-1029.4502854904722,71.0,207.92138928673285,90.0,False,2
1058,140.295,3492.3459525594176,-1044.1670709721577,73.0,212.78805595339873,89.0,False,2
1059,140.34,3497.0,-1047.0,73.1406248,213.70749545827857,89.4218744,False,2
1060,140.615,3535.842158519012,-1070.4662332814462,74.0,219.3658337311772,92.0,False,2
1061,140.64,3540.0,-1073.0,74.10416746666667,219.8845868739054,91.79166506666667,False,2
1062,140.74,3558.0,-1084.0,74.52083306666667,221.96729546728784,90.95833386666666,False,2
1063,140.855,3585.052675006917,-1100.3908324243205,75.0,224.3658337311772,90.0,False,2
1064,141.02,3626.0,-1125.0,75.37499985454545,227.79752159186683,90.37499985454545,False,2
1065,141.295,3663.902779627723,-1147.3629821260424,76.0,233.65472262006642,91.0,False,2
1066,141.42,3680.0,-1157.0,77.44230695384616,236.47045193823215,88.59615507692308,False,2
1067,141.62,3716.0,-1179.0,79.74999926153846,241.18102201541024,84.75000123076923,False,2
1068,141.82,3770.0,-1212.0,82.05769156923077,246.14429966516855,80.90384738461539,False,2
1069,142.14,3810.0,-1236.0,85.74999926153846,254.2164076629033,74.75000123076923,False,2
1070,142.335,3848.8057410200317,-1260.3108229845514,88.0,259.07694484228887,71.0,False,2
1071,142.38,3858.0,-1266.0,88.56603670297893,260.1923242446592,68.45283483659479,False,2
1072,142.494,3879.5954213527943,-1279.1063141333123,90.0,263.0519448422883,62.0,False,2
1073,142.721,3933.0,-1311.0,96.30555733333334,269.2224433272777,69.5666688,False,2
1074,142.854,3984.6371164047764,-1342.3226546992587,100.0,273.0519448422883,74.0,False,2
1075,142.881,3994.0,-1348.0,100.8678592,273.84304226793756,74.5785728,False,2
1076,143.134,4043.4227667109976,-1377.7158461001684,109.0,281.5297226200655,80.0,False,2
1077,143.261,4067.0,-1392.0,113.74766689050057,285.64682559612356,80.0,False,2
1078,143.455,4120.611331148957,-1424.8212707518392,121.0,292.3188892867329,80.0,False,2
1079,143.501,4134.0,-1433.0,122.49500416,293.9756632250974,80.0,False,2
1080,143.581,4157.0,-1447.0,125.09500416,296.92550315587505,80.0,False,2
1081,143.801,4225.0,-1488.0,132.24500416,305.2302473448517,80.0,False,2
1082,143.855,4242.06333831134,-1498.2743775898168,134.0,307.20777817562066,80.0,True,2
1083,144.001,4288.0,-1526.0,128.88999552,312.4015445158402,80.0,True,2
1084,144.055,4304.66970160589,-1536.1161483553158,127.0,314.2633337311772,80.0,True,2
1085,144.215,4352.731022598171,-1565.6260990449384,120.0,319.59666706451026,0.0,True,2
1086,144.261,4366.0,-1574.0,118.8499968,321.08797948996835,0.0,True,2
1087,144.421,4410.0,-1602.0,114.8499968,326.1447795111553,0.0,True,2
1088,144.455,4418.878010279722,-1607.2542411367467,114.0,327.1966670645106,0.0,True,2
1089,144.615,4459.930219387255,-1629.752894753799,109.0,332.0411115089546,0.0,True,2
1090,144.681,4480.0,-1642.0,107.62499733333334,333.98346260348626,0.0,True,2
1091,144.855,4543.648867515791,-1685.6166193112435,104.0,338.9744448422871,0.0,True,2
1092,144.92,4565.0,-1701.0,102.91666346666666,340.81031925792195,0.27083413333333334,True,2
1093,145.095,4605.744652143743,-1731.8297009894538,100.0,345.64111150895405,1.0,True,2
1094,145.42,4643.0,-1773.0,94.09091025454545,353.9606243478829,9.124998399999999,True,2
1095,145.535,4656.51036083752,-1794.1609800824292,92.0,356.8855559533986,12.0,False,2
1096,145.74,4680.0,-1839.0,93.46428525714286,362.2137904130195,33.96427885714286,False,2
1097,145.815,4687.4107960208985,-1856.5249767985101,94.0,364.1966670645097,42.0,False,2
1098,145.9,4695.0,-1877.0,94.84999936,366.46449775515794,40.72500096,False,2
1099,146.015,4703.874083271529,-1905.594141368318,96.0,369.53000039784274,39.0,False,2
1100,146.08,4708.0,-1922.0,95.34999808,371.2369382907964,29.57497216,False,2
1101,146.215,4714.234689649212,-1956.310378820308,94.0,374.75222262006537,10.0,False,2
1102,146.535,4716.422024396345,-2038.9154142139055,95.0,383.1966670645097,41.0,False,2
1103,146.695,4710.569342508107,-2080.8284265855004,97.0,387.50777817562084,52.0,False,2
1104,146.935,4692.519921822904,-2144.339873376293,103.0,394.37444484228763,62.0,False,2
1105,146.96,4690.0,-2151.0,103.7031304,395.12196165207206,62.7031304,False,2
1106,147.12,4671.0,-2194.0,108.2031304,400.0516753043439,67.2031304,False,2
1107,147.255,4651.046372694665,-2231.50272965952,112.0,404.3300003978429,71.0,False,2
1108,147.4,4628.0,-2270.0,115.02083733333333,408.9969582009144,71.60416746666667,False,2
1109,147.495,4613.433821865796,-2292.308987911726,117.0,412.1300003978431,72.0,False,2
1110,147.655,4583.594685234508,-2338.7472481498107,123.0,417.59666706450935,76.0,False,2
1111,147.68,4577.0,-2350.0,123.7031304,418.4766697518653,76.4687536,False,2
1112,147.84,4528.0,-2437.0,128.2031304,424.28128473959805,79.4687536,False,2
1113,147.975,4503.858946451103,-2479.1289056936703,132.0,429.330000397842,82.0,False,2
1114,148.26,4478.0,-2539.0,136.74999893333333,440.24861341249107,59.83333831111111,False,2
1115,148.335,4461.616306307437,-2582.5502582744884,138.0,443.1300003978422,54.0,False,2
1116,148.46,4433.0,-2660.0,137.68750016,447.91477166814366,44.93750464,False,2
1117,148.735,4415.928425752823,-2716.8791213804607,137.0,458.3522226200648,25.0,False,2
1118,148.82,4412.0,-2741.0,136.6458336,461.54828951978925,33.1458272,False,2
1119,148.975,4398.624377926182,-2818.890883363768,136.0,467.4188892867305,48.0,False,2
1120,149.101,4388.0,-2884.0,138.45682657037074,472.34604256915827,56.42340538412829,False,2
1121,149.334,4380.8398349631925,-2951.292432518657,143.0,481.6791670645089,72.0,False,2
1122,149.461,4381.0,-2987.0,144.5875008,486.7745028512654,79.1437536,False,2
1123,149.494,4381.298455805708,-2998.3234409662755,145.0,488.1236115089532,81.0,False,2
1124,149.661,4385.0,-3069.0,149.8708352,495.16620888026773,85.1750016,False,2
1125,149.734,4388.35157874143,-3107.358895501439,152.0,498.25694484228734,87.0,False,2
1126,149.981,4402.0,-3244.0,152.0,508.58131168641285,80.07476318001508,False,2
1127,150.055,4403.5424055445965,-3272.335939973622,152.0,511.8102781756206,78.0,False,2
1128,150.255,4400.290178979069,-3331.3532122638894,165.0,520.9769448422867,72.0,False,2
1129,150.281,4399.0,-3341.0,165.21666773333334,522.1804361452905,71.6749984,False,2
1130,150.461,4384.0,-3421.0,166.71666773333334,530.5223574835209,69.4249984,False,2
1131,150.495,4379.721049123166,-3436.393080126964,167.0,532.1102781756208,69.0,False,2
1132,150.735,4336.185991127587,-3539.96184492478,170.0,543.4436115089547,75.0,False,2
1133,150.821,4316.0,-3575.0,170.86000128,547.5307017097794,75.43000064,False,2
1134,150.841,4311.0,-3583.0,171.06000128,548.4826500297577,75.53000064,False,2
1135,150.935,4286.254191945372,-3620.3487068110453,172.0,552.9991670645095,76.0,False,2
1136,151.121,4232.0,-3693.0,176.0687528,562.157530941623,81.812504,False,2
1137,151.255,4189.514075164303,-3744.1566156976783,179.0,568.9102781756201,86.0,False,2
1138,151.281,4181.0,-3754.0,179.5571456,570.2334777905407,86.2785728,False,2
1139,151.46,4120.0,-3821.0,183.39285577142857,579.4396758950415,88.19642788571429,False,2
1140,151.535,4092.882329526341,-3848.418419756205,185.0,583.2991670645088,89.0,False,2
1141,151.74,4016.0,-3920.0,185.8541664,593.8521249642808,89.0,False,2
1142,151.775,4003.0140982879993,-3931.4430064716444,186.0,595.6991670645093,89.0,False,2
1143,151.9,3951.0,-3973.0,191.20833066666665,602.4570517229431,94.72916373333334,False,2
1144,152.015,3879.08612083178,-4019.1685823023013,196.0,608.765833731175,100.0,False,2
1145,152.22,3745.0,-4095.0,196.0,619.937337857823,100.0,False,2
1146,152.255,3731.718886169359,-4102.050990023502,196.0,621.8325003978425,100.0,False,2
1147,152.46,3683.0,-4122.0,196.0,632.9022831513639,100.0,False,2
1148,152.535,3650.770811169271,-4133.1862771471715,196.0,637.076944842287,100.0,False,2
1149,152.74,3530.0,-4173.0,206.2499968,649.0032512201615,100.0,False,2
1150,152.815,3488.0000531772616,-4185.254366556463,210.0,653.4102781756201,100.0,False,2
1151,153.0,3381.0,-4213.0,210.0,664.2029849250812,100.0,False,2
1152,153.015,3370.856577453074,-4215.542971412722,210.0,665.0769448422861,100.0,False,2
1153,153.16,3268.0,-4241.0,210.0,673.5302666365715,100.0,False,2
1154,153.32,3172.0,-4262.0,210.0,682.8665768582978,100.0,False,2
1155,153.455,3062.0587318173416,-4273.4782770610245,210.0,690.743611508954,100.0,False,2
1156,153.64,2898.0,-4281.0,210.0,701.5356085507037,100.0,False,2
1157,153.815,2787.3482273835884,-4280.594789995759,210.0,711.7436115089531,100.0,True,2
1158,154.095,2657.503893518617,-4267.337129108281,210.0,728.0769448422861,100.0,True,2
1159,154.1,2655.0,-4267.0,210.0,728.3685212877062,100.0,True,2
1160,154.255,2573.319742509114,-4254.847548401373,210.0,737.4102781756192,100.0,True,2
1161,154.4,2489.0,-4239.0,210.0,745.885651495515,100.0,True,2
1162,154.455,2454.829088857275,-4231.501146975036,210.0,749.076944842287,100.0,True,2
1163,154.56,2388.0,-4215.0,210.0,755.1086540023261,100.0,True,2
1164,154.695,2304.2625468637475,-4189.832338777384,210.0,763.0769448422861,100.0,True,2
1165,154.84,2214.0,-4157.0,223.46430354285715,772.4143597107313,100.0,True,2
1166,154.975,2126.3394447493324,-4120.173030110076,236.0,781.432500397842,100.0,False,2
1167,155.14,2022.0,-4071.0,238.47499904,792.3894076091337,100.0,False,2
1168,155.175,2001.5289045891725,-4060.6569747711424,239.0,794.7102781756212,100.0,False,2
1169,155.415,1871.704949673982,-3988.94738206008,239.0,810.6436115089537,100.0,False,2
1170,155.44,1858.0,-3981.0,239.1785728,812.311013279691,100.0,False,2
1171,155.695,1712.8603100580037,-3894.1537426427644,241.0,829.3880559533982,100.0,False,2
1172,155.721,1698.0,-3885.0,241.0,831.1286583032243,100.0,False,2
1173,155.855,1621.9516906318872,-3837.3817996844264,241.0,840.099167064509,100.0,False,2
1174,155.961,1562.0,-3799.0,241.53266378849003,847.2174187698383,100.0,False,2
1175,156.021,1528.0,-3777.0,241.83417122921125,851.2544567152981,100.0,False,2
1176,156.054,1509.2649904411414,-3764.984222366894,242.0,853.4763892867322,100.0,False,2
1177,156.241,1403.0,-3698.0,242.38877357355824,866.0883616752753,100.0,False,2
1178,156.441,1290.0,-3626.0,242.80457404468345,879.5998706153478,100.0,False,2
1179,156.535,1235.6318166710892,-3591.1629659761825,243.0,885.943889286732,100.0,False,2
1180,156.641,1176.0,-3553.0,243.0,893.093430347787,100.0,False,2
1181,156.695,1147.639181346861,-3534.9386065968692,243.0,896.7438892867322,100.0,False,2
1182,156.975,991.2092909317093,-3435.5985550600103,245.0,915.7994448422878,100.0,False,2
1183,157.001,970.0,-3422.0,245.0590912,917.5725372931547,100.0,False,2
1184,157.201,782.0,-3301.0,245.51363665454545,931.2157319912676,100.0,False,2
1185,157.415,670.8148095865616,-3229.8270066456716,246.0,945.8661115089544,100.0,False,2
1186,157.561,608.0,-3190.0,246.9125008,955.9140558589925,100.0,False,2
1187,157.735,507.1603429290999,-3126.3812916269617,248.0,967.9105559534,100.0,False,2
1188,157.761,492.0,-3117.0,248.0,969.7014285546593,100.0,False,2
1189,157.895,416.0342645418955,-3071.266619380231,248.0,978.9327781756219,100.0,False,2
1190,157.941,386.0,-3054.0,248.1916672,982.1089343714357,100.0,False,2
1191,158.135,227.14521000993443,-2966.849002238607,249.0,995.5327781756205,100.0,False,2
1192,158.22,168.0,-2935.0,248.4687504,1001.4103327860958,94.1562544,False,2
1193,158.455,69.87557344269405,-2883.100700551374,247.0,1017.4883337311776,78.0,True,2
1194,158.48,58.0,-2877.0,246.16666026666667,1019.1624889327422,72.58329173333334,True,2
1195,158.68,-62.0,-2817.0,239.4999936,1032.288490026318,29.249958399999997,True,2
1196,158.815,-143.99813011929893,-2779.795509690502,235.0,1040.9883337311767,0.0,True,2
1197,158.92,-205.0,-2755.0,232.3749952,1047.701912409785,0.0,True,2
1198,159.055,-279.7187816668576,-2728.8404430335895,229.0,1056.255000397844,0.0,True,2
1199,159.255,-406.1043801952699,-2700.5746102401135,224.0,1068.6994448422874,0.0,False,2
1200,159.26,-410.0,-2700.0,223.8611128888889,1069.004756951138,0.0,False,2
1201,159.46,-581.0,-2683.0,218.30555733333333,1080.9532132448403,0.0,False,2
1202,159.615,-682.0259623575624,-2680.4429151715076,214.0,1090.099444842288,0.0,False,2
1203,159.775,-757.0103278436251,-2686.296892160646,213.0,1099.5661115089542,0.0,False,2
1204,159.86,-796.0,-2691.0,211.1785728,1104.5083145889648,10.624991999999999,False,2
1205,160.055,-886.1348947050993,-2706.181521436101,207.0,1115.6661115089546,35.0,False,2
1206,160.12,-918.0,-2714.0,206.8522722909091,1119.3830238423334,39.43183127272727,False,2
1207,160.46,-1100.0,-2782.0,206.0795456,1138.8413156044453,62.613632,False,2
1208,160.495,-1118.4261636769963,-2791.1193045219748,206.0,1140.8438892867325,65.0,False,2
1209,160.7,-1223.0,-2850.0,206.0,1152.572508458381,70.1249984,False,2
1210,160.735,-1240.4379474359423,-2860.405475554184,206.0,1154.577222620066,71.0,False,2
1211,160.9,-1322.0,-2910.0,206.0,1164.0288196473512,47.90000896,False,2
1212,160.935,-1339.4931216913712,-2920.534508371081,206.0,1166.0216670645095,43.0,False,2
1213,160.96,-1352.0,-2928.0,205.58333013333333,1167.4411633012778,38.52079893333333,False,2
1214,161.175,-1458.8428114381943,-2988.164282479818,202.0,1179.4883337311767,0.0,True,2
1215,161.24,-1491.0,-3004.0,200.53749568,1183.056859869832,0.0,True,2
1216,161.46,-1600.0,-3048.0,195.58750144,1194.876478307142,0.0,True,2
1217,161.575,-1657.9731367459508,-3065.7969857918197,193.0,1200.9327781756201,0.0,False,2
1218,161.64,-1691.0,-3074.0,191.3749952,1204.3231319966826,0.23214354285714286,False,2
1219,161.855,-1801.1292952439353,-3090.8908001955137,186.0,1215.3994448422873,1.0,False,2
1220,161.88,-1814.0,-3092.0,185.6874976,1216.678982118242,4.229191466666666,False,2
1221,162.02,-1886.0,-3095.0,183.9375008,1223.8130711406002,22.31249173333333,False,2
1222,162.095,-1923.9416195700321,-3093.887050788801,183.0,1227.599444842288,32.0,False,2
1223,162.281,-2016.0,-3083.0,180.20999808,1236.89734911687,53.390014719999996,False,2
1224,162.295,-2022.8406610909587,-3081.7525344214614,180.0,1237.599444842287,55.0,False,2
1225,162.501,-2123.0,-3056.0,181.9312512,1248.0238023041293,60.7937536,False,2
1226,162.615,-2179.5745312140207,-3034.7836584472557,183.0,1253.8661115089544,64.0,False,2
1227,163.415,-2565.1024210023097,-2786.806604385391,190.0,1296.0883337311761,100.0,False,2
1228,163.561,-2611.0,-2747.0,191.62222364444443,1303.9136886804035,100.0,False,2
1229,163.775,-2662.3913398845893,-2695.6685946484254,194.0,1315.4883337311767,100.0,False,2
1230,163.901,-2719.0,-2651.0,196.52000256,1322.4056226758375,100.0,False,2
1231,163.975,-2769.7066108891327,-2615.417728857078,198.0,1326.4883337311758,100.0,False,2
1232,164.101,-2863.0,-2554.0,198.63000064,1333.4554456798514,100.0,False,2
1233,164.175,-2902.448831651625,-2530.309359207172,199.0,1337.5438892867323,100.0,False,2
1234,164.375,-2959.6750001878645,-2506.848232301917,198.0,1348.5438892867314,59.0,False,2
1235,164.481,-2993.0,-2496.0,197.24285622857144,1354.33197653536,54.078565485714286,False,2
1236,164.655,-3069.297734927822,-2469.655669608953,196.0,1363.788333731176,46.0,False,2
1237,164.76,-3139.0,-2455.0,195.5624992,1369.4873706018961,47.7500032,False,2
1238,164.895,-3259.8921895609933,-2442.457037958564,195.0,1376.7883337311769,50.0,False,2
1239,164.96,-3311.0,-2439.0,194.45833173333332,1380.2836411150574,50.8125024,False,2
1240,165.135,-3385.9330479517907,-2438.145073994316,193.0,1389.6550003978427,53.0,False,2
1241,165.32,-3440.0,-2448.0,193.0,1399.5724655555514,53.66071497142857,False,2
1242,165.415,-3488.7767307010495,-2456.239278730978,193.0,1404.6661115089537,54.0,False,2
1243,165.48,-3525.0,-2463.0,193.0,1408.1502039623801,53.5937488,False,2
1244,165.575,-3576.305479795582,-2474.394272160444,193.0,1413.2438892867312,53.0,False,2
1245,165.775,-3679.3414643135357,-2503.8653589687397,193.0,1423.9661115089548,54.0,False,2
1246,165.8,-3692.0,-2508.0,192.7222200888889,1425.2981357479393,51.4999808,False,2
1247,165.98,-3782.0,-2541.0,190.72222293333334,1434.814093392316,33.500006400000004,False,2
1248,166.12,-3850.0,-2571.0,189.16666453333335,1442.0936802162096,19.499980800000003,False,2
1249,166.135,-3856.9357499824223,-2574.1937852165174,189.0,1442.8661115089544,18.0,True,2
1250,166.32,-3942.0,-2618.0,183.44999424,1452.277958477388,1.3499827200000003,True,2
1251,166.335,-3949.889279240002,-2622.8948122252846,183.0,1453.0327781756223,0.0,True,2
1252,166.495,-4046.019755442257,-2690.294173734177,179.0,1460.9883337311776,0.0,True,2
1253,166.62,-4110.0,-2739.0,174.83333546666665,1466.999352654434,0.0,True,2
1254,166.735,-4146.12417623036,-2768.2817767943243,171.0,1472.3883337311781,0.0,True,2
1255,166.98,-4191.0,-2818.0,165.55555697777777,1483.5267994604264,0.0,True,2
1256,167.095,-4227.322904840116,-2863.0055269884383,163.0,1488.6883337311774,0.0,True,2
1257,167.28,-4290.0,-2945.0,160.22499712,1496.9264679562366,0.0,True,2
1258,167.295,-4293.848406828749,-2950.4832886594236,160.0,1497.577222620066,0.0,True,2
1259,167.6,-4343.0,-3040.0,150.29544843636364,1510.096468067707,0.0,True,2
1260,167.735,-4365.177551909271,-3091.045162553381,146.0,1515.421667064512,0.0,True,2
1261,167.78,-4372.0,-3108.0,145.03571565714284,1517.1862141671836,0.0,True,2
1262,168.015,-4398.5433140246205,-3196.549283060795,140.0,1526.3105559533997,0.0,True,2
1263,168.02,-4399.0,-3199.0,139.92500096,1526.5028688054044,0.0,True,2
1264,168.215,-4414.0682603992,-3317.63591703524,137.0,1533.921667064511,0.0,False,2
1265,168.32,-4419.0,-3365.0,135.42499712,1537.8120655592957,0.0,False,2
1266,168.56,-4419.0,-3402.0,131.82499712,1546.4896345263014,0.0,False,2
1267,168.615,-4415.967333644596,-3421.215167385421,131.0,1548.4772226200666,0.0,False,2
1268,168.775,-4400.801960194642,-3512.6789455127737,130.0,1554.255000397844,2.0,False,2
1269,168.901,-4390.0,-3571.0,128.59999857777777,1558.7241618652552,5.850003911111111,False,2
1270,169.135,-4377.3336430932595,-3607.72502680456,126.0,1566.8550003978435,13.0,False,2
1271,169.181,-4373.0,-3616.0,125.56739700215232,1568.4404644014876,12.423196002869767,False,2
1272,169.441,-4331.0,-3694.0,123.12225642688273,1577.3154329384897,9.163008569176965,False,2
1273,169.454,-4328.477376162453,-3697.8505987269855,123.0,1577.7541670645105,9.0,False,2
1274,169.655,-4286.0614768652695,-3749.5418523313288,121.0,1584.5100003978432,30.0,False,2
1275,169.761,-4260.0,-3773.0,122.3250016,1588.123951059847,41.2625136,False,2
1276,169.815,-4245.565432020752,-3784.2816926355704,123.0,1589.9766670645095,47.0,False,2
1277,169.961,-4204.0,-3812.0,124.04285805714285,1595.0100547275124,50.6500032,False,2
1278,170.095,-4165.419129352201,-3832.7430961292407,125.0,1599.698889286732,54.0,False,2
1279,170.181,-4135.0,-3845.0,126.343752,1602.7607576730434,54.5375008,False,2
1280,170.381,-4045.0,-3871.0,129.468752,1610.0121192601437,55.7875008,False,2
1281,170.415,-4031.8362036302883,-3873.9721595329806,130.0,1611.2544448422877,56.0,False,2
1282,170.655,-3962.3389225875444,-3882.9068271915817,133.0,1620.1211115089545,61.0,False,2
1283,170.701,-3949.0,-3884.0,134.1500032,1621.856542337664,63.3000064,False,2
1284,170.815,-3913.275187037908,-3886.855934261973,137.0,1626.210000397843,69.0,False,2
1285,171.001,-3834.0,-3891.0,140.10000213333333,1633.4545954363894,71.3250016,False,2
1286,171.055,-3801.9157854835366,-3891.7678971614155,141.0,1635.6100003978436,72.0,False,2
1287,171.2,-3713.0,-3893.0,145.0781304,1641.5373217183278,77.4375072,False,2
1288,171.375,-3661.2797471921267,-3893.50543197874,150.0,1648.9433337311766,84.0,False,2
1289,171.5,-3629.0,-3894.0,155.62499712,1654.3914366065383,88.99999744,False,2
1290,171.575,-3600.607937373354,-3894.5830905518274,159.0,1657.7766670645096,92.0,False,2
1291,171.78,-3503.0,-3897.0,168.51785417142858,1667.555558436793,97.85714102857143,False,2
1292,171.855,-3469.0773198118263,-3898.0145203817738,172.0,1671.1544448422874,100.0,False,2
1293,171.98,-3408.0,-3901.0,172.0,1677.0691922465603,100.0,False,2
1294,172.055,-3361.7023884360096,-3904.5729687617822,172.0,1680.710000397844,100.0,False,2
1295,172.26,-3224.0,-3918.0,185.6666624,1691.3519923390886,100.0,False,2
1296,172.295,-3205.46624693528,-3920.0123353017116,188.0,1693.2433337311759,100.0,False,2
1297,172.6,-3084.0,-3936.0,200.70834133333332,1710.3881966166828,100.0,False,2
1298,172.655,-3056.9473028613925,-3939.88844485016,203.0,1713.543333731177,100.0,False,2
1299,172.76,-2995.0,-3949.0,205.6250048,1719.592110910461,100.0,False,2
1300,172.895,-2887.4573848750374,-3965.4815675663503,209.0,1727.4766670645113,100.0,False,2
1301,173.02,-2796.0,-3980.0,214.4687472,1734.9556340741701,100.0,False,2
1302,173.055,-2777.630006806026,-3983.041953345537,216.0,1737.0766670645107,100.0,False,2
1303,173.255,-2719.8248036203327,-3993.9086649831297,222.0,1749.4100003978438,100.0,False,2
1304,173.32,-2699.0,-3998.0,223.95000576,1753.501155489117,100.0,False,2
1305,173.455,-2639.888424572562,-4009.3065737472957,228.0,1762.0766670645116,100.0,False,2
1306,173.66,-2489.0,-4040.0,229.7083328,1775.135582740717,100.0,False,2
1307,173.695,-2452.5837967004272,-4047.892013415466,230.0,1777.4100003978438,100.0,False,2
1308,173.86,-2271.0,-4088.0,235.9583310222222,1788.3876426079096,100.0,False,2
1309,174.055,-2177.578799105553,-4107.904228836438,243.0,1801.7100003978449,100.0,False,2
1310,174.22,-2125.0,-4116.0,246.6093736,1813.08701976248,100.0,False,2
1311,174.375,-2032.6980806153679,-4128.795527321644,250.0,1823.9322226200666,100.0,False,2
1312,174.46,-1961.0,-4135.0,252.8333312,1829.9721745191318,100.0,False,2
1313,174.615,-1790.7306497964828,-4141.381158757503,258.0,1841.1322226200673,100.0,False,2
1314,174.7,-1705.0,-4143.0,259.5937488,1847.313547667468,100.0,False,2
1315,174.935,-1567.8197795755386,-4142.580292025971,264.0,1864.5988892867335,100.0,False,2
1316,175.135,-1472.1494716519912,-4138.142169434891,268.0,1879.4877781756213,100.0,False,2
1317,175.14,-1469.0,-4138.0,268.0833322666667,1879.8623937491047,100.0,False,2
1318,175.341,-1320.0,-4131.0,271.4333354666667,1895.0307480848132,100.0,False,2
1319,175.375,-1294.0020206662775,-4129.557890944709,272.0,1897.6211115089554,100.0,False,2
1320,175.521,-1183.0,-4123.0,275.12857417142857,1908.8315174795143,100.0,False,2
1321,175.655,-1079.3665757451452,-4117.875086527249,278.0,1919.2433337311777,100.0,False,2
1322,175.681,-1060.0,-4117.0,278.50555804444446,1921.2770224938704,100.0,False,2
1323,175.881,-902.0,-4111.0,282.3944469333333,1937.0639624834303,100.0,False,2
1324,176.015,-725.5169036628902,-4106.124849137362,285.0,1947.7433337311768,100.0,False,2
1325,176.121,-600.0,-4103.0,286.656252,1956.2358660749242,100.0,False,2
1326,176.335,-506.70079316076226,-4101.402404962021,290.0,1973.521111508956,100.0,False,2
1327,176.421,-471.0,-4101.0,291.29000192,1980.5318442435828,100.0,False,2
1328,176.735,-215.22104041093394,-4097.075579598176,296.0,2006.4100003978456,100.0,False,2
1329,176.741,-210.0,-4097.0,296.0750016,2006.9078216296757,100.0,False,2
1330,176.921,-62.0,-4095.0,298.3250016,2021.896127746013,100.0,False,2
1331,177.135,95.51275107916572,-4092.97375648374,301.0,2039.854444842288,100.0,False,2
1332,177.201,171.0,-4092.0,301.94285897142856,2045.42415639736,100.0,False,2
1333,177.361,407.0,-4089.0,304.22857325714284,2058.9844687030836,100.0,False,2
1334,177.415,465.9985440998956,-4088.342277720535,305.0,2063.5766670645107,100.0,False,2
1335,177.741,627.0,-4090.0,307.71666773333334,2091.4551285709376,100.0,False,2
1336,177.775,651.5236089971843,-4090.7409627137076,308.0,2094.376667064512,100.0,False,2
1337,177.94,797.0,-4097.0,309.3749994666667,2108.5904698554623,100.0,False,2
1338,178.135,961.7866453310376,-4115.3489279337455,311.0,2125.4766670645104,100.0,False,2
1339,178.14,966.0,-4116.0,311.03409047272726,2125.9110879414757,100.0,False,2
1340,178.3,1101.0,-4141.0,312.1249995636364,2139.8509941963066,100.0,False,2
1341,178.575,1312.5445544308502,-4193.112422871611,314.0,2163.854444842288,100.0,False,2
1342,178.775,1447.793024316358,-4237.206202951136,313.0,2181.2433337311786,100.0,False,2
1343,178.975,1572.1148340918717,-4287.0194497705525,316.0,2198.7988892867334,100.0,False,2
1344,179.175,1734.9982591690355,-4347.811955994799,317.0,2216.4100003978456,100.0,False,2
1345,179.415,1998.733225272282,-4437.102106743123,319.0,2237.67666706451,100.0,False,2
1346,179.5,2110.0,-4473.0,319.0,2245.2082531703572,100.0,False,2
1347,179.695,2375.5998432273977,-4556.324834054376,319.0,2262.4877781756213,100.0,False,2
1348,179.7,2381.0,-4558.0,319.02499968,2262.931533314173,100.0,False,2
1349,179.895,2509.044866824099,-4597.079126345086,320.0,2280.2655559534005,100.0,False,2
1350,180.08,2603.0,-4622.0,320.5781256,2296.7451833720042,100.0,False,2
1351,180.215,2725.5519385842376,-4653.27329309557,321.0,2308.7988892867334,100.0,False,2
1352,180.375,2891.7147133070634,-4693.91298910853,322.0,2323.1100003978445,100.0,False,2
1353,180.4,2914.0,-4699.0,321.9107136,2325.3426213628345,100.0,False,2
1354,180.655,3103.041664491707,-4735.357296411241,321.0,2348.0766670645116,100.0,False,2
1355,180.66,3107.0,-4736.0,321.02499968,2348.523346415933,100.0,False,2
1356,180.88,3301.0,-4764.0,322.12500096,2368.2353976751056,100.0,False,2
1357,181.055,3457.6989749570503,-4780.468974259309,323.0,2383.9655559534012,100.0,False,2
1358,181.14,3534.0,-4786.0,323.5312496,2391.6141415534385,100.0,False,2
1359,181.215,3601.85552814902,-4789.464694278745,324.0,2398.365555953401,100.0,False,2
1360,181.34,3713.0,-4793.0,324.0,2409.6200592470577,100.0,False,2
1361,181.54,3893.0,-4794.0,324.0,2427.6265482854706,100.0,False,2
1362,181.655,4044.451474361855,-4788.2024614710335,324.0,2437.9655559534003,100.0,False,2
1363,181.8,4235.0,-4778.0,323.3958325333333,2450.9831800425936,100.0,False,2
1364,181.895,4314.28629428442,-4772.991914008502,323.0,2459.498889286734,100.0,False,2
1365,182.161,4451.0,-4759.0,322.26111075555553,2483.28991670532,100.0,False,2
1366,182.255,4534.25143498911,-4749.789522306032,322.0,2491.698889286733,100.0,False,2
1367,182.301,4576.0,-4745.0,322.0,2495.8164837431377,100.0,False,2
1368,182.495,4729.690382254119,-4725.048872469791,322.0,2513.1655559534,100.0,False,2
1369,182.621,4858.0,-4702.0,320.4249984,2524.3663446521614,100.0,False,2
1370,182.655,4901.199216056966,-4693.400226504531,320.0,2527.387778175622,100.0,False,2
1371,182.801,5101.0,-4651.0,320.0,2540.368359140285,100.0,False,2
1372,182.816,5118.3243425025385,-4647.144380453427,320.0,2541.698889286733,100.0,False,2
1373,183.015,5272.642697973726,-4609.048282565683,318.0,2559.277222620065,100.0,False,2
1374,183.175,5348.841894715165,-4584.45803476868,317.0,2573.3661115089562,100.0,False,2
1375,183.261,5407.0,-4566.0,317.0,2580.9428652506367,100.0,False,2
1376,183.441,5559.0,-4518.0,317.0,2596.8065543296952,100.0,False,2
1377,183.535,5634.619795339059,-4493.54215743949,317.0,2605.066111508955,100.0,False,2
1378,183.621,5709.0,-4469.0,316.38571337142855,2612.603365852552,100.0,False,2
1379,183.815,5916.380850611587,-4399.386255455755,315.0,2629.566111508955,100.0,False,2
1380,183.861,5959.0,-4385.0,315.0,2633.5892617190293,100.0,False,2
1381,184.135,6123.7190496801395,-4329.058108284592,315.0,2657.5661115089542,100.0,False,2
1382,184.241,6224.0,-4295.0,315.0,2666.844191240886,100.0,False,2
1383,184.295,6292.991049773862,-4271.599956072259,315.0,2671.5661115089542,100.0,False,2
1384,184.46,6522.0,-4194.0,314.17500032,2685.9624055339928,100.0,False,2
1385,184.495,6555.082168633929,-4182.801947787552,314.0,2689.0105559534004,100.0,False,2
1386,184.735,6652.083267253638,-4149.980330669893,313.0,2709.877222620068,100.0,False,2
1387,184.8,6687.0,-4138.0,313.0,2715.5305058056074,100.0,False,2
1388,184.895,6760.195487565321,-4112.807074823524,313.0,2723.7883337311787,100.0,False,2
1389,184.98,6835.0,-4087.0,312.57500032,2731.1597656387567,100.0,False,2
1390,185.095,6932.5697421834075,-4053.2384943964253,312.0,2741.121667064511,100.0,False,2
1391,185.28,7080.0,-4001.0,312.0,2757.1639614509404,100.0,False,2
1392,185.375,7150.63028235751,-3974.6887044396963,312.0,2765.388333731177,100.0,False,2
1393,185.52,7261.0,-3932.0,311.564999424,2777.9052427994475,100.0,False,2
1394,185.74,7454.0,-3855.0,310.905000192,2796.813017230995,100.0,False,2
1395,186.12,7739.0,-3733.0,309.764999424,2829.3307186329293,100.0,False,2
1396,186.28,7864.0,-3677.0,309.284999424,2843.0578403768905,100.0,False,2
1397,186.375,7938.267681515067,-3643.90633681745,309.0,2851.2216670645103,100.0,False,2
1398,186.44,7989.0,-3621.0,309.0,2856.813208588641,100.0,False,2
1399,186.64,8145.0,-3548.0,309.0,2873.97822476514,100.0,False,2
1400,186.655,8156.601246237536,-3542.5300854843454,309.0,2875.255000397843,100.0,False,2
1401,186.9,8344.0,-3454.0,303.6406264,2895.8690655453593,23.437519999999992,False,2
1402,186.975,8401.055033602539,-3426.769153335359,302.0,2902.099444842286,0.0,False,2
1403,187.14,8523.0,-3368.0,295.5178596571429,2915.674000371164,0.0,False,2
1404,187.255,8603.285558262087,-3328.7471395779608,291.0,2924.7327781756194,0.0,True,2
1405,187.28,8623.0,-3319.0,286.7812176,2926.6340930766146,0.0,True,2
1406,187.415,8751.24584386238,-3254.9213582882685,264.0,2936.466111508953,0.0,True,2
1407,187.52,8846.0,-3207.0,253.76248128,2943.5688976776564,0.0,True,2
1408,187.815,8981.839091141963,-3135.0008315918844,225.0,2961.466111508953,0.0,True,2
1409,187.96,9038.0,-3103.0,214.4545314909091,2969.6382148547764,0.0,True,2
1410,188.18,9148.0,-3040.0,198.45455010909092,2981.2992500532073,0.0,True,2
1411,188.255,9179.77367455619,-3021.781491468497,193.0,2985.0550003978424,0.0,True,2
1412,188.34,9221.0,-2997.0,187.01136814545455,2989.1751877468923,0.0,True,2
1413,188.521,9350.0,-2914.0,174.2590818909091,2997.467821642311,0.0,True,2
1414,188.695,9417.855475777009,-2868.2934380424745,162.0,3004.8550003978416,0.0,True,2
1415,188.981,9455.0,-2834.0,143.40999168,3015.827382890331,0.0,True,2
1416,189.095,9486.816751486618,-2805.1623743713553,136.0,3019.966111508953,0.0,True,2
1417,189.181,9509.0,-2785.0,131.1624928,3023.037395733234,0.0,True,2
1418,189.255,9521.950543911764,-2773.000378257135,127.0,3025.610555953397,0.0,True,2
1419,189.381,9544.0,-2749.0,120.73913154091146,3029.7931738169063,0.0,True,2
1420,189.416,9554.318562456048,-2736.7333495287726,119.0,3030.932500397841,0.0,True,2
1421,189.561,9606.0,-2673.0,115.3750016,3035.5778141721057,0.0,True,2
1422,189.576,9610.241119922592,-2667.592843097164,115.0,3036.0436115089524,0.0,True,2
1423,189.815,9639.422104249003,-2624.1943673669507,106.0,3043.0808337311755,0.0,True,2
1424,190.001,9648.0,-2598.0,103.093748,3048.3553530077443,0.0,True,2
1425,190.135,9660.525883851617,-2564.4523090797247,101.0,3052.0586115089536,0.0,True,2
1426,190.221,9668.0,-2541.0,99.46428342857143,3054.384726387654,0.0,True,2
1427,190.381,9676.0,-2500.0,96.60714057142857,3058.6292087420115,0.0,True,2
1428,190.415,9676.877705478379,-2491.6506408982905,96.0,3059.5252781756208,0.0,False,2
1429,190.655,9673.393758851338,-2434.4618859461734,94.0,3065.791944842287,0.0,False,2
1430,190.661,9673.0,-2433.0,93.9249984,3065.9466346968165,0.3375072,False,2
1431,190.815,9657.703043296155,-2394.9084991147793,92.0,3069.8808337311766,9.0,False,2
1432,190.861,9652.0,-2384.0,91.87222186666666,3071.044145688149,11.811118933333333,False,2
1433,191.02,9630.0,-2349.0,91.43055573333334,3075.0276162633436,21.527773866666667,False,2
1434,191.175,9605.488492114348,-2316.984105214952,91.0,3078.980833731177,31.0,False,2
1435,191.28,9587.0,-2296.0,92.4318208,3081.738978694939,36.4886464,False,2
1436,191.46,9553.0,-2262.0,94.88636276363637,3086.606035415709,45.89772392727273,False,2
1437,191.615,9526.50588316113,-2237.8898335427075,97.0,3090.836389286733,54.0,False,2
1438,191.68,9509.0,-2223.0,97.8125024,3092.612470845881,54.8125024,False,2
1439,191.775,9471.973098527704,-2192.176553688846,99.0,3095.2363892867324,56.0,False,2
1440,191.86,9439.0,-2165.0,101.1249984,3097.6474897713742,56.0,False,2
1441,191.975,9410.466729268563,-2141.7616398823775,104.0,3101.01416706451,56.0,False,2
1442,192.26,9377.0,-2115.0,112.0156232,3109.9156453228425,65.7968728,False,2
1443,192.295,9369.776722508106,-2108.9605850278635,113.0,3111.0586115089536,67.0,False,2
1444,192.46,9328.0,-2073.0,116.66666524444445,3116.5864075589234,56.000004266666664,False,2
1445,192.655,9280.74459896997,-2027.632704367292,121.0,3123.158611508954,43.0,True,2
1446,192.72,9266.0,-2012.0,119.3749952,3125.287101535554,25.531198399999997,True,2
1447,192.815,9245.351256369036,-1988.6048638357906,117.0,3128.3586115089547,0.0,True,2
1448,192.94,9220.0,-1957.0,115.4375008,3132.3649056743106,0.0,True,2
1449,192.975,9213.319672919979,-1948.0261272383334,115.0,3133.469722620066,0.0,True,2
1450,193.12,9188.0,-1911.0,111.97916266666667,3137.9441898318037,0.0,True,2
1451,193.215,9174.153109039253,-1888.107936731914,110.0,3140.8030559534,0.0,True,2
1452,193.32,9160.0,-1858.0,108.359372,3143.9074435398925,0.0,True,2
1453,193.535,9130.663942417777,-1764.091308378921,105.0,3150.136389286734,0.0,False,2
1454,193.62,9123.0,-1736.0,104.2916672,3152.5829040997687,0.0,False,2
1455,193.775,9118.2381721489,-1715.6954424471887,103.0,3157.0030559534007,0.0,False,2
1456,193.9,9120.0,-1696.0,101.66071497142858,3160.4986455214585,4.017855085714286,False,2
1457,194.055,9125.932183121427,-1634.3738964592355,100.0,3164.780833731178,9.0,False,2
1458,194.18,9131.0,-1587.0,99.37500032,3168.225467346203,19.624994559999998,False,2
1459,194.255,9133.186610942292,-1571.09046284652,99.0,3170.280833731178,26.0,False,2
1460,194.44,9141.0,-1549.0,98.07499904,3175.314990570827,31.55000576,False,2
1461,194.455,9142.303528865,-1545.9664581356826,98.0,3175.7252781756233,32.0,False,2
1462,194.775,9189.440447262767,-1442.1562210950988,100.0,3184.614167064512,44.0,False,2
1463,194.84,9198.0,-1425.0,100.46428708571429,3186.4448804125677,44.46428708571428,False,2
1464,195.055,9218.005022679275,-1392.2089955470833,102.0,3192.5475003978445,46.0,False,2
1465,195.181,9234.0,-1374.0,102.7875008,3196.1489308732544,47.5750016,False,2
1466,195.215,9239.7542966973,-1367.7984608364345,103.0,3197.125278175623,48.0,False,2
1467,195.381,9274.0,-1333.0,104.1857152,3201.9259320009387,50.964287999999996,False,2
1468,195.495,9298.64878459451,-1311.1018787232385,105.0,3205.291944842289,53.0,False,2
1469,195.501,9300.0,-1310.0,105.12500266666666,3205.4712940843856,53.05000106666667,False,2
1470,195.721,9354.0,-1273.0,109.708336,3212.1896772787477,54.8833344,False,2
1471,195.735,9357.650589906072,-1270.9231542455443,110.0,3212.625278175623,55.0,False,2
1472,195.961,9420.0,-1242.0,113.52024910938371,3219.7840297056755,55.704049821876744,False,2
1473,196.056,9448.654909703273,-1231.9558815629932,115.0,3222.8794448422886,56.0,False,2
1474,196.121,9468.0,-1226.0,116.39285577142857,3225.029943608217,57.39285577142857,False,2
1475,196.336,9528.288760453113,-1212.4337319474562,121.0,3232.2905559533992,62.0,False,2
1476,196.441,9573.0,-1208.0,122.75732251634277,3235.876840502626,66.39330629085694,False,2
1477,196.575,9654.210375965205,-1203.6892868275875,125.0,3240.5891670645087,72.0,False,2
1478,196.661,9701.0,-1202.0,127.93182254545455,3243.7678875413803,74.54091287272728,False,2
1479,197.001,9776.0,-1202.0,139.52273163636363,3257.146267001208,84.58636741818182,False,2
1480,197.015,9779.030747644209,-1201.9292471860258,140.0,3257.70027817562,85.0,False,2
1481,197.175,9822.26554174062,-1200.0028074665845,143.0,3264.055833731176,85.0,False,2
1482,197.375,9898.543606262876,-1194.7038192988464,149.0,3272.3336115089533,76.0,False,2
1483,197.815,10099.875956974638,-1159.8583049331141,152.0,3290.9113892867317,50.0,False,2
1484,197.92,10142.0,-1144.0,152.0,3295.3540977686007,47.3749952,False,2
1485,198.095,10206.578714899488,-1110.9605891933682,152.0,3302.7336115089547,43.0,True,2
1486,198.22,10251.0,-1082.0,149.91666773333333,3307.9620287141843,20.604178133333335,True,2
1487,198.335,10292.080029741739,-1051.2393944704863,148.0,3312.6002781756215,0.0,True,2
1488,198.48,10347.0,-999.0,140.38748992,3318.037205772913,0.0,True,2
1489,198.68,10427.0,-898.0,129.88748992,3324.9021614082158,0.0,True,2
1490,198.735,10442.666650583384,-876.4889081764067,127.0,3326.711389286733,0.0,True,2
1491,199.02,10484.0,-807.0,114.88750272,3335.579932452072,0.0,True,2
1492,199.135,10499.219673426127,-774.3387488151797,110.0,3338.9336115089536,0.0,True,2
1493,199.415,10535.0223725356,-688.6694783306676,99.0,3346.6336115089543,0.0,True,2
1494,199.48,10540.0,-676.0,97.69999616,3348.3637778879875,0.0,True,2
1495,199.615,10545.50772427032,-660.6186049276229,95.0,3351.9113892867317,0.0,False,2
1496,199.74,10549.0,-646.0,93.95833386666666,3355.157798997663,0.0,False,2
1497,199.855,10554.171141412768,-621.5382700713408,93.0,3358.1113892867306,0.0,False,2
1498,200.04,10563.0,-571.0,91.14999808,3362.791794485782,0.0,False,2
1499,200.055,10563.486802138821,-567.1180466462661,91.0,3363.166944842287,0.0,False,2
1500,200.24,10566.0,-522.0,89.2656232,3367.7371680232536,0.0,False,2
1501,200.375,10562.428570104908,-491.2520487057464,88.0,3370.9891670645084,0.0,False,2
1502,200.42,10560.0,-482.0,87.32500096,3372.0551231159625,0.0,False,2
1503,200.575,10546.531764826957,-455.26248894021387,85.0,3375.711389286731,0.0,False,2
1504,200.74,10513.0,-428.0,86.73684143157895,3379.75211212825,11.28946930526316,False,2
1505,200.96,10436.0,-387.0,89.0526336,3385.405750191436,26.3421184,False,2
1506,201.22,10406.0,-366.0,91.78947301052632,3392.2854579353825,44.13157456842106,False,2
1507,201.335,10391.020037903509,-344.8425996466501,93.0,3395.344722620064,52.0,False,2
1508,201.4,10384.0,-330.0,93.97500288,3397.078301997468,50.3749952,False,2
1509,201.535,10378.597989901726,-295.60814597932966,96.0,3400.6780559533963,47.0,False,2
1510,201.62,10379.0,-273.0,95.7343752,3402.9320031304087,42.7500032,False,2
1511,201.821,10386.0,-218.0,95.1062496,3408.2287202259486,32.6999936,False,2
1512,201.855,10388.012003076898,-207.54690030360493,95.0,3409.1225003978398,31.0,False,2
1513,202.095,10407.811453516175,-124.75507977548766,96.0,3415.5225003978394,55.0,False,2
1514,202.201,10416.0,-93.0,99.9750048,3418.56224455122,58.9750048,False,2
1515,202.335,10424.287655459566,-61.29003731359109,105.0,3422.5225003978394,64.0,False,2
1516,202.521,10434.0,-25.0,106.5435682972402,3428.0144869542346,64.7717841486201,False,2
1517,202.576,10437.055643497415,-13.725161622104311,107.0,3429.685555953394,65.0,False,2
1518,202.781,10456.0,50.0,112.1249984,3436.1333795072005,60.729168,False,2
1519,202.816,10462.333529236814,69.744902810899,113.0,3437.218889286727,60.0,True,2
1520,202.941,10488.0,148.0,109.35416853333334,3440.998258693813,28.750016000000002,True,2
1521,203.056,10501.961678072541,188.47375538202593,106.0,3444.2855559533946,0.0,True,2
1522,203.321,10514.0,215.0,94.92757335402251,3451.0493814584806,0.0,True,2
1523,203.415,10522.632563725596,237.22942477051615,91.0,3453.3602781756163,0.0,True,2
1524,203.461,10527.0,249.0,90.30999808,3454.4944348206773,0.0,True,2
1525,203.615,10539.65887173624,286.1334943883087,88.0,3458.249167064505,0.0,True,2
1526,203.821,10552.0,332.0,82.8499968,3462.9087626698893,0.0,True,2
1527,203.935,10556.65266920367,356.5471942795746,80.0,3465.3602781756163,0.0,True,2
1528,204.041,10559.0,379.0,78.0124976,3467.5851600156075,0.0,True,2
1529,204.2,10558.0,412.0,75.0312464,3470.833083891999,0.0,True,2
1530,204.255,10556.448172692111,422.9039016124017,74.0,3471.9380559533947,0.0,False,2
1531,204.4,10549.0,450.0,72.1874976,3474.8084140379906,0.0,False,2
1532,204.495,10540.904156468705,466.22457866135613,71.0,3476.6713892867283,0.0,False,2
1533,204.58,10532.0,480.0,70.57500032,3478.3343346046167,3.82499712,False,2
1534,204.695,10518.183396090926,497.9273084564992,70.0,3480.560278175617,9.0,False,2
1535,204.8,10504.0,513.0,68.6874976,3482.546968458779,9.0,False,2
1536,204.855,10496.046457960034,520.1976929665975,68.0,3483.582500397839,9.0,False,2
1537,205.095,10457.833969346193,547.4570531933549,69.0,3488.1825003978392,37.0,False,2
1538,205.1,10457.0,548.0,69.1249984,3488.282461739189,37.267853714285714,False,2
1539,205.28,10426.0,567.0,73.6250048,3492.0239176614978,46.910724571428574,False,2
1540,205.375,10408.643735773287,576.1711196780739,76.0,3494.09361150895,52.0,False,2
1541,205.54,10377.0,591.0,79.29999872,3497.826436108491,54.0624992,False,2
1542,205.64,10356.0,600.0,81.30000384,3500.1721045275262,55.3125024,False,2
1543,205.775,10314.212746477822,614.6041979964696,84.0,3503.426944842284,57.0,False,2
1544,205.9,10275.0,627.0,87.1249984,3506.53025974473,57.3906248,False,2
1545,206.095,10239.226617801318,637.0845854823438,92.0,3511.604722620061,58.0,False,2
1546,206.3,10198.0,644.0,100.541664,3517.368921317582,69.9583296,False,2
1547,206.335,10186.61531644048,645.7135102668345,102.0,3518.404722620062,72.0,False,2
1548,206.58,10091.0,659.0,112.7187472,3526.132520195377,78.8906232,False,2
1549,206.655,10069.928349131198,661.3650015657278,116.0,3528.715833731172,81.0,False,2
1550,206.94,9994.0,665.0,133.41666275555556,3539.5159379063425,95.2499968,False,2
1551,207.015,9953.320728181783,666.5585835819792,138.0,3542.5158337311714,99.0,False,2
1552,207.16,9861.0,670.0,144.64584213333333,3548.438684190376,99.60416746666667,False,2
1553,207.255,9807.92544134541,671.7601719334541,149.0,3552.4491670645057,100.0,False,2
1554,207.495,9700.499325215354,674.7385878455417,160.0,3563.1158337311736,100.0,False,2
1555,207.52,9691.0,675.0,161.12500864,3564.2623146564965,100.0,False,2
1556,207.695,9632.922282166344,676.6455337683217,169.0,3572.5047226200622,100.0,False,2
1557,207.975,9537.806314334775,679.6166381810785,183.0,3586.738055953396,100.0,False,2
1558,208.0,9526.0,680.0,183.87500672,3588.0411661909948,100.0,False,2
1559,208.06,9495.0,681.0,185.97499776,3591.181989541872,100.0,False,2
1560,208.175,9420.61784401006,683.157153064877,190.0,3597.2936115089524,100.0,False,2
1561,208.421,9240.0,688.0,198.4562544,3610.9308387669043,100.0,False,2
1562,208.495,9199.621298480059,689.1836430125065,201.0,3615.160278175619,100.0,False,2
1563,208.681,9115.0,692.0,208.75000533333332,3626.0200937829813,100.0,False,2
1564,208.735,9088.095729523473,692.9812875685963,211.0,3629.2269448422867,100.0,False,2
1565,208.921,8974.0,697.0,216.42500373333334,3640.4474999136964,100.0,False,2
1566,208.975,8929.167489209505,698.3464579813365,218.0,3643.7602781756195,100.0,False,2
1567,209.241,8688.0,705.0,225.45794305319293,3660.463084964991,100.0,False,2
1568,209.296,8658.440633919048,705.9286051106968,227.0,3664.001111508953,100.0,False,2
1569,209.601,8546.0,710.0,236.31944248888888,3684.1166044095025,100.0,False,2
1570,209.656,8497.131264381702,711.3489602891171,238.0,3687.801111508954,100.0,False,2
1571,209.861,8277.0,717.0,243.14644604233322,3701.665716414258,100.0,False,2
1572,209.895,8252.39330099258,717.5998794696145,244.0,3704.000000397844,100.0,False,2
1573,210.201,8139.0,720.0,251.6500032,3725.510008805053,100.0,False,2
1574,210.295,8076.2924569205525,721.465370221627,254.0,3732.2222226200647,100.0,False,2
1575,210.381,8012.0,723.0,256.687504,3738.3881354282876,100.0,False,2
1576,210.455,7959.713715042986,724.2556871183807,259.0,3743.7333337311775,100.0,False,2
1577,210.681,7795.0,728.0,263.8428598857143,3760.3515512466965,100.0,False,2
1578,210.735,7745.836129687479,728.983164838177,265.0,3764.344444842289,100.0,False,2
1579,210.895,7592.248181418816,731.9171287556205,267.0,3776.2111115089556,100.0,False,2
1580,210.9,7588.0,732.0,267.1249984,3776.5855901227624,100.0,False,2
1581,211.215,7389.5653013737665,736.2493274224729,275.0,3800.655555953399,100.0,False,2
1582,211.32,7316.0,738.0,276.458336,3808.7778330717465,100.0,False,2
1583,211.52,7146.0,742.0,279.2361137777778,3824.346341098404,100.0,False,2
1584,211.575,7102.772109649985,742.8713891655343,280.0,3828.655555953397,100.0,False,2
1585,211.82,6928.0,746.0,283.828124,3848.0065024234154,100.0,False,2
1586,211.895,6869.594658439882,747.3648166865291,285.0,3853.988889286733,100.0,False,2
1587,212.12,6688.0,752.0,289.01786057142857,3872.0987884559727,100.0,False,2
1588,212.175,6647.452665835402,752.8732977133986,290.0,3876.5444448422877,100.0,False,2
1589,212.3,6543.0,755.0,291.0416661333333,3886.6614593505474,100.0,False,2
1590,212.415,6392.801012722275,758.3719282345911,292.0,3896.011111508953,100.0,False,2
1591,212.54,6233.0,762.0,293.5624992,3906.245235232196,100.0,False,2
1592,212.655,6153.999183357403,763.6445070438548,295.0,3915.677778175621,100.0,False,2
1593,212.86,6085.0,765.0,295.0,3932.4289906899903,100.0,False,2
1594,213.015,5979.596072576238,767.8004794668797,295.0,3945.177778175619,100.0,False,2
1595,213.16,5840.0,772.0,298.02083733333336,3957.25112914654,100.0,False,2
1596,213.255,5729.8648943485405,775.6019685848061,300.0,3965.177778175619,100.0,False,2
1597,213.32,5659.0,778.0,300.0,3970.588872002585,100.0,False,2
1598,213.415,5576.061146798552,780.9161822062839,300.0,3978.511111508953,100.0,False,2
1599,213.575,5480.6102743265865,784.5330203782814,303.0,3991.97777817562,100.0,False,2
1600,213.68,5410.0,787.0,303.0,4000.8140034038242,100.0,False,2
1601,213.815,5299.260326832669,790.5994745221573,303.0,4012.177778175621,100.0,False,2
1602,213.86,5258.0,792.0,303.2812496,4015.97460493152,100.0,False,2
1603,213.975,5143.486074430183,796.152585815028,304.0,4025.688889286732,100.0,False,2
1604,214.18,4937.0,804.0,304.0,4042.9923170347774,100.0,False,2
1605,214.255,4874.834059408243,806.2596842022356,304.0,4049.333333731176,100.0,False,2
1606,214.415,4766.352951666328,809.9647401479789,305.0,4062.888889286731,100.0,False,2
1607,214.58,4649.0,814.0,305.0,4076.8676104356728,100.0,False,2
1608,214.655,4587.782146302578,816.1792274921188,305.0,4083.2222226200647,100.0,False,2
1609,214.78,4480.0,820.0,305.0,4093.8168076880556,100.0,False,2
1610,214.921,4362.0,824.0,305.0,4105.764124876892,100.0,False,2
1611,214.975,4319.232011602394,825.4976183621002,305.0,4110.333333731176,100.0,False,2
1612,215.121,4193.0,830.0,304.5437496,4122.668558085914,100.0,False,2
1613,215.295,3967.145380907328,837.727624404227,304.0,4137.355555953398,100.0,False,2
1614,215.381,3872.0,841.0,304.0,4144.619211319934,100.0,False,2
1615,215.696,3707.3458735240747,846.8907330426628,304.0,4171.217778175622,100.0,False,2
1616,215.701,3704.0,847.0,303.97500032,4171.639167660471,100.0,False,2
1617,215.881,3552.0,852.0,303.07500032,4186.790035289898,100.0,False,2
1618,215.896,3538.9943272786286,852.482624546742,303.0,4188.051111508954,100.0,False,2
1619,216.061,3401.0,858.0,302.65625013333334,4201.908622781275,100.0,False,2
1620,216.321,3182.0,865.0,302.11458346666666,4223.707391299144,100.0,False,2
1621,216.376,3135.1088474320945,866.4930738972122,302.0,4228.317778175622,100.0,False,2
1622,216.661,2901.0,875.0,302.0,4252.205979597902,100.0,False,2
1623,216.721,2857.0,877.0,302.0,4257.23465878235,100.0,False,2
1624,217.081,2488.0,890.0,302.0,4287.42154952401,100.0,False,2
1625,217.335,2320.8312273896286,896.0134296787896,302.0,4308.767222620067,100.0,False,2
1626,217.46,2236.0,899.0,302.7812496,4319.287237006591,100.0,False,2
1627,217.495,2208.5656707889257,899.9345237667268,303.0,4322.233889286734,100.0,False,2
1628,217.64,2085.0,904.0,303.0,4334.444491668797,100.0,False,2
1629,217.76,1984.0,907.0,303.0,4344.540124273926,100.0,False,2
1630,217.775,1970.0831003184596,907.3588783521113,303.0,4345.800555953401,100.0,False,2
1631,218.1,1632.0,914.0,302.18750016,4373.0542667044665,100.0,False,2
1632,218.175,1579.464408929899,914.9489020184438,302.0,4379.356111508958,100.0,False,2
1633,218.335,1494.2308629504469,916.4718320003035,303.0,4392.822778175625,100.0,False,2
1634,218.38,1464.0,917.0,302.83928594285715,4396.604550854036,100.0,False,2
1635,218.58,1296.0,920.0,302.1250002285714,4413.376779594888,100.0,False,2
1636,218.615,1267.4422457988094,920.5772999516138,302.0,4416.311667064514,100.0,False,2
1637,218.815,1107.720014152105,924.1107314846524,302.0,4433.089444842291,100.0,False,2
1638,218.86,1062.0,925.0,302.0,4436.864615605602,100.0,False,2
1639,219.055,812.0912338385639,929.2505265150735,302.0,4453.222778175625,100.0,False,2
1640,219.14,709.0,931.0,302.0,4460.353259491458,100.0,False,2
1641,219.495,433.6782111023283,936.4875077551133,302.0,4490.133889286735,100.0,False,2
1642,219.62,358.0,938.0,302.0,4500.619973629735,100.0,False,2
1643,219.775,263.29309578668483,939.6900710759232,302.0,4513.622778175624,100.0,False,2
1644,219.98,123.0,942.0,302.0,4530.820112227677,100.0,False,2
1645,220.015,95.40812711244101,942.4583117373697,302.0,4533.756111508956,100.0,False,2
1646,220.175,-39.770127468239686,944.9083781899592,302.0,4547.178333731181,100.0,False,2
1647,220.18,-44.0,945.0,302.0,4547.597880157526,100.0,False,2
1648,220.38,-211.0,949.0,302.0,4564.386727200401,100.0,False,2
1649,220.535,-340.5088925239842,951.0003624286571,302.0,4577.37833373118,100.0,False,2
1650,220.6,-395.0,952.0,301.5937488,4582.815463256802,100.0,False,2
1651,220.695,-474.8191589051093,953.9705808983464,301.0,4590.7561115089575,100.0,False,2
1652,220.8,-563.0,956.0,301.0,4599.535164052802,100.0,False,2
1653,220.855,-609.0497439139392,956.6394879294977,301.0,4604.133889286735,100.0,False,2
1654,220.88,-630.0,957.0,301.0,4606.224147976247,100.0,False,2
1655,221.095,-810.3528310623767,964.098861518637,301.0,4624.200555953403,100.0,False,2
1656,221.16,-863.0,967.0,301.0,4629.637423397744,100.0,False,2
1657,221.255,-937.4425722616033,971.5554465224168,301.0,4637.5783337311805,100.0,False,2
1658,221.415,-1070.322413322618,981.6954763915567,298.0,4650.822778175625,92.0,False,2
1659,221.441,-1096.0,984.0,296.2124912,4652.917516769374,84.5249632,False,2
1660,221.641,-1308.0,1005.0,282.4624912,4668.384478115511,27.0249632,False,2
1661,221.735,-1370.8972726162833,1011.3968441914724,276.0,4675.35611150896,0.0,True,2
1662,221.881,-1445.0,1019.0,263.2249888,4685.866035069854,0.0,True,2
1663,221.975,-1512.468172874301,1025.9733357048576,255.0,4692.356111508958,0.0,True,2
1664,222.175,-1689.4386927000946,1044.2100886033904,232.0,4705.245000397848,0.0,True,2
1665,222.261,-1748.0,1050.0,222.00829184401647,4710.298755973743,0.0,True,2
1666,222.416,-1815.4679250374463,1056.0584082055998,204.0,4718.901667064514,0.0,True,2
1667,222.541,-1862.0,1060.0,196.187504,4725.7122097306965,0.0,True,2
1668,222.576,-1877.472400476057,1061.373138460243,194.0,4727.523889286736,0.0,True,2
1669,222.861,-2023.0,1074.0,166.29167288888888,4740.3111112709885,0.0,True,2
1670,222.936,-2055.2043299941724,1076.0017337672195,159.0,4743.423889286738,0.0,True,2
1671,222.981,-2076.0,1077.0,156.37500373333333,4745.278032927661,0.0,True,2
1672,223.176,-2188.3334518943616,1079.9869824130894,145.0,4753.090555953404,0.0,True,2
1673,223.201,-2201.0,1080.0,143.24120883573917,4754.043560486731,0.0,True,2
1674,223.375,-2267.538920098002,1077.279188812097,131.0,4760.3319448422935,0.0,True,2
1675,223.421,-2283.0,1076.0,127.5499904,4761.890503542252,0.0,True,2
1676,223.535,-2321.694593932924,1072.085084316266,119.0,4765.620833731182,0.0,True,2
1677,223.641,-2356.0,1068.0,116.3499968,4769.044321116811,0.0,True,2
1678,223.735,-2383.4482512892737,1064.400618556347,114.0,4771.954167064516,0.0,True,2
1679,223.881,-2427.0,1056.0,104.874992,4776.079964656705,0.0,True,2
1680,223.975,-2461.399324969614,1046.2352308980062,99.0,4778.554167064516,0.0,True,2
1681,224.1,-2507.0,1030.0,94.3125024,4781.685817185613,0.0,True,2
1682,224.295,-2554.383120524116,1003.4577303464578,87.0,4786.28750039785,0.0,True,2
1683,224.495,-2582.4281301963088,978.540508484585,81.0,4790.78750039785,0.0,True,2
1684,224.5,-2583.0,978.0,80.91071542857142,4790.897328245832,0.0,True,2
1685,224.775,-2606.619536695502,951.1548288030313,76.0,4796.69861150896,0.0,True,2
1686,224.84,-2612.0,942.0,74.10416106666666,4797.974767984049,0.0,True,2
1687,224.98,-2624.0,917.0,70.0208352,4800.631202433298,0.0,True,2
1688,225.015,-2626.4386546328515,910.4345120579889,69.0,4801.298611508961,0.0,False,2
1689,225.175,-2633.8443653966233,880.1540662123333,69.0,4804.365278175628,2.0,False,2
1690,225.26,-2636.0,864.0,68.2031256,4805.955022039412,1.7343752000000001,False,2
1691,225.44,-2637.0,830.0,66.5156232,4809.232147289347,1.1718744,False,2
1692,225.495,-2636.099015769517,819.9214818669258,66.0,4810.231944842295,1.0,False,2
1693,225.66,-2631.0,791.0,66.0,4813.243108918203,20.249992533333334,False,2
1694,225.735,-2628.5435597134797,778.7065464708229,66.0,4814.631944842295,29.0,False,2
1695,225.96,-2615.0,737.0,68.25000192,4818.908477007342,35.75000576,False,2
1696,226.135,-2589.272099278576,688.6784782076137,70.0,4822.409722620072,41.0,False,2
1697,226.16,-2586.0,683.0,70.50000384,4822.925951955649,41.06250048,False,2
1698,226.52,-2556.0,643.0,77.70000384,4830.74080509391,41.96250048,False,2
1699,226.535,-2554.1903109592495,640.9216693874441,78.0,4831.076389286738,42.0,False,2
1700,226.68,-2533.0,617.0,81.02083733333333,4834.3552795124215,47.4375072,False,2
1701,226.775,-2517.5706226220263,601.4924372230108,83.0,4836.609722620071,51.0,False,2
1702,226.9,-2496.0,582.0,86.906248,4839.768413784068,57.2499968,False,2
1703,227.095,-2459.7643295736143,552.7717800258442,93.0,4844.876389286737,67.0,False,2
1704,227.14,-2451.0,546.0,93.0,4846.025518860137,67.0,False,2
1705,227.295,-2419.7014127812045,522.2677076413504,93.0,4850.043055953403,67.0,False,2
1706,227.4,-2397.0,506.0,100.35001344,4853.0677345663025,71.20000768,False,2
1707,227.495,-2375.1442484061618,491.2360796088293,107.0,4855.987500397849,75.0,False,2
1708,227.58,-2354.0,478.0,110.6428544,4858.711076429228,76.2142848,False,2
1709,227.775,-2298.5894088084337,447.77302804647496,119.0,4865.243055953404,79.0,False,2
1710,227.8,-2291.0,444.0,119.55555982222222,4866.091007784869,79.6250048,False,2
1711,227.92,-2254.0,426.0,122.2222264888889,4870.1873359350975,82.6250048,False,2
1712,228.081,-2204.0,397.0,125.80000284444445,4875.902287210041,86.6500032,False,2
1713,228.135,-2182.0406360310562,383.34408668290394,127.0,4877.943055953403,88.0,False,2
1714,228.401,-2055.0,302.0,145.2875088,4888.859868860729,91.3250016,False,2
1715,228.455,-2036.8962365802126,290.28293192274083,149.0,4891.1875003978475,92.0,False,2
1716,228.695,-1989.2824816856235,259.34642359665224,159.0,4901.787500397846,100.0,False,2
1717,228.801,-1961.0,242.0,161.10945326858194,4906.504477396753,100.0,False,2
1718,228.896,-1926.6161296097043,221.364034941379,163.0,4910.88833373118,100.0,False,2
1719,229.001,-1880.0,195.0,170.2187456,4916.056694580222,100.0,False,2
1720,229.216,-1762.2087350679833,139.49514413246024,185.0,4927.332778175625,100.0,False,2
1721,229.241,-1747.0,134.0,185.6249984,4928.655684597639,100.0,False,2
1722,229.496,-1583.0416326271625,95.05835222178762,192.0,4942.266111508958,100.0,False,2
1723,229.581,-1540.0,88.0,194.656248,4946.881357423326,100.0,False,2
1724,229.656,-1510.559916558359,83.98560734169824,197.0,4951.021667064513,100.0,False,2
1725,229.816,-1468.6537977640821,82.94965430270331,205.0,4960.1327781756245,100.0,False,2
1726,229.941,-1409.0,94.0,208.1347965200029,4967.422446226983,100.0,False,2
1727,230.135,-1246.566927367752,133.5103332507334,213.0,4979.006944842291,100.0,False,2
1728,230.221,-1176.0,154.0,215.76428982857144,4984.250684743036,100.0,False,2
1729,230.415,-1059.199894961198,199.0849363780153,222.0,4996.273611508957,100.0,False,2
1730,230.58,-975.0,240.0,224.94642742857144,5006.620774436447,100.0,False,2
1731,230.695,-909.8948128402074,271.708566105357,227.0,5013.9291670645125,100.0,False,2
1732,230.82,-837.0,307.0,230.74999808,5021.98675207023,100.0,False,2
1733,230.895,-794.0933292522217,327.5255741172678,233.0,5026.873611508958,100.0,False,2
1734,230.94,-766.0,341.0,234.1249984,5029.823419709808,100.0,False,2
1735,231.095,-645.3457039876164,399.5367134704699,238.0,5040.095833731179,100.0,False,2
1736,231.28,-489.0,473.0,242.6250048,5052.621800475883,100.0,False,2
1737,231.375,-421.3281198821541,501.87909909246576,245.0,5059.151389286733,100.0,False,2
1738,231.615,-284.1803601846673,550.6353143827037,251.0,5075.884722620067,100.0,False,2
1739,231.72,-231.0,566.0,252.3125024,5083.272076775578,100.0,False,2
1740,231.855,-166.53166807173017,581.7069203425094,254.0,5092.818055953399,100.0,False,2
1741,232.015,-82.07436774417063,597.4906046896801,256.0,5104.195833731177,100.0,False,2
1742,232.02,-79.0,598.0,256.03571382857143,5104.552285455342,100.0,False,2
1743,232.18,33.0,614.0,257.1785709714286,5115.985920802854,100.0,False,2
1744,232.295,128.44787148470505,622.5660651557624,258.0,5124.262500397845,100.0,False,2
1745,232.56,352.0,632.0,261.3125024,5143.575186372895,100.0,False,2
1746,232.695,430.0373488189006,632.1453567834902,263.0,5153.484722620067,100.0,False,2
1747,232.82,498.0,629.0,264.24999936,5162.680295492884,100.0,False,2
1748,232.895,545.0886128781503,625.3750537790575,265.0,5168.20694484229,100.0,False,2
1749,233.1,701.0,604.0,265.8541664,5183.349321064539,100.0,False,2
1750,233.135,732.3491822023559,597.4902431191082,266.0,5185.940278175622,100.0,False,2
1751,233.295,888.9631779460469,558.128776591938,267.0,5197.806944842288,100.0,False,2
1752,233.38,961.0,538.0,267.3035712,5204.127179543724,100.0,False,2
1753,233.575,1074.0245200633287,502.2174144697588,268.0,5218.651389286733,100.0,False,2
1754,233.72,1146.0,477.0,268.0,5229.4468089330185,100.0,False,2
1755,233.775,1176.7847855423468,466.3378265662473,268.0,5233.540278175624,100.0,False,2
1756,233.96,1312.0,414.0,268.0,5247.3043284380365,100.0,False,2
1757,234.14,1513.0,319.0,268.0,5260.707591843267,100.0,False,2
1758,234.175,1544.0822853762438,303.7638616921422,268.0,5263.318055953401,100.0,False,2
1759,234.375,1639.905653998861,253.62258721522426,269.0,5278.262500397845,100.0,False,2
1760,234.581,1721.0,202.0,269.51500032,5293.708166111974,100.0,False,2
1761,234.775,1868.6387657027929,108.4795192632458,270.0,5308.262500397845,100.0,False,3
1762,234.941,1988.0,33.0,270.0,5320.692772247998,100.0,False,3
1763,235.095,2048.6368468306537,-5.223933751863467,270.0,5332.262500397845,100.0,False,3
1764,235.281,2128.0,-55.0,271.7383179135295,5346.352332734807,100.0,False,3
1765,235.416,2246.680685432835,-129.48126692326247,273.0,5356.605000397845,100.0,False,3
1766,235.581,2410.0,-232.0,273.0,5369.119195242278,100.0,False,3
1767,235.616,2438.5093092032444,-249.89941705815266,273.0,5371.771667064513,100.0,False,3
1768,235.816,2559.7636265860547,-326.05708545039425,273.0,5386.938333731179,100.0,False,3
1769,236.016,2665.0421404385347,-392.1445696543287,275.0,5402.216111508957,100.0,False,3
1770,236.021,2668.0,-394.0,275.0,5402.598176557356,100.0,False,3
1771,236.216,2795.7594584272565,-474.0967995241645,275.0,5417.493889286736,100.0,False,3
1772,236.416,2926.9074866211113,-556.1932755517735,276.0,5432.827222620068,100.0,False,3
1773,236.441,2941.0,-565.0,276.1562496,5434.748337753754,100.0,False,3
1774,236.576,3008.1852167841002,-606.91844411785,277.0,5445.138333731178,100.0,False,3
1775,236.801,3111.0,-670.0,277.9414230826495,5462.5109633759985,100.0,False,3
1776,236.815,3118.428299780212,-674.4788072361481,278.0,5463.594444842289,100.0,False,3
1777,237.001,3243.0,-749.0,278.93000064,5478.009713364012,100.0,False,3
1778,237.015,3256.317000195842,-756.9674206027959,279.0,5479.094444842289,100.0,False,3
1779,237.22,3482.0,-892.0,279.0,5494.967728492116,100.0,False,3
1780,237.295,3534.243391282632,-923.0464642303708,279.0,5500.7944448422895,100.0,False,3
1781,237.56,3616.0,-970.0,280.47222328888887,5521.501170574902,100.0,False,3
1782,237.655,3661.8459427596963,-996.2337540431977,281.0,5528.89444484229,100.0,False,3
1783,237.88,3831.0,-1090.0,278.1874976,5546.250355704176,100.0,False,3
1784,237.975,3932.7426689164254,-1143.3117738080225,277.0,5553.516667064512,100.0,False,3
1785,238.1,4060.0,-1209.0,272.62500224,5563.012353408509,100.0,False,3
1786,238.175,4109.198082245023,-1234.433843027495,270.0,5568.516667064514,100.0,True,3
1787,238.455,4205.104589334578,-1284.4877043378724,241.0,5587.2611115089585,0.0,True,3
1788,238.46,4208.0,-1286.0,240.5000064,5587.577970599281,0.0,True,3
1789,238.655,4362.016348585492,-1366.365154433689,221.0,5599.538889286736,0.0,True,3
1790,238.74,4419.0,-1396.0,214.6250048,5604.504043552399,0.0,True,3
1791,238.895,4472.414063004099,-1423.4785427679883,203.0,5613.0722226200705,0.0,True,3
1792,239.02,4506.0,-1441.0,188.9375072,5619.390640812859,0.0,True,3
1793,239.135,4554.382360757105,-1466.8261091915547,176.0,5624.805555953402,0.0,True,3
1794,239.28,4623.0,-1504.0,164.60712777142857,5631.182239496888,0.0,True,3
1795,239.415,4674.661411937373,-1532.6786561178387,154.0,5636.78333373118,0.0,True,3
1796,239.54,4722.0,-1561.0,147.22917013333333,5641.774168722999,0.0,True,3
1797,239.655,4772.608290226899,-1593.6884686549015,141.0,5646.18333373118,0.0,True,3
1798,239.72,4798.0,-1611.0,137.42498944,5648.5916867668475,0.0,True,3
1799,239.855,4836.653570290719,-1639.9363721552454,130.0,5653.405555953403,0.0,True,3
1800,239.86,4838.0,-1641.0,129.82143085714284,5653.579178495827,0.0,True,3
1801,240.08,4897.0,-1691.0,121.96427885714286,5660.934982838036,0.0,True,3
1802,240.135,4909.588455005385,-1703.307434078741,120.0,5662.738889286737,0.0,True,3
1803,240.24,4932.0,-1729.0,118.0312464,5666.171942213721,0.0,True,3
1804,240.295,4944.181678440514,-1745.9110917215758,117.0,5667.938889286737,0.0,True,3
1805,240.495,4988.019005125039,-1820.1330979174438,111.0,5674.105555953405,0.0,True,3
1806,240.56,4998.0,-1839.0,109.3749952,5676.043783908859,0.0,True,3
1807,240.695,5009.863045914379,-1864.8821620139802,106.0,5679.994444842294,0.0,True,3
1808,240.855,5011.673067548675,-1888.0656097298265,103.0,5684.572222620072,0.0,True,3
1809,240.9,5011.0,-1899.0,102.00000142222223,5685.815628537097,1.6249976888888888,True,3
1810,241.215,4995.4377627814465,-2013.879253485529,95.0,5694.072222620072,13.0,False,3
1811,241.261,4993.0,-2026.0,94.7124992,5695.26397183337,14.2937536,False,3
1812,241.535,4975.569142423616,-2062.829139995773,93.0,5702.338889286739,22.0,False,3
1813,241.561,4972.0,-2068.0,92.86999936,5703.003327958908,22.91000448,False,3
1814,241.735,4937.135156659473,-2118.879235535327,92.0,5707.45000039785,29.0,False,3
1815,241.821,4921.0,-2142.0,93.22420027385604,5709.6968259444875,33.89680109542416,False,3
1816,242.016,4900.1530487972705,-2169.465054290953,96.0,5714.943333731182,45.0,False,3
1817,242.201,4868.0,-2202.0,98.9431808,5720.131183853242,49.204544,False,3
1818,242.381,4804.0,-2266.0,101.80681716363637,5725.338524970046,53.29545309090909,False,3
1819,242.456,4780.688526911341,-2288.9824977504563,103.0,5727.5322226200715,55.0,False,3
1820,242.656,4736.774411631388,-2331.0119811991513,107.0,5733.476667064517,63.0,False,3
1821,242.816,4707.63135761141,-2359.3603187903664,112.0,5738.454444842295,65.0,False,3
1822,242.841,4703.0,-2364.0,112.87499776,5739.257924343974,65.6249984,False,3
1823,243.016,4669.991892326915,-2398.0690617778737,119.0,5745.065555953406,70.0,False,3
1824,243.256,4623.04891727156,-2449.3204241606645,125.0,5753.39888928674,74.0,False,3
1825,243.655,4543.119709984827,-2547.6735913968505,133.0,5768.139722620073,64.0,False,3
1826,243.855,4506.828663528247,-2606.1731537461606,135.0,5775.639722620073,57.0,False,3
1827,244.055,4473.784493613517,-2671.2874146018285,137.0,5783.250833731185,45.0,False,3
1828,244.06,4473.0,-2673.0,137.0,5783.441065049012,45.02499968,False,3
1829,244.16,4458.0,-2708.0,137.0,5787.238614430973,45.52500096,False,3
1830,244.255,4446.207080873398,-2742.0036725225445,137.0,5790.861944842296,46.0,False,3
1831,244.38,4434.0,-2787.0,138.33928502857142,5795.689071401313,52.2499968,False,3
1832,244.535,4422.682246320525,-2841.9187888148726,140.0,5801.750833731185,60.0,False,3
1833,244.66,4417.0,-2894.0,141.87499904,5806.685463818727,64.37499776,False,3
1834,244.735,4415.2018535664965,-2931.6210172611113,143.0,5809.69527817563,67.0,False,3
1835,244.88,4414.0,-3008.0,145.7187536,5815.661403065797,71.531256,False,3
1836,245.055,4413.37412777197,-3079.33246667597,149.0,5822.9397226200745,77.0,False,3
1837,245.295,4412.060136145339,-3158.2579695622267,149.0,5832.873055953407,88.0,False,3
1838,245.3,4412.0,-3160.0,149.2272698181818,5833.089356846787,88.01136349090909,False,3
1839,245.5,4404.0,-3248.0,158.3181789090909,5842.188749487181,88.46590894545454,False,3
1840,245.66,4379.0,-3375.0,165.59090618181818,5849.893706144903,88.8295453090909,False,3
1841,245.735,4370.64968137963,-3413.5649258637372,169.0,5853.528611508964,89.0,False,3
1842,245.98,4354.0,-3466.0,174.3593736,5865.49465561167,82.1093768,False,3
1843,246.055,4343.953766853437,-3494.32320877249,176.0,5869.173055953408,80.0,False,3
1844,246.18,4320.0,-3555.0,176.7812496,5875.314282843583,63.5937584,False,3
1845,246.215,4311.454956437347,-3573.3969401558193,177.0,5877.039722620075,59.0,False,3
1846,246.455,4237.90348911945,-3704.924937708061,179.0,5888.973055953409,70.0,False,3
1847,246.5,4225.0,-3725.0,179.5624992,5891.235482302647,71.1249984,False,3
1848,246.695,4177.740865515893,-3787.2118261515557,182.0,5901.106389286742,76.0,False,3
1849,246.86,4132.0,-3833.0,183.17857097142857,5909.469902374032,77.76785645714286,False,3
1850,246.975,4089.2282498650115,-3872.6361814377765,184.0,5915.417500397854,79.0,False,3
1851,247.06,4055.0,-3902.0,186.8333312,5919.9228253117835,83.9583296,False,3
1852,247.3,3951.0,-3976.0,194.8333312,5933.068721040336,97.9583296,False,3
1853,247.335,3932.3045267626517,-3987.732085028029,196.0,5935.017500397855,100.0,False,3
1854,247.54,3807.0,-4060.0,200.19318050909092,5946.569163861888,100.0,False,3
1855,247.775,3662.379553765771,-4127.543761974341,205.0,5960.0730559534095,100.0,False,3
1856,247.941,3566.0,-4165.0,209.1500032,5969.763813567819,100.0,False,3
1857,248.015,3525.3404891965356,-4179.258783003592,211.0,5974.139722620075,100.0,False,3
1858,248.335,3366.236118243898,-4225.00223925438,218.0,5993.517500397855,100.0,False,3
1859,248.401,3337.0,-4232.0,219.09771478843817,5997.601618248536,100.0,False,3
1860,248.761,3180.0,-4260.0,225.08523838593396,6020.251991618779,100.0,False,3
1861,248.816,3148.533544711524,-4263.945576850892,226.0,6023.713611508965,100.0,False,3
1862,249.016,3019.554421671513,-4276.928299412254,226.0,6036.26916706452,100.0,False,3
1863,249.041,3004.0,-4278.0,226.0,6037.837897103431,100.0,False,3
1864,249.181,2915.0,-4281.0,226.0,6046.624815691212,100.0,False,3
1865,249.256,2852.2215592029315,-4279.929980711802,226.0,6051.335833731187,100.0,False,3
1866,249.401,2722.0,-4274.0,226.0,6060.453442327476,100.0,False,3
1867,249.656,2594.7923896008742,-4259.393428119797,226.0,6076.446944842299,100.0,False,3
1868,249.741,2554.0,-4252.0,226.0,6081.736795363002,101.2142848,False,3
1869,249.936,2431.41933810935,-4226.282973878971,226.0,6094.024722620077,104.0,True,3
1870,249.961,2412.0,-4221.0,227.3392822857143,6095.652878858835,103.64285805714286,True,3
1871,250.216,2180.7285320349656,-4142.773117414589,241.0,6112.769167064522,100.0,False,3
1872,250.261,2147.0,-4130.0,241.28301880716737,6115.796000180117,100.0,False,3
1873,250.375,2080.632855415514,-4103.060809587004,242.0,6123.457500397855,100.0,False,3
1874,250.615,1995.3313395644582,-4058.334841707652,244.0,6139.724167064522,100.0,False,3
1875,250.68,1964.0,-4041.0,244.27083413333332,6144.143655997756,100.0,False,3
1876,250.84,1869.0,-3988.0,244.9375008,6155.035539203513,100.0,False,3
1877,250.855,1859.9068166650284,-3982.773207757677,245.0,6156.057500397854,100.0,False,3
1878,251.1,1716.0,-3896.0,245.55681803636364,6172.770485395406,100.0,False,3
1879,251.28,1612.0,-3831.0,245.96590952727271,6185.09473847353,100.0,False,3
1880,251.295,1603.297536225965,-3825.4892434108942,246.0,6186.1241670645195,100.0,False,3
1881,251.48,1496.0,-3757.0,247.32142994285715,6198.851706135569,100.0,False,3
1882,251.575,1442.0979910360186,-3722.789850874999,248.0,6205.413055953408,100.0,False,3
1883,251.64,1403.0,-3698.0,248.4062512,6209.913286409506,100.0,False,3
1884,251.895,1230.312809008389,-3588.123775552967,250.0,6227.635278175632,100.0,False,3
1885,251.92,1216.0,-3579.0,250.0781256,6229.375772072413,100.0,False,3
1886,252.215,1088.7976423524874,-3497.670539240948,251.0,6249.9463892867425,100.0,False,3
1887,252.32,1005.0,-3444.0,251.3750006857143,6257.283258535117,100.0,False,3
1888,252.46,852.0,-3346.0,251.87499977142858,6267.087873602415,100.0,False,3
1889,252.495,821.2739795574543,-3326.299708255828,252.0,6269.546389286743,100.0,False,3
1890,252.815,698.355706940352,-3247.3024654819033,254.0,6292.1241670645195,100.0,False,3
1891,252.86,679.0,-3235.0,254.0,6295.298852537311,100.0,False,3
1892,252.975,615.5024972197559,-3194.7887320101186,254.0,6303.413055953408,100.0,False,3
1893,253.12,523.0,-3137.0,254.60416746666667,6313.674765142045,100.0,False,3
1894,253.18,487.0,-3115.0,254.8541664,6317.929435322254,100.0,False,3
1895,253.215,466.28556396008196,-3102.4555954697043,255.0,6320.413055953408,100.0,False,3
1896,253.415,349.48744772963886,-3033.4610836662428,256.0,6334.635278175629,100.0,False,3
1897,253.54,266.0,-2987.0,256.3906248,6343.565372825726,100.0,False,3
1898,253.735,118.49712377809674,-2908.827984134566,257.0,6357.479722620075,100.0,False,3
1899,253.74,115.0,-2907.0,256.92857234285714,6357.8343637723865,98.28573622857142,False,3
1900,254.015,-41.97083411513878,-2826.464164798236,253.0,6377.1575003978505,4.0,True,3
1901,254.1,-86.0,-2805.0,251.1785728,6383.04876761022,2.7857152,True,3
1902,254.295,-195.0211701570677,-2756.79402084046,247.0,6396.368611508962,0.0,True,3
1903,254.361,-249.0,-2740.0,245.18499648,6400.792149839019,0.0,True,3
1904,254.561,-451.0,-2693.0,239.68499648,6413.937467428168,0.0,True,3
1905,254.695,-501.29095709949985,-2684.7517352312007,236.0,6422.590833731185,0.0,False,3
1906,254.801,-529.0,-2685.0,232.9083296,6429.3636192597605,3.9750048,False,3
1907,254.935,-601.9153275254786,-2684.557004665144,229.0,6437.857500397851,9.0,False,3
1908,255.141,-748.0,-2686.0,226.43568509688157,6450.8115382272335,9.0,False,3
1909,255.176,-768.9650217232626,-2687.1189414305704,226.0,6452.986944842294,9.0,False,3
1910,255.361,-881.0,-2705.0,222.14583466666667,6464.3509774724935,32.89582506666667,False,3
1911,255.416,-928.2800728036563,-2718.980250233334,221.0,6467.720278175628,40.0,False,3
1912,255.581,-1077.0,-2771.0,221.0,6477.8531214475515,56.499993599999996,False,3
1913,255.656,-1113.1021615219408,-2785.031089734098,221.0,6482.453611508961,64.0,False,3
1914,255.861,-1165.0,-2816.0,220.43055573333334,6494.976961798409,77.09721813333333,False,3
1915,256.016,-1274.7472066460195,-2882.0854704031535,220.0,6504.453611508961,87.0,False,3
1916,256.141,-1369.0,-2938.0,220.7812496,6512.127043417955,87.7812496,False,3
1917,256.176,-1390.2790776633117,-2950.4726342378967,221.0,6514.2758337311825,88.0,False,3
1918,256.496,-1522.6571254148967,-3019.043190275004,219.0,6533.74250039785,0.0,True,3
1919,256.501,-1525.0,-3020.0,218.8125024,6534.039583431577,0.0624992,True,3
1920,256.736,-1653.3475661993577,-3065.11566934328,210.0,6547.74250039785,3.0,False,3
1921,256.761,-1667.0,-3069.0,209.74937395458596,6549.184224384293,6.383451613089498,False,3
1922,257.0,-1802.0,-3092.0,207.35338218508616,6562.873162494807,38.72934050133678,False,3
1923,257.135,-1912.3946131862513,-3092.7467987312234,206.0,6570.574167064517,57.0,False,3
1924,257.2,-1961.0,-3091.0,205.7968744,6574.280534328058,58.2187536,False,3
1925,257.455,-2072.33168841637,-3074.4300837668025,205.0,6588.796389286739,63.0,False,3
1926,257.56,-2116.0,-3060.0,204.6249993142857,6594.749354331796,66.37500617142857,False,3
1927,257.735,-2209.539223128256,-3024.0931633676582,204.0,6604.663055953408,72.0,False,3
1928,257.76,-2223.0,-3018.0,204.0892864,6606.082288626496,73.6964416,False,3
1929,257.94,-2314.0,-2969.0,204.73214262857144,6616.325082477359,85.91070994285714,False,3
1930,258.015,-2349.5158969340996,-2947.5149566851605,205.0,6620.607500397851,91.0,False,3
1931,258.26,-2469.0,-2865.0,206.22499968,6634.6606054078675,96.51249856,False,3
1932,258.415,-2561.983569217369,-2791.570689641546,207.0,6643.607500397853,100.0,False,3
1933,258.44,-2576.0,-2780.0,207.3125024,6645.054928240672,100.0,False,3
1934,258.575,-2641.754028268976,-2723.045027614708,209.0,6652.89638928674,100.0,False,3
1935,258.735,-2701.660569661727,-2666.728730089584,211.0,6662.274167064519,100.0,False,3
1936,258.86,-2748.0,-2628.0,212.1718744,6669.698378255964,100.0,False,3
1937,259.055,-2823.4036420223556,-2575.863149581751,214.0,6681.296389286741,100.0,False,3
1938,259.26,-2917.0,-2527.0,210.5833344,6693.206705405562,83.48611626666667,False,3
1939,259.32,-2949.0,-2513.0,209.58333013333333,6696.653040914745,78.65276231111112,False,3
1940,259.415,-3000.419073469139,-2493.2145115766693,208.0,6702.096389286742,71.0,False,3
1941,259.62,-3113.0,-2461.0,205.8035721142857,6713.786066211373,68.07142948571429,False,3
1942,259.695,-3154.828294962952,-2452.5390250701503,205.0,6718.040833731186,67.0,False,3
1943,259.8,-3214.0,-2444.0,204.4166656,6723.97637944171,63.7916608,False,3
1944,259.98,-3316.0,-2439.0,203.4166670222222,6734.111981350474,58.291668622222225,False,3
1945,260.055,-3356.822187891251,-2439.680623319665,203.0,6738.340833731187,56.0,False,3
1946,260.18,-3429.0,-2446.0,203.0,6745.401207539566,59.1249984,False,3
1947,260.295,-3511.146672542462,-2460.5135870531726,203.0,6751.874167064521,62.0,False,3
1948,260.46,-3639.0,-2492.0,201.76250048,6761.067642188425,60.76250048,False,3
1949,260.695,-3795.0845662212505,-2547.3860304394825,200.0,6774.096389286742,59.0,False,3
1950,260.901,-3889.0,-2589.0,200.85833386666667,6785.600329338526,59.0,False,3
1951,260.935,-3899.289457074337,-2593.8942762875977,201.0,6787.496389286742,59.0,False,3
1952,261.095,-3931.7934705103876,-2611.4044240345925,200.0,6796.385278175632,52.0,True,3
1953,261.181,-3956.0,-2626.0,198.46428342857143,6801.128831509894,36.33569097142857,True,3
1954,261.361,-4038.0,-2680.0,195.2499977142857,6810.825650466704,3.5499766857142867,True,3
1955,261.375,-4045.7104437454377,-2686.0130369927065,195.0,6811.551944842298,1.0,True,3
1956,261.641,-4198.0,-2825.0,185.0345791751785,6824.528892669923,0.7444763891071405,True,3
1957,262.041,-4276.0,-2923.0,170.04899116099298,6841.3531023207615,0.36023054258956366,True,3
1958,262.221,-4334.0,-3019.0,163.3054765546095,6848.6697517025605,0.18731991165665407,True,3
1959,262.416,-4381.762664991515,-3136.3756870721645,156.0,6856.661944842299,0.0,True,3
1960,262.501,-4396.0,-3184.0,153.8750016,6860.167140108781,0.0,True,3
1961,262.736,-4415.932982168166,-3293.4541982228425,148.0,6869.817500397854,0.0,True,3
1962,262.981,-4419.0,-3377.0,142.75000137142857,6879.510732348832,0.0,True,3
1963,263.016,-4419.06097299743,-3386.7498319061347,142.0,6880.8619448423,0.0,True,3
1964,263.216,-4417.456914925219,-3433.182800596267,137.0,6888.473055953411,0.0,True,3
1965,263.361,-4412.0,-3475.0,137.0,6894.024410769711,1.44999936,True,3
1966,263.416,-4408.708892697776,-3494.821670481899,137.0,6896.084167064522,2.0,False,3
1967,263.441,-4407.0,-3504.0,136.00000256,6897.00577817185,3.37499648,False,3
1968,263.616,-4391.58981433031,-3565.4260723355696,129.0,6903.250833731188,13.0,False,3
1969,263.66,-4387.0,-3580.0,128.3103484250373,6904.791532745912,11.20690590509697,False,3
1970,263.935,-4350.86291413455,-3664.274860064932,124.0,6914.238611508967,0.0,False,3
1971,264.02,-4333.0,-3691.0,122.9375008,6917.110036274582,2.4791648,False,3
1972,264.175,-4290.068142814775,-3742.122194031007,121.0,6922.305278175634,7.0,False,3
1973,264.26,-4267.0,-3766.0,120.6458336,6925.1432624375775,13.7291616,False,3
1974,264.415,-4233.292646653855,-3795.3084264085787,120.0,6930.305278175634,26.0,False,3
1975,264.575,-4198.040851372814,-3815.5738404060685,120.0,6935.638611508966,31.0,False,3
1976,264.6,-4191.0,-3819.0,120.1785728,6936.477533638772,32.339296,False,3
1977,264.855,-4100.293515778514,-3855.8643256433093,122.0,6945.127500397855,46.0,False,3
1978,264.88,-4091.0,-3859.0,122.20833493333333,6945.9809906907085,46.9375072,False,3
1979,265.095,-4013.559078434586,-3879.9429210627645,124.0,6953.394167064522,55.0,False,3
1980,265.415,-3906.465061203206,-3891.2016422564616,130.0,6964.9497226200765,64.0,False,3
1981,265.695,-3810.5602921899463,-3892.2106250472602,135.0,6975.449722620075,76.0,False,3
1982,265.9,-3734.0,-3893.0,140.85714102857142,6983.523215300949,77.46428525714286,False,3
1983,265.975,-3704.65008981759,-3893.2994952697486,143.0,6986.571944842299,78.0,False,3
1984,266.12,-3646.0,-3894.0,147.9843816,6992.61569049553,84.796884,False,3
1985,266.295,-3572.216397338626,-3895.349057538601,154.0,7000.260833731187,93.0,False,3
1986,266.44,-3508.0,-3897.0,160.88750912,7006.972630846694,95.53750336,False,3
1987,266.66,-3406.0,-3901.0,171.33749696,7017.725760866309,99.38749888,False,3
1988,266.695,-3390.040027841099,-3901.9978998747815,173.0,7019.4830559534075,100.0,False,3
1989,266.84,-3319.0,-3908.0,178.4375072,7026.895094029171,100.0,False,3
1990,267.06,-3176.0,-3924.0,186.6874976,7038.496625504404,100.0,False,3
1991,267.095,-3158.515546557171,-3926.080406637571,188.0,7040.371944842298,100.0,False,3
1992,267.295,-3092.8887894614813,-3934.579022106693,196.0,7051.260833731187,100.0,False,3
1993,267.36,-3069.0,-3938.0,198.0892918857143,7054.88520743031,100.0,False,3
1994,267.575,-2957.926842364486,-3954.679071781741,205.0,7067.20527817563,100.0,False,3
1995,267.641,-2912.0,-3962.0,208.02500586666667,7071.094259716143,100.0,False,3
1996,267.815,-2772.3549207414835,-3985.0983923259505,216.0,7081.60527817563,100.0,False,3
1997,267.841,-2755.0,-3988.0,216.8937544,7083.211285609959,100.0,False,3
1998,268.135,-2642.4570306316564,-4007.7349423184387,227.0,7101.783055953407,100.0,False,3
1999,268.181,-2621.0,-4012.0,227.0,7104.677848488653,100.0,False,3
2000,268.295,-2552.920174545737,-4025.9104098347975,227.0,7111.871944842298,100.0,False,3
2001,268.361,-2510.0,-4035.0,229.01108316308043,7116.119642542257,100.0,False,3
2002,268.656,-2322.232933358178,-4077.2836222940978,238.0,7135.738055953409,100.0,False,3
2003,268.661,-2319.0,-4078.0,238.17499776,7136.07525483578,100.0,False,3
2004,268.856,-2190.6398162369464,-4104.960177257535,245.0,7149.349167064518,100.0,False,3
2005,268.881,-2174.0,-4108.0,245.56249856,7151.077346591412,100.0,False,3
2006,269.061,-2053.0,-4126.0,249.61249856,7163.721217066177,100.0,False,3
2007,269.221,-1942.0,-4136.0,253.21249856,7175.08940607285,100.0,False,3
2008,269.256,-1917.4337522545304,-4137.549912826389,254.0,7177.571389286739,100.0,False,3
2009,269.456,-1774.9489945680427,-4142.567136677254,256.0,7191.793611508965,100.0,False,3
2010,269.501,-1742.0,-4143.0,257.23749824,7195.049564608331,100.0,False,3
2011,269.641,-1640.0,-4143.0,261.08749824,7205.349056801508,100.0,False,3
2012,269.856,-1512.0494364362514,-4139.9594518916265,267.0,7221.460278175629,100.0,False,3
2013,269.981,-1388.0,-4134.0,270.1249984,7230.887783792568,100.0,False,3
2014,270.056,-1279.5908687202525,-4128.320602255282,272.0,7236.571389286739,100.0,False,3
2015,270.14,-1161.0,-4122.0,273.25999616,7242.964760865241,100.0,False,3
2016,270.256,-1065.965849949983,-4117.033083894675,275.0,7251.849167064516,100.0,False,3
2017,270.456,-1012.1953941502098,-4114.823653993793,279.0,7267.34916706452,100.0,False,3
2018,270.5,-991.0,-4114.0,279.78852642077806,7270.793929511501,100.0,False,3
2019,270.68,-851.0,-4109.0,283.01433968011906,7285.002042629507,100.0,False,3
2020,270.735,-787.3343883339506,-4107.292633104852,284.0,7289.35916706452,100.0,False,3
2021,270.895,-575.7344241609503,-4102.571631874038,286.0,7302.070278175628,100.0,False,3
2022,270.92,-549.0,-4102.0,286.37500288,7304.067251883114,100.0,False,3
2023,271.095,-427.68270146913903,-4099.496473481925,289.0,7318.1258337311865,100.0,False,3
2024,271.255,-371.7340709293124,-4098.652745172251,291.0,7331.059167064517,100.0,False,3
2025,271.34,-322.0,-4098.0,292.770832,7338.002642395524,100.0,False,3
2026,271.495,-195.7876507836172,-4096.439429908481,296.0,7350.792500397851,100.0,False,3
2027,271.54,-157.0,-4096.0,296.703124,7354.529523724917,100.0,False,3
2028,271.76,24.0,-4094.0,300.140628,7372.930402509852,100.0,False,3
2029,271.815,67.0685790707533,-4093.3149493923574,301.0,7377.548055953406,100.0,False,3
2030,271.98,208.0,-4091.0,302.64999936,7391.429803350082,100.0,False,3
2031,272.015,245.78195411158222,-4090.580414487126,303.0,7394.381389286738,100.0,False,3
2032,272.2,461.0,-4089.0,304.32142994285715,7410.028726116565,100.0,False,3
2033,272.295,535.2116364853318,-4088.7476254262483,305.0,7418.103611508963,100.0,False,3
2034,272.5,647.0,-4090.0,307.5624992,7435.63215304038,100.0,False,3
2035,272.535,671.2858869173159,-4090.5541539009946,308.0,7438.636944842297,100.0,False,3
2036,272.7,817.0,-4099.0,309.64999936,7452.841677251852,100.0,False,3
2037,272.735,856.8486976268377,-4103.80372542138,310.0,7455.859167064518,100.0,False,3
2038,272.975,1165.8275369264597,-4156.948996365249,311.0,7476.592500397852,100.0,False,3
2039,272.98,1171.0,-4158.0,311.0624992,7477.026174526907,100.0,False,3
2040,273.135,1292.105438993453,-4186.392588100215,313.0,7490.503611508961,100.0,False,3
2041,273.42,1424.0,-4235.0,313.71249984,7515.327065582567,100.0,False,3
2042,273.535,1502.9489290265233,-4262.935441324854,314.0,7525.392500397853,100.0,False,3
2043,273.68,1640.0,-4311.0,315.5535734857143,7538.143082245018,100.0,False,3
2044,273.815,1819.7404710831827,-4374.709025188469,317.0,7550.048055953406,100.0,False,3
2045,273.9,1929.0,-4413.0,317.2656248,7557.548587324893,100.0,False,3
2046,274.135,2133.9126031990813,-4480.90182991386,318.0,7578.314722620073,100.0,False,3
2047,274.261,2214.0,-4506.0,318.7875008,7589.477125752219,100.0,False,3
2048,274.295,2234.3586933660995,-4512.348457575985,319.0,7592.492500397853,100.0,False,3
2049,274.615,2412.010556300259,-4566.892726599155,320.0,7620.936944842297,100.0,False,3
2050,274.701,2469.0,-4584.0,320.23822737468237,7628.599255374233,100.0,False,3
2051,274.861,2605.0,-4623.0,320.6814404353558,7642.870962781897,100.0,False,3
2052,274.976,2769.3848800883966,-4664.620397949025,321.0,7653.126111508962,100.0,False,3
2053,275.081,2916.0,-4700.0,321.0,7662.484209563216,100.0,False,3
2054,275.176,3001.4686399964426,-4719.468400622237,321.0,7670.959444842294,100.0,False,3
2055,275.376,3078.572902017625,-4732.202454956156,322.0,7688.848333731183,100.0,False,3
2056,275.441,3110.0,-4737.0,322.0,7694.658384342036,100.0,False,3
2057,275.576,3197.4124380861067,-4750.973181069022,322.0,7706.737222620075,100.0,False,3
2058,275.776,3404.175224851112,-4775.4606813096725,324.0,7724.737222620073,100.0,False,3
2059,275.781,3411.0,-4776.0,323.9843752,7725.187162046668,100.0,False,3
2060,275.981,3716.0,-4793.0,323.3593752,7743.1539238460555,100.0,False,3
2061,276.096,3843.4154728528692,-4795.745490425965,323.0,7753.448333731183,100.0,False,3
2062,276.301,3985.0,-4792.0,321.7187504,7771.726246610271,100.0,False,3
2063,276.416,4048.046905277772,-4789.652747125553,321.0,7781.981667064516,100.0,False,3
2064,276.641,4182.0,-4782.0,321.8035712,7802.10411552864,100.0,False,3
2065,276.696,4229.467435998702,-4778.577386646165,322.0,7807.026111508963,100.0,False,3
2066,276.856,4399.938909054396,-4764.829813723383,322.0,7821.337222620072,100.0,False,3
2067,276.96,4520.0,-4752.0,321.35,7830.619614404952,100.0,False,3
2068,277.016,4585.521119040928,-4743.708544276491,321.0,7835.60388928674,100.0,False,3
2069,277.216,4813.12380076691,-4709.224132111955,319.0,7853.326111508961,100.0,False,3
2070,277.28,4871.0,-4700.0,319.0,7858.997042404393,100.0,False,3
2071,277.415,4962.50027721273,-4685.232330760193,319.0,7870.959722620073,100.0,False,3
2072,277.695,5092.3083840440795,-4656.383305092558,318.0,7895.693055953405,100.0,False,3
2073,277.8,5199.0,-4626.0,317.47499904,7904.944390583998,100.0,False,3
2074,277.895,5331.085240269071,-4587.193866039234,317.0,7913.304167064514,100.0,False,3
2075,278.02,5503.0,-4536.0,316.55357165714287,7924.288874124195,100.0,False,3
2076,278.175,5607.289274409552,-4504.567016307918,316.0,7937.881944842295,100.0,False,3
2077,278.335,5645.517362379905,-4491.278121144493,315.0,7951.881944842291,100.0,False,3
2078,278.44,5737.0,-4460.0,315.0,7961.072847964757,100.0,False,3
2079,278.495,5809.245980467355,-4435.429213021632,315.0,7965.881944842293,100.0,False,3
2080,278.62,6002.0,-4370.0,314.37500032,7976.786969299141,100.0,False,3
2081,278.695,6099.872937981246,-4336.769773834244,314.0,7983.326389286736,100.0,False,3
2082,278.935,6308.071491014046,-4266.00020761482,314.0,8004.2597226200705,100.0,False,3
2083,279.095,6368.72778346612,-4245.294539495469,313.0,8018.170833731183,100.0,False,3
2084,279.415,6542.439520915214,-4186.208986085955,313.0,8045.993055953404,100.0,False,3
2085,279.42,6546.0,-4185.0,312.9791669333333,8046.4269643735315,100.0,False,3
2086,279.655,6738.130446400157,-4119.745295457616,312.0,8066.7930559534,100.0,False,3
2087,279.72,6793.0,-4101.0,312.0,8072.427577021688,100.0,False,3
2088,279.9,6941.0,-4050.0,312.0,8088.030598271471,100.0,False,3
2089,279.935,6969.715652681483,-4040.005270146344,312.0,8091.05972262007,100.0,False,3
2090,280.08,7088.0,-3998.0,311.3958325333333,8103.588923554764,100.0,False,3
2091,280.175,7162.873850206411,-3969.8735233657753,311.0,8111.793055953403,100.0,False,3
2092,280.28,7245.0,-3938.0,311.0,8120.8652739885965,100.0,False,3
2093,280.455,7384.993369545372,-3882.614515344623,311.0,8135.9819448422895,100.0,False,3
2094,280.46,7389.0,-3881.0,310.98750016,8136.413415665596,100.0,False,3
2095,280.661,7549.0,-3815.0,310.48499968,8153.73789520181,100.0,False,3
2096,280.855,7699.9376896023505,-3750.0705302514702,310.0,8170.426389286737,100.0,False,3
2097,280.981,7802.0,-3705.0,309.68499968,8181.251087413748,100.0,False,3
2098,281.221,8006.0,-3613.0,309.08499968,8201.84399686463,100.0,False,3
2099,281.255,8032.446952017978,-3600.853401126516,309.0,8204.759722620069,100.0,False,3
2100,281.521,8222.0,-3512.0,308.17133966075636,8227.538427126323,100.0,False,3
2101,281.576,8263.600357565887,-3492.3130477080163,308.0,8232.223055953404,100.0,False,3
2102,281.701,8361.0,-3446.0,305.6562512,8242.825327952349,60.93752,False,3
2103,281.881,8498.0,-3380.0,302.2812512,8257.84113073462,4.687519999999992,False,3
2104,281.896,8509.18933615292,-3374.5776666294214,302.0,8259.067500397847,0.0,True,3
2105,282.056,8626.27463244861,-3317.584682940581,286.0,8271.778611508955,0.0,True,3
2106,282.241,8754.0,-3254.0,268.3809584761905,8284.817562666927,0.0,True,3
2107,282.421,8868.0,-3195.0,251.23810133333333,8295.64881070202,0.0,True,3
2108,282.621,8984.0,-3133.0,232.1904822857143,8306.061782368273,0.0,True,3
2109,282.821,9093.0,-3072.0,213.14286323809523,8316.135587278291,0.0,True,3
2110,282.896,9133.005638181628,-3049.0939146031287,206.0,8319.845278175624,0.0,True,3
2111,283.081,9225.0,-2995.0,188.0138951111111,8328.837132512872,0.0,True,3
2112,283.256,9292.527152360335,-2952.3277590889343,171.0,8336.945278175623,0.0,True,3
2113,283.34,9323.0,-2932.0,165.4875168,8340.637689781377,0.0,True,3
2114,283.52,9389.0,-2886.0,153.675,8348.097168891283,0.0,True,3
2115,283.576,9407.691792699623,-2872.2485431810455,150.0,8350.278611508958,0.0,True,3
2116,283.816,9478.13519884504,-2814.4359318069487,130.0,8358.945278175623,0.0,True,3
2117,283.84,9485.0,-2808.0,129.19777115869655,8359.771554236588,0.0,True,3
2118,284.12,9558.0,-2732.0,119.838434676823,8368.987731307503,0.0,True,3
2119,284.175,9566.888878064072,-2722.631967585514,118.0,8370.712500397845,0.0,True,3
2120,284.44,9597.0,-2684.0,108.53570742857143,8378.674323836149,0.0,True,3
2121,284.455,9599.794982791895,-2679.524395318587,108.0,8379.112500397845,0.0,True,3
2122,284.66,9646.0,-2602.0,104.1562512,8384.98979529819,0.0,True,3
2123,284.775,9662.732435555903,-2573.719366237193,102.0,8388.17916706451,0.0,True,3
2124,285.015,9672.368908695495,-2547.804944401215,96.0,8394.57916706451,0.0,False,3
2125,285.14,9674.0,-2512.0,94.75000064,8397.818078326196,0.0,False,3
2126,285.3,9675.0,-2444.0,93.15000064,8401.890873421642,0.0,False,3
2127,285.415,9673.491470323776,-2417.9912983134673,92.0,8404.801389286733,0.0,False,3
2128,285.62,9658.0,-2396.0,91.43055573333334,8409.968307264646,11.388885333333333,False,3
2129,285.775,9625.801341109152,-2350.3287625515864,91.0,8413.901389286732,20.0,False,3
2130,285.94,9589.0,-2299.0,92.37499946666667,8418.147459527703,33.06249493333333,False,3
2131,286.015,9577.665006958241,-2284.508881834968,93.0,8420.101389286732,39.0,False,3
2132,286.32,9544.0,-2254.0,95.77272901818182,8428.225170963755,44.545458036363634,False,3
2133,286.455,9513.780015602462,-2227.321561001877,97.0,8431.956944842288,47.0,False,3
2134,286.6,9473.0,-2192.0,99.90000384,8436.077295327823,51.35000576,False,3
2135,286.855,9396.465003784257,-2130.33111344533,105.0,8443.623611508956,59.0,False,3
2136,286.92,9381.0,-2118.0,107.8437584,8445.613889088354,62.2500096,False,3
2137,287.015,9363.279562841142,-2103.717357605182,112.0,8448.601389286732,67.0,False,3
2138,287.301,9323.0,-2068.0,120.937504,8458.287946020004,68.7875008,False,3
2139,287.335,9315.786379838879,-2061.159564621213,122.0,8459.445833731177,69.0,False,3
2140,287.501,9275.0,-2021.0,120.6166656,8465.024663791617,37.1833088,False,3
2141,287.695,9232.219037515551,-1972.513788136028,119.0,8471.345833731177,0.0,True,3
2142,287.701,9231.0,-1971.0,118.82499626666667,8471.537096175964,0.0,True,3
2143,287.935,9188.162661337214,-1910.869784579489,112.0,8478.812500397844,0.0,True,3
2144,287.961,9184.0,-1904.0,111.48258501166009,8479.602561499547,0.0,True,3
2145,288.136,9159.177542511457,-1856.6640635068416,108.0,8484.842500397845,0.0,True,3
2146,288.261,9145.0,-1823.0,106.4375008,8488.524092150625,0.0,True,3
2147,288.376,9134.658561055454,-1792.638393450005,105.0,8491.842500397843,0.0,True,3
2148,288.441,9130.0,-1773.0,103.91666773333333,8493.678675275009,1.6249984,True,3
2149,288.701,9120.0,-1679.0,99.5833344,8500.795896307229,8.124998399999999,True,3
2150,288.736,9119.661290966043,-1669.9974351115777,99.0,8501.742500397842,9.0,False,3
2151,288.961,9123.0,-1630.0,97.12500053333333,8507.80406525089,27.74999466666667,False,3
2152,288.976,9123.55166888376,-1626.7254897062396,97.0,8508.20916706451,29.0,False,3
2153,289.201,9136.0,-1566.0,97.8035712,8514.322292456449,41.053568,False,3
2154,289.256,9139.806071105599,-1551.0600971216943,98.0,8515.831389286732,44.0,False,3
2155,289.496,9161.746898704481,-1489.3126764399378,100.0,8522.498055953398,47.0,False,3
2156,289.541,9168.0,-1478.0,100.44999936,8523.7640956772,47.44999936,False,3
2157,289.561,9171.0,-1473.0,100.64999936,8524.328453221393,47.64999936,False,3
2158,289.696,9188.235462276973,-1442.1248343169739,102.0,8528.164722620066,49.0,False,3
2159,289.861,9209.0,-1407.0,102.9519227076923,8532.916858857297,48.68269243076923,False,3
2160,290.06,9245.0,-1362.0,104.09999852307692,8538.733565998707,48.300000492307696,False,3
2161,290.216,9275.926851186907,-1329.6328576969297,105.0,8543.331389286732,48.0,False,3
2162,290.24,9281.0,-1325.0,105.24,8544.041332384566,48.72,False,3
2163,290.416,9321.226560283523,-1293.9024742299139,107.0,8549.275833731175,54.0,False,3
2164,290.44,9327.0,-1290.0,107.25714285714285,8549.995382138628,54.6,False,3
2165,290.64,9379.0,-1260.0,109.4,8556.074517311861,59.6,False,3
2166,290.696,9396.302333968873,-1252.094348867752,110.0,8557.831389286732,61.0,False,3
2167,290.98,9503.0,-1218.0,118.01253678497511,8567.179772933307,63.670845594991704,False,3
2168,291.015,9517.714042009042,-1215.21847864126,119.0,8568.376111508953,64.0,False,3
2169,291.38,9662.0,-1203.0,126.46590778181819,8581.317640874673,73.1249984,False,3
2170,291.455,9676.946408237123,-1202.3422709480449,128.0,8584.020555953397,75.0,False,3
2171,291.615,9700.889814803955,-1202.012030756053,131.0,8589.84277817562,79.0,False,3
2172,291.64,9707.0,-1202.0,131.892864,8590.779042464543,79.446432,False,3
2173,291.895,9803.93710922512,-1202.0079339171984,141.0,8600.809444842285,84.0,False,3
2174,291.9,9806.0,-1202.0,141.156248,8601.01361365021,83.687504,False,3
2175,292.12,9895.0,-1200.0,148.031256,8610.233298523113,69.937488,False,3
2176,292.215,9933.350969983401,-1196.4863163638336,151.0,8614.231667064507,64.0,False,3
2177,292.415,10014.516533817168,-1182.8853295812767,150.0,8622.565000397843,48.0,False,3
2178,292.615,10095.660220779242,-1160.7624566560903,151.0,8630.953889286731,53.0,False,3
2179,292.775,10157.305002051344,-1136.3318219316197,151.0,8637.665000397841,55.0,False,3
2180,292.934,10215.0,-1106.0,151.0,8644.347531149722,55.0,False,3
2181,292.975,10229.301025795681,-1097.1998829346264,151.0,8646.053889286732,55.0,False,3
2182,293.113,10277.0,-1063.0,148.12499733333334,8651.715175293592,23.9499712,False,3
2183,293.215,10314.225130748819,-1030.1680030597308,146.0,8655.787222620063,1.0,True,3
2184,293.414,10383.0,-958.0,138.18214034285714,8663.38268416567,0.2892854857142857,True,3
2185,293.495,10404.103184510444,-932.0747853954784,135.0,8666.287222620065,0.0,True,3
2186,293.673,10440.0,-880.0,124.9874928,8672.225361808072,0.0,True,3
2187,293.815,10465.102145667037,-838.91619551012,117.0,8676.687222620065,0.0,True,3
2188,293.833,10468.0,-834.0,116.27999488,8677.24390896779,0.0,True,3
2189,293.974,10490.0,-794.0,110.63999744,8681.529255574573,0.0,True,3
2190,294.015,10497.767316203353,-777.7085356603027,109.0,8682.74277817562,0.0,True,3
2191,294.173,10530.0,-704.0,104.48571062857143,8687.267866444756,0.0,True,3
2192,294.295,10545.410860593047,-665.6706424688398,101.0,8690.598333731175,0.0,True,3
2193,294.535,10552.050488016215,-636.8196238040412,93.0,8696.798333731176,0.0,False,3
2194,294.693,10557.0,-608.0,92.01557611529404,8700.811584051204,0.0,False,3
2195,294.774,10561.0,-587.0,91.51090391871168,8702.856620586716,0.0,False,3
2196,294.856,10564.045147494426,-566.1005081027804,91.0,8704.912500397842,0.0,False,3
2197,295.033,10566.0,-524.0,89.23000064,8709.295371617982,0.0,False,3
2198,295.056,10565.776702027157,-518.7170503840058,89.0,8709.856944842286,0.0,False,3
2199,295.216,10560.282999348296,-483.6239735385773,87.0,8713.723611508953,4.0,False,3
2200,295.234,10559.0,-480.0,87.0562496,8714.159316434512,6.1374848,False,3
2201,295.394,10541.0,-451.0,87.5562496,8718.056697281032,25.1374848,False,3
2202,295.536,10515.638533515259,-429.44651671684215,88.0,8721.545833731174,42.0,False,3
2203,295.614,10499.0,-419.0,88.77999872,8723.472565938395,46.67999232,False,3
2204,295.736,10470.188706884932,-404.26773629132003,90.0,8726.545833731174,54.0,False,3
2205,295.794,10456.0,-397.0,91.4499968,8728.059219246867,54.483332266666665,False,3
2206,295.976,10412.219343450757,-370.499679494791,96.0,8732.945833731173,56.0,False,3
2207,296.054,10398.0,-357.0,96.0,8735.033017431777,47.98334648888889,False,3
2208,296.234,10381.0,-317.0,96.0,8739.820605539591,29.483346488888888,False,3
2209,296.336,10379.974076466175,-280.9553621712999,96.0,8742.545833731174,19.0,False,3
2210,296.533,10388.0,-206.0,96.54722204444444,8747.853073884067,29.944440888888888,False,3
2211,296.696,10393.814565336826,-178.12821664803133,97.0,8752.245833731175,39.0,False,3
2212,296.813,10400.0,-157.0,97.0,8755.386057108071,40.4624992,False,3
2213,296.856,10403.145682425466,-145.56296504888198,97.0,8756.556944842285,41.0,False,3
2214,297.136,10430.668866968927,-40.66549710088766,103.0,8764.568055953398,62.0,False,3
2215,297.193,10435.0,-24.0,104.8321408,8766.294557693178,62.4071424,False,3
2216,297.416,10445.534844067464,15.749240533813126,112.0,8773.279167064507,64.0,False,3
2217,297.514,10453.0,40.0,112.6163521405007,8776.371172318173,61.53459143799721,False,3
2218,297.575,10459.685961584064,60.95213549216875,113.0,8778.27000039784,60.0,False,3
2219,297.753,10483.0,132.0,108.5499968,8783.610128637843,21.85711542857143,False,3
2220,297.853,10493.0,161.0,106.0499968,8786.45869261392,0.4285440000000006,False,3
2221,297.855,10493.192387554896,161.5329436499847,106.0,8786.514444842285,0.0,True,3
2222,298.093,10517.0,224.0,96.64999497142857,8792.83528761982,0.0,True,3
2223,298.135,10521.809119864927,237.98970920429397,95.0,8793.903333731174,0.0,True,3
2224,298.335,10545.91921785285,314.42840135140005,89.0,8798.847778175617,0.0,True,3
2225,298.413,10552.0,334.0,88.0249984,8800.732222717737,0.0,True,3
2226,298.654,10557.0,356.0,85.0124992,8806.380651214842,0.0,True,3
2227,298.655,10557.01115613118,356.14930120332076,85.0,8806.403333731172,0.0,True,3
2228,298.833,10559.0,395.0,80.5499968,8810.339249323597,0.0,True,3
2229,298.895,10558.952798267637,408.16253202456454,79.0,8811.670000397839,0.0,False,3
2230,299.053,10553.0,440.0,75.83999744,8814.977733965281,0.0,False,3
2231,299.095,10548.584355414332,449.57051309698113,75.0,8815.836667064506,0.0,False,3
2232,299.373,10502.0,514.0,71.91110968888889,8821.332317534498,24.71112248888889,False,3
2233,299.455,10492.11364009283,524.9880239413876,71.0,8822.936667064505,32.0,False,3
2234,299.615,10479.774648620287,534.5421851200592,71.0,8826.092222620062,43.0,False,3
2235,299.754,10464.0,544.0,72.7375008,8828.916980509177,45.171876,False,3
2236,299.935,10431.44851148685,563.7817744476012,75.0,8832.758889286728,48.0,False,3
2237,299.974,10424.0,568.0,75.8531264,8833.616892019061,48.0,False,3
2238,300.054,10409.0,576.0,77.6031264,8835.41052193843,48.0,False,3
2239,300.255,10373.422790427448,593.1109846397343,82.0,8840.047778175616,48.0,False,3
2240,300.453,10325.0,611.0,85.30000213333334,8844.7299746096,55.425004799999996,False,3
2241,300.495,10310.961659042518,615.5674334302051,86.0,8845.78111150895,57.0,False,3
2242,300.634,10259.0,631.0,90.73863854545455,8849.458138641965,60.790910836363636,False,3
2243,300.935,10160.958773881977,650.2834332566367,101.0,8858.125555953395,69.0,False,3
2244,301.013,10144.0,653.0,103.27500373333334,8860.409583646107,70.30000213333334,False,3
2245,301.175,10123.159994737398,656.4118695219835,108.0,8865.325555953395,73.0,False,3
2246,301.374,10075.0,660.0,119.56016048319165,8872.036951735352,75.47717724639821,False,3
2247,301.416,10053.423744830225,661.2617921376437,122.0,8873.492778175618,76.0,False,3
2248,301.576,9955.840080178401,666.5912383341347,127.0,8879.137222620064,89.0,False,3
2249,301.594,9948.0,667.0,127.84999395555556,8879.800783765946,89.54999608888889,False,3
2250,301.894,9886.0,669.0,142.01666062222222,8891.78160950991,98.71666275555556,False,3
2251,301.936,9865.42432888977,669.565947660048,144.0,8893.537222620062,100.0,False,3
2252,302.096,9742.781734226413,673.1931157535734,154.0,8900.381667064506,100.0,False,3
2253,302.234,9647.0,676.0,161.39285028571427,8906.67335082406,100.0,False,3
2254,302.376,9593.37456217218,677.4108193481035,169.0,8913.526111508949,100.0,False,3
2255,302.534,9534.0,679.0,175.91249439999999,8921.561303107981,100.0,False,3
2256,302.794,9341.0,685.0,187.28749439999999,8935.496089557531,100.0,False,3
2257,302.856,9307.002218003256,686.1661599567785,190.0,8938.859444842283,100.0,False,3
2258,303.016,9255.354451279298,688.2421527983221,197.0,8947.61500039784,100.0,False,3
2259,303.173,9199.0,690.0,201.5791648,8956.44494879971,100.0,False,3
2260,303.256,9155.832295384464,691.0206474604726,204.0,8961.215000397837,100.0,False,3
2261,303.393,9074.0,693.0,208.281248,8969.239671760897,100.0,False,3
2262,303.576,8967.043793760065,696.6182667737153,214.0,8980.237222620062,100.0,False,3
2263,303.593,8956.0,697.0,214.531248,8981.273897224748,100.0,False,3
2264,303.896,8723.346746581894,704.5828510974159,224.0,9000.148333731173,100.0,False,3
2265,303.913,8710.0,705.0,224.4874536974592,9001.226099407866,100.0,False,3
2266,304.175,8514.234542485838,710.8930352450319,232.0,9018.128333731172,100.0,False,3
2267,304.314,8437.0,713.0,236.7781272,9027.416209650593,100.0,False,3
2268,304.495,8371.067214624874,714.440080811026,243.0,9039.728333731173,100.0,False,3
2269,304.553,8344.0,715.0,243.80555733333333,9043.68428107899,100.0,False,3
2270,304.813,8166.0,719.0,247.41666844444444,9061.5756656218,100.0,False,3
2271,304.855,8139.487741987898,719.685762930452,248.0,9064.528333731174,100.0,False,3
2272,305.033,8012.0,723.0,253.78500416,9077.273773205512,100.0,False,3
2273,305.213,7781.0,728.0,259.63500416,9090.439572200725,100.0,False,3
2274,305.255,7738.73567410049,728.9106638516471,261.0,9093.528333731172,100.0,False,3
2275,305.535,7618.569723396473,731.6754998106339,267.0,9114.29500039784,100.0,False,3
2276,305.653,7561.0,733.0,268.9666688,9123.163110079866,100.0,False,3
2277,305.833,7426.0,736.0,271.9666688,9136.838612828435,100.0,False,3
2278,305.895,7378.602012484944,737.0368648527511,273.0,9141.595000397838,100.0,False,3
2279,306.014,7289.0,739.0,275.6031264,9150.79106748951,100.0,False,3
2280,306.193,7151.0,742.0,279.5187528,9164.759867376657,100.0,False,3
2281,306.215,7134.535676998127,742.3095751020188,280.0,9166.483889286726,100.0,False,3
2282,306.413,6979.0,745.0,282.82857325714286,9182.070531498288,100.0,False,3
2283,306.495,6894.1118615977975,746.8491497493864,284.0,9188.572778175618,100.0,False,3
2284,306.693,6678.0,752.0,286.75000177777775,9204.402288790508,100.0,False,3
2285,306.855,6574.896430150316,754.1834475807678,289.0,9217.47277817562,100.0,False,3
2286,307.034,6485.0,756.0,291.55714377142857,9232.022982238326,100.0,False,3
2287,307.135,6414.837430253509,757.6412660105719,293.0,9240.261667064506,100.0,False,3
2288,307.294,6273.0,761.0,293.79500032,9253.248625720787,100.0,False,3
2289,307.335,6229.42130230544,761.9843075339579,294.0,9256.595000397838,100.0,False,3
2290,307.574,5964.0,768.0,294.0,9276.06919021092,100.0,False,3
2291,307.695,5882.9486704898945,770.338778088081,294.0,9285.99500039784,100.0,False,3
2292,307.894,5782.0,774.0,297.09968761638623,9302.496710952828,100.0,False,3
2293,308.016,5685.122219246464,777.0936638241944,299.0,9312.655833731174,100.0,False,3
2294,308.114,5599.0,780.0,299.6124992,9320.81477446699,100.0,False,3
2295,308.176,5545.339636673358,782.0066103508752,300.0,9325.989167064505,100.0,False,3
2296,308.394,5365.0,789.0,301.8166656,9344.314931515037,100.0,False,3
2297,308.536,5250.022785359303,792.3702627300246,303.0,9356.289167064506,100.0,False,3
2298,308.554,5231.0,793.0,303.0,9357.806089777217,100.0,False,3
2299,308.754,4962.0,803.0,303.0,9374.64111952609,100.0,False,3
2300,308.776,4936.71101720334,803.9218591618417,303.0,9376.489167064507,100.0,False,3
2301,309.016,4772.191525127564,809.0121751139918,302.0,9396.62250039784,100.0,False,3
2302,309.216,4671.806158607795,812.4918278196751,303.0,9413.455833731172,100.0,False,3
2303,309.234,4660.0,813.0,302.91000064,9414.96762407439,100.0,False,3
2304,309.374,4543.0,818.0,302.21000064,9426.694613467957,100.0,False,3
2305,309.554,4291.0,826.0,301.31000064,9441.72176235801,100.0,False,3
2306,309.616,4223.312623306378,828.212953738041,301.0,9446.900278175615,100.0,False,3
2307,309.993,4023.0,836.0,301.0,9478.420724546055,100.0,False,3
2308,310.056,3977.2513465039974,837.3696054382498,301.0,9483.689167064504,100.0,False,3
2309,310.153,3890.0,840.0,301.0,9491.800215892858,100.0,False,3
2310,310.216,3819.8964447509084,842.3438676756194,301.0,9497.066944842283,100.0,False,3
2311,310.393,3605.0,850.0,301.0,9511.863263012574,100.0,False,3
2312,310.416,3582.2296063851913,850.811178141353,301.0,9513.789167064504,100.0,False,3
2313,310.656,3427.342072177664,856.2312006738093,302.0,9533.922500397837,100.0,False,3
2314,310.834,3321.0,860.0,301.25833386666665,9548.807661462157,100.0,False,3
2315,310.896,3273.7903097260496,861.7080233635381,301.0,9553.989167064505,100.0,False,3
2316,311.093,3103.0,868.0,301.0,9570.460323292153,100.0,False,3
2317,311.135,3067.342103432841,869.342882044673,301.0,9573.972222620057,100.0,False,3
2318,311.253,2970.0,873.0,301.0,9583.838445966327,100.0,False,3
2319,311.335,2904.6492682012363,875.3408609279178,301.0,9590.694444842278,100.0,False,3
2320,311.493,2769.0,880.0,301.0,9603.905002201334,100.0,False,3
2321,311.655,2591.027452628173,886.1067532589694,301.0,9617.450000397834,100.0,False,3
2322,311.714,2535.0,888.0,301.0,9622.383007922332,100.0,False,3
2323,311.895,2420.3482318896245,891.7479611556198,301.0,9637.516667064501,100.0,False,3
2324,311.954,2385.0,893.0,301.0,9642.45004875358,100.0,False,3
2325,312.215,2183.5176586090042,900.8308101669179,301.0,9664.272222620057,100.0,True,3
2326,312.313,2085.0,904.0,301.0,9672.462271330172,100.0,True,3
2327,312.514,1851.0,910.0,301.0,9689.268900954146,100.0,True,3
2328,312.535,1827.1649061859878,910.5487793092176,301.0,9691.027778175616,100.0,True,3
2329,312.775,1578.9980863552323,915.5741620817729,302.0,9711.161111508945,100.0,True,3
2330,312.973,1432.0,918.0,302.0,9727.770039313515,100.0,True,3
2331,313.015,1409.5672237275962,918.3151059531682,302.0,9731.294444842279,100.0,False,3
2332,313.253,1298.0,920.0,302.0,9751.268376423039,100.0,False,3
2333,313.295,1266.803645986952,920.6900864095087,302.0,9754.78333373117,100.0,False,3
2334,313.414,1164.0,923.0,301.2562496,9764.717651666437,100.0,False,3
2335,313.615,997.471013700529,925.7028376447818,300.0,9781.450000397836,100.0,False,3
2336,313.634,980.0,926.0,300.0,9783.031873306225,100.0,False,3
2337,313.974,629.0,933.0,300.0,9811.366508761901,100.0,False,3
2338,313.975,628.1328053533731,933.0174854398758,300.0,9811.450000397837,100.0,False,3
2339,314.255,444.1590932738249,936.5264481730703,301.0,9834.861111508946,100.0,False,3
2340,314.374,362.0,938.0,301.0,9844.811667713095,100.0,False,3
2341,314.496,260.34578716049845,939.8130571395341,301.0,9855.011389286723,100.0,False,3
2342,314.573,195.0,941.0,301.0,9861.448705389932,100.0,False,3
2343,314.696,97.69772276059334,942.8336188003419,301.0,9871.73361150895,100.0,False,3
2344,314.834,-21.0,945.0,301.0,9883.280182522127,100.0,False,3
2345,314.976,-176.00880527194388,947.5805495938181,301.0,9895.144722620058,100.0,False,3
2346,315.054,-255.0,949.0,300.61000064,9901.643494937061,100.0,False,3
2347,315.176,-350.68551687939566,951.0822436174727,300.0,9911.811389286724,100.0,False,3
2348,315.336,-446.9612144057084,953.497847717817,301.0,9925.189167064504,100.0,False,3
2349,315.374,-472.0,954.0,300.32143085714284,9928.343844615067,100.0,False,3
2350,315.614,-680.0,959.0,296.03571657142857,9948.047939577102,100.0,False,3
2351,315.616,-682.5643021522371,959.0995509295099,296.0,9948.211389286724,100.0,False,3
2352,315.794,-939.0,971.0,294.0928585142857,9962.7245467314,100.0,False,3
2353,315.896,-1025.2854571721807,976.0313017818894,293.0,9971.000278175616,100.0,False,3
2354,316.134,-1116.0,986.0,288.5375024,9990.119380394362,100.0,False,3
2355,316.216,-1177.505559065424,992.370877340034,287.0,9996.511389286727,100.0,False,3
2356,316.493,-1446.0,1019.0,270.5531288,10017.186741952111,13.437519999999992,False,3
2357,316.536,-1476.63879975548,1022.0414288735225,268.0,10020.333611508948,0.0,True,3
2358,316.696,-1562.0875624218174,1030.6067765167672,258.0,10031.800278175617,0.0,True,3
2359,316.773,-1605.0,1035.0,248.58889671111112,10036.873032853115,0.0,True,3
2360,316.953,-1722.0,1047.0,226.58889671111112,10047.508617060617,0.0,True,3
2361,317.056,-1785.881109540005,1053.1059488368517,214.0,10053.200278175615,0.0,True,3
2362,317.333,-1939.0,1067.0,186.3000064,10067.519490448753,0.0,True,3
2363,317.336,-1940.5628987597895,1067.1539600282708,186.0,10067.666944842284,0.0,True,3
2364,317.433,-1990.0,1072.0,179.1291712,10072.34769894606,0.0,True,3
2365,317.576,-2058.1074877151277,1076.7253382169622,169.0,10078.93361150895,0.0,True,3
2366,317.713,-2119.0,1079.0,158.67336169490173,10084.879229037388,0.0,True,3
2367,317.775,-2145.5031609157186,1079.5428750911028,154.0,10087.446389286726,0.0,True,3
2368,317.993,-2233.0,1079.0,141.0562424,10095.8441033351,0.0,True,3
2369,318.095,-2270.4246626743156,1077.3909907739971,135.0,10099.446389286728,0.0,True,3
2370,318.455,-2384.2519657936227,1064.774562585024,112.0,10110.646389286727,0.0,True,3
2371,318.735,-2456.141439202164,1048.2023238500617,98.0,10118.26861150895,0.0,True,3
2372,318.895,-2492.175737484649,1036.4292965223258,94.0,10122.446389286726,0.0,True,3
2373,318.913,-2496.0,1035.0,93.36999552,10122.898202594153,0.0,True,3
2374,319.095,-2532.372805393572,1018.8141760336475,87.0,10127.27972262006,0.0,True,3
2375,319.193,-2553.0,1004.0,85.52999808,10129.60689277246,0.0,True,3
2376,319.295,-2576.6414121275275,981.6305436684507,84.0,10131.946389286726,0.0,True,3
2377,319.473,-2613.0,940.0,77.3249952,10135.666952945634,0.0,True,3
2378,319.535,-2619.7628368732176,930.9834270035587,75.0,10136.946389286726,0.0,True,3
2379,319.735,-2625.2761331587,914.8128976763063,75.0,10141.113055953392,0.0,True,3
2380,319.793,-2627.0,907.0,73.3083296,10142.254221838733,0.7250015999999999,True,3
2381,319.953,-2634.0,876.0,68.64166293333334,10145.24110249069,2.7250015999999997,True,3
2382,319.975,-2634.690984076084,871.6371092026635,68.0,10145.646389286725,3.0,False,3
2383,320.135,-2636.490721121635,841.6065229474113,66.0,10148.579722620058,8.0,False,3
2384,320.214,-2636.0,827.0,66.0,10150.025867639713,5.695831466666666,False,3
2385,320.333,-2634.0,805.0,66.0,10152.206944686917,2.2249962666666665,False,3
2386,320.375,-2632.9390723872916,797.6035338999855,66.0,10152.979722620057,1.0,False,3
2387,320.615,-2622.0730844971267,756.7795534311801,67.0,10157.446389286724,34.0,False,3
2388,320.654,-2619.0,749.0,67.39000064,10158.188124658038,34.58500096,False,3
2389,320.815,-2602.227872722891,712.6940113089096,69.0,10161.279722620058,37.0,False,3
2390,320.893,-2594.0,697.0,69.0,10162.765805664185,37.0,False,3
2391,320.976,-2586.217804121734,683.6564363572269,69.0,10164.36555595339,37.0,False,3
2392,321.136,-2572.7038813362865,664.6431441473368,73.0,10167.610000397835,46.0,False,3
2393,321.194,-2567.0,657.0,74.4499968,10168.856184222735,47.2687472,False,3
2394,321.393,-2540.0,624.0,79.42499839999999,10173.3718908186,51.6218736,False,3
2395,321.456,-2525.842810849845,609.975559478231,81.0,10174.810000397836,53.0,False,3
2396,321.634,-2479.0,568.0,82.77999872,10178.891908262662,52.11000064,False,3
2397,321.656,-2474.2843701205484,563.9594636475329,83.0,10179.421111508947,52.0,False,3
2398,321.976,-2430.218936077419,530.6492708195922,95.0,10187.86555595339,68.0,False,3
2399,322.054,-2417.0,521.0,97.9249952,10190.037851636831,68.9749984,False,3
2400,322.136,-2400.091352300718,508.3869116488773,101.0,10192.35444484228,70.0,False,3
2401,322.294,-2362.0,482.0,104.07221973333333,10196.911497394725,73.51110826666667,False,3
2402,322.394,-2336.0,468.0,106.01666417777778,10199.903890303643,75.7333304888889,False,3
2403,322.496,-2298.574992953437,448.58284857043503,108.0,10203.15444484228,78.0,False,3
2404,322.674,-2222.0,408.0,119.124992,10209.313616952973,80.2249984,False,3
2405,322.816,-2175.961001390742,381.14835002760066,128.0,10214.532222620057,82.0,False,3
2406,323.136,-2102.254489369199,331.7601519826276,140.0,10226.976667064504,87.0,False,3
2407,323.153,-2098.0,329.0,140.78928274285715,10227.67273689013,87.30357028571429,False,3
2408,323.393,-2030.0,286.0,151.9321398857143,10237.87227457824,91.58928457142856,False,3
2409,323.416,-2022.2942803768049,281.11476030833416,153.0,10238.876667064504,92.0,False,3
2410,323.613,-1949.0,235.0,159.3321408,10247.650902017695,93.4071424,False,3
2411,323.696,-1916.9804435557937,215.88621137179803,162.0,10251.476667064506,94.0,False,3
2412,323.894,-1838.0,173.0,169.19999534545454,10260.967386262213,96.69999825454545,False,3
2413,324.133,-1733.0,129.0,177.89090676363637,10273.075952040494,99.95909003636363,False,3
2414,324.136,-1731.6065211684681,128.53711726926804,178.0,10273.232222620061,100.0,False,3
2415,324.413,-1595.0,96.0,192.8924799260077,10288.080064800657,100.0,False,3
2416,324.415,-1593.962104459363,95.8264229600776,193.0,10288.189722620062,100.0,False,3
2417,324.573,-1511.0,86.0,196.002002432,10296.952146332682,100.0,False,3
2418,324.774,-1403.0,95.0,199.821001216,10308.381550988852,100.0,False,3
2419,325.014,-1230.0,136.0,204.381001216,10322.44800629608,100.0,False,3
2420,325.294,-1106.0,182.0,209.701001216,10339.49537601171,100.0,False,3
2421,325.415,-1014.9468404914576,222.9665224149646,212.0,10347.07861150895,100.0,False,3
2422,325.534,-922.0,266.0,217.9500032,10354.663852710533,100.0,False,3
2423,325.693,-831.0,310.0,225.9000064,10364.990554562326,100.0,False,3
2424,325.854,-739.0,354.0,233.9500032,10375.612175012875,100.0,False,3
2425,325.855,-738.4205966463767,354.27695448502647,234.0,10375.67861150895,100.0,False,3
2426,326.094,-597.0,422.0,239.9750016,10391.72427399994,100.0,False,3
2427,326.215,-519.8944205496715,458.52832971979404,243.0,10399.978611508948,100.0,False,3
2428,326.434,-376.0,521.0,246.98181934545454,10415.147041243416,100.0,False,3
2429,326.655,-237.92617155227984,563.7523881790786,251.0,10430.656389286725,100.0,False,3
2430,326.793,-150.0,584.0,252.38000128,10440.394569503307,100.0,False,3
2431,326.954,-40.0,604.0,253.99000064,10451.806219860326,100.0,False,3
2432,327.055,38.62462215762263,613.8186309823268,255.0,10458.989722620061,100.0,False,3
2433,327.254,200.0,627.0,256.2437504,10473.195771432189,100.0,False,3
2434,327.375,284.24395273878235,631.3683700409056,257.0,10481.834167064504,100.0,False,3
2435,327.653,458.0,631.0,257.0,10501.659933690444,100.0,False,3
2436,327.696,487.03494736494326,629.6435637506959,257.0,10504.750000397838,100.0,False,3
2437,327.814,572.0,623.0,258.3409076363636,10513.27970788055,100.0,False,3
2438,328.094,801.0,583.0,261.5227258181818,10533.710646517164,100.0,False,3
2439,328.136,830.2386880118363,576.141369910507,262.0,10536.77222262006,100.0,False,3
2440,328.336,947.5810310333557,542.0740927245726,262.0,10551.327778175615,100.0,False,3
2441,328.414,998.0,526.0,262.0,10557.001595639022,100.0,False,3
2442,328.594,1141.0,478.0,262.0,10570.095268668021,100.0,False,3
2443,328.736,1294.0590852119983,418.2589708626327,262.0,10580.438889286725,100.0,False,3
2444,328.834,1384.0,382.0,262.27222186666665,10587.587455633546,100.0,False,3
2445,329.096,1452.3403620163642,355.005502377888,263.0,10606.738889286726,100.0,False,3
2446,329.294,1554.0,296.0,263.41249973333333,10621.250167890796,100.0,False,3
2447,329.453,1741.0,190.0,263.7437498666667,10632.91846481542,100.0,False,3
2448,329.576,1813.3930958053734,146.92770988692018,264.0,10641.938889286726,100.0,False,3
2449,329.773,1853.0,118.0,264.0,10656.385136524967,100.0,False,4
2450,329.776,1854.2110219203848,117.20287155892271,264.0,10656.605555953392,100.0,False,4
2451,330.053,2029.0,7.0,265.2590906181818,10677.034458242668,100.0,False,4
2452,330.216,2132.739725403211,-58.088067631479625,266.0,10689.116667064503,100.0,False,4
2453,330.273,2166.0,-79.0,266.56999936,10693.351057061267,100.0,False,4
2454,330.416,2242.1899150213603,-126.99872186980029,268.0,10704.005555953392,100.0,False,4
2455,330.533,2330.0,-182.0,268.87749952,10712.77465099944,100.0,False,4
2456,330.693,2508.0,-293.0,270.07749952,10724.834308317204,100.0,False,4
2457,330.816,2612.9078746151695,-358.77904413980303,271.0,10734.116667064502,100.0,False,4
2458,331.133,2763.0,-454.0,271.72209584201005,10758.054013986957,100.0,False,4
2459,331.255,2819.307639360652,-489.2091686109563,272.0,10767.285555953393,100.0,False,4
2460,331.415,2897.3947750223006,-537.7678004660722,273.0,10779.418889286728,100.0,False,4
2461,331.453,2917.0,-550.0,273.1727278545454,10782.307740290611,100.0,False,4
2462,331.753,3111.0,-670.0,274.5363642181818,10805.214711555198,100.0,False,4
2463,331.855,3219.3373486007845,-735.0502653013846,275.0,10813.03000039784,100.0,False,4
2464,331.993,3360.0,-819.0,275.8625008,10823.61308336427,100.0,False,4
2465,332.015,3375.484885394273,-828.2628116346391,276.0,10825.296667064504,100.0,False,4
2466,332.175,3430.9347862554623,-861.6844930070963,275.0,10837.518889286728,100.0,False,4
2467,332.313,3479.0,-890.0,276.38000128,10848.131035037923,100.0,False,4
2468,332.375,3517.362889199559,-912.3464984539773,277.0,10852.907778175617,100.0,False,4
2469,332.434,3558.0,-936.0,277.0,10857.452043280011,100.0,False,4
2470,332.694,3728.0,-1034.0,277.0,10877.453202903756,100.0,False,4
2471,332.695,3728.6598710548583,-1034.365166444879,277.0,10877.53000039784,100.0,False,4
2472,332.855,3836.1023074727827,-1092.1605544034308,275.0,10889.752222620064,100.0,False,4
2473,332.874,3849.0,-1099.0,274.1027747555556,10891.180148898282,99.5249984,False,4
2474,333.073,3984.0,-1170.0,264.7055495111111,10905.748722959182,94.5499968,False,4
2475,333.215,4076.7242642697925,-1217.7215849455417,258.0,10915.552222620061,91.0,True,4
2476,333.333,4151.0,-1256.0,246.937488,10923.257330266431,57.4437136,True,4
2477,333.474,4235.0,-1300.0,233.718744,10932.054248918254,17.346856800000005,True,4
2478,333.535,4267.2155621227785,-1316.86721406209,228.0,10935.818889286731,0.0,True,4
2479,333.695,4341.5667337996565,-1355.6066947805452,217.0,10945.463333731173,0.0,True,4
2480,333.814,4417.0,-1395.0,202.6208256,10951.937262037292,0.0,True,4
2481,333.935,4519.50176793411,-1448.6722786492942,188.0,10957.996667064508,0.0,True,4
2482,333.994,4564.0,-1472.0,183.75069017137807,10960.825999942208,0.0,True,4
2483,334.296,4650.583343606134,-1517.97623102611,162.0,10974.241667064507,0.0,True,4
2484,334.453,4687.0,-1540.0,151.01000448,10980.770687862201,0.0,True,4
2485,334.496,4702.667226982194,-1549.5079598636698,148.0,10982.46388928673,0.0,True,4
2486,334.594,4744.0,-1575.0,140.6500096,10986.131548008378,0.0,True,4
2487,334.736,4803.668993491069,-1614.806138927661,130.0,10991.130555953398,0.0,True,4
2488,334.794,4830.0,-1635.0,127.68000512,10993.135632966541,0.0,True,4
2489,334.936,4898.015233299417,-1693.7216132626168,122.0,10997.908333731175,0.0,True,4
2490,334.954,4905.0,-1700.0,121.37000448,10998.491033283224,0.0,True,4
2491,335.336,4953.974580279291,-1755.6925476637077,108.0,11009.908333731177,0.0,True,4
2492,335.354,4956.0,-1759.0,107.67857371428572,11010.429250013396,0.0,True,4
2493,335.514,4979.0,-1797.0,104.82143085714286,11015.035002720739,0.0,True,4
2494,335.616,4991.5529541927335,-1822.2350598095234,103.0,11017.919444842286,0.0,True,4
2495,335.774,5005.0,-1863.0,100.80555733333334,11022.281706304704,0.0,True,4
2496,335.976,5011.16664625967,-1924.5869351738281,98.0,11027.719444842285,0.0,False,4
2497,336.113,5010.0,-1963.0,95.94500096,11031.353660205004,2.0549990399999998,False,4
2498,336.176,5008.354177513706,-1977.8411994518933,95.0,11032.997222620063,3.0,False,4
2499,336.433,4990.0,-2033.0,91.32857234285714,11039.500561563611,0.24642925714285707,False,4
2500,336.456,4986.828329797002,-2039.3456165277853,91.0,11040.075000397843,0.0,False,4
2501,336.656,4949.524773564311,-2103.81402161109,90.0,11045.075000397843,21.0,False,4
2502,336.713,4938.0,-2121.0,90.63333262222223,11046.526984492943,25.116662044444446,False,4
2503,337.016,4879.718584170957,-2189.7033612147015,94.0,11054.475000397844,47.0,False,4
2504,337.093,4868.0,-2202.0,95.28333226666666,11056.538493374745,48.28333226666667,False,4
2505,337.256,4849.014839582963,-2221.8012190257523,98.0,11061.008333731177,51.0,False,4
2506,337.493,4817.0,-2254.0,103.92499839999999,11067.93053184199,58.406248,False,4
2507,337.576,4797.666263349164,-2273.1117497083997,106.0,11070.4305559534,61.0,False,4
2508,337.733,4757.0,-2313.0,109.9249984,11075.242350697928,65.70999808,False,4
2509,337.776,4747.582406807428,-2322.13939001408,111.0,11076.597222620068,67.0,False,4
2510,337.975,4709.813833107168,-2358.337918431783,118.0,11083.120000397848,72.0,False,4
2511,337.993,4706.0,-2362.0,118.63000448,11083.728544649213,72.09000064,False,4
2512,338.175,4662.445795592988,-2404.470951867476,125.0,11090.064444842294,73.0,False,4
2513,338.193,4658.0,-2409.0,125.562504,11090.712566817081,73.281252,False,4
2514,338.453,4595.0,-2479.0,133.687504,11100.458264566867,77.343752,False,4
2515,338.495,4585.1868048498345,-2491.162883456632,135.0,11102.064444842294,78.0,False,4
2516,338.614,4558.0,-2527.0,137.38000128,11106.638995292014,74.42999808,False,4
2517,338.695,4539.985781132576,-2552.6363419020718,139.0,11109.786667064516,72.0,False,4
2518,338.793,4519.0,-2585.0,140.8375024,11113.642332036321,72.0,False,4
2519,338.855,4506.368426311323,-2606.231008632044,142.0,11116.09777817563,72.0,False,4
2520,338.993,4481.0,-2654.0,142.8625008,11121.587044216125,62.5124912,False,4
2521,339.175,4456.516720806196,-2712.774165982034,144.0,11128.89777817563,50.0,False,4
2522,339.293,4443.0,-2754.0,145.31111253333333,11133.69693587867,53.9333376,False,4
2523,339.393,4432.0,-2793.0,146.42222364444444,11137.801183227239,57.26667093333333,False,4
2524,339.535,4421.709651475131,-2849.727399169434,148.0,11143.697778175629,62.0,False,4
2525,339.653,4417.0,-2898.0,149.843752,11148.66081954995,67.9000064,False,4
2526,339.855,4414.268699288207,-2983.9282952936187,153.0,11157.297778175627,78.0,False,4
2527,339.974,4414.0,-3036.0,156.718752,11162.486632289307,84.6937536,False,4
2528,340.015,4413.923242421436,-3054.1311044279646,158.0,11164.320000397849,87.0,False,4
2529,340.193,4413.0,-3134.0,164.6750048,11172.637624239229,92.0062536,False,4
2530,340.335,4409.794536212086,-3199.098424922118,170.0,11179.431111508959,96.0,False,4
2531,340.393,4407.0,-3226.0,170.7250016,11182.191409266361,95.2749984,False,4
2532,340.453,4403.0,-3254.0,171.4750016,11185.049365847684,94.5249984,False,4
2533,340.495,4399.804810081291,-3273.6877695531293,172.0,11187.075555953405,94.0,False,4
2534,340.736,4376.031742486737,-3387.8829850811608,179.0,11199.05861150896,90.0,False,4
2535,340.753,4374.0,-3396.0,179.2124992,11199.911126799227,89.2562528,False,4
2536,340.896,4354.791165208911,-3464.42677475116,181.0,11207.103055953408,83.0,False,4
2537,340.914,4352.0,-3473.0,181.3374976,11208.015292160584,82.437504,False,4
2538,341.056,4326.6865683350115,-3540.1277309052953,184.0,11215.280833731184,78.0,False,4
2539,341.094,4319.0,-3558.0,184.593748,11217.248096447966,77.8812504,False,4
2540,341.334,4263.0,-3668.0,188.343748,11229.860714297145,77.1312504,False,4
2541,341.376,4252.3539663411575,-3685.64878096474,189.0,11232.080833731183,77.0,False,4
2542,341.514,4210.0,-3745.0,190.7249984,11239.395286850078,75.2750016,False,4
2543,341.536,4200.724573060267,-3756.034208976835,191.0,11240.569722620072,75.0,False,4
2544,341.774,4077.0,-3884.0,194.39999817142856,11253.447191231993,88.59999268571428,False,4
2545,341.816,4060.6061107139185,-3899.1966643263663,195.0,11255.736389286736,91.0,False,4
2546,341.976,4018.4337824354425,-3932.040306160045,197.0,11264.491944842292,100.0,False,4
2547,342.074,3989.0,-3951.0,198.6333312,11269.913907030354,100.0,False,4
2548,342.216,3929.7948876637583,-3987.992810454425,201.0,11277.891944842293,100.0,False,4
2549,342.474,3793.0,-4067.0,208.3714249142857,11292.852389699874,100.0,False,4
2550,342.496,3781.4128083688015,-4072.956739011028,209.0,11294.147500397848,100.0,False,4
2551,342.614,3719.0,-4103.0,210.96666453333333,11301.13561236089,100.0,False,4
2552,342.793,3621.0,-4145.0,213.94999893333335,11311.853661063007,100.0,False,4
2553,342.856,3589.8934770506444,-4157.602932494132,215.0,11315.647500397848,100.0,False,4
2554,343.053,3474.0,-4196.0,217.1107136,11327.572471399813,100.0,False,4
2555,343.136,3389.020303368777,-4217.778748317662,218.0,11332.603055953405,100.0,False,4
2556,343.253,3270.0,-4246.0,218.0,11339.687423929536,100.0,False,4
2557,343.376,3213.9546819269817,-4257.663172246883,218.0,11347.136389286734,100.0,False,4
2558,343.533,3183.0,-4260.0,218.0,11356.662002098234,100.0,False,4
2559,343.696,3108.570753441612,-4268.53035173195,218.0,11366.514167064513,100.0,False,4
2560,343.794,3087.0,-4271.0,218.0,11372.395303708396,100.0,False,4
2561,343.856,3094.2381841940055,-4269.987212316913,218.0,11376.2030559534,100.0,False,4
2562,344.034,3128.0,-4265.0,231.3499904,11387.712075987078,100.0,False,4
2563,344.056,3120.143110645452,-4265.734420845083,233.0,11389.147500397845,100.0,False,4
2564,344.193,3024.0,-4275.0,233.0,11398.038238777626,100.0,False,4
2565,344.433,2868.0,-4281.0,233.0,11413.413948175908,100.0,False,4
2566,344.653,2723.0,-4274.0,233.0,11427.5837125838,100.0,False,4
2567,344.815,2597.5367390561432,-4258.394934961216,233.0,11438.271667064513,100.0,False,4
2568,344.934,2511.0,-4244.0,237.2500022857143,11446.259896711985,100.0,False,4
2569,345.095,2419.103766309639,-4223.696322484854,243.0,11457.171667064515,100.0,True,4
2570,345.214,2354.0,-4205.0,243.7437504,11465.237526400084,100.0,True,4
2571,345.255,2329.69044145345,-4197.357872950649,244.0,11468.016111508958,100.0,False,4
2572,345.494,2176.0,-4142.0,244.0,11484.214933143801,100.0,False,4
2573,345.495,2175.3611793323826,-4141.739063784769,244.0,11484.282778175624,100.0,False,4
2574,345.754,2014.0,-4067.0,244.92500022857143,11501.901970547588,100.0,False,4
2575,345.775,2001.0418232684028,-4060.35778931598,245.0,11503.338333731179,100.0,False,4
2576,345.933,1904.0,-4008.0,246.69285851428572,11514.192091646935,100.0,False,4
2577,346.055,1830.51059968764,-3965.5748268716584,248.0,11522.62722262007,100.0,False,4
2578,346.113,1796.0,-3945.0,248.5437512,11526.653478126562,100.0,False,4
2579,346.314,1678.0,-3872.0,250.4281256,11540.674545123526,100.0,False,4
2580,346.375,1642.3439972086253,-3849.1648895350604,251.0,11544.938333731181,100.0,False,4
2581,346.574,1525.0,-3775.0,251.49750016,11558.863312902402,100.0,False,4
2582,346.614,1501.0,-3761.0,251.59750016,11561.664600204957,100.0,False,4
2583,346.775,1413.3122106350086,-3705.5971657055065,252.0,11572.938333731181,100.0,False,4
2584,346.874,1348.0,-3663.0,252.0,11579.869407381135,100.0,False,4
2585,346.935,1298.305300126981,-3631.0349120708092,252.0,11584.138333731182,100.0,False,4
2586,347.095,1157.6856345520412,-3541.44856304792,252.0,11595.338333731183,100.0,False,4
2587,347.134,1135.0,-3527.0,252.27758033702696,11598.078125660097,100.0,False,4
2588,347.376,1081.5819809692828,-3492.658981649964,254.0,11615.164444842289,100.0,False,4
2589,347.454,1004.0,-3443.0,254.38999936,11620.683814379681,100.0,False,4
2590,347.576,780.7717706269659,-3300.2993971687392,255.0,11629.33111150896,100.0,False,4
2591,347.634,688.0,-3241.0,255.24166613333333,11633.452305728952,100.0,False,4
2592,347.854,556.0,-3157.0,256.1583328,11649.144090513382,100.0,False,4
2593,348.053,435.0,-3083.0,256.9874997333333,11663.382945101508,100.0,False,4
2594,348.056,433.07931276208757,-3081.8621682072826,257.0,11663.597778175623,100.0,False,4
2595,348.256,307.68499966772373,-3010.631594055975,258.0,11677.931111508955,100.0,False,4
2596,348.373,235.0,-2971.0,258.0,11686.326285980886,100.0,False,4
2597,348.534,134.0,-2917.0,258.0,11697.866048430526,100.0,False,4
2598,348.576,107.17225813644032,-2902.9186641227216,258.0,11700.864444842293,100.0,False,4
2599,348.734,7.0,-2851.0,256.0250016,11712.093299419204,86.833344,False,4
2600,348.816,-41.176256543103634,-2826.046296909905,255.0,11717.86444484229,80.0,False,4
2601,348.954,-132.0,-2785.0,251.9812528,11727.464309639028,46.3625312,False,4
2602,349.136,-313.6668927371432,-2726.533594176066,248.0,11739.908889286737,2.0,False,4
2603,349.253,-414.0,-2699.0,245.0750016,11747.7789381605,1.2687504,False,4
2604,349.456,-489.63575657828517,-2685.8300538881845,240.0,11761.242222620069,0.0,False,4
2605,349.573,-533.0,-2685.0,237.66000128,11768.93331613265,10.52999424,False,4
2606,349.656,-580.76104563727,-2683.4197057166975,236.0,11774.353333731178,18.0,False,4
2607,349.813,-691.0,-2682.0,233.0562512,11784.515691384371,35.6624928,False,4
2608,349.816,-693.0090458175829,-2682.064598522992,233.0,11784.708889286732,36.0,False,4
2609,349.993,-805.0,-2692.0,231.52500053333333,11796.045951050397,48.90624533333333,False,4
2610,350.173,-916.0,-2713.0,230.02500053333333,11807.467767598719,62.03124533333333,False,4
2611,350.296,-989.6012075570407,-2735.595791432592,229.0,11815.242222620065,71.0,False,4
2612,350.373,-1035.0,-2753.0,228.5187504,11820.097906424846,72.6843736,False,4
2613,350.553,-1139.0,-2802.0,227.3937504,11831.435328826316,76.6218736,False,4
2614,350.616,-1173.5501677204522,-2820.966910254286,227.0,11835.420000397844,78.0,False,4
2615,350.773,-1263.0,-2874.0,227.6541664,11845.39123461393,81.9249984,False,4
2616,350.856,-1320.268028571341,-2907.5785503132915,228.0,11850.620000397845,84.0,False,4
2617,351.093,-1493.0,-3005.0,223.26000128,11865.22369466351,34.23001344,False,4
2618,351.256,-1571.0907767415913,-3042.165320708575,220.0,11875.064444842286,0.0,True,4
2619,351.495,-1661.2431280622977,-3067.139506521893,214.0,11889.27166706451,3.0,False,4
2620,351.513,-1670.0,-3069.0,213.5499968,11890.329251275416,4.0125072,False,4
2621,351.655,-1749.3386803164396,-3083.9125960381157,210.0,11898.605000397842,12.0,False,4
2622,351.753,-1805.0,-3092.0,208.03999744,11904.239799142124,18.860008960000002,False,4
2623,351.855,-1857.322780475267,-3096.891543578084,206.0,11910.049444842287,26.0,False,4
2624,351.954,-1918.0,-3095.0,204.8999992888889,11915.647096855137,33.15000462222222,False,4
2625,352.153,-2084.0,-3069.0,202.68888746666667,11926.793181633813,47.52223146666667,False,4
2626,352.215,-2116.31012232665,-3062.035115426632,202.0,11930.249444842284,52.0,False,4
2627,352.413,-2169.0,-3041.0,200.58571337142857,11941.24792711352,65.43572297142858,False,4
2628,352.495,-2200.999239607441,-3025.478375675865,200.0,11945.805000397842,71.0,False,4
2629,352.794,-2359.0,-2941.0,200.9343752,11962.494628422151,86.8843784,False,4
2630,352.815,-2369.2069184693664,-2934.5674946116305,201.0,11963.671667064507,88.0,False,4
2631,353.014,-2462.0,-2869.0,202.1055559111111,11974.859139930923,94.63333546666667,False,4
2632,353.175,-2548.784434518531,-2802.6212329094064,203.0,11983.971667064507,100.0,False,4
2633,353.213,-2568.0,-2787.0,203.4750016,11986.132311061068,100.0,False,4
2634,353.415,-2651.999812369384,-2710.5043233485203,206.0,11997.70500039784,100.0,False,4
2635,353.574,-2716.0,-2654.0,208.20833422222222,12006.975979241462,100.0,False,4
2636,353.674,-2762.0,-2619.0,209.5972231111111,12012.863353198081,100.0,False,4
2637,353.775,-2809.950726638853,-2586.3618359034167,211.0,12018.805000397839,100.0,False,4
2638,353.954,-2899.0,-2536.0,211.0,12029.31992239776,83.27103206218644,False,4
2639,354.096,-2975.1485117146003,-2502.7596590743537,211.0,12037.619167064506,70.0,False,4
2640,354.114,-2985.0,-2499.0,210.80714422857142,12038.66703964377,69.16429165714285,False,4
2641,354.333,-3107.0,-2462.0,208.46071497142856,12051.333443308602,58.996431542857145,False,4
2642,354.376,-3131.3113033714317,-2456.8016584192337,208.0,12053.796944842281,57.0,False,4
2643,354.613,-3266.0,-2440.0,205.3068189090909,12067.22177058061,44.61136698181818,False,4
2644,354.816,-3380.4803833826077,-2440.8821751090372,203.0,12078.608055953391,34.0,False,4
2645,354.834,-3391.0,-2442.0,202.85000106666666,12079.616285923465,34.07499946666667,False,4
2646,354.873,-3414.0,-2445.0,202.52500053333333,12081.800029951799,34.23749973333334,False,4
2647,355.056,-3517.1442105992555,-2461.884527856772,201.0,12092.008055953393,35.0,False,4
2648,355.254,-3624.0,-2487.0,199.35000106666666,12102.90595942027,45.44999324444444,False,4
2649,355.416,-3710.4998937139744,-2514.098662423234,198.0,12111.808055953392,54.0,False,4
2650,355.433,-3719.0,-2517.0,198.1062496,12112.746065344309,54.3187488,False,4
2651,355.576,-3789.9170600810703,-2544.009603536014,199.0,12120.652500397839,57.0,False,4
2652,355.594,-3801.0,-2549.0,198.8875008,12121.646568641703,57.1124992,False,4
2653,355.736,-3913.147980303274,-2605.2549278301353,198.0,12129.452500397838,58.0,False,4
2654,355.833,-3985.0,-2644.0,196.1812512,12134.705120917482,40.418761599999996,False,4
2655,356.056,-4065.8533607161417,-2694.7288146520195,192.0,12146.519167064504,0.0,True,4
2656,356.256,-4105.90746571294,-2734.1107817213647,186.0,12156.852500397836,0.0,True,4
2657,356.273,-4111.0,-2739.0,185.7875008,12157.727154813318,0.0,True,4
2658,356.473,-4184.0,-2810.0,183.2875008,12167.918303927785,0.0,True,4
2659,356.496,-4192.047815346487,-2818.4548480472877,183.0,12169.052500397836,0.0,True,4
2660,356.693,-4253.0,-2892.0,173.69722524444444,12178.353119252119,0.0,True,4
2661,356.856,-4297.199135405577,-2963.9268452035835,166.0,12185.652500397839,0.0,True,4
2662,357.296,-4389.387084949323,-3196.660349347967,152.0,12204.230278175615,0.0,True,4
2663,357.513,-4414.0,-3285.0,145.218752,12212.852368044136,0.0,True,4
2664,357.616,-4420.389513235382,-3317.2697532132997,142.0,12216.852500397836,0.0,True,4
2665,357.936,-4419.832081671316,-3407.1038901175007,136.0,12228.941389286723,0.0,True,4
2666,357.974,-4418.0,-3423.0,135.23809743788146,12230.33316316318,0.28571346079444726,True,4
2667,358.173,-4404.0,-3518.0,131.24811929734062,12237.459755851756,1.7819552634972695,True,4
2668,358.335,-4392.803565855912,-3565.1333197426193,128.0,12243.128055953392,3.0,False,4
2669,358.474,-4380.0,-3599.0,126.2624992,12247.92518302814,1.95749952,False,4
2670,358.633,-4358.0,-3649.0,124.2749984,12253.343981333583,0.7649990400000002,False,4
2671,358.735,-4340.986796333653,-3678.9158264200055,123.0,12256.79472262006,0.0,False,4
2672,358.834,-4322.0,-3706.0,122.17499946666666,12260.126181868221,1.2375007999999998,False,4
2673,358.975,-4289.920914373782,-3742.931270801589,121.0,12264.861389286725,3.0,False,4
2674,359.213,-4227.0,-3797.0,121.54090938181818,12272.901902914306,15.711370472727273,False,4
2675,359.594,-4120.0,-3850.0,122.40681832727273,12285.9062807425,36.060230690909094,False,4
2676,359.793,-4054.0,-3868.0,122.8590912,12292.776283166822,46.6886432,False,4
2677,359.855,-4026.5084679178212,-3872.903450193693,123.0,12294.92805595339,50.0,False,4
2678,360.033,-3944.0,-3884.0,125.67000192,12301.149127019518,57.12000512,False,4
2679,360.055,-3936.6432506294655,-3884.817671400365,126.0,12301.92805595339,58.0,False,4
2680,360.273,-3887.0,-3888.0,129.89285942857143,12309.80755562949,65.00714697142857,False,4
2681,360.335,-3869.0578642009427,-3888.745317155671,131.0,12312.116944842277,67.0,False,4
2682,360.616,-3759.2737052916086,-3892.6572789237734,139.0,12322.966667064498,76.0,False,4
2683,360.654,-3744.0,-3893.0,139.9499968,12324.466289242504,77.49285211428571,False,4
2684,360.853,-3665.0,-3894.0,144.9249984,12332.498177602713,85.31071177142857,False,4
2685,360.896,-3647.3588370562175,-3894.1919962514175,146.0,12334.322222620056,87.0,False,4
2686,361.034,-3590.0,-3895.0,152.8999936,12340.432144680854,91.07726894545455,False,4
2687,361.194,-3521.0,-3897.0,160.8999936,12347.965919390881,95.80454167272727,False,4
2688,361.336,-3430.601375676238,-3900.9977230917048,168.0,12354.855555953389,100.0,False,4
2689,361.433,-3372.0,-3904.0,171.9406224,12359.65117282969,100.0,False,4
2690,361.656,-3290.7621319320338,-3909.788779640752,181.0,12370.944444842276,100.0,False,4
2691,361.754,-3252.0,-3914.0,184.42999552,12376.020874714606,100.0,False,4
2692,361.856,-3199.5643412384866,-3920.26382572666,188.0,12381.388889286722,100.0,False,4
2693,361.914,-3170.0,-3924.0,189.4499968,12384.484897177754,100.0,False,4
2694,362.174,-3058.0,-3940.0,195.9499968,12398.700217580648,100.0,False,4
2695,362.176,-3056.994833542093,-3940.1484237790955,196.0,12398.811111508945,100.0,False,4
2696,362.354,-2957.0,-3955.0,202.22999552,12408.814604503426,100.0,False,4
2697,362.376,-2944.8679935319433,-3956.8482894792946,203.0,12410.088889286722,100.0,False,4
2698,362.536,-2862.295561253545,-3969.856455045414,214.0,12419.600000397833,100.0,False,4
2699,362.653,-2801.0,-3980.0,215.4624992,12426.595514711556,100.0,False,4
2700,362.696,-2777.337439016113,-3984.007337054144,216.0,12429.200000397836,100.0,False,4
2701,362.893,-2660.0,-4005.0,223.035712,12441.48704517122,100.0,False,4
2702,362.976,-2605.1019317095293,-4015.8163357085723,226.0,12446.777778175612,100.0,False,4
2703,363.133,-2499.0,-4038.0,231.8874976,12456.894881160566,100.0,False,4
2704,363.136,-2497.0735864129724,-4038.414432989143,232.0,12457.088889286726,100.0,False,4
2705,363.296,-2400.4507482706676,-4059.844052994307,234.0,12467.488889286724,100.0,False,4
2706,363.433,-2320.0,-4078.0,237.99583146666666,12476.604603640768,100.0,False,4
2707,363.536,-2257.174576245375,-4091.9717817481364,241.0,12483.55555595339,100.0,False,4
2708,363.634,-2189.0,-4105.0,243.4499968,12490.216911140407,100.0,False,4
2709,363.736,-2102.894819912582,-4117.770402815095,246.0,12497.222222620054,100.0,False,4
2710,363.934,-1930.0,-4137.0,250.9499968,12511.096871890168,100.0,False,4
2711,364.056,-1858.6135302414227,-4141.88533875633,254.0,12519.80000039783,100.0,False,4
2712,364.234,-1774.0,-4143.0,258.00499712,12532.68225369087,100.0,False,4
2713,364.456,-1628.7108600230372,-4142.673685059151,263.0,12549.022222620057,100.0,False,4
2714,364.573,-1526.0,-4140.0,265.5593736,12557.738067357572,100.0,False,4
2715,364.734,-1362.0,-4133.0,269.0812472,12569.844384512093,100.0,False,4
2716,364.776,-1325.7299594748238,-4131.257963708672,270.0,12573.022222620057,100.0,False,4
2717,365.095,-1131.392002844292,-4120.626015522968,275.0,12597.390278175615,100.0,False,4
2718,365.113,-1119.0,-4120.0,275.27000192,12598.773405498174,100.0,False,4
2719,365.295,-979.0639584240788,-4113.557274202357,278.0,12612.83472262006,100.0,False,4
2720,365.314,-965.0,-4113.0,278.42222364444444,12614.318646781554,100.0,False,4
2721,365.554,-804.0,-4108.0,283.75555697777776,12633.344419883648,100.0,False,4
2722,365.655,-731.8259654006765,-4105.7627999963115,286.0,12641.434722620055,100.0,False,4
2723,365.733,-661.0,-4104.0,287.0833351111111,12647.700655690049,100.0,False,4
2724,365.993,-338.0,-4099.0,290.6944462222222,12668.73845559941,100.0,False,4
2725,366.015,-318.7145909974916,-4098.688125934213,291.0,12670.534722620057,100.0,False,4
2726,366.215,-231.68707440357443,-4096.746600178199,296.0,12686.979167064503,100.0,False,4
2727,366.333,-174.0,-4096.0,297.2642870857143,12696.753620889845,100.0,False,4
2728,366.494,-42.0,-4095.0,298.9892864,12710.151371370292,100.0,False,4
2729,366.495,-41.1462682546681,-4094.990641774986,299.0,12710.234722620062,100.0,False,4
2730,366.714,140.0,-4092.0,300.5642861714286,12728.53221180629,100.0,False,4
2731,366.775,191.00687151149458,-4091.1360482718283,301.0,12733.64583373117,100.0,False,4
2732,366.873,274.0,-4090.0,301.97512472027887,12741.877830903697,100.0,False,4
2733,366.976,362.0734376605146,-4089.488125442658,303.0,12750.563333731174,100.0,False,4
2734,367.093,460.0,-4089.0,304.75499904,12760.485954204963,100.0,False,4
2735,367.176,525.8230017686465,-4088.15794490031,306.0,12767.563333731174,100.0,False,4
2736,367.393,715.0,-4092.0,308.4111104,12786.218786359186,100.0,False,4
2737,367.536,896.0608763591831,-4110.227940781798,310.0,12798.563333731174,100.0,False,4
2738,367.673,1053.0,-4131.0,310.5708330666667,12810.390151988737,100.0,False,4
2739,367.776,1122.2480456257788,-4143.080716837868,311.0,12819.296667064507,100.0,False,4
2740,367.973,1205.0,-4167.0,312.2312496,12836.394903875189,100.0,False,4
2741,368.096,1291.978659143339,-4192.016806674485,313.0,12847.118889286729,100.0,False,4
2742,368.194,1390.0,-4223.0,314.2249984,12855.691708273498,100.0,False,4
2743,368.256,1467.8165088064666,-4249.616354736293,315.0,12861.118889286725,100.0,False,4
2744,368.434,1706.0,-4335.0,315.0,12876.692359046403,100.0,False,4
2745,368.456,1727.7066613886352,-4342.787939792974,315.0,12878.618889286729,100.0,False,4
2746,368.696,1848.2074059136169,-4385.201297287034,316.0,12899.685555953394,100.0,False,4
2747,368.814,1907.0,-4405.0,316.8428562285714,12910.091612493077,100.0,False,4
2748,368.976,2033.2289869353917,-4447.311966370293,318.0,12924.418889286724,100.0,False,4
2749,369.073,2127.0,-4478.0,318.48499968,12933.00937197726,100.0,False,4
2750,369.176,2237.499963502381,-4513.256388798951,319.0,12942.141111508947,100.0,False,4
2751,369.313,2381.0,-4558.0,319.3805553777778,12954.303586403556,100.0,False,4
2752,369.536,2542.890002655641,-4606.1654671841525,320.0,12974.141111508947,100.0,False,4
2753,369.693,2654.0,-4636.0,320.4906248,12988.13749708659,100.0,False,4
2754,369.853,2793.0,-4671.0,320.9906248,13002.407032888997,100.0,False,4
2755,369.856,2795.6289588733293,-4671.640445960084,321.0,13002.67444484228,100.0,False,4
2756,370.013,2931.0,-4703.0,321.0,13016.661112954316,100.0,False,4
2757,370.293,3177.0,-4747.0,321.0,13041.639196512348,100.0,False,4
2758,370.296,3179.700146439972,-4747.395081660098,321.0,13041.907778175613,100.0,False,4
2759,370.496,3362.328608303563,-4770.211274855261,323.0,13059.852222620055,100.0,False,4
2760,370.613,3462.0,-4780.0,323.13295447272725,13070.36519984775,100.0,False,4
2761,370.773,3606.0,-4789.0,323.31477265454544,13084.75394902414,100.0,False,4
2762,370.953,3893.0,-4794.0,323.51931810909093,13100.95780952397,100.0,False,4
2763,371.294,4073.0,-4788.0,323.90681803636363,13131.667711732982,100.0,False,4
2764,371.376,4138.793647558413,-4784.015256545944,324.0,13139.052222620056,100.0,False,4
2765,371.513,4271.0,-4776.0,324.0,13151.3880024567,100.0,False,4
2766,371.575,4323.180864285739,-4772.226168481196,324.0,13156.962222620055,100.0,False,4
2767,371.814,4541.0,-4749.0,323.0041664,13178.4056872211,100.0,False,4
2768,371.815,4542.350681433592,-4748.827718017752,323.0,13178.495555953388,100.0,False,4
2769,371.953,4754.0,-4720.0,323.69000064,13190.918014744046,100.0,False,4
2770,372.015,4839.417346382385,-4706.559263561926,324.0,13196.495555953388,100.0,False,4
2771,372.175,5010.257799010002,-4672.810587250424,323.0,13210.851111508946,100.0,False,4
2772,372.394,5174.0,-4632.0,322.21785691428573,13230.438884301915,100.0,False,4
2773,372.455,5211.849373289068,-4622.20518203527,322.0,13235.89555595339,100.0,False,4
2774,372.655,5315.203050480853,-4594.018789680898,322.0,13253.784444842277,100.0,False,4
2775,372.813,5415.0,-4564.0,320.0249984,13267.829238173279,100.0,False,4
2776,372.815,5416.476216717725,-4563.5435620742865,320.0,13268.006667064503,100.0,False,4
2777,373.015,5585.781705480464,-4509.8416965508495,319.0,13285.728889286725,100.0,False,4
2778,373.053,5619.0,-4499.0,319.0,13289.09526372614,100.0,False,4
2779,373.215,5756.615587419933,-4452.990309272687,319.0,13303.451111508948,100.0,False,4
2780,373.274,5804.0,-4437.0,319.0,13308.682842791768,100.0,False,4
2781,373.375,5881.165214733217,-4410.98523777018,319.0,13317.628889286727,100.0,False,4
2782,373.454,5955.0,-4386.0,318.3443983314337,13324.59891451442,100.0,False,4
2783,373.616,6164.697811895205,-4314.694847645376,317.0,13338.850278175614,100.0,False,4
2784,373.653,6205.0,-4301.0,317.0,13342.10777924864,100.0,False,4
2785,373.816,6306.880122123442,-4266.568113385003,317.0,13356.461389286724,100.0,False,4
2786,373.953,6371.0,-4245.0,316.4291669333333,13368.497299923805,100.0,False,4
2787,374.056,6444.512428986756,-4220.133390179759,316.0,13377.52805595339,100.0,False,4
2788,374.173,6554.0,-4183.0,315.6750001777778,13387.768475873057,100.0,False,4
2789,374.416,6846.771030056137,-4083.3417705773795,315.0,13409.02805595339,100.0,False,4
2790,374.473,6903.0,-4064.0,315.2374997333333,13414.02874213022,100.0,False,4
2791,374.656,7017.811034674826,-4023.557536750908,316.0,13430.094722620055,100.0,False,4
2792,374.816,7089.807236130128,-3996.675534561158,315.0,13444.094722620051,100.0,False,4
2793,374.854,7113.0,-3988.0,314.8812504,13447.416432229857,100.0,False,4
2794,375.014,7230.0,-3944.0,314.3812504,13461.391841041648,100.0,False,4
2795,375.136,7317.500564131789,-3910.167596798383,314.0,13472.005833731168,100.0,False,4
2796,375.334,7489.0,-3840.0,312.51500096,13489.124227398926,100.0,False,4
2797,375.536,7754.5120822849385,-3726.3409908962,311.0,13506.561389286722,100.0,False,4
2798,375.554,7776.0,-3717.0,311.07499946666667,13508.119359098291,100.0,False,4
2799,375.776,7972.927895744725,-3629.148453471684,312.0,13527.361389286722,100.0,False,4
2800,375.953,8091.0,-3574.0,311.36785737142856,13542.652915116003,100.0,False,4
2801,376.056,8161.20759887815,-3540.74712253462,311.0,13551.550278175608,100.0,False,4
2802,376.216,8270.983884228823,-3488.1842468253944,311.0,13565.372500397832,100.0,False,4
2803,376.353,8355.0,-3448.0,308.71666773333334,13577.103744025215,61.94446222222223,False,4
2804,376.576,8472.675030647602,-3391.9883358695515,305.0,13595.872500397832,0.0,False,4
2805,376.633,8508.0,-3375.0,302.1500032,13600.581989550548,0.0,False,4
2806,376.853,8672.0,-3295.0,291.1500032,13618.272797952839,0.0,False,4
2807,376.856,8674.220242859496,-3293.8989272106105,291.0,13618.505833731164,0.0,True,4
2808,377.096,8838.333500048244,-3210.5664687108574,266.0,13636.239167064497,0.0,True,4
2809,377.113,8849.0,-3205.0,263.73334186666665,13637.40667971845,0.0,True,4
2810,377.294,8961.0,-3145.0,239.60001706666665,13649.168346902847,0.0,True,4
2811,377.336,8990.527237526961,-3128.668689346263,234.0,13651.8391670645,0.0,True,4
2812,377.496,9117.318437398995,-3057.061646458001,225.0,13661.839167064496,0.0,True,4
2813,377.613,9193.0,-3014.0,212.65000675555555,13668.44711197487,0.0,True,4
2814,377.856,9263.50784478713,-2973.882273818238,187.0,13680.539167064497,0.0,True,4
2815,378.054,9329.0,-2928.0,172.1500096,13689.69344561693,0.0,True,4
2816,378.176,9405.69840764036,-2872.4041843469963,163.0,13695.028055953386,0.0,True,4
2817,378.233,9435.0,-2851.0,159.60501744251835,13697.436918811436,0.0,True,4
2818,378.493,9477.0,-2815.0,144.1191147049217,13707.713940115515,0.0,True,4
2819,378.495,9477.409793234481,-2814.563151054272,144.0,13707.788055953388,0.0,True,4
2820,378.735,9562.457580928789,-2724.2407096623006,126.0,13716.18805595339,0.0,True,4
2821,378.833,9591.0,-2693.0,122.6312456,13719.422431285737,0.0,True,4
2822,379.055,9612.204046468956,-2664.373105601727,115.0,13726.410278175612,0.0,True,4
2823,379.133,9619.0,-2652.0,112.49285302857143,13728.76622447441,0.0,True,4
2824,379.313,9645.0,-2605.0,106.70713874285714,13734.025631614582,0.0,True,4
2825,379.335,9647.865845092512,-2599.00467554636,106.0,13734.654722620056,0.0,True,4
2826,379.514,9665.0,-2552.0,102.16428434285714,13739.668503828372,0.0,True,4
2827,379.615,9670.189694619781,-2525.66545182758,100.0,13742.432500397834,0.0,True,4
2828,379.895,9667.981314333232,-2452.4268110507883,96.0,13749.899167064501,9.0,False,4
2829,380.136,9650.007522904922,-2392.2372208953143,93.0,13756.125000397835,9.0,False,4
2830,380.374,9625.0,-2342.0,91.9181824,13762.162956597367,18.1954496,False,4
2831,380.576,9598.239288083043,-2306.635344894702,91.0,13767.247222620055,26.0,False,4
2832,380.753,9559.0,-2268.0,91.0,13771.713191617666,31.30999808,False,4
2833,380.776,9552.112488856983,-2261.656656277261,91.0,13772.30277817561,32.0,False,4
2834,380.934,9501.0,-2216.0,93.9624976,13776.427688082538,35.9499968,False,4
2835,380.936,9500.463038497379,-2215.526785042809,94.0,13776.480555953385,36.0,False,4
2836,381.176,9463.953943675138,-2184.373876899726,97.0,13782.947222620052,48.0,False,4
2837,381.334,9442.0,-2167.0,100.9499968,13787.379481265176,53.9249952,False,4
2838,381.336,9441.627529672372,-2166.704081578429,101.0,13787.436111508941,54.0,False,4
2839,381.496,9405.512231747709,-2137.9547903057874,103.0,13792.013889286718,59.0,False,4
2840,381.553,9393.0,-2128.0,104.4249984,13793.688560747149,59.85499904,False,4
2841,381.696,9367.044925206834,-2107.4017148224075,108.0,13798.013889286718,62.0,False,4
2842,381.834,9328.0,-2072.0,112.13999616,13802.365866690176,63.37999872,False,4
2843,381.896,9299.388863669987,-2044.5099318329985,114.0,13804.34722262005,64.0,False,4
2844,381.954,9273.0,-2019.0,114.16111075555555,13806.20484621243,53.688911644444445,False,4
2845,382.256,9228.023323595113,-1975.1795761172673,115.0,13815.84722262005,0.0,True,4
2846,382.393,9208.0,-1941.0,112.71666773333334,13820.101697276928,0.0,True,4
2847,382.496,9180.071250384022,-1893.1747816369002,111.0,13823.247222620052,0.0,True,4
2848,382.573,9160.0,-1858.0,109.90000091428571,13825.570798416142,0.0,True,4
2849,382.776,9136.247582566297,-1809.4595303458411,107.0,13831.569444842276,0.0,True,4
2850,383.013,9131.0,-1776.0,102.76785828571428,13838.305909680257,0.0,True,4
2851,383.056,9128.542394789682,-1764.958071861382,102.0,13839.50277817561,0.0,True,4
2852,383.133,9124.0,-1743.0,100.5562512,13841.628677702007,0.4812496,True,4
2853,383.216,9121.151036151394,-1719.8227519311533,99.0,13843.902778175612,1.0,False,4
2854,383.333,9120.0,-1688.0,98.2687504,13847.091640501505,6.8499967999999996,False,4
2855,383.376,9120.07385600065,-1676.4490182135785,98.0,13848.258333731166,9.0,False,4
2856,383.573,9124.0,-1624.0,97.3843752,13853.567454043066,25.6218696,False,4
2857,383.696,9129.801269300835,-1590.8893588756537,97.0,13856.88055595339,36.0,False,4
2858,383.733,9132.0,-1581.0,97.09249984,13857.879965872333,36.0,False,4
2859,383.933,9147.0,-1529.0,97.59249984,13863.305063487845,36.0,False,4
2860,384.096,9162.096177422718,-1489.51732057931,98.0,13867.769444842277,36.0,False,4
2861,384.233,9180.0,-1454.0,99.14166613333333,13871.557747562874,42.8499968,False,4
2862,384.336,9198.3352479459,-1423.5734485021787,100.0,13874.436111508945,48.0,False,4
2863,384.433,9218.0,-1395.0,100.96999936,13877.1758105048,48.48499968,False,4
2864,384.536,9239.99554312303,-1367.755083001716,102.0,13880.102778175613,49.0,False,4
2865,384.736,9284.043328125466,-1324.3691136666414,103.0,13885.825000397836,49.0,False,4
2866,384.853,9305.0,-1306.0,104.67142765714286,13889.263960858825,51.08928457142857,False,4
2867,385.016,9326.506028764297,-1289.374446194158,107.0,13894.14722262006,54.0,False,4
2868,385.154,9349.0,-1276.0,108.48387061255612,13898.31831290032,56.473117687593536,False,4
2869,385.295,9385.12471327228,-1257.0192017067677,110.0,13902.672222620062,59.0,False,4
2870,385.393,9414.0,-1244.0,112.4500032,13905.788571231646,58.18333226666667,False,4
2871,385.535,9456.889552885443,-1229.0334844626773,116.0,13910.405555953395,57.0,False,4
2872,385.694,9507.0,-1217.0,118.65000106666666,13915.665019157575,60.31250133333334,False,4
2873,385.775,9533.650854165859,-1212.451423638273,120.0,13918.405555953395,62.0,False,4
2874,385.853,9560.0,-1209.0,121.75500288,13921.0939017805,64.73000448,False,4
2875,386.113,9652.0,-1203.0,127.60500288,13930.421033143874,73.83000448,False,4
2876,386.175,9674.549515207491,-1202.4387149496085,129.0,13932.738889286731,76.0,False,4
2877,386.314,9726.0,-1202.0,134.79166933333335,13938.06941986706,81.79166933333333,False,4
2878,386.393,9756.0,-1202.0,138.08333866666666,13941.146652134568,85.08333866666666,False,4
2879,386.415,9764.462265606458,-1201.9939564841275,139.0,13942.005555953398,86.0,False,4
2880,386.575,9827.373455205841,-1201.6668854504892,142.0,13948.316667064508,86.0,False,4
2881,386.654,9859.0,-1201.0,143.97052228040752,13951.544810841522,81.87981705005697,False,4
2882,386.814,9924.0,-1198.0,147.9614502480761,13958.3458202472,73.53514948129546,False,4
2883,387.013,10007.0,-1188.0,152.92516850423502,13966.930364537686,63.1564658547813,False,4
2884,387.016,10008.24379648334,-1187.7614655296911,153.0,13967.059167064508,63.0,False,4
2885,387.256,10105.636146157225,-1159.416408531872,154.0,13977.325833731174,57.0,False,4
2886,387.354,10143.0,-1144.0,154.0,13981.524965646076,51.4875072,False,4
2887,387.394,10158.0,-1137.0,154.0,13983.233614751105,49.2375072,False,4
2888,387.416,10166.90266023833,-1132.4204807852038,154.0,13984.170278175621,48.0,False,4
2889,387.714,10313.0,-1034.0,150.61363781818181,13996.63350520116,26.327282036363638,False,4
2890,387.856,10355.496048953772,-995.8464985596744,149.0,14002.381389286733,16.0,False,4
2891,388.093,10401.0,-934.0,140.1125024,14011.602731568659,0.20000426666666635,False,4
2892,388.096,10401.70015982922,-932.9806627636432,140.0,14011.714722620065,0.0,True,4
2893,388.256,10444.291643226094,-869.5394385109638,130.0,14017.492500397842,0.0,True,4
2894,388.394,10477.0,-819.0,124.25000533333333,14022.183606319166,0.0,True,4
2895,388.496,10492.562535679665,-793.4735615168245,120.0,14025.492500397842,0.0,True,4
2896,388.656,10505.70163769713,-766.6762716510177,111.0,14030.425833731177,0.0,True,4
2897,388.754,10516.0,-740.0,107.08000512,14033.281786753712,0.0,True,4
2898,388.856,10530.08929757294,-700.8189792226167,103.0,14036.1480559534,0.0,True,4
2899,389.013,10551.0,-639.0,99.0750016,14040.411488601061,0.0,True,4
2900,389.096,10556.622851303335,-619.8989129536197,97.0,14042.614722620066,0.0,False,4
2901,389.313,10560.0,-592.0,94.5888896,14048.257800669271,0.0,False,4
2902,389.456,10562.847639863487,-558.2708710515816,93.0,14051.914722620066,0.0,False,4
2903,389.616,10565.03467421314,-514.9578317351953,91.0,14055.95916706451,2.0,False,4
2904,389.633,10565.0,-511.0,90.7875008,14056.382819701721,2.1062496,False,4
2905,389.776,10561.942327197565,-482.2683064409103,89.0,14059.914722620066,3.0,False,4
2906,389.853,10552.0,-466.0,89.21388871111111,14061.828776893519,10.058327466666666,False,4
2907,390.074,10490.0,-414.0,89.82777742222223,14067.370237330782,30.316654933333332,False,4
2908,390.136,10477.256588694861,-405.81652875868656,90.0,14068.914722620066,36.0,False,4
2909,390.373,10445.0,-392.0,90.0,14074.837098685326,36.0,False,4
2910,390.376,10444.411699457749,-391.677341431984,90.0,14074.914722620066,36.0,False,4
2911,390.533,10409.0,-368.0,94.70999808,14079.09114703273,51.6999936,False,4
2912,390.576,10401.171362056275,-360.0422507830989,96.0,14080.248055953401,56.0,False,4
2913,390.776,10380.599176091966,-316.31419607343815,96.0,14085.581389286734,10.0,False,4
2914,390.813,10379.0,-307.0,95.47142948571428,14086.540818003283,11.321426285714285,False,4
2915,391.013,10380.0,-252.0,92.61428662857143,14091.619417278656,18.464283428571427,False,4
2916,391.056,10381.679516804075,-240.361976688558,92.0,14092.736944842287,20.0,False,4
2917,391.174,10388.0,-209.0,93.96666453333333,14095.883803335026,28.1124912,False,4
2918,391.333,10398.0,-166.0,96.6166656,14100.305140768163,39.0437456,False,4
2919,391.536,10410.858159034353,-111.48943069556059,100.0,14106.070278175619,53.0,False,4
2920,391.553,10412.0,-107.0,100.33999872,14106.555823768242,53.67999744,False,4
2921,391.736,10425.592487834132,-57.88951859875806,104.0,14111.848055953396,61.0,False,4
2922,391.774,10429.0,-46.0,104.63509569342165,14112.980002436412,60.788301435526115,False,4
2923,392.095,10462.619932084892,70.29984506652134,110.0,14122.817500397843,59.0,False,4
2924,392.113,10464.0,75.0,109.69999786666666,14123.358008189796,56.049979022222225,False,4
2925,392.373,10481.0,127.0,105.36666453333333,14130.926714462734,13.438867911111114,False,4
2926,392.455,10492.378420226012,157.49175501333303,104.0,14133.217500397841,0.0,True,4
2927,392.614,10518.0,225.0,98.69999786666666,14137.521642032338,0.0,True,4
2928,392.695,10526.708939606156,248.05271330158087,96.0,14139.617500397842,0.0,True,4
2929,393.054,10542.0,295.0,87.0249984,14148.031985115482,0.0,True,4
2930,393.215,10551.762793288915,331.8389999922092,83.0,14151.606389286731,0.0,True,4
2931,393.273,10555.0,345.0,82.19667455467724,14152.889058300934,0.0,True,4
2932,393.553,10559.0,405.0,78.31856027378512,14158.953547659985,0.0,True,4
2933,393.576,10557.481696651663,412.13691727418717,78.0,14159.428055953398,0.0,True,4
2934,393.734,10541.0,466.0,74.48889173333333,14162.572240448291,2.6333312,True,4
2935,393.936,10522.531615509715,499.95814959403816,70.0,14166.428055953398,6.0,False,4
2936,394.154,10502.0,514.0,69.22142902857144,14170.593046875176,31.692842057142858,False,4
2937,394.216,10494.67389712832,519.5836133191992,69.0,14171.794722620067,39.0,False,4
2938,394.434,10464.0,543.0,71.7249984,14176.13758713652,39.9083328,False,4
2939,394.456,10460.528326229954,545.4102034865401,72.0,14176.594722620066,40.0,False,4
2940,394.633,10429.0,565.0,75.93333191111111,14180.426498844143,41.966665955555555,False,4
2941,394.816,10384.93099320489,586.7316581255064,80.0,14184.594722620066,44.0,False,4
2942,394.974,10348.0,603.0,83.9499968,14188.301890451658,49.52999552,False,4
2943,395.016,10339.872086433588,606.410850103992,85.0,14189.316944842289,51.0,False,4
2944,395.256,10299.538038871242,620.535937130638,91.0,14195.383611508954,59.0,False,4
2945,395.334,10278.0,626.0,92.9499968,14197.42785629474,62.574994133333334,False,4
2946,395.496,10214.878406920947,640.1946721510039,97.0,14201.850278175621,70.0,False,4
2947,395.573,10187.0,646.0,100.8499968,14204.092101625232,72.1656232,False,4
2948,395.816,10134.29196401953,654.6982263427615,113.0,14211.894722620065,79.0,False,4
2949,395.953,10101.0,658.0,119.34258962962963,14216.924618310244,81.66388764444444,False,4
2950,396.053,10068.0,661.0,123.97221925925926,14220.891469532857,83.60833208888889,False,4
2951,396.233,10006.0,665.0,132.3055525925926,14228.659978995445,87.10833208888889,False,4
2952,396.553,9832.0,671.0,147.1203674074074,14244.006325950373,93.33055431111111,False,4
2953,396.893,9682.0,675.0,162.86110814814813,14260.647220979845,99.94166542222223,False,4
2954,396.896,9679.675648889504,675.0663116823343,163.0,14260.794722620067,100.0,False,4
2955,397.114,9477.0,681.0,176.624992,14271.563500532673,100.0,False,4
2956,397.136,9461.381643216288,681.4551077298635,178.0,14272.661389286735,100.0,False,4
2957,397.296,9394.244116972075,683.3561725256568,182.0,14280.750278175623,100.0,False,4
2958,397.496,9350.956906818084,684.7792596387229,190.0,14291.305833731178,100.0,False,4
2959,397.513,9345.0,685.0,190.60714057142857,14292.22400221933,100.0,False,4
2960,397.694,9262.0,688.0,197.071424,14302.197714775142,100.0,False,4
2961,397.776,9217.530628273915,689.2153998367219,200.0,14306.861389286736,100.0,False,4
2962,397.974,9104.0,692.0,207.69999502222223,14318.529426251807,100.0,False,4
2963,398.136,9018.14921545007,695.2116454672337,214.0,14328.261389286738,100.0,False,4
2964,398.254,8940.0,698.0,216.2124976,14335.350432084175,100.0,False,4
2965,398.296,8905.830852287394,699.0636000375675,217.0,14337.90583373118,100.0,False,4
2966,398.453,8768.0,703.0,223.8687472,14347.672259009563,100.0,False,4
2967,398.456,8765.730649842955,703.0647167367057,224.0,14347.861389286736,100.0,False,4
2968,398.695,8641.008325343444,706.7399698432473,230.0,14363.130833731178,100.0,False,4
2969,398.854,8562.0,709.0,232.38500096,14373.385530222095,100.0,False,4
2970,398.895,8536.698097686505,709.69489605358,233.0,14376.075278175624,100.0,False,4
2971,399.014,8456.0,712.0,238.35500288,14384.029528188596,100.0,False,4
2972,399.095,8401.246763774228,713.8565503610583,242.0,14389.519722620073,100.0,False,4
2973,399.193,8335.0,716.0,244.10000274285716,14396.204335284448,100.0,False,4
2974,399.375,8209.957453762576,718.4813540918124,248.0,14408.80861150896,100.0,False,4
2975,399.414,8184.0,719.0,249.15227461818182,14411.55866240778,100.0,False,4
2976,399.594,8058.0,722.0,254.47045643636363,14424.48184023532,100.0,False,4
2977,399.815,7819.42368403559,727.2765487070443,261.0,14440.708611508962,100.0,False,4
2978,399.854,7785.0,728.0,261.79591932694666,14443.598278695477,100.0,False,4
2979,400.194,7622.0,731.0,268.7346918161886,14469.092616423204,100.0,False,4
2980,400.256,7581.394066437691,731.783921585012,270.0,14473.78361150896,100.0,False,4
2981,400.454,7426.0,735.0,273.2999978666667,14488.83939736801,100.0,False,4
2982,400.496,7396.809095179878,735.665840548892,274.0,14492.050278175626,100.0,False,4
2983,400.674,7258.0,739.0,276.66999808,14505.736371441195,100.0,False,4
2984,400.696,7231.894931061037,739.6080788324583,277.0,14507.43916706452,100.0,False,4
2985,400.873,6993.0,745.0,280.53999872,14521.241886380514,100.0,False,4
2986,400.896,6972.531075191475,745.427563716553,281.0,14523.05027817563,100.0,False,4
2987,401.153,6882.0,747.0,285.0886353454545,14543.497334841923,100.0,False,4
2988,401.336,6739.209765242473,750.890004326395,288.0,14558.25027817563,100.0,False,4
2989,401.394,6689.0,752.0,288.7249984,14562.949479008425,100.0,False,4
2990,401.554,6560.0,754.0,290.7249984,14575.970588867916,100.0,False,4
2991,401.736,6423.98952483015,756.7924851730157,293.0,14590.805833731185,100.0,False,4
2992,401.834,6332.0,759.0,293.0,14598.783762856376,100.0,False,4
2993,401.936,6211.008702013033,761.9671985960492,293.0,14607.083611508962,100.0,False,4
2994,402.113,6007.0,767.0,293.0,14621.487724788716,100.0,False,4
2995,402.176,5966.054714754941,767.9826824072046,293.0,14626.616944842295,100.0,False,4
2996,402.373,5893.0,770.0,293.0,14642.66257514033,100.0,False,4
2997,402.456,5840.101836994751,771.8566321296643,293.0,14649.405833731187,100.0,False,4
2998,402.613,5699.0,777.0,293.0,14662.146160318567,100.0,False,4
2999,402.656,5652.828474312964,778.6665894497081,293.0,14665.683611508965,100.0,False,4
3000,402.913,5364.0,789.0,302.6374976,14687.417307536682,100.0,False,4
3001,402.976,5317.0243046694395,790.6815800479862,305.0,14692.794722620074,100.0,False,4
3002,403.213,5194.0,795.0,306.18499968,14712.997448682265,100.0,False,4
3003,403.376,5064.501694433909,799.3033941305102,307.0,14726.905833731184,100.0,False,4
3004,403.553,4904.0,805.0,307.44249984,14742.047925638646,100.0,False,4
3005,403.613,4853.0,807.0,307.59249984,14747.18819721504,100.0,False,4
3006,403.776,4712.37856757099,811.8843163551214,308.0,14761.12805595341,100.0,False,4
3007,403.853,4648.0,814.0,307.6791669333333,14767.699644137527,100.0,False,4
3008,404.016,4520.822217927125,818.2296149952799,307.0,14781.594722620077,100.0,False,4
3009,404.176,4377.558662427096,823.282751930229,307.0,14795.23916706452,100.0,False,4
3010,404.194,4358.0,824.0,307.0,14796.774608763593,100.0,False,4
3011,404.353,4171.0,831.0,307.0,14810.338763399806,100.0,False,4
3012,404.416,4111.044779146512,833.2518614702547,307.0,14815.705833731186,100.0,False,4
3013,404.656,3956.97207303289,838.7572079733762,306.0,14836.105833731188,100.0,False,4
3014,404.713,3916.0,840.0,306.0,14840.949358908125,100.0,False,4
3015,404.913,3746.0,845.0,306.0,14857.949216287674,100.0,False,4
3016,404.976,3692.286148170018,846.9884568719348,306.0,14863.305833731189,100.0,False,4
3017,405.094,3593.0,851.0,306.0,14873.340657671735,100.0,False,4
3018,405.176,3522.9456811326545,853.6238743976538,306.0,14880.305833731189,100.0,False,4
3019,405.253,3457.0,856.0,305.61306527491723,14886.834765140582,100.0,False,4
3020,405.375,3353.520635735622,859.6846204328924,305.0,14897.165555953412,100.0,False,4
3021,405.575,3185.0814136353933,865.4711013898783,305.0,14914.110000397857,100.0,False,4
3022,405.594,3169.0,866.0,305.09500032,14915.723127035231,100.0,False,4
3023,405.773,3017.0,871.0,305.99000064,14930.940145287186,100.0,False,4
3024,405.775,3015.3039380799864,871.0607510810482,306.0,14931.110000397857,100.0,False,4
3025,405.993,2831.0,878.0,305.39444408888886,14949.58777105009,100.0,False,4
3026,406.135,2711.0866051656253,881.5007412039619,305.0,14961.610000397857,100.0,False,4
3027,406.154,2695.0,882.0,305.0,14963.21896363502,100.0,False,4
3028,406.353,2526.0,888.0,305.0,14980.07561339585,100.0,False,4
3029,406.536,2371.2500472407532,893.1711235005777,305.0,14995.58361150897,100.0,False,4
3030,406.593,2323.0,895.0,305.0,15000.415072341599,100.0,False,4
3031,406.734,2205.0,900.0,305.0,15012.367737010598,100.0,False,4
3032,406.856,2112.096835466017,903.2912104719456,305.0,15022.69472262008,100.0,False,4
3033,407.074,1918.0,908.0,304.0916672,15041.104200708654,100.0,False,4
3034,407.096,1890.9535756866921,908.5913744814435,304.0,15042.961389286746,100.0,False,4
3035,407.254,1682.0,913.0,304.0,15056.301829585005,100.0,False,4
3036,407.496,1519.700475967155,916.2120038431062,304.0,15076.739167064523,100.0,False,4
3037,407.654,1429.0,918.0,304.0,15090.081728033121,100.0,False,4
3038,407.776,1327.6804705778513,920.0776280792653,304.0,15100.383611508969,100.0,False,4
3039,407.834,1277.0,921.0,304.0,15105.280993843084,100.0,False,4
3040,407.994,1142.0,923.0,304.0,15118.791294160921,100.0,False,4
3041,408.056,1089.8777554736025,923.8947329226464,304.0,15124.028055953411,100.0,False,4
3042,408.294,889.0,928.0,304.0,15144.126121793004,100.0,False,4
3043,408.296,887.3149736640886,928.0338304791832,304.0,15144.294722620078,100.0,False,4
3044,408.496,719.050974590074,931.214231324542,303.0,15161.12805595341,100.0,False,4
3045,408.554,670.0,932.0,303.0,15166.0086917244,100.0,False,4
3046,408.713,536.0,934.0,303.0,15179.391909182748,100.0,False,4
3047,408.776,485.21539675071887,935.0716377627866,303.0,15184.69472262008,100.0,False,4
3048,408.873,401.0,937.0,303.0,15192.858933807853,100.0,False,4
3049,408.936,334.10417855484326,938.309700438018,303.0,15198.161389286743,100.0,False,4
3050,409.153,65.0,943.0,303.0,15216.425669943106,100.0,False,4
3051,409.256,-47.39527527102302,945.18241655828,303.0,15225.094722620077,100.0,False,4
3052,409.533,-271.0,950.0,303.0,15248.408012735927,100.0,False,4
3053,409.616,-309.43935701733216,950.7377809997976,303.0,15255.39472262008,100.0,False,4
3054,409.776,-368.34913390234226,951.666191934716,303.0,15268.861389286747,100.0,False,4
3055,409.813,-389.0,952.0,302.7687504,15271.972295563493,100.0,False,4
3056,409.936,-481.02244259022063,953.525965189704,302.0,15282.283611508967,100.0,False,4
3057,410.053,-590.0,956.0,300.171876,15291.997479601327,100.0,False,4
3058,410.256,-796.9466679825679,963.4475574091347,297.0,15308.683611508965,100.0,False,4
3059,410.313,-850.0,966.0,295.9312512,15313.351309929298,100.0,False,4
3060,410.416,-934.8087747230651,970.9712529833852,294.0,15321.750278175634,100.0,False,4
3061,410.633,-1093.0,984.0,290.3833344,15339.231013510682,100.0,False,4
3062,410.656,-1111.3395920687792,985.7115629391576,290.0,15341.08361150897,100.0,False,4
3063,410.673,-1125.0,987.0,289.7875008,15342.453877300599,92.1375296,False,4
3064,410.816,-1240.022307588012,998.1292340954516,288.0,15353.883611508965,26.0,False,4
3065,410.953,-1348.0,1009.0,276.96389404444443,15364.191139081344,16.10556017777778,False,4
3066,411.133,-1483.0,1023.0,262.46389404444443,15376.849225093294,3.105560177777777,False,4
3067,411.176,-1513.9948047597231,1026.1464271648451,259.0,15379.783611508967,0.0,True,4
3068,411.376,-1650.1379440752703,1039.5475661870728,235.0,15392.839167064521,0.0,True,4
3069,411.433,-1685.0,1043.0,228.50834062222222,15396.239677083784,0.0,True,4
3070,411.653,-1815.0,1056.0,203.45278506666668,15408.029645230043,0.0,True,4
3071,411.736,-1880.4298696088235,1062.3070357710346,194.0,15412.239167064523,0.0,True,4
3072,411.814,-1943.0,1068.0,186.98001152,15416.1332118344,0.0,True,4
3073,411.936,-2025.084798470498,1074.3277522888754,176.0,15422.0169448423,0.0,True,4
3074,412.255,-2162.5021892860823,1079.8628443658072,153.0,15435.5744448423,0.0,True,4
3075,412.273,-2168.0,1080.0,151.8954466909091,15436.27067159332,0.0,True,4
3076,412.634,-2257.0,1078.0,129.7431778909091,15448.964561531058,0.0,True,4
3077,412.694,-2278.0,1076.0,126.06135970909091,15450.941694500998,0.0,True,4
3078,412.695,-2278.3496702823622,1075.9659852047969,126.0,15450.9744448423,0.0,True,4
3079,412.855,-2330.61759253675,1070.7819868857323,115.0,15456.085555953414,0.0,True,4
3080,412.954,-2361.0,1067.0,108.85093503490977,15459.014018340142,0.0,True,4
3081,413.016,-2379.7407082812956,1064.176099900218,105.0,15460.781389286749,0.0,True,4
3082,413.133,-2414.0,1058.0,102.0750016,15464.028736105192,0.0,True,4
3083,413.336,-2467.584758039764,1045.0541865733048,97.0,15469.40361150897,0.0,True,4
3084,413.413,-2486.0,1039.0,94.8343768,15471.36256133993,0.0,True,4
3085,413.653,-2537.0,1015.0,88.0843768,15477.156901955845,0.0,True,4
3086,413.656,-2537.58237693288,1014.6435539217287,88.0,15477.22583373119,0.0,True,4
3087,413.816,-2566.7057156839282,993.5531327874268,80.0,15480.781389286745,0.0,True,4
3088,413.854,-2573.0,988.0,79.2875024,15481.596421855338,0.0,True,4
3089,414.074,-2604.0,953.0,75.1625024,15486.124374050589,0.0,True,4
3090,414.136,-2610.648537154641,943.1345164660592,74.0,15487.359167064526,0.0,True,4
3091,414.294,-2624.0,915.0,70.0500032,15490.432226205201,3.9499967999999996,True,4
3092,414.296,-2624.1482488601455,914.5634269661688,70.0,15490.470278175635,4.0,False,4
3093,414.474,-2635.0,871.0,67.45714468571428,15493.76653399177,7.1785691428571425,False,4
3094,414.576,-2638.1663224664076,850.6022681598384,66.0,15495.60361150897,9.0,False,4
3095,414.736,-2638.374499085221,828.0737569814808,64.0,15498.448055953413,10.0,False,4
3096,414.896,-2634.623727478685,804.9419222043944,64.0,15501.29250039786,24.0,False,4
3097,414.914,-2634.0,802.0,64.0,15501.6101754726,24.69999502222222,False,4
3098,415.074,-2627.0,774.0,64.0,15504.404382741195,30.922217244444443,False,4
3099,415.256,-2617.5231026345923,744.7556386984372,64.0,15507.692500397858,38.0,False,4
3100,415.333,-2611.0,730.0,66.19999817142858,15509.17022826611,40.19999817142857,False,4
3101,415.533,-2587.0,685.0,71.91428388571428,15513.229536894181,45.91428388571428,False,4
3102,415.536,-2586.683551050096,684.4592961009973,72.0,15513.29250039786,46.0,False,4
3103,415.773,-2566.0,655.0,76.4437488,15518.425604407817,52.6656232,False,4
3104,415.856,-2555.9512749939136,642.909247192099,78.0,15520.225833731194,55.0,False,4
3105,416.016,-2531.736329195084,615.8177405517565,78.0,15523.692500397861,55.0,False,4
3106,416.033,-2529.0,613.0,78.54642651428571,15524.076622875109,55.36428434285714,False,4
3107,416.253,-2491.0,578.0,85.61785508571428,15529.38018504759,60.078570057142855,False,4
3108,416.296,-2482.8876365161555,571.2719578454572,87.0,15530.459167064528,61.0,False,4
3109,416.434,-2456.0,550.0,92.1749952,15534.004113911105,64.4499968,False,4
3110,416.456,-2451.7801727820915,546.7128063629757,93.0,15534.592500397863,65.0,False,4
3111,416.616,-2421.856008438332,523.7294600165047,100.0,15539.036944842308,71.0,False,4
3112,416.754,-2394.0,504.0,100.0,15542.812989816764,71.68999936,False,4
3113,416.816,-2380.222943048076,494.9146365906825,100.0,15544.592500397863,72.0,False,4
3114,416.994,-2335.0,468.0,111.124992,15550.205878575955,73.48333226666666,False,4
3115,417.056,-2316.4754528500807,458.29459120973684,115.0,15552.25916706453,74.0,False,4
3116,417.193,-2271.0,435.0,120.47999744,15556.89688414205,76.05499904,False,4
3117,417.256,-2248.5362430610785,422.51464837448407,123.0,15559.092500397863,77.0,False,4
3118,417.536,-2148.2256711697414,361.2995612541044,134.0,15569.514722620086,85.0,False,4
3119,417.554,-2143.0,358.0,134.76499456,15570.238076415713,85.2249984,False,4
3120,417.854,-2070.0,311.0,147.51499456,15583.36426925033,88.9749984,False,4
3121,418.114,-1976.0,252.0,158.56499456,15596.010482548325,92.2249984,False,4
3122,418.293,-1907.0,210.0,166.17249728,15604.750766426063,94.4624992,False,4
3123,418.336,-1889.7681505589705,200.27552587315213,168.0,15606.848055953418,95.0,False,4
3124,418.593,-1780.0,147.0,175.2281232,15619.420754721632,99.015624,False,4
3125,418.656,-1751.3026394756416,135.89199436427677,177.0,15622.581389286752,100.0,False,4
3126,418.793,-1686.0,115.0,182.73221950036043,15629.612825164353,100.0,False,4
3127,418.894,-1635.0,103.0,186.95816164002943,15634.94269948652,100.0,False,4
3128,418.895,-1634.4915625402232,102.89561581308342,187.0,15634.996111508972,100.0,False,4
3129,419.175,-1490.320467384506,86.55967917152759,198.0,15650.396111508973,100.0,False,4
3130,419.234,-1458.0,88.0,200.06500224,15653.724247866412,100.0,False,4
3131,419.375,-1377.0206525842402,99.4155035473167,205.0,15661.78500039786,100.0,False,4
3132,419.454,-1331.0,109.0,206.68683295419243,15666.373198064499,100.0,False,4
3133,419.653,-1219.0,139.0,210.93594173771953,15678.078152428778,100.0,False,4
3134,419.656,-1217.4397629416217,139.49629838099676,211.0,15678.254722620084,100.0,False,4
3135,419.754,-1165.0,158.0,211.0,15684.020248886576,100.0,False,4
3136,419.974,-991.0,233.0,211.0,15696.926037492329,100.0,False,4
3137,420.056,-943.7674399881645,255.22873316150367,211.0,15701.699167064526,100.0,False,4
3138,420.134,-901.0,276.0,211.0,15706.2177473591,100.0,False,4
3139,420.216,-845.8114618972419,302.6371308047704,211.0,15711.076944842305,100.0,False,4
3140,420.496,-632.4576178541942,405.37879857177956,234.0,15729.276944842302,100.0,False,4
3141,420.514,-623.0,410.0,234.5499960888889,15730.48485162016,100.0,False,4
3142,420.773,-526.0,456.0,242.46388693333333,15748.0889851283,100.0,False,4
3143,420.856,-475.02330154222363,476.90230276508146,245.0,15753.776944842302,100.0,False,4
3144,421.096,-284.8490944156212,549.7687742829628,248.0,15770.310278175635,100.0,False,4
3145,421.114,-273.0,554.0,248.26999808,15771.558930298888,100.0,False,4
3146,421.296,-180.47950840117932,583.7863308214603,251.0,15784.25472262008,100.0,False,4
3147,421.456,-97.32445045645433,597.9228244434474,253.0,15795.499167064525,100.0,False,4
3148,421.534,-26.0,606.0,253.9749984,15801.019476822356,100.0,False,4
3149,421.696,168.76673749017422,624.3122884895645,256.0,15812.56583373119,100.0,False,4
3150,421.714,187.0,626.0,256.17999872,15813.854761980241,100.0,False,4
3151,422.096,372.7449608898788,634.1984887248855,260.0,15841.454722620078,100.0,False,4
3152,422.133,404.0,632.0,260.2522722909091,15844.145983093524,100.0,False,4
3153,422.373,677.0,609.0,261.88863592727273,15861.66595724703,100.0,False,4
3154,422.536,754.7533739849821,597.8092952700852,263.0,15873.599167064523,100.0,False,4
3155,422.694,806.0,582.0,263.9874992,15885.185534065979,100.0,False,4
3156,422.696,807.0540147926582,581.7027682442341,264.0,15885.332500397857,100.0,False,4
3157,422.856,919.6519857691231,550.64015901696,265.0,15897.11027817563,100.0,False,4
3158,422.893,949.0,542.0,265.0,15899.834695228452,100.0,False,4
3159,423.096,1112.1471674926574,488.5169360147711,265.0,15914.776944842299,100.0,False,4
3160,423.153,1154.0,474.0,265.0,15918.972156730732,100.0,False,4
3161,423.333,1278.0,428.0,265.0,15932.222670727439,100.0,False,4
3162,423.336,1280.3694016843538,427.0250137204333,265.0,15932.443611508967,100.0,False,4
3163,423.534,1451.0,351.0,265.0,15947.0189628318,100.0,False,4
3164,423.536,1452.4545237437608,350.31390276930546,265.0,15947.16583373119,100.0,False,4
3165,423.696,1538.6971301966958,306.8585707880831,264.0,15958.899167064523,100.0,False,4
3166,423.913,1619.0,260.0,265.3562496,15974.907971482917,100.0,False,4
3167,424.016,1671.8249874694325,230.50508209947367,266.0,15982.543611508965,100.0,False,4
3168,424.114,1736.0,193.0,266.6999990857143,15989.826520736657,100.0,False,4
3169,424.296,1899.1211959146092,89.41032781234244,268.0,16003.388055953408,100.0,False,5
3170,424.394,1976.0,40.0,268.3062496,16010.701456114162,100.0,False,5
3171,424.616,2071.21621390919,-19.059441079791604,269.0,16027.29916706452,100.0,False,5
3172,424.694,2102.0,-38.0,269.32499946666667,16033.142601626478,100.0,False,5
3173,424.856,2184.2605886308274,-89.52965483737717,270.0,16045.29916706452,100.0,False,5
3174,424.974,2280.0,-150.0,270.58999936,16054.171705000372,100.0,False,5
3175,425.056,2372.130416324814,-208.26297861635675,271.0,16060.354722620075,100.0,False,5
3176,425.154,2484.0,-279.0,271.6124992,16067.769656254102,100.0,False,5
3177,425.376,2622.737934753723,-366.3741691938296,273.0,16084.621389286742,100.0,False,5
3178,425.535,2663.6919310099383,-391.831500388711,273.0,16096.678889286744,100.0,False,5
3179,425.653,2715.0,-424.0,273.59000064,16105.65306716019,100.0,False,5
3180,425.735,2761.796074520268,-453.42669595620595,274.0,16111.901111508967,100.0,False,5
3181,425.873,2857.0,-513.0,274.4312504,16122.431606350769,100.0,False,5
3182,426.055,3002.3816503550947,-602.2996713251644,275.0,16136.345555953412,100.0,False,5
3183,426.416,3305.4876324576403,-785.2165962593494,276.0,16164.022222620079,100.0,False,5
3184,426.534,3368.0,-823.0,276.7374992,16173.098872729286,100.0,False,5
3185,426.576,3384.9393808047503,-833.272917420544,277.0,16176.333333731192,100.0,False,5
3186,426.834,3487.0,-894.0,277.8062496,16196.246411312659,100.0,False,5
3187,426.896,3540.653572764336,-925.1119903366215,278.0,16201.044444842304,100.0,False,5
3188,427.094,3749.0,-1045.0,278.6187496,16216.399404905507,100.0,False,5
3189,427.216,3825.623778591097,-1088.2646898096023,279.0,16225.844444842303,100.0,False,5
3190,427.376,3861.3086951974715,-1106.6186332530017,277.0,16238.155555953414,100.0,False,5
3191,427.573,3979.0,-1167.0,269.6125024,16252.980493290095,38.43751999999999,False,5
3192,427.696,4116.099366030636,-1238.639664907099,265.0,16261.711111508972,0.0,True,5
3193,427.714,4134.0,-1248.0,262.8625152,16262.940153237316,0.0,True,5
3194,428.016,4272.373234766267,-1320.0529223537415,227.0,16281.88888928675,0.0,True,5
3195,428.113,4307.0,-1338.0,218.64722773333332,16287.458717680925,0.0,True,5
3196,428.314,4411.0,-1392.0,201.3388999111111,16298.30597443994,0.0,True,5
3197,428.376,4449.049735177221,-1411.7543230614065,196.0,16301.48888928675,0.0,True,5
3198,428.553,4557.0,-1468.0,182.7250048,16310.166955467088,0.0,True,5
3199,428.696,4616.405302923229,-1499.650956269793,172.0,16316.777778175641,0.0,True,5
3200,428.856,4656.916075776145,-1522.4404047192004,157.0,16323.75555595342,0.0,True,5
3201,428.993,4697.0,-1546.0,148.19286125714285,16329.23038576592,0.0,True,5
3202,429.073,4725.0,-1563.0,143.0500041142857,16332.244938199758,0.0,True,5
3203,429.136,4750.805307911485,-1580.0297795212578,139.0,16334.566667064533,0.0,True,5
3204,429.336,4846.493512202443,-1649.7464525377022,128.0,16341.677778175643,0.0,True,5
3205,429.413,4874.0,-1671.0,126.0750016,16344.371059307021,0.0,True,5
3206,429.496,4894.786944704349,-1687.9890335642544,124.0,16347.188889286754,0.0,True,5
3207,429.713,4924.0,-1719.0,113.1500032,16353.812607537187,0.0,True,5
3208,429.816,4940.962053621002,-1740.4239531119513,108.0,16356.788889286752,0.0,True,5
3209,430.013,4975.0,-1789.0,103.7785728,16362.411006218073,0.0,True,5
3210,430.096,4985.749064427431,-1808.295313081482,102.0,16364.722222620087,0.0,True,5
3211,430.153,4992.0,-1823.0,100.5750016,16366.283528159754,0.0,True,5
3212,430.296,5004.1655165570055,-1870.2780053057663,97.0,16370.111111508973,0.0,True,5
3213,430.473,5012.0,-1929.0,94.234376,16374.684267402692,0.0,True,5
3214,430.616,5012.242226001905,-1956.8396957293592,92.0,16378.288889286752,0.0,False,5
3215,430.793,5006.0,-1984.0,90.52500053333333,16382.68250020657,7.374997333333334,False,5
3216,430.976,4992.067228872947,-2027.290602438449,89.0,16387.188889286754,15.0,False,5
3217,430.993,4990.0,-2032.0,89.0,16387.607939195557,16.6999936,False,5
3218,431.136,4966.264241616157,-2075.926138477729,89.0,16391.14444484231,31.0,False,5
3219,431.293,4939.0,-2119.0,90.56999936,16395.09599220629,38.8499968,False,5
3220,431.336,4933.673359096264,-2127.0643139553217,91.0,16396.200000397865,41.0,False,5
3221,431.616,4902.862788112053,-2163.8555379663426,96.0,16403.66666706453,51.0,False,5
3222,431.633,4899.0,-2168.0,96.30908974545454,16404.136207471925,51.4249984,False,5
3223,431.853,4830.0,-2241.0,100.30908974545454,16410.382835305543,56.9249984,False,5
3224,432.056,4778.686949308775,-2292.3929100837504,104.0,16416.377778175643,62.0,False,5
3225,432.255,4742.145166309198,-2327.010518921711,110.0,16422.4583337312,64.0,False,5
3226,432.274,4739.0,-2330.0,110.55416853333334,16423.05632743188,64.87083626666667,False,5
3227,432.495,4706.694231806353,-2360.859386699288,117.0,16430.2583337312,75.0,False,5
3228,432.673,4677.0,-2390.0,123.23000448,16436.37038736475,79.4500032,False,5
3229,432.695,4672.615418669746,-2394.3604164536227,124.0,16437.147222620086,80.0,False,5
3230,432.896,4624.346212103479,-2444.6981646742825,131.0,16444.461389286753,81.0,False,5
3231,432.934,4613.0,-2458.0,132.187496,16445.881768988147,81.0,False,5
3232,433.056,4571.648170567402,-2509.8758148715883,136.0,16450.505833731197,81.0,False,5
3233,433.134,4548.0,-2541.0,136.77999872,16453.49582513999,77.1000064,False,5
3234,433.456,4498.672501273445,-2620.3809671379167,140.0,16466.061389286755,61.0,False,5
3235,433.474,4496.0,-2626.0,140.17999872,16466.7711412117,60.82000128,False,5
3236,433.774,4445.0,-2747.0,143.17999872,16478.724781368976,57.82000128,False,5
3237,433.856,4435.702277978303,-2775.571704493329,144.0,16482.061389286755,57.0,False,5
3238,434.016,4424.8506268150295,-2826.615646476573,149.0,16488.68361150898,73.0,False,5
3239,434.074,4422.0,-2850.0,149.96666453333333,16491.1311625028,75.1749952,False,5
3240,434.373,4414.0,-3003.0,154.94999893333335,16504.141353570263,86.3874976,False,5
3241,434.496,4413.665556488918,-3053.471437305942,157.0,16509.61694484231,91.0,False,5
3242,434.696,4413.7212637719485,-3123.586973298165,163.0,16518.672500397868,93.0,False,5
3243,434.734,4413.0,-3139.0,164.32999552,16520.434159845245,93.56999808,False,5
3244,434.896,4407.045532067781,-3213.1693527580187,170.0,16528.116944842313,96.0,False,5
3245,434.973,4403.0,-3250.0,172.56666453333332,16531.868556522608,94.0750016,False,5
3246,435.053,4398.0,-3288.0,175.2333312,16535.830975120516,92.0750016,False,5
3247,435.136,4390.99518812091,-3327.5832910974304,178.0,16539.983611508982,90.0,False,5
3248,435.413,4355.0,-3461.0,182.15499904,16554.097246743626,80.30500224,False,5
3249,435.536,4334.504330787289,-3520.4950776457754,184.0,16560.428055953424,76.0,False,5
3250,435.613,4320.0,-3557.0,184.76999936,16564.399102023457,76.76999936,False,5
3251,435.736,4293.754888076797,-3613.281678122772,186.0,16570.761389286756,78.0,False,5
3252,435.813,4275.0,-3648.0,186.64166613333333,16574.76172595054,78.0,False,5
3253,435.873,4259.0,-3675.0,187.14166613333333,16577.88869803928,78.0,False,5
3254,435.976,4228.804145678729,-3720.2650487651604,188.0,16583.29472262009,78.0,False,5
3255,436.153,4171.0,-3793.0,190.765624,16592.710149540075,84.0843728,False,5
3256,436.296,4121.364333199847,-3845.2708635665067,193.0,16600.450278175646,89.0,False,5
3257,436.393,4078.0,-3883.0,195.4249984,16605.775792564997,93.4458304,False,5
3258,436.536,3991.420440771229,-3947.691698422282,199.0,16613.716944842312,100.0,False,5
3259,436.634,3933.0,-3988.0,200.6333312,16619.201898363463,100.0,False,5
3260,436.776,3867.45816885492,-4029.5272851080313,203.0,16627.250278175645,100.0,False,5
3261,437.053,3761.0,-4083.0,209.23249856,16643.46142075295,100.0,False,5
3262,437.174,3697.0,-4113.0,211.95499712,16650.68590380046,100.0,False,5
3263,437.176,3695.908633216998,-4113.490798909799,212.0,16650.8058337312,100.0,False,5
3264,437.353,3598.0,-4154.0,216.4249984,16661.489597884694,100.0,False,5
3265,437.416,3562.402646854476,-4166.895305838889,218.0,16665.339167064532,100.0,False,5
3266,437.533,3495.0,-4189.0,220.04749888,16672.564756419626,100.0,False,5
3267,437.793,3341.0,-4231.0,224.59749888,16688.888291718788,100.0,False,5
3268,437.816,3327.8437806482907,-4234.024611530577,225.0,16690.339167064532,100.0,False,5
3269,438.016,3216.94822699394,-4255.352407239179,228.0,16703.0058337312,100.0,False,5
3270,438.093,3172.0,-4262.0,228.9624992,16707.92589514907,100.0,False,5
3271,438.214,3097.0,-4271.0,230.4749984,16715.71249805136,100.0,False,5
3272,438.336,3018.0685703037075,-4277.448968997996,232.0,16723.62805595342,100.0,False,5
3273,438.413,2968.0,-4280.0,233.09999908571427,16728.656704737514,100.0,False,5
3274,438.594,2851.0,-4281.0,235.68571245714287,16740.54021951039,100.0,False,5
3275,438.616,2836.416254321389,-4280.585962105709,236.0,16741.983611508975,100.0,False,5
3276,438.856,2674.2282579822013,-4269.055751579446,236.0,16757.71694484231,100.0,False,5
3277,438.933,2628.0,-4264.0,236.32217572325413,16762.779274650373,100.0,False,5
3278,439.095,2534.008886339946,-4249.196348908411,237.0,16773.451111508977,100.0,False,5
3279,439.134,2498.0,-4241.0,237.0,16776.020793099804,100.0,False,5
3280,439.273,2330.0,-4198.0,237.0,16785.179680408466,100.0,False,5
3281,439.416,2239.288078277349,-4171.681830724253,237.0,16794.583611508977,100.0,False,5
3282,439.576,2204.6384776116756,-4154.758845841178,237.0,16805.116944842313,100.0,False,5
3283,439.614,2190.0,-4148.0,238.1083296,16807.657802427093,100.0,False,5
3284,439.816,2069.775991132973,-4094.174959409444,244.0,16821.383611508976,100.0,False,5
3285,439.914,2005.0,-4063.0,244.4083328,16828.046635866467,100.0,False,5
3286,440.056,1918.0372609518502,-4016.3092189839927,245.0,16837.716944842312,100.0,False,5
3287,440.154,1860.0,-3983.0,245.8166656,16844.43760146237,100.0,False,5
3288,440.274,1789.0,-3941.0,246.8166656,16852.716503726617,100.0,False,5
3289,440.416,1706.2549490484087,-3889.846416016697,248.0,16862.51694484231,100.0,False,5
3290,440.454,1684.0,-3876.0,248.0,16865.136685425092,100.0,False,5
3291,440.616,1588.0417538063582,-3816.3566077315404,248.0,16876.29472262009,100.0,False,5
3292,440.633,1578.0,-3810.0,248.0,16877.465220334263,100.0,False,5
3293,440.794,1485.0,-3750.0,248.0,16888.549265544563,100.0,False,5
3294,440.896,1431.2326379577712,-3715.5362677564463,248.0,16895.58361150898,100.0,False,5
3295,441.094,1309.0,-3638.0,248.6187496,16909.281142454995,100.0,False,5
3296,441.216,1190.7978435979223,-3562.8069637757603,249.0,16917.716944842312,100.0,False,5
3297,441.314,1097.0,-3503.0,249.0,16924.47841861832,100.0,False,5
3298,441.456,996.7640681343797,-3438.7611615401374,249.0,16934.316944842314,100.0,False,5
3299,441.616,927.9862749057351,-3394.1684047098315,253.0,16945.561389286755,100.0,False,5
3300,441.773,861.0,-3351.0,253.56071405714286,16956.63085880918,100.0,False,5
3301,441.896,802.5196575035385,-3313.631369993457,254.0,16965.316944842314,100.0,False,5
3302,442.173,655.0,-3220.0,254.8656248,16984.932663342726,100.0,False,5
3303,442.216,630.8209731773886,-3204.6703189793348,255.0,16987.983611508982,100.0,False,5
3304,442.393,523.0,-3137.0,255.49166648888888,17000.55766645603,100.0,False,5
3305,442.576,388.91096904396255,-3055.994785930427,256.0,17013.583611508984,100.0,False,5
3306,442.594,377.0,-3049.0,256.0562496,17014.866215319038,100.0,False,5
3307,442.874,227.0,-2966.0,256.9312496,17034.85392325638,100.0,False,5
3308,442.896,214.24641006962892,-2959.1419624156993,257.0,17036.428055953427,100.0,False,5
3309,443.093,88.0,-2892.0,257.8208330666667,17050.545467957065,100.0,False,5
3310,443.136,59.92496736261345,-2877.5179807154914,258.0,17053.628055953428,100.0,False,5
3311,443.333,-65.0,-2815.0,258.0,17067.74606876152,97.1857152,False,5
3312,443.416,-113.02154802943063,-2791.4818165823026,258.0,17073.694722620094,96.0,False,5
3313,443.576,-218.71908003311677,-2749.448840455828,257.0,17085.116944842317,67.0,False,5
3314,443.593,-234.0,-2745.0,256.5750016,17086.31315175256,65.92500404705882,False,5
3315,443.833,-487.0,-2689.0,250.5750016,17102.738413998148,50.74853345882353,False,5
3316,444.133,-596.0,-2682.0,243.0750016,17122.407763680327,31.77794522352941,False,5
3317,444.256,-698.8618557333059,-2690.797650270906,240.0,17130.450278175646,24.0,False,5
3318,444.474,-908.0,-2711.0,235.458336,17144.686863775434,29.4499968,False,5
3319,444.496,-919.6537409086379,-2712.5613530268784,235.0,17146.116944842313,30.0,False,5
3320,444.734,-981.0,-2733.0,232.7687512,17161.483115452895,56.031236,False,5
3321,444.816,-1024.7488457223878,-2750.3315647019526,232.0,17166.739167064534,65.0,False,5
3322,444.933,-1101.0,-2782.0,231.12250048,17174.20801166627,69.67999744,False,5
3323,445.216,-1258.824788780758,-2871.816816066136,229.0,17192.18361150898,81.0,False,5
3324,445.233,-1271.0,-2879.0,228.92916693333333,17193.26359679532,81.0,False,5
3325,445.456,-1459.6529510440248,-2987.0858386836685,228.0,17207.38361150898,81.0,True,5
3326,445.493,-1485.0,-3001.0,227.1880886900095,17209.69774404403,71.60502627010986,True,5
3327,445.775,-1586.964006709632,-3046.5335466119363,221.0,17226.966667064535,0.0,True,5
3328,445.854,-1618.0,-3055.0,218.18861174301261,17231.66359516545,0.2811388256987383,True,5
3329,446.056,-1731.7476573524095,-3082.1647601740033,211.0,17243.43638928676,1.0,True,5
3330,446.094,-1754.0,-3086.0,210.208336,17245.62771627775,6.8583136,True,5
3331,446.234,-1833.0,-3094.0,207.29166933333335,17253.6443155299,28.441646933333335,True,5
3332,446.296,-1868.3693596554867,-3095.0336822289837,206.0,17257.169722620092,38.0,False,5
3333,446.394,-1924.0,-3094.0,204.95000137142858,17262.71282045199,44.999990857142855,False,5
3334,446.576,-2024.4741897160025,-3082.399791118226,203.0,17272.958611508984,58.0,False,5
3335,446.593,-2035.0,-3080.0,203.0,17273.916973608364,58.495831466666665,False,5
3336,446.816,-2198.0307595096947,-3024.247484260348,203.0,17286.491944842313,65.0,False,5
3337,446.954,-2278.0,-2990.0,202.1375008,17294.23428516325,68.4499968,False,5
3338,446.976,-2287.022412834635,-2985.721661150237,202.0,17295.46972262009,69.0,False,5
3339,447.194,-2347.0,-2949.0,202.6055552,17307.75828640544,85.95554560000001,False,5
3340,447.336,-2411.7142735182783,-2905.6189385621838,203.0,17315.76972262009,97.0,False,5
3341,447.394,-2442.0,-2884.0,203.0,17319.037109051547,98.0874976,False,5
3342,447.496,-2497.0273381985085,-2841.8568101072883,203.0,17324.791944842313,100.0,False,5
3343,447.794,-2645.0,-2716.0,205.70908974545455,17341.841781289233,100.0,False,5
3344,447.936,-2685.084247361924,-2679.8808152930073,207.0,17350.091944842312,100.0,False,5
3345,448.074,-2725.0,-2647.0,210.4499968,17358.179332609216,100.0,False,5
3346,448.096,-2733.363822814877,-2640.678830570834,211.0,17359.46972262009,100.0,False,5
3347,448.256,-2809.0392251484973,-2587.296750973875,211.0,17368.847500397867,100.0,False,5
3348,448.333,-2848.0,-2563.0,211.0,17373.363962856285,93.95000502857143,False,5
3349,448.536,-2950.4139464485984,-2512.0040610237766,211.0,17385.25861150898,78.0,False,5
3350,448.613,-2997.0,-2495.0,210.45000045714286,17389.746584834546,72.2250048,False,5
3351,448.816,-3142.271204903154,-2454.6343486655683,209.0,17401.514167064535,57.0,False,5
3352,448.834,-3154.0,-2452.0,208.85000106666666,17402.553585694335,56.3250048,False,5
3353,449.056,-3266.0308033582064,-2436.1570545466657,207.0,17415.314167064535,48.0,False,5
3354,449.273,-3371.0,-2441.0,205.1916672,17427.655349985558,46.1916672,False,5
3355,449.293,-3383.0,-2442.0,205.02500053333333,17428.785988919823,46.02500053333333,False,5
3356,449.416,-3454.3988658835137,-2450.421170135312,204.0,17435.714167064536,45.0,False,5
3357,449.593,-3552.0,-2469.0,202.3406256,17445.60824862309,46.6593744,False,5
3358,449.736,-3630.2459257522105,-2489.095859548646,201.0,17453.5808337312,48.0,False,5
3359,449.873,-3704.0,-2512.0,201.0,17461.230276408187,64.2687424,False,5
3360,449.896,-3716.1950036050143,-2516.140070220396,201.0,17462.514167064535,67.0,False,5
3361,450.053,-3798.0,-2547.0,201.0,17471.270479920633,65.5281256,False,5
3362,450.216,-3880.267402503298,-2585.1850757471393,201.0,17480.3808337312,64.0,False,5
3363,450.496,-4015.2468760290367,-2665.8524310434495,201.0,17496.01416706453,59.0,True,5
3364,450.736,-4119.107682486255,-2746.555057555644,193.0,17508.8808337312,0.0,True,5
3365,450.896,-4179.159535794365,-2804.223735479261,193.0,17517.45861150898,0.0,True,5
3366,450.933,-4192.0,-2818.0,190.7535753142857,17519.367719710943,0.0,True,5
3367,451.114,-4250.0,-2888.0,179.7642934857143,17528.22185637946,0.0,True,5
3368,451.176,-4268.978074484899,-2913.223327202126,176.0,17531.147500397867,0.0,True,5
3369,451.336,-4316.711634234545,-2986.932819989116,166.0,17538.525278175646,0.0,True,5
3370,451.354,-4322.0,-2997.0,165.5500032,17539.34192666196,0.0,True,5
3371,451.576,-4382.119257334633,-3139.9971585135563,160.0,17549.191944842314,0.0,True,5
3372,451.614,-4389.0,-3159.0,158.33750560000001,17550.831562056053,0.0,True,5
3373,451.736,-4401.755204491606,-3199.7350020902322,153.0,17555.991944842313,0.0,True,5
3374,451.894,-4407.0,-3236.0,148.17222613333334,17562.40329887985,0.0,True,5
3375,452.096,-4415.270907260041,-3314.781670335968,142.0,17570.191944842314,0.0,True,5
3376,452.234,-4419.0,-3371.0,137.92273105454547,17575.28408001471,0.0,True,5
3377,452.434,-4416.0,-3446.0,132.01364014545456,17582.386067195013,0.0,True,5
3378,452.536,-4405.677011175737,-3503.2243935290353,129.0,17585.95861150898,0.0,True,5
3379,452.654,-4391.0,-3569.0,126.89285942857143,17590.060456715008,0.0,True,5
3380,452.816,-4377.40720972248,-3616.9372492200387,124.0,17595.603055953423,0.0,True,5
3381,453.054,-4357.0,-3650.0,119.75000228571429,17603.485426900817,7.6499958857142865,True,5
3382,453.096,-4351.000339698219,-3659.7308021217036,119.0,17604.85861150898,9.0,False,5
3383,453.256,-4322.503458629095,-3704.1878687106146,117.0,17610.05861150898,17.0,False,5
3384,453.274,-4319.0,-3709.0,116.8875008,17610.64007199127,17.281248,False,5
3385,453.374,-4299.0,-3734.0,116.2625008,17613.856771054747,18.843748,False,5
3386,453.576,-4256.952148444465,-3775.968702320223,115.0,17620.2808337312,22.0,False,5
3387,453.634,-4238.0,-3789.0,114.6375008,17622.106165917747,23.6312464,False,5
3388,453.874,-4132.0,-3846.0,113.1375008,17629.627975020674,30.3812464,False,5
3389,453.896,-4125.092402542802,-3849.2780073485787,113.0,17630.325278175646,31.0,False,5
3390,454.194,-4077.0,-3863.0,115.97999872,17639.95057000963,43.66499456,False,5
3391,454.296,-4048.5874993798393,-3869.268895211819,117.0,17643.325278175646,48.0,False,5
3392,454.394,-4012.0,-3876.0,118.8374976,17646.60702119299,51.9812448,False,5
3393,454.616,-3900.924071063792,-3886.775092567936,123.0,17654.25861150898,61.0,False,5
3394,454.734,-3853.0,-3890.0,125.9499968,17658.517352684765,64.83499584,False,5
3395,455.013,-3795.0,-3892.0,132.9249984,17668.924460779894,73.90249792,False,5
3396,455.016,-3794.1783447635657,-3892.00965140364,133.0,17669.036389286757,74.0,False,5
3397,455.256,-3703.9087875888554,-3892.9190520039356,136.0,17678.103055953423,77.0,False,5
3398,455.273,-3697.0,-3893.0,136.796872,17678.77543189121,77.4781232,False,5
3399,455.453,-3626.0,-3894.0,145.234372,17686.212277278686,82.5406232,False,5
3400,455.576,-3582.391426656831,-3894.7853705264056,151.0,17691.525278175646,86.0,False,5
3401,455.713,-3517.0,-3897.0,157.8499968,17697.603769486504,95.58999552,False,5
3402,455.776,-3472.3447745193007,-3898.981780947783,161.0,17700.46972262009,100.0,False,5
3403,455.934,-3352.0,-3905.0,168.8999936,17707.88464963839,100.0,False,5
3404,455.936,-3350.872725124945,-3905.0618747260573,169.0,17707.980833731202,100.0,False,5
3405,456.176,-3285.5970844290396,-3910.2303193740363,178.0,17719.84750039787,100.0,False,5
3406,456.253,-3263.0,-3913.0,179.09999908571427,17723.682441635112,100.0,False,5
3407,456.456,-3165.663656759052,-3924.7869139304385,182.0,17734.003055953428,100.0,False,5
3408,456.494,-3148.0,-3927.0,184.2562424,17736.03085780118,100.0,False,5
3409,456.653,-3081.0,-3936.0,193.6968712,17744.860643868637,100.0,False,5
3410,456.776,-3013.1920038794383,-3946.147059809437,201.0,17751.869722620093,100.0,False,5
3411,456.936,-2911.4851613600686,-3962.0586407769792,208.0,17761.114167064534,100.0,False,5
3412,456.994,-2880.0,-3967.0,210.071424,17764.5477090511,100.0,False,5
3413,457.216,-2788.4111118411133,-3981.46440934708,218.0,17778.06972262009,100.0,False,5
3414,457.354,-2723.0,-3993.0,221.4499968,17786.644478334045,100.0,False,5
3415,457.433,-2675.0,-4002.0,223.4249984,17791.608804991894,100.0,False,5
3416,457.536,-2602.575973365079,-4016.462550936706,226.0,17798.158611508978,100.0,False,5
3417,457.794,-2413.0,-4057.0,233.2562464,17814.943835761274,100.0,False,5
3418,457.856,-2379.6245971032017,-4064.383463731446,235.0,17819.047500397864,100.0,False,5
3419,458.033,-2296.0,-4083.0,239.4249984,17830.900201131208,100.0,False,5
3420,458.176,-2206.1232922702447,-4101.715109572411,243.0,17840.647500397863,100.0,False,5
3421,458.233,-2164.0,-4109.0,244.6031232,17844.580204127295,100.0,False,5
3422,458.496,-1929.9045864284708,-4135.4609629529805,252.0,17863.04750039786,100.0,False,5
3423,458.573,-1860.0,-4140.0,253.9249984,17868.537525437358,100.0,False,5
3424,458.736,-1719.2261323838989,-4143.987594662586,258.0,17880.24750039786,100.0,False,5
3425,458.896,-1597.5853759799909,-4142.277729621293,260.0,17891.80305595342,100.0,False,5
3426,458.994,-1541.0,-4141.0,261.8374976,17898.940725790162,100.0,False,5
3427,459.056,-1512.5324185968175,-4140.17840975036,263.0,17903.491944842306,100.0,False,5
3428,459.274,-1422.0,-4136.0,267.7687472,17919.752688999986,100.0,False,5
3429,459.376,-1349.731303539348,-4132.165179087858,270.0,17927.491944842306,100.0,False,5
3430,459.474,-1271.0,-4128.0,272.8583296,17935.00367177583,100.0,False,5
3431,459.616,-1160.4270398817748,-4122.388725856455,277.0,17945.958611508973,100.0,False,5
3432,459.776,-1039.4845317856034,-4116.617283145865,278.0,17958.31416706453,100.0,False,5
3433,459.794,-1026.0,-4116.0,278.3374976,17959.71408046697,100.0,False,5
3434,459.953,-908.0,-4111.0,281.3187488,17972.19529179861,100.0,False,5
3435,460.096,-803.0286245302342,-4107.820496740252,284.0,17983.558611508975,100.0,False,5
3436,460.134,-774.0,-4107.0,284.791664,17986.595669300583,100.0,False,5
3437,460.314,-630.0,-4103.0,288.541664,18001.056112550556,100.0,False,5
3438,460.336,-612.8680504905878,-4102.610809586169,289.0,18002.825278175642,100.0,False,5
3439,460.496,-488.04584627725376,-4100.500436893962,290.0,18015.71416706453,100.0,False,5
3440,460.534,-453.0,-4100.0,290.6333312,18018.797923140814,100.0,False,5
3441,460.856,-91.10606845029885,-4095.2058510836473,296.0,18045.31416706453,100.0,False,5
3442,460.874,-75.0,-4095.0,296.2249984,18046.81124413257,100.0,False,5
3443,461.254,140.0,-4092.0,300.9749984,18078.720790756015,100.0,False,5
3444,461.416,259.24442052582856,-4089.75112263152,303.0,18092.447500397866,100.0,False,5
3445,461.493,342.0,-4089.0,304.4437488,18098.991216850845,100.0,False,5
3446,461.576,456.1943852933238,-4088.697450139959,306.0,18106.047500397868,100.0,False,5
3447,461.693,614.0,-4089.0,306.0,18115.978719145518,100.0,False,5
3448,461.776,679.7997136983865,-4089.5788048073314,306.0,18123.047500397868,100.0,False,5
3449,461.936,734.7076500754463,-4092.4979372288317,309.0,18136.780833731198,100.0,False,5
3450,461.993,767.0,-4095.0,309.56999936,18141.694446301604,100.0,False,5
3451,462.136,886.9481639815782,-4105.2370302594145,311.0,18154.05861150898,100.0,False,5
3452,462.154,903.0,-4107.0,311.12857051428574,18155.618116272206,100.0,False,5
3453,462.416,1125.6132371496747,-4145.783566410406,313.0,18178.403055953422,100.0,False,5
3454,462.513,1207.0,-4167.0,313.96999936,18186.88593658498,100.0,False,5
3455,462.593,1274.0,-4187.0,314.76999936,18193.890516037423,100.0,False,5
3456,462.616,1292.481425025702,-4192.715495402464,315.0,18195.903055953422,100.0,False,5
3457,462.816,1445.3215523923336,-4242.954767246656,315.0,18213.403055953422,100.0,False,5
3458,462.893,1526.0,-4271.0,315.64166613333333,18220.170800442345,100.0,False,5
3459,463.056,1751.637889315819,-4350.832183931113,317.0,18234.536389286757,100.0,False,5
3460,463.113,1826.0,-4377.0,317.0,18239.555599286672,100.0,False,5
3461,463.256,1973.3793692991276,-4427.837384057525,317.0,18252.147500397867,100.0,False,5
3462,463.456,2099.99097259098,-4469.136205072448,318.0,18269.81416706454,100.0,False,5
3463,463.574,2161.0,-4489.0,318.58999936,18280.272091647377,100.0,False,5
3464,463.856,2300.413727722093,-4534.269428806928,320.0,18305.369722620093,100.0,False,5
3465,463.973,2433.0,-4573.0,320.58499968,18315.825527680827,100.0,False,5
3466,464.134,2691.0,-4646.0,321.38999936,18330.243532502427,100.0,False,5
3467,464.256,2789.408718330733,-4672.848354682157,322.0,18341.14750039787,100.0,False,5
3468,464.454,2847.0,-4684.0,321.01000064,18358.802377387427,100.0,False,5
3469,464.456,2848.0992651269858,-4684.221004718481,321.0,18358.980833731206,100.0,False,5
3470,464.696,3054.019833814147,-4726.010619809343,322.0,18380.447500397873,100.0,False,5
3471,464.773,3127.0,-4739.0,322.64166613333333,18387.370248874355,100.0,False,5
3472,464.936,3271.4501971799427,-4759.88052037928,324.0,18402.047500397868,100.0,False,5
3473,464.974,3305.0,-4764.0,323.81000064,18405.46093666608,100.0,False,5
3474,465.133,3448.0,-4779.0,323.01500032,18419.722661495656,100.0,False,5
3475,465.136,3450.705486133758,-4779.234340492244,323.0,18419.991944842317,100.0,False,5
3476,465.274,3573.0,-4788.0,323.34499968,18432.391814068775,100.0,False,5
3477,465.536,3786.810380506946,-4795.516468013021,324.0,18455.991944842313,100.0,False,5
3478,465.613,3879.0,-4794.0,324.2138887111111,18462.937761951904,100.0,False,5
3479,465.794,4150.0,-4784.0,324.7166663111111,18479.279935750546,100.0,False,5
3480,465.896,4261.3028665751435,-4778.416376082075,325.0,18488.491944842313,100.0,False,5
3481,466.176,4415.213089049682,-4763.533673919423,325.0,18513.769722620087,100.0,False,5
3482,466.254,4470.0,-4757.0,324.80500032,18520.79818555171,100.0,False,5
3483,466.453,4649.0,-4735.0,324.30750016,18538.702056531856,100.0,False,5
3484,466.534,4721.0,-4725.0,324.10500032,18545.989738671826,100.0,False,5
3485,466.576,4755.425984589276,-4719.976187242664,324.0,18549.76972262009,100.0,False,5
3486,466.814,4968.0,-4680.0,324.0,18571.194737696183,100.0,False,5
3487,466.856,5028.719980476664,-4666.018706737742,324.0,18574.969722620088,100.0,False,5
3488,466.994,5248.0,-4613.0,323.1375008,18587.353563979123,100.0,False,5
3489,467.016,5275.822410892368,-4606.0698378290945,323.0,18589.325278175646,100.0,False,5
3490,467.416,5495.6779191391015,-4539.2169938596735,322.0,18625.103055953423,100.0,False,5
3491,467.454,5523.0,-4530.0,322.0,18628.504733180554,100.0,False,5
3492,467.616,5680.090163113486,-4478.164029338332,322.0,18642.99194484231,100.0,False,5
3493,467.674,5744.0,-4457.0,321.2750016,18648.151788975636,100.0,False,5
3494,467.776,5859.935361585178,-4418.204230022186,320.0,18657.214167064536,100.0,False,5
3495,467.936,6048.039786240693,-4354.321709133113,321.0,18671.4808337312,100.0,False,5
3496,468.113,6199.0,-4303.0,319.73571474285717,18687.175570510364,100.0,False,5
3497,468.216,6247.563663365447,-4286.667960724605,319.0,18696.291944842313,100.0,False,5
3498,468.414,6333.0,-4258.0,319.0,18713.835420325577,100.0,False,5
3499,468.456,6368.447707760611,-4245.950263040113,319.0,18717.55861150898,100.0,False,5
3500,468.616,6558.128800755468,-4181.2239795196665,319.0,18731.736389286754,100.0,False,5
3501,468.733,6685.0,-4138.0,318.2687504,18742.070044988195,100.0,False,5
3502,468.776,6722.151097231425,-4125.388533496543,318.0,18745.86972262009,100.0,False,5
3503,469.096,6906.672375306679,-4062.3645586227103,319.0,18774.225278175643,100.0,False,5
3504,469.113,6919.0,-4058.0,318.91500032,18775.729462234725,100.0,False,5
3505,469.296,7072.845140348372,-4002.769989081366,318.0,18791.891944842308,100.0,False,5
3506,469.313,7086.0,-3998.0,317.8937504,18793.390871307383,100.0,False,5
3507,469.413,7157.0,-3972.0,317.2687504,18802.19929271597,100.0,False,5
3508,469.456,7188.602390238368,-3960.1735247846145,317.0,18805.9808337312,100.0,False,5
3509,469.593,7305.0,-3915.0,316.1437504,18818.006612331043,100.0,False,5
3510,469.616,7328.528703303648,-3905.540727709968,316.0,18820.02527817564,100.0,False,5
3511,469.856,7620.134074655754,-3784.183890488381,316.0,18841.091944842305,100.0,False,5
3512,469.913,7677.0,-3760.0,315.6437504,18846.082705517132,100.0,False,5
3513,470.016,7756.538198552118,-3725.644220723797,315.0,18855.09194484231,100.0,False,5
3514,470.296,7879.677497280311,-3669.5031966262295,315.0,18879.591944842305,100.0,False,5
3515,470.374,7933.0,-3646.0,314.72142902857144,18886.412715681345,100.0,False,5
3516,470.414,7965.0,-3632.0,314.57857188571427,18889.90946880151,100.0,False,5
3517,470.576,8093.672141485567,-3572.978339255437,314.0,18904.014167064528,100.0,False,5
3518,470.694,8186.0,-3529.0,312.03333546666664,18914.197552948805,94.75556124444445,False,5
3519,470.894,8342.0,-3454.0,308.7000021333333,18931.265791038557,85.86667235555555,False,5
3520,470.936,8374.684680437531,-3438.414839411181,308.0,18934.814167064524,84.0,False,5
3521,471.154,8542.0,-3359.0,301.46000384,18953.025341305354,38.22002688,False,5
3522,471.336,8676.078085684434,-3293.548402605795,296.0,18967.703055953414,0.0,True,5
3523,471.373,8705.0,-3279.0,291.74500736,18970.60354916626,0.0,True,5
3524,471.536,8841.7070394129,-3208.402356074315,273.0,18982.86972262008,0.0,True,5
3525,471.593,8888.0,-3184.0,264.984384,18986.8336742718,0.0,True,5
3526,471.856,9071.65497534729,-3084.1770860766765,228.0,19003.136389286745,0.0,True,5
3527,472.014,9161.0,-3033.0,212.6334264552102,19011.922635000454,0.0,True,5
3528,472.257,9270.44329839317,-2965.917816738599,189.0,19024.188889286746,0.0,True,5
3529,472.413,9323.0,-2932.0,176.48872381133253,19031.353289996016,0.0,True,5
3530,472.656,9379.404073117144,-2893.8275948847845,157.0,19041.58972262008,0.0,True,5
3531,472.774,9408.0,-2872.0,145.937512,19046.267816442087,0.0,True,5
3532,472.816,9419.60282515154,-2862.7423534043864,142.0,19047.90083373119,0.0,True,5
3533,472.976,9468.002528836123,-2822.3557518380194,136.0,19053.945278175634,0.0,True,5
3534,472.993,9473.0,-2818.0,134.937504,19054.555555695108,0.0,True,5
3535,473.216,9530.594069252684,-2764.442742691548,121.0,19062.0119448423,0.0,True,5
3536,473.234,9534.0,-2761.0,120.42143268571428,19062.58976040179,0.0,True,5
3537,473.434,9562.0,-2729.0,113.99286125714286,19068.844852896593,0.0,True,5
3538,473.496,9572.371202607668,-2716.1379153840353,112.0,19070.72305595341,0.0,True,5
3539,473.674,9606.0,-2672.0,105.77000448,19075.93776943462,0.0,True,5
3540,473.696,9609.644433404801,-2666.685893696408,105.0,19076.556389286747,0.0,True,5
3541,473.914,9639.0,-2616.0,96.8250048,19082.383987685273,0.0,True,5
3542,473.936,9641.504223553346,-2610.795273010098,96.0,19082.956389286745,0.0,True,5
3543,474.113,9659.0,-2569.0,93.47142948571428,19087.507120502163,0.0,True,5
3544,474.216,9666.834535485263,-2547.053689232316,92.0,19090.1119448423,0.0,False,5
3545,474.314,9672.0,-2521.0,90.95000137142857,19092.56131236433,0.0,False,5
3546,474.496,9674.36730359539,-2449.2955034518322,89.0,19097.034167064525,0.0,False,5
3547,474.533,9674.0,-2438.0,88.6916672,19097.93117732346,0.0,False,5
3548,474.833,9660.0,-2402.0,86.1916672,19105.087892316627,0.0,False,5
3549,474.856,9657.698027988177,-2398.035998207112,86.0,19105.634167064523,0.0,False,5
3550,474.993,9641.0,-2368.0,86.0,19108.88796294682,14.678564571428572,False,5
3551,475.136,9622.658932693537,-2339.627929385396,86.0,19112.323055953413,30.0,False,5
3552,475.313,9594.0,-2305.0,88.2124992,19116.68742207358,32.2124992,False,5
3553,475.456,9560.91980140001,-2271.28145416479,90.0,19120.323055953413,34.0,False,5
3554,475.553,9540.0,-2251.0,92.07857005714285,19122.852859504383,39.88928182857143,False,5
3555,475.736,9514.44590449259,-2227.3163674793955,96.0,19127.78972262008,51.0,False,5
3556,475.893,9484.0,-2202.0,99.56818036363636,19132.23454928753,54.9249984,False,5
3557,476.173,9389.0,-2125.0,105.93181672727273,19140.651636062896,61.9249984,False,5
3558,476.176,9388.338192614703,-2124.466949476816,106.0,19140.745278175636,62.0,False,5
3559,476.416,9362.56365677973,-2103.2645097321547,116.0,19148.47861150897,70.0,False,5
3560,476.433,9360.0,-2101.0,116.50999808,19149.045204102575,70.0,False,5
3561,476.616,9316.820080313899,-2062.056673010104,122.0,19155.256389286747,70.0,False,5
3562,476.673,9302.0,-2048.0,122.0,19157.195261996632,55.750016,False,5
3563,476.856,9258.324708823138,-2003.230015561629,122.0,19163.389722620082,10.0,True,5
3564,476.993,9229.0,-1969.0,120.53214354285714,19167.977025940523,5.107145142857143,True,5
3565,477.136,9201.227180075815,-1931.8048719717988,119.0,19172.645278175638,0.0,True,5
3566,477.154,9198.0,-1927.0,118.40000426666667,19173.218758372393,0.0,True,5
3567,477.373,9164.0,-1867.0,111.10000213333333,19179.95575081723,0.0,True,5
3568,477.376,9163.599980476605,-1866.1815098204654,111.0,19180.045278175636,0.0,True,5
3569,477.573,9141.0,-1811.0,108.21630525217391,19185.76853233016,1.7130429217391305,True,5
3570,477.813,9123.0,-1732.0,104.82500090434783,19192.326879404485,3.799999443478261,True,5
3571,478.074,9120.0,-1670.0,101.13695833043478,19199.195200500595,6.069564104347826,True,5
3572,478.296,9126.16207009393,-1609.80981528385,98.0,19205.08972262008,8.0,False,5
3573,478.354,9129.0,-1594.0,97.2750016,19206.63798332285,10.8999936,False,5
3574,478.456,9135.2596421414,-1567.1393782412179,96.0,19209.356389286746,16.0,False,5
3575,478.614,9148.0,-1527.0,95.3416672,19213.513698694074,29.8249888,False,5
3576,478.696,9155.971440544447,-1506.2727034050158,95.0,19215.689722620078,37.0,False,5
3577,478.814,9169.0,-1477.0,96.46583750194783,19218.871776790053,39.931675003895656,False,5
3578,478.857,9174.178158378203,-1466.6715673266767,97.0,19220.027778175634,41.0,False,5
3579,478.993,9192.0,-1435.0,96.24444444444444,19223.634527023794,36.08888888888889,False,5
3580,479.217,9225.468245002457,-1385.319170091637,95.0,19229.527778175634,28.0,False,5
3581,479.233,9228.0,-1382.0,95.10933939180474,19229.95423477601,28.692482814763327,False,5
3582,479.354,9248.0,-1358.0,95.93621810497048,19233.205243914323,33.92938133147972,False,5
3583,479.533,9283.0,-1325.0,97.15945298814353,19238.09070418746,41.67653559157568,False,5
3584,479.656,9308.51284471215,-1304.1445447541364,98.0,19241.47833373119,47.0,False,5
3585,479.813,9343.0,-1280.0,99.9624992,19245.83881322071,50.9249984,False,5
3586,479.816,9343.691279099374,-1279.5692566837845,100.0,19245.922778175634,51.0,False,5
3587,480.096,9413.576668226864,-1244.4359552209094,103.0,19253.933889286745,62.0,False,5
3588,480.376,9493.451677932024,-1219.5624962768622,111.0,19262.567222620077,68.0,False,5
3589,480.414,9505.0,-1217.0,112.4249952,19263.797636777505,68.6333312,False,5
3590,480.616,9569.233460724567,-1206.6864891573682,120.0,19270.567222620077,72.0,False,5
3591,480.754,9616.0,-1204.0,123.8812464,19275.38210117331,76.7437456,False,5
3592,480.814,9637.0,-1204.0,125.5687464,19277.52644168239,78.8062456,False,5
3593,480.936,9679.1626852675,-1202.9432245233643,129.0,19282.033889286744,83.0,False,5
3594,481.034,9717.0,-1202.0,132.6749952,19285.800318579695,84.71499776,False,5
3595,481.313,9856.0,-1201.0,143.1374976,19297.085480890128,89.59749888,False,5
3596,481.336,9868.066689867093,-1200.4275068986422,144.0,19298.033889286744,90.0,False,5
3597,481.693,10036.0,-1182.0,150.94166542222223,19313.006459079486,64.21667128888889,False,5
3598,481.696,10036.94818371452,-1181.8414647552863,151.0,19313.133889286746,64.0,False,5
3599,482.013,10108.0,-1159.0,153.64166613333333,19326.695403064277,57.83611235555556,False,5
3600,482.056,10121.721769992932,-1152.2093143023976,154.0,19328.533889286744,57.0,False,5
3601,482.296,10225.182697132694,-1096.2109185847432,152.0,19338.66722262008,1.0,True,5
3602,482.413,10269.0,-1069.0,147.90500224,19343.373853295932,0.70750016,True,5
3603,482.696,10339.391440858968,-1007.2704778669305,138.0,19354.000555953415,0.0,True,5
3604,482.713,10344.0,-1002.0,137.22083626666668,19354.603931335034,0.0,True,5
3605,483.033,10443.0,-873.0,122.5541696,19365.212907263034,0.0,True,5
3606,483.176,10471.885955052201,-827.8129634198701,116.0,19369.467222620082,0.0,True,5
3607,483.373,10495.0,-785.0,108.33889137777778,19374.8199978133,0.0,True,5
3608,483.714,10517.0,-737.0,95.07778275555556,19382.912168242485,0.0,True,5
3609,483.896,10536.107124776485,-683.4320311764714,88.0,19387.067222620084,0.0,True,5
3610,484.014,10547.0,-650.0,85.64000256,19389.736518028545,0.0,True,5
3611,484.296,10557.491502964462,-602.8354337286428,80.0,19395.95611150897,0.0,True,5
3612,484.353,10559.0,-593.0,79.00250112,19397.163401843136,0.0,True,5
3613,484.534,10564.0,-556.0,75.83500224,19400.880234592754,0.0,True,5
3614,484.696,10565.135657737457,-523.2515044956108,73.0,19404.067222620084,0.0,False,5
3615,484.713,10565.0,-520.0,72.7875008,19404.39432100674,0.6374976,False,5
3616,485.094,10545.0,-458.0,68.0250016,19411.460748198268,14.9249952,False,5
3617,485.176,10534.414301394458,-447.26741437579847,67.0,19413.00055595342,18.0,False,5
3618,485.253,10523.0,-438.0,67.57605946351073,19414.46656659267,18.768079284680983,False,5
3619,485.454,10490.0,-417.0,69.07979987308526,19418.37757196009,20.773066497447022,False,5
3620,485.577,10467.818538807098,-405.28873812584135,70.0,19420.79777817564,22.0,False,5
3621,485.674,10450.0,-396.0,70.34642834285714,19422.714492066552,20.267858285714286,False,5
3622,485.857,10417.568995270529,-376.9950520708399,71.0,19426.320000397864,17.0,True,5
3623,485.914,10409.0,-370.0,70.52301321559479,19427.428154249163,12.945612332555694,True,5
3624,486.073,10391.0,-347.0,69.19246910327188,19430.469634053145,1.6359873778109126,True,5
3625,486.096,10389.263203656477,-343.3088347940691,69.0,19430.900833731197,0.0,False,5
3626,486.313,10382.0,-305.0,66.2875008,19434.879825477292,1.8083328,False,5
3627,486.336,10381.711413831112,-300.73045782054635,66.0,19435.3008337312,2.0,False,5
3628,486.534,10382.0,-263.0,66.7071424,19438.95954815785,16.142848,False,5
3629,486.616,10383.836910133174,-247.14759731069807,67.0,19440.51194484231,22.0,False,5
3630,486.714,10387.0,-228.0,68.33636189090909,19442.404917011332,24.895450763636365,False,5
3631,486.794,10390.0,-212.0,69.42727098181818,19443.980615130204,27.25908712727273,False,5
3632,487.056,10402.817501851981,-152.24396149634464,73.0,19449.434167064534,35.0,False,5
3633,487.154,10408.0,-130.0,75.4499968,19451.622184027237,35.668180945454544,False,5
3634,487.496,10425.202518718126,-62.0010034109958,84.0,19459.7008337312,38.0,False,5
3635,487.514,10426.0,-59.0,84.26999808,19460.130549274472,38.71999488,False,5
3636,487.696,10433.963973012953,-29.932058971160778,87.0,19464.534167064536,46.0,False,5
3637,487.793,10444.0,5.0,89.4249984,19467.00656029881,48.7281232,False,5
3638,487.973,10474.0,108.0,93.92499839999999,19471.810685773624,53.7906232,False,5
3639,488.016,10478.390274653517,122.62197248013236,95.0,19472.97861150898,55.0,False,5
3640,488.213,10486.0,143.0,97.1107136,19478.389111383134,21.932153600000003,False,5
3641,488.296,10491.55709620669,156.88489903223817,98.0,19480.6008337312,8.0,True,5
3642,488.593,10522.0,236.0,89.75000177777778,19487.92990369987,1.4000014222222217,True,5
3643,488.656,10527.56571389767,251.0536498102999,88.0,19489.4008337312,0.0,True,5
3644,488.673,10529.0,255.0,87.6812512,19489.79379810023,0.0,True,5
3645,488.993,10551.0,327.0,81.6812512,19496.89112591039,0.0,True,5
3646,489.136,10557.11256022382,363.6513384088182,79.0,19499.934167064534,0.0,True,5
3647,489.213,10559.0,382.0,77.93055644444445,19501.548073213296,1.711109688888889,True,5
3648,489.496,10555.476510861572,432.1317400266059,74.0,19507.33416706453,8.0,False,5
3649,489.573,10551.0,445.0,73.0375008,19508.87021981581,5.433335466666667,False,5
3650,489.736,10536.663907966979,473.2818433822507,71.0,19512.067500397865,0.0,False,5
3651,489.753,10535.0,476.0,70.87857188571428,19512.3966175626,1.0928530285714286,False,5
3652,490.016,10501.638065869598,513.9730188894606,69.0,19517.434167064534,18.0,False,5
3653,490.033,10498.0,517.0,69.09444408888889,19517.76277930767,19.086107022222222,False,5
3654,490.194,10457.0,548.0,69.98888817777778,19520.908149549898,29.372214044444444,False,5
3655,490.376,10430.38194327411,565.0448095993179,71.0,19524.534167064532,41.0,False,5
3656,490.554,10411.0,574.0,73.66999808,19528.176764315373,44.559997440000004,False,5
3657,490.576,10407.72845124742,575.5844821996374,74.0,19528.645278175645,45.0,False,5
3658,490.816,10361.313094952413,597.6551603069394,81.0,19534.045278175643,47.0,False,5
3659,490.854,10353.0,601.0,81.67856914285714,19534.929363601477,48.22142445714286,False,5
3660,490.953,10331.0,609.0,83.44642742857143,19537.260281720188,51.403569371428574,False,5
3661,491.096,10302.591712171883,618.9341058015293,86.0,19540.734167064533,56.0,False,5
3662,491.233,10266.0,629.0,91.1374976,19544.218458783034,60.281248,False,5
3663,491.256,10257.688953236453,630.9555391139108,92.0,19544.82305595342,61.0,False,5
3664,491.453,10177.0,648.0,97.47222044444445,19550.257837207748,67.01944248888888,False,5
3665,491.616,10145.103640935195,654.0634727476057,102.0,19555.02305595342,72.0,False,5
3666,491.776,10118.815462837474,656.0999148839237,110.0,19559.91194484231,74.0,False,5
3667,491.814,10106.0,657.0,112.1374928,19561.13070716374,75.8999936,False,5
3668,491.936,10047.498492917168,661.0115534596038,119.0,19565.2008337312,82.0,False,5
3669,492.114,9955.0,667.0,126.38588876637711,19571.501671495003,85.69294438318855,False,5
3670,492.177,9935.484140674025,668.0488453319474,129.0,19573.836667064534,87.0,False,5
3671,492.337,9910.507974332731,668.6298864469155,139.0,19580.01444484231,100.0,False,5
3672,492.414,9894.0,669.0,142.20833066666665,19583.107831639918,100.0,False,5
3673,492.577,9837.316172136107,670.7360059229838,149.0,19589.947778175643,100.0,False,5
3674,492.654,9795.0,672.0,153.5104552942714,19593.344539123544,100.0,False,5
3675,492.816,9670.435429396575,675.4900946288957,163.0,19600.769167064533,100.0,False,5
3676,492.893,9618.0,677.0,165.47499794285713,19604.374976492152,100.0,False,5
3677,493.094,9524.0,680.0,171.93571017142858,19614.048301844243,100.0,False,5
3678,493.096,9522.847219650364,680.035716773606,172.0,19614.146944842312,100.0,False,5
3679,493.334,9355.0,685.0,182.90832746666666,19626.242120921102,100.0,False,5
3680,493.336,9353.871557541534,685.0328561477899,183.0,19626.346944842313,100.0,False,5
3681,493.616,9255.893732454238,687.8139873828425,194.0,19641.4358337312,100.0,False,5
3682,493.634,9249.0,688.0,194.14999893333334,19642.416667380752,92.87505066666667,False,5
3683,493.856,9133.78103442413,691.1863267626064,196.0,19654.502500397866,5.0,False,5
3684,493.894,9108.0,692.0,195.208336,19656.55380859769,4.208336,False,5
3685,494.094,8960.0,697.0,191.04166933333335,19667.133569896025,0.04166933333333303,False,5
3686,494.096,8958.811262971176,697.0376962446944,191.0,19667.2358337312,0.0,True,5
3687,494.393,8848.0,700.0,176.15000320000001,19681.69703496242,0.0,True,5
3688,494.416,8838.357996600995,700.3385555642516,175.0,19682.791389286755,0.0,True,5
3689,494.613,8742.0,704.0,170.0750016,19692.08382727558,0.0,True,5
3690,494.656,8722.163833871678,704.6308731103474,169.0,19694.05805595342,0.0,True,5
3691,494.816,8651.060368464156,706.4727459808893,161.0,19701.213611508974,0.0,True,5
3692,494.853,8632.0,707.0,160.3062512,19702.85259638103,0.0,True,5
3693,494.976,8558.838652519175,709.2081912519586,158.0,19708.235833731196,0.0,True,5
3694,495.173,8437.0,713.0,150.2607168,19716.369401396096,0.0,True,5
3695,495.256,8397.755210653177,714.0697401249005,147.0,19719.669167064527,0.0,True,5
3696,495.456,8330.753461223996,715.48691686415,139.0,19727.39138928675,0.0,True,5
3697,495.553,8305.0,716.0,136.1708352,19731.003812109426,0.0,True,5
3698,495.696,8272.508839840299,716.6949319699695,132.0,19736.19138928675,0.0,True,5
3699,495.856,8232.606374452265,717.6719033665787,127.0,19741.83583373119,0.0,True,5
3700,495.893,8220.0,718.0,126.0750016,19743.107129728716,0.0,True,5
3701,496.153,8106.0,721.0,119.57500160000001,19751.67963169033,0.0,True,5
3702,496.176,8096.220221432998,721.2353805851951,119.0,19752.413611508968,0.0,True,5
3703,496.576,7964.572396183613,723.8424054535741,110.0,19764.63583373119,0.0,True,5
3704,496.613,7957.0,724.0,109.35250112,19765.72140726216,0.0,True,5
3705,496.853,7916.0,725.0,105.15250112,19772.602879022383,0.0,True,5
3706,496.976,7876.344649521398,725.9020249716261,103.0,19776.080278175636,0.0,False,5
3707,497.176,7793.241761461141,727.7157334334833,101.0,19781.691389286745,0.0,False,5
3708,497.213,7780.0,728.0,100.5375008,19782.71571242342,0.0,False,5
3709,497.336,7741.931169822876,728.8053250355277,99.0,19786.091389286747,0.0,False,5
3710,497.616,7680.496843583179,729.9497699149089,97.0,19793.63583373119,0.0,False,5
3711,497.634,7677.0,730.0,96.6625024,19794.10607145652,0.0,False,5
3712,497.936,7619.174937015184,730.8804107156654,91.0,19801.724722620078,0.0,True,5
3713,497.954,7615.0,731.0,90.8312512,19802.16912192205,0.0,True,5
3714,498.074,7585.0,732.0,89.7062512,19805.111310101474,0.0,True,5
3715,498.256,7542.623991325727,733.325700418353,88.0,19809.5469448423,0.0,False,5
3716,498.354,7516.0,734.0,88.0,19811.944866214577,0.0,False,5
3717,498.416,7496.310846317278,734.4407813440001,88.0,19813.45805595341,0.0,False,5
3718,498.634,7419.0,736.0,87.22419956707748,19818.72898926684,3.8790021646125927,False,5
3719,498.697,7399.24873310844,736.4125476108721,87.0,19820.248889286744,5.0,False,5
3720,498.897,7346.780240031526,737.5702412391366,87.0,19825.082222620076,8.0,False,5
3721,498.994,7327.0,738.0,87.0,19827.43087707306,8.8083328,False,5
3722,499.137,7304.617039689337,738.4557983519338,87.0,19830.882222620075,10.0,False,5
3723,499.337,7276.793652422075,738.9054443423138,86.0,19835.660000397853,17.0,False,5
3724,499.373,7270.0,739.0,86.11285264193552,19836.523372103744,17.789968493548642,False,5
3725,499.634,7208.0,740.0,86.93103409534112,19842.83447836658,23.517238667387854,False,5
3726,499.656,7202.767369561573,740.1427041584546,87.0,19843.36916706452,24.0,False,5
3727,499.856,7155.021087673005,741.7527672559688,88.0,19848.258055953407,27.0,False,5
3728,499.894,7144.0,742.0,88.37999872,19849.199099670215,27.0,False,5
3729,500.056,7088.453183232161,742.7138349857926,90.0,19853.258055953407,27.0,False,5
3730,500.114,7069.0,743.0,90.48333226666666,19854.72608803565,27.0,False,5
3731,500.296,7017.107576046083,744.3341381045608,92.0,19859.391389286742,27.0,False,5
3732,500.494,6971.0,746.0,93.8562488,19864.598402203075,27.6187496,False,5
3733,500.616,6944.918363779241,746.8362663572747,95.0,19867.835833731187,28.0,False,5
3734,500.856,6894.383642548299,747.9181131570048,96.0,19874.23583373119,34.0,False,5
3735,500.933,6875.0,748.0,96.82499931428572,19876.33092284683,34.27499977142857,False,5
3736,501.013,6853.0,748.0,97.68214217142857,19878.533541226923,34.56071405714286,False,5
3737,501.136,6817.0785361526,748.5620072724532,99.0,19881.93583373119,35.0,False,5
3738,501.213,6798.0,749.0,99.32083306666667,19884.068093954356,36.28333226666667,False,5
3739,501.376,6774.561678501489,749.5699692573928,100.0,19888.602500397854,39.0,False,5
3740,501.533,6756.0,750.0,100.87222186666666,19893.0269595845,39.87222186666666,False,5
3741,501.736,6713.524720327244,750.8341693808964,102.0,19898.802500397855,41.0,False,5
3742,501.773,6704.0,751.0,102.18499968,19899.857233449806,41.36999936,False,5
3743,501.934,6658.0,752.0,102.98999936,19904.46700201754,42.97999872,False,5
3744,501.936,6657.410792630837,752.0225643086652,103.0,19904.524722620077,43.0,False,5
3745,502.013,6635.0,753.0,103.76999936,19906.7565345639,44.9249984,False,5
3746,502.136,6604.019924434274,753.545422066768,105.0,19910.358055953413,48.0,False,5
3747,502.273,6560.0,754.0,106.36999936,19914.41681118938,48.0,False,5
3748,502.336,6529.657686079571,754.7849167194896,107.0,19916.30250039786,48.0,False,5
3749,502.474,6458.0,757.0,108.37999872,19920.4763444042,50.75999744,False,5
3750,502.536,6435.75664515812,757.659026276753,109.0,19922.358055953413,52.0,False,5
3751,502.776,6400.49544299479,758.3876388042187,109.0,19929.62472262008,50.0,False,5
3752,502.893,6371.0,759.0,109.0,19933.142561936955,50.0,False,5
3753,502.976,6338.49990903479,759.7466978481648,109.0,19935.680278175634,50.0,False,5
3754,503.193,6238.0,762.0,112.94545338181818,19942.63932651968,50.493181672727275,False,5
3755,503.416,6186.346768438783,762.5133054095659,117.0,19949.980278175633,51.0,False,5
3756,503.513,6163.0,763.0,117.0,19953.13612176058,51.48499968,False,5
3757,503.616,6130.038140736778,764.0456829776566,117.0,19956.480278175633,52.0,False,5
3758,503.773,6071.0,766.0,117.0,19961.601526306804,52.0,False,5
3759,503.936,6011.502167417161,767.2988078086536,117.0,19966.880278175635,52.0,True,5
3760,504.033,5977.0,768.0,117.0,19969.96867909289,52.0,True,5
3761,504.176,5926.364728874481,769.2581853817595,117.0,19974.680278175634,52.0,True,5
3762,504.233,5903.0,770.0,120.8678528,19976.7136100984,52.4071424,True,5
3763,504.454,5797.0,774.0,135.86427702857142,19985.180690604513,53.985713371428574,True,5
3764,504.456,5796.171947248749,774.0303118951505,136.0,19985.258055953414,54.0,False,5
3765,504.696,5722.0941656437035,776.3296339027179,139.0,19994.52472262008,60.0,False,5
3766,504.773,5697.0,777.0,139.27499977142858,19997.494121327127,60.27499977142857,False,5
3767,504.954,5626.0,779.0,139.9214281142857,20004.538176551985,60.92142811428572,False,5
3768,504.976,5617.507215486226,779.2831740223454,140.0,20005.413611508968,61.0,False,5
3769,505.137,5559.019379166187,781.6192890807852,146.0,20011.943055953412,61.0,False,5
3770,505.274,5497.0,784.0,148.05499904,20017.590700905665,61.0,False,5
3771,505.337,5461.071696529131,785.221733872828,149.0,20020.22083373119,61.0,False,5
3772,505.434,5406.0,787.0,150.515624,20024.31855798544,61.3031248,False,5
3773,505.657,5331.705737809203,789.311258423526,154.0,20033.90972262008,62.0,False,5
3774,505.714,5312.0,790.0,154.7124992,20036.381124797656,61.76250026666666,False,5
3775,505.894,5234.0,793.0,156.9624992,20044.244328402907,61.01250026666666,False,5
3776,505.897,5232.654620575325,793.0548658055188,157.0,20044.376389286746,61.0,False,5
3777,506.097,5144.425765171974,796.7235846388949,160.0,20053.265278175633,62.0,False,5
3778,506.114,5137.0,797.0,160.24372662509498,20054.029860180202,62.0,False,5
3779,506.376,5021.778921819737,800.4330606768236,164.0,20065.975278175632,62.0,False,5
3780,506.473,4974.0,802.0,164.9093744,20070.4456233626,62.0,False,5
3781,506.696,4853.856101918608,806.6581550445912,167.0,20080.81972262008,62.0,False,5
3782,506.714,4845.0,807.0,167.2249984,20081.664478170285,62.0,False,5
3783,506.936,4752.87035851446,810.3121155743485,170.0,20092.15305595341,62.0,False,5
3784,507.053,4704.0,812.0,170.7312496,20097.699225697146,63.4624992,False,5
3785,507.096,4684.459747597372,812.6822485492905,171.0,20099.753055953413,64.0,False,5
3786,507.234,4618.0,815.0,173.29999786666667,20106.42763219801,63.42500053333333,False,5
3787,507.336,4568.7793560002265,816.6662746132134,175.0,20111.41972262008,63.0,False,5
3788,507.414,4531.0,818.0,175.77999872,20115.260528675164,63.19499968,False,5
3789,507.573,4453.0,821.0,177.36999936,20123.151772431083,63.59249984,False,5
3790,507.736,4372.037941272992,823.951270083982,179.0,20131.308611508968,64.0,False,5
3791,507.913,4283.0,827.0,181.2124992,20140.23682182834,63.26250026666666,False,5
3792,507.976,4251.012720275036,828.0702032087052,182.0,20143.441944842303,63.0,False,5
3793,508.093,4192.0,830.0,183.75499904,20149.439385765934,63.0,False,5
3794,508.176,4151.408109589237,831.2792214469029,185.0,20153.71972262008,63.0,False,5
3795,508.333,4069.0,834.0,186.3083328,20161.858107544274,63.6541664,False,5
3796,508.416,4015.517960173736,836.0079415414472,187.0,20166.186389286748,64.0,False,5
3797,508.573,3913.0,840.0,188.56999936,20174.42384105666,62.43000064,False,5
3798,508.616,3890.8626866052277,840.818010456288,189.0,20176.686389286748,62.0,False,5
3799,508.776,3828.396716705134,842.9297078000101,190.0,20185.130833731193,62.0,False,5
3800,508.853,3797.0,844.0,190.82499931428572,20189.230083488677,62.0,False,5
3801,509.056,3694.928448235608,847.6695302382794,193.0,20200.141944842304,62.0,False,5
3802,509.173,3626.0,850.0,193.87749952,20206.47419039673,62.58499968,False,5
3803,509.433,3464.0,855.0,195.82749952,20220.657061958187,63.88499968,False,5
3804,509.456,3452.0568591257247,855.4014262352075,196.0,20221.919722620085,64.0,False,5
3805,509.673,3355.0,859.0,198.0343744,20233.895623024397,66.0343744,False,5
3806,509.776,3301.8335177422377,860.8947724984797,199.0,20239.608611508975,67.0,False,5
3807,510.013,3167.0,866.0,200.69285668571428,20252.82216690896,67.84642834285714,False,5
3808,510.054,3145.0,867.0,200.98571337142857,20255.129195849066,67.99285668571429,False,5
3809,510.056,3143.9149011649265,867.0474699290048,201.0,20255.241944842306,68.0,False,5
3810,510.216,3052.6924553130425,870.3112252240701,204.0,20264.308611508975,68.0,False,5
3811,510.253,3032.0,871.0,204.18499968,20266.409786715576,68.36999936,False,5
3812,510.416,2945.698995809817,873.9701168236875,205.0,20275.697500397862,70.0,False,5
3813,510.513,2885.0,876.0,206.010416,20281.28722039995,70.8083328,False,5
3814,510.793,2665.0,883.0,208.92708266666668,20297.6575135334,73.14166613333333,False,5
3815,510.896,2609.056434772497,884.8889178243226,210.0,20303.697500397862,74.0,False,5
3816,511.174,2501.0,889.0,210.8687496,20319.99198138638,79.2124976,False,5
3817,511.216,2478.155019014502,889.8595942031731,211.0,20322.453055953418,80.0,False,5
3818,511.353,2394.0,893.0,211.0,20330.480471460713,87.53499648,False,5
3819,511.416,2355.507739407618,894.432357782755,211.0,20334.17527817564,91.0,False,5
3820,511.534,2284.0,897.0,211.0,20341.104182123334,91.0,False,5
3821,511.616,2233.6130210805763,898.6354498477814,211.0,20345.897500397863,91.0,False,5
3822,511.734,2160.0,901.0,211.0,20352.761020149414,91.0,False,5
3823,511.777,2132.845063264246,901.9539868694991,211.0,20355.33388928675,91.0,False,5
3824,511.913,2046.0,905.0,220.63333333333333,20363.881577658027,96.1,False,5
3825,512.017,1978.9826558673408,906.7832350984626,228.0,20370.533889286755,100.0,False,5
3826,512.173,1877.0,909.0,228.0,20380.32697560603,100.0,False,5
3827,512.257,1820.9991647291508,910.3245103623913,228.0,20385.73388928675,100.0,False,5
3828,512.433,1703.0,913.0,239.94285714285715,20397.688214091926,100.0,False,5
3829,512.537,1634.5949395450416,914.0973219754537,247.0,20404.945000397864,100.0,False,5
3830,512.614,1580.0,915.0,248.6843736,20410.34205618016,100.0,False,5
3831,512.854,1385.0,919.0,253.9343736,20427.30908717156,100.0,False,5
3832,512.857,1382.7947987104953,919.040316506988,254.0,20427.522778175637,100.0,False,5
3833,513.136,1210.0351246132827,921.5227906951359,259.0,20447.595278175635,100.0,False,5
3834,513.174,1185.0,922.0,259.81428297142855,20450.36709611075,100.0,False,5
3835,513.354,1054.0,925.0,263.67142582857144,20463.616832435666,100.0,False,5
3836,513.416,1008.0728628052816,925.9989026719095,265.0,20468.20638928675,100.0,False,5
3837,513.616,860.3960489781479,928.7799907619684,268.0,20483.095278175635,100.0,False,5
3838,513.634,847.0,929.0,268.281248,20484.446487098085,100.0,False,5
3839,513.814,712.0,931.0,271.093748,20498.073822308015,100.0,False,5
3840,513.936,620.0696727578743,932.3442475558071,273.0,20507.361944842305,100.0,False,5
3841,514.094,500.0,935.0,274.3166656,20519.40608061213,100.0,False,5
3842,514.134,469.0,936.0,274.64999893333334,20522.468951473238,100.0,False,5
3843,514.176,434.2557241600607,936.9889011650445,275.0,20525.69527817564,100.0,False,5
3844,514.493,146.0,942.0,278.5222215111111,20550.278352804362,100.0,False,5
3845,514.536,118.15963478387722,942.4958374510446,279.0,20553.59527817563,100.0,False,5
3846,514.753,-8.0,945.0,275.3833344,20570.17439712393,39.722240000000006,False,5
3847,514.896,-156.96273108054862,947.5862645861164,273.0,20580.89527817563,0.0,True,5
3848,515.093,-362.0,951.0,263.1500032,20595.29238748371,0.0,True,5
3849,515.096,-363.9526503108125,951.0328115167468,263.0,20595.506389286744,0.0,True,5
3850,515.373,-459.0,953.0,248.38055893333333,20614.49443179715,0.0,True,5
3851,515.456,-515.1968234533784,954.4534532343505,244.0,20619.906389286745,0.0,True,5
3852,515.693,-741.0,961.0,229.51667057777777,20634.698898633866,0.0,True,5
3853,515.816,-838.1255146120428,964.8893841586613,222.0,20642.106389286746,0.0,True,5
3854,516.136,-1007.6727639054155,976.262888777277,209.0,20660.68416706452,0.0,True,5
3855,516.336,-1096.8904886554044,984.6040109894307,196.0,20671.57305595341,0.0,True,5
3856,516.453,-1154.0,990.0,190.5678601142857,20677.64132489026,0.0,True,5
3857,516.616,-1238.6511601029006,998.0896633756834,183.0,20685.806389286743,0.0,True,5
3858,516.634,-1248.0,999.0,182.40000426666666,20686.69562555103,0.0,True,5
3859,516.813,-1338.0,1008.0,176.43333546666668,20695.410750696006,0.0,True,5
3860,516.856,-1358.0080641010866,1010.0667065232365,175.0,20697.47305595341,0.0,True,5
3861,517.016,-1429.4243387028523,1017.6194737873049,170.0,20705.028611508966,0.0,True,5
3862,517.093,-1472.0,1022.0,167.30500224,20708.56769846011,0.0,True,5
3863,517.216,-1556.337551417007,1030.439894574557,163.0,20714.084167064524,0.0,True,5
3864,517.353,-1642.0,1039.0,158.718752,20720.040378441212,0.0,True,5
3865,517.536,-1688.1025014184281,1044.001514795417,153.0,20727.684167064523,0.0,True,5
3866,517.633,-1709.0,1046.0,149.18928822857143,20731.588887275342,0.0,True,5
3867,517.816,-1776.4833710100113,1051.4166273537876,142.0,20738.72861150897,0.0,True,5
3868,517.994,-1852.0,1059.0,136.66000384,20745.471053998455,0.0,True,5
3869,518.016,-1860.3234935357493,1060.1119399213212,136.0,20746.284167064525,0.0,True,5
3870,518.034,-1867.0,1061.0,135.37000448,20746.94562971485,0.0,True,5
3871,518.216,-1929.6379848865247,1066.8805992357559,129.0,20753.450833731193,0.0,True,5
3872,518.334,-1976.0,1070.0,125.57261691554972,20757.51036004513,0.0,True,5
3873,518.457,-2035.6062301101574,1074.1013862928012,122.0,20761.618055953415,0.0,True,5
3874,518.614,-2109.0,1079.0,117.51428754285715,20766.685024771672,0.0,True,5
3875,518.737,-2145.711510885654,1081.0378647145674,114.0,20770.48472262008,0.0,True,5
3876,519.034,-2201.0,1080.0,105.22500189090908,20778.969575220166,0.0,True,5
3877,519.094,-2218.0,1079.0,103.45227461818182,20780.600687102647,0.0,True,5
3878,519.177,-2241.2651731632363,1077.8388644137435,101.0,20782.829167064527,0.0,True,5
3879,519.314,-2278.0,1076.0,95.0062528,20786.423104584737,0.0,True,5
3880,519.337,-2284.017975416932,1075.5823364201874,94.0,20787.006944842302,0.0,True,5
3881,519.674,-2367.0,1066.0,84.73250176,20794.850839700248,0.0,True,5
3882,519.737,-2381.2712660192487,1063.6428829433983,83.0,20796.229167064525,0.0,True,5
3883,519.854,-2407.0,1059.0,80.06451840813915,20798.742264286106,0.0,True,5
3884,520.016,-2441.6823417759983,1052.2709615594101,76.0,20802.119167064524,0.0,True,5
3885,520.074,-2453.0,1049.0,74.84000256,20803.298195827592,0.0,True,5
3886,520.134,-2464.0,1045.0,73.64000256,20804.501271438116,0.0,True,5
3887,520.216,-2479.52549981846,1039.5863087353985,72.0,20806.119167064524,0.0,True,5
3888,520.314,-2498.0,1033.0,70.60000182857142,20808.013309852322,0.0,True,5
3889,520.496,-2528.1948316441267,1018.9647922352865,68.0,20811.408055953412,0.0,True,5
3890,520.594,-2543.0,1010.0,65.5500032,20813.162441451335,0.0,True,5
3891,520.696,-2557.7087004948057,999.4097861261064,63.0,20814.908055953412,0.0,True,5
3892,520.853,-2578.0,982.0,59.0750016,20817.38211124974,0.0,True,5
3893,521.016,-2594.501558689539,964.711981889167,55.0,20819.7969448423,0.0,True,5
3894,521.113,-2604.0,951.0,53.7875008,20821.219429096476,0.0,True,5
3895,521.256,-2618.554933981044,924.0880842357798,52.0,20823.263611508966,0.0,True,5
3896,521.273,-2620.0,921.0,51.734376,20823.498949414075,0.0,True,5
3897,521.576,-2631.707537979934,879.3516609538937,47.0,20827.441389286745,0.0,True,5
3898,521.673,-2633.0,869.0,46.06730830769231,20828.625503119732,0.0,True,5
3899,522.096,-2634.601021671952,828.1348897058673,42.0,20833.50805595341,0.0,False,5
3900,522.153,-2634.0,821.0,41.7964288,20834.15882881101,0.0,False,5
3901,522.354,-2630.0,792.0,41.07857188571428,20836.44786698034,0.0,False,5
3902,522.376,-2629.375147327123,788.8302368447885,41.0,20836.6969448423,0.0,False,5
3903,522.616,-2620.2642722896658,756.2878297163643,41.0,20839.430278175634,5.0,False,5
3904,522.773,-2614.0,739.0,43.35499904,20841.33527118951,8.9249984,False,5
3905,522.816,-2612.41312891979,734.9888681518397,44.0,20841.87472262008,10.0,False,5
3906,523.056,-2604.0060821548036,717.0176768709772,47.0,20845.008055953414,10.0,False,5
3907,523.174,-2598.0,706.0,48.4749984,20846.607124021397,10.0,False,5
3908,523.216,-2595.4025690747735,701.3609196803826,49.0,20847.185833731193,10.0,False,5
3909,523.333,-2587.0,687.0,50.16999936,20848.826034721005,10.58499968,False,5
3910,523.416,-2580.1643838876043,676.3939067427187,51.0,20850.01916706453,11.0,False,5
3911,523.593,-2564.0,654.0,53.2124992,20852.654155040982,13.2124992,False,5
3912,523.656,-2558.136482040106,646.6971779605918,54.0,20853.619167064528,14.0,False,5
3913,523.934,-2532.0,618.0,56.77999872,20858.038649601818,16.779998720000002,False,5
3914,524.056,-2520.5869366011825,606.2376593392512,58.0,20860.063611508973,18.0,False,5
3915,524.173,-2504.0,591.0,59.67142765714286,20862.05545227347,19.253570742857143,False,5
3916,524.334,-2467.0,560.0,61.97142674285714,20864.85094679611,20.978570057142857,False,5
3917,524.336,-2466.5474054587125,559.6324919826305,62.0,20864.885833731194,21.0,False,5
3918,524.576,-2421.475650168312,525.2296808433875,64.0,20869.15250039786,24.0,False,5
3919,524.834,-2395.0,506.0,69.00276848802544,20874.197299558844,34.72021818862594,False,5
3920,524.937,-2391.2614468501783,502.3335155715367,71.0,20876.272222620082,39.0,False,5
3921,525.137,-2376.649566267948,492.0858472280599,74.0,20880.38333373119,46.0,False,5
3922,525.154,-2373.0,490.0,74.51944248888888,20880.752589427833,46.18888817777778,False,5
3923,525.354,-2309.0,455.0,80.6305536,20885.38904191753,48.4111104,False,5
3924,525.497,-2270.637243532071,434.57269199445534,85.0,20888.88333373119,50.0,False,5
3925,525.774,-2221.0,408.0,90.93571291428572,20895.882484061753,57.91428388571428,False,5
3926,525.777,-2220.531516501427,407.73085659897004,91.0,20895.961111508972,58.0,False,5
3927,525.937,-2197.344113236735,393.7160502911924,97.0,20900.272222620082,59.0,False,5
3928,526.174,-2158.0,368.0,104.00227083636364,20907.222932380206,66.00227083636364,False,5
3929,526.377,-2107.2648255820104,334.96324203523477,110.0,20913.716667064524,72.0,False,5
3930,526.414,-2098.0,329.0,111.64902192329414,20914.952517367605,72.72144709144119,False,5
3931,526.594,-2049.0,298.0,119.67130461570056,20921.190022925963,76.231195769369,False,5
3932,526.736,-1979.3224249866212,254.51123388429133,126.0,20926.281667064526,79.0,False,5
3933,526.834,-1935.0,227.0,129.42999552,20929.856305237678,80.95999744,False,5
3934,526.936,-1906.8237858972195,209.70877043849205,133.0,20933.670555953417,83.0,False,5
3935,527.174,-1870.0,190.0,142.34999497142857,20943.118526931867,83.84999954285715,False,5
3936,527.216,-1857.8331244963397,183.83745260145204,144.0,20944.870555953414,84.0,False,5
3937,527.393,-1791.0,152.0,149.60499797333333,20952.541762802764,86.06499925333334,False,5
3938,527.553,-1728.0,129.0,154.67166464,20959.865391463143,87.93166592,False,5
3939,527.773,-1636.0,104.0,161.63833130666666,20970.052728439437,90.49833258666666,False,5
3940,527.816,-1616.891753355281,100.22709898203544,163.0,20972.03722262008,91.0,False,5
3941,527.953,-1556.0,91.0,164.95714194285713,20978.34535646624,94.91428388571428,False,5
3942,528.096,-1500.5134327936164,86.32597562136061,167.0,20985.02611150897,99.0,False,5
3943,528.256,-1432.3255595179478,90.6816300056138,174.0,20992.759444842304,100.0,False,5
3944,528.334,-1380.0,100.0,175.9499968,20996.608699179516,100.0,False,5
3945,528.456,-1276.077660385598,123.41107665100061,179.0,21002.70388928675,100.0,False,5
3946,528.473,-1262.0,127.0,179.28333226666666,21003.557326618324,100.0,False,5
3947,528.696,-1113.6939534954042,175.81183965991687,183.0,21014.90388928675,100.0,False,5
3948,528.936,-1004.8962740527719,226.7107617956181,192.0,21027.70388928675,100.0,False,5
3949,528.953,-998.0,230.0,192.38249856,21028.63061280127,100.0,False,5
3950,529.253,-880.0,287.0,199.13249856,21045.343316743998,100.0,False,5
3951,529.336,-837.9767956973898,306.9678239000522,201.0,21050.03722262008,100.0,False,5
3952,529.374,-819.0,316.0,201.791664,21052.192641520873,100.0,False,5
3953,529.576,-729.7581673997736,359.05015474179766,206.0,21063.770555953415,100.0,False,5
3954,529.674,-665.0,390.0,208.4499968,21069.52387947769,100.0,False,5
3955,529.873,-483.0,476.0,213.4249984,21081.458079330274,100.0,False,5
3956,529.936,-443.20363060566086,494.5733362745248,215.0,21085.270555953415,100.0,False,5
3957,530.176,-379.4565367918347,520.771314974933,220.0,21099.937222620083,100.0,False,5
3958,530.254,-350.0,530.0,221.62499733333334,21104.777685215096,100.0,False,5
3959,530.416,-256.4378803932433,557.9415236871151,225.0,21114.937222620083,100.0,False,5
3960,530.474,-219.0,568.0,225.7249984,21118.598383461765,100.0,False,5
3961,530.736,-49.23632033679217,603.1330799784074,229.0,21135.292778175633,100.0,False,5
3962,530.976,107.16077461443835,620.5849614605555,233.0,21150.826111508966,100.0,False,5
3963,531.136,210.48787169636577,626.9443184433372,236.0,21161.31500039785,100.0,False,5
3964,531.336,337.2704998798207,631.3493928872235,239.0,21174.592778175633,100.0,False,5
3965,531.414,386.0,632.0,239.4844714472433,21179.78463361821,100.0,False,5
3966,531.497,437.41228680487643,632.034534962703,240.0,21185.326111508963,100.0,False,5
3967,531.614,518.0,628.0,241.0968744,21193.194354584703,100.0,False,5
3968,531.817,709.4720375999647,599.7505880127724,243.0,21206.926111508965,100.0,False,5
3969,531.934,809.0,581.0,243.0,21214.82142001813,100.0,False,5
3970,532.017,862.4430623645852,569.5880401054055,243.0,21220.42611150897,100.0,False,5
3971,532.337,996.8023025477269,527.5500669811782,244.0,21242.115000397855,100.0,False,5
3972,532.374,1019.0,520.0,244.0,21244.622490470752,100.0,False,5
3973,532.554,1157.0,472.0,244.0,21256.816736277156,100.0,False,5
3974,532.617,1215.3373982432179,449.77335600273545,244.0,21261.09277817563,100.0,False,5
3975,532.777,1362.336792637072,390.6635538835376,245.0,21271.981667064523,100.0,False,5
3976,532.814,1384.0,382.0,245.18499968,21274.506530481867,100.0,False,5
3977,532.977,1413.7716010023887,371.0209475892777,246.0,21285.648333731184,100.0,False,5
3978,533.094,1438.0,358.0,246.0,21293.6391869462,100.0,False,5
3979,533.177,1483.6422153795993,333.42609257716026,246.0,21299.315000397855,100.0,False,5
3980,533.254,1533.0,307.0,246.48427613211527,21304.592690269645,100.0,False,5
3981,533.336,1579.0887374499564,282.65896297507203,247.0,21310.22416706452,100.0,False,5
3982,533.574,1719.0,204.0,247.99166613333333,21326.619457147932,100.0,False,5
3983,533.576,1720.6739412105376,202.97269478860284,248.0,21326.757500397853,100.0,False,5
3984,533.794,1930.0,70.0,248.77857097142856,21341.827607091636,100.0,False,6
3985,533.856,1973.976669813861,41.843817366147576,249.0,21346.124167064518,100.0,False,6
3986,534.016,2037.8734573509203,1.0786668066038085,250.0,21357.235278175627,100.0,False,6
3987,534.253,2117.0,-48.0,250.84642834285714,21373.752176979324,100.0,False,6
3988,534.296,2141.0046756792913,-62.80816884897374,251.0,21376.757500397856,100.0,False,6
3989,534.373,2188.0,-92.0,251.4812496,21382.146136614738,100.0,False,6
3990,534.456,2237.0366498129565,-123.26974616663895,252.0,21387.957500397853,100.0,False,6
3991,534.533,2282.0,-152.0,252.0,21393.344137275228,100.0,False,6
3992,534.696,2378.9432026166073,-212.25225654054606,252.0,21404.757500397853,100.0,False,6
3993,534.733,2401.0,-226.0,252.2055552,21407.357677592772,100.0,False,6
3994,535.053,2591.0,-346.0,253.9833329777778,21429.94580857112,100.0,False,6
3995,535.056,2592.788830963582,-347.1059976725268,254.0,21430.157500397854,100.0,False,6
3996,535.273,2723.0,-428.0,254.0,21445.458581478193,100.0,False,6
3997,535.313,2747.0,-444.0,254.0,21448.285684289174,100.0,False,6
3998,535.336,2760.1130884871977,-452.69363898569304,254.0,21449.913055953406,100.0,False,6
3999,535.634,2939.0,-564.0,255.48999936,21471.099975611898,100.0,False,6
4000,535.736,3059.2959174755492,-637.8089151572533,256.0,21478.357500397848,100.0,False,6
4001,535.793,3120.0,-675.0,256.0,21482.40941079965,100.0,False,6
4002,535.896,3190.369709268653,-717.8779875602116,256.0,21489.735278175624,100.0,False,6
4003,536.056,3222.621664798749,-736.7644470771116,257.0,21501.15750039785,100.0,False,6
4004,536.153,3255.0,-756.0,257.0,21508.08106622854,100.0,False,6
4005,536.296,3336.4066377248364,-804.9295837223358,257.0,21518.290833731186,100.0,False,6
4006,536.373,3390.0,-837.0,257.0,21523.798282036074,99.5187504,False,6
4007,536.456,3451.8752821961557,-873.7678280417216,257.0,21529.713055953405,99.0,False,6
4008,536.653,3597.0,-959.0,253.71666773333334,21543.528947007224,44.825017599999995,False,6
4009,536.816,3681.5439289472297,-1007.334659305905,251.0,21554.813055953407,0.0,False,6
4010,537.034,3781.0,-1062.0,247.3666688,21569.783516952186,0.0,False,6
4011,537.056,3793.390521424901,-1068.7657163071126,247.0,21571.279722620075,0.0,False,6
4012,537.193,3877.0,-1114.0,243.5750016,21580.53214678991,0.0,False,6
4013,537.216,3890.9517628131675,-1121.3842931301222,243.0,21582.079722620074,0.0,True,6
4014,537.354,3973.0,-1164.0,240.4125024,21591.307433472808,0.0,True,6
4015,537.376,3986.048805130501,-1170.760500698533,240.0,21592.746389286738,0.0,True,6
4016,537.634,4135.0,-1248.0,225.25715017142858,21608.835540042222,0.0,True,6
4017,537.656,4146.56134477738,-1253.9663320854534,224.0,21610.168611508958,0.0,True,6
4018,537.814,4232.0,-1298.0,216.593756,21619.628653697575,0.0,True,6
4019,537.976,4356.348764074765,-1362.5816639249815,209.0,21628.746389286738,0.0,True,6
4020,538.053,4409.0,-1390.0,198.77593939278057,21632.73735967726,0.0,True,6
4021,538.217,4478.901955274639,-1426.5184578803576,177.0,21640.595555953405,0.0,True,6
4022,538.474,4536.0,-1457.0,160.6454586181818,21651.587838122137,0.0,True,6
4023,538.657,4602.3269350693945,-1492.773726838736,149.0,21658.806667064517,0.0,True,6
4024,538.754,4639.0,-1513.0,141.1187552,21662.51922321231,0.0,True,6
4025,538.817,4661.499021857144,-1525.6818270488425,136.0,21664.85111150896,0.0,True,6
4026,538.974,4716.0,-1558.0,127.36500352,21670.33006973481,0.0,True,6
4027,539.017,4731.752906494619,-1567.9652143125309,125.0,21671.795555953406,0.0,True,6
4028,539.177,4793.966920937199,-1609.6273902536882,121.0,21677.17333373118,0.0,True,6
4029,539.354,4853.0,-1653.0,113.03500288,21682.71628377889,0.0,True,6
4030,539.377,4859.062678033645,-1657.8474023145845,112.0,21683.3955559534,0.0,True,6
4031,539.534,4893.0,-1688.0,104.1500032,21687.78000621872,0.0,True,6
4032,539.617,4909.2487497211405,-1704.6602742089187,100.0,21690.06222262007,0.0,True,6
4033,539.714,4927.0,-1724.0,100.0,21692.781748844223,0.0,True,6
4034,539.817,4943.873322045227,-1742.6833855113641,100.0,21695.617778175627,0.0,True,6
4035,539.973,4968.0,-1778.0,94.62069073440688,21699.575871740635,0.0,True,6
4036,540.136,4994.758269632645,-1839.2333202612633,89.0,21703.504167064515,0.0,True,6
4037,540.194,5002.0,-1857.0,88.42000128,21704.909159332157,0.0,True,6
4038,540.336,5011.359142635227,-1879.0687781740658,87.0,21708.33750039785,0.0,False,6
4039,540.534,5011.0,-1903.0,84.8785728,21712.981201646508,0.0,False,6
4040,540.616,5009.122336848254,-1930.0135719751984,84.0,21714.870833731184,0.0,False,6
4041,540.773,5004.0,-1989.0,82.43000064,21718.451064331268,0.0,False,6
4042,540.816,5002.6554188304,-1999.3830552439565,82.0,21719.426389286742,0.0,False,6
4043,541.094,4991.0,-2028.0,81.22777813333333,21725.694098425007,0.0,False,6
4044,541.176,4984.020571602979,-2041.706833411306,81.0,21727.52638928674,0.0,False,6
4045,541.354,4964.0,-2080.0,80.55500032,21731.474472310216,8.00999424,False,6
4046,541.576,4935.597899985628,-2122.9176872115913,80.0,21736.415278175627,18.0,False,6
4047,541.613,4931.0,-2129.0,80.4624992,21737.25002484228,19.6187472,False,6
4048,541.736,4916.092605241998,-2147.047200067096,82.0,21740.05972262007,25.0,False,6
4049,541.813,4901.0,-2164.0,83.06944355555555,21741.86204525809,29.06388551111111,False,6
4050,541.973,4853.0,-2217.0,85.29166577777778,21745.716316113016,37.50832995555555,False,6
4051,542.096,4831.755714415463,-2239.749293954428,87.0,21748.75972262007,44.0,False,6
4052,542.256,4822.667756458939,-2247.842360854291,91.0,21752.804167064514,46.0,False,6
4053,542.333,4814.0,-2256.0,91.7218744,21754.76493364273,47.203124,False,6
4054,542.514,4780.0,-2289.0,93.4187488,21759.46072104621,50.031248,False,6
4055,542.576,4765.31751661189,-2303.293439059812,94.0,21761.159722620072,51.0,False,6
4056,542.814,4705.0,-2362.0,101.5727232,21768.180585340542,52.6227264,False,6
4057,543.016,4669.519744836524,-2396.584657642052,108.0,21774.35972262007,54.0,False,6
4058,543.213,4638.0,-2430.0,108.7035712,21780.290998194367,49.7785728,False,6
4059,543.296,4621.8751140263275,-2448.4014152929954,109.0,21782.83750039785,48.0,False,6
4060,543.374,4606.0,-2467.0,110.4624976,21785.280337230826,45.562504,False,6
4061,543.513,4578.0,-2501.0,113.0687488,21789.739578513647,41.218752,False,6
4062,543.616,4558.134933862638,-2527.0827744192343,115.0,21793.05972262007,38.0,False,6
4063,543.693,4544.0,-2547.0,115.38499968,21795.539042171345,35.30500224,False,6
4064,543.816,4522.901676769108,-2579.4240302478247,116.0,21799.504167064515,31.0,False,6
4065,543.993,4495.0,-2629.0,116.4916664888889,21805.249282119763,30.016667022222222,False,6
4066,544.176,4468.455391327658,-2685.4223377440608,117.0,21811.204167064516,29.0,False,6
4067,544.253,4460.0,-2706.0,117.0,21813.703497124156,28.61500032,False,6
4068,544.376,4451.100831316307,-2731.939896729044,117.0,21817.704167064512,28.0,False,6
4069,544.454,4445.0,-2751.0,117.55515935775871,21820.260715477623,28.27757967887936,False,6
4070,544.514,4439.0,-2770.0,117.98220571836714,21822.237898457155,28.49110285918357,False,6
4071,544.657,4425.846100842449,-2838.4859902905882,119.0,21826.992778175627,29.0,False,6
4072,544.794,4417.0,-2906.0,120.14166613333333,21831.60779533438,35.08888604444444,False,6
4073,545.017,4413.561568952935,-2960.402101152041,122.0,21839.192778175628,45.0,False,6
4074,545.177,4414.845564663589,-2991.4066666622584,123.0,21844.659444842295,52.0,False,6
4075,545.214,4415.0,-3002.0,123.66071314285715,21845.946196544814,53.18928365714286,False,6
4076,545.373,4415.0,-3059.0,126.5,21851.589722971494,58.3,False,6
4077,545.457,4414.453894403244,-3090.163950211099,128.0,21854.61500039785,61.0,False,6
4078,545.617,4412.371332295095,-3147.946138495833,131.0,21860.437222620072,52.0,False,6
4079,545.693,4411.0,-3174.0,131.7125,21863.233909874532,52.0,False,6
4080,545.894,4404.0,-3246.0,133.5968744,21870.727804500395,52.0,False,6
4081,545.937,4400.431084296521,-3267.009666683093,134.0,21872.348333731185,52.0,False,6
4082,546.154,4376.0,-3386.0,136.7124992,21880.620605069325,58.1031232,False,6
4083,546.257,4369.089198323987,-3419.7560099372563,138.0,21884.615000397847,61.0,False,6
4084,546.457,4360.074122812527,-3453.3973098973465,142.0,21892.503889286738,61.0,False,6
4085,546.554,4345.0,-3491.0,143.0430098252594,21896.379146241856,60.65233005824687,False,6
4086,546.736,4298.825462857348,-3599.358936900027,145.0,21903.741389286737,60.0,False,6
4087,546.754,4295.0,-3608.0,145.25714102857143,21904.47710383125,60.19285577142857,False,6
4088,547.016,4264.360726472877,-3665.245649487561,149.0,21915.330278175625,63.0,False,6
4089,547.074,4255.0,-3679.0,149.7249984,21917.762968856503,63.0,False,6
4090,547.253,4212.0,-3741.0,151.9624992,21925.335829993917,63.0,False,6
4091,547.256,4211.214653984361,-3742.052796123473,152.0,21925.46361150896,63.0,False,6
4092,547.416,4168.39234654519,-3794.293088792063,154.0,21932.308055953406,62.0,False,6
4093,547.473,4152.0,-3812.0,154.3562496,21934.747523574268,62.3562496,False,6
4094,547.576,4120.346084091989,-3843.5193654243985,155.0,21939.196944842293,63.0,False,6
4095,547.653,4096.0,-3866.0,156.55241806451613,21942.615092442175,64.86290167741936,False,6
4096,547.833,4035.0,-3916.0,160.18145032258064,21950.921599211935,69.21774038709677,False,6
4097,548.194,3852.0,-4035.0,167.45967483870967,21968.91495590182,77.95160980645161,False,6
4098,548.533,3758.0,-4084.0,174.2943535483871,21986.57686901281,86.15322425806451,False,6
4099,548.734,3669.0,-4125.0,178.3467716129032,21996.97236850609,91.01612593548387,False,6
4100,548.816,3613.0872316934615,-4146.8271780031055,180.0,22001.196944842293,93.0,False,6
4101,548.974,3495.0,-4189.0,185.9249952,22009.358616224094,93.0,False,6
4102,548.976,3493.7328449490465,-4189.430820948724,186.0,22009.46361150896,93.0,False,6
4103,549.216,3388.344341443161,-4220.70407650843,194.0,22022.396944842294,100.0,False,6
4104,549.413,3328.0,-4234.0,196.95499904,22033.177137872375,100.0,False,6
4105,549.416,3327.0131483445616,-4234.220376243511,197.0,22033.34138928674,100.0,False,6
4106,549.514,3290.0,-4242.0,197.0,22038.7045493534,100.0,False,6
4107,549.576,3253.2832599749795,-4248.168814187409,197.0,22042.096944842295,100.0,False,6
4108,549.794,3081.0,-4272.0,197.0,22054.027804668545,100.0,False,6
4109,549.896,3027.798172616776,-4277.8749360079755,197.0,22059.608055953402,100.0,False,6
4110,550.174,2932.0,-4280.0,197.0,22074.805475388763,100.0,False,6
4111,550.336,2835.212881875807,-4279.184259145951,197.0,22083.685833731182,100.0,False,6
4112,550.454,2763.0,-4277.0,197.0,22090.164763333774,100.0,False,6
4113,550.496,2740.231020146573,-4275.742499617372,197.0,22092.441389286738,100.0,False,6
4114,550.634,2652.0,-4266.0,197.0,22099.74875510634,100.0,False,6
4115,550.776,2482.358233126533,-4237.717664274077,197.0,22107.76361150896,100.0,False,6
4116,550.793,2463.0,-4234.0,200.8249856,22108.810826952078,100.0,False,6
4117,550.936,2334.101958472658,-4203.6757520707315,233.0,22118.11916706452,100.0,False,6
4118,551.177,2216.6941794723157,-4158.053055488967,233.0,22133.717222620075,100.0,False,6
4119,551.214,2202.0,-4152.0,233.9249984,22136.148568122786,100.0,False,6
4120,551.537,2086.4455680606093,-4102.48095587424,242.0,22157.917222620075,100.0,True,6
4121,551.554,2079.0,-4099.0,242.4249984,22159.074394857504,100.0,True,6
4122,551.697,2007.0879078562355,-4064.2336553118585,246.0,22168.850555953406,100.0,False,6
4123,551.854,1896.0,-4004.0,249.9249984,22179.7517134552,100.0,False,6
4124,551.857,1893.4051176783928,-4002.504577971832,250.0,22179.961667064515,100.0,False,6
4125,552.094,1667.0,-3866.0,253.94999893333335,22196.731352429404,100.0,False,6
4126,552.217,1595.21292808571,-3821.42536315118,256.0,22205.561667064518,100.0,False,6
4127,552.514,1497.0,-3758.0,260.45499904,22227.17482668942,100.0,False,6
4128,552.617,1434.478532857062,-3718.6178250642733,262.0,22234.672778175627,100.0,False,6
4129,552.634,1424.0,-3712.0,261.83000064,22235.907763717485,95.49501696,False,6
4130,552.817,1320.0357504709223,-3645.609160777125,260.0,22249.117222620076,47.0,False,6
4131,552.954,1230.0,-3588.0,257.0031264,22258.7994885184,26.8781344,False,6
4132,553.134,1087.0,-3497.0,253.0656264,22271.395292260757,0.44063440000000104,False,6
4133,553.137,1084.9939186545046,-3495.718182403387,253.0,22271.60611150896,0.0,False,6
4134,553.337,997.4295843239422,-3438.988474964611,253.0,22285.66166706452,0.0,False,6
4135,553.554,878.0,-3362.0,248.1643476921497,22300.525652476266,0.0,False,6
4136,553.696,714.8214862653577,-3258.459357074292,245.0,22310.093611508968,0.0,False,6
4137,553.773,637.0,-3209.0,243.84500096,22315.25353930281,0.0,False,6
4138,554.096,521.4701572134142,-3135.058941194214,239.0,22336.649167064523,0.0,False,6
4139,554.154,491.0,-3117.0,237.187504,22340.43833883033,0.0,False,6
4140,554.256,412.70923441736176,-3071.1420180898695,234.0,22347.04916706452,0.0,False,6
4141,554.393,302.0,-3007.0,229.718752,22355.78079149686,0.0,False,6
4142,554.416,289.0263256411618,-2999.5925104143357,229.0,22357.226944842303,0.0,True,6
4143,554.653,214.0,-2959.0,222.3343768,22371.789321227174,0.0,True,6
4144,554.736,178.7049228571904,-2940.2315981186243,220.0,22376.782500397854,0.0,True,6
4145,554.933,62.0,-2879.0,215.0750016,22388.460876496058,0.0,True,6
4146,555.056,-28.777852807554957,-2833.325253898447,212.0,22395.6269448423,0.0,True,6
4147,555.153,-95.0,-2801.0,209.09000192,22401.209348593122,0.0,True,6
4148,555.256,-148.47244295763667,-2776.163324758612,206.0,22407.071389286742,0.0,True,6
4149,555.514,-241.0,-2743.0,201.1625024,22421.45871582342,0.0,True,6
4150,555.576,-266.6338969778255,-2736.348432790936,200.0,22424.849167064523,0.0,True,6
4151,555.856,-406.23398691898313,-2709.7089344290166,193.0,22439.860278175634,0.0,False,6
4152,556.136,-571.002189139494,-2690.3220543289603,189.0,22454.56027817563,0.0,False,6
4153,556.394,-703.0,-2684.0,186.23571565714286,22467.897178519885,0.0,False,6
4154,556.416,-713.2115945959063,-2683.993101134896,186.0,22469.026944842302,0.0,False,6
4155,556.576,-782.5415670449325,-2686.458743269835,184.0,22477.204722620078,0.0,False,6
4156,556.773,-893.0,-2709.0,181.5375008,22487.130745649498,0.8208330666666667,False,6
4157,556.816,-925.9862967522446,-2718.6665632463664,181.0,22489.271389286743,1.0,False,6
4158,556.954,-1034.0,-2754.0,178.24000256,22496.075046705097,12.039989760000001,False,6
4159,557.016,-1066.2896319375761,-2765.589509215421,177.0,22499.10472262007,17.0,False,6
4160,557.293,-1132.0,-2800.0,174.23000064,22512.467041353837,5.227502720000001,False,6
4161,557.416,-1182.7957397425503,-2828.040725365004,173.0,22518.326944842298,0.0,False,6
4162,557.494,-1218.0,-2848.0,172.16428708571428,22522.022999022593,0.0,False,6
4163,557.673,-1292.0,-2893.0,170.24642925714286,22530.464796529275,0.0,False,6
4164,557.696,-1300.7566589841404,-2898.44315091396,170.0,22531.54916706452,0.0,False,6
4165,557.913,-1390.0,-2951.0,169.0995850886865,22541.749527785418,0.0,False,6
4166,557.937,-1403.952151388306,-2958.2696517893405,169.0,22542.86277817563,0.0,False,6
4167,558.153,-1545.0,-3027.0,165.14285714285714,22552.717399643665,0.0,False,6
4168,558.217,-1570.136663374364,-3038.8054347893744,164.0,22555.618333731185,0.0,False,6
4169,558.377,-1597.7155530092773,-3049.5259575516893,163.0,22562.86277817563,0.0,False,6
4170,558.473,-1629.0,-3057.0,162.1,22567.169389623232,0.0,False,6
4171,558.697,-1769.9639747229844,-3086.590961783951,160.0,22577.085000397856,0.0,False,6
4172,558.733,-1793.0,-3090.0,159.6,22578.662746024373,0.0,False,6
4173,559.057,-1952.460602071809,-3090.0730877758483,156.0,22592.685000397858,0.0,False,6
4174,559.154,-1983.0,-3087.0,155.0906256,22596.833460307902,5.4562463999999995,False,6
4175,559.377,-2028.0260954423118,-3080.9430529991228,153.0,22606.285000397856,18.0,False,6
4176,559.454,-2049.0,-3076.0,152.23000064,22609.518230362577,23.00499584,False,6
4177,559.577,-2096.4254884752245,-3063.1531220658444,151.0,22614.673889286747,31.0,False,6
4178,559.674,-2138.0,-3050.0,151.4041664,22618.760519425887,37.062496,False,6
4179,559.817,-2195.523604124285,-3027.5430121275913,152.0,22624.807222620082,46.0,False,6
4180,559.894,-2224.0,-3015.0,152.2406248,22628.06545899281,47.6843736,False,6
4181,560.137,-2307.074651337304,-2972.0554915554653,153.0,22638.40722262008,53.0,False,6
4182,560.214,-2345.0,-2948.0,153.9655162451629,22641.730910307182,53.96551624516289,False,6
4183,560.393,-2454.0,-2874.0,156.2100307039437,22649.545825356156,56.21003070394368,False,6
4184,560.456,-2480.7673745911075,-2855.611598429844,157.0,22652.31916706453,57.0,False,6
4185,560.736,-2534.7119558479135,-2814.754509132146,160.0,22664.76361150897,60.0,False,6
4186,560.753,-2539.0,-2811.0,160.09444408888888,22665.52319974093,59.90555591111111,False,6
4187,560.954,-2605.0,-2752.0,161.2111104,22674.532969208776,58.7888896,False,6
4188,561.096,-2654.1548296731794,-2709.6961343695143,162.0,22680.96361150897,58.0,False,6
4189,561.336,-2735.582731631611,-2643.9376066585855,165.0,22691.96361150897,56.0,False,6
4190,561.736,-2873.486095641068,-2551.2077483831067,164.0,22710.185833731193,41.0,False,6
4191,561.896,-2935.6615164376703,-2520.7888171059512,162.0,22717.38583373119,42.0,False,6
4192,562.013,-2984.0,-2501.0,162.0,22722.649377366903,43.75499904,False,6
4193,562.096,-3019.762873433432,-2488.2192293950325,162.0,22726.385833731194,45.0,False,6
4194,562.193,-3061.0,-2475.0,162.0,22730.755124619944,46.73214171428572,False,6
4195,562.374,-3139.0,-2456.0,162.0,22738.896170062086,49.96428342857143,False,6
4196,562.376,-3140.1238129685985,-2455.815679817429,162.0,22738.985833731193,50.0,False,6
4197,562.594,-3291.0,-2440.0,161.3187504,22748.724029355246,53.406248,False,6
4198,562.696,-3349.757670808793,-2438.2837612207386,161.0,22753.296944842306,55.0,False,6
4199,562.896,-3428.857646653145,-2446.1793808611997,162.0,22762.296944842303,55.0,False,6
4200,563.073,-3487.0,-2457.0,159.7875008,22770.08814947081,24.578136,False,6
4201,563.216,-3532.88138263679,-2466.2085353712405,158.0,22776.34138928675,0.0,False,6
4202,563.376,-3586.308107138984,-2478.365218822068,158.0,22783.363611508972,0.0,False,6
4203,563.434,-3608.0,-2484.0,157.42000128,22785.884275952038,0.0,False,6
4204,563.674,-3708.0,-2514.0,155.02000128,22796.147135954707,0.0,False,6
4205,563.776,-3750.1404082719787,-2529.1947086698565,154.0,22800.47472262008,0.0,False,6
4206,563.833,-3773.0,-2538.0,153.2875008,22802.88910179493,0.0,False,6
4207,563.936,-3812.8580404479626,-2554.2148009488856,152.0,22807.23027817564,0.0,False,6
4208,563.994,-3835.0,-2564.0,151.45681697943422,22809.650336760515,0.0,False,6
4209,564.173,-3903.0,-2598.0,149.78043749630385,22817.004889288095,0.0,False,6
4210,564.453,-4002.0,-2656.0,147.15816885132446,22828.165419468256,0.0,False,6
4211,564.673,-4073.0,-2708.0,145.09781491598352,22836.751417843334,0.0,False,6
4212,564.834,-4122.0,-2750.0,143.59001104449607,22842.979178088244,0.0,False,6
4213,564.897,-4140.177198831744,-2767.1014563666063,143.0,22845.403333731196,0.0,True,6
4214,564.993,-4167.0,-2794.0,141.2,22849.083439289752,0.0,True,6
4215,565.217,-4225.970886463288,-2859.7485442897905,137.0,22857.58111150897,0.0,True,6
4216,565.273,-4238.0,-2874.0,136.2,22859.677434016186,0.0,True,6
4217,565.497,-4277.835357978227,-2927.1334363672477,133.0,22867.925555953414,0.0,True,6
4218,565.574,-4305.0,-2971.0,131.0750016,22870.69574760398,0.0,True,6
4219,565.614,-4323.0,-3001.0,130.0750016,22872.12453648368,0.0,True,6
4220,565.657,-4339.845599837656,-3030.740871438084,129.0,22873.65888928675,0.0,True,6
4221,565.897,-4383.089181158177,-3140.1440938106375,127.0,22882.12555595342,0.0,True,6
4222,565.934,-4387.0,-3154.0,126.0750016,22883.388841451,0.0,True,6
4223,566.217,-4408.221288327033,-3250.907274313573,119.0,22892.703333731195,0.0,False,6
4224,566.434,-4416.0,-3310.0,117.1916672,22899.724470180692,0.0,False,6
4225,566.577,-4417.8325933438,-3340.0556466309486,116.0,22904.303333731197,0.0,False,6
4226,566.734,-4418.0,-3375.0,114.0375008,22909.275593230246,0.0,False,6
4227,566.737,-4417.99737320369,-3375.799426983706,114.0,22909.370000397863,0.0,False,6
4228,566.913,-4416.0,-3432.0,112.73835154389069,22914.867576348654,0.0,False,6
4229,567.016,-4410.0330539873385,-3474.719342865936,112.0,22918.050000397863,0.0,False,6
4230,567.253,-4390.0,-3570.0,110.5187504,22925.290382954907,0.0,False,6
4231,567.336,-4385.933005822526,-3585.497331674315,110.0,22927.827778175644,0.0,False,6
4232,567.494,-4378.0,-3604.0,110.0,22932.678465331523,0.0,False,6
4233,567.576,-4369.723609646745,-3621.383980962844,110.0,22935.161111508976,0.0,False,6
4234,567.794,-4338.0,-3682.0,106.593752,22941.55594994215,0.0,False,6
4235,567.896,-4322.546812192634,-3705.308655824353,105.0,22944.49444484231,0.0,False,6
4236,567.993,-4303.0,-3728.0,104.1916672,22947.275443704908,2.020832,False,6
4237,568.136,-4257.641703988993,-3769.5931781710474,103.0,22951.361111508977,5.0,False,6
4238,568.253,-4222.0,-3799.0,103.0,22954.70469544961,11.5812464,False,6
4239,568.296,-4212.301323821629,-3806.510081859353,103.0,22955.938889286757,14.0,False,6
4240,568.574,-4172.0,-3828.0,104.7374992,22964.030002718027,23.5562456,False,6
4241,568.616,-4162.987600204928,-3831.7284478793754,105.0,22965.27222262009,25.0,False,6
4242,568.874,-4089.0,-3859.0,107.57999872,22973.025891707726,29.51499776,False,6
4243,569.016,-4047.0415268210495,-3868.7662650359416,109.0,22977.3833337312,32.0,False,6
4244,569.073,-4030.0,-3872.0,109.7124992,22979.150360424173,33.781248,False,6
4245,569.233,-3981.0,-3880.0,111.7124992,22984.16418352998,38.781248,False,6
4246,569.336,-3949.075725116881,-3883.8362530521295,113.0,22987.427778175646,42.0,False,6
4247,569.414,-3925.0,-3886.0,113.9749984,22989.916763307272,43.62499733333333,False,6
4248,569.576,-3873.368868346134,-3888.7476076239427,116.0,22995.16111150898,47.0,False,6
4249,569.593,-3867.0,-3889.0,116.30357028571429,22995.72050480343,47.242856228571426,False,6
4250,569.856,-3747.257481333142,-3892.818671203626,121.0,23004.57222262009,51.0,False,6
4251,569.873,-3740.0,-3893.0,121.3187488,23005.153295069198,51.7437472,False,6
4252,570.016,-3685.758763054021,-3894.065297396269,124.0,23010.0833337312,58.0,False,6
4253,570.176,-3637.934440677784,-3894.4322362444004,127.0,23015.727778175646,59.0,False,6
4254,570.334,-3593.0,-3895.0,130.291664,23021.482608067414,60.9749984,False,6
4255,570.416,-3569.699200554923,-3895.459456679542,132.0,23024.527778175645,62.0,False,6
4256,570.614,-3511.0,-3897.0,135.535712,23032.01885970962,64.1214272,False,6
4257,570.696,-3483.971254065462,-3897.7938319677387,137.0,23035.1833337312,65.0,False,6
4258,570.914,-3395.0,-3902.0,141.52282012224268,23043.771736010607,63.19087195110293,False,6
4259,570.937,-3382.922122927413,-3902.8534625086063,142.0,23044.689444842308,63.0,False,6
4260,571.134,-3274.0,-3912.0,145.28333226666666,23052.64590814303,63.820833066666665,False,6
4261,571.177,-3257.085648032034,-3913.645602919688,146.0,23054.42277817564,64.0,False,6
4262,571.337,-3216.6039674139934,-3918.5612925018395,152.0,23061.178333731197,63.0,False,6
4263,571.414,-3191.0,-3922.0,153.37499885714286,23064.48833151842,63.549999542857144,False,6
4264,571.617,-3083.1227788143387,-3936.372265811585,157.0,23073.38944484231,65.0,False,6
4265,571.734,-3014.0,-3946.0,159.5593736,23078.645583041707,67.5593736,False,6
4266,571.937,-2905.445248553612,-3962.4715396789798,164.0,23087.96722262009,72.0,False,6
4267,572.154,-2822.0,-3976.0,168.2194432,23098.177831332072,72.6027776,False,6
4268,572.297,-2795.432721339382,-3980.3531273912813,171.0,23105.06722262009,73.0,False,6
4269,572.454,-2764.0,-3986.0,174.05277653333334,23112.79314644748,73.0,False,6
4270,572.657,-2672.117265535204,-4003.1603497819947,178.0,23122.86722262009,73.0,False,6
4271,572.817,-2588.074104954121,-4019.3920958382155,177.0,23130.733889286756,36.0,False,6
4272,572.834,-2580.0,-4021.0,177.12142811428572,23131.573225645196,36.30357028571429,False,6
4273,572.994,-2503.0,-4037.0,178.26428525714286,23139.526198380645,39.16071314285714,False,6
4274,573.097,-2428.6329432150624,-4053.299052980077,179.0,23144.656111508975,41.0,False,6
4275,573.195,-2358.0,-4069.0,179.0,23149.526379075844,44.91999488,False,6
4276,573.297,-2306.7180579256283,-4080.518984856027,179.0,23154.60055595342,49.0,False,6
4277,573.457,-2261.881417621802,-4090.663595550421,180.0,23162.60055595342,51.0,False,6
4278,573.553,-2231.0,-4097.0,180.30094037849472,23167.412693716822,51.0,False,6
4279,573.776,-2124.825419864397,-4115.391516971177,181.0,23178.639167064528,51.0,False,6
4280,573.793,-2113.0,-4117.0,181.08499968,23179.499648887566,50.95750016,False,6
4281,573.973,-1963.0,-4134.0,181.98499968,23188.65330772216,50.50750016,False,6
4282,574.176,-1831.7711202676544,-4141.75008365473,183.0,23198.972500397867,50.0,False,6
4283,574.376,-1746.8358347491428,-4141.972615650777,181.0,23209.02805595342,0.0,False,6
4284,574.393,-1741.0,-4142.0,180.74500096,23209.874968216463,0.0,False,6
4285,574.576,-1691.7305050774194,-4142.381096973256,178.0,23218.91694484231,0.0,False,6
4286,574.733,-1642.0,-4142.0,176.43000064,23226.60331722795,0.0,False,6
4287,574.776,-1623.3398967160822,-4141.664004903626,176.0,23228.694722620083,0.0,False,6
4288,574.913,-1555.0,-4140.0,174.7156256,23235.313321049853,0.0,False,6
4289,575.096,-1467.035521093641,-4136.752322602856,173.0,23244.072500397862,0.0,False,6
4290,575.134,-1449.0,-4136.0,172.5250016,23245.884024420855,1.4249952,False,6
4291,575.256,-1391.0122996783377,-4133.478855607157,171.0,23251.67250039786,6.0,False,6
4292,575.454,-1297.0,-4129.0,168.8785728,23260.92136842128,15.8999936,False,6
4293,575.536,-1258.2910149753493,-4126.982422358255,168.0,23264.739167064527,20.0,False,6
4294,575.654,-1204.0,-4124.0,168.0,23270.24501228638,35.4874832,False,6
4295,575.696,-1185.5181599576847,-4122.949447979182,168.0,23272.205833731197,41.0,False,6
4296,575.853,-1111.0,-4119.0,168.0,23279.534647987555,46.8874976,False,6
4297,576.016,-1001.7795504346088,-4114.780144812956,168.0,23287.139167064528,53.0,False,6
4298,576.053,-981.0,-4114.0,168.0,23288.86429635235,53.39642788571429,False,6
4299,576.296,-918.9371202139257,-4111.320987072185,168.0,23300.205833731197,56.0,False,6
4300,576.453,-879.0,-4110.0,168.87222186666668,23307.58521592012,56.87222186666666,False,6
4301,576.613,-804.0,-4108.0,169.76111075555556,23315.159338474932,57.761110755555556,False,6
4302,576.656,-783.6091738158673,-4107.450167789033,170.0,23317.205833731194,58.0,False,6
4303,576.854,-689.0,-4105.0,172.1214272,23326.69198882068,58.7071424,False,6
4304,576.936,-641.6191679590389,-4104.014862608541,173.0,23330.661389286754,59.0,False,6
4305,577.114,-535.0,-4102.0,175.2249984,23339.372884595552,59.5562496,False,6
4306,577.256,-471.30104643642994,-4100.621993460724,177.0,23346.394722620083,60.0,False,6
4307,577.473,-387.0,-4099.0,179.0280371893906,23357.21887117938,60.0,False,6
4308,577.577,-336.64602300007857,-4098.475581095294,180.0,23362.444722620086,60.0,False,6
4309,577.674,-287.0,-4098.0,181.2124992,23367.340577056464,60.6062496,False,6
4310,577.737,-255.04019638898166,-4097.632754026743,182.0,23370.533611508974,61.0,False,6
4311,577.954,-145.0,-4096.0,183.8083328,23381.61825869597,62.8083328,False,6
4312,577.977,-133.07529242727637,-4095.7909889462253,184.0,23382.80027817564,63.0,False,6
4313,578.137,-50.00710814657245,-4094.2693299949624,186.0,23391.066944842307,62.0,False,6
4314,578.174,-32.0,-4094.0,186.4624992,23392.99472991245,62.1541664,False,6
4315,578.353,61.0,-4093.0,188.7,23402.400552870684,62.9,False,6
4316,578.377,79.42409533592209,-4092.7808520807976,189.0,23403.66694484231,63.0,False,6
4317,578.534,219.0,-4091.0,190.12142811428572,23411.97310838915,65.24285622857143,False,6
4318,578.657,281.03967673873353,-4090.278240282703,191.0,23418.52250039787,67.0,False,6
4319,578.873,337.0,-4090.0,193.7,23430.150210388965,68.8,False,6
4320,578.897,347.24553519110935,-4089.953238091825,194.0,23431.455833731205,69.0,False,6
4321,579.214,534.0,-4089.0,198.4027768888889,23448.95863119842,69.88055537777778,False,6
4322,579.257,556.4337696987806,-4088.849049874685,199.0,23451.3558337312,70.0,False,6
4323,579.497,669.2950467088185,-4089.7054312279442,202.0,23464.822500397866,69.0,False,6
4324,579.574,723.0,-4093.0,202.9624992,23469.192517224423,68.35833386666667,False,6
4325,579.737,874.4781541529313,-4105.923549198733,205.0,23478.489167064534,67.0,False,6
4326,579.814,936.0,-4112.0,205.0,23482.870453154967,67.0,False,6
4327,579.937,997.5434819729361,-4119.289169724912,205.0,23489.878055953424,67.0,False,6
4328,580.097,1033.222527075994,-4126.998081234621,207.0,23499.07805595342,65.0,False,6
4329,580.173,1059.0,-4133.0,207.95,23503.481187620324,64.525,False,6
4330,580.257,1096.5716883964556,-4141.671176300007,209.0,23508.36694484231,64.0,False,6
4331,580.453,1218.0,-4172.0,209.98245598276395,23519.820519808407,62.52631602585407,False,6
4332,580.656,1375.1529168703496,-4219.240464471856,211.0,23531.752778175643,61.0,False,6
4333,580.673,1387.0,-4223.0,211.07083306666667,23532.754800106763,60.929166933333335,False,6
4334,581.073,1599.0,-4297.0,212.73749973333332,23556.42439466557,59.26250026666666,False,6
4335,581.136,1638.5653181686353,-4311.118027505857,213.0,23560.152778175645,59.0,False,6
4336,581.453,1845.0,-4384.0,213.0,23578.90811241694,57.0187504,False,6
4337,581.456,1846.3298719319896,-4384.466787653291,213.0,23579.086111508983,57.0,False,6
4338,581.656,1904.6865028517173,-4404.763732156622,214.0,23590.975000397866,56.0,False,6
4339,581.753,1938.0,-4416.0,214.0,23596.741572125513,56.0,False,6
4340,581.936,2037.4798202619095,-4449.135699942921,214.0,23607.619444842316,56.0,False,6
4341,582.013,2083.0,-4464.0,214.0,23612.19935778024,55.679166933333335,False,6
4342,582.174,2174.0,-4493.0,214.0,23621.76749917979,55.00833386666667,False,6
4343,582.176,2175.1267481758914,-4493.356304866096,214.0,23621.886111508982,55.0,False,6
4344,582.416,2311.387642377058,-4536.04985746896,213.0,23636.086111508983,50.0,False,6
4345,582.433,2321.0,-4539.0,213.0,23637.09214077769,50.0,False,6
4346,582.576,2401.501215489035,-4563.313633232017,213.0,23645.552778175646,50.0,False,6
4347,582.633,2434.0,-4573.0,212.6437504,23648.914757489965,49.2875008,False,6
4348,582.736,2493.8421675480904,-4590.713793118123,212.0,23654.975000397866,48.0,False,6
4349,582.893,2581.0,-4616.0,211.43928594285714,23664.188470782163,48.0,False,6
4350,583.016,2639.206536863615,-4632.075844581035,211.0,23671.386111508975,48.0,False,6
4351,583.094,2694.0,-4646.0,210.5125008,23675.94083950784,48.0,False,6
4352,583.176,2779.925198234685,-4666.992779473771,210.0,23680.719444842314,48.0,False,6
4353,583.253,2863.0,-4687.0,209.61500032,23685.195967542328,48.0,False,6
4354,583.376,2955.0183157663555,-4708.888708341959,209.0,23692.33055595342,48.0,False,6
4355,583.736,3059.9135331960674,-4728.234419469027,208.0,23713.13055595342,48.0,False,6
4356,583.773,3078.0,-4731.0,207.7694707577761,23715.256056269864,48.0,False,6
4357,583.854,3124.0,-4738.0,207.26479815871366,23719.899829444974,48.0,False,6
4358,584.057,3239.472396986748,-4755.106909207205,206.0,23731.498889286755,48.0,False,6
4359,584.134,3283.0,-4761.0,205.80750016,23735.891502623348,48.57749952,False,6
4360,584.333,3396.0,-4774.0,205.31,23747.22689173997,50.07,False,6
4361,584.457,3465.9940925684746,-4779.546086510285,205.0,23754.276667064532,51.0,False,6
4362,584.494,3487.0,-4781.0,204.90750016,23756.378161574357,49.79750208,False,6
4363,584.694,3601.0,-4788.0,204.40750016,23767.721122984043,43.29750208,False,6
4364,584.857,3689.145673910841,-4792.08387479033,204.0,23776.943333731197,38.0,False,6
4365,585.034,3794.0,-4794.0,203.11500032,23786.928446856185,38.0,False,6
4366,585.057,3809.572117456474,-4793.994461670324,203.0,23788.221111508978,38.0,False,6
4367,585.254,3951.0,-4792.0,201.7687504,23799.237585299918,40.4624992,False,6
4368,585.377,4026.436198802175,-4789.870986758743,201.0,23806.08777817564,42.0,False,6
4369,585.634,4162.0,-4783.0,200.08214308571428,23820.36819604412,42.917856914285714,False,6
4370,585.657,4174.691660858577,-4782.157604529552,200.0,23821.6433337312,43.0,False,6
4371,585.937,4334.972708825837,-4769.3781398437495,199.0,23837.121111508975,44.0,False,6
4372,586.034,4384.0,-4765.0,198.3937504,23842.45995612053,44.0,False,6
4373,586.097,4412.779521457231,-4762.330865675152,198.0,23845.921111508975,44.0,False,6
4374,586.377,4528.754505742836,-4749.999507222961,197.0,23861.243333731196,45.0,False,6
4375,586.394,4537.0,-4749.0,196.93928594285714,23862.1700742513,45.06071405714286,False,6
4376,586.594,4645.0,-4735.0,196.22500022857142,23873.05163369659,45.77499977142857,False,6
4377,586.657,4679.3811924157,-4730.202720181376,196.0,23876.487778175644,46.0,False,6
4378,586.773,4742.0,-4721.0,196.725,23882.834157380334,48.175,False,6
4379,586.817,4765.741386284343,-4717.345053310429,197.0,23885.2433337312,49.0,False,6
4380,587.017,4876.322176692455,-4698.701476802337,197.0,23896.187778175645,50.0,False,6
4381,587.094,4925.0,-4689.0,197.0,23900.39752580885,50.6131962602451,False,6
4382,587.453,5170.0,-4632.0,197.0,23919.994152921277,53.472127164714294,False,6
4383,587.753,5266.0,-4607.0,197.0,23936.414334323614,55.86120548905899,False,6
4384,587.896,5336.561595067163,-4586.933153681684,197.0,23944.28861150897,57.0,False,6
4385,588.033,5414.0,-4564.0,198.7124992,23951.86005883248,57.0,False,6
4386,588.056,5426.537407279642,-4560.1504618166455,199.0,23953.13305595342,57.0,False,6
4387,588.214,5509.0,-4534.0,199.3291664,23961.88972076848,58.3166656,False,6
4388,588.454,5635.0,-4493.0,199.8291664,23975.230516808995,60.3166656,False,6
4389,588.536,5694.592796423926,-4473.325833527809,200.0,23979.799722620082,61.0,False,6
4390,588.696,5824.046764337505,-4430.338788171058,201.0,23988.73305595342,64.0,False,6
4391,588.754,5858.0,-4419.0,201.28999936,23991.97916179992,64.0,False,6
4392,588.896,5904.067128049008,-4403.40574221375,202.0,23999.95527817564,64.0,False,6
4393,589.034,5943.0,-4390.0,203.47857005714286,24007.769143573474,68.92856685714285,False,6
4394,589.176,6018.711951605134,-4364.210671665278,205.0,24015.899722620088,74.0,False,6
4395,589.213,6040.0,-4357.0,205.9249984,24018.037418290296,75.3874976,False,6
4396,589.336,6108.744481932265,-4333.863361703898,209.0,24025.188611508976,80.0,False,6
4397,589.496,6195.470013196442,-4304.803554885346,211.0,24034.566389286752,84.0,False,6
4398,589.574,6239.0,-4290.0,212.9499968,24039.21910668174,85.29999786666667,False,6
4399,589.733,6329.0,-4259.0,216.9249984,24048.85031416941,87.94999893333333,False,6
4400,589.736,6330.629420110733,-4258.438048321703,217.0,24049.03305595342,88.0,False,6
4401,589.914,6431.0,-4224.0,220.55999744,24059.94754478449,91.55999744,False,6
4402,589.936,6446.934148114962,-4218.58180428796,221.0,24061.3108337312,92.0,False,6
4403,590.136,6618.552354176646,-4160.543359818625,226.0,24073.86638928675,96.0,False,6
4404,590.154,6632.0,-4156.0,226.4499968,24075.009417189518,96.35999744,False,6
4405,590.336,6733.092171625142,-4121.825478029914,231.0,24086.699722620087,100.0,False,6
4406,590.593,6840.0,-4085.0,236.82766379358387,24103.73944600793,100.0,False,6
4407,590.777,6956.005676657742,-4044.399277883245,241.0,24116.22222262009,100.0,False,6
4408,590.833,6992.0,-4032.0,242.4,24120.05410289602,100.0,False,6
4409,590.894,7030.0,-4019.0,243.9249984,24124.24551499037,100.0,False,6
4410,591.057,7129.229222772582,-3982.5483025329627,248.0,24135.51111150898,100.0,False,6
4411,591.154,7188.0,-3960.0,249.8187488,24142.24833070254,100.0,False,6
4412,591.217,7226.364463943424,-3945.1755402516687,251.0,24146.66666706453,100.0,False,6
4413,591.434,7371.0,-3888.0,255.88249856,24162.2670769125,100.0,False,6
4414,591.617,7528.316899069,-3823.168529402733,260.0,24175.55555595342,100.0,False,6
4415,591.634,7543.0,-3817.0,260.0,24176.783030484716,100.0,False,6
4416,591.777,7662.0156025160795,-3766.1210975888475,260.0,24187.11111150898,100.0,False,6
4417,591.937,7780.146988854545,-3714.243423749094,265.0,24198.888889286754,100.0,False,6
4418,592.014,7826.0,-3694.0,266.0999990857143,24204.611983574963,100.0,False,6
4419,592.217,7914.74257969534,-3654.484835240133,269.0,24219.811111508974,100.0,False,6
4420,592.314,7962.0,-3633.0,270.2124992,24227.105032534066,100.0,False,6
4421,592.377,7999.067000516975,-3616.0088979457655,271.0,24231.855555953418,100.0,False,6
4422,592.537,8111.866679063042,-3563.8433568579767,273.0,24243.988889286757,100.0,False,6
4423,592.614,8167.0,-3538.0,273.0,24249.88761581053,100.0,False,6
4424,592.834,8318.0,-3466.0,273.0,24266.58972935587,100.0,False,6
4425,592.857,8333.22404566473,-3458.6933677146417,273.0,24268.25555595342,100.0,False,6
4426,593.017,8436.306075905195,-3409.1372812350187,249.0,24279.322222620092,0.0,True,6
4427,593.034,8447.0,-3404.0,247.6187552,24280.438421372575,0.0,True,6
4428,593.313,8613.0,-3324.0,224.95,24297.111642863132,0.0,True,6
4429,593.497,8708.654802438617,-3276.2971209252073,210.0,24307.322222620085,0.0,True,6
4430,593.533,8729.0,-3266.0,206.625,24309.30350769165,0.0,True,6
4431,593.657,8806.572680216535,-3226.4806823379213,195.0,24315.988889286757,0.0,True,6
4432,593.753,8862.0,-3198.0,187.77419520591937,24320.820788690857,0.0,True,6
4433,593.936,8932.14647771655,-3161.2190987833283,174.0,24329.473889286757,0.0,True,6
4434,594.073,8973.0,-3139.0,168.0062528,24335.862022214387,0.0,True,6
4435,594.096,8980.13064868215,-3135.0704991565144,167.0,24336.896111508977,0.0,True,6
4436,594.336,9059.202690531483,-3090.649134438476,150.0,24346.896111508977,0.0,True,6
4437,594.696,9190.667576946018,-3014.0347866371753,136.0,24360.49611150898,0.0,True,6
4438,594.856,9244.586941349995,-2981.3564726193786,126.0,24366.096111508978,0.0,True,6
4439,595.054,9304.0,-2944.0,118.2214336,24372.500371466307,0.0,True,6
4440,595.136,9326.263230040828,-2929.500661360553,115.0,24375.040555953423,0.0,True,6
4441,595.173,9336.0,-2923.0,113.70500224,24376.17269328104,0.0,True,6
4442,595.336,9377.222913628586,-2894.0884630111286,108.0,24381.040555953423,0.0,True,6
4443,595.393,9391.0,-2884.0,106.29000192,24382.68529397861,0.0,True,6
4444,595.536,9424.099675243993,-2858.9066733016543,102.0,24386.707222620087,0.0,True,6
4445,595.633,9445.0,-2842.0,100.1812512,24389.393847263946,0.0,True,6
4446,595.696,9457.786041642734,-2831.049131833153,99.0,24391.10722262009,0.0,True,6
4447,595.794,9477.0,-2814.0,96.958336,24393.70592430902,0.0,True,6
4448,595.936,9504.792135372198,-2789.030987110301,94.0,24397.373889286755,0.0,True,6
4449,595.953,9508.0,-2786.0,93.7875008,24397.810100238057,0.0,True,6
4450,596.154,9542.0,-2751.0,91.2750016,24402.89837484131,0.0,True,6
4451,596.176,9544.98942999674,-2747.7034173673255,91.0,24403.44055595342,0.0,True,6
4452,596.394,9570.0,-2718.0,87.3666688,24408.62898701557,0.0,True,6
4453,596.536,9590.568126070522,-2692.2258075059253,85.0,24411.940555953417,0.0,False,6
4454,596.553,9593.0,-2689.0,84.96136378181818,24412.337771730497,0.0,False,6
4455,596.833,9628.0,-2635.0,84.32500014545454,24418.8954485573,0.0,False,6
4456,596.976,9643.360677523162,-2605.7325242486672,84.0,24422.207222620083,0.0,False,6
4457,597.014,9647.0,-2598.0,83.62000128,24423.07972731729,0.0,False,6
4458,597.176,9660.056959752403,-2565.279595190686,82.0,24426.762778175642,0.0,False,6
4459,597.234,9664.0,-2552.0,81.51867313358954,24428.066203010283,0.0,False,6
4460,597.417,9674.238133808012,-2502.253277976206,80.0,24432.118333731196,0.0,False,6
4461,597.514,9677.0,-2479.0,79.0906256,24434.220760002172,0.0,False,6
4462,597.737,9674.331870538559,-2444.611730798654,77.0,24438.96277817564,0.0,False,6
4463,597.794,9672.0,-2436.0,76.6437504,24440.165481080883,1.781248,False,6
4464,597.897,9666.284355725622,-2418.375307018824,76.0,24442.34055595342,5.0,False,6
4465,598.054,9650.0,-2384.0,76.6541664,24445.696742777043,10.2333312,False,6
4466,598.137,9635.123107853635,-2360.5587932032686,77.0,24447.47388928675,13.0,False,6
4467,598.294,9603.0,-2316.0,77.0,24450.831414801723,18.8874976,False,6
4468,598.297,9602.486410634723,-2315.3307350608166,77.0,24450.896111508973,19.0,False,6
4469,598.657,9564.848233489458,-2277.024290115873,80.0,24458.896111508973,27.0,False,6
4470,598.753,9553.0,-2264.0,81.30909090909091,24461.12383610065,28.09090909090909,False,6
4471,598.794,9547.0,-2257.0,81.86818094545454,24462.088061718663,28.556817454545456,False,6
4472,599.033,9505.0,-2220.0,85.12727272727273,24467.839063693176,31.272727272727273,False,6
4473,599.097,9494.035176758236,-2211.0894661887655,86.0,24469.407222620084,32.0,False,6
4474,599.294,9456.0,-2180.0,88.8142848,24474.305662193547,32.0,False,6
4475,599.377,9432.356532663203,-2160.4376418606985,90.0,24476.407222620084,32.0,False,6
4476,599.574,9374.0,-2112.0,92.1107136,24481.486807252615,31.2964288,False,6
4477,599.657,9360.749852086381,-2101.088493610391,93.0,24483.64055595342,31.0,False,6
4478,599.874,9342.0,-2085.0,93.0,24489.26693267369,25.5750016,False,6
4479,600.057,9307.878856524456,-2053.4278250533134,93.0,24493.973889286754,21.0,False,6
4480,600.113,9297.0,-2043.0,92.6,24495.402174853407,16.8,False,6
4481,600.337,9257.94570876608,-2002.3980335220879,91.0,24501.05166706453,0.0,False,6
4482,600.353,9255.0,-1999.0,90.88530468580825,24501.45054516812,0.0,False,6
4483,600.593,9209.0,-1941.0,89.16487497293191,24507.380380650004,0.0,False,6
4484,600.616,9205.309459725337,-1935.9392984001765,89.0,24507.94916706453,0.0,False,6
4485,600.776,9184.952471683666,-1905.5876927626164,89.0,24511.904722620086,0.0,False,6
4486,601.033,9162.0,-1861.0,87.07250048,24518.07425793479,0.0,False,6
4487,601.173,9149.0,-1831.0,86.02250048,24521.38926383355,0.0,False,6
4488,601.176,9148.740690967448,-1830.3396490843072,86.0,24521.460278175644,0.0,False,6
4489,601.336,9136.626513966294,-1794.6862999308375,85.0,24525.23805595342,3.0,False,6
4490,601.453,9130.0,-1768.0,84.4681821090909,24527.96340097719,4.063635781818181,False,6
4491,601.613,9124.0,-1731.0,83.74090938181818,24531.637055031384,5.518181236363636,False,6
4492,601.774,9121.0,-1695.0,83.00909149090909,24535.336408003586,6.981817018181818,False,6
4493,601.776,9120.982142190784,-1694.543921584695,83.0,24535.382500397864,7.0,False,6
4494,601.976,9121.698333679251,-1647.8542279778392,83.0,24539.993611508977,8.0,False,6
4495,601.993,9122.0,-1644.0,82.91500032,24540.38295401046,8.16999936,False,6
4496,602.153,9127.0,-1608.0,82.11500032,24544.02568521615,9.76999936,False,6
4497,602.176,9128.136298349413,-1602.3403290436622,82.0,24544.549167064535,10.0,False,6
4498,602.493,9151.0,-1520.0,82.0,24551.77996329299,13.16999936,False,6
4499,602.576,9156.32781949857,-1505.729473890975,82.0,24553.660278175645,14.0,False,6
4500,602.733,9167.0,-1483.0,81.21500032,24557.19361714828,15.56999936,False,6
4501,602.776,9170.858656896877,-1475.3545435216454,81.0,24558.160278175645,16.0,False,6
4502,602.976,9192.940483414515,-1434.460758355292,81.0,24562.660278175645,16.0,False,6
4503,602.994,9195.0,-1431.0,81.0,24563.064937295916,16.1124992,False,6
4504,603.296,9229.928200796345,-1381.5503489954158,81.0,24569.860278175645,18.0,False,6
4505,603.313,9232.0,-1379.0,81.08499968,24570.24545739091,18.0,False,6
4506,603.496,9255.302690172668,-1352.272092832619,82.0,24574.4158337312,18.0,False,6
4507,603.674,9281.0,-1327.0,82.493074525088,24578.513669290747,18.98614905017601,False,6
4508,603.853,9313.0,-1301.0,82.98891966562564,24582.646737675735,19.977839331251293,False,6
4509,603.857,9313.89557140001,-1300.3676032526455,83.0,24582.738889286757,20.0,False,6
4510,604.017,9356.627032955203,-1273.1897929259133,83.0,24586.427778175646,20.0,False,6
4511,604.094,9376.0,-1262.0,83.33478233043478,24588.22220893091,20.334782330434784,False,6
4512,604.473,9441.0,-1235.0,84.98260869565217,24597.2827272096,21.982608695652175,False,6
4513,604.634,9477.0,-1225.0,85.68260841739131,24601.219575887873,22.682608417391304,False,6
4514,604.874,9534.0,-1214.0,86.72608667826087,24607.11037603153,23.72608667826087,False,6
4515,604.937,9549.178809597357,-1211.8723505041976,87.0,24608.66111150898,24.0,False,6
4516,605.194,9612.0,-1206.0,88.83571382857143,24615.011616532385,24.917856914285714,False,6
4517,605.217,9617.709880554195,-1205.6609591603483,89.0,24615.583333731203,25.0,False,6
4518,605.374,9657.0,-1204.0,89.78499968,24619.503942852174,25.0,False,6
4519,605.417,9667.802982885309,-1203.6647050035056,90.0,24620.583333731203,25.0,False,6
4520,605.534,9697.0,-1203.0,90.3656248,24623.53257402209,25.0,False,6
4521,605.737,9745.338945707219,-1202.8979807878186,91.0,24628.67222262009,25.0,False,6
4522,605.977,9798.536326228055,-1204.51601554001,91.0,24634.738889286757,24.0,False,6
4523,606.377,9907.2523909882,-1199.4390354964826,91.0,24644.850000397866,23.0,False,6
4524,606.415,9920.0,-1198.0,91.0,24645.810437748463,22.7625008,False,6
4525,606.537,9963.764443841988,-1192.2578718302336,91.0,24648.894444842314,22.0,False,6
4526,606.733,10029.0,-1182.0,91.0,24653.851709815055,21.183333333333334,False,6
4527,606.777,10039.447286272602,-1180.124314203616,91.0,24654.96111150898,21.0,False,6
4528,607.057,10076.738116194516,-1169.6696028720507,90.0,24661.96111150898,19.0,False,6
4529,607.193,10109.0,-1156.0,89.24233996793939,24665.300972062094,11.802229695424233,False,6
4530,607.353,10164.0,-1132.0,88.35097522433868,24669.197077291923,3.3342646312174478,False,6
4531,607.416,10178.549761002907,-1124.987221466396,88.0,24670.736667064535,0.0,False,6
4532,607.576,10197.797103068826,-1113.2157659039506,88.0,24674.647778175644,0.0,False,6
4533,607.613,10203.0,-1110.0,87.63000064,24675.541152345202,0.18499968,False,6
4534,607.776,10233.572328985632,-1091.7097267759898,86.0,24679.42555595342,1.0,False,6
4535,607.853,10251.0,-1080.0,85.67916693333333,24681.247650207835,3.5666645333333333,False,6
4536,608.016,10292.321929729966,-1047.7768672483924,85.0,24685.09222262009,9.0,False,6
4537,608.153,10324.0,-1020.0,85.0,24688.32518027858,10.141666133333333,False,6
4538,608.376,10357.231827996171,-984.9418112097494,85.0,24693.59222262009,12.0,False,6
4539,608.513,10375.0,-963.0,85.0,24696.82830553119,13.7124992,False,6
4540,608.536,10378.237844353289,-958.9373211169274,85.0,24697.370000397867,14.0,False,6
4541,608.813,10421.0,-903.0,84.01071451428571,24703.834098756568,6.085716114285714,False,6
4542,608.816,10421.462536757788,-902.3534821614095,84.0,24703.903333731203,6.0,False,6
4543,609.136,10467.415566942374,-832.4281665226428,82.0,24711.19222262009,0.0,False,6
4544,609.214,10476.0,-818.0,81.35000106666666,24712.946395180003,0.0,False,6
4545,609.376,10489.45738539741,-793.3038226578881,80.0,24716.525555953423,0.0,True,6
4546,609.514,10500.0,-772.0,77.12500266666666,24719.440196680505,0.0,True,6
4547,609.616,10509.147377992873,-753.1005764851623,75.0,24721.525555953423,0.0,True,6
4548,609.694,10516.0,-738.0,73.70000213333333,24723.086443087177,0.0,True,6
4549,609.856,10527.889294161716,-707.4003781510461,71.0,24726.258889286757,0.0,True,6
4550,609.934,10533.0,-693.0,70.22000128,24727.771309635544,0.0,True,6
4551,610.056,10540.618522077406,-670.8812191460407,69.0,24730.092222620093,0.0,True,6
4552,610.173,10547.0,-650.0,67.37950198417764,24732.22364519731,0.0,True,6
4553,610.417,10556.45696531824,-606.8548774100296,64.0,24736.51000039787,0.0,False,6
4554,610.433,10557.0,-604.0,64.0,24736.793890288365,0.0,False,6
4555,610.577,10561.628049636973,-578.1162961280503,64.0,24739.354444842313,0.0,False,6
4556,610.634,10563.0,-568.0,63.5928576,24740.353637775435,0.0,False,6
4557,610.814,10565.0,-537.0,62.30714331428572,24743.447138269603,0.0,False,6
4558,610.857,10565.051704825786,-529.7738265480194,62.0,24744.176667064534,0.0,False,6
4559,611.034,10563.0,-501.0,61.19545483636364,24747.146204140714,2.413635490909091,False,6
4560,611.174,10557.0,-480.0,60.5590912,24749.466778100836,4.3227264,False,6
4561,611.297,10546.865081932727,-462.94399411377503,60.0,24751.51000039787,6.0,False,6
4562,611.414,10535.0,-449.0,60.0,24753.458874579053,6.0,False,6
4563,611.537,10522.422728742456,-437.80206884815374,60.0,24755.51000039787,6.0,False,6
4564,611.674,10500.0,-424.0,60.0,24757.793297025033,8.05499904,False,6
4565,611.737,10483.47577561704,-415.03267701709166,60.0,24758.8433337312,9.0,False,6
4566,611.854,10451.0,-398.0,60.0,24760.794005836688,9.3656248,False,6
4567,612.057,10429.523358165206,-386.002999160398,60.0,24764.176667064537,10.0,False,6
4568,612.194,10422.0,-380.0,60.0,24766.45431187553,10.8562496,False,6
4569,612.377,10403.162417672802,-364.3032878414841,60.0,24769.51000039787,12.0,False,6
4570,612.514,10390.0,-342.0,60.68499968,24771.82639582681,13.36999936,False,6
4571,612.577,10385.923242875684,-327.6210078335129,61.0,24772.89888928676,14.0,False,6
4572,612.674,10382.0,-303.0,61.3031248,24774.558358949875,13.6968752,False,6
4573,612.897,10383.254483531937,-251.7420540807955,62.0,24778.41000039787,13.0,False,6
4574,613.093,10389.0,-217.0,62.98,24781.8393696016,13.0,False,6
4575,613.097,10389.100302959589,-216.42477831100456,63.0,24781.91000039787,13.0,False,6
4576,613.417,10395.747644240453,-183.5830784896761,64.0,24787.59888928676,12.0,False,6
4577,613.553,10401.0,-161.0,63.24444444444445,24789.960915074338,7.466666666666667,False,6
4578,613.774,10413.0,-110.0,62.01666702222222,24793.747332327497,0.10000213333333309,False,6
4579,613.777,10413.120386485287,-109.50495783363834,62.0,24793.79888928676,0.0,False,6
4580,613.977,10418.456817332984,-89.07065107137036,62.0,24797.243333731203,0.0,False,6
4581,613.993,10419.0,-87.0,62.0,24797.518692150363,0.5102504950887661,False,6
4582,614.354,10438.0,-14.0,62.0,24803.727650881367,12.02277524952707,False,6
4583,614.416,10440.505783721937,-5.517844876965655,62.0,24804.80388928676,14.0,False,6
4584,614.576,10445.638041254038,10.255222695598317,63.0,24807.60388928676,16.0,False,6
4585,614.614,10447.0,15.0,63.1583328,24808.27520753439,16.6333312,False,6
4586,614.813,10456.0,49.0,63.98749973333334,24811.817211229052,19.949998933333333,False,6
4587,614.816,10456.170943330979,49.61297024756168,64.0,24811.870555953425,20.0,False,6
4588,614.976,10467.010137391455,86.2395963761009,64.0,24814.715000397868,20.0,False,6
4589,615.114,10477.0,117.0,64.68999936,24817.19618998651,21.37999872,False,6
4590,615.176,10481.150599308821,128.76937405113554,65.0,24818.32611150898,22.0,False,6
4591,615.333,10491.0,155.0,66.12142811428572,24821.237263934185,22.560714057142857,False,6
4592,615.456,10498.576422017682,175.60014789645533,67.0,24823.537222620093,23.0,False,6
4593,615.494,10501.0,182.0,67.0,24824.24673286881,22.2875024,False,6
4594,615.616,10509.239974027438,202.87341478310125,67.0,24826.51500039787,20.0,False,6
4595,615.654,10512.0,210.0,66.81000064,24827.215012893423,18.1000064,False,6
4596,616.014,10539.0,286.0,65.01000064,24833.701714301515,0.1000064000000009,False,6
4597,616.016,10539.102922599217,286.3102279930449,65.0,24833.737222620093,0.0,False,6
4598,616.274,10548.0,316.0,63.827273309090906,24838.275765694165,0.0,False,6
4599,616.456,10555.076359896675,344.306577835967,63.0,24841.437222620094,0.0,False,6
4600,616.534,10557.0,360.0,62.5125008,24842.78385118866,0.0,False,6
4601,616.616,10557.660230325986,378.9970175112444,62.0,24844.19277817565,0.0,False,6
4602,616.814,10555.0,426.0,61.01000064,24847.54838244535,0.0,False,6
4603,616.816,10554.959632372414,426.3749481973785,61.0,24847.58166706454,0.0,False,6
4604,617.217,10539.030329817544,468.8831342113664,58.0,24854.042222620094,0.0,False,6
4605,617.253,10536.0,473.0,58.0,24854.61871984954,0.8999999999999999,False,6
4606,617.354,10526.0,486.0,58.0,24856.239680313967,3.4249983999999998,False,6
4607,617.497,10510.788747024131,504.0795385245881,58.0,24858.553333731204,7.0,False,6
4608,617.513,10509.0,506.0,58.08,24858.81410964041,7.16,False,6
4609,617.697,10486.914324708148,526.3839335592141,59.0,24861.831111508982,9.0,False,6
4610,617.773,10477.0,534.0,59.0,24863.07607541157,9.316666666666666,False,6
4611,617.937,10454.152615929628,549.039956032416,59.0,24865.764444842316,10.0,False,6
4612,617.994,10446.0,554.0,59.28499968,24866.704366738024,11.13999872,False,6
4613,618.137,10425.383600612266,566.070747156905,60.0,24869.09777817565,14.0,False,6
4614,618.234,10411.0,574.0,61.102272,24870.780222738653,16.6454528,False,6
4615,618.414,10383.0,588.0,63.147726545454546,24874.02852078281,21.554543709090908,False,6
4616,618.577,10356.021548431188,598.7986133777404,65.0,24877.042222620094,26.0,False,6
4617,618.674,10339.0,605.0,66.45499904,24878.85709812262,27.45499904,False,6
4618,618.777,10320.010793046042,611.8032402999756,68.0,24880.82000039787,29.0,False,6
4619,618.914,10296.0,620.0,69.52222151111111,24883.51877878968,30.141666133333334,False,6
4620,619.114,10259.0,630.0,71.74444373333333,24887.557926779224,31.8083328,False,6
4621,619.137,10250.887760985897,631.9322078387185,72.0,24888.020000397868,32.0,False,6
4622,619.254,10203.0,643.0,72.7312496,24890.370793952756,34.1937488,False,6
4623,619.297,10190.751290496884,645.6845987947012,73.0,24891.264444842313,35.0,False,6
4624,619.574,10164.0,649.0,80.7906232,24897.544913447673,32.4031256,False,6
4625,619.617,10156.571171197462,649.9797830962827,82.0,24898.5533337312,32.0,False,6
4626,619.793,10114.0,656.0,84.93333333333334,24902.71862639979,38.6,False,6
4627,619.857,10098.048543217414,657.987025308724,86.0,24904.286667064534,41.0,False,6
4628,620.133,10030.0,663.0,93.88571428571429,24911.488949835664,48.885714285714286,False,6
4629,620.137,10028.997821914425,663.0043033332518,94.0,24911.597778175645,49.0,False,6
4630,620.173,10020.0,663.0,94.9,24912.582473253777,49.51428571428571,False,6
4631,620.417,9958.248236879492,666.4188092440742,101.0,24919.453333731202,53.0,False,6
4632,620.453,9945.0,667.0,101.675,24920.481327580437,54.125,False,6
4633,620.577,9887.095034618174,668.6783943121031,104.0,24924.075555953423,58.0,False,6
4634,620.713,9827.0,670.0,107.408520756528,24928.22729921383,57.3182958486944,False,6
4635,620.976,9793.584180366095,671.383555990662,114.0,24936.71055595342,56.0,False,6
4636,621.114,9744.0,673.0,117.4499968,24941.24370162528,56.68999936,False,6
4637,621.176,9703.413812709665,674.1473056514477,119.0,24943.321667064534,57.0,False,6
4638,621.273,9636.0,676.0,121.4249984,24946.64277253316,58.03928502857143,False,6
4639,621.456,9572.163353341512,677.8415787919025,126.0,24953.121667064534,60.0,False,6
4640,621.473,9567.0,678.0,126.33999872,24953.735753657587,60.04249984,False,6
4641,621.734,9474.0,681.0,131.55999744,24963.40531606133,60.69499968,False,6
4642,621.856,9429.242954687617,682.5296896253825,134.0,24968.01055595342,61.0,False,6
4643,621.893,9415.0,683.0,134.6166656,24969.412878583636,61.0,False,6
4644,622.096,9328.368722397228,685.6375773430565,138.0,24977.21055595342,61.0,False,6
4645,622.194,9284.0,687.0,140.4499968,24981.106905172077,61.0,False,6
4646,622.416,9182.151554921653,690.3477069827698,146.0,24990.1883337312,61.0,False,6
4647,622.554,9130.0,692.0,147.97142674285715,24995.903357411837,61.0,False,6
4648,622.696,9092.153050208753,693.0089915566898,150.0,25001.855000397863,61.0,False,6
4649,622.834,9055.0,694.0,152.29999786666667,25007.729869836992,60.42500053333333,False,6
4650,622.936,9017.604393206955,695.1593594963275,154.0,25012.12166706453,60.0,False,6
4651,623.136,8925.95502569653,698.0846003257656,157.0,25020.84388928675,60.0,False,6
4652,623.213,8891.0,699.0,158.15499904,25024.247145326746,60.38499968,False,6
4653,623.314,8847.0,700.0,159.66999808,25028.747742335392,60.88999936,False,6
4654,623.336,8837.941854637093,700.2262267314815,160.0,25029.73277817564,61.0,False,6
4655,623.533,8748.0,703.0,161.78684775137927,25038.627345972323,61.0,False,6
4656,623.733,8592.0,708.0,163.6009069715602,25047.789884112422,61.0,False,6
4657,623.777,8567.331879210526,708.7636271965212,164.0,25049.82277817564,61.0,False,6
4658,623.977,8518.420927821848,710.084810469896,168.0,25059.156111508968,60.0,False,6
4659,624.094,8489.0,711.0,169.31624928,25064.722375141202,60.29249984,False,6
4660,624.353,8366.0,715.0,172.23,25077.3464768059,60.94,False,6
4661,624.674,8171.0,719.0,175.84124928,25093.337562242472,61.74249984,False,6
4662,624.777,8134.708766902736,719.9100093825459,177.0,25098.489444842304,62.0,False,6
4663,624.914,8092.0,721.0,178.95714194285713,25105.357221064343,61.510714514285716,False,6
4664,625.057,8021.841320378279,722.2367516926253,181.0,25112.56722262008,61.0,False,6
4665,625.134,7982.0,723.0,181.82499931428572,25116.477127173253,60.72500022857143,False,6
4666,625.337,7882.579317084936,725.4693786628532,184.0,25126.87833373119,60.0,False,6
4667,625.374,7860.0,726.0,184.39642788571427,25128.788851549838,60.13214262857143,False,6
4668,625.617,7669.860418785352,729.9531348421249,187.0,25141.422778175634,61.0,False,6
4669,625.694,7621.0,731.0,187.4812496,25145.438151177645,60.5187504,False,6
4670,625.777,7582.7405062979715,731.9006012535302,188.0,25149.778333731196,60.0,False,6
4671,626.017,7520.0855379223585,733.6826080777863,190.0,25162.445000397864,60.0,False,6
4672,626.054,7506.0,734.0,190.36999936,25164.41223438134,60.18499968,False,6
4673,626.217,7422.207931271215,735.6465475995818,192.0,25173.111667064528,61.0,False,6
4674,626.333,7357.0,737.0,192.48333333333332,25179.312023189126,61.0,False,6
4675,626.413,7314.0,738.0,192.81666666666666,25183.604203290448,61.0,False,6
4676,626.457,7287.759374881161,738.5801400361762,193.0,25185.978333731196,61.0,False,6
4677,626.657,7150.865056502312,741.3428000673887,196.0,25196.867222620087,61.0,False,6
4678,626.713,7119.0,742.0,196.2,25199.92500785073,61.2,False,6
4679,626.937,7028.684309511895,744.060274125374,197.0,25212.189444842308,62.0,False,6
4680,627.013,6988.0,745.0,197.63333333333333,25216.377915699908,62.0,False,6
4681,627.177,6859.78248032164,747.8805406738568,199.0,25225.456111508975,62.0,False,6
4682,627.313,6763.0,750.0,199.85,25233.00816041555,62.0,False,6
4683,627.337,6750.937295100479,750.256368817943,200.0,25234.34500039786,62.0,False,6
4684,627.634,6668.0,752.0,201.65459544876293,25250.999426538947,58.69080910247414,False,6
4685,627.696,6638.257951574978,752.7459706698808,202.0,25254.488889286753,58.0,False,6
4686,627.853,6545.0,755.0,202.56071405714286,25263.333807630435,58.0,False,6
4687,627.976,6479.523990829477,756.1440643054315,203.0,25270.27777817564,58.0,False,6
4688,628.153,6375.0,758.0,203.44249984,25280.299947351938,58.0,False,6
4689,628.376,6193.437030602722,762.7324558041165,204.0,25292.944444842306,58.0,False,6
4690,628.393,6183.0,763.0,204.0,25293.90740707288,57.645834666666666,False,6
4691,628.616,6105.404930063657,764.6899475852401,204.0,25306.544444842308,53.0,False,6
4692,628.653,6092.0,765.0,204.18499968,25308.648785800506,52.26000128,False,6
4693,628.816,6010.934884576515,767.1106789832514,205.0,25317.9333337312,49.0,False,6
4694,629.034,5877.0,771.0,204.0090914909091,25330.285492447907,48.50454574545454,False,6
4695,629.253,5753.0,775.0,203.01363665454545,25342.577096492067,48.006818327272725,False,6
4696,629.256,5751.212020021059,775.0581354545491,203.0,25342.744444842305,48.0,False,6
4697,629.453,5630.0,779.0,200.81111182222222,25353.672474248873,21.733341866666667,False,6
4698,629.616,5543.346562800526,781.9481200678903,199.0,25362.644444842306,0.0,False,6
4699,629.773,5464.0,785.0,197.0375008,25371.236535826123,0.0,False,6
4700,629.776,5462.420556440228,785.0656239129463,197.0,25371.40000039786,0.0,False,6
4701,629.954,5366.0,789.0,195.22000128,25381.04688342666,0.0,False,6
4702,629.976,5354.15054213054,789.36364575708,195.0,25382.233333731197,0.0,False,6
4703,630.094,5291.0,791.0,193.53416249805218,25388.573826644755,0.0,False,6
4704,630.137,5267.7335290511155,791.7454220685307,193.0,25390.864722620085,0.0,False,6
4705,630.293,5184.0,795.0,190.5625,25399.061387318132,0.0,False,6
4706,630.457,5101.282639469189,798.2084095347127,188.0,25407.5758337312,0.0,False,6
4707,630.494,5080.0,799.0,187.6916672,25409.495761814225,0.0,False,6
4708,630.697,4936.440524495862,804.1102856803254,186.0,25419.9758337312,0.0,True,6
4709,630.833,4854.0,807.0,183.57142857142858,25426.855156278652,0.0,True,6
4710,630.977,4804.210867709794,808.7711533512352,181.0,25434.053611508978,0.0,True,6
4711,631.113,4764.0,810.0,179.54285714285714,25440.82292651812,0.0,True,6
4712,631.257,4699.902698042132,811.6433571375081,178.0,25447.89805595342,0.0,False,6
4713,631.334,4656.0,813.0,175.593752,25451.614890392026,0.0,False,6
4714,631.417,4600.88462762147,815.0049818335923,173.0,25455.586944842315,0.0,False,6
4715,631.617,4456.403215233928,820.922596971637,171.0,25465.08694484231,0.0,False,6
4716,631.673,4428.0,822.0,170.3,25467.725035787164,0.0,False,6
4717,631.777,4393.304626604058,823.0967314321946,169.0,25472.598055953426,0.0,False,6
4718,631.973,4353.0,824.0,167.04,25481.69150084722,0.0,False,6
4719,631.977,4351.74328659925,824.0432916366644,167.0,25481.8758337312,0.0,False,6
4720,632.137,4284.796960565081,826.7181641032992,165.0,25489.20916706453,5.0,False,6
4721,632.314,4197.0,830.0,163.73571474285714,25497.23920132637,16.378567314285714,False,6
4722,632.394,4161.0,831.0,163.16428617142856,25500.85008656391,21.521424457142857,False,6
4723,632.417,4150.718619902433,831.3013056315389,163.0,25501.886944842314,23.0,False,6
4724,632.617,4060.83094836579,834.4547756807311,162.0,25510.88694484231,31.0,False,6
4725,632.714,4017.0,836.0,162.0,25515.255263257564,32.6166656,False,6
4726,632.857,3952.2126233338286,838.1183881028568,162.0,25521.68694484231,35.0,False,6
4727,632.913,3927.0,839.0,161.72,25524.195709698713,36.12,False,6
4728,633.057,3863.0396577183437,841.4590811903773,161.0,25530.631389286755,39.0,False,6
4729,633.094,3847.0,842.0,161.0,25532.285620040122,39.4624992,False,6
4730,633.217,3793.527507527463,843.4482258535869,161.0,25537.786944842308,41.0,False,6
4731,633.253,3775.0,844.0,161.0,25539.397026815146,40.8875,False,6
4732,633.537,3594.698154298759,850.736002228838,161.0,25552.098055953422,40.0,False,6
4733,633.553,3588.0,851.0,161.0,25552.81376889292,40.24,False,6
4734,633.737,3548.5114956647485,852.536851673807,161.0,25561.042500397863,43.0,False,6
4735,633.793,3534.0,853.0,160.87272727272727,25563.54333236764,39.43636363636364,False,6
4736,634.013,3436.0,856.0,160.37272727272727,25573.345786077854,25.436363636363637,False,6
4737,634.177,3363.283737272891,858.7051621052808,160.0,25580.598055953422,15.0,False,6
4738,634.194,3356.0,859.0,159.8579392788075,25581.346336085997,14.289696394037412,False,6
4739,634.413,3260.0,863.0,158.02785550478342,25590.9269059073,5.139277523917099,False,6
4740,634.536,3194.0875499178032,865.3313442743548,157.0,25596.254444842307,0.0,False,6
4741,634.754,3078.0,869.0,155.36500096,25605.597454865263,7.08499584,False,6
4742,634.936,3020.763908028323,870.7681618357292,154.0,25613.365555953424,13.0,False,6
4743,635.096,2966.1333532913245,872.6939533130078,154.0,25620.210000397867,13.0,False,6
4744,635.113,2958.0,873.0,154.0,25620.93731164568,14.44499456,False,6
4745,635.296,2846.46294215691,877.3440432233783,154.0,25628.765555953425,30.0,False,6
4746,635.373,2804.0,879.0,154.0,25632.059921584565,28.0750016,False,6
4747,635.576,2735.753863424801,881.5599145905745,154.0,25640.743333731203,23.0,False,6
4748,635.753,2685.0,883.0,154.0,25648.3042344712,23.0,False,6
4749,635.934,2609.0,885.0,154.0,25656.038189044306,23.0,False,6
4750,636.056,2557.367491303029,887.1204483809381,154.0,25661.276667064536,23.0,False,6
4751,636.214,2492.0,890.0,154.0,25668.0944158941,23.0,False,6
4752,636.374,2426.0,892.0,154.0,25674.882460167722,23.0,False,6
4753,636.376,2425.186699708292,892.026287439238,154.0,25674.965555953422,23.0,False,6
4754,636.573,2344.0,895.0,147.43333546666668,25682.969095751665,23.0,False,6
4755,636.616,2324.2793446183505,895.6850191938845,146.0,25684.698889286756,23.0,False,6
4756,636.857,2206.3493937462126,899.4749657205234,145.0,25694.405833731198,104.0,True,6
4757,636.894,2191.0,900.0,145.0,25695.903183622493,93.3111296,True,6
4758,637.217,2087.990266050197,903.8250626558221,145.0,25708.905833731198,0.0,True,6
4759,637.234,2082.0,904.0,144.5750016,25709.570398630392,0.0,True,6
4760,637.434,2004.0,906.0,139.5750016,25717.23145987562,0.0,True,6
4761,637.497,1980.9022804538079,906.7021471639364,138.0,25719.63916706453,0.0,False,6
4762,637.694,1906.0,909.0,138.0,25727.19207633202,0.0,False,6
4763,637.697,1904.5982622061313,909.0319178522626,138.0,25727.3058337312,0.0,False,6
4764,637.914,1793.0,911.0,134.90000091428573,25735.39744096363,0.0,False,6
4765,637.977,1768.470575909855,911.4241930278843,134.0,25737.72805595342,0.0,False,6
4766,638.177,1718.4819601897698,912.419295112972,133.0,25745.11694484231,13.0,False,6
4767,638.274,1690.0,913.0,132.3937504,25748.676569420248,9.0593776,False,6
4768,638.414,1639.0,914.0,131.5187504,25753.77464558302,3.3718775999999995,False,6
4769,638.497,1611.381207432551,914.4943301458045,131.0,25756.761389286752,0.0,False,6
4770,638.754,1516.0,916.0,128.14444515555556,25765.84284211381,0.0,False,6
4771,638.857,1450.3297515030386,917.0759369745182,127.0,25769.461389286753,0.0,True,6
4772,638.954,1396.0,918.0,126.51500032,25772.873721262855,0.0,True,6
4773,639.057,1369.911151299893,918.514056183565,126.0,25776.461389286753,0.0,True,6
4774,639.214,1355.0,919.0,122.86000128,25781.787923503656,0.0,True,6
4775,639.257,1345.3375050610769,919.2502654342973,122.0,25783.239167064527,0.0,True,6
4776,639.473,1267.0,921.0,122.0,25790.556564900817,0.0,True,6
4777,639.497,1257.0206059255129,921.1844349138067,122.0,25791.37250039786,0.0,True,6
4778,639.773,1142.0,923.0,122.0,25800.79385910784,0.0,True,6
4779,639.977,1086.7190348699885,924.1514765298595,122.0,25807.639167064528,0.0,True,6
4780,640.154,1044.0,925.0,120.23000064,25813.407991381788,5.973747840000001,True,6
4781,640.373,973.0,926.0,118.04,25820.326450189124,13.365,True,6
4782,640.613,865.0,928.0,115.64,25827.81067697832,21.465,True,6
4783,640.777,816.3672770563712,928.9051050399186,114.0,25832.972500397864,27.0,False,6
4784,640.977,777.9365047972025,929.6075690910094,114.0,25839.305833731196,32.0,False,6
4785,641.053,758.0,930.0,113.68200845335339,25841.703680432187,32.0,False,6
4786,641.213,707.0,931.0,113.0125525656763,25846.714546819177,32.0,False,6
4787,641.216,706.0311676409184,931.0169986506254,113.0,25846.80777817564,32.0,False,6
4788,641.393,651.0,932.0,111.23000064,25852.267449557374,3.680010239999999,False,6
4789,641.416,644.1852242088287,932.186373024715,111.0,25852.974444842308,0.0,True,6
4790,641.594,590.0,934.0,110.25833386666666,25858.432819434616,0.0,True,6
4791,641.656,566.9971683968726,934.5505280848978,110.0,25860.307778175636,0.0,False,6
4792,641.874,482.0,936.0,107.2750016,25866.750145277525,0.0,False,6
4793,641.976,456.1382433909935,936.4992119378812,106.0,25869.73000039786,0.0,False,6
4794,642.174,417.0,937.0,105.2928576,25875.50539890824,14.8499904,False,6
4795,642.256,394.0991491964453,936.9362857616028,105.0,25877.896667064524,21.0,False,6
4796,642.313,376.0,937.0,105.0,25879.55929238963,22.187498666666666,False,6
4797,642.496,307.74882174475874,938.6184379620397,105.0,25884.896667064524,26.0,False,6
4798,642.634,260.0,940.0,105.0,25888.919651367072,26.0,False,6
4799,642.656,253.5672504472465,940.1529018275079,105.0,25889.56333373119,26.0,False,6
4800,642.856,208.7661104026485,940.7594269226278,106.0,25895.45222262008,34.0,False,6
4801,642.974,184.0,941.0,106.49166613333334,25898.942515728737,35.4749984,False,6
4802,643.096,155.2240494223208,941.4034393724692,107.0,25902.585555953414,37.0,False,6
4803,643.417,64.11353257908861,943.2163231906092,110.0,25912.393889286748,40.0,False,6
4804,643.577,11.357038799532395,944.4530037492547,110.0,25917.282778175635,40.0,False,6
4805,643.737,-41.59852722369862,945.5628242554035,112.0,25922.260555953413,35.0,False,6
4806,643.994,-126.0,947.0,115.67142765714286,25930.5346489041,35.0,False,6
4807,644.017,-133.51389835906892,947.1078589998166,116.0,25931.28277817564,35.0,False,6
4808,644.213,-197.0,948.0,116.6125,25937.676275814523,27.0375,False,6
4809,644.337,-236.51187079385863,948.7539906602276,117.0,25941.682778175636,22.0,True,6
4810,644.374,-249.0,949.0,116.44500096,25942.866489064672,17.93000704,True,6
4811,644.537,-310.02504328208397,950.1573386409818,114.0,25948.016111508972,0.0,True,6
4812,644.654,-356.0,951.0,112.5375008,25951.64569370978,0.0,True,6
4813,644.777,-403.5898220868911,951.8533530570991,111.0,25955.416111508974,0.0,True,6
4814,644.977,-475.89803115801965,953.1918913051866,109.0,25961.47166706453,0.0,True,6
4815,645.094,-507.0,954.0,107.5375008,25964.943958846652,0.0,True,6
4816,645.217,-529.3601636924841,954.8786445718425,106.0,25968.538333731194,0.0,True,6
4817,645.394,-559.0,956.0,103.7875008,25973.619926825522,0.0,True,6
4818,645.457,-574.8602373625362,956.2849949289301,103.0,25975.405000397863,0.0,False,6
4819,645.634,-627.0,957.0,101.23000064,25980.370412799653,0.0,False,6
4820,645.657,-633.1668165826858,957.1275077244811,101.0,25981.016111508976,0.0,False,6
4821,645.854,-690.0,959.0,101.0,25986.56705707066,0.0,False,6
4822,645.937,-729.4543859274027,960.6419921512534,101.0,25988.87166706453,0.0,False,6
4823,646.053,-785.0,963.0,99.34285714285714,25992.030761721595,0.0,False,6
4824,646.217,-817.3200213932964,964.1640044735954,97.0,25996.416111508974,0.0,False,6
4825,646.353,-834.0,965.0,96.24444444444444,26000.02988546438,4.911111111111111,False,6
4826,646.577,-891.219851786493,968.9085911222055,95.0,26005.916111508974,13.0,False,6
4827,646.633,-907.0,970.0,94.3,26007.368622090904,14.4,False,6
4828,646.737,-935.48984855572,971.9392272080829,93.0,26010.049444842305,17.0,False,6
4829,646.913,-979.0,975.0,92.45,26014.554703263555,20.3,False,6
4830,647.057,-1007.2876543545359,977.3566210479858,92.0,26018.227222620084,23.0,False,6
4831,647.153,-1027.0,979.0,92.0,26020.675212484504,24.44,False,6
4832,647.257,-1052.135463604003,980.941385762915,92.0,26023.338333731193,26.0,False,6
4833,647.353,-1077.0,983.0,92.53333333333333,26025.81827719237,27.6,False,6
4834,647.473,-1108.0,986.0,93.2,26028.947207192236,29.6,False,6
4835,647.617,-1144.8859433684006,989.6014015147192,94.0,26032.738333731195,32.0,False,6
4836,647.633,-1149.0,990.0,94.06007508905532,26033.161895611353,32.04005005937021,False,6
4837,647.873,-1212.0,996.0,94.96120142488499,26039.571138166655,32.64080094992333,False,6
4838,648.153,-1287.0,1003.0,96.01251548335296,26047.158517920445,33.341676988901966,False,6
4839,648.394,-1351.0,1010.0,96.91739627194823,26053.673860333995,33.94493084796549,False,6
4840,648.416,-1361.7982371956814,1011.0391535950441,97.0,26054.266944842308,34.0,False,6
4841,648.513,-1415.0,1016.0,97.0,26056.87853854465,34.0,False,6
4842,648.776,-1469.0605481158736,1021.059554268811,97.0,26063.966944842305,34.0,False,6
4843,648.936,-1494.316502853791,1023.7623802884711,98.0,26068.322500397862,34.0,False,6
4844,648.974,-1506.0,1025.0,98.0,26069.35755827838,34.0,False,6
4845,649.136,-1574.5349677411514,1032.2211285239894,98.0,26073.766944842304,34.0,False,6
4846,649.154,-1582.0,1033.0,98.0,26074.256529557133,34.0562496,False,6
4847,649.456,-1674.11412101655,1042.3147081150673,98.0,26082.478055953416,35.0,False,6
4848,649.593,-1701.0,1045.0,98.48928548571429,26086.23647092414,33.53214354285714,False,6
4849,649.736,-1721.587188405502,1047.1174114798891,99.0,26090.178055953416,32.0,False,6
4850,649.897,-1755.4772869319968,1050.470873418993,99.0,26094.605555953418,0.0,True,6
4851,649.913,-1761.0,1051.0,98.75,26095.037468651193,0.0,True,6
4852,650.133,-1857.0,1060.0,95.3125,26100.798716740093,0.0,True,6
4853,650.217,-1878.8546018166226,1061.919579454666,94.0,26102.961111508972,0.0,True,6
4854,650.377,-1893.4029602276223,1062.877674073234,92.0,26107.05000039786,0.0,True,6
4855,650.473,-1907.0,1064.0,90.8,26109.44850045735,0.0,True,6
4856,650.694,-1962.0,1069.0,88.0375008,26114.80101660125,0.0,True,6
4857,650.697,-1962.757642024474,1069.0640739140647,88.0,26114.872222620084,0.0,True,6
4858,650.854,-2000.0,1072.0,84.0750016,26118.53703674962,0.0,True,6
4859,650.857,-2000.6895492277579,1072.0540276391887,84.0,26118.605555953418,0.0,True,6
4860,651.154,-2067.0,1077.0,79.95000087272727,26125.097615842897,0.0,True,6
4861,651.297,-2097.718866301453,1078.2463110430158,78.0,26128.13888928675,0.0,True,6
4862,651.414,-2124.0,1079.0,76.83000064,26130.624090114277,0.0,True,6
4863,651.497,-2144.049493678777,1079.5721903759138,76.0,26132.36111150897,0.0,True,6
4864,651.574,-2162.0,1080.0,75.0375008,26133.93959660244,0.0,True,6
4865,651.817,-2209.0193017461133,1079.699190220256,72.0,26138.76111150897,0.0,True,6
4866,651.874,-2223.0,1079.0,71.43000064,26139.875435886213,0.0,True,6
4867,652.017,-2266.0360871230696,1076.1001014764256,70.0,26142.65000039786,0.0,False,6
4868,652.074,-2281.0,1075.0,69.6437504,26143.748721794134,0.0,False,6
4869,652.177,-2300.244764562888,1073.535058899634,69.0,26145.716667064527,0.0,False,6
4870,652.377,-2320.938551472468,1071.5599583255491,67.0,26149.43888928675,0.0,False,6
4871,652.414,-2326.0,1071.0,66.6916672,26150.116180856487,0.0,False,6
4872,652.617,-2362.3661968855,1066.5983942369717,65.0,26153.772222620082,0.0,True,6
4873,652.674,-2373.0,1065.0,64.43000064,26154.77879437082,0.0,True,6
4874,652.817,-2398.2523128831162,1060.4916499900448,63.0,26157.272222620082,0.0,False,6
4875,652.833,-2401.0,1060.0,62.9,26157.5494673452,0.0,False,6
4876,652.977,-2425.3169351698216,1055.6008029438829,62.0,26160.027778175638,0.0,False,6
4877,652.993,-2428.0,1055.0,61.92,26160.300714967467,0.0,False,6
4878,653.173,-2457.0,1047.0,61.02,26163.335256574606,0.0,False,6
4879,653.377,-2480.3188888948594,1042.1000867512073,60.0,26166.694444842306,0.0,False,6
4880,653.537,-2509.654948100601,1028.471292329757,58.0,26169.272222620086,0.0,False,6
4881,653.553,-2514.0,1026.0,57.93333333333333,26169.528005064753,0.0,False,6
4882,653.653,-2544.0,1008.0,57.516666666666666,26171.119492164034,0.0,False,6
4883,653.777,-2565.7994383294495,994.6010655504048,57.0,26173.072222620085,0.0,False,6
4884,653.937,-2570.486978241786,990.4288237136756,56.0,26175.561111508974,0.0,False,6
4885,654.034,-2576.0,984.0,56.0,26177.07659316039,0.0,False,6
4886,654.177,-2590.3050872111667,967.5111534698702,56.0,26179.294444842308,0.0,False,6
4887,654.213,-2594.0,963.0,55.55,26179.841570267112,0.0,False,6
4888,654.337,-2605.3133372315115,947.8792167229653,54.0,26181.694444842306,0.0,False,6
4889,654.553,-2620.0,921.0,52.91729340674993,26184.832614863062,0.0,False,6
4890,654.733,-2628.0,896.0,52.01503791237487,26187.41464910962,0.0,False,6
4891,654.736,-2628.1150934867305,895.6020730591397,52.0,26187.457778175638,0.0,False,6
4892,654.976,-2634.892996348238,861.5990631632843,52.0,26190.924444842305,6.0,False,6
4893,654.993,-2635.0,858.0,52.070833066666665,26191.172238762047,6.1416661333333336,False,6
4894,655.194,-2633.0,809.0,52.9083328,26194.130432775666,7.8166656,False,6
4895,655.216,-2632.796492581552,805.7387493563517,53.0,26194.457778175638,8.0,False,6
4896,655.376,-2631.9100488848862,797.6177349562848,54.0,26196.857778175636,8.0,False,6
4897,655.434,-2631.0,794.0,54.1812496,26197.732858321036,8.906248,False,6
4898,655.696,-2620.942312516517,755.8720393795505,55.0,26201.746667064526,13.0,False,6
4899,655.714,-2620.0,753.0,55.19999857777778,26202.029769677818,13.4499968,False,6
4900,655.934,-2607.0,721.0,57.64444302222222,26205.579761620098,18.9499968,False,6
4901,656.056,-2599.8626222339913,706.6567122939632,59.0,26207.646667064528,22.0,False,6
4902,656.193,-2586.0,685.0,61.27700765021742,26210.064758943696,23.897506375181187,False,6
4903,656.354,-2557.0,645.0,63.95290733791155,26213.00595753892,26.12742278159296,False,6
4904,656.417,-2548.642403806808,633.974360755963,65.0,26214.164722620084,27.0,False,6
4905,656.657,-2532.7029755335084,617.155464183953,67.0,26218.63138928675,29.0,False,6
4906,656.713,-2527.0,612.0,67.7,26219.6997493942,31.333333333333332,False,6
4907,656.897,-2498.279340396713,585.9257876971088,70.0,26223.29805595342,39.0,False,6
4908,657.054,-2472.0,563.0,71.9624992,26226.487551178325,38.60750016,False,6
4909,657.294,-2439.0,538.0,74.9624992,26231.56646532437,38.00750016,False,6
4910,657.297,-2438.469750038869,537.6166875892928,75.0,26231.63138928675,38.0,False,6
4911,657.654,-2358.0,481.0,80.35499904,26239.626169358125,36.21500032,False,6
4912,657.697,-2350.4347585322357,476.1189645113541,81.0,26240.63138928675,36.0,False,6
4913,658.017,-2302.957149779298,450.97469194724226,87.0,26248.364722620085,31.0,False,6
4914,658.034,-2299.0,449.0,87.1062496,26248.78131563624,30.6812512,False,6
4915,658.254,-2238.0,418.0,88.4812496,26254.20325205215,26.556251200000002,False,6
4916,658.337,-2221.918898405859,409.01043152338804,89.0,26256.275833731193,25.0,False,6
4917,658.497,-2198.6248409476807,393.96206156518474,91.0,26260.320278175637,25.0,False,6
4918,658.534,-2191.0,389.0,91.16818152727272,26261.262831592117,24.74772770909091,False,6
4919,658.894,-2087.0,322.0,92.80454516363636,26270.561552243642,22.293182254545453,False,6
4920,658.937,-2078.6105917402674,316.58844420433496,93.0,26271.686944842306,22.0,False,6
4921,659.214,-2043.0,294.0,94.38499968,26279.001162419572,22.69249984,False,6
4922,659.337,-2017.003996087896,278.27061766108983,95.0,26282.24250039786,23.0,False,6
4923,659.453,-1990.0,261.0,94.73636363636363,26285.28065050861,22.20909090909091,False,6
4924,659.513,-1977.0,252.0,94.6,26286.844977107372,21.8,False,6
4925,659.777,-1917.5117664051422,215.6854905524527,94.0,26293.73138928675,20.0,False,6
4926,659.853,-1900.0,206.0,94.38,26295.728326474164,21.52,False,6
4927,659.977,-1871.30107274891,190.7765185457208,95.0,26299.009167064527,24.0,False,6
4928,660.034,-1858.0,184.0,95.4071424,26300.531502597227,24.6107136,False,6
4929,660.257,-1805.0008484550663,158.87696839659495,97.0,26306.55361150897,27.0,False,6
4930,660.294,-1796.0,155.0,97.13214262857143,26307.5571616594,27.0,False,6
4931,660.513,-1741.0,134.0,97.91428571428571,26313.519230695387,27.0,False,6
4932,660.537,-1734.7003717972402,131.90620386471494,98.0,26314.175833731195,27.0,False,6
4933,660.673,-1699.0,121.0,98.68,26317.909976486102,27.0,False,6
4934,660.737,-1683.5595701460181,116.64027027149693,99.0,26319.67583373119,27.0,False,6
4935,660.874,-1646.0,108.0,99.28541653333333,26323.475416826,26.714583466666667,False,6
4936,661.093,-1554.0,93.0,99.74166666666666,26329.58213458902,26.258333333333333,False,6
4937,661.217,-1527.970699285706,88.1151502029452,100.0,26333.009167064523,26.0,False,6
4938,661.376,-1509.370710953087,87.1927290116275,99.0,26337.381667064525,27.0,False,6
4939,661.414,-1500.0,88.0,99.4749984,26338.43952426146,28.187496,False,6
4940,661.536,-1455.7592286105848,93.29634013265317,101.0,26341.870555953414,32.0,False,6
4941,661.696,-1382.8335084476223,103.44258462951915,102.0,26346.40388928675,39.0,False,6
4942,661.754,-1364.0,106.0,102.32222151111111,26348.063179767985,37.87222471111111,False,6
4943,662.056,-1320.337788174559,113.0895143238613,104.0,26356.80388928675,32.0,False,6
4944,662.133,-1296.0,120.0,104.0,26359.031526849412,16.600012800000002,False,6
4945,662.216,-1256.7893307542527,131.46835247935726,104.0,26361.426111508972,0.0,False,6
4946,662.314,-1208.0,146.0,103.51000064,26364.239839627964,3.91999488,False,6
4947,662.416,-1174.1422233044002,156.42611420306233,103.0,26367.148333731195,8.0,False,6
4948,662.616,-1150.1035389510064,165.43610197786467,102.0,26372.81500039786,37.0,False,6
4949,662.754,-1128.0,175.0,104.06999808,26376.81582804439,36.31000064,False,6
4950,662.816,-1113.5371679540158,181.16325974108574,105.0,26378.648333731195,36.0,False,6
4951,662.933,-1079.0,196.0,107.328357676691,26382.16935291482,47.64178838345501,False,6
4952,663.017,-1048.8698027218265,209.30314144576187,109.0,26384.73416706453,56.0,False,6
4953,663.193,-975.0,243.0,111.75,26390.18084173941,62.05,False,6
4954,663.337,-910.4544964851927,273.7585110341086,114.0,26394.86750039786,67.0,False,6
4955,663.394,-887.0,285.0,116.27999744,26396.812757971176,67.56999936,False,6
4956,663.737,-783.9085396580901,333.6774183848331,130.0,26409.311944842306,71.0,False,6
4957,663.854,-745.0,352.0,132.27499875555554,26413.66422239485,78.47499591111111,False,6
4958,664.097,-643.7173317261977,399.97234069569953,137.0,26423.011944842307,94.0,False,6
4959,664.194,-608.0,417.0,144.8812448,26427.0046032519,94.0,False,6
4960,664.257,-588.4975820530888,426.3474354834542,150.0,26429.67861150897,94.0,False,6
4961,664.574,-505.0,466.0,162.8781224,26444.025688818798,99.9437488,False,6
4962,664.577,-503.9013288785674,466.5046653708894,163.0,26444.167500397863,100.0,False,6
4963,664.734,-438.0,496.0,168.49499776,26451.733529877118,100.0,False,6
4964,664.954,-341.0,533.0,176.19499776,26462.680425298513,100.0,False,6
4965,664.977,-330.39101782855,536.4494813555297,177.0,26463.834167064528,100.0,False,6
4966,665.137,-253.69849534380918,558.4359546283789,182.0,26471.923055953415,100.0,False,6
4967,665.173,-236.0,563.0,182.77142857142857,26473.76999128921,100.0,False,6
4968,665.394,-125.0,588.0,187.5071414857143,26485.327756440103,100.0,False,6
4969,665.417,-113.30978088052537,590.2333569445341,188.0,26486.545278175643,100.0,False,6
4970,665.694,30.0,612.0,192.6166656,26501.40131059215,100.0,False,6
4971,665.774,73.0,617.0,193.94999893333335,26505.780184296458,100.0,False,6
4972,665.777,74.62829492226587,617.1710875431513,194.0,26505.945278175644,100.0,False,6
4973,666.014,205.0,627.0,198.4437488,26519.189026762724,100.0,False,6
4974,666.193,305.0,631.0,201.8,26529.364451894333,100.0,False,6
4975,666.257,347.7668294949673,631.2402619590674,203.0,26533.011944842307,100.0,False,6
4976,666.417,469.5298792000288,629.0560729391067,206.0,26542.167500397867,100.0,False,6
4977,666.513,531.0,627.0,207.2,26547.72513847522,100.0,False,6
4978,666.817,653.8865817363757,614.809800162759,211.0,26565.61194484231,100.0,False,6
4979,666.913,716.0,601.0,212.8,26571.309003701015,100.0,False,6
4980,666.977,770.5516907055752,587.9067152646658,214.0,26575.12305595342,100.0,False,6
4981,667.137,915.1799290752264,551.5261342722858,216.0,26584.72305595342,100.0,False,6
4982,667.154,925.0,549.0,216.14166613333333,26585.747581583328,100.0,False,6
4983,667.374,984.0,531.0,217.97499946666667,26599.073914607514,100.0,False,6
4984,667.377,985.3358017607668,530.5401471760117,218.0,26599.25638928675,100.0,False,6
4985,667.593,1136.0,479.0,219.8,26612.448859321084,100.0,False,6
4986,667.617,1151.752026681843,473.6163822973756,220.0,26613.92305595342,100.0,False,6
4987,667.813,1262.0,434.0,221.6378827163663,26626.031455180477,100.0,False,6
4988,667.976,1364.6324326691608,389.3323431500501,223.0,26636.161111508976,100.0,False,6
4989,668.073,1410.0,369.0,223.69285668571428,26642.20251798174,100.0,False,6
4990,668.234,1450.0,351.0,224.84285622857143,26652.275973197942,100.0,False,6
4991,668.256,1458.5289231295776,346.64419936500946,225.0,26653.661111508976,100.0,False,6
4992,668.433,1559.0,293.0,226.96666595555556,26664.884446699725,100.0,False,6
4993,668.616,1660.4693644921263,238.1183524754893,229.0,26676.561111508978,100.0,False,6
4994,668.754,1735.0,194.0,229.4928566857143,26685.362995064206,100.0,False,6
4995,668.794,1757.0,180.0,229.63571382857143,26687.91614787594,100.0,False,6
4996,668.896,1812.6786390789048,144.46290692470868,230.0,26694.450000397865,100.0,False,7
4997,669.114,1931.0,69.0,231.8166656,26708.525541986026,100.0,False,7
4998,669.256,2009.382723462243,18.984242276395108,233.0,26717.750000397864,100.0,False,7
4999,669.294,2030.0,6.0,233.37999872,26720.22351813076,100.0,False,7
5000,669.456,2117.411337075121,-48.010655037579944,235.0,26730.805555953422,100.0,False,7
5001,669.493,2140.0,-62.0,235.3950172002886,26733.23642848815,100.0,False,7
5002,669.737,2316.432783985016,-172.5587288859568,238.0,26749.38277817564,100.0,False,7
5003,669.773,2341.0,-188.0,238.25714285714287,26751.77482199779,100.0,False,7
5004,670.017,2478.3978029541863,-274.33353896738396,240.0,26768.049444842312,100.0,False,7
5005,670.217,2571.209312556657,-333.03858330551697,242.0,26781.493889286754,100.0,False,7
5006,670.234,2579.0,-338.0,242.12142811428572,26782.640776728993,100.0,False,7
5007,670.454,2681.0,-403.0,243.69285668571428,26797.54312752367,100.0,False,7
5008,670.497,2702.5332033581126,-416.50120477093253,244.0,26800.47166706453,100.0,False,7
5009,670.657,2795.549007013302,-474.25521497168677,246.0,26811.405000397866,100.0,False,7
5010,670.674,2808.0,-482.0,246.0,26812.566617654422,100.0,False,7
5011,670.897,3008.797217434588,-607.1969871513862,246.0,26827.805000397868,100.0,False,7
5012,670.954,3052.0,-634.0,246.3562496,26831.715917283713,100.0,False,7
5013,671.217,3156.624251337089,-697.3134145917529,248.0,26849.849444842308,100.0,False,7
5014,671.374,3217.0,-733.0,248.78499968,26860.709121455402,100.0,False,7
5015,671.417,3239.8841281402924,-746.6453359382131,249.0,26863.682778175644,100.0,False,7
5016,671.554,3324.0,-797.0,249.0,26873.148561655922,100.0,False,7
5017,671.774,3454.0,-875.0,249.0,26888.374309660892,100.0,False,7
5018,671.777,3455.7606175416972,-876.0520226294841,249.0,26888.582778175645,100.0,False,7
5019,672.017,3598.8766724260413,-960.6543566744456,251.0,26905.31611150898,100.0,False,7
5020,672.054,3622.0,-974.0,251.0,26907.89780833642,100.0,False,7
5021,672.257,3755.5004005238393,-1049.0805745497887,251.0,26922.049444842305,100.0,False,7
5022,672.294,3781.0,-1063.0,250.5375008,26924.624002209348,88.6687696,False,7
5023,672.577,3979.8195811774026,-1167.6648251310735,247.0,26944.005000397865,2.0,True,7
5024,672.653,4023.0,-1190.0,241.3,26948.96122735053,1.3666666666666667,True,7
5025,672.817,4092.4393249654536,-1225.7340478763892,229.0,26959.27166706453,0.0,True,7
5026,672.953,4147.0,-1254.0,219.93333333333334,26967.47666963649,0.0,True,7
5027,673.057,4198.104103871347,-1280.7891686970672,213.0,26973.471667064532,0.0,True,7
5028,673.233,4292.0,-1330.0,199.8,26982.95602294027,0.0,True,7
5029,673.377,4360.753555087472,-1365.3563822350195,189.0,26990.271667064528,0.0,True,7
5030,673.453,4395.0,-1383.0,183.3,26994.024557432003,0.0,True,7
5031,673.577,4448.876496975351,-1411.0850790156817,174.0,26999.938333731196,0.0,True,7
5032,673.613,4464.0,-1419.0,171.12,27001.590601409644,0.0,True,7
5033,673.777,4529.718537414792,-1453.4354234096068,158.0,27008.716111508977,0.0,True,7
5034,673.873,4565.0,-1472.0,150.0,27012.53861003655,0.0,True,7
5035,674.017,4612.76475286614,-1497.2950524705916,138.0,27017.916111508977,0.0,True,7
5036,674.257,4684.008812478807,-1536.764085101293,127.0,27026.38277817564,0.0,True,7
5037,674.393,4732.0,-1567.0,120.68571428571428,27030.80333736627,0.0,True,7
5038,674.537,4790.916964302937,-1606.8211638178107,114.0,27035.24944484231,0.0,True,7
5039,674.673,4839.0,-1642.0,109.21608194055656,27039.312177057647,0.0,True,7
5040,674.736,4854.046647474629,-1654.4428847914537,107.0,27041.16416706453,0.0,True,7
5041,674.794,4866.0,-1665.0,105.9125024,27042.857446844657,0.0,True,7
5042,674.896,4887.219988486772,-1684.1834630685155,104.0,27045.78638928675,0.0,True,7
5043,674.994,4907.0,-1703.0,101.5500032,27048.503006967905,0.0,True,7
5044,675.136,4933.174077700403,-1730.4097018536497,98.0,27052.319722620083,0.0,True,7
5045,675.213,4946.0,-1746.0,96.5562512,27054.364754150123,0.0,True,7
5046,675.296,4958.677728343829,-1763.719143442736,95.0,27056.541944842305,0.0,True,7
5047,675.453,4979.0,-1797.0,92.75714377142857,27060.557083010477,0.0,True,7
5048,675.576,4991.013021789738,-1818.887759975264,91.0,27063.619722620082,0.0,True,7
5049,675.753,5004.0,-1865.0,88.234376,27067.91301522495,0.0,True,7
5050,675.894,5012.0,-1929.0,86.031252,27071.21811757585,0.0,True,7
5051,675.896,5012.072786718546,-1929.7491126231873,86.0,27071.264167064524,0.0,False,7
5052,676.253,5006.0,-1979.0,81.14285730871399,27079.19261324657,3.238095127524009,False,7
5053,676.337,5001.358829931973,-1994.2142641141754,80.0,27081.064167064524,4.0,False,7
5054,676.494,4990.0,-2030.0,81.56999936,27084.624343472267,16.55999488,False,7
5055,676.537,4986.190624595139,-2039.1598047378204,82.0,27085.619722620082,20.0,False,7
5056,676.674,4972.0,-2067.0,83.7124992,27088.85870044547,26.16499712,False,7
5057,676.853,4949.0,-2104.0,85.95,27093.219324568665,34.22,False,7
5058,676.937,4937.2071483329055,-2120.6689002111007,87.0,27095.28638928675,38.0,False,7
5059,677.137,4906.640773388942,-2158.913256445304,90.0,27100.28638928675,38.0,False,7
5060,677.153,4904.0,-2162.0,90.32,27100.698231832568,38.44,False,7
5061,677.374,4865.0,-2205.0,94.73999872,27106.606228054286,44.51749824,False,7
5062,677.537,4834.935607710752,-2236.091294147312,98.0,27111.17527817564,49.0,False,7
5063,677.634,4816.0,-2255.0,100.4249984,27113.96536424951,52.46428342857143,False,7
5064,677.814,4779.0,-2291.0,104.92499839999999,27119.253102499424,58.89285485714286,False,7
5065,677.817,4778.408087601585,-2291.5731359618712,105.0,27119.341944842305,59.0,False,7
5066,677.974,4746.0,-2323.0,107.9437488,27124.049707556173,63.906248,False,7
5067,677.977,4745.222516083281,-2323.7564338611546,108.0,27124.141944842304,64.0,False,7
5068,678.233,4664.0,-2403.0,115.2,27132.388151668125,69.6,False,7
5069,678.297,4649.442632403671,-2417.197528897834,117.0,27134.541944842305,71.0,False,7
5070,678.537,4615.665810015387,-2453.141148071587,125.0,27142.875278175638,69.0,False,7
5071,678.594,4604.0,-2468.0,125.8142848,27144.89715337166,64.928576,False,7
5072,678.817,4539.380745107284,-2555.6321896216687,129.0,27152.90861150897,49.0,False,7
5073,678.894,4521.0,-2582.0,129.4812496,27155.688080984815,48.5187504,False,7
5074,678.977,4507.109176664306,-2603.236194449903,130.0,27158.686389286748,48.0,False,7
5075,679.137,4492.28773117011,-2631.52308645314,130.0,27164.464167064525,42.0,False,7
5076,679.193,4486.0,-2645.0,130.0,27166.486124251158,43.08888888888889,False,7
5077,679.374,4461.0,-2702.0,130.0,27173.0211389626,46.608332088888886,False,7
5078,679.497,4447.7837428520925,-2738.855921199911,130.0,27177.464167064525,49.0,False,7
5079,679.634,4436.0,-2781.0,130.0,27182.414820673424,52.4249984,False,7
5080,679.697,4430.705106790068,-2803.032841675202,130.0,27184.686389286748,54.0,False,7
5081,679.773,4425.0,-2831.0,130.0,27187.419569523077,54.95,False,7
5082,679.857,4420.434474694521,-2862.412368844111,130.0,27190.464167064525,56.0,False,7
5083,680.017,4416.273672283718,-2922.8557777540004,134.0,27196.419722620085,65.0,False,7
5084,680.113,4415.0,-2957.0,134.96,27200.04684347449,65.0,False,7
5085,680.217,4414.282830710243,-2991.9109381521166,136.0,27203.97527817564,65.0,False,7
5086,680.293,4414.0,-3027.0,136.0,27206.818650279707,65.0,False,7
5087,680.474,4413.0,-3154.0,136.0,27213.597531997653,65.0,False,7
5088,680.537,4411.784729029755,-3190.991053358423,136.0,27216.06416706453,65.0,False,7
5089,680.937,4393.001596470789,-3313.515726556967,152.0,27232.953055953418,64.0,False,7
5090,680.953,4392.0,-3318.0,152.16,27233.63844485113,63.04,False,7
5091,681.137,4379.182575409876,-3374.3806907114044,154.0,27241.50861150897,52.0,False,7
5092,681.233,4370.0,-3409.0,154.48,27245.634230859763,51.04,False,7
5093,681.337,4357.318466843307,-3451.4074851208393,155.0,27250.119722620082,50.0,False,7
5094,681.594,4317.0,-3563.0,155.9211465127119,27261.253941941522,50.921146512711914,False,7
5095,681.616,4313.297824644965,-3571.3916426297496,156.0,27262.209722620082,51.0,False,7
5096,681.814,4278.0,-3640.0,156.98999936,27270.8440808303,58.91999488,False,7
5097,681.816,4277.615697289524,-3640.681238964449,157.0,27270.931944842305,59.0,False,7
5098,682.136,4201.129305703717,-3755.6318137416542,160.0,27285.154167064524,65.0,False,7
5099,682.154,4195.0,-3763.0,160.17999872,27285.958603280476,65.98999296,False,7
5100,682.336,4122.98641225857,-3841.0457513171605,162.0,27294.154167064527,76.0,False,7
5101,682.374,4109.0,-3855.0,162.9499968,27295.902680685966,76.27142765714285,False,7
5102,682.616,4039.63265647014,-3914.4805774378883,169.0,27307.29861150897,78.0,False,7
5103,682.714,4008.0,-3937.0,170.462685122447,27311.94351215013,79.95024682992934,False,7
5104,682.817,3967.6798948033475,-3964.4733968860182,172.0,27316.901944842306,82.0,False,7
5105,682.874,3944.0,-3980.0,173.70999808,27319.71248605319,83.70999808,False,7
5106,683.194,3807.0,-4060.0,183.30999807999999,27336.15217707447,93.30999808,False,7
5107,683.217,3796.663740906574,-4065.3535823544526,184.0,27337.346389286748,94.0,False,7
5108,683.353,3734.0,-4096.0,186.26666666666668,27344.41506899544,92.86666666666666,False,7
5109,683.457,3684.431915397827,-4118.2539780144425,188.0,27349.87972262008,92.0,False,7
5110,683.534,3647.0,-4134.0,189.64999862857144,27353.98159484228,91.17500068571428,False,7
5111,683.737,3545.848082317667,-4172.314649690906,194.0,27364.968611508968,89.0,False,7
5112,683.834,3496.0,-4189.0,195.45499904,27370.258829958697,89.48499968,False,7
5113,683.937,3441.687007716241,-4205.551496927491,197.0,27375.913055953413,90.0,False,7
5114,683.953,3433.0,-4208.0,197.3,27376.79595818117,90.0,False,7
5115,684.097,3353.90448512133,-4228.024310446562,200.0,27384.8019448423,90.0,False,7
5116,684.134,3337.0,-4232.0,200.6166656,27386.879078221886,90.3083328,False,7
5117,684.294,3280.0,-4244.0,203.28333226666666,27395.94900660313,91.64166613333333,False,7
5118,684.337,3261.209725456587,-4247.302011575469,204.0,27398.4019448423,92.0,False,7
5119,684.614,3098.0,-4270.0,207.95714194285713,27414.402738391866,99.91428388571428,False,7
5120,684.617,3096.175528397084,-4270.182018896361,208.0,27414.579722620074,100.0,False,7
5121,684.817,2977.691206076729,-4278.519864130617,215.0,27426.52416706452,100.0,False,7
5122,684.834,2968.0,-4279.0,215.0,27427.538507795383,100.0,False,7
5123,684.994,2871.0,-4281.0,215.0,27437.078913387995,100.0,False,7
5124,685.017,2852.8829441055595,-4280.469429790239,215.0,27438.468611508964,100.0,False,7
5125,685.254,2623.0,-4263.0,221.91249813333334,27453.082726440014,100.0,False,7
5126,685.257,2620.4116433723534,-4262.69516257771,222.0,27453.26861150896,100.0,False,7
5127,685.614,2409.0,-4221.0,222.0,27475.2852135769,100.0,False,7
5128,685.617,2407.742344619101,-4220.698950006658,222.0,27475.468611508964,100.0,False,7
5129,685.897,2311.0338711128015,-4196.338556976261,222.0,27492.735278175634,100.0,False,7
5130,686.053,2208.0,-4155.0,230.86363636363637,27503.092746590264,100.0,False,7
5131,686.253,2010.0,-4066.0,242.22727272727272,27517.055474367924,100.0,False,7
5132,686.337,1958.765446565407,-4041.1648600724566,247.0,27522.92416706452,100.0,False,7
5133,686.573,1889.0,-3999.0,250.37142857142857,27539.370509446824,100.0,False,7
5134,686.617,1868.515515694074,-3986.762959974916,251.0,27542.446389286742,100.0,False,7
5135,686.873,1707.0,-3891.0,253.74285714285713,27560.48842687485,100.0,False,7
5136,686.897,1691.9136845847715,-3881.7048049879318,254.0,27562.2019448423,100.0,False,7
5137,687.113,1562.0,-3799.0,258.725,27577.819195301592,100.0,False,7
5138,687.217,1499.3622442432898,-3758.939194920444,261.0,27585.4019448423,100.0,False,7
5139,687.417,1377.1537620988856,-3681.1087206991915,263.0,27600.013055953415,100.0,False,7
5140,687.617,1252.8925515760607,-3602.316861762479,263.0,27614.624167064525,100.0,False,7
5141,687.817,1128.2847553178472,-3523.0973807232585,266.0,27629.401944842306,100.0,False,7
5142,687.933,1056.0,-3477.0,266.3625,27637.987801631025,100.0,False,7
5143,688.134,931.0,-3397.0,266.9906248,27652.911378421602,100.0,False,7
5144,688.137,929.14656290136,-3395.8096716114487,267.0,27653.135278175636,100.0,False,7
5145,688.293,830.0,-3332.0,268.30543898097034,27664.818339977923,90.20920764272265,False,7
5146,688.376,768.6961492778009,-3292.554427591263,269.0,27670.99388928675,85.0,False,7
5147,688.513,665.0,-3226.0,266.0031264,27681.050538185722,48.609392,False,7
5148,688.696,554.0085540306452,-3155.707347098444,262.0,27694.282778175642,0.0,False,7
5149,688.753,517.0,-3133.0,260.7785728,27698.376301436016,0.0,False,7
5150,688.976,342.98917399840633,-3030.1113532108825,256.0,27714.193889286755,0.0,True,7
5151,689.033,297.0,-3004.0,253.8625024,27718.152908931763,0.0,True,7
5152,689.216,154.13112209164876,-2926.354280205323,247.0,27730.660555953422,0.0,True,7
5153,689.514,-25.0,-2835.0,240.50155912803672,27750.567026267476,0.0,True,7
5154,689.537,-33.34944294198017,-2830.824845604116,240.0,27752.060555953423,0.0,True,7
5155,689.794,-106.0,-2797.0,232.93250176,27768.24262414853,0.0,True,7
5156,689.974,-209.0,-2754.0,227.98250176,27779.0324292492,0.0,True,7
5157,690.254,-371.0,-2707.0,220.28250176,27795.59478943891,0.0,True,7
5158,690.337,-417.5463049176448,-2697.9780459159692,218.0,27800.50500039787,0.0,False,7
5159,690.453,-489.0,-2689.0,215.5142857142857,27807.367956935384,0.0,False,7
5160,690.617,-620.5724108085819,-2684.0787547336004,212.0,27816.993889286758,0.0,False,7
5161,690.733,-702.0,-2684.0,209.97,27823.675770753776,0.0,False,7
5162,690.994,-805.0,-2693.0,205.40250112,27838.46663391005,0.0,False,7
5163,691.017,-816.1217273133526,-2695.2538448631867,205.0,27839.77166706454,0.0,False,7
5164,691.177,-915.3672458116573,-2718.9490599462674,204.0,27848.838333731204,0.0,False,7
5165,691.374,-1040.0,-2756.0,199.89583466666667,27859.751310517247,0.0,False,7
5166,691.417,-1060.6044037562413,-2763.663246319914,199.0,27862.105000397874,0.0,False,7
5167,691.654,-1150.0,-2808.0,195.70833422222222,27874.94025818963,0.0,False,7
5168,691.777,-1204.9290979938507,-2838.9213769379444,194.0,27881.505000397876,0.0,False,7
5169,691.994,-1310.0,-2903.0,190.609376,27892.925448739617,0.0,False,7
5170,692.014,-1319.0,-2909.0,190.296876,27893.971123038682,0.0,False,7
5171,692.097,-1359.7146588116934,-2934.6075892019717,189.0,27898.30500039787,0.0,False,7
5172,692.273,-1460.0,-2989.0,187.68,27907.464645960143,0.0,False,7
5173,692.497,-1596.2985396914885,-3045.6394498721165,186.0,27918.971667064536,0.0,False,7
5174,692.613,-1657.0,-3066.0,183.97,27924.815201480465,0.0,False,7
5175,692.897,-1761.5303844548728,-3087.006357950639,179.0,27938.860555953426,0.0,False,7
5176,692.974,-1793.0,-3090.0,177.5562512,27942.63419515425,0.0,False,7
5177,693.057,-1832.0100075481673,-3093.060927560412,176.0,27946.682778175644,0.0,False,7
5178,693.153,-1880.0,-3095.0,174.8,27951.334651505473,5.3999999999999995,False,7
5179,693.217,-1911.1820476246974,-3094.3971711419094,174.0,27954.416111508974,9.0,False,7
5180,693.313,-1957.0,-3091.0,173.1,27959.00705902208,16.5,False,7
5181,693.534,-2060.0,-3074.0,171.0281256,27969.474358577376,33.765620000000006,False,7
5182,693.537,-2061.3781756618887,-3073.679566952577,171.0,27969.616111508978,34.0,False,7
5183,693.834,-2195.0,-3029.0,170.17500017777778,27983.63264497131,50.49999644444444,False,7
5184,693.873,-2212.0,-3021.0,170.06666666666666,27985.47879660385,52.666666666666664,False,7
5185,693.897,-2222.317596352065,-3016.043775898159,170.0,27986.616111508978,54.0,False,7
5186,694.114,-2314.0,-2968.0,170.9041664,27996.9416475673,58.520832,False,7
5187,694.377,-2437.7114313535867,-2886.455964789814,172.0,28009.549444842305,64.0,False,7
5188,694.453,-2468.0,-2865.0,172.76,28013.20973287821,65.52,False,7
5189,694.577,-2507.7550979779207,-2835.8112545731497,174.0,28019.216111508977,68.0,False,7
5190,694.733,-2559.0,-2794.0,176.925,28026.884135733017,70.925,False,7
5191,694.737,-2560.654406023116,-2792.5823800745834,177.0,28027.082778175645,71.0,False,7
5192,695.073,-2726.0,-2646.0,181.21052564041693,28044.068777433786,61.73684359108273,False,7
5193,695.136,-2746.09424934015,-2628.992163711282,182.0,28047.254444842314,60.0,False,7
5194,695.353,-2798.0,-2593.0,180.6437504,28058.1425157088,39.2041728,False,7
5195,695.616,-2912.1414935511343,-2530.772936777697,179.0,28071.121111508983,14.0,False,7
5196,695.653,-2928.0,-2523.0,178.44638490914872,28072.923577724832,13.16957736372307,False,7
5197,695.913,-3047.0,-2479.0,174.5561099740425,28085.436505434816,7.334164961063735,False,7
5198,696.017,-3131.551021884639,-2458.3790814550134,173.0,28090.391389286764,5.0,False,7
5199,696.054,-3160.0,-2452.0,172.6531256,28092.148865544543,6.9656216,False,7
5200,696.337,-3275.9820238882,-2435.3671736431475,170.0,28105.502500397874,22.0,False,7
5201,696.534,-3338.0,-2440.0,168.90555591111112,28114.713663885683,30.75555271111111,False,7
5202,696.693,-3413.0,-2446.0,168.0222222222222,28122.116451101923,37.82222222222222,False,7
5203,696.697,-3414.923155579512,-2446.2096883440972,168.0,28122.302500397876,38.0,False,7
5204,696.894,-3506.0,-2460.0,167.3843752,28131.45368896616,39.2312496,False,7
5205,696.973,-3542.0,-2467.0,167.1375,28135.112700996848,39.725,False,7
5206,697.017,-3566.1190802513083,-2472.844365079589,167.0,28137.146944842323,40.0,False,7
5207,697.257,-3729.13841526414,-2522.119198474584,166.0,28148.21361150898,44.0,False,7
5208,697.273,-3738.0,-2525.0,166.0,28148.952346820086,44.114285714285714,False,7
5209,697.537,-3825.4452458643905,-2556.845738927807,166.0,28161.124722620094,46.0,False,7
5210,697.754,-3882.0,-2586.0,163.83000064,28170.928180298288,21.04500736,False,7
5211,697.934,-3953.0,-2625.0,162.03000064,28178.990268469744,0.34500736000000104,False,7
5212,697.937,-3954.16377802635,-2625.685062947338,162.0,28179.124722620094,0.0,False,7
5213,698.097,-4012.0261155295507,-2662.7746216278683,161.0,28186.280278175647,0.0,False,7
5214,698.194,-4049.0,-2690.0,159.7875008,28190.559191956454,0.0,False,7
5215,698.395,-4136.0,-2763.0,157.2750016,28199.263585965076,0.0,False,7
5216,698.497,-4177.328561037188,-2804.9051572040926,156.0,28203.613611508983,0.0,True,7
5217,698.754,-4259.0,-2902.0,150.4928585142857,28214.34651089227,0.0,True,7
5218,698.777,-4263.839329269672,-2907.8008260990873,150.0,28215.280278175655,0.0,True,7
5219,699.133,-4312.0,-2982.0,141.1,28229.11656115541,0.0,True,7
5220,699.217,-4331.960821558044,-3025.046681675083,139.0,28232.269167064544,0.0,True,7
5221,699.413,-4383.0,-3142.0,133.12,28239.51161624051,0.0,True,7
5222,699.417,-4383.7433449353175,-3143.812437469845,133.0,28239.658055953434,0.0,True,7
5223,699.577,-4401.999976881108,-3193.6710563855895,130.0,28245.435833731208,0.0,True,7
5224,699.833,-4407.0,-3238.0,122.43636363636364,28253.934210666666,0.0,True,7
5225,700.017,-4414.442628230412,-3298.234773960936,117.0,28259.73583373121,0.0,True,7
5226,700.034,-4415.0,-3304.0,116.69642971428571,28260.268929746264,0.0,True,7
5227,700.173,-4418.0,-3349.0,114.21428571428571,28264.609169296782,0.0,True,7
5228,700.297,-4418.954870219863,-3383.95765475785,112.0,28268.44694484232,0.0,False,7
5229,700.393,-4417.0,-3417.0,111.2,28271.393209462803,0.0,False,7
5230,700.634,-4401.0,-3531.0,109.1916672,28278.666075146757,0.0,False,7
5231,700.657,-4399.741857551133,-3538.8080057343996,109.0,28279.34694484232,0.0,False,7
5232,701.013,-4380.0,-3598.0,105.885,28289.574967492175,13.795,False,7
5233,701.273,-4333.0,-3690.0,103.61,28296.821974877217,23.87,False,7
5234,701.457,-4314.937387852997,-3719.9674872340856,102.0,28302.013611508984,31.0,False,7
5235,701.613,-4290.0,-3742.0,102.78,28306.4638761241,38.02,False,7
5236,701.657,-4277.917576817467,-3751.806297899909,103.0,28307.73583373121,40.0,False,7
5237,701.913,-4190.0,-3819.0,105.56641562844462,28315.313516982125,43.84962344266692,False,7
5238,702.056,-4167.827273309678,-3831.9598322794036,107.0,28319.59500039788,46.0,False,7
5239,702.194,-4152.0,-3837.0,107.57499946666667,28323.721799876585,48.299997866666665,False,7
5240,702.296,-4132.994985410614,-3844.0942881076094,108.0,28326.795000397877,50.0,False,7
5241,702.554,-4047.0,-3869.0,110.57356521872363,28334.735767685073,48.713217390638185,False,7
5242,702.697,-3967.314773860496,-3880.842412584659,112.0,28339.27055595343,48.0,False,7
5243,702.774,-3934.0,-3885.0,113.28333226666666,28341.757813871678,48.85555484444444,False,7
5244,703.014,-3901.0,-3887.0,117.28333226666666,28349.655296249926,51.52222151111111,False,7
5245,703.057,-3892.0825013698077,-3887.2436439529793,118.0,28351.070555953433,52.0,False,7
5246,703.257,-3823.504920594129,-3889.911809714343,119.0,28357.681667064542,59.0,False,7
5247,703.334,-3795.0,-3891.0,120.73249856,28360.30657770596,61.11749824,False,7
5248,703.513,-3732.0,-3893.0,124.76,28366.62092495551,66.04,False,7
5249,703.657,-3681.741564072204,-3893.5671585680293,128.0,28371.90388928677,70.0,False,7
5250,703.774,-3640.0,-3894.0,134.5812464,28376.329047690822,72.9249984,False,7
5251,703.817,-3624.303875643145,-3894.288874923863,137.0,28377.992778175656,74.0,False,7
5252,703.994,-3556.0,-3896.0,141.9781232,28385.07515663393,75.1062496,False,7
5253,704.137,-3492.805468409381,-3897.521746235786,146.0,28390.970555953434,76.0,False,7
5254,704.234,-3451.0,-3899.0,148.4249984,28395.014599065405,76.48499968,False,7
5255,704.337,-3411.067085331122,-3901.230376206248,151.0,28399.359444842325,77.0,False,7
5256,704.474,-3359.0,-3905.0,154.4249984,28405.244079290474,74.4312512,False,7
5257,704.497,-3349.5247861776083,-3905.6874550012235,155.0,28406.248333731215,74.0,False,7
5258,704.674,-3271.0,-3912.0,160.16249813333334,28414.15533363582,76.2124992,False,7
5259,704.737,-3242.0977172999615,-3915.1248076436277,162.0,28417.048333731218,77.0,False,7
5260,704.954,-3145.0,-3928.0,168.50999808,28427.334613827217,81.88249856,False,7
5261,705.137,-3074.022945004099,-3937.7208541800164,174.0,28436.381667064554,86.0,False,7
5262,705.174,-3058.0,-3940.0,175.1772706909091,28438.250836532825,86.6727261090909,False,7
5263,705.393,-2950.0,-3956.0,182.14545454545456,28449.58648747581,90.65454545454546,False,7
5264,705.577,-2872.3648561501655,-3968.1533520672347,188.0,28459.359444842332,94.0,False,7
5265,705.673,-2814.0,-3978.0,191.36,28464.52305718667,94.96,False,7
5266,705.777,-2726.01018199435,-3993.272658213761,195.0,28470.192778175668,96.0,False,7
5267,705.833,-2682.0,-4001.0,197.1,28473.290322189656,97.4,False,7
5268,705.937,-2623.5820677590227,-4011.4143383273286,201.0,28479.126111509002,100.0,False,7
5269,706.177,-2544.994657616675,-4027.5831478159284,208.0,28492.99277817567,100.0,False,7
5270,706.213,-2525.0,-4032.0,209.26,28495.114255250075,100.0,False,7
5271,706.377,-2398.9152355352453,-4060.2047451174853,215.0,28504.93722262011,100.0,False,7
5272,706.493,-2315.0,-4079.0,218.48,28512.09981917269,100.0,False,7
5273,706.753,-2205.0,-4102.0,226.28,28528.62664723547,100.0,False,7
5274,706.777,-2193.033234276597,-4104.12265741599,227.0,28530.159444842335,100.0,False,7
5275,706.977,-2067.121301069911,-4124.011327834225,231.0,28542.992778175663,100.0,False,7
5276,707.053,-2016.0,-4130.0,233.375,28547.94738873186,100.0,False,7
5277,707.137,-1960.2055794589203,-4134.802173906927,236.0,28553.481667064552,100.0,False,7
5278,707.293,-1859.0,-4140.0,239.4125,28563.91688146731,100.0,False,7
5279,707.457,-1751.2541212191513,-4142.915519775583,243.0,28575.081667064558,100.0,False,7
5280,707.474,-1738.0,-4143.0,243.3718736,28576.248788737314,100.0,False,7
5281,707.734,-1490.0,-4139.0,249.0593736,28594.298368671276,100.0,False,7
5282,707.777,-1451.155159405181,-4137.632341826095,250.0,28597.303889286784,100.0,False,7
5283,707.977,-1293.79253343978,-4129.341954088311,253.0,28611.359444842332,100.0,False,7
5284,708.093,-1221.0,-4125.0,255.9,28619.630727736796,100.0,False,7
5285,708.137,-1197.0193324077773,-4123.617497612936,257.0,28622.781667064555,100.0,False,7
5286,708.377,-1090.3883933139762,-4118.19079529933,259.0,28640.048333731225,100.0,False,7
5287,708.474,-1034.0,-4116.0,260.4623101226741,28647.086501506485,100.0,False,7
5288,708.576,-960.2133815268418,-4113.434119437423,262.0,28654.531111509008,100.0,False,7
5289,708.633,-918.0,-4112.0,262.7124992,28658.712115941024,100.0,False,7
5290,708.896,-747.6911904166901,-4106.286243808772,266.0,28678.17555595345,100.0,False,7
5291,708.913,-738.0,-4106.0,266.3167691197095,28679.441227622105,100.0,False,7
5292,709.057,-661.476850430987,-4104.043030102629,269.0,28690.205833731234,100.0,False,7
5293,709.174,-544.0,-4102.0,270.6714276571429,28699.036582290188,100.0,False,7
5294,709.294,-348.0,-4099.0,272.38571337142855,28708.160812659007,100.0,False,7
5295,709.337,-292.7540315102398,-4098.177551067883,273.0,28711.439167064564,100.0,False,7
5296,709.657,-164.21754981581273,-4096.467328177286,276.0,28735.972500397904,100.0,False,7
5297,709.714,-134.0,-4096.0,276.4071424,28740.365465510476,100.0,False,7
5298,709.874,-11.0,-4094.0,277.54999954285717,28752.72583623643,100.0,False,7
5299,709.937,34.871433340393786,-4093.239877432463,278.0,28757.594722620124,100.0,False,7
5300,710.134,188.0,-4091.0,278.0,28772.815881170056,100.0,False,7
5301,710.297,397.5101042878063,-4088.7854024156904,278.0,28785.394722620127,100.0,False,7
5302,710.374,481.0,-4088.0,277.7861112888889,28791.329089993582,100.0,False,7
5303,710.657,603.2287319378459,-4088.361603334056,277.0,28813.09472262013,100.0,False,7
5304,710.694,620.0,-4089.0,276.8972224,28815.93469476972,100.0,False,7
5305,711.017,861.7858755438446,-4102.945644869282,276.0,28840.69472262013,100.0,False,7
5306,711.074,908.0,-4108.0,276.0,28845.067319418107,100.0,False,7
5307,711.217,1018.461635071919,-4124.708096919723,276.0,28856.02805595346,100.0,False,7
5308,711.294,1073.0,-4135.0,275.61500032,28861.907562267523,100.0,False,7
5309,711.455,1193.0,-4164.0,274.81000064,28874.149624734433,100.0,False,7
5310,711.614,1399.0,-4227.0,274.01500032,28886.243954533056,100.0,False,7
5311,711.617,1402.47963737027,-4228.09717228063,274.0,28886.472500397904,100.0,False,7
5312,712.017,1620.705146643061,-4304.232673286399,275.0,28917.028055953466,100.0,False,7
5313,712.093,1661.0,-4319.0,275.0,28922.836947936004,100.0,False,7
5314,712.257,1777.158951013234,-4360.174513356212,275.0,28935.361389286794,100.0,False,7
5315,712.274,1791.0,-4365.0,274.93928594285717,28936.657892943273,100.0,False,7
5316,712.473,1969.0,-4426.0,274.22857142857146,28951.809068415903,100.0,False,7
5317,712.537,2026.5830340096093,-4445.258169889913,274.0,28956.672500397915,100.0,False,7
5318,712.817,2268.0525599681214,-4523.153126949434,273.0,28977.905833731245,100.0,False,7
5319,712.913,2345.0,-4547.0,272.904,28985.177151097087,100.0,False,7
5320,713.313,2636.0,-4631.0,272.504,29015.439785107672,100.0,False,7
5321,713.753,2915.0,-4699.0,272.064,29048.641532082976,100.0,False,7
5322,713.817,2941.002561918393,-4705.039921002531,272.0,29053.4613892868,100.0,False,7
5323,713.974,3018.0,-4720.0,271.43928594285717,29065.275174183582,100.0,False,7
5324,714.097,3147.3209238471404,-4740.230652708748,271.0,29074.539167064577,100.0,False,7
5325,714.254,3331.0,-4767.0,271.39249984,29086.394138026815,100.0,False,7
5326,714.497,3456.120615506161,-4781.704211058988,272.0,29104.761389286796,100.0,False,7
5327,714.653,3526.0,-4785.0,271.675,29116.521702000064,100.0,False,7
5328,714.933,3737.0,-4793.0,271.09166666666664,29137.585544368187,100.0,False,7
5329,714.977,3768.9489971583307,-4793.7818626900735,271.0,29140.894722620127,100.0,False,7
5330,715.134,3888.0,-4794.0,271.0,29152.706739709043,100.0,False,7
5331,715.176,3928.9879963420626,-4792.914303062297,271.0,29155.875000397908,100.0,False,7
5332,715.414,4190.0,-4781.0,272.98333226666665,29173.922719787493,100.0,False,7
5333,715.416,4191.674568894434,-4780.9112113505025,273.0,29174.075000397905,100.0,False,7
5334,715.773,4372.0,-4767.0,274.78054859340426,29201.352949620552,100.0,False,7
5335,715.817,4401.228501300145,-4763.959677111003,275.0,29204.706944842343,100.0,False,7
5336,715.977,4526.361561355654,-4750.427591089037,274.0,29216.884722620118,100.0,False,7
5337,715.994,4539.0,-4749.0,274.0944440888889,29218.18159565943,100.0,False,7
5338,716.214,4705.0,-4727.0,275.31666631111113,29235.042211283973,100.0,False,7
5339,716.337,4851.543167426511,-4701.896934764755,276.0,29244.484722620116,100.0,False,7
5340,716.414,4945.0,-4685.0,276.0,29250.391406475384,100.0,False,7
5341,716.617,5138.2971535992065,-4647.64900861096,276.0,29265.951389286784,100.0,False,7
5342,716.897,5278.613022103369,-4613.247463143649,276.0,29287.418055953458,100.0,False,7
5343,717.177,5407.19641345208,-4569.02967172365,277.0,29308.9625003979,100.0,False,7
5344,717.337,5533.36722541263,-4526.591593637875,277.0,29321.27361150901,100.0,False,7
5345,717.374,5568.0,-4515.0,277.13214262857144,29324.12465561494,100.0,False,7
5346,717.617,5836.833503727505,-4425.4172477523,278.0,29342.89583373123,100.0,False,7
5347,717.734,5934.0,-4393.0,278.29249984,29351.955610542675,100.0,False,7
5348,718.014,6037.0,-4358.0,278.99249984,29373.66338382689,100.0,False,7
5349,718.017,6038.479230360773,-4357.4938053992,279.0,29373.895833731236,100.0,False,7
5350,718.177,6146.890873685829,-4320.455150567834,279.0,29386.29583373123,100.0,False,7
5351,718.334,6272.0,-4278.0,279.78499968,29398.50662973975,100.0,False,7
5352,718.377,6303.354346361564,-4267.45006221537,280.0,29401.851389286778,100.0,False,7
5353,718.573,6448.0,-4219.0,280.0,29417.09495347069,100.0,False,7
5354,718.577,6451.51924773658,-4217.81442083145,280.0,29417.40694484234,100.0,False,7
5355,718.773,6640.0,-4154.0,281.4,29432.753717672756,100.0,False,7
5356,718.857,6704.661461627284,-4132.007599702635,282.0,29439.340278175674,100.0,False,7
5357,719.133,6862.0,-4078.0,282.0,29460.959059720415,100.0,False,7
5358,719.177,6890.313266549139,-4068.218705076007,282.0,29464.406944842347,100.0,False,7
5359,719.333,7010.0,-4026.0,282.0,29476.639163692933,100.0,False,7
5360,719.457,7142.7846668718785,-3976.8391467166784,282.0,29486.34027817568,100.0,False,7
5361,719.593,7285.0,-3923.0,280.95384615384614,29496.932023248177,75.15384615384616,False,7
5362,719.977,7466.135309131201,-3849.371463341005,278.0,29526.495833731235,5.0,False,7
5363,720.013,7486.0,-3841.0,277.2125,29529.23263584222,4.4375,False,7
5364,720.214,7626.0,-3782.0,272.8156264,29544.394094864278,1.2968760000000001,False,7
5365,720.297,7684.86644802946,-3756.5252751515195,271.0,29550.58472262013,0.0,False,7
5366,720.434,7777.0,-3716.0,267.5750016,29560.707268313483,0.0,False,7
5367,720.537,7841.508018813733,-3687.577160401495,265.0,29568.251389286794,0.0,False,7
5368,720.593,7885.0,-3668.0,263.88,29572.33266680414,0.0,False,7
5369,720.737,8043.280891262361,-3595.0757502879837,261.0,29582.751389286786,0.0,False,7
5370,720.833,8136.0,-3552.0,259.4,29589.62255384313,0.0,False,7
5371,721.097,8225.481728464261,-3509.9450998346197,255.0,29608.251389286786,0.0,False,7
5372,721.133,8238.0,-3504.0,254.25,29610.77018127343,0.0,False,7
5373,721.337,8352.019367578549,-3449.9671397058223,250.0,29624.91805595345,0.0,False,7
5374,721.453,8440.0,-3408.0,246.68571428571428,29632.815476395954,0.0,False,7
5375,721.617,8580.540995554624,-3340.3505240963827,242.0,29643.74027817567,0.0,True,7
5376,721.654,8610.0,-3326.0,239.96500352,29646.156284284654,0.0,True,7
5377,721.817,8719.137778250433,-3271.7849666311886,231.0,29656.573611509004,0.0,True,7
5378,722.033,8824.0,-3218.0,220.16129280887907,29669.7315108108,0.0,True,7
5379,722.096,8849.295561551553,-3204.9644979638206,217.0,29673.391111509,0.0,True,7
5380,722.377,8954.193136201122,-3149.403008947577,196.0,29688.690000397888,0.0,True,7
5381,722.414,8973.0,-3139.0,193.2250048,29690.60274390599,0.0,True,7
5382,722.577,9074.078348107116,-3082.1215616307986,181.0,29698.745555953443,0.0,True,7
5383,722.694,9136.0,-3047.0,171.4937552,29704.25473679101,0.0,True,7
5384,722.737,9151.815090368025,-3038.0249639624158,168.0,29706.21222262011,0.0,True,7
5385,723.014,9220.0,-2997.0,153.1607177142857,29717.99243584706,0.0,True,7
5386,723.017,9221.397338396806,-2996.120378717221,153.0,29718.11222262011,0.0,True,7
5387,723.194,9324.0,-2931.0,144.1500032,29724.88479005904,0.0,True,7
5388,723.417,9389.597127316118,-2887.405893909256,133.0,29732.890000397885,0.0,True,7
5389,723.654,9424.0,-2859.0,125.10000213333333,29741.12328507701,0.0,True,7
5390,723.657,9424.67142549439,-2858.447508715361,125.0,29741.22333373122,0.0,True,7
5391,723.834,9471.0,-2820.0,119.36818385454545,29746.89840844574,0.0,True,7
5392,724.054,9522.0,-2773.0,112.36818385454545,29753.513214899664,0.0,True,7
5393,724.097,9531.081940930875,-2763.2231857440265,111.0,29754.790000397887,0.0,True,7
5394,724.154,9542.0,-2751.0,109.29000192,29756.475435632216,0.0,True,7
5395,724.297,9559.944111617282,-2730.524334584028,105.0,29760.623333731222,0.0,True,7
5396,724.354,9567.0,-2722.0,103.5750016,29762.214469267507,0.0,True,7
5397,724.634,9613.0,-2661.0,96.57500160000001,29769.623373423652,0.0,True,7
5398,724.657,9616.406065388845,-2655.745241223692,96.0,29770.22333373122,0.0,True,7
5399,724.894,9645.0,-2603.0,93.0375008,29776.34764168303,0.0,True,7
5400,724.897,9645.312653442741,-2602.3332000287787,93.0,29776.423333731218,0.0,True,7
5401,725.054,9660.0,-2567.0,89.86000128,29780.311855936838,0.0,True,7
5402,725.097,9663.21631202789,-2556.9775327495145,89.0,29781.367778175663,0.0,False,7
5403,725.293,9674.0,-2511.0,88.18333333333334,29786.17005743817,0.0,False,7
5404,725.337,9675.94628834228,-2501.4341807582637,88.0,29787.234444842332,0.0,False,7
5405,725.533,9677.0,-2455.0,85.9,29791.889133112585,0.0,False,7
5406,725.617,9667.98066370787,-2425.5092846459825,85.0,29793.84555595344,0.0,False,7
5407,725.733,9652.0,-2386.0,83.84,29796.51333901287,8.120000000000001,False,7
5408,725.817,9644.26319739929,-2369.5465564416904,83.0,29798.45666706455,14.0,False,7
5409,726.033,9629.0,-2350.0,85.025,29803.598031829744,22.775,False,7
5410,726.137,9614.78724005647,-2330.5744239261517,86.0,29806.101111508993,27.0,False,7
5411,726.214,9603.0,-2315.0,86.4812496,29807.953512946144,31.3312464,False,7
5412,726.297,9590.590822668837,-2300.0235695189413,87.0,29809.96777817566,36.0,False,7
5413,726.533,9548.0,-2258.0,90.37142857142857,29815.904991943775,40.214285714285715,False,7
5414,726.577,9536.367242445149,-2247.5599192751424,91.0,29817.04555595344,41.0,False,7
5415,726.737,9489.259521637161,-2206.625080684038,95.0,29821.267778175657,47.0,False,7
5416,726.754,9485.0,-2203.0,95.1062496,29821.71964190866,47.3187488,False,7
5417,726.897,9457.290158195807,-2180.070990677995,96.0,29825.534444842328,50.0,False,7
5418,727.097,9433.21250645946,-2161.790428925992,98.0,29830.978889286773,53.0,False,7
5419,727.213,9408.0,-2141.0,102.35,29834.36964091495,53.483333333333334,False,7
5420,727.337,9370.158245750417,-2108.846599946669,107.0,29838.112222620104,54.0,False,7
5421,727.393,9354.0,-2095.0,107.4,29839.805072567862,44.0,False,7
5422,727.617,9311.111656549425,-2057.5698066014124,109.0,29846.590000397882,4.0,False,7
5423,727.733,9291.0,-2038.0,109.0,29850.106903021988,1.1,False,7
5424,727.777,9282.380188114614,-2029.1894155149455,109.0,29851.43444484233,0.0,False,7
5425,727.953,9246.0,-1990.0,107.74285714285715,29856.688383223605,0.0,False,7
5426,728.057,9228.192789601244,-1969.186477171896,107.0,29859.756667064554,0.0,False,7
5427,728.174,9207.0,-1939.0,105.83000064,29863.179942458053,0.0,False,7
5428,728.257,9187.569363799981,-1906.410761304028,105.0,29865.590000397882,0.0,False,7
5429,728.394,9156.0,-1849.0,103.85833386666667,29869.534140116964,0.0,False,7
5430,728.497,9142.69597531661,-1822.5490001229225,103.0,29872.45666706455,0.0,False,7
5431,728.773,9134.0,-1787.0,99.93333333333334,29880.071964818213,0.0,False,7
5432,728.857,9129.933782023782,-1767.5000530730117,99.0,29882.356667064552,0.0,False,7
5433,729.034,9121.0,-1718.0,97.52500053333333,29887.141339983013,0.0,False,7
5434,729.097,9119.568995540181,-1702.0547512771282,97.0,29888.82333373122,0.0,False,7
5435,729.214,9120.0,-1670.0,95.74642925714285,29891.908657505228,0.0,False,7
5436,729.377,9128.015475595357,-1605.7510137626716,94.0,29896.134444842333,0.0,False,7
5437,729.434,9131.0,-1587.0,93.4656256,29897.595996822747,0.0,False,7
5438,729.697,9141.932540551443,-1544.9083100016182,91.0,29904.22333373122,0.0,False,7
5439,729.714,9143.0,-1542.0,90.7875008,29904.644270117875,0.14166613333333333,False,7
5440,729.937,9163.389680600834,-1489.5213877649312,88.0,29910.09000039789,2.0,False,7
5441,730.014,9172.0,-1471.0,87.57222257777778,29911.94698861541,5.8499967999999996,False,7
5442,730.174,9191.0,-1437.0,86.6833336888889,29915.772541703926,13.8499968,False,7
5443,730.297,9205.517725949236,-1413.0134640955434,86.0,29918.690000397888,20.0,False,7
5444,730.394,9220.0,-1393.0,85.51500032,29920.97786242501,22.4249984,False,7
5445,730.497,9240.852411302352,-1368.9778165878306,85.0,29923.412222620107,25.0,False,7
5446,730.714,9289.0,-1320.0,86.08499968,29928.619813997255,27.7124992,False,7
5447,730.897,9309.870061172765,-1299.048759724898,87.0,29933.07888928678,30.0,False,7
5448,731.114,9348.0,-1277.0,88.8083328,29938.437250808973,30.9041664,False,7
5449,731.137,9355.734201244446,-1273.1668355286495,89.0,29939.012222620113,31.0,False,7
5450,731.315,9424.0,-1241.0,90.33499904,29943.514942007896,35.4499968,False,7
5451,731.537,9451.073016125465,-1231.5285227414006,92.0,29949.23444484234,41.0,False,7
5452,731.595,9458.0,-1230.0,92.7249984,29950.741608987963,41.7249984,False,7
5453,731.697,9476.59409195438,-1225.3225828051368,94.0,29953.412222620114,43.0,False,7
5454,731.913,9541.0,-1212.0,96.31428571428572,29959.20098079613,43.0,False,7
5455,731.977,9565.81117925791,-1209.1919399425324,97.0,29960.956667064558,43.0,False,7
5456,732.113,9622.0,-1205.0,98.13333333333334,29964.753466404924,41.86666666666667,False,7
5457,732.553,9754.0,-1202.0,101.8,29977.62310172464,38.2,False,7
5458,732.853,9806.0,-1202.0,104.3,29986.49501664978,35.7,False,7
5459,732.937,9829.173770540167,-1201.6895443101505,105.0,29988.956667064558,35.0,False,7
5460,733.034,9859.0,-1201.0,105.0,29991.787273127826,33.1812512,False,7
5461,733.097,9877.654715900942,-1200.2944764251995,105.0,29993.623333731222,32.0,False,7
5462,733.234,9917.0,-1198.0,105.0,29997.61843171854,29.94500096,False,7
5463,733.297,9935.093427199425,-1196.5518670779945,105.0,29999.456667064558,29.0,False,7
5464,733.537,10003.925543328416,-1188.1111961814634,105.0,30006.456667064558,22.0,False,7
5465,733.594,10020.0,-1185.0,104.76250026666666,30008.112269342346,22.474999466666667,False,7
5466,733.777,10070.690422918531,-1171.786963971134,104.0,30013.390000397892,24.0,False,7
5467,734.017,10135.049744710113,-1147.005176407399,102.0,30020.190000397895,0.0,False,7
5468,734.257,10196.387022983383,-1114.8837201092454,102.0,30026.99000039789,0.0,False,7
5469,734.573,10270.0,-1066.0,100.025,30035.77017848174,0.0,False,7
5470,734.577,10270.878867342153,-1065.3347804305201,100.0,30035.87888928678,0.0,False,7
5471,734.753,10308.0,-1035.0,97.55555555555556,30040.591916147052,0.0,False,7
5472,734.914,10339.0,-1005.0,95.31944533333333,30044.78797314687,0.0,False,7
5473,734.937,10343.478985626663,-1000.2088291317641,95.0,30045.37888928678,0.0,True,7
5474,735.174,10388.0,-947.0,90.06250133333333,30051.306756115424,0.0,True,7
5475,735.177,10388.459743826623,-946.3963226264929,90.0,30051.37888928678,0.0,True,7
5476,735.214,10394.0,-939.0,89.0750016,30052.261526793634,0.0,True,7
5477,735.537,10455.154352639136,-851.7892954582954,81.0,30059.47888928678,0.0,True,7
5478,735.593,10463.0,-840.0,79.6,30060.66327116674,0.0,True,7
5479,735.817,10478.42577058147,-814.0671583436356,74.0,30065.234444842332,0.0,True,7
5480,735.974,10487.0,-797.0,70.86000128,30068.30175416721,0.0,True,7
5481,736.017,10490.451686097493,-790.3845540800986,70.0,30069.123333731222,0.0,True,7
5482,736.153,10503.0,-766.0,67.96,30071.670873663694,0.0,True,7
5483,736.217,10508.352914647508,-754.6264429928272,67.0,30072.84555595344,0.0,True,7
5484,736.394,10521.0,-725.0,65.39090967272728,30076.01932239405,0.0,True,7
5485,736.534,10530.0,-702.0,64.1181824,30078.454332606125,0.0,True,7
5486,736.657,10540.475697438598,-669.2179695970599,63.0,30080.545555953446,0.0,False,7
5487,736.753,10548.0,-644.0,61.8,30082.14676370685,0.0,False,7
5488,736.977,10555.877312082477,-614.1586432752831,59.0,30085.790000397887,0.0,False,7
5489,737.214,10559.0,-593.0,57.02500053333333,30089.54291298912,0.0,False,7
5490,737.217,10559.0715144505,-592.565905087777,57.0,30089.59000039789,0.0,False,7
5491,737.293,10561.0,-580.0,56.62,30090.7801705616,0.0,False,7
5492,737.417,10563.066125712441,-551.1513038489834,56.0,30092.701111509,0.0,False,7
5493,737.554,10564.0,-520.0,54.85833386666667,30094.77306456773,0.0,False,7
5494,737.657,10564.157488996381,-507.02582623001643,54.0,30096.301111508998,0.0,False,7
5495,737.874,10561.0,-494.0,52.91500032,30099.449663641368,1.6274995199999998,False,7
5496,738.057,10551.328370531504,-472.49374400514404,52.0,30102.07888928678,3.0,False,7
5497,738.214,10538.0,-453.0,52.0,30104.345767612598,3.6541664,False,7
5498,738.297,10529.171931305504,-444.83663684074924,52.0,30105.545555953446,4.0,False,7
5499,738.353,10523.0,-440.0,52.0,30106.35487967434,5.4,False,7
5500,738.497,10507.627128898323,-429.59328582461075,52.0,30108.434444842336,9.0,False,7
5501,738.633,10487.0,-418.0,52.0,30110.394309307354,9.0,False,7
5502,738.777,10453.343997401602,-400.0916990462775,52.0,30112.47888928678,9.0,False,7
5503,738.833,10442.0,-394.0,52.28,30113.296291611376,9.28,False,7
5504,738.977,10424.736510054921,-384.1780545975839,53.0,30115.423333731225,10.0,False,7
5505,739.214,10413.0,-373.0,54.69285668571428,30119.037213387288,13.385713371428572,False,7
5506,739.257,10409.218817704868,-369.1357922498369,55.0,30119.701111509,14.0,False,7
5507,739.413,10394.0,-351.0,55.78,30122.12308100669,14.0,False,7
5508,739.457,10390.996982331753,-345.2265733829617,56.0,30122.81222262011,14.0,False,7
5509,739.613,10385.0,-323.0,56.65,30125.279893477367,12.05,False,7
5510,739.697,10383.578133433088,-310.20581960657546,57.0,30126.61222262011,11.0,False,7
5511,739.774,10383.0,-298.0,57.0,30127.83071877218,10.5187504,False,7
5512,739.857,10382.874856967268,-284.3345151976738,57.0,30129.145555953444,10.0,False,7
5513,740.013,10384.0,-258.0,57.65,30131.636588531852,12.6,False,7
5514,740.097,10385.31028979517,-244.10676422271823,58.0,30133.012222620113,14.0,False,7
5515,740.253,10389.0,-219.0,59.95,30135.659733607812,18.3875,False,7
5516,740.417,10394.580723945028,-192.94479772834256,62.0,30138.523333731224,23.0,False,7
5517,740.473,10397.0,-182.0,62.46666666666667,30139.50776224985,24.166666666666668,False,7
5518,740.657,10406.91678699158,-135.0885645744803,64.0,30142.790000397894,28.0,False,7
5519,740.773,10413.0,-107.0,66.175,30144.9333067908,30.9,False,7
5520,740.817,10415.022912090388,-98.11942186529846,67.0,30145.767778175672,32.0,False,7
5521,741.017,10422.450502181753,-69.14752733885499,71.0,30149.712222620117,37.0,False,7
5522,741.174,10430.0,-43.0,72.4718744,30152.911263221948,37.9812496,False,7
5523,741.337,10441.37345637716,-4.168809073033527,74.0,30156.290000397894,39.0,False,7
5524,741.534,10455.0,43.0,74.98499968,30160.39487375615,16.34500736,False,7
5525,741.537,10455.157624384197,43.56505630549379,75.0,30160.456667064558,16.0,False,7
5526,741.873,10469.0,92.0,72.9043656255289,30167.191710454237,4.823283336154123,False,7
5527,742.018,10480.223019737417,123.22912095542713,72.0,30170.07666706456,0.0,False,7
5528,742.054,10483.0,131.0,72.0,30170.796402498687,0.0,False,7
5529,742.314,10500.0,180.0,72.0,30176.010574933614,0.0,False,7
5530,742.377,10504.145300827997,190.92195235319895,72.0,30177.25666706456,0.0,False,7
5531,742.617,10521.599264260272,235.12725392356165,70.0,30181.923333731225,0.0,False,7
5532,742.634,10523.0,239.0,69.8937504,30182.251535656178,0.0,False,7
5533,742.777,10535.28156655904,274.7934254155426,69.0,30184.99000039789,0.0,True,7
5534,742.814,10538.0,283.0,68.5375008,30185.683043150362,0.0,True,7
5535,743.017,10547.309752868832,313.0454991980987,66.0,30189.390000397892,0.0,False,7
5536,743.134,10551.0,329.0,65.51250026666666,30191.509209078,0.0,False,7
5537,743.257,10554.968464298387,350.1510461739079,65.0,30193.72333373122,0.0,False,7
5538,743.334,10557.0,364.0,64.5187504,30195.097882521943,0.0,False,7
5539,743.417,10558.495359929022,378.43173143833513,64.0,30196.567778175668,0.0,False,7
5540,743.514,10559.0,395.0,63.5958336,30198.267570441392,0.0,False,7
5541,743.774,10552.0,439.0,62.51250026666666,30202.73857702798,0.0,False,7
5542,743.897,10544.92707831287,457.81319794642803,62.0,30204.834444842338,0.0,False,7
5543,743.974,10539.0,469.0,61.5187504,30206.142677317184,0.0,False,7
5544,744.057,10531.13081252759,480.6808078687292,61.0,30207.545555953446,0.0,False,7
5545,744.134,10523.0,491.0,60.679166933333335,30208.836258727984,3.208330666666667,False,7
5546,744.297,10504.589566709943,510.7967478630227,60.0,30211.545555953446,10.0,False,7
5547,744.334,10500.0,515.0,60.0,30212.15951718798,11.156248,False,7
5548,744.457,10483.453053325044,528.3244498428652,60.0,30214.21222262011,15.0,False,7
5549,744.534,10473.0,536.0,60.9624992,30215.525976138524,18.8499968,False,7
5550,744.617,10462.216949854983,543.6016407582553,62.0,30216.96777817566,23.0,False,7
5551,744.897,10419.80770231869,569.0008161809419,65.0,30222.023333731217,28.0,False,7
5552,744.914,10416.0,571.0,65.28333226666666,30222.340550171233,28.566664533333334,False,7
5553,745.093,10372.0,593.0,68.26666666666667,30225.757998340952,34.53333333333333,False,7
5554,745.137,10364.450658556958,596.5631015541278,69.0,30226.623333731215,36.0,False,7
5555,745.353,10339.0,606.0,72.85714285714286,30231.025664850924,40.628571428571426,False,7
5556,745.417,10325.467804269192,610.3533901594908,74.0,30232.378889286774,42.0,False,7
5557,745.673,10255.0,632.0,78.0,30237.986175681668,43.6,False,7
5558,745.737,10242.703904837812,635.3022127486055,79.0,30239.401111508996,44.0,False,7
5559,745.897,10222.069346514669,639.4865541001099,80.0,30242.95666706455,49.0,False,7
5560,745.993,10207.0,642.0,82.4,30245.176204328418,49.6,False,7
5561,746.057,10194.468766703934,644.0733333488757,84.0,30246.69000039788,50.0,False,7
5562,746.257,10145.353048658671,651.9365182595254,88.0,30251.57888928677,53.0,False,7
5563,746.314,10131.0,654.0,89.2214272,30253.03095753389,53.4071424,False,7
5564,746.374,10116.0,656.0,90.50714148571429,30254.58984290289,53.83571382857143,False,7
5565,746.537,10073.84161657319,660.2865691576758,94.0,30258.890000397885,55.0,False,7
5566,746.697,10031.85996771503,663.0377600936067,95.0,30263.112222620104,56.0,False,7
5567,746.773,10013.0,664.0,95.76,30265.15316431733,48.78,False,7
5568,746.897,9983.36218087663,665.1341755692674,97.0,30268.501111508995,37.0,False,7
5569,746.973,9959.0,666.0,96.45714285714286,30270.526778806867,26.95714285714286,False,7
5570,747.154,9880.0,669.0,95.16428617142857,30275.287194873847,3.039294171428572,False,7
5571,747.177,9872.265062645729,669.2942914921391,95.0,30275.890000397885,0.0,False,7
5572,747.377,9839.834639407587,670.4712838602084,94.0,30281.112222620104,30.0,False,7
5573,747.513,9817.0,671.0,93.15,30284.62625276952,46.15,False,7
5574,747.537,9811.0214866241,671.1295711293047,93.0,30285.245555953443,49.0,False,7
5575,747.774,9730.0,673.0,93.0,30291.36742082124,51.53928502857143,False,7
5576,747.817,9714.704871087919,673.4569950007703,93.0,30292.478889286773,52.0,False,7
5577,748.113,9617.0,677.0,93.0,30300.129373743905,11.711111111111112,False,7
5578,748.177,9599.000565255654,677.5906604789434,93.0,30301.778889286776,3.0,False,7
5579,748.373,9550.0,679.0,92.02,30306.78961839316,0.06000000000000026,False,7
5580,748.377,9549.053700260973,679.0263280444934,92.0,30306.890000397885,0.0,False,7
5581,748.514,9515.0,680.0,89.7261415372326,30310.26967878273,0.0,False,7
5582,748.618,9478.618982641487,681.176996912892,88.0,30312.781111509,0.0,True,7
5583,748.774,9423.0,683.0,86.04184152854452,30316.488013969865,0.0,True,7
5584,748.857,9405.489353488148,683.484748170691,85.0,30318.424167064557,0.0,True,7
5585,749.017,9388.639099382659,683.7797073445935,82.0,30322.068611509007,0.0,True,7
5586,749.074,9381.0,684.0,81.2875008,30323.328184751153,2.7074969600000003,True,7
5587,749.354,9329.0,686.0,77.7875008,30329.281153361306,16.00749696,True,7
5588,749.417,9319.614139983918,686.3710202047836,77.0,30330.62416706456,19.0,False,7
5589,749.554,9300.0,687.0,77.8562496,30333.583488766388,38.6937408,False,7
5590,749.577,9295.841768430388,687.0921456373425,78.0,30334.09083373123,42.0,False,7
5591,749.777,9250.496020820805,687.8311796058956,82.0,30338.646389286783,47.0,False,7
5592,749.813,9242.0,688.0,82.54,30339.486348582468,47.72,False,7
5593,749.974,9205.0,689.0,84.95499904,30343.297044683743,50.93999872,False,7
5594,749.977,9204.325498379103,689.0239192909144,85.0,30343.368611509002,51.0,False,7
5595,750.174,9157.0,691.0,86.96999936,30348.12786199803,50.01500032,False,7
5596,750.177,9156.104795700423,691.0341097612292,87.0,30348.201944842338,50.0,False,7
5597,750.454,9062.0,694.0,90.84722133333334,30355.261132449523,51.538888533333335,False,7
5598,750.537,9045.510139170161,694.3309574647941,92.0,30357.401944842335,52.0,False,7
5599,750.754,9011.0,695.0,92.0,30362.9780447737,20.6555648,False,7
5600,750.897,8956.03227796439,697.154563040677,92.0,30366.601944842332,0.0,False,7
5601,751.014,8910.0,699.0,90.5375008,30369.522193766556,0.0,False,7
5602,751.137,8877.026620210796,700.1766357615928,89.0,30372.535278175666,0.0,True,7
5603,751.417,8841.14942210557,700.7856089238726,85.0,30379.146389286783,0.0,True,7
5604,751.494,8828.0,701.0,84.17500068571428,30380.92505825909,0.0,True,7
5605,751.693,8782.0,702.0,82.04285714285714,30385.43530835233,0.0,True,7
5606,751.697,8780.90416940666,702.0319675726181,82.0,30385.524167064563,0.0,True,7
5607,751.893,8725.0,704.0,78.73333333333333,30389.788921899708,0.0,True,7
5608,751.937,8715.289470250531,704.3877530561031,78.0,30390.72416706456,0.0,True,7
5609,752.137,8684.062876989956,705.7615083787384,75.0,30394.890833731224,0.0,True,7
5610,752.173,8678.0,706.0,74.8875,30395.632550020717,2.475,True,7
5611,752.457,8619.362580410447,707.9049018811787,74.0,30401.468611509,22.0,False,7
5612,752.473,8616.0,708.0,74.13333333333334,30401.80148007031,23.266666666666666,False,7
5613,752.653,8579.0,709.0,75.63333333333334,30405.592118117056,37.516666666666666,False,7
5614,752.697,8569.78375158558,709.2723958541618,76.0,30406.535278175666,41.0,False,7
5615,752.813,8545.0,710.0,77.45,30409.056306247083,41.0,False,7
5616,752.937,8518.027667983424,710.5834982704291,79.0,30411.801944842337,41.0,False,7
5617,753.033,8497.0,711.0,80.02857142857142,30413.960138411843,42.02857142857143,False,7
5618,753.213,8456.0,712.0,81.95714285714286,30418.086756015946,43.957142857142856,False,7
5619,753.217,8454.981177444042,712.0300655200915,82.0,30418.179722620116,44.0,False,7
5620,753.417,8397.051846303875,714.0171234948664,85.0,30422.901944842342,47.0,False,7
5621,753.533,8367.0,715.0,86.16,30425.713301796954,45.84,False,7
5622,753.617,8349.919661788197,715.4460827989508,87.0,30427.73527817567,45.0,False,7
5623,753.793,8319.0,716.0,84.36,30431.847551660467,5.400000000000002,False,7
5624,753.817,8314.016739151019,716.0911598154782,84.0,30432.401944842335,0.0,False,7
5625,754.014,8268.0,717.0,82.5928576,30436.91825975522,0.0,False,7
5626,754.097,8249.28908504351,717.4305570181202,82.0,30438.779722620115,0.0,True,7
5627,754.194,8228.0,718.0,80.7875008,30440.91331245099,0.0,True,7
5628,754.497,8161.661702005199,719.96698841597,77.0,30447.33527817567,0.0,True,7
5629,754.514,8158.0,720.0,76.7875008,30447.688329781704,0.0,True,7
5630,754.673,8124.0,720.0,74.8,30450.959675935497,0.0,True,7
5631,754.737,8110.18543235167,720.2389826208474,74.0,30452.268611509004,0.0,True,7
5632,754.897,8075.5650788531975,721.5167851329813,73.0,30455.513055953452,0.0,True,7
5633,754.973,8060.0,722.0,72.3423076923077,30457.00688529385,0.95,True,7
5634,755.334,7994.0,723.0,69.21826978461539,30463.610507429257,5.4624992,True,7
5635,755.473,7968.0,724.0,68.01538461538462,30465.950014874987,7.199999999999999,True,7
5636,755.773,7896.0,725.0,65.41923076923077,30471.09582813314,10.95,True,7
5637,755.937,7876.49569220061,725.5891426713159,64.0,30474.00194484234,13.0,False,7
5638,756.053,7864.0,726.0,64.725,30476.097216715716,18.8,False,7
5639,756.257,7829.158968787989,726.5424900022289,66.0,30479.86861150901,29.0,False,7
5640,756.394,7802.0,727.0,68.05499904,30482.472718278987,33.79499776,False,7
5641,756.457,7789.583140113657,727.2798235484158,69.0,30483.701944842345,36.0,False,7
5642,756.613,7760.0,728.0,71.78571428571429,30486.851874983317,39.34285714285714,False,7
5643,756.737,7739.337143955425,728.3211930423457,74.0,30489.457500397897,42.0,False,7
5644,756.854,7711.0,729.0,75.828124,30491.99469662617,42.0,False,7
5645,757.014,7651.0,731.0,78.328124,30495.535423707515,42.0,False,7
5646,757.057,7639.133066814002,731.3815555533853,79.0,30496.47972262012,42.0,False,7
5647,757.297,7611.161123965513,731.9510740018186,79.0,30501.74638928679,43.0,False,7
5648,757.334,7607.0,732.0,79.9249984,30502.58525044289,43.0,False,7
5649,757.457,7589.566455053184,732.2240123036734,83.0,30505.435278175675,43.0,False,7
5650,757.634,7537.0,733.0,84.6593744,30509.647859682067,43.0,False,7
5651,757.754,7475.0,734.0,85.7843744,30512.52922949499,43.0,False,7
5652,757.777,7465.626642158169,734.1810953550022,86.0,30513.079722620118,43.0,False,7
5653,758.114,7423.0,736.0,85.15750016,30521.062362833443,6.772506879999999,False,7
5654,758.177,7411.6974764385095,736.2401661373497,85.0,30522.524167064563,0.0,False,7
5655,758.393,7357.0,737.0,82.3,30527.450213800614,0.0,False,7
5656,758.417,7351.121075661032,737.0978564054142,82.0,30527.99083373123,0.0,True,7
5657,758.613,7307.0,738.0,80.775,30532.36191093892,0.0,True,7
5658,758.737,7281.607781611776,738.6273294300547,80.0,30535.10194484234,0.0,True,7
5659,758.793,7267.0,739.0,79.65,30536.33573539513,0.0,True,7
5660,758.897,7230.978813484533,739.9161009660857,79.0,30538.61305595345,0.0,False,7
5661,759.013,7188.0,741.0,78.275,30541.112863843176,0.0,False,7
5662,759.217,7135.9381602503045,742.2680083200037,77.0,30545.457500397897,0.0,False,7
5663,759.377,7112.220639003605,742.7630455204078,77.0,30548.87972262012,0.0,False,7
5664,759.513,7095.0,743.0,76.15,30551.753731116965,0.0,False,7
5665,759.537,7092.189683958984,743.0252199130337,76.0,30552.2575003979,0.0,False,7
5666,759.817,7055.424052912191,743.3731093693311,75.0,30558.090833731236,0.0,False,7
5667,759.894,7033.0,744.0,75.0,30559.7000190677,0.0,False,7
5668,760.053,6971.0,746.0,75.0,30563.008673706776,0.0,False,7
5669,760.057,6969.678063888032,746.0407376037273,75.0,30563.090833731236,0.0,False,7
5670,760.417,6920.676884582809,746.815821287288,72.0,30570.290833731233,0.0,False,7
5671,760.494,6910.0,747.0,71.61500032,30571.805234214604,0.0,False,7
5672,760.693,6870.0,748.0,70.62,30575.68847512098,0.0,False,7
5673,760.817,6847.136487253039,748.5068548254859,70.0,30578.068611509007,0.0,False,7
5674,761.217,6794.541327241775,749.1084588321075,67.0,30585.513055953452,0.0,False,7
5675,761.493,6753.0,750.0,65.46666666666667,30590.482131794655,15.333333333333334,False,7
5676,761.577,6737.800795652791,750.447417379543,65.0,30592.013055953452,20.0,False,7
5677,761.674,6720.0,751.0,66.20746840364306,30593.805376948374,28.049789357620412,False,7
5678,761.818,6694.852751920161,751.7409779171797,68.0,30596.565278175673,40.0,False,7
5679,761.874,6682.0,752.0,69.16666666666667,30597.692590290302,40.583333333333336,False,7
5680,762.114,6608.0,753.0,74.16666666666667,30602.85727334884,43.083333333333336,False,7
5681,762.298,6578.2589437622755,753.9552445673767,78.0,30606.965278175674,45.0,False,7
5682,762.457,6558.051092666596,754.8966159623093,81.0,30610.542778175673,44.0,False,7
5683,762.474,6555.0,755.0,81.14166613333333,30610.928393746253,44.14166613333333,False,7
5684,762.674,6510.0,756.0,82.8083328,30615.533761608676,45.8083328,False,7
5685,762.697,6504.815460994018,756.0178434083318,83.0,30616.076111509006,46.0,False,7
5686,762.834,6472.0,756.0,84.95714194285715,30619.369627736334,45.510714514285716,False,7
5687,762.977,6419.53510738674,757.3798184984405,87.0,30622.84277817567,45.0,False,7
5688,763.114,6371.0,759.0,86.42916693333333,30626.124783666004,19.312511999999998,False,7
5689,763.217,6348.661170994721,759.6355914890128,86.0,30628.576111509,0.0,False,7
5690,763.457,6321.686612194317,759.9629207820681,85.0,30634.242778175663,0.0,False,7
5691,763.474,6319.0,760.0,84.8406256,30634.637132111246,0.0,False,7
5692,763.714,6263.0,761.0,82.5906256,30640.102319573183,0.0,False,7
5693,763.777,6241.051470745654,761.4890762343275,82.0,30641.531667064555,0.0,True,7
5694,763.954,6177.0,763.0,82.0,30645.562993368534,0.0,True,7
5695,764.017,6162.575690435462,763.3233975163187,82.0,30646.998333731222,0.0,True,7
5696,764.294,6132.0,764.0,82.0,30653.296082192093,0.0,True,7
5697,764.457,6099.127299793948,765.0266804565266,82.0,30657.020555953444,0.0,True,7
5698,764.614,6063.0,766.0,82.0,30660.617600625257,0.0,True,7
5699,764.657,6054.047494106733,766.1670012079566,82.0,30661.576111509,0.0,True,7
5700,764.873,6008.0,767.0,78.07272727272728,30666.122340369708,0.0,True,7
5701,765.053,5955.0,769.0,74.8,30669.732994334896,0.0,True,7
5702,765.097,5944.249936657745,769.4035337571421,74.0,30670.620555953443,0.0,False,7
5703,765.297,5912.367628332058,770.4055094831815,73.0,30674.676111508998,0.0,False,7
5704,765.473,5886.0,771.0,73.0,30678.249217538396,19.36,False,7
5705,765.497,5881.596914321298,771.0968992539454,73.0,30678.731667064552,22.0,False,7
5706,765.674,5845.0,772.0,72.11500032,30682.26448838362,30.8499968,False,7
5707,765.697,5840.178013865985,772.1595616239638,72.0,30682.731667064552,32.0,False,7
5708,765.813,5816.0,773.0,73.74,30685.135946233328,33.74,False,7
5709,765.897,5798.3926777557335,773.3690580050694,75.0,30686.898333731217,35.0,False,7
5710,766.013,5774.0,774.0,75.41428571428571,30689.3306727257,33.75714285714286,False,7
5711,766.174,5740.0,776.0,75.98928548571429,30692.74480586023,32.03214354285714,False,7
5712,766.177,5739.352238090745,776.0319861342025,76.0,30692.80944484233,32.0,False,7
5713,766.457,5677.349262422564,777.472374234068,79.0,30698.95388928677,31.0,False,7
5714,766.534,5662.0,778.0,78.7593752,30700.638237101295,23.5406312,False,7
5715,766.714,5623.0,780.0,78.1968752,30704.537767956564,6.1031312,False,7
5716,766.777,5598.5030137798385,780.842831081243,78.0,30705.887222620106,0.0,True,7
5717,766.873,5559.0,782.0,77.04,30707.927497980178,0.0,True,7
5718,766.977,5534.831647034001,782.6333422908941,76.0,30710.109444842325,0.0,True,7
5719,767.137,5525.584138098,782.7429394751152,74.0,30713.39833373121,0.0,False,7
5720,767.213,5518.0,783.0,73.62,30714.939052295114,0.0,False,7
5721,767.537,5452.69434444949,785.7247702841674,72.0,30721.39833373121,0.0,False,7
5722,767.574,5445.0,786.0,71.86785737142857,30722.13090963193,0.0,False,7
5723,767.733,5413.0,787.0,71.3,30725.270082514515,0.0,False,7
5724,767.817,5392.626408428051,787.6880118855377,71.0,30726.92055595343,0.0,False,7
5725,767.973,5354.0,789.0,70.56666666666666,30729.969427371107,0.0,False,7
5726,768.177,5322.814342029201,789.7492770547728,70.0,30733.92055595343,0.0,False,7
5727,768.234,5315.0,790.0,69.7634856799298,30735.01630231874,0.0,False,7
5728,768.418,5287.341873758185,791.3197410778515,69.0,30738.539722620095,0.0,False,7
5729,768.573,5249.0,793.0,69.0,30741.51535352037,0.0,False,7
5730,768.698,5203.383633824138,794.6317903336159,69.0,30743.906389286763,0.0,False,7
5731,768.734,5192.0,795.0,68.87142857142857,30744.591459227224,0.0,False,7
5732,768.978,5159.1377710155275,795.5071825370511,68.0,30749.195278175655,0.0,False,7
5733,769.133,5144.0,796.0,67.35146434103046,30752.088379871268,0.0,False,7
5734,769.217,5129.548790117007,796.7876322063016,67.0,30753.643333731212,0.0,False,7
5735,769.334,5106.0,798.0,66.51250026666666,30755.791760829547,0.0,False,7
5736,769.457,5083.324493885133,798.6144202551171,66.0,30758.043333731213,0.0,False,7
5737,769.554,5066.0,799.0,66.0,30759.82511247936,0.0,False,7
5738,769.657,5047.342329899408,799.6155943570319,66.0,30761.710000397878,0.0,False,7
5739,769.714,5037.0,800.0,65.71500032,30762.743827995822,0.0,False,7
5740,769.857,5011.204215665137,801.0027531918315,65.0,30765.321111508987,0.0,False,7
5741,770.014,4983.0,802.0,65.0,30768.15764327847,0.0,False,7
5742,770.057,4975.270485616158,802.2209902335626,65.0,30768.932222620097,0.0,False,7
5743,770.234,4944.0,803.0,64.59772741818182,30772.10063940721,0.0,False,7
5744,770.394,4915.0,804.0,64.23409105454546,30774.938589909987,0.0,False,7
5745,770.497,4886.662702692272,805.3872850355536,64.0,30776.75444484232,0.0,False,7
5746,770.614,4855.0,807.0,63.2687504,30778.805910595962,0.0,False,7
5747,770.657,4846.974449503398,807.3675027324899,63.0,30779.554444842324,0.0,False,7
5748,770.817,4832.723092675306,807.7516092583554,62.0,30782.310000397876,0.0,False,7
5749,770.934,4821.0,808.0,61.70750016,30784.303420538272,0.0,False,7
5750,771.114,4790.0,809.0,61.25750016,30787.345033587953,0.0,False,7
5751,771.217,4771.996793274127,809.6840806861293,61.0,30789.087778175657,0.0,False,7
5752,771.433,4736.0,811.0,61.0,30792.74925106493,0.0,False,7
5753,771.457,4731.976207508525,811.1027356523334,61.0,30793.154444842323,0.0,False,7
5754,771.653,4699.0,812.0,60.554545454545455,30796.443487963952,0.0,False,7
5755,771.753,4682.0,813.0,60.32727272727273,30798.107774580312,0.0,False,7
5756,771.897,4652.909954723067,814.1756268587772,60.0,30800.48777817566,0.0,False,7
5757,772.053,4622.0,815.0,59.35,30803.044950361524,0.0,False,7
5758,772.137,4609.0974924037255,815.2879257827951,59.0,30804.421111508993,0.0,False,7
5759,772.297,4590.081810413373,815.630651895761,59.0,30807.043333731213,0.0,False,7
5760,772.393,4577.0,816.0,58.6,30808.59612790178,0.0,False,7
5761,772.537,4553.6562782559395,816.8821163848806,58.0,30810.910000397882,0.0,False,7
5762,772.553,4551.0,817.0,58.0,30811.16798740055,0.0,False,7
5763,772.697,4527.412844639748,818.213584788385,58.0,30813.48777817566,0.0,False,7
5764,772.793,4512.0,819.0,57.4,30815.008977953898,0.0,False,7
5765,772.857,4501.860941703445,819.4560801487019,57.0,30816.02111150899,0.0,False,7
5766,772.953,4487.0,820.0,57.0,30817.548684675814,0.0,False,7
5767,773.097,4465.933860971562,820.3833013064398,57.0,30819.821111508994,0.0,False,7
5768,773.294,4435.0,821.0,54.5375008,30822.79045266324,0.0,False,7
5769,773.337,4427.038181695309,821.3326572870657,54.0,30823.421111508993,0.0,False,7
5770,773.514,4394.0,823.0,52.23000064,30825.97571574415,0.0,False,7
5771,773.537,4390.614109141721,823.151818073371,52.0,30826.310000397883,0.0,False,7
5772,773.774,4365.0,824.0,53.31666631111111,30829.833060767785,10.53333048888889,False,7
5773,773.897,4349.518458606622,824.6300859997096,54.0,30831.710000397885,16.0,False,7
5774,774.097,4316.430242951869,825.9020492339555,57.0,30834.87666706455,28.0,False,7
5775,774.114,4313.0,826.0,57.56666453333333,30835.164099327805,28.708330666666665,False,7
5776,774.313,4269.0,827.0,64.2,30838.758675507357,37.0,False,7
5777,774.337,4264.254650259092,827.1012863712584,65.0,30839.210000397885,38.0,False,7
5778,774.577,4227.110538290146,827.9671536805718,70.0,30843.87666706455,41.0,False,7
5779,774.714,4204.0,829.0,72.73999872,30846.6645602476,44.4249984,False,7
5780,774.777,4191.44434572504,829.6997546149506,74.0,30847.98777817566,46.0,False,7
5781,774.894,4166.0,831.0,76.91044709586374,30850.5248530589,47.1641788383455,False,7
5782,774.978,4147.362336912219,831.4772496768711,79.0,30852.398611508987,48.0,False,7
5783,775.113,4117.0,832.0,81.109376,30855.48587875846,47.5781248,False,7
5784,775.298,4074.7359236649913,833.8142200514138,84.0,30859.865278175654,47.0,False,7
5785,775.314,4071.0,834.0,84.25,30860.251893094428,47.05,False,7
5786,775.494,4028.0,836.0,87.0625,30864.684449816566,47.6125,False,7
5787,775.618,3997.7383701775916,836.601289199984,89.0,30867.776389286766,48.0,False,7
5788,775.694,3979.0,837.0,89.38190942491356,30869.673744858475,48.0,False,7
5789,775.817,3948.3946684595094,838.1426591238763,90.0,30872.751389286765,48.0,False,7
5790,775.894,3929.0,839.0,90.0,30874.685272882773,24.900019200000003,False,7
5791,775.977,3907.8544447105355,839.9418538254628,90.0,30876.751389286765,0.0,True,7
5792,776.193,3855.0,842.0,87.0,30881.91214679186,0.0,True,7
5793,776.337,3824.595946623454,842.5209263022602,85.0,30885.251389286765,0.0,True,7
5794,776.394,3808.0,843.0,84.14500096,30886.56260905112,0.0,True,7
5795,776.537,3749.809066617768,845.3714215443803,82.0,30889.80694484232,0.0,True,7
5796,776.574,3735.0,846.0,81.3833344,30890.628591775996,0.0,True,7
5797,776.777,3671.6450993584713,848.5493165598849,78.0,30895.006944842316,0.0,True,7
5798,777.057,3632.5941923227256,849.6394098932321,74.0,30900.76250039787,0.0,True,7
5799,777.297,3606.527591260294,850.2891537056279,72.0,30905.56250039787,0.0,True,7
5800,777.434,3586.0,851.0,70.0972231111111,30908.181028795,0.0,True,7
5801,777.657,3544.764457169113,852.6076766802972,67.0,30912.26250039787,0.0,True,7
5802,777.714,3534.0,853.0,66.1857152,30913.279477854994,0.0,True,7
5803,777.874,3505.0,854.0,63.90000091428571,30916.07965533041,0.0,True,7
5804,777.937,3494.3396102871307,854.4397845915989,63.0,30917.16250039787,0.0,True,7
5805,778.134,3460.0,856.0,61.35833386666667,30920.479357491015,0.0,True,7
5806,778.297,3422.518761781723,857.3396898816517,60.0,30923.16250039787,0.0,True,7
5807,778.393,3404.0,858.0,59.52,30924.72327578967,3.3600000000000003,True,7
5808,778.497,3391.3397663417163,858.5264487158747,59.0,30926.440278175643,7.0,False,7
5809,778.633,3378.0,859.0,61.04,30928.798512029454,15.5,False,7
5810,778.897,3331.7544387934936,859.7897612872109,65.0,30933.66250039787,32.0,False,7
5811,778.933,3325.0,860.0,65.36,30934.342839379307,30.29,False,7
5812,779.173,3281.0,862.0,67.76,30938.960748555328,18.89,False,7
5813,779.297,3256.9596988364547,862.7635948601213,69.0,30941.329167064534,13.0,False,7
5814,779.333,3250.0,863.0,68.775,30942.009759348162,11.5375,False,7
5815,779.594,3201.0,865.0,67.1437504,30946.861766635622,0.9343775999999996,False,7
5816,779.617,3196.681495270513,865.1127002800189,67.0,30947.28472262009,0.0,False,7
5817,779.817,3159.1259005861266,865.8675287433873,66.0,30950.951389286754,15.0,False,7
5818,779.834,3156.0,866.0,66.0531248,30951.265017343154,15.3187488,False,7
5819,779.933,3138.0,867.0,66.3625,30953.101356969433,17.175,False,7
5820,780.137,3100.475128943637,868.6674885499496,67.0,30956.90694484231,21.0,False,7
5821,780.193,3090.0,869.0,67.0,30957.9467980127,21.0,False,7
5822,780.297,3070.328598206349,869.4819749753112,67.0,30959.88472262009,21.0,False,7
5823,780.394,3052.0,870.0,67.8083328,30961.723468999488,21.8083328,False,7
5824,780.537,3025.4344548425966,871.242374155622,69.0,30964.484722620087,23.0,False,7
5825,780.634,3007.0,872.0,69.96999936,30966.386135108274,24.45499904,False,7
5826,780.737,2986.583289942276,872.4598917409975,71.0,30968.429167064533,26.0,False,7
5827,780.854,2963.0,873.0,71.7312496,30970.7785834714,26.7312496,False,7
5828,780.974,2939.0,874.0,72.4812496,30973.217795549834,27.481249599999998,False,7
5829,781.057,2921.8359697736537,874.5154759025949,73.0,30974.91805595342,28.0,False,7
5830,781.154,2903.0,875.0,73.6062496,30976.918237802754,28.3031248,False,7
5831,781.377,2872.663298820434,876.3517143869888,75.0,30981.584722620086,29.0,False,7
5832,781.494,2854.0,877.0,76.45341593179266,30984.08317541969,29.726707965896335,False,7
5833,781.538,2845.321955428187,877.2101465081612,77.0,30985.0283337312,30.0,False,7
5834,781.674,2815.0,878.0,77.56666666666666,30987.96234312796,30.566666666666666,False,7
5835,781.778,2792.4063773055655,879.2231492101688,78.0,30990.228333731196,31.0,False,7
5836,781.873,2772.0,880.0,78.5937504,30992.32092381153,31.0,False,7
5837,781.954,2754.0,880.0,79.1,30994.122001983502,31.0,False,7
5838,782.098,2714.496720666478,881.3501508984194,80.0,30997.339444842306,31.0,False,7
5839,782.274,2665.0,884.0,80.62857142857143,31001.287447898896,31.62857142857143,False,7
5840,782.378,2643.1347492819496,884.909382309151,81.0,31003.63944484231,32.0,False,7
5841,782.537,2618.6093607612765,885.461611938004,82.0,31007.261111508975,34.0,False,7
5842,782.674,2593.0,886.0,81.37727301818182,31010.34956246124,23.41364130909091,False,7
5843,782.834,2556.0,887.0,80.65000029090909,31013.906251195513,11.050004945454548,False,7
5844,782.977,2528.3674867089485,888.3053551444164,80.0,31017.03888928675,0.0,True,7
5845,783.134,2490.0,890.0,78.6916672,31020.427977366802,0.0,True,7
5846,783.334,2417.0,892.0,77.02500053333333,31024.67569578813,0.0,True,7
5847,783.337,2416.2581341030705,892.0202755439409,77.0,31024.738889286746,0.0,True,7
5848,783.594,2392.0,893.0,75.16428617142857,31030.097393521108,0.0,True,7
5849,783.617,2388.8163383263395,893.1498692954524,75.0,31030.57222262008,0.0,True,7
5850,783.777,2354.929522180051,894.5910464696263,74.0,31033.861111508973,0.0,False,7
5851,783.834,2342.0,895.0,74.0,31035.03354142831,0.0,False,7
5852,784.054,2297.0,896.0,74.0,31039.555383415696,0.0,False,7
5853,784.057,2296.4370827138873,896.0241623733306,74.0,31039.616667064525,0.0,False,7
5854,784.234,2261.0,898.0,73.4468752,31043.210387504216,0.0,False,7
5855,784.377,2213.8865250229433,899.3225791890048,73.0,31046.105555953414,0.0,False,7
5856,784.473,2184.0,900.0,73.0,31048.054546791434,0.0,False,7
5857,784.537,2169.0210252913157,900.3718971381131,73.0,31049.350000397862,0.0,False,7
5858,784.777,2142.703534817893,901.3051176410864,72.0,31054.150000397865,0.0,False,7
5859,784.913,2124.0,902.0,71.43333333333334,31056.834659171815,0.0,False,7
5860,785.017,2102.712806525112,902.7141169930295,71.0,31058.883333731195,0.0,False,7
5861,785.177,2065.283456961805,903.8996725371353,71.0,31062.03888928675,0.0,False,7
5862,785.193,2062.0,904.0,70.93333333333334,31062.3531614444,0.0,False,7
5863,785.417,2025.4468424532645,905.0429585961434,70.0,31066.705555953413,0.0,False,7
5864,785.573,1996.0,906.0,68.7,31069.656481678823,2.6,False,7
5865,785.657,1975.0479362265107,906.757544505361,68.0,31071.238889286746,4.0,False,7
5866,785.794,1940.0,908.0,68.0,31073.831764164825,5.7124992,False,7
5867,785.897,1920.8291789738464,908.5241275874565,68.0,31075.77222262008,7.0,False,7
5868,786.153,1888.0,909.0,67.26153846153846,31080.506599574328,7.984615384615385,False,7
5869,786.394,1844.0,910.0,66.56634633846154,31084.848220657914,8.911538215384615,False,7
5870,786.594,1786.0,911.0,65.98942326153846,31088.40447402223,9.680768984615385,False,7
5871,786.937,1706.5467444599121,912.2964230312514,65.0,31094.550000397852,11.0,False,7
5872,787.257,1659.6615609494954,913.0997997247125,65.0,31100.327778175626,11.0,False,7
5873,787.497,1628.598989790287,913.8655668089056,65.0,31104.66111150896,17.0,False,7
5874,787.534,1624.0,914.0,65.08409076363637,31105.333581463907,17.084090763636365,False,7
5875,787.794,1591.0,915.0,65.67499985454546,31110.10014921447,17.674999854545455,False,7
5876,787.937,1567.8745051311314,915.4474293005246,66.0,31112.727778175627,18.0,False,7
5877,788.113,1533.0,916.0,66.0,31115.95510558877,18.0,False,7
5878,788.218,1508.55250882027,916.4174767770054,66.0,31117.879444842292,18.0,False,7
5879,788.354,1478.0,917.0,66.0,31120.372634968197,18.0,False,7
5880,788.498,1454.9115665678792,917.5814309352115,66.0,31123.012778175624,18.0,False,7
5881,788.674,1430.0,918.0,66.0,31126.239184465136,19.1,False,7
5882,788.818,1403.5222585423924,917.9518049992311,66.0,31128.879444842292,20.0,False,7
5883,788.854,1397.0,918.0,66.0,31129.539674608597,20.15,False,7
5884,789.054,1361.0,919.0,66.0,31133.2062232335,20.983333333333334,False,7
5885,789.058,1360.1070729207668,919.0270058210663,66.0,31133.279444842294,21.0,False,7
5886,789.354,1283.0,921.0,66.0,31138.702136634594,21.92789950035872,False,7
5887,789.377,1278.8965103010062,921.0645551276441,66.0,31139.12777817563,22.0,False,7
5888,789.537,1262.0198835374736,921.0380635171504,67.0,31142.105555953407,22.0,False,7
5889,789.654,1250.0,921.0,67.0,31144.274558002777,22.487499733333333,False,7
5890,790.017,1173.2857902778999,922.4400587719441,67.0,31151.03888928674,24.0,False,7
5891,790.297,1098.1656152824223,924.3120365269681,70.0,31156.483333731187,26.0,False,7
5892,790.454,1069.0,925.0,70.78499968,31159.573343486816,26.0,False,7
5893,790.497,1062.6762673975009,925.1417042722499,71.0,31160.427778175632,26.0,False,7
5894,790.857,1018.872283886719,925.837600661149,73.0,31167.727778175635,25.0,False,7
5895,790.914,1005.0,926.0,73.14249984,31168.89366154038,25.14249984,False,7
5896,791.153,927.0,927.0,73.74,31173.799244572983,25.74,False,7
5897,791.257,900.5752761453643,927.5956364384656,74.0,31175.950000397854,26.0,False,7
5898,791.417,872.9561767743749,928.6036301480957,75.0,31179.28333373119,26.0,False,7
5899,791.533,856.0,929.0,75.58,31181.724943286812,26.0,False,7
5900,791.617,844.4794039930722,929.0610420197887,76.0,31183.50555595341,26.0,False,7
5901,791.833,814.0,929.0,76.54,31188.12866523344,26.0,False,7
5902,792.017,779.6060080995221,929.9838915282666,77.0,31192.061111508963,26.0,False,7
5903,792.173,742.0,931.0,76.025,31195.35497617849,0.6499999999999991,False,7
5904,792.177,740.913825022686,931.021562494854,76.0,31195.438889286743,0.0,False,7
5905,792.337,693.672832180854,931.7138571449703,75.0,31198.77222262008,0.0,False,7
5906,792.413,675.0,932.0,74.68333333333334,31200.33995267666,1.2666666666666666,False,7
5907,792.577,650.9581977823026,932.6251540489719,74.0,31203.705555953413,4.0,False,7
5908,792.673,638.0,933.0,74.0,31205.681362170377,7.0,False,7
5909,792.737,627.2162874259735,933.2546896059582,74.0,31206.994444842298,9.0,False,7
5910,792.993,573.0,934.0,73.08571428571429,31212.186602657253,15.4,False,7
5911,793.017,567.899937179469,934.0016966443128,73.0,31212.67222262008,16.0,False,7
5912,793.093,552.0,934.0,73.0,31214.210809437573,16.95,False,7
5913,793.313,508.0,935.0,73.0,31218.673197948017,19.7,False,7
5914,793.337,503.1712386096387,935.1190092968858,73.0,31219.16111150897,20.0,False,7
5915,793.553,459.0,936.0,73.0,31223.560940831885,15.2,False,7
5916,793.697,429.4187095182827,936.4283159284764,73.0,31226.461111508972,12.0,False,7
5917,793.873,395.0,937.0,71.53333333333333,31229.93907745601,3.2,False,7
5918,793.937,383.52661883478453,937.2903856404744,71.0,31231.194444842302,0.0,False,7
5919,794.073,356.0,938.0,70.62222222222222,31233.854391717337,0.0,False,7
5920,794.274,297.0,939.0,70.06388906666666,31237.752606047987,0.0,False,7
5921,794.297,291.9749529070409,939.0925094708692,70.0,31238.194444842302,0.0,False,7
5922,794.574,259.0,940.0,68.61845396404253,31243.447661169084,0.0,False,7
5923,794.698,236.5447804195808,940.6016054852151,68.0,31245.768889286745,0.0,False,7
5924,794.814,213.0,941.0,67.275,31247.92792071979,0.0,False,7
5925,794.858,204.64557750606943,941.0340521934169,67.0,31248.746667064523,0.0,False,7
5926,794.993,180.0,941.0,67.0,31251.263791449426,0.0,False,7
5927,795.138,152.19701717033738,941.5375605070963,67.0,31253.957778175638,0.0,False,7
5928,795.233,135.0,942.0,66.52499968,31255.706550937022,0.0,False,7
5929,795.338,118.21385822207674,942.4435845796305,66.0,31257.624444842302,0.0,False,7
5930,795.474,92.0,943.0,65.15,31260.08357306059,0.0,False,7
5931,795.498,85.70397901473025,943.1086664247462,65.0,31260.513333731193,0.0,False,7
5932,795.694,27.0,944.0,64.10909090909091,31263.96895341878,0.0,False,7
5933,795.938,-0.6699337786572054,944.5158592373788,63.0,31268.21333373119,0.0,False,7
5934,796.073,-14.0,945.0,63.0,31270.578318482883,0.0,False,7
5935,796.177,-30.978401895422135,945.6329624078185,63.0,31272.395833731192,0.0,False,7
5936,796.254,-45.0,946.0,62.7593752,31273.733307774382,0.0,False,7
5937,796.494,-87.0,946.0,62.0093752,31277.85587890193,0.0,False,7
5938,796.497,-87.5149411555173,946.0022927378249,62.0,31277.906944842303,0.0,False,7
5939,796.657,-114.71851250281169,946.4180616128644,61.0,31280.61805595342,0.0,False,7
5940,796.754,-131.0,947.0,61.0,31282.260495530798,1.6166656,False,7
5941,796.915,-158.0,948.0,61.0,31284.988940641822,4.299997866666667,False,7
5942,797.017,-175.90273427526998,947.0179476813538,61.0,31286.718055953417,6.0,False,7
5943,797.174,-202.0,948.0,61.0,31289.379991925212,6.9812496,False,7
5944,797.195,-205.0,949.0,61.0,31289.736038054107,7.1124992,False,7
5945,797.337,-224.24612986198056,952.1298203394339,61.0,31292.14027817564,8.0,False,7
5946,797.537,-259.7541579855731,950.0308102055834,61.0,31295.52916706453,8.0,False,7
5947,797.574,-270.0,950.0,61.18499968,31296.163481041753,6.52000256,False,7
5948,797.734,-321.0,951.0,61.98499968,31298.92218522732,0.12000255999999984,False,7
5949,797.737,-321.75460998200595,951.0159017122998,62.0,31298.973611508976,0.0,False,7
5950,797.977,-347.0064884091985,951.0492323360344,61.0,31303.040278175642,0.0,False,7
5951,798.073,-355.0,951.0,60.6,31304.64909784987,0.0,False,7
5952,798.217,-376.04848527870683,951.2660073618462,60.0,31307.040278175642,0.0,False,7
5953,798.377,-405.27017298397953,951.9224637660379,59.0,31309.662500397862,0.0,False,7
5954,798.393,-408.0,952.0,59.0,31309.924782662725,0.0,False,7
5955,798.574,-437.0,953.0,59.0,31312.89530852063,0.0,False,7
5956,798.617,-443.82407374694935,953.2534811128396,59.0,31313.595833731197,0.0,False,7
5957,798.773,-469.0,954.0,58.35,31316.11252018257,0.0,False,7
5958,798.857,-482.97699213016716,954.0413648800192,58.0,31317.462500397865,0.0,False,7
5959,798.973,-502.0,954.0,58.0,31319.329243440698,0.7909090909090909,False,7
5960,799.213,-540.0,955.0,58.0,31323.197896710037,2.4272727272727272,False,7
5961,799.297,-557.0718842361836,955.3719796267003,58.0,31324.551389286753,3.0,False,7
5962,799.454,-588.0,956.0,58.0,31327.080228300852,3.0,False,7
5963,799.497,-593.561763729006,956.1681506519323,58.0,31327.773611508972,3.0,False,7
5964,799.674,-614.0,957.0,58.0,31330.633611441197,1.5250005333333334,False,7
5965,799.857,-669.9296455077634,958.60915399143,58.0,31333.573611508975,0.0,False,7
5966,800.014,-719.0,960.0,57.3458336,31336.0609491379,0.0,False,7
5967,800.097,-735.3567042378843,960.5295918865296,57.0,31337.373611508978,0.0,False,7
5968,800.297,-755.4916538925845,961.4647941960042,57.0,31340.540278175642,0.0,False,7
5969,800.373,-766.0,962.0,56.68333333333333,31341.732107272466,0.0,False,7
5970,800.537,-798.8639941562225,963.6388494246677,56.0,31344.273611508972,0.0,False,7
5971,800.673,-825.0,965.0,55.32,31346.348827062953,0.68,False,7
5972,800.737,-833.8329171031047,965.5079151912988,55.0,31347.329167064527,1.0,False,7
5973,800.937,-853.9891962448179,966.865416591905,56.0,31350.440278175636,1.0,False,7
5974,800.953,-856.0,967.0,56.079602015395665,31350.691613512347,1.3184080615826663,False,7
5975,801.138,-884.41750693003,968.8400429348029,57.0,31353.62277817564,5.0,False,7
5976,801.154,-887.0,969.0,57.06666666666667,31353.878735649036,5.0,False,7
5977,801.354,-919.0,971.0,57.9,31357.10265597487,5.0,False,7
5978,801.378,-922.8737565974417,971.2843399414779,58.0,31357.489444842307,5.0,False,7
5979,801.513,-945.0,973.0,58.0,31359.660654437415,5.0,False,7
5980,801.578,-955.9656034635418,973.7344716536313,58.0,31360.711667064526,5.0,False,7
5981,801.778,-988.4018689479252,975.6499029154273,59.0,31363.989444842307,5.0,False,7
5982,801.814,-993.0,976.0,59.15,31364.585982851175,5.0,False,7
5983,801.994,-1013.0,978.0,59.9,31367.58909451095,5.0,False,7
5984,802.018,-1016.6392631669122,978.3510344063255,60.0,31367.989444842307,5.0,False,7
5985,802.333,-1081.0,984.0,60.0,31373.232253074704,5.0,False,7
5986,802.418,-1093.0025585577748,985.0268724548846,60.0,31374.65611150897,5.0,False,7
5987,802.613,-1115.0,987.0,60.61128534444432,31377.94900390342,4.38871465555568,False,7
5988,802.737,-1134.7568715915913,988.9501964420416,61.0,31380.061389286748,4.0,False,7
5989,802.914,-1166.0,992.0,61.44249984,31383.100835804435,4.0,False,7
5990,803.114,-1200.0,995.0,61.94249984,31386.553481108625,4.0,False,7
5991,803.137,-1205.557769929343,995.5237052096845,62.0,31386.95027817564,4.0,False,7
5992,803.297,-1252.159742006818,1000.1043967917273,62.0,31389.705833731197,0.0,False,7
5993,803.334,-1261.0,1001.0,61.8843752,31390.339818495006,0.0,False,7
5994,803.617,-1289.2448849226155,1004.18811652566,61.0,31395.12805595342,0.0,False,7
5995,803.754,-1308.0,1006.0,60.31500032,31397.391763192063,0.0,False,7
5996,803.974,-1364.0,1011.0,59.21500032,31400.980019911316,0.0,False,7
5997,804.017,-1374.036228200515,1011.9321818970324,59.0,31401.683611508975,0.0,False,7
5998,804.297,-1421.1394159646027,1016.7702801001607,59.0,31406.272500397863,0.0,False,7
5999,804.393,-1432.0,1018.0,58.6,31407.828302760863,0.0,False,7
6000,804.537,-1444.0729828059518,1019.4603479292365,58.0,31410.13916706453,0.0,False,7
6001,804.733,-1467.0,1022.0,57.3,31413.243529092208,0.0,False,7
6002,804.817,-1485.7131254330097,1023.86614170351,57.0,31414.572500397866,0.0,False,7
6003,804.977,-1525.972540307069,1027.7222893707537,57.0,31417.1058337312,0.0,False,7
6004,804.993,-1529.0,1028.0,56.9,31417.357023652898,0.0,False,7
6005,805.137,-1546.6949936337203,1029.481884216665,56.0,31419.594722620088,0.0,False,7
6006,805.354,-1563.0,1031.0,55.0958336,31422.910334420805,0.0,False,7
6007,805.377,-1566.0910881173718,1031.3702417155473,55.0,31423.261389286752,0.0,False,7
6008,805.513,-1588.0,1034.0,55.0,31425.342029677966,0.0,False,7
6009,805.657,-1609.7698832164808,1035.9613066576496,55.0,31427.539167064533,0.0,False,7
6010,805.733,-1621.0,1037.0,54.72857142857143,31428.689787112962,0.0,False,7
6011,805.937,-1651.64275972723,1040.4795861407626,54.0,31431.73916706453,0.0,False,7
6012,805.974,-1657.0,1041.0,53.81500032,31432.283933356703,0.0,False,7
6013,806.153,-1683.0,1043.0,52.92,31434.882212578275,0.0,False,7
6014,806.337,-1718.3135535021433,1046.5835403714384,52.0,31437.51694484231,0.0,False,7
6015,806.454,-1741.0,1049.0,51.6343752,31439.183634061286,0.0,False,7
6016,806.657,-1774.0308862215545,1052.2551222395948,51.0,31442.050278175644,0.0,False,7
6017,806.814,-1794.0,1054.0,50.43928594285714,31444.233944102096,0.5607140571428572,False,7
6018,806.937,-1806.212662908296,1054.917440427759,50.0,31445.939167064535,1.0,False,7
6019,807.177,-1828.0983268879522,1056.7771042966594,50.0,31449.27250039787,0.0,False,7
6020,807.193,-1830.0,1057.0,49.95,31449.49314083621,0.0,False,7
6021,807.314,-1846.0,1059.0,49.5718752,31451.152381387605,0.0,False,7
6022,807.497,-1871.0738337597036,1061.6931376459922,49.0,31453.628055953428,0.0,False,7
6023,807.614,-1887.0,1063.0,48.2687504,31455.188869020807,0.0,False,7
6024,807.657,-1892.7992997245537,1063.3879733918639,48.0,31455.76138928676,0.0,False,7
6025,807.854,-1919.0,1065.0,48.0,31458.388043791012,1.6348546748161794,False,7
6026,807.898,-1924.7703759042454,1065.5200144739852,48.0,31458.974722620093,2.0,False,7
6027,808.074,-1948.0,1068.0,48.0,31461.32046765858,0.5333333333333333,False,7
6028,808.138,-1956.8064355208417,1068.8080310060368,48.0,31462.17472262009,0.0,False,7
6029,808.154,-1959.0,1069.0,48.0,31462.38847176626,0.0,False,7
6030,808.378,-1988.6751374295263,1071.3840504622651,48.0,31465.374722620087,0.0,False,7
6031,808.434,-1996.0,1072.0,47.65,31466.110919159903,0.0,False,7
6032,808.538,-2009.612916012235,1073.2249146064526,47.0,31467.463611508974,0.0,False,7
6033,808.614,-2019.0,1074.0,46.62,31468.43925470955,0.0,False,7
6034,808.738,-2032.4960655402829,1074.783448107064,46.0,31470.01916706453,0.0,False,7
6035,808.898,-2052.144815154147,1075.4868497646617,46.0,31472.063611508973,0.0,False,7
6036,808.954,-2063.0,1076.0,46.0,31472.777669941228,0.23333333333333334,False,7
6037,809.114,-2101.0,1078.0,46.0,31474.820694483293,0.9,False,7
6038,809.138,-2105.4128989787414,1078.23532946063,46.0,31475.13027817564,1.0,False,7
6039,809.298,-2120.9639851096963,1079.0506917761222,47.0,31477.219167064526,3.0,False,7
6040,809.497,-2132.5242524041782,1079.0090329315638,48.0,31479.87250039786,4.0,False,7
6041,809.534,-2138.0,1079.0,48.18499968,31480.370266933016,4.0,False,7
6042,809.697,-2170.996947195134,1078.9906646081865,49.0,31482.594722620088,4.0,False,7
6043,809.714,-2174.0,1079.0,49.18214217142857,31482.832725573477,3.939285942857143,False,7
6044,809.977,-2197.845185242781,1079.348293671536,52.0,31486.63916706453,3.0,False,7
6045,810.094,-2209.0,1079.0,52.324999822222225,31488.357568023464,2.6750001777777777,False,7
6046,810.234,-2229.0,1078.0,52.71388871111111,31490.421488555483,2.286111288888889,False,7
6047,810.337,-2244.2289438024377,1077.3999550337394,53.0,31491.939167064535,2.0,False,7
6048,810.535,-2273.0,1076.0,53.0,31494.853118627427,1.2928576,False,7
6049,810.617,-2284.8564108739515,1074.8393880420258,53.0,31496.061389286755,1.0,False,7
6050,810.734,-2302.0,1073.0,53.0,31497.78860652192,0.6343752,False,7
6051,810.893,-2326.0,1071.0,53.0,31500.13041880353,0.13750000000000004,False,7
6052,810.937,-2332.3968959401927,1070.3115463396634,53.0,31500.77250039787,0.0,False,7
6053,811.097,-2354.763371030055,1067.2999740089917,52.0,31503.083611508984,0.0,False,7
6054,811.113,-2357.0,1067.0,51.92,31503.312592287897,0.0,False,7
6055,811.297,-2383.5031495235344,1063.4035164134273,51.0,31505.91694484232,0.0,False,7
6056,811.313,-2386.0,1063.0,50.92,31506.140781695678,0.0,False,7
6057,811.497,-2417.37155363758,1056.9343437233044,50.0,31508.694722620094,0.0,False,7
6058,811.614,-2435.0,1053.0,50.0,31510.32142464896,0.0,False,7
6059,811.697,-2444.7397308626164,1050.6149374075924,50.0,31511.472500397875,0.0,False,7
6060,811.894,-2463.0,1045.0,49.50750016,31514.17874282477,0.0,False,7
6061,812.097,-2485.568359459095,1036.0616019819424,49.0,31516.91694484232,0.0,False,7
6062,812.234,-2505.0,1029.0,48.238889244444444,31518.728590058854,0.0,False,7
6063,812.253,-2508.0,1028.0,48.13333333333333,31518.97753094366,0.0,False,7
6064,812.457,-2530.8908579730823,1016.411303296883,47.0,31521.616944842317,0.0,False,7
6065,812.474,-2533.0,1015.0,46.929166933333335,31521.834200551464,0.0,False,7
6066,812.754,-2575.0,984.0,45.76250026666666,31525.354370886394,0.0,False,7
6067,812.937,-2587.521492211406,972.5880841775682,45.0,31527.616944842317,0.0,False,7
6068,813.133,-2595.0,962.0,44.18333333333333,31530.017092331327,0.0,False,7
6069,813.177,-2597.652582046913,958.37771905846,44.0,31530.55027817565,0.0,False,7
6070,813.294,-2606.0,946.0,43.6343752,31531.955971029303,0.0,False,7
6071,813.497,-2621.513172021536,913.6247964961207,43.0,31534.372500397876,0.0,False,7
6072,813.554,-2625.0,905.0,43.0,31535.05229925317,0.0,False,7
6073,813.777,-2632.5705064008484,879.9780954040789,43.0,31537.716944842323,0.0,False,7
6074,814.013,-2634.0,856.0,43.0,31540.538087033863,2.2125,False,7
6075,814.097,-2633.9099580205243,844.7792747472523,43.0,31541.539167064548,3.0,False,7
6076,814.298,-2632.503987692505,813.3665262855502,43.0,31543.94000039788,1.0,False,7
6077,814.454,-2631.0,795.0,43.975,31545.86757850155,1.9749999999999999,False,7
6078,814.618,-2629.272485944982,784.9782114606144,45.0,31547.94000039788,3.0,False,7
6079,814.734,-2627.0,777.0,45.725,31549.41826659973,3.0,False,7
6080,814.778,-2625.752335416661,772.6887501001959,46.0,31549.984444842325,3.0,False,7
6081,814.938,-2619.572769412941,752.2611133333867,47.0,31552.073333731212,3.0,False,7
6082,814.994,-2617.0,745.0,47.2,31552.812734203144,3.0,False,7
6083,815.218,-2604.8902095522544,718.0558599970611,48.0,31555.806667064542,3.0,False,7
6084,815.294,-2600.0,709.0,48.475,31556.834163212632,3.475,False,7
6085,815.378,-2594.0987149381526,698.8136411066331,49.0,31557.984444842325,4.0,False,7
6086,815.434,-2590.0,692.0,49.56,31558.764883793796,4.0,False,7
6087,815.578,-2579.2130644820295,674.8094228762844,51.0,31560.81777817566,4.0,False,7
6088,815.594,-2578.0,673.0,51.13333333333333,31561.04940326469,4.0,False,7
6089,815.818,-2558.8784382349536,648.1750001921391,53.0,31564.351111508993,4.0,False,7
6090,815.834,-2557.0,646.0,53.06666666666667,31564.58927286724,4.066666666666666,False,7
6091,816.058,-2523.3347367149286,609.4359838498465,54.0,31567.95111150899,5.0,False,7
6092,816.094,-2518.0,604.0,54.226415003204025,31568.49799706867,5.452830006408048,False,7
6093,816.217,-2501.4411989598484,588.0199085216883,55.0,31570.38027817566,7.0,False,7
6094,816.457,-2475.460577768882,566.4536442337578,56.0,31574.11361150899,9.0,False,7
6095,816.554,-2466.0,559.0,56.69285668571428,31575.660689499244,9.346428342857143,False,7
6096,816.737,-2449.329807610784,546.1234379003457,58.0,31578.6247226201,10.0,False,7
6097,816.934,-2430.0,532.0,58.820833066666665,31581.842677960223,10.0,False,7
6098,816.977,-2425.131211282547,528.5866086388136,59.0,31582.558055953436,10.0,False,7
6099,817.137,-2404.9674930132564,514.8432700644903,61.0,31585.269167064544,11.0,False,7
6100,817.417,-2361.927205547748,486.84832496221316,62.0,31590.09138928677,12.0,False,7
6101,817.617,-2328.312833154217,466.35826711686803,62.0,31593.535833731214,12.0,False,7
6102,817.874,-2286.0,443.0,63.83571382857143,31598.101041114052,12.0,False,7
6103,817.897,-2282.2615785823846,441.07249710886873,64.0,31598.51361150899,12.0,False,7
6104,818.154,-2241.0,420.0,64.91785691428572,31603.15021215364,12.0,False,7
6105,818.177,-2237.347924536171,417.91643365222814,65.0,31603.569167064546,12.0,False,7
6106,818.333,-2213.0,403.0,65.78,31606.42861479969,12.0,False,7
6107,818.377,-2206.4255238634714,398.8218485946042,66.0,31607.23583373121,12.0,False,7
6108,818.533,-2182.0,383.0,66.0,31610.090684130075,12.0,False,7
6109,818.657,-2156.5009007569543,366.4439248281332,66.0,31612.369167064542,12.0,False,7
6110,818.893,-2108.0,335.0,66.7375,31616.75836949345,12.0,False,7
6111,818.977,-2098.5587842790464,328.91884295168023,67.0,31618.3247226201,12.0,False,7
6112,819.173,-2083.0,319.0,67.0,31621.973386489597,12.6125,False,7
6113,819.297,-2065.0569389020234,307.51695645659527,67.0,31624.280278175655,13.0,False,7
6114,819.433,-2042.0,293.0,67.0,31626.811053254896,13.485714285714286,False,7
6115,819.577,-2019.5893076354848,279.42598492912487,67.0,31629.491389286763,14.0,False,7
6116,819.614,-2014.0,276.0,67.0,31630.180194641674,14.0,False,7
6117,819.737,-1995.6657785815933,264.43430522902213,67.0,31632.46916706454,14.0,False,7
6118,819.854,-1976.0,252.0,67.0,31634.642143245022,14.0,False,7
6119,820.094,-1925.0,221.0,67.0,31639.112807440928,14.0,False,7
6120,820.097,-1924.3792739946064,220.63424531536248,67.0,31639.169167064538,14.0,False,7
6121,820.297,-1886.468512395402,199.07196953531206,68.0,31642.94694484232,15.0,False,7
6122,820.454,-1862.0,186.0,68.0,31645.912665531032,14.21500032,False,7
6123,820.497,-1856.1718418035366,183.00629302759214,68.0,31646.724722620093,14.0,False,7
6124,820.697,-1833.317407753048,172.05400157336666,68.0,31650.502500397874,15.0,False,7
6125,820.833,-1815.0,164.0,68.0,31653.071406391333,15.0,False,7
6126,820.938,-1797.3930013754068,156.47859962609584,68.0,31655.054722620094,15.0,False,7
6127,821.093,-1770.0,145.0,68.0,31657.982498451907,15.0,False,7
6128,821.218,-1751.1080689916585,137.31853575544318,68.0,31660.343611508986,15.0,False,7
6129,821.294,-1735.0,132.0,68.0,31661.779167134307,15.0,False,7
6130,821.494,-1673.0,115.0,68.0,31665.556944696145,15.0,False,7
6131,821.498,-1672.0447877627691,114.74361763879809,68.0,31665.632500397878,15.0,False,7
6132,821.698,-1649.5966119458678,108.5770654703454,68.0,31669.410278175652,15.0,False,7
6133,821.834,-1636.0,106.0,68.0,31671.9791263971,15.0,False,7
6134,821.898,-1624.6117631557595,104.04663708768614,68.0,31673.188055953433,15.0,False,7
6135,822.134,-1569.0,95.0,68.0,31677.6462912437,15.7375,False,7
6136,822.218,-1553.795701458163,92.65266005038336,68.0,31679.232500397877,16.0,False,7
6137,822.378,-1531.5150472173482,89.7628752222484,68.0,31682.2547226201,16.0,False,7
6138,822.454,-1520.0,89.0,68.07314725247217,31683.695159604817,16.0,False,7
6139,822.614,-1491.0,89.0,68.22714146820303,31686.740333973234,16.0,False,7
6140,822.934,-1411.0,99.0,68.53512989966477,31692.881681141,16.0,False,7
6141,823.334,-1354.0,108.0,68.92011543899193,31700.575828591194,16.0,False,7
6142,823.417,-1339.4411582320577,110.99358957900792,69.0,31702.168889286768,16.0,False,7
6143,823.514,-1321.0,115.0,69.0,31704.029142390944,16.0,False,7
6144,823.694,-1287.0,123.0,69.0,31707.478227371197,16.0,False,7
6145,823.737,-1279.0062511802487,125.05795969956868,69.0,31708.3022226201,16.0,False,7
6146,823.914,-1247.0,134.0,69.0,31711.694583342556,16.0,False,7
6147,824.057,-1222.6597575553662,141.4312263103737,69.0,31714.43555595343,16.0,False,7
6148,824.154,-1203.0,148.0,69.0,31716.294761961537,16.0,False,7
6149,824.394,-1142.0,170.0,69.0,31720.89472910021,16.0,False,7
6150,824.457,-1130.2983009358031,174.4220803421466,69.0,31722.102222620095,16.0,False,7
6151,824.657,-1107.8683491803956,183.68718786609153,69.0,31725.93555595343,16.0,False,7
6152,824.753,-1096.0,189.0,69.0,31727.775571022714,16.4,False,7
6153,824.897,-1072.910910452149,199.51351183061752,69.0,31730.53555595343,17.0,False,7
6154,824.994,-1054.0,208.0,69.0,31732.394633690725,17.0,False,7
6155,825.214,-1004.0,230.0,69.0,31736.611239621998,17.0,False,7
6156,825.257,-994.474795558861,234.31982403307336,69.0,31737.43555595343,17.0,False,7
6157,825.417,-961.106555462561,250.03478807567396,69.0,31740.502222620096,17.0,False,7
6158,825.613,-928.0,266.0,69.0,31744.24949724372,17.0,False,7
6159,825.937,-893.2568372040035,282.2305996084128,69.0,31750.468889286763,17.0,False,7
6160,826.013,-883.0,287.0,69.2375,31751.945216720866,17.0,False,7
6161,826.257,-840.6395813872986,306.77457493278905,70.0,31756.691111508982,17.0,False,7
6162,826.273,-838.0,308.0,69.92,31756.998943664563,17.0,False,7
6163,826.434,-810.0,321.0,69.11500032,31760.08127157337,17.0,False,7
6164,826.457,-804.1778727427018,323.73476646452673,69.0,31760.52444484232,17.0,False,7
6165,826.614,-757.0,346.0,69.6541664,31763.580067376497,17.6541664,False,7
6166,826.697,-739.9317789711981,354.0000809196645,70.0,31765.191111508982,18.0,False,7
6167,826.897,-722.329001485193,362.0615748795563,69.0,31769.02444484232,18.0,False,7
6168,826.994,-712.0,367.0,69.0,31770.88319369383,18.0,False,7
6169,827.057,-703.2460280226958,371.2616048820421,69.0,31772.091111508984,18.0,False,7
6170,827.297,-659.539816466493,392.7959398748735,69.0,31776.691111508982,17.0,False,7
6171,827.333,-653.0,396.0,69.0,31777.381090554227,17.0,False,7
6172,827.498,-624.2437606121875,409.9834134299585,69.0,31780.543611508983,17.0,False,7
6173,827.534,-618.0,413.0,69.0,31781.233619694038,17.0,False,7
6174,827.694,-591.0,426.0,69.0,31784.300308050544,17.0,False,7
6175,827.778,-579.6703649714594,431.4796391649805,69.0,31785.910278175652,17.0,False,7
6176,827.913,-553.0,444.0,69.0,31788.49765155743,17.0,False,7
6177,828.094,-504.0,466.0,69.0,31791.966931186245,17.0,False,7
6178,828.098,-504.9613806819841,465.52442376597315,69.0,31792.043611508983,17.0,False,7
6179,828.418,-869.5190102177369,293.1990232439812,69.0,31798.176944842315,17.0,False,7
6180,828.494,-907.0,276.0,69.0,31799.631553463732,17.19,False,7
6181,828.614,-886.0,287.0,69.0,31801.926196789864,17.49,False,7
6182,828.818,-839.0512596094746,309.4623874643615,69.0,31805.84361150898,18.0,False,7
6183,828.974,-812.0,319.0,69.35454545454546,31808.8657527233,18.0,False,7
6184,829.258,-772.5797488461071,320.50811382849025,70.0,31814.399167064534,18.0,False,7
6185,829.374,-749.0,320.0,70.0,31816.655897937504,18.3625,False,7
6186,829.574,-694.0,321.0,70.0,31820.54362410325,18.9875,False,7
6187,829.578,-692.9516323983677,321.0220451293358,70.0,31820.621389286753,19.0,False,7
6188,829.817,-640.8487909515324,321.839001713055,70.0,31825.268611508975,19.0,False,7
6189,829.977,-613.785259817049,321.99215621544454,70.0,31828.379722620084,19.0,False,7
6190,830.014,-608.0,322.0,70.0,31829.099164487234,19.0,False,7
6191,830.137,-590.0454221266428,321.95162882689885,70.0,31831.490833731194,19.0,False,7
6192,830.354,-558.0,322.0,70.0,31835.710242958296,19.0,False,7
6193,830.497,-531.2953336265854,322.55138398937976,70.0,31838.490833731194,19.0,False,7
6194,830.633,-503.0,323.0,70.0,31841.13539773527,18.66,False,7
6195,830.853,-456.0,323.0,70.0,31845.41318733676,18.11,False,7
6196,830.897,-447.6274103750138,323.1142866491102,70.0,31846.268611508975,18.0,False,7
6197,831.113,-410.0,324.0,70.0,31850.467557340256,18.0,False,7
6198,831.217,-389.97378084058806,323.9448817667138,70.0,31852.490833731194,18.0,False,7
6199,831.313,-371.0,324.0,70.0,31854.36004635415,17.65714285714286,False,7
6200,831.474,-340.0,325.0,70.0,31857.490126121833,17.082143085714286,False,7
6201,831.497,-335.5820584928878,325.14268609375097,70.0,31857.93527817564,17.0,False,7
6202,831.733,-290.0,326.0,69.50833333333334,31862.471600244906,17.0,False,7
6203,831.913,-255.0,326.0,69.13333333333334,31865.91120625421,17.0,False,7
6204,831.977,-242.72587466625117,326.46868370041705,69.0,31867.135278175636,17.0,False,7
6205,832.133,-213.0,328.0,69.0,31870.1213802625,16.566666666666666,False,7
6206,832.314,-178.0,328.0,69.0,31873.59322885779,16.06388906666667,False,7
6207,832.337,-173.5436248006839,328.06209484714924,69.0,31874.035278175637,16.0,False,7
6208,832.594,-125.0,330.0,69.0,31878.986475860613,12.495455418181818,False,7
6209,832.777,-91.03363664504217,330.89411448705374,69.0,31882.46861150897,10.0,False,7
6210,832.793,-87.0,331.0,68.86666666666666,31882.7696100763,9.666666666666666,False,7
6211,833.017,-24.23452641849774,332.9221670352677,67.0,31886.93527817564,5.0,False,7
6212,833.033,-23.0,333.0,66.95555555555555,31887.230783166946,4.777777777777778,False,7
6213,833.377,-52.57840101729789,332.88500512872594,66.0,31893.535278175637,0.0,False,7
6214,833.454,35.0,334.0,65.7593752,31894.933561053746,0.0,False,7
6215,833.654,424.0,339.0,65.1343752,31898.542162718586,0.0,False,7
6216,833.697,472.0744929863845,339.5901889231668,65.0,31899.31305595342,0.0,False,7
6217,833.937,468.5946965782117,339.12833308304715,64.0,31903.57972262009,0.0,False,7
6218,833.974,467.0,339.0,63.815920657805584,31904.230882660835,0.0,False,7
6219,834.138,502.81926783688743,338.83860331801253,63.0,31907.09722262009,0.0,False,7
6220,834.294,563.0,340.0,62.64545454545455,31909.80227920929,0.0,False,7
6221,834.574,643.0,346.0,62.00909090909091,31914.606846386414,0.0,False,7
6222,834.578,643.8367605971731,346.0902815666844,62.0,31914.675000397867,0.0,False,7
6223,834.858,687.5567220011528,353.6906385858222,61.0,31919.419444842308,3.0,False,7
6224,834.914,699.0,357.0,61.0,31920.366038636632,3.9333333333333336,False,7
6225,835.098,746.5056669139801,372.43199719511114,61.0,31923.486111508973,7.0,False,7
6226,835.134,754.0,375.0,61.128571428571426,31924.102007636007,7.257142857142857,False,7
6227,835.378,778.224509671256,384.5292413405889,62.0,31928.3083337312,9.0,False,7
6228,835.454,786.0,388.0,62.0,31929.615117689274,9.0,False,7
6229,835.538,797.8071205192465,393.16699746132105,62.0,31931.06388928675,9.0,False,7
6230,835.674,821.0,403.0,62.56666666666667,31933.43928053612,9.566666666666666,False,7
6231,835.778,838.4876710224852,409.9702135383924,63.0,31935.263889286747,10.0,False,7
6232,835.874,854.0,416.0,63.0,31936.944160034567,10.0,False,7
6233,835.938,863.8382523406532,419.8375317602536,63.0,31938.06388928675,10.0,False,7
6234,836.054,883.0,426.0,63.0,31940.09489229718,10.58,False,7
6235,836.138,900.7944991842667,429.31503609451005,63.0,31941.56388928675,11.0,False,7
6236,836.298,940.4942489543566,432.2312999019735,63.0,31944.363889286753,14.0,False,7
6237,836.334,949.0,432.0,63.225705283871044,31945.002040425687,14.33855792580656,False,7
6238,836.617,1007.1066055523121,419.04262679090175,65.0,31950.123611508978,17.0,False,7
6239,836.774,1030.0,411.0,65.78499968,31952.996654014525,19.35499904,False,7
6240,836.817,1034.8818744696334,409.34502252025646,66.0,31953.790278175642,20.0,False,7
6241,836.977,1048.5244548433275,404.9430803298906,67.0,31956.76805595342,17.0,False,7
6242,837.094,1062.0,400.0,67.0,31958.94354898334,18.4624992,False,7
6243,837.137,1068.5237803072876,397.4578743947367,67.0,31959.7458337312,19.0,False,7
6244,837.373,1111.0,380.0,67.84285714285714,31964.19721960617,19.0,False,7
6245,837.417,1117.1829978914968,377.31532423246955,68.0,31965.03472262009,19.0,False,7
6246,837.553,1142.0,366.0,68.48571428571428,31967.636944687096,19.0,False,7
6247,837.693,1198.0,340.0,68.98571428571428,31970.324665730273,19.0,False,7
6248,837.697,1199.3816957153151,339.34431819271634,69.0,31970.40138928676,19.0,False,7
6249,837.857,1232.347311199865,322.6250275009539,69.0,31973.468055953424,19.0,False,7
6250,837.993,1249.0,313.0,69.0,31976.074581902074,18.02857142857143,False,7
6251,838.137,1273.6216856092876,299.353021585998,69.0,31978.834722620093,17.0,False,7
6252,838.193,1283.0,294.0,69.0,31979.908103264723,16.65,False,7
6253,838.297,1298.3004992073559,284.7702559761474,69.0,31981.90138928676,16.0,False,7
6254,838.473,1329.0,266.0,69.0,31985.273673448268,16.4,False,7
6255,838.614,1369.0,243.0,69.0,31987.97539820806,16.7204544,False,7
6256,838.737,1397.8615757960154,226.02056589813506,69.0,31990.334722620093,17.0,False,7
6257,839.094,1447.0,195.0,69.0,31997.186177914817,16.18863650909091,False,7
6258,839.177,1456.041761285901,189.31073473407446,69.0,31998.768055953427,16.0,False,7
6259,839.414,1483.0,173.0,68.34166684444445,32003.25050901855,15.341666844444445,False,7
6260,839.533,1502.0,162.0,68.0111111111111,32005.492702980824,15.011111111111111,False,7
6261,839.537,1502.745517670028,161.56248496640632,68.0,32005.56805595343,15.0,False,7
6262,839.777,1558.107161735204,128.16922826204882,68.0,32010.101389286763,15.0,False,7
6263,839.853,1573.0,119.0,68.38,32011.555030924137,15.0,False,7
6264,839.977,1590.423286570149,108.06195140782503,69.0,32013.93472262009,15.0,False,7
6265,840.133,1608.0,97.0,68.61,32016.903854725722,15.0,False,7
6266,840.27,1628.0046050523986,84.93226466367888,68.26750016,32019.48760039403,15.0,False,7
