,TimeSeconds,X,Y,Speed,Distance,Throttle,Brake,LapNumber
0,0.0,2129.000293880853,-55.0002495040493,0.0,-5333.29462456182,23.0,True,1
1,0.015,2129.0003152159516,-55.00026768825853,0.0,-5333.294063365699,23.0,True,1
2,0.1,2129.0,-55.0,0.0,-5333.290461536567,23.0,True,1
3,0.175,2128.9991285197125,-54.99925991993824,0.0,-5333.294063365699,23.0,True,1
4,0.26,2129.0,-55.0,0.0,-5333.313820591437,23.0,True,1
5,0.375,2129.0090738447925,-55.00770570684077,0.0,-5333.294063365699,23.0,True,1
6,0.48,2129.0,-55.0,2.6250047999999997,-5333.135524732583,23.583334400000002,True,1
7,0.62,2129.0,-55.0,6.1249984,-5332.740400582635,24.361110755555554,True,1
8,0.735,2129.3221924670315,-55.27361286797484,9.0,-5332.394063365699,25.0,False,1
9,0.86,2132.0,-57.0,10.344085025012754,-5332.025664793382,25.0,False,1
10,1.014,2141.1692709860495,-62.60853185167169,12.0,-5331.464063365699,25.0,False,1
11,1.08,2145.0,-65.0,14.357147428571428,-5331.138835907272,27.121432685714286,False,1
12,1.294,2151.9799393801227,-69.82956586222812,22.0,-5329.752952254588,34.0,False,1
13,1.46,2158.0,-74.0,28.2249952,-5328.37093955955,41.608327466666665,False,1
14,1.534,2162.302784660432,-76.77971685316336,31.0,-5327.686285587921,45.0,False,1
15,1.62,2169.0,-81.0,33.1499968,-5326.845185342817,45.3071424,False,1
16,1.814,2192.5037736022805,-95.4969444332951,38.0,-5324.7307300323655,46.0,False,1
17,1.94,2208.0,-105.0,42.3312456,-5323.150281943563,54.6624912,False,1
18,2.134,2225.4823378378733,-115.72033365096277,49.0,-5320.375174476811,68.0,False,1
19,2.34,2245.0,-128.0,54.75587877647059,-5316.9432174837575,65.87941308235294,False,1
20,2.52,2270.0,-144.0,59.785297694117645,-5313.541655424656,64.02646927058824,False,1
21,2.68,2294.0,-159.0,64.25588592941176,-5310.325365108154,62.379410447058824,False,1
22,2.814,2323.543883718213,-177.49906387014443,68.0,-5307.530730032366,61.0,False,1
23,3.02,2372.0,-208.0,76.3687448,-5303.0422333003025,70.656244,False,1
24,3.134,2388.4586624553194,-218.48156376093718,81.0,-5300.330730032366,76.0,False,1
25,3.3,2408.0,-231.0,88.88499392,-5295.9840067716195,76.41499968,False,1
26,3.534,2456.3762832993734,-261.56101759597414,100.0,-5289.219618921255,77.0,False,1
27,3.56,2465.0,-267.0,101.0562552,-5288.4374650897225,77.3250016,False,1
28,3.76,2546.0,-318.0,109.1812552,-5282.220163787543,79.8250016,False,1
29,3.854,2572.3504464137554,-334.38551227643353,113.0,-5279.17517447681,81.0,False,1
30,4.134,2604.6223770636434,-353.5053363955459,123.0,-5269.608507810143,98.0,False,1
31,4.28,2656.0,-386.0,129.3875056,-5264.262121614998,98.9125008,False,1
32,4.454,2755.5377901910324,-449.67903928186695,137.0,-5257.430730032365,100.0,False,1
33,4.481,2767.0,-457.0,138.928576,-5256.311733076777,100.0,False,1
34,4.734,2808.7263310537855,-482.91587037342924,157.0,-5245.219618921255,100.0,False,1
35,4.761,2817.0,-488.0,157.8678592,-5244.005622363285,100.0,False,1
36,5.014,2963.7123881354005,-578.7781188893887,166.0,-5232.308507810143,100.0,False,1
37,5.081,2998.0,-600.0,169.75701368364136,-5229.023578136306,100.0,False,1
38,5.335,3062.6569936525516,-639.8099850623274,184.0,-5215.901841143477,100.0,False,1
39,5.461,3101.0,-663.0,188.3312544,-5209.153552240944,100.0,False,1
40,5.655,3202.3457811525204,-724.1125166071869,195.0,-5198.568507810143,100.0,False,1
41,5.741,3247.0,-751.0,197.1500032,-5193.845493349473,100.0,False,1
42,5.815,3280.2911469872615,-771.0220323772267,199.0,-5189.724063365699,100.0,False,1
43,6.021,3362.0,-820.0,206.0812544,-5177.801364756433,100.0,False,1
44,6.135,3415.8012300784244,-852.1282376289716,210.0,-5171.057396699032,100.0,False,1
45,6.281,3493.0,-898.0,213.6500032,-5162.361927782438,100.0,False,1
46,6.375,3545.855040241916,-929.1878661394715,216.0,-5156.657396699033,100.0,False,1
47,6.5,3621.0,-973.0,221.62499712,-5148.8835259048465,100.0,False,1
48,6.575,3669.3715641001972,-1000.7456024007075,225.0,-5144.157396699033,100.0,False,1
49,6.62,3698.0,-1017.0,225.93749866666667,-5141.309767130488,100.0,False,1
50,6.815,3809.665765910848,-1078.7978329352507,230.0,-5128.824063365699,100.0,False,1
51,6.94,3878.0,-1115.0,233.1249984,-5120.625152767354,100.0,False,1
52,7.055,3942.412265069689,-1148.0123265663722,236.0,-5113.090730032366,100.0,False,1
53,7.14,3995.0,-1175.0,232.8125024,-5107.612845016634,64.58336,False,1
54,7.295,4107.158332960689,-1233.7528565582145,227.0,-5097.957396699032,0.0,True,1
55,7.38,4163.0,-1263.0,220.6250048,-5092.955919523182,0.0,True,1
56,7.695,4294.991556718851,-1330.7400792732267,197.0,-5076.068507810143,0.0,True,1
57,7.72,4305.0,-1336.0,195.3709150683244,-5074.815171604578,0.0,True,1
58,7.92,4397.0,-1385.0,182.3383357051291,-5065.2143157034125,0.0,True,1
59,8.094,4503.324514849496,-1440.0436828251668,171.0,-5057.116007810144,0.0,True,1
60,8.18,4548.0,-1463.0,167.7750048,-5053.114101044537,0.0,True,1
61,8.254,4576.392343833978,-1477.593532820619,165.0,-5049.78267447681,0.0,True,1
62,8.58,4657.0,-1523.0,143.9458416,-5037.290310800329,0.0,True,1
63,8.734,4739.470949747732,-1573.6278531915607,134.0,-5031.916007810143,0.0,True,1
64,8.8,4773.0,-1595.0,132.18499648,-5029.626875680987,0.0,True,1
65,9.134,4867.662604779155,-1665.6872954526252,123.0,-5018.249341143477,0.0,True,1
66,9.18,4876.0,-1673.0,121.62000384,-5016.728182072076,0.0,True,1
67,9.334,4900.205409579377,-1695.430739416465,117.0,-5011.749341143477,0.0,True,1
68,9.66,4946.0,-1747.0,108.8500032,-5001.943679157821,0.0,True,1
69,9.694,4951.968559986775,-1754.451659570038,108.0,-5000.949341143477,0.0,True,1
70,9.74,4960.0,-1765.0,107.17857371428572,-4999.608316724168,0.0,True,1
71,9.974,4990.412538979882,-1821.571691005972,103.0,-4992.938230032366,0.0,True,1
72,10.0,4993.0,-1828.0,102.41499712,-4992.227326854269,1.43000704,True,1
73,10.22,5009.0,-1883.0,97.46500288,-4986.470680985606,13.529992960000001,True,1
74,10.374,5012.019957185564,-1922.3358231592345,94.0,-4982.493785587922,22.0,False,1
75,10.4,5012.0,-1929.0,94.0,-4981.815426692695,22.1625008,False,1
76,10.534,5009.780553698166,-1963.3162423704703,94.0,-4978.316007810144,23.0,False,1
77,10.6,5007.0,-1980.0,93.31249866666667,-4976.625197020506,20.249994666666666,False,1
78,10.86,4985.0,-2043.0,90.604168,-4970.1955153768,9.416671999999998,False,1
79,11.014,4967.048874436819,-2077.088363098739,89.0,-4966.449341143477,3.0,False,1
80,11.381,4914.0,-2150.0,87.3318178909091,-4957.567599771385,8.004546327272728,False,1
81,11.454,4902.269295709402,-2163.7071815297813,87.0,-4955.816007810144,9.0,False,1
82,11.661,4868.0,-2201.0,86.48379028170218,-4950.883080716063,25.002501267232123,False,1
83,11.821,4842.0,-2228.0,86.08478772425539,-4947.057067205573,37.37158054808268,False,1
84,11.855,4836.337479214929,-2233.712805429955,86.0,-4946.236563365699,40.0,False,1
85,12.095,4794.658652720725,-2274.4920294216745,88.0,-4940.369896699032,51.0,False,1
86,12.161,4783.0,-2286.0,88.33000064,-4938.733334259976,47.6999936,False,1
87,12.381,4744.0,-2325.0,89.43000064,-4933.218973471229,36.6999936,False,1
88,12.495,4723.773695156045,-2344.6405768321133,90.0,-4930.369896699032,31.0,False,1
89,12.561,4712.0,-2356.0,90.16500032,-4928.728312105416,36.44501056,False,1
90,12.781,4672.0,-2395.0,90.71500032,-4923.251764268151,54.59501056,False,1
91,12.861,4657.0,-2410.0,90.91500032,-4921.166675922349,61.19501056,False,1
92,12.895,4650.666836576248,-2416.478609998051,91.0,-4920.258785587921,64.0,False,1
93,13.04,4624.0,-2445.0,97.52500864,-4916.2509563586145,70.52500864,False,1
94,13.095,4613.922840234331,-2456.4152223831998,100.0,-4914.703230032365,73.0,False,1
95,13.4,4559.0,-2526.0,101.9062512,-4906.059927946397,69.1874976,False,1
96,13.415,4556.403581885556,-2529.690968631317,102.0,-4905.636563365699,69.0,False,1
97,13.615,4522.818313307333,-2580.7100817207725,102.0,-4899.969896699033,52.0,False,1
98,13.62,4522.0,-2582.0,102.10416533333333,-4899.824720907722,50.916680533333334,False,1
99,13.7,4509.0,-2603.0,103.770832,-4897.469336034369,33.5833472,False,1
100,13.855,4483.713953532705,-2650.949028308125,107.0,-4892.8365633656995,0.0,False,1
101,14.0,4463.0,-2698.0,105.1874976,-4888.60239057842,7.250009599999999,False,1
102,14.015,4461.1825134571845,-2702.6116309953827,105.0,-4888.1698966990325,8.0,False,1
103,14.295,4440.192151827349,-2767.5920186477942,102.0,-4880.236563365699,13.0,False,1
104,14.34,4440.0,-2768.0,101.85893439820752,-4878.968717581618,13.423196805377444,False,1
105,14.614,4450.083880600074,-2730.6508406968806,101.0,-4871.2868411434765,16.0,False,1
106,14.62,4450.0,-2731.0,100.96666737777778,-4871.12065890853,16.5999872,False,1
107,14.86,4434.0,-2796.0,99.63333404444444,-4864.54375296801,40.5999872,False,1
108,14.96,4429.0,-2823.0,99.07777706666667,-4861.777427671605,50.6000128,False,1
109,14.974,4428.3856203442,-2826.73212017952,99.0,-4861.386841143477,52.0,False,1
110,15.28,4418.0,-2912.0,102.8250016,-4852.641503413551,46.2624976,False,1
111,15.294,4417.678495862607,-2915.9985939446965,103.0,-4852.231285587921,46.0,False,1
112,15.454,4415.142659008105,-2962.290025961199,107.0,-4847.475730032365,50.0,False,1
113,15.48,4415.0,-2970.0,107.2785728,-4846.690137038217,50.7428608,False,1
114,15.56,4415.0,-2994.0,108.13571565714285,-4844.249714382461,53.02857508571429,False,1
115,15.734,4415.24827828509,-3046.766305084064,110.0,-4838.92017447681,58.0,False,1
116,15.78,4415.0,-3063.0,110.0,-4837.533284869543,57.23333546666667,False,1
117,15.974,4411.729860583433,-3146.9788143180826,110.0,-4831.586841143477,54.0,False,1
118,16.12,4408.0,-3206.0,118.34286445714285,-4826.576754029006,54.0,False,1
119,16.254,4404.281406905842,-3244.5231459269185,126.0,-4821.7868411434765,54.0,False,1
120,16.5,4394.0,-3303.0,126.87857097142857,-4813.1014068448985,37.30715154285714,False,1
121,16.534,4391.819669007724,-3313.8424605730584,127.0,-4811.909063365699,35.0,False,1
122,16.68,4381.0,-3365.0,126.26999936,-4806.803445797376,35.0,False,1
123,16.734,4376.967520776575,-3382.766883186668,126.0,-4804.909063365699,35.0,False,1
124,16.8,4371.0,-3406.0,126.55000106666667,-4802.5840933634345,41.6000128,False,1
125,16.974,4343.546715824476,-3490.8712656015146,128.0,-4796.375730032366,59.0,False,1
126,17.06,4328.0,-3533.0,130.1499968,-4793.2390791192265,59.0,False,1
127,17.134,4315.046101601259,-3565.0817391012642,132.0,-4790.509063365699,59.0,False,1
128,17.414,4269.621135788325,-3654.334027996366,135.0,-4780.009063365699,60.0,False,1
129,17.541,4251.0,-3685.0,135.63500032,-4775.227011578044,62.85750144,False,1
130,17.814,4211.866832130217,-3740.7224121195804,137.0,-4764.7868411434765,69.0,False,1
131,17.841,4207.0,-3747.0,137.61363781818181,-4763.72403985352,69.55227403636364,False,1
132,18.041,4156.0,-3806.0,142.15909236363638,-4755.670202051658,73.64318312727272,False,1
133,18.254,4050.109081669117,-3904.259425984489,147.0,-4746.82017447681,78.0,False,1
134,18.261,4047.0,-3907.0,147.208957200862,-4746.5256830471535,78.03482620014367,False,1
135,18.455,3984.9249211351334,-3958.0838987169936,153.0,-4738.27767447681,79.0,False,1
136,18.735,3925.5157712757987,-3992.061466563894,158.0,-4725.9887855879215,98.0,False,1
137,18.761,3917.0,-3997.0,159.40834026666667,-4724.789821887453,98.21666773333334,False,1
138,18.975,3830.5680015154217,-4047.1686810321357,171.0,-4714.588785587921,100.0,False,1
139,19.001,3820.0,-4053.0,171.4875024,-4713.338440393852,100.0,False,1
140,19.135,3767.2534479780766,-4080.2627563905517,174.0,-4706.855452254587,100.0,False,1
141,19.201,3733.0,-4096.0,175.4437528,-4703.597912405571,100.0,False,1
142,19.401,3593.0,-4155.0,179.8187528,-4693.501830520054,100.0,False,1
143,19.455,3564.124250294498,-4166.617822750277,181.0,-4690.766563365699,100.0,False,1
144,19.615,3514.2260056736122,-4184.919449810586,184.0,-4682.588785587921,100.0,False,1
145,19.78,3451.0,-4202.0,194.72499584,-4673.594551811726,100.0,False,1
146,19.815,3431.1005860238515,-4207.106781169643,197.0,-4671.644341143477,100.0,False,1
147,19.975,3320.610601008346,-4234.546925289553,203.0,-4662.622118921255,100.0,False,1
148,20.02,3293.0,-4241.0,204.34999808,-4660.043873964322,100.0,False,1
149,20.175,3220.94530917481,-4255.921653041532,209.0,-4651.011007810143,100.0,False,1
150,20.42,3127.0,-4267.0,215.1249984,-4636.226446988786,100.0,False,1
151,20.575,3035.173489556018,-4275.109582065145,219.0,-4626.67767447681,100.0,False,1
152,20.62,3007.0,-4277.0,219.8437488,-4623.890282070408,100.0,False,1
153,20.82,2884.0,-4281.0,223.5937488,-4611.410733648319,100.0,False,1
154,20.895,2839.9049937606833,-4280.6527807811035,225.0,-4606.67767447681,100.0,False,1
155,21.0,2771.0,-4277.0,226.61849986978035,-4599.997258980628,100.0,False,1
156,21.28,2518.0,-4245.0,230.93449163042877,-4581.884606169459,100.0,False,1
157,21.414,2437.933351292929,-4230.876874605312,233.0,-4573.086841143477,100.0,False,1
158,21.72,2314.0,-4193.0,238.95000248888888,-4552.713504061549,100.0,False,1
159,21.74,2302.0,-4189.0,239.3388864,-4551.371241517489,100.0,False,1
160,21.774,2281.2652344056523,-4181.895571523591,240.0,-4549.086841143477,100.0,False,1
161,21.934,2180.153774176478,-4143.717185765832,243.0,-4538.2868411434765,100.0,False,1
162,22.04,2113.0,-4115.0,244.51428754285715,-4531.065563261214,100.0,False,1
163,22.214,2005.1006538011472,-4062.738908151349,247.0,-4519.075730032366,100.0,False,1
164,22.32,1940.0,-4028.0,248.85500224,-4511.677286577843,100.0,False,1
165,22.48,1842.0,-3972.0,251.65500224,-4500.381793078045,100.0,False,1
166,22.614,1760.821953960744,-3923.446041823623,254.0,-4490.853507810143,100.0,False,1
167,22.68,1721.0,-3899.0,254.73333475555555,-4486.1420191625275,100.0,False,1
168,22.94,1564.0,-3800.0,257.6222208,-4467.494070092986,100.0,False,1
169,22.974,1543.306630485089,-3787.094524267218,258.0,-4465.053507810144,100.0,False,1
170,23.04,1503.0,-3762.0,258.33000064,-4460.316273578639,100.0,False,1
171,23.174,1420.6552006797378,-3709.844369545725,259.0,-4450.664618921254,100.0,False,1
172,23.32,1332.0,-3653.0,261.6071451428571,-4440.012137747033,100.0,False,1
173,23.454,1253.0371125149475,-3602.421719407018,264.0,-4430.131285587921,100.0,False,1
174,23.54,1196.0,-3566.0,265.0749984,-4423.749237950082,100.0,False,1
175,23.8,995.0,-3438.0,268.3250016,-4404.296009747129,100.0,False,1
176,23.854,964.5172894757217,-3418.4540374612916,269.0,-4400.242396699033,100.0,False,1
177,24.014,895.1789805443811,-3373.5517068319327,271.0,-4388.197952254588,100.0,False,1
178,24.041,882.0,-3365.0,271.3375008,-4386.15310980401,100.0,False,1
179,24.321,713.0,-3256.0,274.8375008,-4364.750480208636,100.0,False,1
180,24.334,704.9756685193684,-3250.91664835812,275.0,-4363.753507810144,100.0,False,1
181,24.501,603.0,-3187.0,276.3916672,-4350.930935648238,100.0,False,1
182,24.574,556.6412750332682,-3157.927464645892,277.0,-4345.2868411434765,100.0,False,1
183,24.781,420.0,-3074.0,277.0,-4329.267977115742,18.924974933333328,False,1
184,24.814,398.1432945875206,-3061.3149317347074,277.0,-4326.82017447681,6.0,True,1
185,24.901,341.0,-3029.0,267.40212598482583,-4320.577611824451,4.142346964805003,True,1
186,25.095,220.54643970345606,-2962.922871164641,246.0,-4307.6185078101435,0.0,True,1
187,25.101,217.0,-2961.0,245.34998613333335,-4307.234077802853,0.0,True,1
188,25.335,82.27248416810983,-2889.2848171198293,220.0,-4292.9518411434765,0.0,True,1
189,25.361,66.0,-2881.0,218.374992,-4291.443710012636,0.0,True,1
190,25.655,-128.09260331368972,-2787.023686789172,200.0,-4275.174063365699,0.0,True,1
191,25.681,-141.0,-2781.0,199.0249952,-4273.756510955741,0.0,True,1
192,25.815,-189.82774594415585,-2758.869290771746,194.0,-4266.551841143477,0.0,True,1
193,25.975,-243.33835507591317,-2741.5534620151716,181.0,-4258.507396699032,0.0,True,1
194,26.001,-257.0,-2738.0,180.3499968,-4257.223215422974,0.0,True,1
195,26.215,-411.6643096172387,-2702.8625229776003,175.0,-4246.840730032365,0.0,True,1
196,26.28,-450.0,-2695.0,172.29165866666668,-4243.811676483997,7.312521599999999,True,1
197,26.455,-501.8409630876238,-2686.8520354170723,165.0,-4235.840730032365,27.0,False,1
198,26.62,-541.0,-2686.0,165.68749973333334,-4228.242400764204,39.71874506666666,False,1
199,26.78,-615.0,-2683.0,166.3541664,-4220.788917471359,52.0520784,False,1
200,26.935,-682.8590628938085,-2682.35013191436,167.0,-4213.574063365699,64.0,False,1
201,27.1,-762.0,-2688.0,167.68749973333334,-4205.904673854165,67.43749866666667,False,1
202,27.175,-806.8167774376577,-2693.856860341157,168.0,-4202.374063365699,69.0,False,1
203,27.3,-881.0,-2706.0,170.3437488,-4196.387140214375,69.7812496,False,1
204,27.495,-952.225708947864,-2723.6162078758907,174.0,-4186.907396699033,71.0,False,1
205,27.58,-982.0,-2734.0,174.42499968,-4182.782886783056,73.1249984,False,1
206,27.695,-1030.5233200488428,-2752.5902842897826,175.0,-4177.18517447681,76.0,False,1
207,27.86,-1108.0,-2787.0,177.47499904,-4169.044111055081,89.19999488,False,1
208,27.895,-1123.8954951868138,-2795.1956605935443,178.0,-4167.296285587921,92.0,False,1
209,27.96,-1153.0,-2811.0,179.16487772561945,-4164.028936660641,93.86380436099111,False,1
210,28.174,-1247.4718557328954,-2865.132585634323,183.0,-4153.1137855879215,100.0,False,1
211,28.2,-1259.0,-2872.0,183.4875024,-4151.778077828445,100.0,False,1
212,28.334,-1318.9012546299323,-2908.5238376557572,186.0,-4144.847118921254,100.0,False,1
213,28.48,-1385.0,-2948.0,188.60714514285715,-4137.131652141894,92.6999936,False,1
214,28.614,-1446.3442917555187,-2981.4767820826096,191.0,-4129.991563365699,86.0,False,1
215,28.72,-1496.0,-3006.0,191.0,-4124.366118514481,64.26997376,False,1
216,28.814,-1541.2507331067238,-3026.2275435882584,191.0,-4119.380452254588,45.0,False,1
217,28.88,-1573.0,-3039.0,191.0,-4115.874543566964,46.41428845714286,False,1
218,29.04,-1652.0,-3064.0,191.0,-4107.375337752386,49.84285988571428,False,1
219,29.094,-1683.829657715567,-3071.016436427358,191.0,-4104.524896699032,51.0,False,1
220,29.374,-1865.0812595143634,-3094.799707583482,188.0,-4089.9026744768103,35.0,False,1
221,29.38,-1868.0,-3095.0,187.96666737777778,-4089.5910585834527,35.4499904,False,1
222,29.64,-1961.0,-3091.0,186.5222215111111,-4076.1371492985,54.9500096,False,1
223,29.734,-2002.3059697174879,-3084.309827535548,186.0,-4071.3026744768104,62.0,False,1
224,29.98,-2131.0,-3054.0,184.24285805714285,-4058.7253962092964,47.94286445714285,False,1
225,30.014,-2147.7642998858587,-3048.29514259801,184.0,-4056.991563365699,46.0,False,1
226,30.06,-2170.0,-3040.0,183.7125008,-4054.6467863362923,38.81252,False,1
227,30.174,-2223.798747404179,-3016.6731950472577,183.0,-4048.858230032366,21.0,False,1
228,30.26,-2263.0,-2997.0,182.2181829818182,-4044.5408505644555,30.381804218181816,False,1
229,30.614,-2414.3354592146306,-2901.980409443903,179.0,-4026.9804522545883,69.0,False,1
230,30.641,-2426.0,-2894.0,179.22500053333334,-4025.624547812732,69.45000106666667,False,1
231,30.841,-2516.0,-2829.0,180.8916672,-4015.4755783569435,72.7833344,False,1
232,31.094,-2648.3210458002854,-2711.158817462867,183.0,-4002.5804522545877,77.0,False,1
233,31.221,-2714.0,-2655.0,183.0,-3996.163695429176,66.20499456,False,1
234,31.294,-2749.7437698031595,-2627.404815195493,183.0,-3992.413785587921,60.0,False,1
235,31.454,-2822.9022529625913,-2578.825081801949,190.0,-3983.969341143477,36.0,True,1
236,31.641,-2895.0,-2538.0,188.88822783453816,-3974.180688829515,36.66706329927711,True,1
237,31.961,-2999.0,-2494.0,186.98573066240994,-3957.8009781369697,37.808561602554036,True,1
238,32.121,-3078.0,-2470.0,186.03448207634585,-3949.649197949784,38.379310754192495,True,1
239,32.295,-3163.0435725332086,-2450.883160685956,185.0,-3940.7512855879213,39.0,False,1
240,32.381,-3208.0,-2445.0,185.0,-3936.340815006226,39.0,False,1
241,32.615,-3345.6494091391064,-2440.878812466008,185.0,-3924.306841143477,39.0,False,1
242,32.68,-3380.0,-2442.0,185.0,-3920.959312876482,39.0,False,1
243,32.855,-3454.809131177461,-2448.9490898240238,185.0,-3911.973507810144,39.0,False,1
244,33.04,-3541.0,-2467.0,183.14999808,-3902.5749697794054,74.15003648,False,1
245,33.055,-3549.97664333202,-2469.158105900429,183.0,-3901.806841143477,77.0,False,1
246,33.255,-3688.554657979549,-2506.8918201266065,187.0,-3891.4179522545883,84.0,False,1
247,33.26,-3692.0,-2508.0,187.0624992,-3891.1552046484267,84.04999936,False,1
248,33.655,-3914.2596765212984,-2602.141794506868,192.0,-3870.084618921255,88.0,False,1
249,33.66,-3916.0,-2603.0,192.0312496,-3869.8169628809273,88.0,False,1
250,33.815,-3953.9410180996815,-2622.903396546795,193.0,-3861.5068411434772,88.0,False,1
251,33.96,-3990.0,-2647.0,193.72500096,-3853.6544998002123,24.199915519999998,False,1
252,34.015,-4010.6251955920725,-2661.618160228463,194.0,-3850.7290633656994,0.0,True,1
253,34.18,-4084.0,-2716.0,186.57500288,-3842.2343412429846,0.0,True,1
254,34.215,-4097.980197865952,-2727.0539448977147,185.0,-3840.4512855879216,0.0,True,1
255,34.495,-4196.9745683597,-2823.542163180771,181.0,-3826.373507810144,0.0,True,1
256,34.5,-4199.0,-2826.0,180.74930687477539,-3826.1321843202713,0.0,True,1
257,34.74,-4299.0,-2959.0,168.71588283616575,-3815.082613321164,0.0,True,1
258,34.854,-4323.913823751339,-2992.297402459871,163.0,-3810.1187855879216,0.0,True,1
259,35.16,-4352.0,-3060.0,150.75999488,-3797.508036347807,0.0,True,1
260,35.254,-4376.6938305697095,-3128.6902852857083,147.0,-3793.7854522545886,0.0,True,1
261,35.32,-4393.0,-3175.0,145.48749706666666,-3791.205220476118,0.0,True,1
262,35.72,-4413.0,-3273.0,136.3208304,-3776.1601827905497,0.0,True,1
263,35.734,-4413.282551521456,-3277.0804738290594,136.0,-3775.6521189212554,0.0,True,1
264,35.94,-4419.0,-3354.0,130.11428937142858,-3768.3084177095097,0.0,True,1
265,36.014,-4419.57006659954,-3379.342914957116,128.0,-3765.6965633656996,0.0,False,1
266,36.1,-4418.0,-3411.0,127.3857152,-3762.664862287672,6.142848,False,1
267,36.294,-4403.018211043363,-3511.5775974015514,126.0,-3755.8965633657,20.0,False,1
268,36.38,-4397.0,-3546.0,124.464288,-3752.967880273787,13.857152000000001,False,1
269,36.574,-4390.025055899419,-3576.366931464901,121.0,-3746.485452254589,0.0,False,1
270,36.64,-4383.0,-3591.0,120.29285577142858,-3744.29593514328,0.0,False,1
271,36.854,-4334.430459418816,-3683.519031409265,118.0,-3737.307674476811,0.0,False,1
272,36.92,-4319.0,-3710.0,116.58571154285714,-3735.221668234078,0.0,False,1
273,37.134,-4281.190823560999,-3760.107513262227,112.0,-3728.5965633656997,0.0,False,1
274,37.334,-4245.413990514203,-3784.0791265124226,113.0,-3722.318785587922,27.0,False,1
275,37.361,-4239.0,-3788.0,113.27000064,-3721.45901356135,29.0250048,False,1
276,37.734,-4117.931307692812,-3850.4919628079515,117.0,-3709.318785587922,57.0,False,1
277,37.761,-4108.0,-3854.0,117.22453278663222,-3708.430696830444,57.224532786632224,False,1
278,38.141,-3974.0,-3881.0,120.38461636718388,-3695.7398426345144,60.38461636718388,False,1
279,38.215,-3956.3960645221196,-3883.402003786032,121.0,-3693.151841143477,61.0,False,1
280,38.481,-3902.0,-3888.0,131.45000502857144,-3683.418893513963,78.10000822857143,False,1
281,38.495,-3897.914591568833,-3888.189864551205,132.0,-3682.885174476811,79.0,False,1
282,38.821,-3771.0,-3892.0,143.77222684444445,-3669.8173163670244,94.39445048888889,False,1
283,38.855,-3757.1571284788715,-3892.350448140533,145.0,-3668.385174476811,96.0,False,1
284,39.041,-3682.0,-3894.0,152.30714788571427,-3660.337939595657,98.65714468571429,False,1
285,39.135,-3642.853903992859,-3894.4846026033865,156.0,-3656.2518411434776,100.0,False,1
286,39.221,-3605.0,-3895.0,156.0,-3652.5476447007086,100.0,False,1
287,39.375,-3530.233106184585,-3896.732930909126,156.0,-3645.8518411434775,100.0,False,1
288,39.46,-3490.0,-3898.0,159.6428544,-3642.003779177386,100.0,False,1
289,39.655,-3406.9421413704267,-3901.7243344785797,168.0,-3632.785174476811,100.0,False,1
290,39.7,-3387.0,-3903.0,169.8281224,-3630.5919297929386,100.0,False,1
291,39.94,-3270.0,-3913.0,179.5781224,-3618.5061726188087,100.0,False,1
292,39.975,-3252.5375805800204,-3914.800778070392,181.0,-3616.696285587922,100.0,False,1
293,40.24,-3119.0,-3931.0,190.46429257142856,-3602.649952238996,100.0,False,1
294,40.255,-3111.222520748736,-3932.059955303335,191.0,-3601.840730032366,100.0,False,1
295,40.46,-3002.0,-3948.0,196.1249984,-3590.6462190067937,100.0,False,1
296,40.495,-2982.787802832729,-3950.9508213505287,197.0,-3588.7073966990333,100.0,False,1
297,40.66,-2893.0,-3965.0,201.1249984,-3579.452235624716,100.0,False,1
298,40.735,-2855.829868074042,-3970.7087629870775,203.0,-3575.1740633657,100.0,False,1
299,40.84,-2804.0,-3979.0,206.67500672,-3569.1040474663705,100.0,False,1
300,40.935,-2751.757062147847,-3988.3184531468237,210.0,-3563.507396699033,100.0,False,1
301,41.06,-2678.0,-4002.0,213.74999808,-3555.9604159484443,100.0,False,1
302,41.18,-2607.0,-4015.0,217.34999808,-3548.5306244416142,100.0,False,1
303,41.335,-2526.934818763898,-4031.8133562035296,222.0,-3538.8407300323665,100.0,False,1
304,41.52,-2401.0,-4060.0,225.97849784005786,-3527.187802789812,100.0,False,1
305,41.614,-2300.0554558147082,-4081.6053221897073,228.0,-3521.170730032367,100.0,False,1
306,41.7,-2213.0,-4100.0,231.43999488,-3515.58651226883,100.0,False,1
307,41.814,-2142.277312781681,-4114.657877516301,236.0,-3508.0596189212556,100.0,False,1
308,42.054,-2060.629886446868,-4124.683241877801,244.0,-3491.7929522545883,100.0,False,1
309,42.06,-2057.0,-4125.0,244.0749984,-3491.383822857824,100.0,False,1
310,42.294,-1859.8657125158886,-4140.005462987454,247.0,-3475.326285587922,100.0,False,1
311,42.34,-1823.0,-4142.0,248.437496,-3472.1056747248813,100.0,False,1
312,42.614,-1660.956439510713,-4143.365741921373,257.0,-3452.481841143478,100.0,False,1
313,42.66,-1637.0,-4143.0,258.437496,-3449.144576479285,100.0,False,1
314,42.774,-1577.5090820446724,-4142.112564697803,262.0,-3440.837396699033,100.0,False,1
315,42.934,-1451.9854098111614,-4137.685270498092,264.0,-3429.1040633657003,100.0,False,1
316,42.96,-1419.0,-4136.0,264.464288,-3427.183344508902,100.0,False,1
317,43.08,-1240.0,-4126.0,266.6071451428571,-3418.2602926835743,100.0,False,1
318,43.214,-1121.8737947280908,-4119.708613242231,269.0,-3408.181841143478,100.0,False,1
319,43.46,-1042.0,-4117.0,275.1499968,-3389.3546009829956,100.0,False,1
320,43.494,-1022.1761510803148,-4116.183711165595,276.0,-3386.715174476811,100.0,False,1
321,43.72,-846.0,-4109.0,281.6500032,-3368.9304829930243,100.0,False,1
322,43.854,-741.0896665240199,-4106.090817072562,285.0,-3358.215174476811,100.0,False,1
323,43.981,-642.0,-4104.0,288.1750016,-3347.9555066369353,100.0,False,1
324,44.134,-518.9425266922532,-4101.617665286231,292.0,-3335.5040633657,100.0,False,1
325,44.181,-482.0,-4101.0,292.4406256,-3331.670166329719,100.0,False,1
326,44.361,-335.0,-4099.0,294.1281256,-3316.942314131588,100.0,False,1
327,44.454,-229.3637689530679,-4097.5397858647275,295.0,-3309.281841143478,100.0,False,1
328,44.601,-55.0,-4095.0,297.925375339423,-3297.0898048468553,100.0,False,1
329,44.655,-7.1870007848259725,-4094.2508149815376,299.0,-3292.587674476811,100.0,False,1
330,44.855,96.11946099818198,-4092.3472357727114,302.0,-3275.8098966990337,100.0,False,1
331,45.021,212.0,-4091.0,303.66000128,-3261.762701428641,100.0,False,1
332,45.255,478.25919656707083,-4089.035647948027,306.0,-3241.8098966990333,100.0,False,1
333,45.261,484.0,-4089.0,306.09000192,-3241.296651113979,100.0,False,1
334,45.455,612.5295365893519,-4088.5298910868796,309.0,-3224.643230032367,100.0,False,1
335,45.581,689.0,-4091.0,310.5750016,-3213.727711384904,100.0,False,1
336,45.775,852.5839436725413,-4101.652867670835,313.0,-3196.8210078101447,100.0,False,1
337,45.86,928.0,-4110.0,313.42499968,-3189.4100770305076,100.0,False,1
338,45.975,1025.8794902838383,-4125.514057051091,314.0,-3179.3765633657,100.0,False,1
339,46.02,1064.0,-4133.0,314.1874997333333,-3175.4462592964396,100.0,False,1
340,46.215,1231.1390610781282,-4174.382687447961,315.0,-3158.3765633657,100.0,False,1
341,46.28,1285.0,-4190.0,315.3482153142857,-3152.6652549179994,100.0,False,1
342,46.44,1421.0,-4234.0,316.2053581714286,-3138.558048401702,100.0,False,1
343,46.64,1655.0,-4317.0,317.27678674285715,-3120.8570200866106,100.0,False,1
344,46.775,1774.6293868160424,-4359.902639931909,318.0,-3108.9098966990337,100.0,False,1
345,47.055,1939.5314902303755,-4417.462200162982,319.0,-3084.0987855879225,100.0,False,1
346,47.12,1990.0,-4434.0,319.6964306285714,-3078.302616453297,100.0,False,1
347,47.16,2024.0,-4445.0,320.12500205714286,-3074.7270995480003,100.0,False,1
348,47.335,2174.045561052078,-4493.283258809604,322.0,-3059.054341143478,100.0,False,1
349,47.48,2297.0,-4532.0,322.0,-3046.082707612144,100.0,False,1
350,47.535,2343.0520589622747,-4546.177385864267,322.0,-3041.165452254589,100.0,False,1
351,47.695,2481.3172780706373,-4587.624150794247,322.0,-3026.8543411434775,100.0,False,1
352,47.7,2486.0,-4589.0,322.03749952,-3026.405947643186,100.0,False,1
353,47.9,2693.0,-4647.0,323.53749952,-3008.38991015279,100.0,False,1
354,48.095,2927.391997904845,-4700.359658055471,325.0,-2990.7432300323667,100.0,False,1
355,48.254,3101.8296554745107,-4734.676283089881,326.0,-2976.3448966990336,100.0,False,1
356,48.32,3152.0,-4744.0,326.0,-2970.3700765406547,100.0,False,1
357,48.574,3261.7696816004755,-4759.250378901313,326.0,-2947.367118921256,100.0,False,1
358,48.6,3278.0,-4761.0,326.0812504,-2945.0076631608154,100.0,False,1
359,48.82,3476.0,-4781.0,326.7687496,-2925.0141772629763,100.0,False,1
360,48.894,3544.033196111185,-4786.0044477915235,327.0,-2918.3004522545893,100.0,False,1
361,49.0,3639.0,-4791.0,326.3374992,-2908.7018744648367,100.0,False,1
362,49.054,3687.8358404146634,-4792.799408117061,326.0,-2903.8115633657003,100.0,False,1
363,49.22,3839.0,-4795.0,326.4611107555556,-2888.7523778920618,100.0,False,1
364,49.414,4014.6153310443888,-4790.668733100917,327.0,-2871.1115633657005,100.0,False,1
365,49.48,4076.0,-4788.0,327.23571474285717,-2865.1021528140277,100.0,False,1
366,49.694,4293.2106973335085,-4774.502731154635,328.0,-2845.600452254589,100.0,False,1
367,49.74,4352.0,-4769.0,328.0,-2841.4089597879897,100.0,False,1
368,49.98,4695.0,-4729.0,328.0,-2819.5432513180035,100.0,False,1
369,50.014,4726.824229927542,-4724.966453357744,328.0,-2816.4448966990335,100.0,False,1
370,50.294,4853.063251148094,-4703.789425369048,328.0,-2790.933785587923,100.0,False,1
371,50.3,4857.0,-4703.0,327.97000064,-2790.3879154566334,100.0,False,1
372,50.494,5028.557408135784,-4667.449431981034,327.0,-2772.767118921256,100.0,False,1
373,50.501,5035.0,-4666.0,326.9562496,-2772.1326988873207,100.0,False,1
374,50.681,5193.0,-4627.0,325.8312496,-2755.8558738846095,100.0,False,1
375,50.814,5308.302119988705,-4595.675291781916,325.0,-2743.8782300323674,100.0,False,1
376,50.861,5349.0,-4584.0,324.52999936,-2739.656064570977,100.0,False,1
377,51.014,5481.035385954884,-4543.644553347256,323.0,-2725.9337855879226,100.0,False,1
378,51.181,5624.0,-4497.0,323.0,-2710.947491466773,100.0,False,1
379,51.214,5652.059043450308,-4487.663829045246,323.0,-2707.9893411434787,100.0,False,1
380,51.241,5675.0,-4480.0,322.86567128061176,-2705.570390210715,100.0,False,1
381,51.415,5823.022441057944,-4430.152467065798,322.0,-2690.011007810145,100.0,False,1
382,51.541,5930.0,-4394.0,321.36999936,-2678.7746141474277,100.0,False,1
383,51.615,5992.620832857452,-4372.880076779208,321.0,-2672.1776744768117,100.0,False,1
384,51.741,6099.0,-4337.0,321.0,-2660.940150893321,100.0,False,1
385,51.775,6127.685395016516,-4327.301375041686,321.0,-2657.9110078101453,100.0,False,1
386,52.015,6329.9485371093715,-4258.713192912124,320.0,-2636.577674476812,100.0,False,1
387,52.021,6335.0,-4257.0,320.0,-2636.044502366436,100.0,False,1
388,52.215,6497.983989017806,-4201.705991429883,320.0,-2618.799896699034,100.0,False,1
389,52.221,6503.0,-4200.0,320.0,-2618.2664156368965,100.0,False,1
390,52.421,6671.0,-4143.0,320.0,-2600.4857590521983,100.0,False,1
391,52.455,6700.525528346128,-4133.158124186549,320.0,-2597.466563365701,100.0,False,1
392,52.48,6722.0,-4126.0,319.8958325333333,-2595.2474927500234,100.0,False,1
393,52.695,6891.855853416463,-4068.0265335776044,319.0,-2576.199896699034,100.0,False,1
394,52.78,6973.0,-4039.0,318.4687504,-2568.690375196872,100.0,False,1
395,52.855,7057.329331652545,-4008.242560575381,318.0,-2562.066563365701,100.0,False,1
396,53.04,7270.0,-3929.0,318.0,-2545.7162763584483,100.0,False,1
397,53.095,7313.47775818862,-3912.337806844125,318.0,-2540.8665633657006,100.0,False,1
398,53.335,7433.702982187342,-3862.850222829649,316.0,-2519.7998966990335,100.0,False,1
399,53.36,7450.0,-3856.0,315.86111004444444,-2517.6126990649695,100.0,False,1
400,53.54,7595.0,-3795.0,314.86111146666667,-2501.9012433624102,100.0,False,1
401,53.695,7714.112244179627,-3743.9487818718976,314.0,-2488.3998966990334,100.0,False,1
402,53.86,7852.0,-3683.0,313.6250001454545,-2474.0400367756247,100.0,False,1
403,54.08,8074.0,-3582.0,313.1249995636364,-2454.9185236634903,100.0,False,1
404,54.135,8116.133913343993,-3562.3510991751737,313.0,-2450.144341143478,100.0,False,1
405,54.335,8229.719383717551,-3507.77063823937,309.0,-2432.977674476811,0.0,False,1
406,54.36,8246.0,-3500.0,307.37498752,-2430.9097642218712,0.0,False,1
407,54.58,8415.0,-3420.0,293.07500416,-2413.6148413563405,0.0,False,1
408,54.735,8528.15284503125,-3365.666082136602,283.0,-2401.5332300323666,0.0,True,1
409,54.82,8591.0,-3335.0,283.0,-2394.752477645281,0.0,True,1
410,54.974,8712.99060006134,-3274.57152081821,283.0,-2382.7451744768114,0.0,True,1
411,55.12,8830.0,-3215.0,262.14283885714286,-2372.6944082720665,0.0,True,1
412,55.254,8931.786188058939,-3161.228165337528,243.0,-2363.8451744768113,0.0,True,1
413,55.414,9038.452924339408,-3103.049489463457,243.0,-2353.045174476811,0.0,True,1
414,55.44,9053.0,-3095.0,240.4812376,-2351.376709688973,0.0,True,1
415,55.734,9166.878673815876,-3029.4428245564854,212.0,-2334.2007300323667,0.0,True,1
416,55.88,9219.0,-2998.0,207.13332906666668,-2325.7950633073874,0.0,True,1
417,55.974,9257.975776242718,-2974.379775722925,204.0,-2320.6007300323668,0.0,True,1
418,56.1,9319.0,-2935.0,190.87501333333333,-2314.1324035984408,0.0,True,1
419,56.214,9385.521060601974,-2887.289495240325,179.0,-2308.6673966990334,0.0,True,1
420,56.32,9441.0,-2846.0,169.98998912,-2303.837559442359,0.0,True,1
421,56.414,9472.986170435985,-2821.96522847416,162.0,-2299.6673966990334,0.0,True,1
422,56.614,9504.045081751126,-2794.4258237178974,155.0,-2291.0562855879225,0.0,True,1
423,56.7,9527.0,-2769.0,147.32144,-2287.7216324779693,0.0,True,1
424,56.86,9587.0,-2700.0,133.03572571428572,-2282.091326676,0.0,True,1
425,56.894,9597.4824965706,-2687.735685485408,130.0,-2280.945174476811,0.0,True,1
426,57.254,9639.121076516427,-2626.4797872467593,113.0,-2269.645174476811,0.0,True,1
427,57.361,9649.0,-2597.0,109.17856914285714,-2266.4947809803216,0.0,True,1
428,57.534,9670.476404435454,-2528.7242527154244,103.0,-2261.6340633657,0.0,True,1
429,57.561,9673.0,-2520.0,101.99065161184332,-2260.9105623767728,0.0,True,1
430,57.821,9679.0,-2474.0,92.27102350574924,-2254.3518354060493,0.0,True,1
431,57.855,9678.223431981685,-2467.5917039365986,91.0,-2253.5198966990333,0.0,True,1
432,58.101,9664.0,-2410.0,88.204544,-2247.593306988862,0.0,True,1
433,58.281,9644.0,-2371.0,86.15908945454545,-2243.3376124344786,0.0,True,1
434,58.295,9642.25707779541,-2368.1568379500036,86.0,-2243.008785587922,0.0,True,1
435,58.441,9623.0,-2340.0,84.43571291428572,-2239.598310581259,4.171432228571429,True,1
436,58.575,9603.822624753759,-2316.220298310634,83.0,-2236.553230032366,8.0,False,1
437,58.641,9594.0,-2305.0,81.3499968,-2235.1012008635116,8.99000192,False,1
438,58.775,9573.46827292571,-2282.9451346674027,78.0,-2232.219896699033,11.0,False,1
439,58.961,9544.0,-2254.0,77.06999936,-2228.2442269127223,20.3000064,False,1
440,58.975,9541.756846595761,-2251.9032641282834,77.0,-2227.9421189212553,21.0,False,1
441,59.14,9515.0,-2228.0,78.37499946666667,-2224.3352879024173,22.374999466666665,False,1
442,59.215,9502.562344772468,-2217.553071392314,79.0,-2222.6754522545884,23.0,False,1
443,59.34,9481.0,-2200.0,80.04166613333334,-2219.8876898065773,33.41666133333334,False,1
444,59.455,9459.567211341324,-2182.580874620293,81.0,-2217.2754522545883,43.0,False,1
445,59.615,9428.92798645402,-2157.749183616424,84.0,-2213.5421189212548,48.0,False,1
446,59.62,9428.0,-2157.0,84.04999936,-2213.4245482988035,48.0,False,1
447,59.815,9393.288719132584,-2129.121007539346,86.0,-2208.764341143477,48.0,False,1
448,60.0,9360.0,-2101.0,91.39583893333334,-2204.0100594794144,50.3125024,False,1
449,60.055,9349.495744258782,-2091.596032424745,93.0,-2202.5643411434767,51.0,False,1
450,60.16,9329.0,-2073.0,94.57500288,-2199.7888068271714,51.0,False,1
451,60.255,9310.5373141896,-2056.620783697472,96.0,-2197.231007810143,51.0,False,1
452,60.32,9298.0,-2045.0,97.015628,-2195.440906991906,40.6405944,False,1
453,60.575,9250.36025660131,-1993.9385558502893,101.0,-2188.2532300323655,0.0,True,1
454,60.6,9246.0,-1989.0,100.6874976,-2187.557205283213,0.0,True,1
455,60.735,9223.255018554715,-1962.30320739641,99.0,-2183.8532300323654,0.0,True,1
456,60.78,9215.0,-1951.0,98.10000128,-2182.647760759419,1.1249984,True,1
457,60.935,9182.70516999267,-1899.3074978461102,95.0,-2178.5754522545876,5.0,False,1
458,61.0,9171.0,-1879.0,94.76785645714286,-2176.871690165741,4.767856457142857,False,1
459,61.215,9149.342884003272,-1836.2893373187082,94.0,-2171.2643411434765,4.0,False,1
460,61.44,9138.0,-1799.0,92.1249984,-2165.541190919066,5.8750016,False,1
461,61.56,9130.0,-1769.0,91.1249984,-2162.537913434669,6.8750016,False,1
462,61.575,9129.14773647858,-1765.1933252684769,91.0,-2162.1643411434766,7.0,False,1
463,61.84,9121.0,-1701.0,89.10035748235528,-2155.6128499999363,16.498212588223634,False,1
464,61.854,9120.789822784554,-1697.7666293738378,89.0,-2155.2668411434765,17.0,False,1
465,62.02,9121.0,-1656.0,89.0,-2151.1578745156635,5.241675733333333,False,1
466,62.094,9124.56843923594,-1629.4202015430471,89.0,-2149.333507810143,0.0,False,1
467,62.28,9138.0,-1559.0,88.22499946666667,-2144.783836767151,14.725010133333333,False,1
468,62.334,9140.308436531044,-1547.4089075897766,88.0,-2143.4668411434764,19.0,False,1
469,62.574,9149.177461831841,-1523.7257615613646,88.0,-2137.60017447681,19.0,False,1
470,62.6,9152.0,-1518.0,88.1857152,-2136.958586074201,19.7428608,False,1
471,62.854,9195.712383730046,-1430.3189589093824,90.0,-2130.60017447681,27.0,False,1
472,62.88,9199.0,-1424.0,90.21666773333334,-2129.938140520074,26.133329066666665,False,1
473,63.094,9212.088981203542,-1403.7310540520386,92.0,-2124.466841143477,19.0,False,1
474,63.14,9216.0,-1399.0,91.4250016,-2123.3140060246124,15.933341866666666,False,1
475,63.334,9245.211980641781,-1362.931076418228,89.0,-2118.5335078101434,3.0,False,1
476,63.4,9258.0,-1349.0,89.0,-2116.9092097844473,9.325012266666667,False,1
477,63.574,9296.030861495956,-1314.292898378109,89.0,-2112.60017447681,26.0,False,1
478,63.721,9330.0,-1289.0,90.8375008,-2108.8882870468565,34.2687536,False,1
479,63.734,9332.96955820154,-1287.0072227819594,91.0,-2108.5557300323653,35.0,False,1
480,64.054,9403.920295283113,-1249.538232046402,95.0,-2100.111285587921,51.0,False,1
481,64.141,9422.0,-1242.0,96.57823268255531,-2097.716963609684,51.789116341277655,False,1
482,64.381,9474.0,-1225.0,100.93197481098954,-2090.8775609926925,53.96598740549477,False,1
483,64.495,9509.571249580082,-1217.6808452164112,103.0,-2087.4937855879207,55.0,False,1
484,64.721,9598.0,-1206.0,109.3562536,-2080.5234814704454,71.2437592,False,1
485,64.815,9637.158697150855,-1203.4492802075085,112.0,-2077.5382300323654,78.0,False,1
486,65.095,9745.812790683072,-1202.0016715765933,119.0,-2068.28267447681,80.0,False,1
487,65.121,9753.0,-1202.0,120.1142912,-2067.3723776860274,81.3000064,False,1
488,65.375,9800.96683318752,-1202.226849934934,131.0,-2058.093785587921,94.0,False,1
489,65.441,9818.0,-1202.0,131.99000192,-2055.659611836217,94.66000128,False,1
490,65.575,9866.225646082603,-1200.9142934088763,134.0,-2050.6493411434767,96.0,False,1
491,65.68,9909.0,-1199.0,136.6250048,-2046.5534205880276,72.3749568,False,1
492,65.975,10022.776917595156,-1185.157428281036,144.0,-2034.6493411434772,6.0,True,1
493,66.0,10032.0,-1183.0,143.6527751111111,-2033.6626053278114,8.083349333333333,True,1
494,66.16,10090.0,-1165.0,141.43055288888888,-2027.459812783155,21.416682666666667,True,1
495,66.32,10148.0,-1141.0,139.20833066666665,-2021.3264424256881,34.750016,True,1
496,66.335,10153.238514266126,-1138.5503166094898,139.0,-2020.749341143477,36.0,False,1
497,66.48,10202.0,-1113.0,139.0,-2015.1534372973101,36.0,False,1
498,66.535,10220.183013689923,-1102.0093154044728,139.0,-2013.027118921255,36.0,False,1
499,66.74,10285.0,-1056.0,139.0,-2005.101480261932,49.910709942857146,False,1
500,66.815,10305.98850245603,-1038.455751460672,139.0,-2002.2160078101438,55.0,False,1
501,67.02,10362.0,-981.0,136.8035721142857,-1994.4096544842096,14.732155428571428,False,1
502,67.095,10386.260951692038,-951.4014617370872,136.0,-1991.6382300323658,0.0,True,1
503,67.2,10419.0,-909.0,130.7499904,-1987.864690761221,0.0,True,1
504,67.255,10432.485180127376,-890.7879308754699,128.0,-1985.9493411434769,0.0,True,1
505,67.58,10478.0,-817.0,116.2638912,-1975.5119264218374,0.0,True,1
506,67.615,10482.938475431934,-807.9243588711146,115.0,-1974.4493411434769,0.0,True,1
507,67.76,10504.0,-767.0,110.9218696,-1970.1450216972416,0.0,True,1
508,67.92,10523.0,-722.0,106.4218696,-1965.4691578055217,0.0,True,1
509,67.935,10524.617656267457,-717.8386366947186,106.0,-1965.0271189212544,0.0,True,1
510,68.095,10540.502144609187,-674.1047128461066,106.0,-1960.3160078101432,0.0,True,1
511,68.26,10553.0,-630.0,101.05000192,-1955.7038755492,0.0,True,1
512,68.295,10555.002948542447,-620.7455013271657,100.0,-1954.7604522545876,0.0,True,1
513,68.46,10562.0,-578.0,94.19598401737197,-1950.4706674799463,0.0,True,1
514,68.494,10563.174993042141,-569.5290158961305,93.0,-1949.6196189212542,0.0,True,1
515,68.66,10566.0,-528.0,88.15833706666666,-1945.620312020153,0.0,True,1
516,68.734,10563.751428601157,-507.3027861849289,86.0,-1943.886285587921,0.0,True,1
517,68.88,10554.0,-469.0,83.56666453333334,-1940.5160678679645,0.0,True,1
518,68.974,10545.828853967136,-453.9716286019566,82.0,-1938.4196189212544,0.0,False,1
519,69.14,10526.0,-438.0,77.8500032,-1934.8993730539678,15.908321066666668,False,1
520,69.214,10513.728666720035,-429.8981841980354,76.0,-1933.3529522545878,23.0,False,1
521,69.36,10485.0,-413.0,76.0,-1930.275265676737,40.3375152,False,1
522,69.374,10482.120725146082,-411.46381576907305,76.0,-1929.97517447681,42.0,False,1
523,69.56,10443.0,-392.0,78.906252,-1925.8806941546823,50.1375056,False,1
524,69.694,10416.136255075944,-377.2664431148478,81.0,-1922.7751744768098,56.0,False,1
525,69.84,10393.0,-351.0,84.6500032,-1919.2194293868997,55.0874992,False,1
526,70.014,10380.161533803104,-294.02487732223784,89.0,-1914.8640633656987,54.0,False,1
527,70.08,10379.0,-271.0,89.2062504,-1913.217215296831,48.4312392,False,1
528,70.334,10390.633781574063,-193.0831628224155,90.0,-1906.8640633656987,27.0,False,1
529,70.441,10397.0,-168.0,91.07000064,-1904.1416804288115,32.88500352,False,1
530,70.534,10401.407918196157,-150.71235786857375,92.0,-1901.7529522545874,38.0,False,1
531,70.841,10414.0,-102.0,94.55833386666667,-1893.6963093979866,57.61389297777777,False,1
532,70.894,10417.358743057368,-89.05134305920241,95.0,-1892.2529522545874,61.0,False,1
533,71.001,10425.0,-60.0,97.66759209619362,-1889.280095637584,65.44598682698935,False,1
534,71.241,10443.0,4.0,103.65097265834419,-1882.2544300967934,75.41828776390697,False,1
535,71.255,10444.10963554525,7.860225489785652,104.0,-1881.8240633656987,76.0,False,1
536,71.535,10468.41481742626,89.19874690182567,114.0,-1872.957396699032,85.0,False,1
537,71.541,10469.0,91.0,113.8499968,-1872.7726258063117,83.84088436363636,False,1
538,71.621,10477.0,115.0,111.8499968,-1870.3502320302273,68.38633890909091,False,1
539,71.821,10497.0,172.0,106.8499968,-1864.6129451349848,29.749975272727273,False,1
540,71.975,10514.924854549312,219.89041895869633,103.0,-1860.368507810143,0.0,True,1
541,72.175,10536.511655836439,277.6112766256865,96.0,-1855.0351744768095,0.0,True,1
542,72.181,10537.0,279.0,95.8499968,-1854.8799229444257,0.0,True,1
543,72.415,10549.92174659253,322.12655496483785,90.0,-1849.0351744768095,0.0,True,1
544,72.44,10551.0,327.0,89.553568,-1848.4265771686441,0.0,True,1
545,72.68,10559.0,381.0,85.26785371428572,-1842.7604688705105,0.0,True,1
546,72.695,10559.150299297504,384.33706287607095,85.0,-1842.4240633656987,0.0,True,1
547,72.84,10558.0,415.0,80.468744,-1839.2969121622145,0.0,True,1
548,73.015,10550.712906737557,447.52177030024217,75.0,-1835.7573966990317,0.0,False,1
549,73.18,10534.0,478.0,72.52500096,-1832.5764405555392,11.549995520000001,False,1
550,73.4,10494.0,522.0,69.22499712,-1828.3853024921686,26.950013440000003,False,1
551,73.415,10491.05035671492,524.6611590196516,69.0,-1828.0907300323647,28.0,False,1
552,73.575,10459.35661985317,548.9276841634847,72.0,-1824.890730032365,35.0,False,1
553,73.735,10427.23830779878,567.2602680261903,73.0,-1821.6462855879204,43.0,False,1
554,73.82,10410.0,576.0,74.69999872,-1819.864215495386,43.42499968,False,1
555,73.935,10386.483614816281,586.7940784156699,77.0,-1817.3685078101425,44.0,False,1
556,74.2,10336.0,607.0,82.7968792,-1811.2238758853555,51.4531304,False,1
557,74.255,10327.447511962046,610.334016695247,84.0,-1809.9018411434758,53.0,False,1
558,74.655,10259.086820237597,631.197677113048,91.0,-1799.7907300323645,64.0,False,1
559,74.68,10251.0,633.0,92.2500096,-1799.110939908153,65.8750144,False,1
560,74.855,10184.673741687884,646.6773315402227,101.0,-1794.1796189212532,79.0,False,1
561,74.86,10183.0,647.0,101.14583146666666,-1794.0348406436774,79.02083306666667,False,1
562,75.095,10129.85471127502,655.4414359836122,108.0,-1786.9796189212534,80.0,False,1
563,75.22,10101.0,658.0,112.38596196315397,-1782.992427958853,86.26565994736282,False,1
564,75.44,10029.0,663.0,120.10526795303973,-1775.456260645742,97.29323993291389,False,1
565,75.494,10010.158453764843,664.1818351154733,122.0,-1773.4579522545869,100.0,False,1
566,75.64,9958.0,667.0,131.49000832,-1767.748281334253,100.0,False,1
567,75.894,9858.01634570421,669.7422054943771,148.0,-1757.013507810142,100.0,False,1
568,75.92,9847.0,670.0,149.08333866666666,-1755.8846057021374,100.0,False,1
569,76.1,9769.0,672.0,156.583328,-1747.9218928246428,100.0,False,1
570,76.254,9705.619899382655,674.1288575401007,163.0,-1740.713507810142,100.0,False,1
571,76.3,9679.0,675.0,165.52999296,-1738.466554405095,100.0,False,1
572,76.5,9517.0,680.0,176.52999296,-1728.2180892602605,100.0,False,1
573,76.654,9409.551782316681,683.434100508297,185.0,-1720.1579522545867,100.0,False,1
574,76.814,9326.206745696694,686.2409966542856,189.0,-1711.757952254587,100.0,False,1
575,76.961,9269.0,688.0,193.593752,-1703.7558562650197,100.0,False,1
576,77.134,9222.167901489827,689.1319548481176,199.0,-1694.0690633656977,100.0,False,1
577,77.221,9192.0,690.0,201.53750186666667,-1689.1517601895234,100.0,False,1
578,77.374,9112.732398829026,692.715722541508,206.0,-1680.3357300323646,100.0,False,1
579,77.541,9008.0,696.0,213.28349334001112,-1670.262690795727,100.0,False,1
580,77.695,8914.219193184883,698.1212726694285,220.0,-1660.7190633656983,100.0,False,1
581,77.741,8886.0,699.0,221.38000384,-1657.8500995562345,100.0,False,1
582,77.861,8812.0,702.0,224.98000384,-1650.3173119841713,100.0,False,1
583,77.895,8791.74944421881,702.7674322340332,226.0,-1648.1635078101426,100.0,False,1
584,78.095,8667.841951209157,706.4337564073655,232.0,-1635.2746189212535,100.0,False,1
585,78.121,8647.0,707.0,232.84500416,-1633.5616719558338,100.0,False,1
586,78.361,8422.0,713.0,240.64500416,-1617.321599753528,100.0,False,1
587,78.495,8345.611715541672,714.8855729058,245.0,-1608.0523966990309,100.0,False,1
588,78.701,8259.0,717.0,250.88571794285716,-1593.6230254692828,100.0,False,1
589,78.775,8210.550422244536,718.3451312505146,253.0,-1588.374618921253,100.0,False,1
590,78.86,8149.0,720.0,255.656248,-1582.2992394826597,100.0,False,1
591,78.935,8095.588681547257,721.2623553031024,258.0,-1576.9079522545867,100.0,False,1
592,79.12,7965.0,724.0,260.6428598857143,-1563.517614362097,100.0,False,1
593,79.215,7896.220832575974,725.5891774801678,262.0,-1556.530174476809,100.0,False,1
594,79.3,7834.0,727.0,264.36110933333333,-1550.1914611817206,100.0,False,1
595,79.5,7686.0,730.0,269.9166648888889,-1535.024251558592,100.0,False,1
596,79.575,7629.1989606725265,731.25863273677,272.0,-1529.3301744768091,100.0,False,1
597,79.8,7458.0,735.0,273.8750016,-1512.2201604665574,100.0,False,1
598,79.815,7446.916241168683,735.1843425185816,274.0,-1511.0635078101427,100.0,False,1
599,79.88,7396.0,736.0,275.78750528,-1506.0183434598193,100.0,False,1
600,80.16,7067.0,743.0,283.48750528,-1483.7940465580996,100.0,False,1
601,80.215,7026.116095922731,744.0024017901292,285.0,-1479.3968411434757,100.0,False,1
602,80.455,6937.184452757523,746.6443591301447,289.0,-1460.1301744768093,100.0,False,1
603,80.48,6923.0,747.0,289.446432,-1458.1065161741058,100.0,False,1
604,80.7,6744.0,751.0,293.3749988571429,-1440.1426264920574,100.0,False,1
605,80.735,6714.31048152252,751.6215598358287,294.0,-1437.2635078101425,100.0,False,1
606,80.94,6548.0,755.0,297.4166656,-1420.303072688837,100.0,False,1
607,80.975,6520.177337166506,755.5834004229456,298.0,-1417.3968411434762,100.0,False,1
608,81.16,6365.0,759.0,299.85000192,-1401.9863059091003,100.0,False,1
609,81.175,6350.459219516092,759.3337487871495,300.0,-1400.7301744768092,100.0,False,1
610,81.455,6049.745302768912,766.4771578591716,304.0,-1377.0857300323646,100.0,False,1
611,81.48,6028.0,767.0,304.3125024,-1374.9621760799287,100.0,False,1
612,81.695,5892.715497646678,770.3534397435898,307.0,-1356.6190633656984,100.0,False,1
613,81.78,5840.0,772.0,308.60377173181513,-1349.3136542683133,100.0,False,1
614,81.854,5787.451625533109,773.8318907764233,310.0,-1342.9273966990313,100.0,False,1
615,82.1,5565.0,782.0,311.7937490666667,-1321.521602309358,100.0,False,1
616,82.32,5321.0,790.0,313.3979176,-1302.1491592210432,100.0,False,1
617,82.6,5129.0,797.0,315.43958426666666,-1277.3442030516758,100.0,False,1
618,82.814,4940.4419281956125,803.8051610988028,317.0,-1258.3940633656985,100.0,False,1
619,82.82,4935.0,804.0,317.0499989333333,-1257.862865301326,100.0,False,1
620,83.054,4727.884397831064,811.2583764710147,319.0,-1237.1273966990311,100.0,False,1
621,83.08,4705.0,812.0,319.26000128,-1234.815600360942,100.0,False,1
622,83.254,4551.209053606154,816.7912884444168,321.0,-1219.2940633656972,100.0,False,1
623,83.261,4545.0,817.0,321.0437504,-1218.667911293851,100.0,False,1
624,83.501,4331.0,825.0,322.5437504,-1197.134935984991,100.0,False,1
625,83.574,4265.367149958147,827.3969856574441,323.0,-1190.5829522545864,100.0,False,1
626,83.781,4080.0,834.0,323.0,-1172.0162225074537,100.0,False,1
627,83.814,4051.0453076632266,835.0749094247188,323.0,-1169.0496189212536,100.0,False,1
628,83.841,4026.0,836.0,323.14958486862446,-1166.6201618375426,100.0,False,1
629,84.175,3599.5790535600977,850.7778101424889,325.0,-1136.4593411434753,100.0,False,1
630,84.181,3593.0,851.0,325.0,-1135.9175949113078,100.0,False,1
631,84.335,3455.1717070480977,855.5933707091746,325.0,-1122.014896699031,100.0,False,1
632,84.541,3322.0,860.0,325.85833386666667,-1103.3647946656974,100.0,False,1
633,84.575,3299.8144794981513,860.7576595650048,326.0,-1100.2815633656965,100.0,False,1
634,84.815,3137.7830067300615,866.4811193099221,327.0,-1078.4815633656972,100.0,False,1
635,84.961,3013.0,871.0,327.73000064,-1065.1843621179296,100.0,False,1
636,85.015,2959.5339028927788,872.9461019233959,328.0,-1060.2593411434746,100.0,False,1
637,85.201,2764.0,880.0,328.51666702222224,-1043.2671850061788,100.0,False,1
638,85.361,2618.0,885.0,328.9611114666667,-1028.6387763974308,100.0,False,1
639,85.375,2604.450141071696,885.46554962561,329.0,-1027.359341143475,100.0,False,1
640,85.735,2181.3926983900287,900.3393472148621,329.0,-994.4593411434753,100.0,False,1
641,85.975,1944.7803957323035,907.8959078094958,330.0,-972.4593411434762,100.0,False,1
642,85.98,1941.0,908.0,330.0,-972.0010438461468,100.0,False,1
643,86.135,1847.067159086014,910.1471417687741,330.0,-957.7926744768083,100.0,False,1
644,86.32,1740.0,912.0,330.66071497142855,-940.787821128095,100.0,False,1
645,86.415,1660.5280744745862,913.6524908949841,331.0,-932.0482300323638,100.0,False,1
646,86.575,1505.7488735166917,916.9073111318577,331.0,-917.337118921253,100.0,False,1
647,86.58,1501.0,917.0,330.9821430857143,-916.8779010060689,100.0,False,1
648,86.84,1262.0,921.0,330.0535707428571,-893.0437545445948,100.0,False,1
649,86.855,1248.3244066510138,921.1892369983137,330.0,-891.670452254586,100.0,False,1
650,86.92,1189.0,922.0,329.85227229090907,-885.7209378920752,100.0,False,1
651,87.26,878.0,928.0,329.0795456,-854.6509362045426,100.0,False,1
652,87.295,846.1086772839435,928.7355881830152,329.0,-851.4593411434753,100.0,False,1
653,87.455,700.5543633953987,931.9249931830423,328.0,-836.8815633656977,100.0,False,1
654,87.46,696.0,932.0,328.0,-836.425955990182,100.0,False,1
655,87.615,554.5675689877464,933.9144320742563,328.0,-822.3037855879202,100.0,False,1
656,87.62,550.0,934.0,327.9687504,-821.8488538266902,100.0,False,1
657,87.76,422.0,937.0,327.0937488,-809.1310924390127,100.0,False,1
658,87.775,408.2724379804806,937.2714366146636,327.0,-807.7704522545855,100.0,False,1
659,87.98,223.0,940.0,326.2678573714286,-789.2048918984237,100.0,False,1
660,88.055,158.9112555878312,941.506770930892,326.0,-782.4148966990297,100.0,False,1
661,88.16,60.0,944.0,326.0,-772.9045801046996,100.0,False,1
662,88.295,-112.51426870229778,947.1620822585993,326.0,-760.681563365697,100.0,False,1
663,88.48,-355.0,951.0,325.2291658666667,-743.9694290840816,100.0,False,1
664,88.535,-406.2896601642205,951.9176778855616,325.0,-739.0148966990309,100.0,False,1
665,88.934,-635.5820614773546,957.8585888795997,322.0,-703.3265633656974,0.0,False,1
666,88.94,-641.0,958.0,321.9000021333333,-702.7941053835657,0.0,False,1
667,88.98,-679.0,959.0,321.2333354666667,-699.2477606271386,0.0,False,1
668,89.174,-855.9483317762484,965.7089864077095,318.0,-682.1265633656967,0.0,False,1
669,89.2,-879.0,967.0,317.187496,-679.840418937727,0.0,False,1
670,89.334,-996.2615362440449,975.3440157086926,313.0,-668.2154522545861,0.0,False,1
671,89.4,-1051.0,980.0,307.2249888,-662.741795645482,0.0,False,1
672,89.6,-1214.0,996.0,289.7249888,-647.0566404689653,0.0,False,1
673,89.654,-1269.684608296548,1001.6406610942963,285.0,-642.8821189212531,0.0,True,1
674,89.814,-1458.2661712973593,1020.7469357562233,273.0,-630.7487855879199,0.0,True,1
675,89.881,-1520.0,1027.0,264.28999168,-626.0846737169459,0.0,True,1
676,90.214,-1649.7323978716001,1040.0233582851397,221.0,-606.1932300323642,0.0,True,1
677,90.261,-1670.0,1042.0,217.94499584,-603.5478505882875,0.0,True,1
678,90.441,-1773.0,1052.0,206.24499584,-593.6302950512945,0.0,True,1
679,90.614,-1865.133132372322,1060.8561854089915,195.0,-584.5265633656973,0.0,True,1
680,90.661,-1889.0,1063.0,192.00553555776807,-582.1368385872456,0.0,True,1
681,90.975,-2039.4710399643989,1074.8032232573653,172.0,-567.2787855879196,0.0,True,1
682,90.981,-2042.0,1075.0,171.37855817142858,-567.0196611046622,0.0,True,1
683,91.081,-2083.0,1078.0,161.02141531428572,-562.8489359273526,0.0,True,1
684,91.255,-2165.0063292311834,1079.9825706205847,143.0,-556.1565633656974,0.0,True,1
685,91.381,-2216.0,1080.0,136.34999324444445,-551.6480673430551,0.0,True,1
686,91.615,-2263.7642714966532,1078.923144981671,124.0,-543.7565633656977,0.0,True,1
687,91.741,-2299.0,1075.0,120.21999616,-539.5608387291359,0.0,True,1
688,91.815,-2330.316500208546,1071.0117372224393,118.0,-537.2010078101421,0.0,True,1
689,91.961,-2396.0,1062.0,107.77999104,-532.9018828441094,0.0,True,1
690,92.015,-2411.7054528801427,1059.5806527139546,104.0,-531.4232300323638,0.0,True,1
691,92.28,-2445.0,1051.0,89.80356114285715,-524.8590945412025,0.0,True,1
692,92.295,-2447.3731247178825,1050.2573659331808,89.0,-524.5010078101413,0.0,True,1
693,92.62,-2520.0,1024.0,84.12500096,-516.9073352487521,0.0,True,1
694,92.68,-2533.0,1017.0,83.22499712,-515.5994514489676,0.0,True,1
695,92.695,-2536.027340391582,1015.2761346150874,83.0,-515.2787855879196,0.0,True,1
696,92.94,-2576.0,985.0,75.76136552727273,-510.3943833169642,0.0,True,1
697,93.135,-2609.495908806071,941.9505702452681,70.0,-506.723230032364,0.0,False,1
698,93.22,-2621.0,923.0,69.0892864,-505.12334937147716,0.0,False,1
699,93.415,-2634.2820737073316,887.3070519319411,67.0,-501.5121189212532,0.0,False,1
700,93.655,-2635.9853606890383,852.6924331128058,63.0,-497.3121189212534,0.0,False,1
701,93.66,-2636.0,852.0,63.02083306666667,-497.2246677144285,0.35416213333333335,False,1
702,93.895,-2635.676273717737,820.3370562539386,64.0,-493.04545225458696,17.0,False,1
703,94.0,-2634.0,805.0,65.3125024,-491.10977255226135,19.187504,False,1
704,94.135,-2629.7869679836604,782.9578108211041,67.0,-488.5787855879198,22.0,False,1
705,94.2,-2626.0,770.0,67.4062512,-487.35614024914685,24.6406328,False,1
706,94.455,-2600.2994554806614,706.8676999303848,69.0,-482.4454522545866,35.0,False,1
707,94.48,-2598.0,702.0,69.6250048,-481.9404050580206,36.4285824,False,1
708,94.735,-2579.7311871819925,672.4248392425714,76.0,-476.5343411434751,51.0,False,1
709,94.8,-2573.0,664.0,77.6250048,-475.0928588917677,51.8125024,False,1
710,94.975,-2548.3852066054446,634.0440338316599,82.0,-471.06767447680886,54.0,False,1
711,95.0,-2545.0,630.0,82.72917226666667,-470.47103316681023,55.041674666666665,False,1
712,95.215,-2516.115623991273,598.945054172782,89.0,-465.13434114347547,64.0,False,1
713,95.28,-2497.0,583.0,90.63180354629529,-463.46594232403913,67.53557435030645,False,1
714,95.454,-2418.522140453943,522.2919688875654,95.0,-458.82739669903094,77.0,False,1
715,95.48,-2409.0,515.0,96.0214336,-458.10080088654377,77.1857152,False,1
716,95.734,-2371.3956184886943,486.88761095990697,106.0,-450.5829522545864,79.0,False,1
717,95.8,-2361.0,481.0,107.92500373333333,-448.542961501782,79.8250016,False,1
718,95.974,-2314.0368930673408,455.97599797296243,113.0,-443.04961892125266,82.0,False,1
719,96.08,-2281.0,439.0,114.656252,-439.6636321065507,84.3187528,False,1
720,96.24,-2234.0,415.0,117.156252,-434.42067484751897,87.8187528,False,1
721,96.294,-2218.4719889856697,406.1737246583103,118.0,-432.5607300323636,89.0,False,1
722,96.461,-2167.0,374.0,127.5428608,-426.49740424237007,89.5964288,False,1
723,96.574,-2122.8015810021,345.70258294158043,134.0,-422.13850781014116,90.0,False,1
724,96.761,-2047.0,297.0,145.687504,-414.48162725604016,94.6750016,False,1
725,96.814,-2029.8127598426026,286.04034663465745,149.0,-412.20517447680777,96.0,False,1
726,97.014,-1975.0565493257766,251.31303872455635,162.0,-403.20517447680777,100.0,False,1
727,97.021,-1973.0,250.0,162.2625024,-402.88052633334974,100.0,False,1
728,97.254,-1892.1777049799152,199.50694747381496,171.0,-391.8051744768072,100.0,False,1
729,97.361,-1833.0,171.0,173.6583877399802,-386.63876956697186,100.0,False,1
730,97.415,-1795.6969299438788,155.20267965037036,175.0,-383.97878558791854,100.0,False,1
731,97.541,-1704.0,120.0,178.937504,-377.56969686872253,100.0,False,1
732,97.895,-1569.6642307225738,91.2172007063675,190.0,-358.6454522545855,100.0,False,1
733,97.941,-1551.0,90.0,190.5750016,-356.19588201282113,100.0,False,1
734,98.121,-1460.0,88.0,192.8250016,-346.6138326284936,100.0,False,1
735,98.215,-1403.5579829072408,94.66608895721689,194.0,-341.401007810141,100.0,False,1
736,98.455,-1233.6605251579465,140.46935660257202,212.0,-327.26767447680777,100.0,False,1
737,98.655,-1068.7020574822877,206.96690053050344,220.0,-315.04545225458514,100.0,False,1
738,98.895,-913.8681097106121,273.59486356054344,223.0,-300.17878558791836,100.0,False,1
739,99.04,-852.0,301.0,227.35000576,-290.8930268187405,100.0,False,1
740,99.295,-780.7964452678599,334.8066155146998,235.0,-274.06767447680704,100.0,False,1
741,99.32,-770.0,340.0,235.55555982222222,-272.39890416660273,100.0,False,1
742,99.52,-651.0,397.0,240.00000426666668,-258.9350827512708,100.0,False,1
743,99.655,-568.5060177674814,436.4943647429575,243.0,-249.76767447680686,100.0,False,1
744,99.72,-529.0,455.0,243.8125024,-245.33695761371564,100.0,False,1
745,99.975,-370.0487380484063,523.2441612955306,247.0,-227.81211892125157,100.0,False,1
746,100.0,-354.0,529.0,247.6250048,-226.07596264487893,100.0,False,1
747,100.135,-265.6839883433938,556.4815187852986,251.0,-216.65656336569555,100.0,False,1
748,100.16,-249.0,561.0,251.12500096,-214.9094399058049,100.0,False,1
749,100.335,-129.24661029184244,588.0808517826147,252.0,-202.65656336569646,100.0,False,1
750,100.48,-28.0,605.0,252.9062512,-192.4432468155228,100.0,False,1
751,100.74,155.0,624.0,254.5312496,-173.99815720715378,100.0,False,1
752,100.815,208.67384557501927,626.9682305732663,255.0,-168.65656336569646,100.0,False,1
753,100.92,284.0,630.0,256.3125024,-161.16408129384945,100.0,False,1
754,100.975,323.186542105769,631.4791891560931,257.0,-157.23434114347492,100.0,False,1
755,101.0,341.0,632.0,257.06250048,-155.44713255683382,100.0,False,1
756,101.18,470.0,631.0,257.51249984,-142.56194713856712,100.0,False,1
757,101.375,611.1669870130686,617.3979595362971,258.0,-128.56767447680795,100.0,False,1
758,101.52,711.0,602.0,258.6041674666667,-118.13777789291089,100.0,False,1
759,101.615,776.7441298348401,589.023401387965,259.0,-111.30100781014153,100.0,False,1
760,101.62,781.0,588.0,259.0,-110.94122765748307,100.0,False,1
761,101.815,1031.503642952227,513.6394475451508,259.0,-96.91211892125284,100.0,False,1
762,101.96,1216.0,453.0,259.0,-86.48016903311964,100.0,False,1
763,102.015,1266.3095503353152,435.58486000215083,259.0,-82.52323003236415,100.0,False,1
764,102.214,1360.4418015082995,397.43642755339545,259.0,-68.20628558791941,100.0,False,1
765,102.4,1420.0,366.0,259.0,-54.8230854542453,100.0,False,1
766,102.614,1520.0825631453347,313.7232520996218,259.0,-39.42850781014113,100.0,False,1
767,102.78,1614.0,263.0,259.0,-27.493311014845858,100.0,False,1
768,102.894,1683.8836333346517,223.71337776775707,259.0,-19.284063365696966,100.0,False,1
769,103.001,1751.0,184.0,259.3821430857143,-11.560620265823673,100.0,False,1
770,103.161,1850.0,121.0,259.95357165714285,0.0,100.0,False,2
771,103.174,1857.9892956142958,115.85024402372756,260.0,0.9381588565256607,100.0,False,2
772,103.401,1997.0,27.0,260.0,17.303103245084458,100.0,False,2
773,103.494,2054.4734551095103,-8.373091024954219,260.0,24.049269967636064,100.0,False,2
774,103.561,2096.0,-34.0,260.75963802407443,28.935810115830463,100.0,False,2
775,103.661,2158.0,-73.0,261.8934250366875,36.270258764665414,100.0,False,2
776,103.901,2307.0,-167.0,264.61451386695893,53.9971690497905,100.0,False,2
777,103.935,2328.1272132058484,-180.3844730543577,265.0,56.51176996763661,100.0,False,2
778,104.081,2419.0,-238.0,265.81111182222224,67.31659534251776,100.0,False,2
779,104.295,2553.219106919068,-322.2221879505016,267.0,83.21176996763643,100.0,False,2
780,104.401,2620.0,-364.0,267.72272814545454,91.1330678094746,100.0,False,2
781,104.681,2797.0,-475.0,269.6318190545455,112.16008716388751,100.0,False,2
782,104.735,2831.2384013019105,-496.554075038557,270.0,116.21176996763643,100.0,False,2
783,104.881,2924.0,-555.0,270.0,127.15414506529942,100.0,False,2
784,104.961,2975.0,-587.0,270.0,133.15922691374817,100.0,False,2
785,104.975,2983.9544040267,-592.5780123931581,270.0,134.21176996763643,100.0,False,2
786,105.295,3190.757405506993,-718.0623644486009,272.0,158.38954774541435,100.0,False,2
787,105.3,3194.0,-720.0,272.01249984,158.76862523720138,100.0,False,2
788,105.46,3298.0,-782.0,272.41249984,170.9164792279571,100.0,False,2
789,105.66,3428.0,-860.0,272.91249984,186.08270852761507,100.0,False,2
790,105.695,3449.6382342397815,-872.8108920153518,273.0,188.72288107874738,100.0,False,2
791,105.84,3546.0,-929.0,271.9642843428571,199.61505792235766,48.21421714285714,False,2
792,105.975,3676.9480671484234,-1004.4404771096421,271.0,209.80065885652493,0.0,False,2
793,106.06,3759.0,-1051.0,271.0,216.2871495433801,0.0,False,2
794,106.215,3875.811262277145,-1114.9782704778668,271.0,227.86732552319245,0.0,False,2
795,106.52,4024.0,-1190.0,241.8863453090909,247.60413467725812,0.0,False,2
796,106.655,4082.4761287875417,-1219.9665300483853,229.0,255.8562144120815,0.0,True,2
797,106.88,4182.0,-1272.0,220.24999253333334,269.6117972085567,0.0,True,2
798,107.015,4250.760936722003,-1308.5273068987854,215.0,277.3562144120815,0.0,True,2
799,107.14,4314.0,-1342.0,199.375008,283.9496131826054,0.0,True,2
800,107.255,4367.173799024535,-1369.6887233878158,185.0,289.68954774541453,0.0,True,2
801,107.3,4389.0,-1381.0,181.85000448,291.89018841585585,0.0,True,2
802,107.455,4474.272372783581,-1425.171906774108,171.0,299.18954774541453,0.0,True,2
803,107.6,4547.0,-1463.0,161.0312368,305.39750606116195,0.0,True,2
804,107.775,4600.608252151675,-1491.3887331386968,149.0,312.43399218985905,0.0,True,2
805,107.9,4634.0,-1510.0,145.8750016,317.44962817419673,0.0,True,2
806,108.015,4671.236417757917,-1531.4670268675443,143.0,321.9673255231919,0.0,True,2
807,108.14,4714.0,-1557.0,137.79166933333335,326.6815876563942,0.0,True,2
808,108.255,4750.580343735142,-1579.9415266417695,133.0,330.8339921898587,0.0,True,2
809,108.32,4769.0,-1592.0,130.83332693333332,333.10107660817175,0.0,True,2
810,108.58,4829.0,-1635.0,122.1666688,341.61961165746106,0.0,True,2
811,108.64,4845.0,-1647.0,120.16666026666667,343.5004800919214,0.0,True,2
812,108.735,4872.657643813282,-1670.6628764750196,117.0,346.43399218985905,0.0,True,2
813,108.96,4937.0,-1736.0,112.49248411432558,353.1641611758805,0.0,True,2
814,109.334,4982.181712936288,-1802.9068167643875,105.0,363.9048255231928,0.0,True,2
815,109.44,4992.0,-1826.0,103.6749984,366.92205888121407,0.0,True,2
816,109.48,4996.0,-1836.0,103.1749984,368.05801125081507,0.0,True,2
817,109.654,5008.075050475412,-1881.0095169879696,101.0,372.88260330097,0.0,False,2
818,109.841,5012.0,-1930.0,95.54583146666667,377.78800167997997,0.0,False,2
819,109.894,5011.667156089087,-1943.7033901860088,94.0,379.14926996763734,0.0,False,2
820,110.021,5008.0,-1976.0,92.94166613333333,382.38143087569006,0.0,False,2
821,110.181,4997.0,-2015.0,91.6083328,386.41033694130965,0.0,False,2
822,110.254,4990.192820272053,-2032.3869264521425,91.0,388.2492699676377,0.0,False,2
823,110.381,4976.0,-2062.0,91.0,391.4530396919163,17.05971552150146,False,2
824,110.455,4966.438737515337,-2078.783399561643,91.0,393.33010330097113,27.0,False,2
825,110.621,4942.0,-2115.0,91.83000064,397.57405963655674,36.96000768,False,2
826,110.655,4936.608262399063,-2122.130697022192,92.0,398.44121441208245,39.0,False,2
827,110.815,4910.0075772477585,-2154.7785046078016,92.0,402.53010330097095,48.0,False,2
828,110.821,4909.0,-2156.0,92.1500032,402.68677803033916,48.3000064,False,2
829,110.941,4888.0,-2181.0,95.1500032,405.88231300916686,54.3000064,False,2
830,110.975,4881.072102966387,-2188.688837337627,96.0,406.7967699676374,56.0,False,2
831,111.215,4821.447093148152,-2248.748766545415,98.0,413.33010330097113,60.0,False,2
832,111.301,4804.0,-2266.0,100.58000384,415.75891911141025,63.01000448,False,2
833,111.415,4787.230263224399,-2282.878811870203,104.0,419.1078810787494,67.0,False,2
834,111.541,4765.0,-2305.0,111.875008,423.05857198973536,78.812512,False,2
835,111.575,4755.944961268257,-2313.842573041652,114.0,424.174547745416,82.0,False,2
836,111.775,4681.807411049979,-2385.601046914715,124.0,431.0634366343047,80.0,False,2
837,111.86,4654.0,-2413.0,124.0,433.9709840238929,75.32500352,False,2
838,111.975,4626.1810918595875,-2441.353197809647,124.0,437.9523255231934,69.0,False,2
839,112.295,4580.800999752837,-2496.675518784458,136.0,450.0412144120828,56.0,False,2
840,112.32,4576.0,-2503.0,136.2840930909091,451.0094847201208,56.056818618181815,False,2
841,112.5,4536.0,-2558.0,138.32954472727272,458.01622744969063,56.465908945454544,False,2
842,112.64,4508.0,-2604.0,139.92045672727272,463.51436742051374,56.78409134545455,False,2
843,112.735,4490.834532547238,-2634.0066896677645,141.0,467.2745477454164,57.0,False,2
844,112.84,4472.0,-2675.0,142.05000192,471.45817851332777,58.05000192,False,2
845,113.12,4423.0,-2838.0,144.85000192,482.77195052847037,60.85000192,False,2
846,113.135,4421.554642935515,-2843.8033903394826,145.0,483.3856588565277,61.0,False,2
847,113.375,4416.039503476562,-2894.774527357183,149.0,493.3189921898611,73.0,False,2
848,113.4,4416.0,-2903.0,149.4687536,494.36739054259397,73.0,False,2
849,113.535,4415.489995377164,-2968.0112148815024,152.0,500.07454774541657,73.0,False,2
850,113.695,4414.367970788383,-3065.6333331331853,155.0,506.96343663430525,83.0,False,2
851,113.74,4414.0,-3088.0,156.6874976,508.95146925153404,84.6874976,False,2
852,113.935,4412.070194716965,-3157.4800486571253,164.0,517.8967699676386,92.0,False,2
853,114.06,4409.0,-3199.0,171.49999616,523.9678557798898,89.50000128,False,2
854,114.135,4406.048253708168,-3228.3589356945918,176.0,527.6745477454169,88.0,False,2
855,114.38,4385.0,-3352.0,179.49999908571428,539.9026660120953,82.75000137142857,False,2
856,114.415,4379.3480303806655,-3374.107110002178,180.0,541.6745477454169,82.0,False,2
857,114.62,4339.0,-3507.0,184.270832,552.193922210693,78.5833344,False,2
858,114.655,4333.2188453318395,-3523.793814747489,185.0,554.00788107875,78.0,False,2
859,114.855,4306.046785508665,-3587.523682484903,188.0,564.4523255231943,73.0,False,2
860,114.92,4294.0,-3611.0,188.54166826666668,567.8720520027637,73.27083413333334,False,2
861,115.08,4254.0,-3683.0,189.8750016,576.325837868405,73.9375008,False,2
862,115.095,4249.754404861834,-3689.7381904537215,190.0,577.1189921898604,74.0,False,2
863,115.3,4185.0,-3776.0,191.2812496,587.9739579784045,75.9218744,False,2
864,115.415,4143.315111213037,-3821.9942310161764,192.0,594.185658856527,77.0,False,2
865,115.52,4102.0,-3862.0,194.63098392623468,599.9817261927365,80.34852499702596,False,2
866,115.68,4034.0,-3918.0,198.640094959075,609.0308024293436,85.45102994791363,False,2
867,115.854,3958.2901281319696,-3972.6617712076136,203.0,618.9403810787489,91.0,False,2
868,116.02,3872.0,-4025.0,205.48999808,628.413496823795,98.46999424,False,2
869,116.054,3851.1150786098683,-4036.451845430088,206.0,630.3848255231933,100.0,False,2
870,116.261,3715.0,-4105.0,211.69250176,642.7163097896391,100.0,False,2
871,116.454,3622.2060860109955,-4145.582963672545,217.0,654.4959366343037,100.0,False,2
872,116.641,3536.0,-4176.0,220.74000128,665.9733369407222,100.0,False,2
873,116.654,3528.930969197059,-4178.337311368151,221.0,666.773714412082,100.0,False,2
874,116.814,3434.145500751367,-4207.827327565609,223.0,676.6848255231926,100.0,False,2
875,116.821,3430.0,-4209.0,223.17445645845862,677.1241868071293,100.0,False,2
876,117.041,3304.0,-4239.0,228.65732359522963,691.2106496810211,100.0,False,2
877,117.135,3250.304008117402,-4248.929190758491,231.0,697.2823255231933,100.0,False,2
878,117.221,3202.0,-4257.0,231.61428662857142,702.8300838612122,100.0,False,2
879,117.415,3084.67791122174,-4272.378845845694,233.0,715.4045477454156,100.0,False,2
880,117.441,3061.0,-4274.0,233.5687528,717.1102548733288,100.0,False,2
881,117.621,2850.0,-4281.0,237.5062528,729.0605547830919,100.0,False,2
882,117.735,2743.1194826697074,-4279.208192600513,240.0,736.7378810787486,100.0,False,2
883,117.935,2629.3697597682853,-4264.9792059314395,245.0,750.3489921898599,100.0,False,2
884,118.081,2566.0,-4254.0,245.0,760.2788863308124,100.0,False,2
885,118.095,2560.302235067667,-4253.02450986147,245.0,761.2378810787486,100.0,False,2
886,118.341,2458.0,-4233.0,250.2714313142857,778.3632405931139,100.0,False,2
887,118.375,2439.579008535466,-4228.2534405403985,251.0,780.7601033009705,100.0,False,2
888,118.72,2204.0,-4153.0,256.17500288,805.3695135512044,100.0,False,2
889,118.775,2168.2988593686987,-4139.069225304771,257.0,809.3156588565262,100.0,False,2
890,118.935,2062.744877068769,-4091.8467666364245,259.0,820.8267699676371,100.0,False,2
891,118.94,2059.0,-4090.0,259.05681745454547,821.1884651238761,100.0,False,2
892,119.14,1893.0,-4002.0,261.3295447272727,835.7805603641946,100.0,False,2
893,119.375,1723.5475605107765,-3905.552356784176,264.0,853.0934366343035,100.0,False,2
894,119.695,1553.1668723664275,-3797.349720337735,266.0,876.7378810787477,100.0,False,2
895,120.055,1354.0405592557481,-3666.973340584271,270.0,903.7378810787486,100.0,False,2
896,120.06,1351.0,-3665.0,270.0156248,904.113894522291,100.0,False,2
897,120.24,1237.0,-3592.0,270.5781256,917.6521984613091,100.0,False,2
898,120.3,1198.0,-3568.0,270.7656248,922.1704971297067,100.0,False,2
899,120.375,1153.1011911389196,-3539.96017940053,271.0,927.8267699676371,100.0,False,2
900,120.68,956.0,-3412.0,272.2708341333333,950.9232655225105,100.0,False,2
901,120.855,756.844362628289,-3284.491444989467,273.0,964.2267699676377,100.0,False,2
902,120.9,717.0,-3259.0,273.2812496,967.6523560786727,100.0,False,2
903,121.015,657.5665047458892,-3220.864465177091,274.0,976.4045477454156,100.0,False,2
904,121.14,608.0,-3190.0,273.2187504,985.8857768763337,100.0,False,2
905,121.175,586.0178011652401,-3176.5861503786605,273.0,988.5378810787488,100.0,False,2
906,121.415,362.8535437281199,-3042.3830812760993,273.0,1006.7378810787495,100.0,False,2
907,121.5,296.0,-3003.0,273.5312496,1013.2150400172623,46.87504,False,2
908,121.575,250.6857571265969,-2976.881363323114,274.0,1018.9156588565274,0.0,False,2
909,121.815,161.91911975631763,-2930.417919269466,269.0,1036.8489921898608,0.0,True,2
910,121.9,112.0,-2905.0,265.6607168,1043.0396358711068,0.0,True,2
911,122.095,-48.562484677187484,-2823.1187521257393,258.0,1056.9156588565274,0.0,True,2
912,122.12,-67.0,-2814.0,256.5937392,1058.6649498989982,0.0,True,2
913,122.255,-145.29308878867357,-2777.273475388654,249.0,1067.982325523194,0.0,True,2
914,122.44,-230.0,-2746.0,244.84986650009364,1080.3181300543274,0.9577231153630031,True,2
915,122.761,-431.0,-2696.0,237.64883295813175,1100.5116285222775,2.6195000865849822,True,2
916,122.941,-548.0,-2684.0,233.6108694192445,1111.2617022721406,3.551337826328196,True,2
917,123.161,-689.0,-2682.0,228.67558064949338,1124.4540137363483,4.69025061934768,True,2
918,123.381,-826.0,-2695.0,223.7402918797423,1137.7682816093902,5.829163412367163,True,2
919,123.414,-843.5653434434585,-2697.366882614583,223.0,1139.7759366343053,6.0,False,2
920,123.561,-932.0,-2718.0,220.56016426493989,1148.748405315977,18.80913760906559,False,2
921,123.655,-1034.152748489184,-2755.8285130491713,219.0,1154.4367699676386,27.0,False,2
922,123.721,-1100.0,-2782.0,217.3499968,1158.382699984807,37.23001984,False,2
923,123.855,-1161.8530739759321,-2809.262917471246,214.0,1166.3256588565273,58.0,False,2
924,124.015,-1184.2773084283094,-2826.8533611330563,214.0,1175.8367699676382,65.0,False,2
925,124.021,-1186.0,-2828.0,214.0,1176.1938639339578,65.1500032,False,2
926,124.175,-1252.8833241943914,-2869.8256926951067,214.0,1185.3478810787492,69.0,False,2
927,124.381,-1373.0,-2941.0,211.93999872,1197.4208035058218,33.46497792,False,2
928,124.561,-1466.0,-2992.0,210.13999872,1207.8693046321341,2.414977920000004,False,2
929,124.575,-1473.617282793415,-2995.6899360463726,210.0,1208.6812144120831,0.0,True,2
930,124.775,-1582.6794080564966,-3041.9744333108088,208.0,1220.2367699676388,0.0,True,2
931,124.801,-1593.0,-3046.0,207.535712,1221.7229583624348,0.0,True,2
932,125.04,-1655.0,-3065.0,203.2678537142857,1235.1893367177754,0.0,True,2
933,125.055,-1660.919425784508,-3066.3917067359002,203.0,1236.025658856528,0.0,False,2
934,125.215,-1747.0896291676493,-3084.9291285544114,200.0,1244.9145477454167,17.0,False,2
935,125.26,-1773.0,-3089.0,200.0,1247.4243528672014,17.187499733333333,False,2
936,125.455,-1879.9468602304103,-3095.5535375019385,200.0,1258.2478810787497,18.0,False,2
937,125.5,-1904.0,-3095.0,197.7500032,1260.6747450129706,18.8437488,False,2
938,125.615,-1964.948134107366,-3090.5146267958676,192.0,1266.7812144120826,21.0,False,2
939,125.68,-1999.0,-3086.0,191.45833173333332,1270.2221066060147,22.6250048,False,2
940,125.855,-2089.0889978562373,-3066.6705804768308,190.0,1279.4478810787496,27.0,False,2
941,125.96,-2142.0,-3050.0,188.94999808,1284.9348003730884,41.17502592,False,2
942,126.055,-2189.1195073189847,-3031.615854661188,188.0,1289.892325523194,54.0,False,2
943,126.16,-2239.0,-3009.0,188.4375008,1295.3903972332628,59.6875104,False,2
944,126.295,-2297.9431670141817,-2978.3162689776173,189.0,1302.4923255231934,67.0,False,2
945,126.38,-2341.0,-2952.0,189.84999936,1306.985935175604,67.84999936,False,2
946,126.495,-2414.3802171017082,-2902.4823550807682,191.0,1313.1034366343047,69.0,False,2
947,126.62,-2492.0,-2847.0,192.33928502857142,1319.8203216603524,73.46428342857143,False,2
948,126.775,-2550.920079774011,-2801.6080635501326,194.0,1328.1923255231932,79.0,False,2
949,127.015,-2613.1225344807685,-2744.7005659062966,195.0,1341.1923255231932,80.0,False,2
950,127.02,-2615.0,-2743.0,195.1249984,1341.468105883063,79.8281272,False,2
951,127.26,-2726.0,-2646.0,201.1249984,1354.984795484661,71.5781272,False,2
952,127.335,-2759.963356903739,-2620.037682196909,203.0,1359.236769967637,69.0,False,2
953,127.48,-2824.0,-2577.0,203.0,1367.419213517257,29.124947199999998,False,2
954,127.495,-2830.896670891186,-2572.6906171426726,203.0,1368.2589921898598,25.0,False,2
955,127.54,-2852.0,-2560.0,202.1562512,1370.7688574345711,25.2812496,False,2
956,127.655,-2909.403017969714,-2530.709015339165,200.0,1377.1478810787485,26.0,False,2
957,127.72,-2942.0,-2516.0,200.0,1380.7632534841814,25.729165866666666,False,2
958,127.895,-3027.8544824635196,-2482.4597211556047,200.0,1390.4812144120815,25.0,False,2
959,127.96,-3067.0,-2472.0,199.07142582857142,1394.0453161241176,25.696430628571427,False,2
960,128.175,-3234.725942666226,-2444.9714093731645,196.0,1405.725658856527,28.0,False,2
961,128.26,-3290.0,-2439.0,196.0,1410.3628851767944,28.0,False,2
962,128.415,-3350.837152630317,-2436.309427091475,196.0,1418.7923255231926,28.0,False,2
963,128.6,-3408.0,-2444.0,193.22499712,1428.6299608647932,32.6250048,False,2
964,128.76,-3492.0,-2457.0,190.82499712,1437.0177706300537,36.6250048,False,2
965,128.815,-3521.4767442989923,-2462.5899142661488,190.0,1439.903436634304,38.0,False,2
966,128.975,-3604.0751121991966,-2481.903135331564,189.0,1448.3034366343036,54.0,False,2
967,129.04,-3637.0,-2491.0,189.0,1451.7146364364908,56.6130722048411,False,2
968,129.174,-3704.1339658501047,-2512.007560057331,189.0,1458.7509366343038,62.0,False,2
969,129.301,-3767.0,-2535.0,189.63500032,1465.441759103528,65.1750016,False,2
970,129.374,-3802.867676780294,-2549.6910153825593,190.0,1469.3064921898585,67.0,False,2
971,129.501,-3864.0,-2577.0,191.05833386666666,1476.0729214691046,64.35416533333333,False,2
972,129.614,-3916.9916734579265,-2603.050314097968,192.0,1482.1064921898587,62.0,False,2
973,129.641,-3931.0,-2611.0,191.8312496,1483.5458700572817,51.5374752,False,2
974,129.774,-4011.9266383365234,-2664.0440580465893,191.0,1490.5953810787478,0.0,True,2
975,129.921,-4095.0,-2725.0,187.3249984,1498.2060275101103,0.0,True,2
976,129.974,-4114.9991307470655,-2740.6507110327243,186.0,1500.9287144120808,0.0,True,2
977,130.175,-4156.989922848305,-2780.864457523424,183.0,1511.1462144120815,0.0,True,2
978,130.221,-4168.0,-2793.0,181.1312448,1513.4042477752246,0.0,True,2
979,130.481,-4250.0,-2889.0,170.5687448,1525.612659376422,0.0,True,2
980,130.495,-4254.139050439465,-2894.357739902219,170.0,1526.2573255231919,0.0,True,2
981,130.601,-4283.0,-2934.0,166.81999616,1531.1116967801072,0.0,True,2
982,130.695,-4305.561742937718,-2968.0149567097037,164.0,1535.3684366343023,0.0,True,2
983,130.841,-4338.0,-3029.0,160.95833066666665,1541.874615403999,0.0,True,2
984,130.935,-4359.757551826084,-3082.6258964768585,159.0,1545.9684366343026,0.0,True,2
985,131.141,-4401.0,-3206.0,152.13332906666668,1554.6370354813725,0.0,True,2
986,131.175,-4405.074412084752,-3220.0069910897205,151.0,1556.0351033009692,0.0,True,2
987,131.375,-4413.357706366878,-3265.3312266262815,146.0,1564.1462144120796,0.0,True,2
988,131.501,-4415.0,-3295.0,146.0,1569.29674615754,0.0,True,2
989,131.695,-4419.390919287706,-3368.4921893615187,146.0,1577.1239921898568,0.0,True,2
990,131.76,-4419.0,-3398.0,142.7499904,1579.6386831173395,0.0,True,2
991,131.895,-4413.236039487382,-3464.0690419311272,136.0,1584.6795477454134,0.0,True,2
992,131.96,-4409.0,-3494.0,133.5624928,1587.0162033953975,0.0,True,2
993,132.135,-4394.767323996475,-3559.940530232803,127.0,1593.1462144120796,0.0,True,2
994,132.295,-4378.31932769506,-3605.3287635324214,127.0,1598.7906588565238,0.0,True,2
995,132.4,-4366.0,-3633.0,124.613632,1602.3633767030005,0.0,True,2
996,132.7,-4322.0,-3706.0,117.795456,1611.9935665118246,0.0,True,2
997,132.735,-4315.334243917541,-3714.397697277727,117.0,1613.090658856525,0.0,True,2
998,132.9,-4280.0,-3753.0,113.9062512,1618.2067837011346,0.0,True,2
999,133.055,-4244.146611759008,-3784.362511775844,111.0,1622.9573255231917,0.0,False,2
1000,133.08,-4238.0,-3789.0,110.87499904,1623.7209439534445,0.0,False,2
1001,133.255,-4191.874799080734,-3818.3147307399704,110.0,1629.068436634302,0.0,False,2
1002,133.28,-4185.0,-3822.0,110.20833493333333,1629.838903406625,3.2639139555555556,False,2
1003,133.5,-4122.0,-3849.0,112.04166613333334,1636.7093837991933,31.986102755555557,False,2
1004,133.615,-4086.694108823498,-3859.7821151094413,113.0,1640.3684366343023,47.0,False,2
1005,133.84,-4016.0,-3875.0,116.21428845714286,1647.6621499612265,56.64286537142857,False,2
1006,133.895,-3999.4367987066194,-3877.67284326913,117.0,1649.4684366343026,59.0,False,2
1007,134.0,-3963.0,-3882.0,118.57500288,1652.9402731337623,61.10000384,False,2
1008,134.095,-3914.625811415657,-3885.657680417806,120.0,1656.1351033009687,63.0,False,2
1009,134.28,-3816.0,-3891.0,125.55000576,1662.5924650559218,73.17501056,False,2
1010,134.295,-3811.127290332024,-3891.2290140366354,126.0,1663.1351033009687,74.0,False,2
1011,134.535,-3771.5800794677466,-3891.8896712631076,135.0,1672.1351033009687,80.0,False,2
1012,134.56,-3763.0,-3892.0,135.20833493333333,1673.0767671681342,80.48611484444444,False,2
1013,134.86,-3592.0,-3895.0,137.7083328,1684.5076124986053,86.3194432,False,2
1014,134.895,-3579.6418554526495,-3895.1542976286637,138.0,1685.9351033009689,87.0,False,2
1015,135.135,-3533.6934730148073,-3895.926697591617,156.0,1696.3351033009676,100.0,False,2
1016,135.14,-3532.0,-3896.0,156.16071222857144,1696.5581015635498,100.0,False,2
1017,135.415,-3370.7294076047797,-3904.534574402169,165.0,1709.1684366343006,100.0,False,2
1018,135.54,-3304.0,-3909.0,173.12499584,1715.2605976057412,100.0,False,2
1019,135.615,-3275.775657037349,-3911.4023288385247,178.0,1719.0573255231902,100.0,False,2
1020,135.8,-3221.0,-3918.0,187.85894242328428,1728.919203076126,100.0,False,2
1021,135.934,-3159.717948929476,-3925.7319815466594,195.0,1736.3364921898565,100.0,False,2
1022,136.061,-3097.0,-3934.0,199.3656272,1743.4782243318514,100.0,False,2
1023,136.254,-3012.423699839975,-3946.4700802775997,206.0,1754.6476033009676,100.0,False,2
1024,136.261,-3009.0,-3947.0,206.3500032,1755.0631645415078,100.0,False,2
1025,136.534,-2850.245188917472,-3972.3150324015046,220.0,1771.758714412079,100.0,False,2
1026,136.541,-2846.0,-3973.0,220.21000192,1772.194690268172,100.0,False,2
1027,136.734,-2729.2943793719946,-3992.2486319382974,226.0,1784.3142699676355,100.0,False,2
1028,136.741,-2725.0,-3993.0,226.13043602700563,1784.7563875887554,100.0,False,2
1029,136.881,-2638.0,-4009.0,228.73913271617698,1793.6537789267422,100.0,False,2
1030,136.895,-2629.2621375860563,-4010.6772661842115,229.0,1794.5556588565241,100.0,False,2
1031,137.101,-2500.0,-4037.0,235.6214326857143,1808.1212457201946,100.0,False,2
1032,137.175,-2452.666893649242,-4047.440671143652,238.0,1813.066769967635,100.0,False,2
1033,137.261,-2397.0,-4060.0,239.79166933333335,1818.837453835832,100.0,False,2
1034,137.415,-2295.7531218220856,-4082.6863269180785,243.0,1829.266769967634,100.0,False,2
1035,137.481,-2252.0,-4092.0,244.46666951111112,1833.7936276619293,100.0,False,2
1036,137.681,-2118.0,-4117.0,248.91111395555555,1847.721094112636,100.0,False,2
1037,137.775,-2053.137572179658,-4125.923930869613,251.0,1854.3667699676353,100.0,False,2
1038,137.841,-2007.0,-4131.0,253.31000448,1859.069812146362,100.0,False,2
1039,137.975,-1912.2730558012618,-4138.299561395331,258.0,1868.7001033009674,100.0,False,2
1040,138.135,-1796.302367872927,-4142.611886173375,261.0,1880.3001033009668,100.0,False,2
1041,138.161,-1777.0,-4143.0,261.3250016,1882.1910892050846,100.0,False,2
1042,138.295,-1675.751974847136,-4143.644914058162,263.0,1891.9889921898557,100.0,False,2
1043,138.38,-1615.0,-4143.0,265.4791648,1898.3051205432575,100.0,False,2
1044,138.535,-1501.1840495959045,-4139.232911487927,270.0,1909.9889921898566,100.0,False,2
1045,138.54,-1496.0,-4139.0,270.078124,1910.3677669337076,100.0,False,2
1046,138.74,-1236.0,-4126.0,273.203124,1925.6064829986944,100.0,False,2
1047,138.855,-1163.9755154376292,-4122.351220799499,275.0,1934.433436634301,100.0,False,2
1048,139.04,-1112.0,-4120.0,278.08333653333335,1948.7330417471667,100.0,False,2
1049,139.095,-1076.7219573241646,-4118.399409809632,279.0,1953.0334366343013,100.0,False,2
1050,139.24,-953.0,-4113.0,284.4375072,1964.504135623526,100.0,False,2
1051,139.255,-939.9198373406601,-4112.4783360028605,285.0,1965.7001033009674,100.0,False,2
1052,139.48,-749.0,-4106.0,289.2187536,1983.827604586315,100.0,False,2
1053,139.575,-676.0223351616561,-4104.086017888047,291.0,1991.5667699676333,100.0,False,2
1054,139.7,-571.0,-4102.0,294.1249984,2001.8162163005009,100.0,False,2
1055,139.775,-491.45543517229964,-4100.761793555594,296.0,2008.0112144120794,100.0,False,2
1056,140.04,-190.0,-4097.0,300.7321462857143,2030.1633196166094,100.0,False,2
1057,140.055,-178.47194242175104,-4096.860589763244,301.0,2031.422325523191,100.0,False,2
1058,140.295,-64.95260444562581,-4095.399213443838,303.0,2051.622325523189,100.0,False,2
1059,140.34,-39.0,-4095.0,303.5624992,2055.436151190849,100.0,False,2
1060,140.615,193.52991566087428,-4091.2999972432563,307.0,2078.91121441208,100.0,False,2
1061,140.64,215.0,-4091.0,307.20833493333333,2081.0515364964613,100.0,False,2
1062,140.74,301.0,-4090.0,308.0416661333333,2089.6191720357,100.0,False,2
1063,140.855,430.60578461656826,-4089.383968095696,309.0,2099.5112144120785,100.0,False,2
1064,141.02,629.0,-4090.0,310.8749992727273,2113.813386315719,100.0,False,2
1065,141.295,811.6279262579171,-4097.004010647161,314.0,2137.8889921898563,100.0,False,2
1066,141.42,888.0,-4105.0,314.72115347692306,2148.902955538283,100.0,False,2
1067,141.62,1058.0,-4132.0,315.87499963076925,2166.6152200226115,100.0,False,2
1068,141.82,1315.0,-4199.0,317.0288457846154,2184.438101064211,100.0,False,2
1069,142.14,1502.0,-4262.0,318.87499963076925,2212.9865285830774,100.0,False,2
1070,142.335,1666.051300108478,-4320.49253639099,320.0,2230.3334366343024,100.0,False,2
1071,142.38,1704.0,-4334.0,320.0,2234.331207090646,100.0,False,2
1072,142.494,1791.4221033754307,-4365.272522072322,320.0,2244.4667699676347,100.0,False,2
1073,142.721,1994.0,-4435.0,321.8916672,2264.805946822945,100.0,False,2
1074,142.854,2182.3107157581776,-4496.181502359109,323.0,2276.766769967636,100.0,False,2
1075,142.881,2216.0,-4507.0,323.0964288,2279.195344410843,100.0,False,2
1076,143.134,2383.934737810177,-4558.912642145388,324.0,2301.966769967633,100.0,False,2
1077,143.261,2457.0,-4580.0,324.3956389075417,2313.4189239498255,100.0,False,2
1078,143.455,2623.7239692077646,-4627.843745665438,325.0,2330.9459366343017,100.0,False,2
1079,143.501,2665.0,-4639.0,325.11500032,2335.1082679517867,100.0,False,2
1080,143.581,2735.0,-4657.0,325.31500032,2342.3529746336444,100.0,False,2
1081,143.801,2928.0,-4702.0,325.86500032,2362.2853857989157,100.0,False,2
1082,143.855,2975.64674629405,-4711.902733846949,326.0,2367.1681588565216,100.0,False,2
1083,144.001,3105.0,-4736.0,325.26999936,2380.349268317168,100.0,False,2
1084,144.055,3153.0625046672003,-4743.7495907852,325.0,2385.223714412079,100.0,False,2
1085,144.215,3296.3778372366223,-4763.1904533730285,325.0,2399.6681588565234,100.0,False,2
1086,144.261,3338.0,-4768.0,324.8083328,2403.8133902239715,100.0,False,2
1087,144.421,3482.0,-4782.0,324.14166613333333,2418.207946458918,100.0,False,2
1088,144.455,3510.965472657139,-4784.299984448959,324.0,2421.2681588565238,100.0,False,2
1089,144.615,3644.602491680481,-4791.6947452609165,324.0,2435.6681588565234,100.0,False,2
1090,144.681,3715.0,-4793.0,323.44999893333335,2441.5846512997687,100.0,False,2
1091,144.855,3954.2566774423276,-4791.649974956689,322.0,2457.1348255231887,100.0,False,2
1092,144.92,4038.0,-4790.0,322.0,2462.949086682279,100.0,False,2
1093,145.095,4207.639053057754,-4783.470011678082,322.0,2478.601492189856,100.0,False,2
1094,145.42,4414.0,-4763.0,320.52272756363635,2507.5119039762985,100.0,False,2
1095,145.535,4503.218284584658,-4753.035225921463,320.0,2517.712603300967,100.0,False,2
1096,145.74,4679.0,-4731.0,319.2678573714286,2535.8777261912082,100.0,False,2
1097,145.815,4744.574571671671,-4721.225495708215,319.0,2542.5237144120783,100.0,False,2
1098,145.9,4819.0,-4709.0,319.0,2550.0582602460945,100.0,False,2
1099,146.015,4918.848952970702,-4690.472555430326,319.0,2560.245936634299,100.0,False,2
1100,146.08,4975.0,-4679.0,318.67499904,2565.9944290601234,100.0,False,2
1101,146.215,5091.188203188871,-4652.8797764983565,318.0,2577.912603300967,100.0,False,2
1102,146.535,5364.263325341977,-4578.615278471012,317.0,2606.090381078744,100.0,False,2
1103,146.695,5499.434071284736,-4536.828827915537,317.0,2620.1792699676325,100.0,False,2
1104,146.935,5700.220514203665,-4471.915929157446,316.0,2641.2459366343,100.0,False,2
1105,146.96,5721.0,-4465.0,316.0,2643.4394956438473,100.0,False,2
1106,147.12,5854.0,-4420.0,316.0,2657.4814886341464,100.0,False,2
1107,147.255,5968.734406834976,-4380.8369148200945,316.0,2669.3348255231886,100.0,False,2
1108,147.4,6086.0,-4341.0,316.0,2682.0715302129665,100.0,False,2
1109,147.495,6154.030258417084,-4318.246428252117,316.0,2690.401492189856,100.0,False,2
1110,147.655,6288.270893029552,-4273.404191539794,315.0,2704.401492189856,100.0,False,2
1111,147.68,6319.0,-4263.0,315.0781256,2706.5947104709667,100.0,False,2
1112,147.84,6551.0,-4184.0,315.5781256,2720.6836331329514,100.0,False,2
1113,147.975,6663.152252128324,-4146.004440053547,316.0,2732.4903810787446,100.0,False,2
1114,148.26,6800.0,-4099.0,305.70833564444445,2756.7466894206436,20.833351111111117,False,2
1115,148.335,6896.032816055096,-4065.3574173396896,303.0,2762.7903810787457,0.0,True,2
1116,148.46,7065.0,-4006.0,293.00000512,2772.45563255618,0.0,True,2
1117,148.735,7168.763161903612,-3968.2903667324795,271.0,2792.901492189857,0.0,True,2
1118,148.82,7207.0,-3953.0,271.0,2799.4261469028097,0.0,True,2
1119,148.975,7339.340129629788,-3900.6050365014603,271.0,2810.9681588565218,0.0,True,2
1120,149.101,7449.0,-3857.0,250.99441221269532,2819.0677390699984,0.0,True,2
1121,149.334,7548.045302641126,-3816.0713979115485,214.0,2832.308714412078,0.0,True,2
1122,149.461,7594.0,-3796.0,210.031248,2839.698927148659,0.0,True,2
1123,149.494,7608.755702595346,-3789.5462994581508,209.0,2841.5976033009665,0.0,True,2
1124,149.661,7699.0,-3750.0,202.041664,2850.919255663529,0.0,True,2
1125,149.734,7744.312119275584,-3730.077196420986,199.0,2854.864269967634,0.0,True,2
1126,149.981,7896.0,-3663.0,188.9968801489107,2867.70917288235,0.0,True,2
1127,150.055,7926.889984341974,-3649.139430389601,186.0,2871.449269967633,0.0,True,2
1128,150.255,7989.17288519368,-3620.541819118147,179.0,2881.3937144120764,0.0,True,2
1129,150.281,7999.0,-3616.0,178.6749984,2882.679410884718,0.0,True,2
1130,150.461,8079.0,-3579.0,176.4249984,2891.505404451761,0.0,True,2
1131,150.495,8094.196298551722,-3571.979056350974,176.0,2893.12704774541,0.0,True,2
1132,150.735,8195.295479167815,-3524.9883754547554,165.0,2904.12704774541,0.0,True,2
1133,150.821,8230.0,-3508.0,162.8499968,2907.9663342460653,0.0,True,2
1134,150.841,8238.0,-3504.0,162.3499968,2908.8535807727485,0.0,True,2
1135,150.935,8275.814503286305,-3485.47467750311,160.0,2913.0159366342987,0.0,False,2
1136,151.121,8351.0,-3450.0,160.0,2921.2275691212662,30.8062712,False,2
1137,151.255,8404.55076480598,-3424.9336252052613,160.0,2927.2381588565213,53.0,False,2
1138,151.281,8415.0,-3420.0,160.7428608,2928.422194610933,56.3428736,False,2
1139,151.46,8488.0,-3385.0,165.85714102857142,2936.733190808206,79.35713462857143,False,2
1140,151.535,8519.17476541912,-3369.889255715748,168.0,2940.304825523189,89.0,False,2
1141,151.74,8605.0,-3328.0,174.8333312,2950.314420125681,98.3958304,False,2
1142,151.775,8619.450901614573,-3320.9285351665353,176.0,2952.0381588565224,100.0,False,2
1143,151.9,8676.0,-3293.0,178.08333226666667,2958.2041703273962,100.0,False,2
1144,152.015,8749.433640411424,-3255.892797241859,180.0,2964.0381588565206,100.0,False,2
1145,152.22,8882.0,-3188.0,192.812496,2975.098336679698,100.0,False,2
1146,152.255,8894.949964572103,-3181.297887207374,195.0,2977.0381588565206,100.0,False,2
1147,152.46,8940.0,-3157.0,199.39285577142857,2988.551493612359,100.0,False,2
1148,152.535,8968.869583248292,-3141.0564414576797,201.0,2992.671492189854,100.0,False,2
1149,152.74,9075.0,-3082.0,190.7500032,3003.4342231023356,26.78573714285714,False,2
1150,152.815,9110.156895178452,-3062.098623481301,187.0,3007.2159366342976,0.0,True,2
1151,153.0,9188.0,-3017.0,174.04998656,3016.1461931174154,0.0,True,2
1152,153.015,9194.106075182628,-3013.387418542379,173.0,3016.827047745409,0.0,True,2
1153,153.16,9251.0,-2979.0,162.4545314909091,3023.008249476369,0.0,True,2
1154,153.32,9308.0,-2942.0,150.81816785454546,3029.0935457548903,0.0,True,2
1155,153.455,9365.298969481462,-2901.7337662043246,141.0,3034.0603810787425,0.0,True,2
1156,153.64,9443.0,-2844.0,133.80554808888888,3040.7220906536013,0.0,True,2
1157,153.815,9490.23917986473,-2805.4377983084687,127.0,3046.7603810787414,0.0,True,2
1158,154.095,9534.21287249534,-2760.858504666259,116.0,3055.7826033009633,0.0,True,2
1159,154.1,9535.0,-2760.0,115.9062512,3055.941062409741,0.0,True,2
1160,154.255,9559.84959536372,-2732.000824946685,113.0,3060.804825523185,0.0,True,2
1161,154.4,9584.0,-2702.0,108.64999424,3065.1348630980838,0.0,True,2
1162,154.455,9593.416985557238,-2689.3300812117336,107.0,3066.7492699676304,0.0,True,2
1163,154.56,9611.0,-2664.0,105.6874976,3069.8186315333887,0.0,True,2
1164,154.695,9630.478089980777,-2631.7239205684946,104.0,3073.682603300963,0.0,True,2
1165,154.84,9648.0,-2596.0,100.3749952,3077.6401144471574,0.0,True,2
1166,154.975,9661.791576239624,-2560.2094711248114,97.0,3081.2270477454067,0.0,True,2
1167,155.14,9674.0,-2517.0,95.35000064,3085.5843563134085,0.0,True,2
1168,155.175,9675.706739218038,-2508.555199567105,95.0,3086.504825523184,0.0,False,2
1169,155.415,9677.96867775058,-2455.510867288439,93.0,3092.704825523183,0.0,False,2
1170,155.44,9677.0,-2450.0,92.2857088,3093.3200988692543,1.339296,False,2
1171,155.695,9654.941634407545,-2392.7357733804724,85.0,3099.3159366342943,15.0,False,2
1172,155.721,9652.0,-2387.0,85.0,3099.925759338369,16.3000064,False,2
1173,155.855,9635.630958944676,-2358.0711840204535,85.0,3103.0937144120717,23.0,False,2
1174,155.961,9621.0,-2337.0,86.06532757698008,3105.6351844737337,29.924629250370494,False,2
1175,156.021,9612.0,-2326.0,86.66834245842253,3107.0930669534528,33.84422597974642,False,2
1176,156.054,9606.880948349282,-2319.914995905906,87.0,3107.9028810787395,36.0,False,2
1177,156.241,9576.0,-2285.0,88.94386786779116,3112.598814862643,44.16424504472283,False,2
1178,156.441,9540.0,-2250.0,91.02287022341724,3117.7651973368165,52.89605493835243,False,2
1179,156.535,9521.25913746462,-2233.2401128142224,92.0,3120.195103300962,57.0,False,2
1180,156.641,9500.0,-2215.0,93.3250016,3122.9384780117316,61.6375056,False,2
1181,156.695,9489.76463677003,-2206.496738592544,94.0,3124.372881078739,64.0,False,2
1182,156.975,9430.436060038111,-2158.965429203345,104.0,3132.4617699676282,67.0,False,2
1183,157.001,9422.0,-2152.0,104.886368,3133.269869174529,67.4727296,False,2
1184,157.201,9347.0,-2089.0,111.70454981818182,3139.813053963816,71.10909323636363,False,2
1185,157.415,9310.037076511668,-2056.4293738532165,119.0,3147.006214412072,75.0,False,2
1186,157.561,9289.0,-2035.0,118.5437496,3151.805226455278,40.78122,False,2
1187,157.735,9248.775378352997,-1992.4911490444508,118.0,3157.495103300961,0.0,True,2
1188,157.761,9243.0,-1986.0,118.0,3158.3518432508563,0.0,True,2
1189,157.895,9216.862080730149,-1953.8300080406577,118.0,3162.7395477454056,0.0,True,2
1190,157.941,9208.0,-1941.0,116.4666624,3164.1936833690843,0.0,True,2
1191,158.135,9168.193670125282,-1871.9303572413594,110.0,3170.0728810787377,0.0,False,2
1192,158.22,9155.0,-1846.0,108.9375008,3172.6051215748003,0.0,False,2
1193,158.455,9138.502210242033,-1802.3772128852584,106.0,3179.495103300961,0.0,True,2
1194,158.48,9137.0,-1797.0,105.72222008888889,3180.2157838709163,1.1111196444444444,True,2
1195,158.68,9124.0,-1742.0,103.49999786666666,3185.8966401209664,10.000008533333334,True,2
1196,158.815,9120.359159333053,-1703.1198675635394,102.0,3189.69510330096,16.0,False,2
1197,158.92,9120.0,-1674.0,101.5624992,3192.6457201982676,12.4999936,False,2
1198,159.055,9121.471037273031,-1638.7674005257948,101.0,3196.4284366342936,8.0,False,2
1199,159.255,9131.544667329077,-1581.7013618023182,100.0,3201.9839921898483,10.0,False,2
1200,159.26,9132.0,-1580.0,99.95833386666666,3202.121496415605,9.861112888888888,False,2
1201,159.46,9156.0,-1507.0,98.2916672,3207.55622227177,4.305557333333334,False,2
1202,159.615,9173.804735553293,-1465.689618157136,97.0,3211.683992189849,0.0,False,2
1203,159.775,9190.638657898817,-1436.8236322533085,94.0,3215.861769967626,0.0,False,2
1204,159.86,9200.0,-1422.0,92.7857152,3218.0266021908874,0.0,False,2
1205,160.055,9223.086641306441,-1388.2658330149807,90.0,3222.861769967626,0.0,False,2
1206,160.12,9232.0,-1377.0,89.55681687272727,3224.4450025764536,5.465925236363637,False,2
1207,160.46,9290.0,-1319.0,87.2386368,3232.6332673045827,34.0568128,False,2
1208,160.495,9296.578731196978,-1313.5240730456276,87.0,3233.4951033009593,37.0,False,2
1209,160.7,9337.0,-1284.0,89.5624992,3238.622884460193,50.6666624,False,2
1210,160.735,9344.330696336672,-1279.4214393287393,90.0,3239.4951033009593,53.0,False,2
1211,160.9,9380.0,-1260.0,90.0,3243.594797271732,60.42499712,False,2
1212,160.935,9387.531367783504,-1256.4644700958188,90.0,3244.4951033009593,62.0,False,2
1213,160.96,9393.0,-1254.0,90.9375072,3245.148551214713,62.729172266666666,False,2
1214,161.175,9445.645356066243,-1233.40612863284,99.0,3251.0951033009596,69.0,False,2
1215,161.24,9463.0,-1228.0,100.95000576,3252.9867749845807,70.95000576,False,2
1216,161.46,9525.0,-1214.0,107.54999808,3259.7010177249003,77.54999808,False,2
1217,161.575,9558.222943655373,-1209.8257201697754,111.0,3263.4284366342918,81.0,False,2
1218,161.64,9578.0,-1208.0,114.01786605714285,3265.60444231778,84.01786605714285,False,2
1219,161.855,9650.325707657024,-1203.330915364253,124.0,3273.072881078736,94.0,False,2
1220,161.88,9659.0,-1203.0,124.41666986666667,3273.9535768943397,94.6250048,False,2
1221,162.02,9708.0,-1202.0,126.74999893333333,3278.9213817643895,98.1249984,False,2
1222,162.095,9734.96931208237,-1201.843548125051,128.0,3281.6062144120688,100.0,False,2
1223,162.281,9804.0,-1202.0,130.79000192,3288.363127245394,100.0,False,2
1224,162.295,9809.287018534667,-1202.0033396853812,131.0,3288.883992189846,100.0,False,2
1225,162.501,9889.0,-1200.0,136.7937536,3296.792800691649,100.0,False,2
1226,162.615,9935.583454481695,-1193.9812912752516,140.0,3301.3284366342914,100.0,False,2
1227,163.415,10278.556017026525,-1055.2802674474135,149.0,3334.439547745401,0.0,True,2
1228,163.561,10324.0,-1021.0,144.13332906666668,3340.045478519455,0.0,True,2
1229,163.775,10377.354415894555,-966.8265694553086,137.0,3348.1395477454016,0.0,True,2
1230,163.901,10412.0,-920.0,137.0,3353.0181800672917,0.0,True,2
1231,163.975,10435.98205810905,-884.3131591744634,137.0,3355.750658856513,0.0,True,2
1232,164.101,10475.0,-823.0,125.65998848,3359.987757952368,0.0,True,2
1233,164.175,10490.019904471681,-798.0889653161881,119.0,3362.3617699676242,0.0,True,2
1234,164.375,10504.972447770522,-766.5033029953762,113.0,3368.6395477454016,0.0,True,2
1235,164.481,10512.0,-749.0,109.59285302857143,3371.7890280672354,0.0,True,2
1236,164.655,10529.275924782218,-707.7708954601258,104.0,3376.728436634291,0.0,True,2
1237,164.76,10541.0,-672.0,101.3749952,3379.6326642629365,0.0,True,2
1238,164.895,10555.615813409187,-612.7940037787665,98.0,3383.261769967624,0.0,True,2
1239,164.96,10561.0,-588.0,96.3749952,3384.955588462267,0.0,True,2
1240,165.135,10567.184302991756,-551.469201441269,92.0,3389.395103300957,0.0,True,2
1241,165.32,10566.0,-527.0,90.67857005714286,3394.0428393208413,0.0,True,2
1242,165.415,10564.559093237787,-505.96451506844045,90.0,3396.395103300957,0.0,False,2
1243,165.48,10562.0,-491.0,88.7812464,3397.9858684939218,10.15628,False,2
1244,165.575,10554.613808530537,-471.2544926673697,87.0,3400.261769967624,25.0,False,2
1245,165.775,10526.4425620318,-437.53883457729336,82.0,3404.8173255231804,38.0,False,2
1246,165.8,10522.0,-434.0,82.20833493333333,3405.3877449300207,39.319454577777776,False,2
1247,165.98,10485.0,-412.0,83.7083328,3409.5592191174665,48.81944106666667,False,2
1248,166.12,10453.0,-396.0,84.8750016,3412.944855433677,56.20834346666667,False,2
1249,166.135,10449.514318658685,-394.30551811354087,85.0,3413.3173255231804,57.0,False,2
1250,166.32,10409.0,-368.0,91.47500672,3418.040614395818,57.0,False,2
1251,166.335,10406.38920282921,-364.5135799011926,92.0,3418.4284366342918,57.0,False,2
1252,166.495,10386.39264751073,-312.204585040154,93.0,3422.561769967625,57.0,False,2
1253,166.62,10379.0,-273.0,91.4375008,3425.708453743923,35.64584426666667,False,2
1254,166.735,10377.63120357745,-249.4150627224618,90.0,3428.561769967625,16.0,False,2
1255,166.98,10388.0,-211.0,90.0,3434.6288471025755,44.58332586666667,False,2
1256,167.095,10396.057809534315,-177.55493764895866,90.0,3437.561769967625,58.0,False,2
1257,167.28,10410.0,-117.0,95.55000576,3442.4822540425985,63.55000576,False,2
1258,167.295,10410.961522493895,-112.9390543397256,96.0,3442.895103300957,64.0,False,2
1259,167.6,10428.0,-47.0,102.93182254545455,3451.7597869173633,74.39773381818182,False,2
1260,167.735,10438.424677192708,-10.510501279766645,106.0,3455.8506588565133,79.0,False,2
1261,167.78,10442.0,2.0,106.80357028571429,3457.226738219565,79.0,False,2
1262,168.015,10462.392564075652,71.13503990880322,111.0,3464.4839921898465,79.0,False,2
1263,168.02,10463.0,73.0,110.97500032,3464.6386954857235,77.02502528,False,2
1264,168.215,10493.441345892139,160.6543255818622,110.0,3470.595103300958,0.0,True,2
1265,168.32,10506.0,195.0,106.58749376,3473.5969791279904,0.0,True,2
1266,168.56,10516.0,220.0,98.78749376,3479.9523703269742,0.0,True,2
1267,168.615,10520.260347721149,232.759554177829,97.0,3481.372881078735,0.0,True,2
1268,168.775,10539.82319083269,294.00093889492985,91.0,3485.417325523179,0.0,True,2
1269,168.901,10552.0,333.0,87.14999608888888,3488.360576697004,0.0,True,2
1270,169.135,10557.760582017067,357.2870631439372,80.0,3493.417325523179,0.0,True,2
1271,169.181,10558.0,363.0,79.42319600286977,3494.400649442102,0.0,True,2
1272,169.441,10557.0,418.0,76.16300856917697,3499.883948415324,0.0,True,2
1273,169.454,10556.607558062879,420.7453436148514,76.0,3500.1517699676233,0.0,False,2
1274,169.655,10545.140818270258,458.1060519093254,73.0,3504.2276033009557,23.0,False,2
1275,169.761,10535.0,476.0,73.0,3506.3741929376256,24.3250016,False,2
1276,169.815,10528.745606987926,484.9613444198011,73.0,3507.4720477454002,25.0,False,2
1277,169.961,10509.0,508.0,73.52142902857143,3510.4585934623346,25.0,False,2
1278,170.095,10489.024411296285,526.18653953216,74.0,3513.2276033009557,25.0,False,2
1279,170.181,10473.0,538.0,74.5375008,3515.020904448641,28.7625056,False,2
1280,170.381,10426.0,567.0,75.7875008,3519.2519245523354,37.5125056,False,2
1281,170.415,10419.106602424965,570.8910248946952,76.0,3519.983158856511,39.0,False,2
1282,170.655,10382.230167434773,588.8765075756371,79.0,3525.2498255231776,49.0,False,2
1283,170.701,10375.0,592.0,79.8625024,3526.2805141796644,50.7250048,False,2
1284,170.815,10355.442243833053,600.1752296940457,82.0,3528.8942699676218,55.0,False,2
1285,171.001,10310.0,616.0,88.20000426666667,3533.4932320335092,58.100002133333334,False,2
1286,171.055,10290.879199065153,621.5501390187911,90.0,3534.8942699676218,59.0,False,2
1287,171.2,10237.0,636.0,94.0781304,3538.7863633579445,66.7031352,False,2
1288,171.375,10204.42933032879,643.6173246924072,99.0,3543.694269967621,76.0,False,2
1289,171.5,10183.0,647.0,103.37499776,3547.3119418966135,77.24999936,False,2
1290,171.575,10164.220384092836,649.7247391912287,106.0,3549.5831588565097,78.0,False,2
1291,171.78,10099.0,658.0,116.2499968,3556.3084861604684,83.1249984,False,2
1292,171.855,10075.554842445646,660.1819608187045,120.0,3558.9164921898437,85.0,False,2
1293,171.98,10033.0,663.0,126.2499968,3563.406325813202,91.2499968,False,2
1294,172.055,10001.240639587413,664.5102900695603,130.0,3566.1387144120663,95.0,False,2
1295,172.26,9906.0,668.0,134.270832,3573.7430021727914,99.270832,False,2
1296,172.295,9892.452685168633,668.502566074391,135.0,3575.1387144120663,100.0,False,2
1297,172.6,9797.0,672.0,157.8750144,3588.7612295172703,100.0,False,2
1298,172.655,9777.177842757894,672.5644774763814,162.0,3591.338714412067,100.0,False,2
1299,172.76,9725.0,674.0,165.9375072,3596.2907700844144,100.0,False,2
1300,172.895,9599.18040177115,677.7004702597633,171.0,3602.7387144120667,100.0,False,2
1301,173.02,9486.0,681.0,174.906248,3608.823722340353,100.0,False,2
1302,173.055,9465.062965735237,681.5757293072278,176.0,3610.560936634288,100.0,False,2
1303,173.255,9417.628886679684,682.5883524744,185.0,3620.838714412065,100.0,False,2
1304,173.32,9403.0,683.0,188.57501056,3624.319293266074,100.0,False,2
1305,173.455,9357.022329924253,684.5854674222063,196.0,3631.7276033009557,100.0,False,2
1306,173.66,9228.0,689.0,201.9791648,3643.2546087722376,100.0,False,2
1307,173.695,9195.750114664155,690.0153144796242,203.0,3645.2609366342886,100.0,False,2
1308,173.86,9033.0,695.0,207.58333155555556,3654.881035164507,100.0,False,2
1309,174.055,8949.002615381147,697.6682149024748,213.0,3666.5609366342896,100.0,False,2
1310,174.22,8901.0,699.0,218.156248,3676.674120743718,100.0,False,2
1311,174.375,8816.379290054376,701.0740257652432,223.0,3686.383158856511,100.0,False,2
1312,174.46,8751.0,703.0,226.1874976,3691.799801583252,100.0,False,2
1313,174.615,8596.638579487466,708.3553945909127,232.0,3701.849825523178,100.0,False,2
1314,174.7,8519.0,711.0,234.3906232,3707.4592477094857,100.0,False,2
1315,174.935,8394.430878495174,714.0490931423718,241.0,3723.2720477453995,100.0,False,2
1316,175.135,8305.929873616067,715.9170710884522,247.0,3736.9942699676203,100.0,False,2
1317,175.14,8303.0,716.0,247.16666453333335,3737.3423908783216,100.0,False,2
1318,175.341,8164.0,720.0,253.86667093333332,3751.5571118917096,100.0,False,2
1319,175.375,8139.722967748229,720.4631458310334,255.0,3753.9942699676203,100.0,False,2
1320,175.521,8036.0,722.0,258.6500032,3764.550657030991,100.0,False,2
1321,175.655,7939.047630878687,724.5373981763591,262.0,3774.372047745398,100.0,False,2
1322,175.681,7921.0,725.0,262.57778062222224,3776.29270847743,100.0,False,2
1323,175.881,7774.0,728.0,267.0222250666667,3791.228212328865,100.0,False,2
1324,176.015,7607.10625009291,731.4411315599355,270.0,3801.3720477453962,100.0,False,2
1325,176.121,7488.0,734.0,272.3187528,3809.466566860844,100.0,False,2
1326,176.335,7399.385185474867,736.2408300147364,277.0,3825.9942699676203,100.0,False,2
1327,176.421,7365.0,737.0,278.50500224,3832.704450927212,100.0,False,2
1328,176.735,7118.945577740562,741.8742253851972,284.0,3857.549825523177,100.0,False,2
1329,176.741,7114.0,742.0,284.10500224,3858.030245418683,100.0,False,2
1330,176.921,6971.0,746.0,287.25500224,3872.542716564313,100.0,False,2
1331,177.135,6784.702111664652,749.4368617534043,291.0,3889.883158856509,100.0,False,2
1332,177.201,6705.0,751.0,291.0,3895.210218015666,100.0,False,2
1333,177.361,6477.0,756.0,291.0,3908.1214672416436,100.0,False,2
1334,177.415,6420.569036635978,757.2670012575629,291.0,3912.516492189842,100.0,False,2
1335,177.741,6263.0,761.0,297.33889137777777,3939.483661395351,100.0,False,2
1336,177.775,6239.156721396154,761.5880897459531,298.0,3942.3164921898433,100.0,False,2
1337,177.94,6098.0,765.0,299.3749994666667,3956.088293097543,100.0,False,2
1338,178.135,5936.165410616736,768.8700173369762,301.0,3972.416492189842,100.0,False,2
1339,178.14,5932.0,769.0,301.0227269818182,3972.835916698824,100.0,False,2
1340,178.3,5798.0,774.0,301.7499997090909,3986.2776936881282,100.0,False,2
1341,178.575,5586.8132777249475,781.8064583228381,303.0,4009.4498255231747,100.0,False,2
1342,178.775,5450.8605499810765,786.3544477354301,304.0,4026.338714412065,100.0,False,2
1343,178.975,5325.111459527644,790.1721482360842,305.0,4043.2831588565086,100.0,False,2
1344,179.175,5161.009238790753,795.5658237410166,305.0,4060.227603300954,100.0,False,2
1345,179.415,4896.413936458359,804.9281662782329,305.0,4080.560936634286,100.0,False,2
1346,179.5,4785.0,809.0,305.0,4087.7591007806122,100.0,False,2
1347,179.695,4519.393059454008,818.8060205440759,305.0,4104.283158856509,100.0,False,2
1348,179.7,4514.0,819.0,305.02499968,4104.707589063025,100.0,False,2
1349,179.895,4386.5372495756865,823.1872994953873,306.0,4121.28315885651,100.0,False,2
1350,180.08,4294.0,826.0,306.0,4137.008830150028,100.0,False,2
1351,180.215,4173.198935807679,830.2209391593058,306.0,4148.483158856509,100.0,False,2
1352,180.375,4009.8000399175417,836.1854722810365,306.0,4162.08315885651,100.0,False,2
1353,180.4,3988.0,837.0,306.0,4164.207733434771,100.0,False,2
1354,180.655,3804.822404719784,843.8699719056987,306.0,4185.883158856509,100.0,False,2
1355,180.66,3801.0,844.0,306.01249984,4186.3087557162935,100.0,False,2
1356,180.88,3614.0,850.0,306.56250048,4205.064647639129,100.0,False,2
1357,181.055,3464.6984292812044,855.3504260973548,307.0,4219.99426996762,100.0,False,2
1358,181.14,3392.0,858.0,307.0,4227.241244173804,100.0,False,2
1359,181.215,3327.1226882010983,860.315241835663,307.0,4233.6387144120645,100.0,False,2
1360,181.34,3222.0,864.0,307.28409076363636,4244.317841400675,100.0,False,2
1361,181.54,3051.0,870.0,307.7386362181818,4261.43904911327,100.0,False,2
1362,181.655,2882.0542714528438,876.0877366888923,308.0,4271.283158856509,100.0,False,2
1363,181.8,2663.0,884.0,308.0,4283.690391924801,100.0,False,2
1364,181.895,2577.7092550216103,887.0241587575181,308.0,4291.816492189843,100.0,False,2
1365,182.161,2457.0,891.0,308.0,4314.564412678427,100.0,False,2
1366,182.255,2378.0241615932196,893.6493076362785,308.0,4322.616492189843,100.0,False,2
1367,182.301,2338.0,895.0,308.1916672,4326.561102950026,100.0,False,2
1368,182.495,2189.893103660225,900.0341846147734,309.0,4343.216492189843,100.0,False,2
1369,182.621,2064.0,904.0,309.0,4354.032131429888,100.0,False,2
1370,182.655,2021.314604228955,905.2895776541935,309.0,4356.9498255231765,100.0,False,2
1371,182.801,1823.0,911.0,309.0,4369.479862012476,100.0,False,2
1372,182.816,1805.753445642615,911.4548518955972,309.0,4370.768992189843,100.0,False,2
1373,183.015,1651.1095413169373,914.5420113887363,310.0,4387.905103300952,100.0,False,2
1374,183.175,1573.2643489251043,915.0942162458302,310.0,4401.682881078731,100.0,False,2
1375,183.261,1514.0,916.0,310.0,4409.08563061999,100.0,False,2
1376,183.441,1359.0,919.0,310.0,4424.579294257571,100.0,False,2
1377,183.535,1281.0425857421264,920.5151102911988,310.0,4432.682881078729,100.0,False,2
1378,183.621,1204.0,922.0,310.3071433142857,4440.106364327749,100.0,False,2
1379,183.815,989.1840891158313,926.1607134184396,311.0,4456.871769967619,100.0,False,2
1380,183.861,945.0,927.0,311.0,4460.846478577537,100.0,False,2
1381,184.135,773.6413336174115,930.043128447446,311.0,4484.516214412063,100.0,False,2
1382,184.241,669.0,932.0,311.0,4493.673407989069,100.0,False,2
1383,184.295,597.0107053800448,933.3820043110655,311.0,4498.338436634284,100.0,False,2
1384,184.46,358.0,938.0,311.0,4512.592620584469,100.0,False,2
1385,184.495,323.44185580551033,938.64823089781,311.0,4515.6162144120635,100.0,False,2
1386,184.735,221.67204321660327,940.3337350019146,311.0,4536.349547745397,100.0,False,2
1387,184.8,185.0,941.0,311.0,4541.96525911803,100.0,False,2
1388,184.895,108.20900920668143,942.4732049128933,311.0,4550.171769967618,100.0,False,2
1389,184.98,30.0,944.0,311.0,4557.511463781625,100.0,False,2
1390,185.095,-71.30487914515524,945.9802477723923,311.0,4567.449547745396,100.0,False,2
1391,185.28,-228.0,949.0,311.0,4583.481828897627,100.0,False,2
1392,185.375,-308.56493386139084,950.498354393424,311.0,4591.638436634285,100.0,False,2
1393,185.52,-436.0,953.0,307.3749952,4603.905571204791,85.4999808,False,2
1394,185.74,-642.0,958.0,301.8750016,4622.096694564184,63.500006400000004,False,2
1395,186.12,-914.0,970.0,292.3749952,4652.160639032251,25.499980800000003,False,2
1396,186.28,-1044.0,980.0,288.3749952,4664.154065834938,9.499980800000005,False,2
1397,186.375,-1118.510557622152,986.4169918861238,286.0,4671.082881078731,0.0,True,2
1398,186.44,-1168.0,991.0,277.874976,4675.741130418807,0.0,True,2
1399,186.64,-1315.0,1006.0,252.874976,4689.600715404645,0.0,True,2
1400,186.655,-1325.6795674445502,1007.0984436073634,251.0,4690.605103300953,0.0,True,2
1401,186.9,-1493.0,1024.0,233.3906296,4706.304310992881,0.0,True,2
1402,186.975,-1541.4585848219047,1028.885771764509,228.0,4710.871769967619,0.0,True,2
1403,187.14,-1642.0,1039.0,216.80357577142857,4720.557262424153,0.0,True,2
1404,187.255,-1707.1903451180501,1045.4509264106887,209.0,4727.1273255231745,0.0,True,2
1405,187.28,-1723.0,1047.0,207.5937392,4728.545438798056,0.0,True,2
1406,187.415,-1824.5773624249089,1056.8677092978423,200.0,4736.016214412063,0.0,True,2
1407,187.52,-1899.0,1064.0,190.28748224,4741.310242247359,0.0,True,2
1408,187.815,-2004.7456081170262,1073.3239732366985,163.0,4754.1273255231745,0.0,True,2
1409,187.96,-2052.0,1076.0,153.77271505454544,4759.858891229419,0.0,True,2
1410,188.18,-2142.0,1080.0,139.77273134545456,4767.978321258864,0.0,True,2
1411,188.255,-2156.8963443794314,1080.3683189897451,135.0,4770.6273255231745,0.0,True,2
1412,188.34,-2175.0,1080.0,131.71591156363635,4773.559648387084,0.0,True,2
1413,188.521,-2259.0,1077.0,124.72272232727273,4779.558404021606,0.0,True,2
1414,188.695,-2310.264897345495,1074.3709895491595,118.0,4785.049547745396,0.0,True,2
1415,188.981,-2355.0,1068.0,107.98999552,4793.5040799012995,0.0,True,2
1416,189.095,-2387.1622648520197,1062.9054108205942,104.0,4796.605103300953,0.0,True,2
1417,189.181,-2411.0,1059.0,97.5499904,4798.827467518352,0.0,True,2
1418,189.255,-2427.78241710296,1056.1037337552866,92.0,4800.693992189842,0.0,True,2
1419,189.381,-2458.0,1048.0,89.65217432784179,4803.829363325162,0.0,True,2
1420,189.416,-2469.8368604852844,1043.703714166136,89.0,4804.674269967621,0.0,True,2
1421,189.561,-2525.0,1021.0,83.5625024,4808.026024486059,0.0,True,2
1422,189.576,-2529.5039929350787,1019.0172646015257,83.0,4808.363158856509,0.0,True,2
1423,189.815,-2561.455509316551,1001.0172121700207,78.0,4813.541492189842,0.0,True,2
1424,190.001,-2574.0,986.0,74.5124976,4817.317902480309,0.0,True,2
1425,190.135,-2591.7766740394245,967.3427605911736,72.0,4819.9414921898415,0.0,False,2
1426,190.221,-2603.0,954.0,70.77142674285714,4821.596294880271,0.0,False,2
1427,190.381,-2618.0,929.0,68.48571245714285,4824.60573674484,0.0,False,2
1428,190.415,-2620.524524345766,923.3805796557245,68.0,4825.23038107873,0.0,False,2
1429,190.655,-2632.8155029414406,881.0598521847187,64.0,4829.497047745396,0.0,False,2
1430,190.661,-2633.0,880.0,63.9249984,4829.601091325866,0.2625056,False,2
1431,190.815,-2635.7705639391743,853.0530042966791,62.0,4832.252603300952,7.0,False,2
1432,190.861,-2636.0,845.0,62.3833344,4833.054208959377,10.0666752,False,2
1433,191.02,-2635.0,817.0,63.7083328,4835.8784394955865,20.6666624,False,2
1434,191.175,-2631.5555962153167,789.7281527867931,65.0,4838.752603300952,31.0,False,2
1435,191.28,-2627.0,771.0,66.6704576,4840.780838240712,36.2500096,False,2
1436,191.46,-2615.0,739.0,69.53408989090909,4844.398392404132,45.2499968,False,2
1437,191.615,-2604.6991256996016,714.7286318651389,72.0,4847.552603300951,53.0,False,2
1438,191.68,-2596.0,700.0,72.8125024,4848.877177883708,54.2187536,False,2
1439,191.775,-2575.7476424168335,670.1243990191451,74.0,4850.841492189839,56.0,False,2
1440,191.86,-2557.0,644.0,76.1249984,4852.663414205953,56.42499968,False,2
1441,191.975,-2540.139959515907,621.7959037645074,79.0,4855.230381078728,57.0,False,2
1442,192.26,-2515.0,599.0,87.0156232,4862.141905872729,66.7968728,False,2
1443,192.295,-2509.4772741289567,594.1170733983814,88.0,4863.052603300949,68.0,False,2
1444,192.46,-2476.0,565.0,93.95833102222223,4867.539469929307,71.66666524444445,False,2
1445,192.655,-2427.214448169639,527.4654385704735,101.0,4873.1526033009495,76.0,False,2
1446,192.72,-2410.0,515.0,103.8437584,4875.070165407345,75.5937488,False,2
1447,192.815,-2384.5270878678593,497.0871392147593,108.0,4877.952603300949,75.0,False,2
1448,192.94,-2350.0,475.0,114.2499968,4881.966578050017,78.906248,False,2
1449,192.975,-2340.0142185833242,469.3534691591314,116.0,4883.108158856504,80.0,False,2
1450,193.12,-2298.0,448.0,118.41666986666667,4887.8575462817,80.60416746666667,False,2
1451,193.215,-2271.3510069855624,434.95966103611255,120.0,4891.108158856504,81.0,False,2
1452,193.32,-2236.0,416.0,125.5781352,4894.911297961708,83.2968792,False,2
1453,193.535,-2126.4186357253393,347.9090820894622,137.0,4903.285936634281,88.0,False,2
1454,193.62,-2094.0,327.0,141.6041632,4906.755570011289,92.2499968,False,2
1455,193.775,-2071.59702638799,311.8837531716999,150.0,4913.285936634281,100.0,False,2
1456,193.9,-2045.0,295.0,154.46428342857143,4918.713529198357,100.0,False,2
1457,194.055,-1957.523209347777,241.37626190099814,160.0,4925.730381078726,100.0,False,2
1458,194.18,-1890.0,200.0,168.12499584,4931.700803510938,100.0,False,2
1459,194.255,-1867.51770299337,186.03361815817274,173.0,4935.3414921898375,100.0,False,2
1460,194.44,-1830.0,169.0,176.70000384,4944.415709930053,100.0,False,2
1461,194.455,-1824.0634468379021,166.95364157005753,177.0,4945.174825523171,100.0,False,2
1462,194.775,-1610.48237348404,102.20251211712524,192.0,4962.241492189837,100.0,False,2
1463,194.84,-1575.0,93.0,192.92857417142858,4965.773532838591,100.0,False,2
1464,195.055,-1507.357015477248,82.5122951252959,196.0,4977.485936634282,100.0,False,2
1465,195.181,-1461.0,87.0,196.0,4984.357625323543,100.0,False,2
1466,195.215,-1443.9277221117047,89.24010641833944,196.0,4986.197047745393,100.0,False,2
1467,195.381,-1343.0,106.0,196.0,4995.055089825616,100.0,False,2
1468,195.495,-1276.4102291067745,122.07720620781684,196.0,5001.441492189838,100.0,False,2
1469,195.501,-1273.0,123.0,196.65001386666665,5001.791644848613,100.0,False,2
1470,195.721,-1146.0,165.0,220.4833472,5015.364857919488,100.0,False,2
1471,195.735,-1136.733639251136,168.70942652592294,222.0,5016.241492189839,100.0,False,2
1472,195.961,-975.0,241.0,224.81619928750698,5030.353973946033,100.0,False,2
1473,196.056,-918.9282288720564,267.9841696746354,226.0,5036.393158856506,100.0,False,2
1474,196.121,-884.0,285.0,228.3214262857143,5040.5892853977775,100.0,False,2
1475,196.336,-774.0810567997042,337.8089486818796,236.0,5054.748714412061,100.0,False,2
1476,196.441,-696.0,375.0,237.75732251634278,5061.727666146534,100.0,False,2
1477,196.575,-557.919011813239,440.68799161761405,240.0,5070.682047745394,100.0,False,2
1478,196.661,-479.0,478.0,240.78181934545455,5076.456600675504,100.0,False,2
1479,197.001,-354.0,529.0,243.87272843636364,5099.542083148032,100.0,False,2
1480,197.015,-348.9664479916979,530.3361724447119,244.0,5100.504269967615,100.0,False,2
1481,197.175,-276.94778456552285,547.4266650279753,249.0,5111.570936634283,100.0,False,2
1482,197.375,-149.4455601253095,573.4961913062776,252.0,5125.570936634283,100.0,False,2
1483,197.815,200.6543263877804,624.8079670539767,254.0,5156.615381078726,100.0,False,2
1484,197.92,280.0,630.0,254.75000137142857,5164.073134674157,100.0,False,2
1485,198.095,407.66027853591345,632.3475568557943,256.0,5176.526492189837,100.0,False,2
1486,198.22,493.0,630.0,256.0,5185.4170397505995,100.0,False,2
1487,198.335,565.8888813614444,625.3308154658846,256.0,5193.5931588565045,100.0,False,2
1488,198.48,676.0,609.0,256.0,5203.899034397539,100.0,False,2
1489,198.68,898.0,557.0,256.0,5218.120341261948,100.0,False,2
1490,198.735,953.9494607138156,541.5946443168989,256.0,5222.03760330095,100.0,False,2
1491,199.02,1186.0,463.0,256.71249984,5242.37965661354,100.0,False,2
1492,199.135,1268.3412314044724,430.7281118605684,257.0,5250.5931588565045,100.0,False,2
1493,199.415,1436.788128442617,357.365865929703,257.0,5270.5820477453935,100.0,False,2
1494,199.48,1463.0,345.0,257.0,5275.220880322938,100.0,False,2
1495,199.615,1500.2443675026802,325.88096731680463,257.0,5284.859825523173,100.0,False,2
1496,199.74,1538.0,305.0,257.5208330666667,5293.801977145763,100.0,False,2
1497,199.855,1594.4468425192017,274.3382531325694,258.0,5302.059825523172,100.0,False,2
1498,200.04,1710.0,209.0,259.85000192,5315.420688539117,100.0,False,2
1499,200.055,1719.2908967242847,203.36193923530737,260.0,5316.504269967617,100.0,False,2
1500,200.24,1833.0,131.0,260.0,5329.851836692941,100.0,False,3
1501,200.375,1917.214741312869,77.84232191177985,260.0,5339.615381078728,100.0,False,3
1502,200.42,1944.0,61.0,260.44999936,5342.880632431829,100.0,False,3
1503,200.575,2027.9855534799242,8.082897943416764,262.0,5354.170936634283,100.0,False,3
1504,200.74,2141.0,-63.0,263.08552589473686,5366.270611524368,100.0,False,3
1505,200.96,2353.0,-196.0,264.532896,5382.534565315024,100.0,False,3
1506,201.22,2441.0,-252.0,266.24342063157894,5401.917153492605,100.0,False,3
1507,201.335,2510.8132478751686,-295.40710116652974,267.0,5410.537603300952,100.0,False,3
1508,201.4,2555.0,-323.0,268.30000384,5415.422894537302,100.0,False,3
1509,201.535,2641.416185913117,-377.6975162236606,271.0,5425.593158856506,100.0,False,3
1510,201.62,2694.0,-411.0,271.2656248,5432.006943723741,100.0,False,3
1511,201.821,2822.0,-491.0,271.8937504,5447.199081068383,100.0,False,3
1512,201.855,2846.6358302758154,-506.28369776627335,272.0,5449.770936634283,100.0,False,3
1513,202.095,3044.080984900379,-628.1025020106005,273.0,5467.970936634284,100.0,False,3
1514,202.201,3119.0,-674.0,274.3250016,5476.082949687106,100.0,False,3
1515,202.335,3192.042784999684,-718.3704317747553,276.0,5486.3709366342855,100.0,False,3
1516,202.521,3276.0,-769.0,276.0,5500.62319031507,100.0,False,3
1517,202.576,3303.4559306283004,-785.6398150786991,276.0,5504.847603300951,100.0,False,3
1518,202.781,3448.0,-872.0,277.7083328,5520.668378805812,100.0,False,3
1519,202.816,3488.06931895833,-895.4356151752336,278.0,5523.380936634286,100.0,False,3
1520,202.941,3644.0,-986.0,278.5208330666667,5533.095206349911,47.916693333333335,False,3
1521,203.056,3731.1904531469304,-1036.1311610558516,279.0,5541.980936634286,0.0,False,3
1522,203.321,3821.0,-1084.0,273.094705788812,5561.995659848321,0.0,False,3
1523,203.415,3882.31761383101,-1116.3268355062128,271.0,5569.005658856507,0.0,False,3
1524,203.461,3914.0,-1133.0,268.92999424,5572.426138809505,0.0,False,3
1525,203.615,4012.7594594779803,-1184.6771755826232,262.0,5583.561214412063,0.0,True,3
1526,203.821,4133.0,-1247.0,234.9624832,5596.501968988449,0.0,True,3
1527,203.935,4197.268221771868,-1280.1142644211593,220.0,5603.116769967618,0.0,True,3
1528,204.041,4255.0,-1310.0,214.0374928,5609.116480823227,0.0,True,3
1529,204.2,4337.0,-1353.0,205.0937392,5617.966714357696,0.0,True,3
1530,204.255,4364.20720173497,-1367.2262542396052,202.0,5621.072325523172,0.0,True,3
1531,204.4,4433.0,-1403.0,202.0,5629.378458769362,0.0,True,3
1532,204.495,4475.530511284232,-1425.0208472689153,202.0,5634.5389921898395,0.0,True,3
1533,204.58,4512.0,-1444.0,188.82500992,5638.783260213945,0.0,True,3
1534,204.695,4559.143919365988,-1468.9029947819313,171.0,5644.0389921898395,0.0,True,3
1535,204.8,4600.0,-1491.0,157.2187248,5648.454564681976,0.0,True,3
1536,204.855,4620.573433888666,-1502.3786781125757,150.0,5650.705658856506,0.0,True,3
1537,205.095,4704.338257021855,-1550.988292552856,144.0,5660.305658856506,0.0,True,3
1538,205.1,4706.0,-1552.0,143.67857554285715,5660.494367355802,0.0,True,3
1539,205.28,4763.0,-1588.0,132.1071305142857,5666.906832600081,0.0,True,3
1540,205.375,4789.500142377068,-1605.6647127794831,126.0,5670.105658856505,0.0,True,3
1541,205.54,4831.0,-1636.0,121.05000192,5675.477053661968,0.0,True,3
1542,205.64,4856.0,-1657.0,118.04999424,5678.62371061521,0.0,True,3
1543,205.775,4898.306219955967,-1696.1081545677264,114.0,5682.772325523171,0.0,True,3
1544,205.9,4935.0,-1732.0,110.8750016,5686.513945015556,0.0,True,3
1545,206.095,4965.2996523509755,-1765.2965591406364,106.0,5692.194547745393,0.0,True,3
1546,206.3,4982.0,-1802.0,102.5833344,5698.019380712497,0.0,True,3
1547,206.335,4985.475213846975,-1811.827783967908,102.0,5698.994547745394,0.0,True,3
1548,206.58,5010.0,-1893.0,98.171876,5705.644699523617,0.0,True,3
1549,206.655,5014.124680904156,-1910.4246421746423,97.0,5707.616769967616,0.0,True,3
1550,206.94,5010.0,-1964.0,92.25000106666667,5714.852743562215,0.0,True,3
1551,207.015,5002.878401396306,-1989.8731661157453,91.0,5716.7167699676165,0.0,False,3
1552,207.16,4984.0,-2046.0,89.79166506666667,5720.292666187667,6.041674666666667,False,3
1553,207.255,4970.410121892083,-2074.8575961552724,89.0,5722.650103300951,10.0,False,3
1554,207.495,4935.250409334702,-2123.8107019186004,91.0,5728.716769967618,37.0,False,3
1555,207.52,4932.0,-2128.0,91.12500096,5729.3498013931685,38.62501248,False,3
1556,207.695,4911.914921764776,-2153.603480956212,92.0,5733.82788107873,50.0,False,3
1557,207.975,4876.594284687975,-2193.3332726503477,100.0,5741.605658856507,64.0,False,3
1558,208.0,4872.0,-2198.0,100.75000576,5742.3330084475865,65.00000768,False,3
1559,208.06,4860.0,-2210.0,102.54999808,5744.098920702695,67.39999744,False,3
1560,208.175,4834.148418396513,-2235.8945250070074,106.0,5747.494547745396,72.0,False,3
1561,208.421,4775.0,-2295.0,106.0,5754.610080432573,75.0750016,False,3
1562,208.495,4759.640741077972,-2310.0168365701334,106.0,5756.916769967617,76.0,False,3
1563,208.681,4723.0,-2345.0,119.9500096,5763.254412045554,76.0,False,3
1564,208.735,4711.255950368148,-2356.019222841399,124.0,5765.183436634284,76.0,False,3
1565,208.921,4663.0,-2404.0,130.9750048,5772.0218094276925,70.57499626666667,False,3
1566,208.975,4644.996167827593,-2424.1725588154936,133.0,5774.0501033009505,69.0,False,3
1567,209.241,4551.0,-2537.0,137.97196203546196,5784.277797789834,69.0,False,3
1568,209.296,4539.4019608137505,-2550.8960369878005,139.0,5786.444269967617,69.0,False,3
1569,209.601,4504.0,-2611.0,144.9305543111111,5798.774260796269,60.527779555555554,False,3
1570,209.656,4491.582368341028,-2639.1808851302435,146.0,5801.044269967618,59.0,False,3
1571,209.861,4438.0,-2767.0,149.43096402822215,5809.589366429788,60.715482014111075,False,3
1572,209.895,4432.535554839362,-2781.348653958103,150.0,5811.002603300952,61.0,False,3
1573,210.201,4421.0,-2849.0,150.0,5823.647556248557,67.12000256,False,3
1574,210.295,4417.758612162072,-2886.878973086348,150.0,5827.669269967618,69.0,False,3
1575,210.381,4415.0,-2926.0,154.8375072,5831.444164373429,71.687504,False,3
1576,210.455,4413.861510291273,-2958.25676137243,159.0,5834.735936634285,74.0,False,3
1577,210.681,4414.0,-3062.0,162.22857325714287,5844.91923205311,76.42142994285715,False,3
1578,210.735,4413.4990139932615,-3093.101119529854,163.0,5847.413714412062,77.0,False,3
1579,210.895,4410.156410434034,-3190.312707317736,170.0,5854.969269967617,79.0,False,3
1580,210.9,4410.0,-3193.0,170.078124,5855.2083576371615,78.7500032,False,3
1581,211.215,4392.791825793598,-3317.8490477327205,175.0,5870.524825523172,63.0,False,3
1582,211.32,4382.0,-3363.0,175.8750016,5875.683716849541,66.2083392,False,3
1583,211.52,4354.0,-3466.0,177.54166826666668,5885.577588476274,72.31945031111111,False,3
1584,211.575,4345.548837135832,-3492.035129520391,178.0,5888.324825523171,74.0,False,3
1585,211.82,4302.0,-3595.0,181.828124,5900.722408287874,82.4218728,False,3
1586,211.895,4284.5757401666015,-3627.7916143189036,183.0,5904.591492189839,85.0,False,3
1587,212.12,4224.0,-3726.0,188.6250048,5916.432438016845,86.60714422857143,False,3
1588,212.175,4209.045055630593,-3747.268899175481,190.0,5919.369269967617,87.0,False,3
1589,212.3,4165.0,-3799.0,192.60416533333333,5926.097336920752,88.5624992,False,3
1590,212.415,4091.2458008273866,-3867.091285658316,195.0,5932.369269967615,90.0,False,3
1591,212.54,4009.0,-3937.0,198.1249984,5939.292498950671,93.1249984,False,3
1592,212.655,3966.8384270627525,-3970.082185148889,201.0,5945.7692699676145,96.0,False,3
1593,212.86,3924.0,-3994.0,205.55555413333335,5957.59004545301,98.27777706666667,False,3
1594,213.015,3858.873589236465,-4032.125218667448,209.0,5966.669269967614,100.0,False,3
1595,213.16,3770.0,-4079.0,211.41666986666667,5975.216805954425,100.0,False,3
1596,213.255,3697.356599593544,-4112.383419801553,213.0,5980.869269967615,100.0,False,3
1597,213.32,3650.0,-4133.0,214.6250048,5984.768588440561,100.0,False,3
1598,213.415,3593.8659436928106,-4156.156070303005,217.0,5990.513714412059,100.0,False,3
1599,213.575,3527.075437008716,-4179.562162929067,220.0,6000.291492189836,100.0,False,3
1600,213.68,3477.0,-4195.0,220.4375008,6006.714928321287,100.0,False,3
1601,213.815,3398.3236096769037,-4217.643398134488,221.0,6015.02482552317,100.0,False,3
1602,213.86,3369.0,-4225.0,222.406248,6017.825804279669,100.0,False,3
1603,213.975,3287.619673037975,-4242.250600286506,226.0,6025.069269967614,100.0,False,3
1604,214.18,3139.0,-4266.0,231.85714102857142,6038.354033131897,100.0,False,3
1605,214.255,3092.640487715624,-4271.751470133375,234.0,6043.2692699676145,100.0,False,3
1606,214.415,3008.180798586065,-4278.77043954618,237.0,6053.802603300947,100.0,False,3
1607,214.58,2915.0,-4281.0,239.74999893333333,6064.827253662509,100.0,False,3
1608,214.655,2866.5692915487552,-4280.70721813996,241.0,6069.869269967615,100.0,False,3
1609,214.78,2781.0,-4278.0,242.1718744,6078.290542693757,100.0,False,3
1610,214.921,2686.0,-4271.0,243.4937512,6087.854252529806,100.0,False,3
1611,214.975,2651.5438628727943,-4267.590401385796,244.0,6091.558158856503,100.0,False,3
1612,215.121,2550.0,-4252.0,247.6500032,6101.691122760459,100.0,False,3
1613,215.295,2368.3829616524827,-4207.21665463329,252.0,6113.958158856502,100.0,False,3
1614,215.381,2292.0,-4186.0,253.28678434148978,6120.081191228891,100.0,False,3
1615,215.696,2161.6225077786553,-4136.169969545762,258.0,6142.696492189837,100.0,False,3
1616,215.701,2159.0,-4135.0,258.0,6143.054542055531,100.0,False,3
1617,215.881,2040.0,-4081.0,258.0,6155.9471311448515,100.0,False,3
1618,215.896,2029.8564935826794,-4076.0207255698947,258.0,6157.029825523169,100.0,False,3
1619,216.061,1923.0,-4019.0,260.74999893333336,6169.063853421306,100.0,False,3
1620,216.321,1758.0,-3922.0,265.0833322666667,6188.385611770299,100.0,False,3
1621,216.376,1723.2359899478402,-3900.578379320647,266.0,6192.496492189836,100.0,False,3
1622,216.661,1544.0,-3787.0,267.7831073601216,6213.909969376332,100.0,False,3
1623,216.721,1506.0,-3763.0,268.15849846760347,6218.441926447723,100.0,False,3
1624,217.081,1227.0,-3586.0,270.41084511249454,6245.732369183118,100.0,False,3
1625,217.335,1100.6465200369214,-3505.7051579760614,272.0,6264.954269967614,100.0,False,3
1626,217.46,1036.0,-3464.0,272.0,6274.398924220078,100.0,False,3
1627,217.495,1015.1799690595664,-3450.47679606465,272.0,6277.043158856503,100.0,False,3
1628,217.64,922.0,-3390.0,272.0,6288.000042663784,100.0,False,3
1629,217.76,845.0,-3341.0,272.0,6297.06591737771,100.0,False,3
1630,217.775,833.5401253693972,-3333.722625686038,272.0,6298.1987144120585,100.0,False,3
1631,218.1,525.0,-3138.0,272.0,6322.738862193578,100.0,False,3
1632,218.175,480.8778016266474,-3110.426146149446,272.0,6328.420936634281,100.0,False,3
1633,218.335,418.6796116263151,-3073.1072133015673,273.0,6340.554269967614,100.0,False,3
1634,218.38,396.0,-3060.0,272.1964297142857,6343.945617174536,83.92859428571428,False,3
1635,218.58,265.0,-2986.0,268.6250011428571,6358.836495690271,12.500022857142854,False,3
1636,218.615,242.50255207959722,-2973.6085098490184,268.0,6361.398714412059,0.0,True,3
1637,218.815,117.57503848741554,-2907.4776290354384,259.0,6375.787603300948,0.0,True,3
1638,218.86,83.0,-2890.0,257.68750186666665,6378.980126888843,0.0,True,3
1639,219.055,-101.35251759627207,-2799.9531393157454,252.0,6392.587603300949,0.0,True,3
1640,219.14,-177.0,-2766.0,249.29545658181817,6398.348160499071,0.0,True,3
1641,219.495,-381.90876263392187,-2703.7372563489175,238.0,6421.676492189838,0.0,False,3
1642,219.62,-440.0,-2695.0,237.55357165714287,6429.9389484557405,0.0,False,3
1643,219.775,-513.9720760615256,-2686.3481296479135,237.0,6440.109825523173,0.0,False,3
1644,219.98,-624.0,-2681.0,230.1666688,6453.16338006115,0.0,False,3
1645,220.015,-645.4378893247361,-2681.1194334035126,229.0,6455.376492189837,0.0,False,3
1646,220.175,-748.8540040958139,-2685.7375466566627,227.0,6465.465381078729,0.0,False,3
1647,220.18,-752.0,-2686.0,226.91666773333333,6465.778199176218,0.38888391111111115,False,3
1648,220.38,-872.0,-2703.0,223.5833344,6478.133156180068,15.944439466666667,False,3
1649,220.535,-962.8326156400547,-2726.4944908141547,221.0,6487.565381078727,28.0,False,3
1650,220.6,-1000.0,-2739.0,219.3749952,6491.497702937612,40.5937872,False,3
1651,220.695,-1052.9005307239615,-2760.0193227792447,217.0,6497.209825523171,59.0,False,3
1652,220.8,-1110.0,-2787.0,215.0312464,6503.457484923122,64.2500096,False,3
1653,220.855,-1139.6080597083694,-2802.661650252687,214.0,6506.720936634282,67.0,False,3
1654,220.88,-1153.0,-2810.0,214.0,6508.205003800048,67.6250048,False,3
1655,221.095,-1266.7140044421867,-2876.4275859443987,214.0,6520.987603300949,73.0,False,3
1656,221.16,-1301.0,-2897.0,214.4062512,6524.860971273932,73.0,False,3
1657,221.255,-1351.2348577316955,-2927.1486743075216,215.0,6530.543158856503,73.0,False,3
1658,221.415,-1434.1711886475055,-2975.1841735327653,217.0,6540.187603300948,70.0,False,3
1659,221.441,-1447.0,-2982.0,216.8374992,6541.749152291958,64.312472,False,3
1660,221.641,-1538.0,-3025.0,215.5874992,6553.67819629337,20.562472,False,3
1661,221.735,-1574.1525112091051,-3040.3424673498184,215.0,6559.298714412061,0.0,False,3
1662,221.881,-1636.0,-3060.0,215.0,6568.080647925092,0.0,False,3
1663,221.975,-1692.666883943254,-3071.470637623987,215.0,6573.632047745393,0.0,False,3
1664,222.175,-1841.7135440433585,-3091.149738113529,205.0,6585.020936634283,0.0,False,3
1665,222.261,-1893.0,-3095.0,204.64315328014345,6589.904649904441,0.0,False,3
1666,222.416,-1957.0267700584711,-3093.955333657646,204.0,6598.677603300949,0.0,False,3
1667,222.541,-2005.0,-3086.0,200.093752,6605.613810089221,0.0,False,3
1668,222.576,-2020.9051031542697,-3082.683450610916,199.0,6607.522047745394,0.0,False,3
1669,222.861,-2174.0,-3039.0,191.0833351111111,6622.51082943366,14.2499968,False,3
1670,222.936,-2211.3209746211014,-3023.2067153363278,189.0,6626.4220477453955,18.0,False,3
1671,222.981,-2233.0,-3013.0,189.0,6628.77665611003,24.749990399999998,False,3
1672,223.176,-2323.602432930164,-2963.0509239861835,189.0,6639.022047745394,54.0,False,3
1673,223.201,-2335.0,-2956.0,189.0,6640.334874249945,55.25627940304344,False,3
1674,223.375,-2413.4980121964413,-2903.3589718707417,189.0,6649.469547745394,64.0,False,3
1675,223.421,-2434.0,-2889.0,189.2875008,6651.889493376452,65.437504,False,3
1676,223.535,-2484.3461501237725,-2853.2224012915394,190.0,6657.913992189838,69.0,False,3
1677,223.641,-2528.0,-2820.0,191.59000192,6663.584641490464,71.6500032,False,3
1678,223.735,-2562.23204158289,-2790.7934113532206,193.0,6668.63621441206,74.0,False,3
1679,223.881,-2624.0,-2735.0,193.60833386666667,6676.470272793095,75.8250016,False,3
1680,223.975,-2684.4328935391827,-2682.6296510833195,194.0,6681.569547745393,77.0,False,3
1681,224.1,-2774.0,-2610.0,196.3437488,6688.473074312061,62.9375072,False,3
1682,224.295,-2886.9838619291763,-2540.1498309208932,200.0,6699.34732552317,41.0,False,3
1683,224.495,-2973.1637651198894,-2503.73899987876,198.0,6710.347325523172,39.0,False,3
1684,224.5,-2975.0,-2503.0,197.98214308571428,6710.621747590149,38.982143085714284,False,3
1685,224.775,-3062.2197225029918,-2472.7883423556978,197.0,6725.669547745395,38.0,False,3
1686,224.84,-3090.0,-2466.0,196.1874976,6729.184178324925,41.79167786666667,False,3
1687,224.98,-3164.0,-2451.0,194.4375008,6736.714087989899,49.9583296,False,3
1688,225.015,-3182.9383594733763,-2448.033761478439,194.0,6738.6028810787275,52.0,False,3
1689,225.175,-3267.8368812087933,-2439.846669414281,195.0,6747.269547745395,54.0,False,3
1690,225.26,-3313.0,-2439.0,194.7343752,6751.864609140576,50.8125024,False,3
1691,225.44,-3410.0,-2445.0,194.1718744,6761.559315478148,44.0624928,False,3
1692,225.495,-3440.0057689349064,-2448.798538951843,194.0,6764.51399218984,42.0,False,3
1693,225.66,-3528.0,-2464.0,193.31250026666666,6773.359802290878,48.87499733333333,False,3
1694,225.735,-3564.3133975872097,-2471.400530536406,193.0,6777.380658856507,52.0,False,3
1695,225.96,-3685.0,-2506.0,193.56250048,6789.465448713704,54.8125024,False,3
1696,226.135,-3828.1790945778885,-2561.1669830396577,194.0,6798.936214412061,57.0,False,3
1697,226.16,-3845.0,-2568.0,194.18750144,6800.297116316361,55.1249856,False,3
1698,226.52,-3960.0,-2628.0,196.88750144,6820.008282754524,28.124985600000002,False,3
1699,226.535,-3965.8007493980112,-2631.766230853661,197.0,6820.82510330095,27.0,False,3
1700,226.68,-4032.0,-2676.0,195.1874976,6828.684589172323,10.687478400000002,False,3
1701,226.775,-4073.1942730385354,-2706.8544354101223,194.0,6833.758436634284,0.0,True,3
1702,226.9,-4123.0,-2749.0,190.8750016,6840.308280530852,0.0,True,3
1703,227.095,-4193.945533854536,-2820.0024805630383,186.0,6850.291769967617,0.0,True,3
1704,227.14,-4209.0,-2837.0,184.65000192,6852.567527605889,0.0,True,3
1705,227.295,-4256.855393825807,-2896.8794097584487,180.0,6860.291769967617,0.0,True,3
1706,227.4,-4286.0,-2939.0,175.79999232,6865.365252313791,0.0,True,3
1707,227.495,-4310.216103287062,-2978.384221446684,172.0,6869.847325523174,0.0,True,3
1708,227.58,-4329.0,-3012.0,168.964288,6873.7760209984,0.0,True,3
1709,227.775,-4360.237355328685,-3078.7344547357375,162.0,6882.447325523174,0.0,True,3
1710,227.8,-4364.0,-3088.0,160.88888035555556,6883.516553360077,0.0,True,3
1711,227.92,-4382.0,-3136.0,155.5555470222222,6888.51124038595,0.0,True,3
1712,228.081,-4400.0,-3202.0,148.3999943111111,6894.931553133704,0.0,True,3
1713,228.135,-4404.7223301347085,-3229.423709298297,146.0,6897.047325523173,0.0,True,3
1714,228.401,-4419.0,-3380.0,138.5187464,6907.211386445578,0.0,True,3
1715,228.455,-4419.917880235891,-3400.5961970493745,137.0,6909.225103300952,0.0,True,3
1716,228.695,-4416.281477255716,-3449.059227296371,131.0,6917.958436634283,0.0,True,3
1717,228.801,-4412.0,-3474.0,127.83582009712707,6921.6719246502425,0.0,True,3
1718,228.896,-4407.058619730365,-3503.799722993806,125.0,6924.937603300949,0.0,True,3
1719,229.001,-4399.0,-3542.0,123.359376,6928.4951570279345,0.0,True,3
1720,229.216,-4369.42107138146,-3624.806681535487,120.0,6935.604269967617,0.0,True,3
1721,229.241,-4365.0,-3634.0,119.46428708571429,6936.414883894889,0.0,True,3
1722,229.496,-4311.838545867269,-3716.4294329600907,114.0,6944.470936634284,0.0,True,3
1723,229.581,-4297.0,-3736.0,111.343752,6947.053052786522,0.0,True,3
1724,229.656,-4286.608329185512,-3749.1741055564885,109.0,6949.315381078729,0.0,False,3
1725,229.816,-4270.455597766586,-3766.2964470766906,109.0,6954.159825523174,0.0,False,3
1726,229.941,-4244.0,-3784.0,108.60815043499963,6957.915822900862,16.457681730015334,False,3
1727,230.135,-4169.995673466631,-3826.312682778619,108.0,6963.7298255231735,42.0,False,3
1728,230.221,-4140.0,-3842.0,108.61428662857143,6966.328497213736,46.60714971428571,False,3
1729,230.415,-4099.9758373504055,-3858.3943171113506,110.0,6972.285381078728,57.0,False,3
1730,230.58,-4068.0,-3865.0,112.94642742857143,6977.5329815570685,59.946427428571425,False,3
1731,230.695,-4033.601940815688,-3871.9193098698415,115.0,6981.2298255231735,62.0,False,3
1732,230.82,-3992.0,-3879.0,115.0,6985.2397776439075,62.0,False,3
1733,230.895,-3968.603615532938,-3881.648238305612,115.0,6987.618714412062,62.0,False,3
1734,230.94,-3953.0,-3883.0,115.0,6989.030655486319,65.3749952,False,3
1735,231.095,-3881.8972042008063,-3887.6285509411628,115.0,6994.007603300951,77.0,False,3
1736,231.28,-3786.0,-3892.0,129.53572937142857,7000.931502542618,81.6250048,False,3
1737,231.375,-3744.0260350386247,-3893.215771651447,137.0,7004.663158856506,84.0,False,3
1738,231.615,-3658.1672515105333,-3893.782965238748,144.0,7014.263158856506,100.0,False,3
1739,231.72,-3626.0,-3894.0,150.1250112,7018.810204571851,100.0,False,3
1740,231.855,-3588.503841013964,-3894.5375280678136,158.0,7024.796492189839,100.0,False,3
1741,232.015,-3537.004502798626,-3895.9348269356906,158.0,7031.818714412061,100.0,False,3
1742,232.02,-3535.0,-3896.0,158.39285211428572,7032.048585661028,100.0,False,3
1743,232.18,-3459.0,-3899.0,170.96428068571427,7039.876419428097,100.0,False,3
1744,232.295,-3392.975158194233,-3902.923354315789,180.0,7045.818714412061,100.0,False,3
1745,232.56,-3235.0,-3916.0,188.61250624,7059.924250009485,100.0,False,3
1746,232.695,-3176.3326713761894,-3922.978877668176,193.0,7067.263158856506,100.0,False,3
1747,232.82,-3126.0,-3930.0,197.37499776,7074.130435874872,100.0,False,3
1748,232.895,-3093.1408338341143,-3934.671763339242,200.0,7078.374269967618,100.0,False,3
1749,233.1,-2983.0,-3951.0,212.812496,7090.592825115861,100.0,False,3
1750,233.135,-2958.7301106610857,-3954.7508108979696,215.0,7092.70760330095,100.0,False,3
1751,233.295,-2830.546670762057,-3975.039648741676,218.0,7102.396492189838,100.0,False,3
1752,233.38,-2770.0,-3985.0,219.8214272,7107.620653855533,100.0,False,3
1753,233.575,-2672.8224048863385,-4002.3556602466647,224.0,7119.818714412059,100.0,False,3
1754,233.72,-2609.0,-4015.0,228.35000576,7129.041958561199,100.0,False,3
1755,233.775,-2581.5292809440043,-4020.564971522882,230.0,7132.5964921898385,100.0,False,3
1756,233.96,-2457.0,-4047.0,235.08750528,7144.830647899141,100.0,False,3
1757,234.14,-2260.0,-4091.0,240.03749824,7157.000577387837,100.0,False,3
1758,234.175,-2227.726639711841,-4098.053523478094,241.0,7159.374269967616,100.0,False,3
1759,234.375,-2110.546585514247,-4121.707642789783,246.0,7173.040936634282,100.0,False,3
1760,234.581,-2000.0,-4132.0,252.18000384,7187.625358192737,100.0,False,3
1761,234.775,-1830.3892574764516,-4139.332489289118,258.0,7201.70760330095,100.0,False,3
1762,234.941,-1697.0,-4143.0,262.1500032,7213.8943755380415,100.0,False,3
1763,235.095,-1627.524081217958,-4143.687104391939,266.0,7225.352047745394,100.0,False,3
1764,235.281,-1533.0,-4140.0,270.0560751315688,7239.428899035284,100.0,False,3
1765,235.416,-1392.2909957502816,-4133.394549739384,273.0,7249.694547745395,100.0,False,3
1766,235.581,-1197.0,-4124.0,273.82499968,7262.227688581884,100.0,False,3
1767,235.616,-1162.2713222022783,-4122.352372513885,274.0,7264.916769967617,100.0,False,3
1768,235.816,-1009.3374280437741,-4115.2896541807,281.0,7280.527881078727,100.0,False,3
1769,236.016,-873.7483142188238,-4110.125132613922,283.0,7296.250103300948,100.0,False,3
1770,236.021,-870.0,-4110.0,283.14999808,7296.647247026932,100.0,False,3
1771,236.216,-710.1682178221556,-4105.271153468352,289.0,7312.305658856504,100.0,False,3
1772,236.416,-547.5582521720063,-4101.362840291621,292.0,7328.527881078725,100.0,False,3
1773,236.441,-530.0,-4101.0,292.4687488,7330.567587872824,100.0,False,3
1774,236.576,-445.9054714794017,-4099.525341092972,295.0,7341.638992189836,100.0,False,3
1775,236.801,-316.0,-4098.0,298.76569233059803,7360.3240484022945,100.0,False,3
1776,236.815,-306.60130055283565,-4097.8922040337275,299.0,7361.489269967614,100.0,False,3
1777,237.001,-149.0,-4096.0,299.93000064,7376.984356702732,100.0,False,3
1778,237.015,-132.1685493327357,-4095.781437207125,300.0,7378.15593663428,100.0,False,3
1779,237.22,153.0,-4092.0,302.9285705142857,7395.429254019212,100.0,False,3
1780,237.295,219.16172563022178,-4091.2379491719457,304.0,7401.800381078724,100.0,False,3
1781,237.56,324.0,-4090.0,307.6805582222222,7424.512750177203,100.0,False,3
1782,237.655,382.9751871582945,-4088.536302356155,309.0,7432.7003810787255,100.0,False,3
1783,237.88,600.0,-4089.0,311.1093768,7452.157767546546,100.0,False,3
1784,237.975,730.0992804876694,-4095.455265727364,312.0,7460.433714412059,100.0,False,3
1785,238.1,893.0,-4106.0,314.49999872,7471.394568936502,100.0,False,3
1786,238.175,956.4367238457064,-4110.693999047676,316.0,7477.989269967616,100.0,False,3
1787,238.455,1093.6069573146701,-4138.7879978307055,317.0,7502.644825523171,100.0,False,3
1788,238.46,1098.0,-4140.0,317.02499968,7503.086023018549,100.0,False,3
1789,238.655,1333.6726239413401,-4207.213326179432,318.0,7520.311492189837,100.0,False,3
1790,238.74,1423.0,-4234.0,318.0,7527.815050306054,100.0,False,3
1791,238.895,1513.1813066712402,-4264.491968769325,318.0,7541.511492189838,100.0,False,3
1792,239.02,1575.0,-4288.0,319.0416661333333,7552.610156731455,100.0,False,3
1793,239.135,1661.0302288939909,-4319.403016967883,320.0,7562.84482552317,100.0,False,3
1794,239.28,1792.0,-4366.0,320.51785782857144,7575.757361753732,100.0,False,3
1795,239.415,1915.3172765062627,-4408.642846474213,321.0,7587.811492189837,100.0,False,3
1796,239.54,2027.0,-4446.0,322.0416661333333,7599.01975777853,100.0,False,3
1797,239.655,2125.006540071984,-4477.518677012913,323.0,7609.3448255231715,100.0,False,3
1798,239.72,2180.0,-4495.0,323.0,7615.176072290625,100.0,False,3
1799,239.855,2295.685334503383,-4531.655558926012,323.0,7627.289269967615,100.0,False,3
1800,239.86,2300.0,-4533.0,323.0178569142857,7627.738472353031,100.0,False,3
1801,240.08,2489.0,-4590.0,323.8035721142857,7647.538988327859,100.0,False,3
1802,240.135,2534.09947626973,-4603.223312069065,324.0,7652.489269967616,100.0,False,3
1803,240.24,2627.0,-4629.0,324.0,7661.934785876711,100.0,False,3
1804,240.295,2687.18131308889,-4644.236301351047,324.0,7666.889269967615,100.0,False,3
1805,240.495,2947.1570225716905,-4704.500434378425,325.0,7684.944825523172,100.0,False,3
1806,240.56,3012.0,-4719.0,324.34999808,7690.787268432946,100.0,False,3
1807,240.695,3098.0901302858897,-4737.574874557776,323.0,7702.889269967615,100.0,False,3
1808,240.855,3171.202826228083,-4748.071560096527,323.0,7717.244825523171,100.0,False,3
1809,240.9,3207.0,-4752.0,322.8750001777778,7721.279318518814,100.0,False,3
1810,241.215,3592.382736820134,-4787.706091940049,322.0,7749.444825523172,100.0,False,3
1811,241.261,3634.0,-4791.0,321.7124992,7753.541958171342,100.0,False,3
1812,241.535,3773.0286867334576,-4794.425289160966,320.0,7777.889269967615,100.0,False,3
1813,241.561,3794.0,-4794.0,320.0,7780.200250193585,100.0,False,3
1814,241.735,4000.363131220548,-4789.466787878514,320.0,7795.6670477453945,100.0,False,3
1815,241.821,4096.0,-4787.0,319.693949931536,7803.300225533762,100.0,False,3
1816,242.016,4219.147016738629,-4782.219829361515,319.0,7820.566769967615,100.0,False,3
1817,242.201,4370.0,-4767.0,318.1590912,7836.879214485737,100.0,False,3
1818,242.381,4651.0,-4735.0,317.34090938181816,7852.71106983212,100.0,False,3
1819,242.456,4749.896223972123,-4721.979340604726,317.0,7859.31121441206,100.0,False,3
1820,242.656,4923.357976491753,-4691.725394175497,317.0,7876.922325523173,100.0,False,3
1821,242.816,5030.9858416669895,-4667.099006429234,317.0,7891.011214412062,100.0,False,3
1822,242.841,5048.0,-4663.0,316.87500032,7893.209319855588,100.0,False,3
1823,243.016,5168.592901834109,-4632.406321736524,316.0,7908.566769967617,100.0,False,3
1824,243.256,5338.227309458498,-4585.040873424115,315.0,7929.566769967617,100.0,False,3
1825,243.655,5632.100836897758,-4493.150505191114,314.0,7964.368436634283,100.0,False,3
1826,243.855,5786.874312763273,-4442.2711906586255,314.0,7981.812881078727,100.0,False,3
1827,244.055,5946.93094582748,-4388.385638476032,314.0,7999.257325523172,100.0,False,3
1828,244.06,5951.0,-4387.0,313.97500032,7999.692692408443,100.0,False,3
1829,244.16,6033.0,-4359.0,313.47499904,8008.389679712413,100.0,False,3
1830,244.255,6111.633674801057,-4332.400152045391,313.0,8016.6462144120605,100.0,False,3
1831,244.38,6214.0,-4298.0,313.0,8027.518443449001,100.0,False,3
1832,244.535,6335.261673893297,-4257.113118542353,313.0,8040.990658856505,100.0,False,3
1833,244.66,6445.0,-4220.0,312.37500032,8051.8265243810465,100.0,False,3
1834,244.735,6521.863689868626,-4193.971417610212,312.0,8058.323992189839,100.0,False,3
1835,244.88,6675.0,-4142.0,312.0,8070.889376698077,100.0,False,3
1836,245.055,6815.782879929735,-4093.840787980415,312.0,8086.057325523173,100.0,False,3
1837,245.295,6966.7193231309875,-4041.159212513672,312.0,8106.85732552317,100.0,False,3
1838,245.3,6970.0,-4040.0,312.0,8107.290651697119,100.0,False,3
1839,245.5,7132.0,-3981.0,312.0,8124.624145909746,100.0,False,3
1840,245.66,7358.0,-3894.0,312.0,8138.490862506226,100.0,False,3
1841,245.735,7426.210882872122,-3867.2262956591467,312.0,8144.990658856505,100.0,False,3
1842,245.98,7518.0,-3828.0,312.0,8166.222986495629,100.0,False,3
1843,246.055,7568.199064802863,-3806.6072392436104,312.0,8172.723992189839,100.0,False,3
1844,246.18,7677.0,-3760.0,312.0,8183.55945534265,100.0,False,3
1845,246.215,7710.496264113275,-3745.3918685528015,312.0,8186.590658856506,100.0,False,3
1846,246.455,7954.964479474569,-3636.289727446759,311.0,8207.323992189838,100.0,False,3
1847,246.5,7993.0,-3619.0,310.6250005333333,8211.200389950322,81.25002666666667,False,3
1848,246.695,8114.1184672976215,-3562.636394992482,309.0,8227.923992189837,0.0,False,3
1849,246.86,8210.0,-3517.0,304.8750016,8241.894976994223,0.0,False,3
1850,246.975,8295.97565749259,-3476.3095647423847,302.0,8251.412881078726,0.0,False,3
1851,247.06,8362.0,-3445.0,296.56944853333334,8258.28592555293,0.0,False,3
1852,247.3,8541.0,-3359.0,281.23611520000003,8276.776358819869,0.0,False,3
1853,247.335,8569.576471773331,-3345.0448522192937,279.0,8279.312881078728,0.0,True,3
1854,247.54,8745.0,-3258.0,258.96591534545456,8293.296406359103,0.0,True,3
1855,247.775,8913.889804482857,-3170.095002490507,236.0,8308.157325523174,0.0,True,3
1856,247.941,9010.0,-3118.0,222.8583232,8318.350249999381,0.0,True,3
1857,248.015,9046.977845637115,-3097.5381516087905,217.0,8322.623992189838,0.0,True,3
1858,248.335,9172.246558670542,-3025.3971090528466,181.0,8338.712881078729,0.0,True,3
1859,248.401,9195.0,-3012.0,177.29521258902116,8341.739214403187,0.0,True,3
1860,248.761,9312.0,-2940.0,157.0873204474729,8357.061041462694,0.0,True,3
1861,248.816,9330.257555923767,-2927.4739371776996,154.0,8359.288992189839,0.0,True,3
1862,249.016,9396.35484983574,-2879.613735930543,142.0,8367.17788107873,0.0,True,3
1863,249.041,9404.0,-2874.0,141.0625024,8368.136888925335,0.0,True,3
1864,249.181,9446.0,-2842.0,135.8125024,8373.379310545519,0.0,True,3
1865,249.256,9472.839139803174,-2818.7326389585496,133.0,8376.044547745394,0.0,True,3
1866,249.401,9524.0,-2771.0,125.7500032,8380.861901745437,0.0,True,3
1867,249.656,9558.088180830417,-2734.4951413665412,113.0,8388.600103300952,0.0,True,3
1868,249.741,9568.0,-2722.0,110.5714304,8391.111883220605,0.0,True,3
1869,249.936,9602.192814194965,-2677.38295220384,105.0,8396.766769967617,0.0,True,3
1870,249.961,9607.0,-2670.0,104.64285805714286,8397.481599030813,0.0,True,3
1871,250.216,9654.04546138077,-2580.377074463091,101.0,8404.622325523174,0.0,False,3
1872,250.261,9660.0,-2567.0,99.86792477133054,8405.846449619869,0.0,False,3
1873,250.375,9670.520888861012,-2540.0705006542835,97.0,8408.906492189839,0.0,False,3
1874,250.615,9676.27739404806,-2503.5851147328663,95.0,8415.239825523175,0.0,False,3
1875,250.68,9677.0,-2491.0,94.1874976,8416.92757357917,0.0,False,3
1876,250.84,9677.0,-2454.0,92.1874976,8421.001206522757,0.0,False,3
1877,250.855,9676.545553597174,-2450.4706313494175,92.0,8421.373158856506,0.0,False,3
1878,251.1,9657.0,-2395.0,88.10227374545454,8427.192749817103,20.04544930909091,False,3
1879,251.28,9634.0,-2357.0,85.23863330909091,8431.405182080067,34.77274298181818,False,3
1880,251.295,9631.935493269079,-2353.9002151246723,85.0,8431.762047745397,36.0,False,3
1881,251.48,9605.0,-2317.0,86.98214491428571,8436.239128410194,43.26786468571429,False,3
1882,251.575,9589.740503345562,-2300.0063797226244,88.0,8438.60649218984,47.0,False,3
1883,251.64,9578.0,-2288.0,89.2187536,8440.256624567519,50.4531352,False,3
1884,251.895,9522.70208470057,-2235.2917855257206,94.0,8446.962047745397,64.0,False,3
1885,251.92,9518.0,-2231.0,94.4687536,8447.63837687979,63.8437488,False,3
1886,252.215,9473.773840981521,-2193.713966107375,100.0,8455.850936634284,62.0,False,3
1887,252.32,9441.0,-2167.0,102.25000411428572,8458.858025030753,62.750001371428574,False,3
1888,252.46,9380.0,-2117.0,105.24999862857143,8463.006977229612,63.74999954285714,False,3
1889,252.495,9367.73864735387,-2106.932622643376,106.0,8464.095381078729,64.0,False,3
1890,252.815,9318.824554348104,-2064.68408569923,121.0,8474.850936634284,74.0,False,3
1891,252.86,9311.0,-2057.0,122.1249984,8476.414467264163,71.4687536,False,3
1892,252.975,9285.204120853736,-2031.2061850775103,125.0,8480.406492189839,65.0,False,3
1893,253.12,9249.0,-1993.0,122.58333013333333,8485.317988412426,25.729114666666668,False,3
1894,253.18,9236.0,-1978.0,121.5833344,8487.315446443943,9.479184000000004,False,3
1895,253.215,9228.77099069035,-1969.2481707137065,121.0,8488.473158856508,0.0,True,3
1896,253.415,9191.750064950116,-1918.0523126585376,117.0,8494.973158856508,0.0,False,3
1897,253.54,9171.0,-1881.0,115.046876,8498.910679920242,0.0,False,3
1898,253.735,9142.576108397925,-1815.5734440903386,112.0,8504.928714412064,0.0,False,3
1899,253.74,9142.0,-1814.0,111.96428617142857,8505.082701716634,0.0,False,3
1900,254.015,9123.734519316144,-1740.953877805389,110.0,8513.48426996762,0.0,False,3
1901,254.1,9121.0,-1720.0,108.482144,8516.009876542685,0.0,False,3
1902,254.295,9118.3560273566,-1668.465848864238,105.0,8521.650936634283,0.0,False,3
1903,254.361,9121.0,-1644.0,104.00999808,8523.511974680547,2.64000512,False,3
1904,254.561,9139.0,-1555.0,101.00999808,8529.01284051936,10.64000512,False,3
1905,254.695,9144.314612443131,-1533.6389256033447,99.0,8532.650936634283,16.0,False,3
1906,254.801,9149.0,-1523.0,98.1166656,8535.518122303245,8.9333248,False,3
1907,254.935,9162.012505535877,-1494.6742323689064,97.0,8539.11760330095,0.0,False,3
1908,255.141,9190.0,-1438.0,95.2904567312544,8544.563889030287,5.983401440609641,False,3
1909,255.176,9194.495032402416,-1429.946654802926,95.0,8545.477325523174,7.0,False,3
1910,255.361,9223.0,-1389.0,93.45833386666666,8550.255044726484,19.333329066666668,False,3
1911,255.416,9236.956545053881,-1373.1479740791863,93.0,8551.677325523175,23.0,False,3
1912,255.581,9283.0,-1325.0,93.68749973333334,8555.977029154179,32.62499626666666,False,3
1913,255.656,9294.331506456621,-1313.4173525677713,94.0,8557.943992189841,37.0,False,3
1914,255.861,9315.0,-1299.0,95.13888853333333,8563.354232151756,44.97221973333333,False,3
1915,256.016,9363.361963214884,-1270.800015003725,96.0,8567.54399218984,51.0,False,3
1916,256.141,9405.0,-1248.0,99.1249984,8571.01250980563,53.3437488,False,3
1917,256.176,9414.364174587668,-1243.3105028925631,100.0,8571.988436634285,54.0,False,3
1918,256.496,9474.816067293448,-1224.252968543782,102.0,8581.05510330095,62.0,False,3
1919,256.501,9476.0,-1224.0,102.20833066666667,8581.20379320567,62.145831466666664,False,3
1920,256.736,9544.36577495112,-1211.0764464402787,112.0,8588.521769967618,69.0,False,3
1921,256.761,9552.0,-1210.0,112.81453464759562,8589.339520820067,70.62906929519124,False,3
1922,257.0,9632.0,-1204.0,120.60150789846996,8597.531755136042,86.20301579693994,False,3
1923,257.135,9701.085521033465,-1202.45031776857,125.0,8602.375936634282,95.0,False,3
1924,257.2,9732.0,-1202.0,127.031256,8604.751890286672,94.5937488,False,3
1925,257.455,9806.551152875138,-1201.559426810095,135.0,8614.375936634282,93.0,False,3
1926,257.56,9838.0,-1201.0,138.37500617142857,8618.504872798974,91.49999725714285,False,3
1927,257.735,9906.76178549495,-1198.5972496662764,144.0,8625.575936634283,89.0,False,3
1928,257.76,9917.0,-1198.0,144.5357184,8626.600919502413,88.0178496,False,3
1929,257.94,9989.0,-1191.0,148.39285577142857,8634.08358422649,80.94643108571428,False,3
1930,258.015,10017.58396979999,-1186.0283806598059,150.0,8637.24260330095,78.0,False,3
1931,258.26,10116.0,-1155.0,153.0624992,8647.70834830475,74.9375008,False,3
1932,258.415,10196.343230958431,-1116.2484731930679,155.0,8654.464825523173,73.0,False,3
1933,258.44,10209.0,-1109.0,155.6250048,8655.565432766081,61.5936624,False,3
1934,258.575,10272.067325232929,-1066.0708570866373,159.0,8661.531492189839,0.0,False,3
1935,258.735,10334.958478655963,-1009.2982808467597,156.0,8668.464825523173,0.0,True,3
1936,258.86,10374.0,-969.0,150.140628,8673.55500846602,0.0,True,3
1937,259.055,10416.885938402638,-915.7770098248412,141.0,8680.998158856506,0.0,True,3
1938,259.26,10452.0,-861.0,133.02778026666667,8688.435074663477,0.0,True,3
1939,259.32,10463.0,-843.0,130.69443697777777,8690.517357338442,0.0,True,3
1940,259.415,10479.256672412195,-814.6551472738394,127.0,8693.698158856507,0.0,True,3
1941,259.62,10509.0,-755.0,115.28571794285715,8700.095619711283,0.0,True,3
1942,259.695,10518.266538709062,-733.646128119467,111.0,8702.331492189842,0.0,True,3
1943,259.8,10530.0,-704.0,108.3749952,8705.39596043283,0.0,True,3
1944,259.98,10547.0,-654.0,103.8750016,8710.475144027736,0.0,True,3
1945,260.055,10552.213307786542,-634.6584990320781,102.0,8712.531492189843,0.0,True,3
1946,260.18,10559.0,-601.0,98.35416853333334,8715.881498601175,0.0,True,3
1947,260.295,10564.405429585953,-562.4135055640893,95.0,8718.864825523175,0.0,False,3
1948,260.46,10565.0,-505.0,91.70000128,8722.95929540071,3.29999872,False,3
1949,260.695,10535.537495307606,-449.1070708492575,87.0,8728.531492189843,8.0,False,3
1950,260.901,10504.0,-422.0,84.4249984,8733.334271384752,27.741678933333333,False,3
1951,260.935,10500.18212709354,-419.2045543539535,84.0,8734.131492189841,31.0,False,3
1952,261.095,10485.816297751793,-411.3710936793759,85.0,8737.909269967622,44.0,False,3
1953,261.181,10473.0,-406.0,85.0,8739.933484387162,45.84285988571428,False,3
1954,261.361,10431.0,-384.0,85.0,8744.184631532662,49.700002742857144,False,3
1955,261.375,10427.718666039842,-381.0466601393171,85.0,8744.520381078732,50.0,False,3
1956,261.641,10379.0,-302.0,87.5552361089286,8751.056548058787,51.788665276250015,False,3
1957,262.041,10384.0,-233.0,91.39769457410436,8761.461453364449,54.47838620187306,False,3
1958,262.221,10394.0,-185.0,93.12680088343346,8766.416916698032,55.68876061840342,False,3
1959,262.416,10411.799677047517,-110.30875993274755,95.0,8771.991214412064,57.0,False,3
1960,262.501,10420.0,-78.0,98.1874976,8774.488040697343,60.984372,False,3
1961,262.736,10439.998616458375,-4.323161653583598,107.0,8781.502325523175,72.0,False,3
1962,262.981,10459.0,59.0,107.0,8788.763073971732,73.74999954285714,False,3
1963,263.016,10461.76273118388,67.87465955136244,107.0,8789.8245477454,74.0,False,3
1964,263.216,10477.857938460545,117.93203321992345,111.0,8795.991214412064,0.0,False,3
1965,263.361,10491.0,156.0,107.3750016,8800.30232371586,0.0,False,3
1966,263.416,10496.450531355948,171.12002991941358,106.0,8801.880103300955,0.0,False,3
1967,263.441,10499.0,178.0,105.00000256,8802.585883182452,0.0,False,3
1968,263.616,10517.596752744366,224.85984320117512,98.0,8807.324547745397,0.0,True,3
1969,263.66,10522.0,236.0,96.6206968500746,8808.459057288037,0.0,True,3
1970,263.935,10544.648772725763,300.55679134532704,88.0,8815.122325523174,0.0,True,3
1971,264.02,10550.0,323.0,86.229168,8817.097761482684,0.0,True,3
1972,264.175,10557.704793934832,369.33376731343736,83.0,8820.655658856507,0.0,True,3
1973,264.26,10560.0,392.0,82.6458336,8822.614785630587,0.0,True,3
1974,264.415,10559.687451624686,421.38401170783345,82.0,8826.122325523174,0.0,False,3
1975,264.575,10552.027522913011,444.80184198568975,76.0,8829.500103300954,0.0,False,3
1976,264.6,10550.0,449.0,75.6428544,8830.012446637313,0.892864,False,3
1977,264.855,10518.545059530225,497.50850715948434,72.0,8835.100103300952,10.0,False,3
1978,264.88,10515.0,502.0,72.0,8835.59729427368,11.145842133333334,False,3
1979,265.095,10483.341864975013,535.6000296653699,72.0,8839.900103300955,21.0,False,3
1980,265.415,10432.32310144056,568.991480990739,74.0,8846.477881078732,31.0,False,3
1981,265.695,10381.688552227157,590.5241804303583,77.0,8852.466769967621,51.0,False,3
1982,265.9,10340.0,606.0,78.46428525714286,8856.909129926826,55.39285577142857,False,3
1983,265.975,10323.772928074917,611.6008111190948,79.0,8858.611214412067,57.0,False,3
1984,266.12,10291.0,622.0,83.9843816,8862.076963618441,60.6250048,False,3
1985,266.295,10249.20340297885,632.8774235662056,90.0,8866.611214412067,65.0,False,3
1986,266.44,10212.0,641.0,96.16250816,8870.702515115994,70.07500672,False,3
1987,266.66,10151.0,652.0,105.51249728,8877.398550915525,77.77499776,False,3
1988,266.695,10141.236313576966,653.3402097719367,107.0,8878.500103300958,79.0,False,3
1989,266.84,10097.0,658.0,112.07500672,8883.165060772135,86.61251008,False,3
1990,267.06,10004.0,665.0,119.77499776,8890.676934898634,98.16249664,False,3
1991,267.095,9991.314959085868,665.7295765181142,121.0,8891.944547745403,100.0,False,3
1992,267.295,9934.85622813776,667.592459215626,137.0,8899.555658856512,100.0,False,3
1993,267.36,9916.0,668.0,139.55357897142858,8902.137470941776,100.0,False,3
1994,267.575,9838.157376262057,669.8349563264502,148.0,8911.066769967623,100.0,False,3
1995,267.641,9801.0,671.0,152.125008,8913.950189366762,100.0,False,3
1996,267.815,9674.657341900653,675.4588922241248,163.0,8921.933436634288,100.0,False,3
1997,267.841,9659.0,676.0,164.5437576,8923.184786380702,100.0,False,3
1998,268.135,9569.653107730803,678.4900054821585,182.0,8938.111214412067,100.0,False,3
1999,268.181,9553.0,679.0,183.1500032,8940.471998941619,100.0,False,3
2000,268.295,9498.256534925948,680.8284676314075,186.0,8946.377881078733,100.0,False,3
2001,268.361,9461.0,682.0,188.5595603893751,8949.90498837814,100.0,False,3
2002,268.656,9275.012135928127,686.9121279113515,200.0,8966.433436634288,100.0,False,3
2003,268.661,9272.0,687.0,200.17499776,8966.717664190688,100.0,False,3
2004,268.856,9161.116441874989,690.5626895677492,207.0,8977.933436634288,100.0,False,3
2005,268.881,9147.0,691.0,207.87499776,8979.410753989589,100.0,False,3
2006,269.061,9043.0,694.0,214.17499776,8990.367067219759,100.0,False,3
2007,269.221,8947.0,697.0,219.77499776,9000.318163658376,100.0,False,3
2008,269.256,8925.739376613292,697.7367819974048,221.0,9002.488992189843,100.0,False,3
2009,269.456,8802.452367309064,702.1949251536147,224.0,9014.933436634292,100.0,False,3
2010,269.501,8774.0,703.0,225.34999808,9017.794764430328,100.0,False,3
2011,269.641,8686.0,705.0,229.54999808,9026.883527538772,100.0,False,3
2012,269.856,8574.603297859363,708.7634941561158,236.0,9041.15565885651,100.0,False,3
2013,269.981,8464.0,712.0,239.74999808,9049.513420862077,100.0,False,3
2014,270.056,8366.69794209958,714.4321979934524,242.0,9054.600103300956,100.0,False,3
2015,270.14,8260.0,717.0,245.35998976,9060.392390210203,100.0,False,3
2016,270.256,8174.163073474841,719.1309305597022,250.0,9068.488992189843,100.0,False,3
2017,270.456,8124.444018733327,720.5153567736668,253.0,9082.544547745401,100.0,False,3
2018,270.5,8105.0,721.0,254.41934755740047,9085.700639061008,100.0,False,3
2019,270.68,7977.0,724.0,260.2258114242143,9098.83952853928,100.0,False,3
2020,270.735,7918.702426594717,725.2945182619884,262.0,9102.849547745402,100.0,False,3
2021,270.895,7724.595710450145,729.4809443367373,262.0,9114.493992189844,100.0,False,3
2022,270.92,7700.0,730.0,262.87500672,9116.338463769742,100.0,False,3
2023,271.095,7587.61585123126,732.2632328743409,269.0,9129.438436634293,100.0,False,3
2024,271.255,7534.950350338357,733.1541559341265,271.0,9141.482881078733,100.0,False,3
2025,271.34,7489.0,734.0,273.1249984,9147.968255544023,100.0,False,3
2026,271.495,7373.055474715864,736.2416234330072,277.0,9159.9495477454,100.0,False,3
2027,271.54,7337.0,737.0,277.8437488,9163.454421250179,100.0,False,3
2028,271.76,7166.0,741.0,281.9687536,9180.747514085135,100.0,False,3
2029,271.815,7126.028899525856,741.936117794237,283.0,9185.105103300957,100.0,False,3
2030,271.98,6992.0,745.0,286.29999872,9198.250659076453,100.0,False,3
2031,272.015,6953.553565372191,745.872842216115,287.0,9201.049547745399,100.0,False,3
2032,272.2,6728.0,751.0,288.9821449142857,9215.89925473283,100.0,False,3
2033,272.295,6653.2935618442325,752.7361685146079,290.0,9223.605103300957,100.0,False,3
2034,272.5,6549.0,755.0,295.1249984,9240.45402947969,100.0,False,3
2035,272.535,6525.777282036344,755.4215907404441,296.0,9243.33843663429,100.0,False,3
2036,272.7,6384.0,758.0,296.82499968,9256.938579346766,100.0,False,3
2037,272.735,6344.901528117522,758.812819327264,297.0,9259.83843663429,100.0,False,3
2038,272.975,6040.118932342306,765.8728672450868,301.0,9279.905103300956,100.0,False,3
2039,272.98,6035.0,766.0,301.0624992,9280.325069929146,100.0,False,3
2040,273.135,5914.75262794684,769.2008414972566,303.0,9293.37176996762,100.0,False,3
2041,273.42,5782.0,774.0,304.42499968,9317.514966765015,100.0,False,3
2042,273.535,5702.697732566347,776.9951290068035,305.0,9327.260658856514,100.0,False,3
2043,273.68,5562.0,782.0,305.0,9339.525480879762,100.0,False,3
2044,273.815,5371.838044455284,788.1893727688739,305.0,9350.982881078733,100.0,False,3
2045,273.9,5255.0,792.0,306.0624992,9358.244381196484,100.0,False,3
2046,274.135,5032.264721184707,799.8492182380336,309.0,9378.4495477454,100.0,False,3
2047,274.261,4946.0,803.0,309.7875008,9389.297096242022,100.0,False,3
2048,274.295,4924.496862708243,803.7688790280195,310.0,9392.227325523178,100.0,False,3
2049,274.615,4744.598698673293,809.9501428614011,311.0,9419.871769967624,100.0,False,3
2050,274.701,4687.0,812.0,311.0,9427.3030410965,100.0,False,3
2051,274.861,4549.0,817.0,311.0,9441.124261445068,100.0,False,3
2052,274.976,4384.237985391261,822.8272477862374,311.0,9451.058158856511,100.0,False,3
2053,275.081,4238.0,828.0,311.0,9460.128881638877,100.0,False,3
2054,275.176,4153.2221950791,831.0661656760876,311.0,9468.335936634288,100.0,False,3
2055,275.376,4078.5055836537676,833.9318419548368,311.0,9485.613714412066,100.0,False,3
2056,275.441,4048.0,835.0,311.0,9491.22904533099,100.0,False,3
2057,275.576,3962.6871816443654,837.8287896237305,311.0,9502.891492189847,100.0,False,3
2058,275.776,3761.5990412408355,844.7588477099549,311.0,9520.169269967624,100.0,False,3
2059,275.781,3755.0,845.0,311.0,9520.601325250042,100.0,False,3
2060,275.981,3461.0,856.0,311.0,9537.888419781146,100.0,False,3
2061,276.096,3338.450204407492,860.4537424404386,311.0,9547.813714412066,100.0,False,3
2062,276.301,3203.0,865.0,310.3593752,9565.460283465287,100.0,False,3
2063,276.416,3143.337388808811,866.8715637158431,310.0,9575.369269967621,100.0,False,3
2064,276.641,3013.0,871.0,310.8035712,9594.812255921031,100.0,False,3
2065,276.696,2964.88145183621,872.6361317317495,311.0,9599.558158856515,100.0,False,3
2066,276.856,2789.5909326904098,878.7551430515095,310.0,9613.335936634288,100.0,False,3
2067,276.96,2668.0,883.0,310.0,9622.291186244267,100.0,False,3
2068,277.016,2602.687595173066,885.2671980016385,310.0,9627.11371441207,100.0,False,3
2069,277.216,2380.3163087558332,892.9774769997404,310.0,9644.335936634288,100.0,False,3
2070,277.28,2324.0,895.0,310.0,9649.8470281603,100.0,False,3
2071,277.415,2234.764323436199,898.391166058581,310.0,9661.472047745403,100.0,False,3
2072,277.695,2105.188340066608,903.2243599913501,310.0,9685.583158856512,100.0,False,3
2073,277.8,1997.0,906.0,310.0,9694.624820177934,100.0,False,3
2074,277.895,1862.8130034627764,909.1456387239681,310.0,9702.805381078731,100.0,False,3
2075,278.02,1688.0,913.0,310.0,9713.569420373973,100.0,False,3
2076,278.175,1581.7921540359937,914.9420026263725,310.0,9726.916492189845,100.0,False,3
2077,278.335,1542.0160736334192,915.140761012672,310.0,9740.694269967622,100.0,False,3
2078,278.44,1447.0,917.0,310.0,9749.739435064126,100.0,False,3
2079,278.495,1372.019369883342,918.6072702921507,310.0,9754.4720477454,100.0,False,3
2080,278.62,1172.0,923.0,309.37500032,9765.20432592836,100.0,False,3
2081,278.695,1070.3914678495362,925.1661544427457,309.0,9771.638714412067,100.0,False,3
2082,278.935,853.9352394334187,929.329343033954,309.0,9792.238714412066,100.0,False,3
2083,279.095,790.4982202385856,930.0470668213554,309.0,9805.972047745403,100.0,False,3
2084,279.415,608.7239131359543,932.9318219097843,309.0,9833.438714412066,100.0,False,3
2085,279.42,605.0,933.0,309.0,9833.86787624742,100.0,False,3
2086,279.655,404.18189265368295,936.8805388481691,309.0,9854.038714412065,100.0,False,3
2087,279.72,347.0,938.0,309.0,9859.617895497417,100.0,False,3
2088,279.9,193.0,941.0,309.0,9875.06787343475,100.0,False,3
2089,279.935,162.97547879204265,941.5892180704025,309.0,9878.072047745402,100.0,False,3
2090,280.08,38.0,944.0,309.0,9890.5179134204,100.0,False,3
2091,280.175,-43.25341972349909,945.4205068030753,309.0,9898.6720477454,100.0,False,3
2092,280.28,-133.0,947.0,309.0,9907.6845006004,100.0,False,3
2093,280.455,-282.81431460474045,949.9240666442673,309.0,9922.705381078733,100.0,False,3
2094,280.46,-287.0,950.0,309.0,9923.13455432868,100.0,False,3
2095,280.661,-459.0,953.0,309.0,9940.38804848085,100.0,False,3
2096,280.855,-678.2158724975599,958.4658916007108,309.0,9957.038714412069,100.0,False,3
2097,280.981,-820.0,964.0,307.4249984,9967.850687455226,88.65998848,False,3
2098,281.221,-1041.0,979.0,304.4249984,9988.068089206387,67.05998848,False,3
2099,281.255,-1069.1410439634203,981.4333506324762,304.0,9990.816492189842,64.0,False,3
2100,281.521,-1276.0,1002.0,279.96885016193386,10011.288077814523,10.965738288405758,False,3
2101,281.576,-1319.1860018423322,1006.3216445522908,275.0,10015.337325523178,0.0,False,3
2102,281.701,-1416.0,1016.0,266.0156296,10024.336731058658,0.0,False,3
2103,281.881,-1541.0,1029.0,253.0781296,10036.738484613961,0.0,False,3
2104,281.896,-1550.9464269306388,1030.0252199703466,252.0,10037.73732552318,0.0,True,3
2105,282.056,-1653.7232201548393,1040.3809341857702,230.0,10047.959547745399,0.0,True,3
2106,282.241,-1764.0,1051.0,213.70238659047618,10058.15634718271,0.0,True,3
2107,282.421,-1862.0,1060.0,197.84524373333335,10066.291116922366,0.0,True,3
2108,282.621,-1963.0,1069.0,180.22619611428573,10073.866510089389,0.0,True,3
2109,282.821,-2056.0,1076.0,162.6071484952381,10081.475276536312,0.0,True,3
2110,282.896,-2094.525815950071,1077.7203798991563,156.0,10084.3595477454,0.0,True,3
2111,283.081,-2173.0,1080.0,146.7500032,10091.546111207881,0.0,True,3
2112,283.256,-2166.9904870981854,1080.3979444897975,138.0,10098.1595477454,0.0,True,3
2113,283.34,-2172.0,1080.0,134.3250112,10101.178838608212,0.0,True,3
2114,283.52,-2236.0,1078.0,126.45,10107.33469036776,0.0,True,3
2115,283.576,-2255.679695244345,1077.2078366395156,124.0,10109.181769967621,0.0,True,3
2116,283.816,-2327.4482682014905,1071.2084134514423,114.0,10116.78176996762,0.0,True,3
2117,283.84,-2336.0,1070.0,113.39832836902241,10117.520530552258,0.0,True,3
2118,284.12,-2444.0,1051.0,106.37882600761725,10125.781013098818,0.0,True,3
2119,284.175,-2456.292674463072,1048.7313702198683,105.0,10127.252603300956,0.0,True,3
2120,284.44,-2489.0,1037.0,87.01784411428571,10133.602452654646,0.0,True,3
2121,284.455,-2492.5034504339487,1035.2265426436277,86.0,10133.941492189842,0.0,True,3
2122,284.66,-2554.0,1003.0,80.8750016,10138.441735814435,0.0,True,3
2123,284.775,-2576.5944811949703,991.1063860258029,78.0,10140.874825523177,0.0,True,3
2124,285.015,-2592.974131080099,976.8971627938768,74.0,10145.808158856511,0.0,True,3
2125,285.14,-2606.0,951.0,73.68750016,10148.383685711171,0.0,True,3
2126,285.3,-2629.0,901.0,73.28750016,10151.671808590036,0.0,True,3
2127,285.415,-2636.5921372968164,881.9717879917145,73.0,10153.91926996762,0.0,False,3
2128,285.62,-2635.0,864.0,68.44444586666667,10157.648203357523,6.263886933333334,False,3
2129,285.775,-2632.412536697628,824.36598036401,65.0,10160.41926996762,11.0,False,3
2130,285.94,-2629.0,779.0,66.37499946666667,10163.46528288299,19.937496533333334,False,3
2131,286.015,-2627.274816062383,765.7029990220842,67.0,10164.885936634288,24.0,False,3
2132,286.32,-2614.0,734.0,71.15909352727273,10170.924794130508,35.090916072727275,False,3
2133,286.455,-2599.9277707992537,707.3068310021123,73.0,10173.808158856511,40.0,False,3
2134,286.6,-2579.0,673.0,76.6250048,10177.081584091891,44.35000576,False,3
2135,286.855,-2531.4061227995035,616.0472525414305,83.0,10183.030381078734,52.0,False,3
2136,286.92,-2521.0,605.0,83.0,10184.511347618092,54.4375072,False,3
2137,287.015,-2508.5578040843952,592.4554828588655,83.0,10186.71926996762,58.0,False,3
2138,287.301,-2475.0,565.0,93.7250048,10194.239978937683,67.8312544,False,3
2139,287.335,-2468.6899621961297,560.128000633755,95.0,10195.163714412065,69.0,False,3
2140,287.501,-2432.0,532.0,97.7666688,10199.677611914889,72.22778026666667,False,3
2141,287.695,-2387.457002285144,498.9789826051871,101.0,10205.263714412064,76.0,False,3
2142,287.701,-2386.0,498.0,101.375008,10205.447778361919,76.0750016,False,3
2143,287.935,-2324.331184132248,461.90415483978956,116.0,10212.997047745397,79.0,False,3
2144,287.961,-2317.0,458.0,116.0,10213.840634800043,79.38806124125493,False,3
2145,288.136,-2265.551438316064,431.8715490856627,116.0,10219.473714412066,82.0,False,3
2146,288.261,-2230.0,413.0,118.08333226666667,10223.48136104803,82.52083306666667,False,3
2147,288.376,-2199.7131531223445,395.03587777291006,120.0,10227.473714412063,83.0,False,3
2148,288.441,-2179.0,382.0,126.31943822222222,10229.982343883068,86.06944142222223,False,3
2149,288.701,-2068.0,310.0,151.597216,10241.394846470845,98.3472192,False,3
2150,288.736,-2056.734862163039,302.70758595396455,155.0,10242.973714412063,100.0,False,3
2151,288.961,-2002.0,268.0,163.4374976,10253.209275195128,100.0,False,3
2152,288.976,-1997.2980964334952,265.0655914559434,164.0,10253.907047745397,100.0,False,3
2153,289.201,-1908.0,211.0,171.2321408,10264.665443851609,100.0,False,3
2154,289.256,-1884.9332543627615,198.2441419812273,173.0,10267.362603300953,100.0,False,3
2155,289.496,-1780.8765655059217,148.0845930610691,181.0,10279.429269967619,100.0,False,3
2156,289.541,-1759.0,139.0,182.79999744,10281.760606384505,100.0,False,3
2157,289.561,-1749.0,135.0,183.59999744,10282.80428120094,100.0,False,3
2158,289.696,-1681.0069917512114,113.77962542049913,189.0,10289.929269967623,100.0,False,3
2159,289.861,-1610.0,99.0,190.26923027692308,10298.7276177157,100.0,False,3
2160,290.06,-1550.0,91.0,191.79999803076922,10309.435615236627,100.0,False,3
2161,290.216,-1467.191842542071,88.28524214860998,193.0,10317.807047745398,100.0,False,3
2162,290.24,-1453.0,89.0,193.0,10319.09184688978,100.0,False,3
2163,290.416,-1347.562689385728,105.14121912214253,193.0,10328.529269967617,100.0,False,3
2164,290.44,-1334.0,108.0,193.25714285714287,10329.829150772119,100.0,False,3
2165,290.64,-1226.0,137.0,195.4,10340.754029382268,100.0,False,3
2166,290.696,-1191.2020681858037,149.29386005575626,196.0,10343.773714412066,100.0,False,3
2167,290.98,-982.0,238.0,196.0,10359.072732019064,100.0,False,3
2168,291.015,-955.0002023440142,250.37621222395606,196.0,10361.14149218984,100.0,False,3
2169,291.38,-707.0,370.0,234.98862952727274,10385.68624171985,100.0,False,3
2170,291.455,-682.3852614398083,381.9196639374888,243.0,10390.84149218984,100.0,False,3
2171,291.615,-643.9618279543547,400.23304862789433,244.0,10401.685936634287,100.0,False,3
2172,291.64,-634.0,405.0,244.446432,10403.390644343712,100.0,False,3
2173,291.895,-475.32328822678005,479.53764476474197,249.0,10421.052603300952,100.0,False,3
2174,291.9,-472.0,481.0,249.078124,10421.40241700381,100.0,False,3
2175,292.12,-330.0,537.0,252.515628,10436.900062870402,100.0,False,3
2176,292.215,-266.9946060349769,556.5820922284095,254.0,10443.630381078729,100.0,False,3
2177,292.415,-128.51050321384315,589.0026499104431,256.0,10457.852603300955,100.0,False,3
2178,292.615,17.01467142876021,610.0244490649324,258.0,10472.185936634287,100.0,False,3
2179,292.775,133.7393839980889,621.56389293562,259.0,10483.697047745398,100.0,False,3
2180,292.934,249.0,629.0,259.79500032,10495.17658338122,100.0,False,3
2181,292.975,278.60246873257915,630.2657621440127,260.0,10498.141492189843,100.0,False,3
2182,293.113,379.0,632.0,260.5750005333333,10508.13260017132,100.0,False,3
2183,293.215,456.0246925578836,629.7382047647795,261.0,10515.541492189841,100.0,False,3
2184,293.414,595.0,621.0,262.4214290285714,10530.074003435355,100.0,False,3
2185,293.495,636.385509452407,618.5009628648261,263.0,10535.997047745397,100.0,False,3
2186,293.673,782.0,588.0,263.0,10549.002827906439,100.0,False,3
2187,293.815,1054.190664966501,507.09855060817864,263.0,10559.374825523177,100.0,False,3
2188,293.833,1081.0,499.0,263.0,10560.689737260182,100.0,False,3
2189,293.974,1205.0,459.0,263.0,10570.990655877962,100.0,False,3
2190,294.015,1244.788713328238,442.9746023072151,263.0,10573.985936634286,100.0,False,3
2191,294.173,1423.0,364.0,263.0,10585.528131231793,100.0,False,3
2192,294.295,1512.106456880924,322.7348321903612,263.0,10594.441492189842,100.0,False,3
2193,294.535,1567.652235838337,291.1798638551786,263.0,10611.974825523179,100.0,False,3
2194,294.693,1633.0,253.0,263.0,10623.494700288844,100.0,False,3
2195,294.774,1684.0,224.0,263.0,10629.408558722418,100.0,False,3
2196,294.856,1736.3123551566136,192.89363699620043,263.0,10635.425658856508,100.0,False,3
2197,295.033,1847.0,123.0,265.65499904,10648.502265590425,100.0,False,4
2198,295.056,1861.4048575367947,113.74864983986414,266.0,10650.203436634285,100.0,False,4
2199,295.216,1961.744599538934,49.112874018083474,266.0,10662.02565885651,100.0,False,4
2200,295.234,1973.0,42.0,266.0,10663.353457270656,100.0,False,4
2201,295.394,2073.0,-20.0,266.0,10675.135011301147,100.0,False,4
2202,295.536,2163.331816029503,-76.64313857525445,266.0,10685.670103300956,100.0,False,4
2203,295.614,2213.0,-108.0,267.9499968,10691.520961467424,100.0,False,4
2204,295.736,2290.145744941637,-156.76797282047312,271.0,10700.72565885651,100.0,False,4
2205,295.794,2327.0,-180.0,271.24166613333335,10705.102129898885,100.0,False,4
2206,295.976,2444.042091733918,-253.31899084972656,272.0,10718.858992189842,100.0,False,4
2207,296.054,2493.0,-284.0,272.64999893333334,10724.78685379382,100.0,False,4
2208,296.234,2609.0,-357.0,274.14999893333334,10738.540177691237,100.0,False,4
2209,296.336,2696.4234302255904,-412.05507408343465,275.0,10746.358992189846,100.0,False,4
2210,296.533,2868.0,-520.0,276.0944440888889,10761.498819323806,100.0,False,4
2211,296.696,2934.597733975958,-561.5925149106321,277.0,10774.058992189846,100.0,False,4
2212,296.813,2986.0,-593.0,277.7312496,10783.090884212725,100.0,False,4
2213,296.856,3013.3682797009974,-609.6406938216651,278.0,10786.414547745397,100.0,False,4
2214,297.136,3262.5165884258995,-760.5379259913442,279.0,10808.114547745401,100.0,False,4
2215,297.193,3303.0,-785.0,279.2035712,10812.541920786403,100.0,False,4
2216,297.416,3402.5461528664127,-844.8603651094292,280.0,10829.892325523175,100.0,False,4
2217,297.514,3450.0,-873.0,280.6163521405007,10837.532432161323,100.0,False,4
2218,297.575,3487.0870583675755,-894.9018069181984,281.0,10842.30315885651,100.0,False,4
2219,297.753,3612.0,-968.0,281.63571474285715,10856.30892719638,83.47141668571429,False,4
2220,297.853,3675.0,-1004.0,281.9928576,10864.082492244928,74.1857024,False,4
2221,297.855,3676.242274291301,-1004.7040854265808,282.0,10864.236492189844,74.0,False,4
2222,298.093,3838.0,-1094.0,270.9499940571429,10882.118450749851,11.099966171428573,False,4
2223,298.135,3875.3839135421204,-1113.850778148222,269.0,10885.158714412064,0.0,False,4
2224,298.335,4079.5561399508692,-1219.9945394449044,252.0,10899.158714412064,0.0,True,4
2225,298.413,4132.0,-1247.0,248.343744,10904.472206388156,0.0,True,4
2226,298.654,4191.0,-1277.0,237.046872,10920.164026328464,0.0,True,4
2227,298.655,4191.387977483343,-1277.2005283403057,237.0,10920.22538107873,0.0,True,4
2228,298.833,4291.0,-1329.0,216.9749856,10930.669962434658,0.0,True,4
2229,298.895,4323.6172109738345,-1346.0001592753822,210.0,10934.22538107873,0.0,True,4
2230,299.053,4402.0,-1387.0,203.67999488,10943.205575666714,0.0,True,4
2231,299.095,4426.715910506244,-1399.9897754668475,202.0,10945.447603300956,0.0,True,4
2232,299.373,4601.0,-1492.0,173.4277646222222,10958.314888043136,0.0,True,4
2233,299.455,4631.4322124853215,-1508.1522991216743,165.0,10961.947603300952,0.0,True,4
2234,299.615,4659.03761934511,-1523.1328695562563,159.0,10969.014269967622,0.0,True,4
2235,299.754,4687.0,-1540.0,146.4031192,10974.329931968205,0.0,True,4
2236,299.935,4744.762138688727,-1576.15974539852,130.0,10980.569825523176,0.0,True,4
2237,299.974,4757.0,-1584.0,129.5124992,10981.937710303206,0.0,True,4
2238,300.054,4780.0,-1599.0,128.5124992,10984.77235343491,0.0,True,4
2239,300.255,4825.13941536924,-1630.2704125978964,126.0,10991.769825523173,0.0,True,4
2240,300.453,4873.0,-1671.0,115.27499306666667,10998.033302744265,0.0,True,4
2241,300.495,4886.23893654993,-1683.2821064176858,113.0,10999.303158856506,0.0,True,4
2242,300.634,4932.0,-1729.0,109.84090763636364,11003.38842988616,0.0,True,4
2243,300.935,4985.452858629585,-1811.4768152701943,103.0,11011.892047745398,0.0,True,4
2244,301.013,4993.0,-1826.0,102.67499946666666,11014.116000865128,0.0,True,4
2245,301.175,5003.661401058716,-1845.3325221605749,102.0,11018.692047745397,0.0,True,4
2246,301.374,5009.0,-1883.0,97.04564550720357,11024.013498371907,0.0,True,4
2247,301.416,5009.285937852682,-1898.5969624885859,96.0,11025.118714412063,0.0,False,4
2248,301.576,5008.220343252614,-1968.2796645704218,94.0,11029.296492189842,0.0,False,4
2249,301.594,5008.0,-1974.0,93.80000142222222,11029.758463827744,0.1999985777777778,False,4
2250,301.894,4997.0,-2013.0,90.4666680888889,11037.246157447335,3.5333319111111114,False,4
2251,301.936,4992.51794499044,-2021.4864241129383,90.0,11038.296492189842,4.0,False,4
2252,302.096,4967.592722928969,-2070.0660482021694,91.0,11042.340936634286,32.0,False,4
2253,302.234,4947.0,-2108.0,92.47857005714286,11045.895670462818,39.88570697142857,False,4
2254,302.376,4932.479606135671,-2130.093351840786,94.0,11049.652047745396,48.0,False,4
2255,302.534,4910.0,-2155.0,96.6333312,11053.988661905485,52.937496,False,4
2256,302.794,4837.0,-2233.0,100.96666453333333,11061.437274059906,61.062495999999996,False,4
2257,302.856,4824.080478047109,-2246.500046669911,102.0,11063.252047745398,63.0,False,4
2258,303.016,4804.229956516567,-2266.3605007959027,107.0,11068.007603300954,64.0,False,4
2259,303.173,4782.0,-2288.0,110.270832,11072.823105062118,69.2333312,False,4
2260,303.256,4764.871397356831,-2304.8694038989343,112.0,11075.474269967617,72.0,False,4
2261,303.393,4732.0,-2337.0,117.1374976,11080.051448991246,71.5718752,False,4
2262,303.576,4687.59432582348,-2379.4294098148084,124.0,11086.496492189843,71.0,False,4
2263,303.593,4683.0,-2384.0,124.531248,11087.110067805319,70.8406256,False,4
2264,303.896,4588.9679974714045,-2486.7749051330557,134.0,11098.407603300955,68.0,False,4
2265,303.913,4584.0,-2493.0,134.30465856091197,11099.055145647533,67.69534143908801,False,4
2266,304.175,4518.569885899037,-2588.757608488292,139.0,11109.180103300954,63.0,False,4
2267,304.314,4495.0,-2628.0,140.7375008,11114.656939606972,61.6968744,False,4
2268,304.495,4476.310190389637,-2662.709697033848,143.0,11121.891214412066,60.0,False,4
2269,304.553,4470.0,-2678.0,143.80555733333333,11124.232345407218,61.28889173333334,False,4
2270,304.813,4435.0,-2782.0,147.41666844444444,11134.916145762494,67.06666951111112,False,4
2271,304.855,4430.756946460507,-2797.3792518620767,148.0,11136.691214412065,68.0,False,4
2272,305.033,4419.0,-2872.0,152.4500032,11144.386539587602,72.4500032,False,4
2273,305.213,4414.0,-3012.0,156.9500032,11152.371982894918,76.9500032,False,4
2274,305.255,4413.538133900836,-3037.892413123327,158.0,11154.24676996762,78.0,False,4
2275,305.535,4414.845358466988,-3114.472638887888,163.0,11166.924547745399,88.0,False,4
2276,305.653,4413.0,-3151.0,166.27778133333334,11172.464221636706,86.68888746666667,False,4
2277,305.833,4405.0,-3235.0,171.27778133333334,11181.16444270824,84.68888746666667,False,4
2278,305.895,4400.897401706252,-3264.5467545478796,173.0,11184.224547745398,84.0,False,4
2279,306.014,4391.0,-3321.0,176.718752,11190.187691397368,84.7437504,False,4
2280,306.193,4371.0,-3410.0,182.312504,11199.352429268216,85.8625008,False,4
2281,306.215,4368.2572373439225,-3420.5118553001917,183.0,11200.491214412064,86.0,False,4
2282,306.413,4336.0,-3517.0,187.2428598857143,11210.855266272782,81.0499968,False,4
2283,306.495,4312.835374457662,-3567.718833481193,189.0,11215.191214412065,79.0,False,4
2284,306.693,4246.0,-3694.0,191.20000142222221,11225.741804676822,74.59999715555556,False,4
2285,306.855,4208.633029967826,-3751.722808178275,193.0,11234.491214412064,71.0,False,4
2286,307.034,4168.0,-3797.0,196.19642971428573,11244.307450886059,72.91785782857143,False,4
2287,307.135,4135.295286122385,-3830.8996522080897,198.0,11249.891214412062,74.0,False,4
2288,307.294,4064.0,-3895.0,199.59000064,11258.721262500374,77.18000128,False,4
2289,307.335,4040.185937260112,-3913.234909394978,200.0,11261.002325523172,78.0,False,4
2290,307.574,3886.0,-4017.0,201.32777813333334,11274.33130693149,92.60555946666666,False,4
2291,307.695,3836.8527293514603,-4046.4079298486004,202.0,11281.202325523172,100.0,False,4
2292,307.894,3772.0,-4078.0,207.5794377094952,11292.778628434331,100.0,False,4
2293,308.016,3709.4628763721316,-4107.254259080308,211.0,11300.01649218984,100.0,False,4
2294,308.114,3653.0,-4132.0,214.6749952,11305.89751040543,100.0,False,4
2295,308.176,3617.096615248393,-4146.45756913401,217.0,11309.660936634282,100.0,False,4
2296,308.394,3493.0,-4190.0,221.8444416,11323.202658410923,100.0,False,4
2297,308.536,3411.7903577603224,-4213.652782004559,225.0,11332.160936634282,100.0,False,4
2298,308.554,3398.0,-4217.0,225.29999786666667,11333.299223146667,100.0,False,4
2299,308.754,3199.0,-4258.0,228.6333312,11346.014240221051,100.0,False,4
2300,308.776,3180.09300008423,-4261.460126787048,229.0,11347.427603300948,100.0,False,4
2301,309.016,3054.4669919541498,-4278.018074940822,234.0,11363.02760330095,100.0,False,4
2302,309.216,2974.3768336332987,-4279.73407216493,236.0,11376.13871441206,100.0,False,4
2303,309.234,2965.0,-4280.0,236.31499776,11377.332366007726,100.0,False,4
2304,309.374,2872.0,-4281.0,238.76499776,11386.713985579798,100.0,False,4
2305,309.554,2670.0,-4269.0,241.91499776,11398.935008654342,100.0,False,4
2306,309.616,2615.6391597781635,-4264.383397286386,243.0,11403.13871441206,100.0,False,4
2307,309.993,2454.0,-4232.0,244.71363607272727,11428.725708223232,100.0,False,4
2308,310.056,2417.082625263872,-4222.7187338971,245.0,11433.083158856505,100.0,False,4
2309,310.153,2347.0,-4203.0,249.2437472,11439.859464135858,100.0,False,4
2310,310.216,2291.1094837729884,-4184.166104435761,252.0,11444.283158856506,100.0,False,4
2311,310.393,2121.0,-4119.0,253.76999936,11456.759910865407,100.0,False,4
2312,310.416,2103.0927394306227,-4111.658718165812,254.0,11458.394269967615,100.0,False,4
2313,310.656,1983.312025909648,-4054.781134217259,259.0,11475.660936634282,100.0,False,4
2314,310.834,1903.0,-4008.0,261.96666453333336,11488.649261560495,100.0,False,4
2315,310.896,1867.3150807027807,-3987.0686444517164,263.0,11493.194269967615,100.0,False,4
2316,311.093,1738.0,-3910.0,264.6485363536359,11507.685969273996,100.0,False,4
2317,311.135,1710.9113447812038,-3893.3272296596483,265.0,11510.787325523168,100.0,False,4
2318,311.253,1637.0,-3847.0,266.18000128,11519.524768911175,100.0,False,4
2319,311.335,1587.768307325791,-3815.852288253138,267.0,11525.6206588565,100.0,False,4
2320,311.493,1486.0,-3751.0,268.4812512,11537.427832936151,100.0,False,4
2321,311.655,1351.6346430365127,-3665.191876524044,270.0,11549.6206588565,100.0,False,4
2322,311.714,1309.0,-3638.0,270.7375008,11554.083808800642,100.0,False,4
2323,311.895,1220.5060937845444,-3581.8098696978823,273.0,11567.8206588565,100.0,False,4
2324,311.954,1194.0,-3565.0,273.0,11572.295685574525,100.0,False,4
2325,312.215,1047.0880222960895,-3471.448305746367,273.0,11592.087325523167,100.0,False,4
2326,312.313,964.0,-3418.0,273.3062504,11599.538057607646,100.0,False,4
2327,312.514,747.0,-3278.0,273.9343752,11614.844064756886,100.0,False,4
2328,312.535,725.4220604868171,-3264.189624751652,274.0,11616.442881078725,100.0,False,4
2329,312.775,517.2192901921095,-3133.270192017629,274.0,11634.709547745388,100.0,False,4
2330,312.973,402.0,-3063.0,274.0,11649.781012113599,100.0,False,4
2331,313.015,384.4169419694397,-3052.5207460907754,274.0,11652.976214412054,100.0,False,4
2332,313.253,296.0,-3003.0,274.0,11671.080860612281,100.0,False,4
2333,313.295,270.8788581810795,-2989.461740973419,274.0,11674.287325523168,100.0,False,4
2334,313.414,188.0,-2945.0,273.6281248,11683.401218525756,62.812479999999994,False,4
2335,313.615,55.68461027845407,-2874.8300350596587,273.0,11698.553992189834,0.0,True,4
2336,313.634,42.0,-2868.0,271.83888497777775,11699.93952493216,0.0,True,4
2337,313.974,-229.0,-2747.0,251.0611072,11723.586112460423,0.0,True,4
2338,313.975,-229.66651387649028,-2746.7408499747366,251.0,11723.653992189837,0.0,True,4
2339,314.255,-371.0729501011529,-2704.506578384027,242.0,11742.476214412058,0.0,True,4
2340,314.374,-435.0,-2695.0,240.51867258263428,11750.425473469088,0.0,True,4
2341,314.496,-514.6964771084577,-2686.6790010575983,239.0,11758.47593663428,0.0,True,4
2342,314.573,-566.0,-2683.0,235.92000256,11763.462663745238,0.0,True,4
2343,314.696,-642.3049516655776,-2680.59312473321,231.0,11771.309269967616,0.0,True,4
2344,314.834,-733.0,-2685.0,228.53571657142857,11780.005095110919,0.9857133714285714,True,4
2345,314.976,-846.8720360283867,-2699.6564951084206,226.0,11788.887047745393,2.0,False,4
2346,315.054,-904.0,-2710.0,225.22000128,11793.75994368879,10.96998528,False,4
2347,315.176,-972.2184695836635,-2727.48792633534,224.0,11801.331492189838,25.0,False,4
2348,315.336,-1037.6889825337137,-2753.8500619874903,219.0,11811.064825523172,40.0,False,4
2349,315.374,-1054.0,-2761.0,218.32143085714284,11813.347007058346,42.98570422857143,False,4
2350,315.614,-1183.0,-2826.0,214.03571657142857,11827.59069635568,61.84284708571428,False,4
2351,315.616,-1184.5545632879493,-2826.8975133652125,214.0,11827.709269967614,62.0,False,4
2352,315.794,-1340.0,-2921.0,214.0,11838.277839821669,65.17856914285714,False,4
2353,315.896,-1395.1802055239834,-2954.6214231544295,214.0,11844.35371441206,67.0,False,4
2354,316.134,-1454.0,-2986.0,214.0,11858.561404786185,67.0,False,4
2355,316.216,-1484.7049257381066,-3000.0416637751214,214.0,11863.375936634282,67.0,False,4
2356,316.493,-1617.0,-3054.0,207.0750016,11879.229916521126,9.003138399999997,False,4
2357,316.536,-1635.6419268241157,-3060.114779761404,206.0,11881.687047745392,0.0,False,4
2358,316.696,-1700.3748994210293,-3076.7216856418286,206.0,11890.84260330095,0.0,True,4
2359,316.773,-1736.0,-3083.0,204.28889031111112,11895.182502950433,0.0,True,4
2360,316.953,-1834.0,-3094.0,200.28889031111112,11905.108235874537,0.0,True,4
2361,317.056,-1890.5252914837902,-3095.4144819234766,198.0,11910.642603300948,0.0,True,4
2362,317.333,-2037.0,-3080.0,188.10714514285715,11925.108551728863,0.0,True,4
2363,317.336,-2038.5481405653884,-3079.687673162313,188.0,11925.264825523172,0.0,False,4
2364,317.433,-2088.0,-3068.0,188.0,11930.327985237378,21.824985599999998,False,4
2365,317.576,-2157.225943597571,-3045.7971148596102,188.0,11937.798158856505,54.0,False,4
2366,317.713,-2224.0,-3017.0,187.3115574463268,11944.916597693733,63.638195751425044,False,4
2367,317.775,-2255.8505932957937,-3000.906973819493,187.0,11948.135103300949,68.0,False,4
2368,317.993,-2371.0,-2933.0,187.6812504,11959.475426909285,72.7687528,False,4
2369,318.095,-2421.7236746383983,-2898.9380204740537,188.0,11964.846214412064,75.0,False,4
2370,318.455,-2581.0433310838453,-2769.883436627346,194.0,11984.246214412062,82.0,False,4
2371,318.735,-2693.3680135633354,-2671.338966816737,198.0,11999.646214412063,83.0,False,4
2372,318.895,-2757.7483023322134,-2621.3379676926456,202.0,12008.623992189838,83.0,False,4
2373,318.913,-2765.0,-2616.0,202.09000064,12009.638050156329,80.2999808,False,4
2374,319.095,-2840.129755831142,-2564.980256402999,203.0,12019.901769967619,53.0,False,4
2375,319.193,-2897.0,-2537.0,202.50999936,12025.40833583368,52.01999872,False,4
2376,319.295,-2975.987636947307,-2506.1212061753076,202.0,12031.123992189841,51.0,False,4
2377,319.473,-3116.0,-2460.0,201.2583328,12041.069592690015,50.2583328,False,4
2378,319.535,-3145.3234177050776,-2451.4981195302335,201.0,12044.523992189843,50.0,False,4
2379,319.735,-3192.104314505896,-2445.3745070032587,200.0,12055.635103300952,50.0,False,4
2380,319.793,-3214.0,-2444.0,199.7583328,12058.852492609698,50.0,False,4
2381,319.953,-3302.0,-2439.0,199.09166613333332,12067.695589583709,50.0,False,4
2382,319.975,-3314.53688128925,-2438.869058370029,199.0,12068.901769967619,50.0,False,4
2383,320.135,-3402.064401421227,-2443.6544164518355,196.0,12077.612881078727,50.0,False,4
2384,320.214,-3445.0,-2449.0,196.0,12081.909428009378,54.27917013333333,False,4
2385,320.333,-3510.0,-2460.0,196.0,12088.389224732437,60.72500693333333,False,4
2386,320.375,-3532.1994347265563,-2464.343228346299,196.0,12090.679547745392,63.0,False,4
2387,320.615,-3657.462019229743,-2496.2098520168192,197.0,12103.812881078728,71.0,False,4
2388,320.654,-3681.0,-2504.0,197.39000064,12105.959061143694,71.19500032,False,4
2389,320.815,-3789.3428408034542,-2544.6482818742384,199.0,12114.868436634282,72.0,False,4
2390,320.893,-3836.0,-2564.0,199.9689445339295,12119.22318473053,71.51552773303526,False,4
2391,320.976,-3875.7803260688875,-2581.9175447169964,201.0,12123.857603300949,71.0,False,4
2392,321.136,-3932.1378007630738,-2612.133996178954,199.0,12132.702047745395,16.0,False,4
2393,321.194,-3954.0,-2625.0,198.093752,12135.873924228908,13.1000064,False,4
2394,321.393,-4044.0,-2685.0,194.984376,12146.60546616733,3.1500032000000004,False,4
2395,321.456,-4080.0541385006045,-2714.683406771289,194.0,12149.94649218984,0.0,True,4
2396,321.634,-4184.0,-2810.0,187.77000448,12159.215005956488,0.0,True,4
2397,321.656,-4193.656703646619,-2819.373003729356,187.0,12160.335381078727,0.0,True,4
2398,321.976,-4260.2827611158855,-2900.1382428535517,175.0,12175.890936634281,0.0,True,4
2399,322.054,-4275.0,-2923.0,169.1500096,12179.457253257253,0.0,True,4
2400,322.136,-4293.872242127702,-2952.3193941288423,163.0,12183.135381078726,0.0,True,4
2401,322.294,-4331.0,-3014.0,159.92778026666667,12190.097224414101,0.0,True,4
2402,322.394,-4347.0,-3049.0,157.98333582222222,12194.414068761991,0.0,True,4
2403,322.496,-4366.365522698422,-3100.250733130974,156.0,12198.735381078724,0.0,True,4
2404,322.674,-4401.0,-3206.0,150.437504,12206.077097507437,0.0,True,4
2405,322.816,-4415.6823711957695,-3266.5318073616063,146.0,12211.713158856503,0.0,True,4
2406,323.136,-4419.019410464763,-3352.2516071856767,135.0,12223.713158856506,0.0,True,4
2407,323.153,-4419.0,-3357.0,134.75714377142856,12224.339640762973,0.0,True,4
2408,323.393,-4417.0,-3430.0,131.32857234285714,12233.085484486091,0.0,True,4
2409,323.416,-4416.371941816091,-3437.652647838845,131.0,12233.902047745392,0.0,True,4
2410,323.613,-4407.0,-3506.0,125.3714304,12240.703943057986,0.0,True,4
2411,323.696,-4400.849015104899,-3533.918159657663,123.0,12243.468714412062,0.0,True,4
2412,323.894,-4381.0,-3597.0,118.50000290909091,12249.825384290667,0.0,True,4
2413,324.133,-4348.0,-3666.0,113.06818327272727,12257.18840188202,0.0,True,4
2414,324.136,-4347.53099732721,-3666.8071174811967,113.0,12257.279825523172,0.0,True,4
2415,324.413,-4298.0,-3735.0,109.02867201973129,12265.666419829973,0.0,True,4
2416,324.415,-4297.587342381154,-3735.452116061182,109.0,12265.72732552317,0.0,False,4
2417,324.573,-4263.0,-3769.0,109.948000768,12270.572299718624,9.322007552,False,4
2418,324.774,-4215.0,-3804.0,111.154000384,12276.830352027398,21.181003776,False,4
2419,325.014,-4135.0,-3844.0,112.594000384,12284.448235108604,35.341003776,False,4
2420,325.294,-4069.0,-3864.0,114.274000384,12293.613236647652,51.861003776,False,4
2421,325.415,-4032.230566291931,-3871.9229071138197,115.0,12297.671769967616,59.0,False,4
2422,325.534,-3992.0,-3879.0,117.70454690909091,12301.720876209718,61.70454690909091,False,4
2423,325.693,-3938.0,-3885.0,121.31818472727272,12307.22172585297,65.31818472727272,False,4
2424,325.854,-3883.0,-3889.0,124.97727418181819,12312.9137975933,68.97727418181819,False,4
2425,325.855,-3882.65426552393,-3889.019323087761,125.0,12312.949547745393,69.0,False,4
2426,326.094,-3797.0,-3892.0,130.9750016,12321.657834262762,79.62222506666667,False,4
2427,326.215,-3749.4010505327383,-3892.8342793593692,134.0,12326.34954774539,85.0,False,4
2428,326.434,-3658.0,-3894.0,145.44773061818182,12335.50641595087,92.46591127272727,False,4
2429,326.655,-3564.893113140425,-3895.771498579022,157.0,12345.53843663428,100.0,False,4
2430,326.793,-3510.0,-3897.0,164.59000704,12352.166347839473,100.0,False,4
2431,326.954,-3447.0,-3899.0,173.44500352,12360.229747500205,100.0,False,4
2432,327.055,-3394.815185059711,-3902.2735812805927,179.0,12365.427325523171,100.0,False,4
2433,327.254,-3278.0,-3912.0,187.0843776,12375.964811977174,100.0,False,4
2434,327.375,-3219.0692179683497,-3917.913668749531,192.0,12382.493992189837,100.0,False,4
2435,327.653,-3102.0,-3933.0,198.06230446117615,12397.786907386468,100.0,False,4
2436,327.696,-3082.157100850728,-3935.895667859932,199.0,12400.238158856504,100.0,False,4
2437,327.814,-3022.0,-3945.0,203.8272674909091,12407.116409435483,100.0,False,4
2438,328.094,-2837.0,-3974.0,215.28181294545453,12424.159297680046,100.0,False,4
2439,328.136,-2812.2732494226457,-3978.06238682909,217.0,12426.760381078726,100.0,False,4
2440,328.336,-2711.5214875495267,-3995.562606632724,226.0,12439.31593663428,100.0,False,4
2441,328.414,-2671.0,-4003.0,228.33999616,12444.34074130893,100.0,False,4
2442,328.594,-2558.0,-4025.0,233.73999616,12456.228898207548,100.0,False,4
2443,328.736,-2415.88881502494,-4055.5698745479185,238.0,12465.760381078722,100.0,False,4
2444,328.834,-2326.0,-4076.0,240.17777493333332,12472.390590669165,100.0,False,4
2445,329.096,-2231.3239203477765,-4103.343579945402,246.0,12490.360381078724,100.0,False,4
2446,329.294,-2098.0,-4120.0,249.7124976,12504.235283161881,100.0,False,4
2447,329.453,-1887.0,-4139.0,252.6937488,12515.544787424758,100.0,False,4
2448,329.576,-1804.6877524819183,-4144.905412976551,255.0,12524.360381078724,100.0,False,4
2449,329.773,-1756.0,-4143.0,260.90999808,12538.639785556818,100.0,False,4
2450,329.776,-1754.5637928349388,-4142.978242519054,261.0,12538.860381078724,100.0,False,4
2451,330.053,-1549.0,-4141.0,267.9249984,12559.699008174073,100.0,False,4
2452,330.216,-1423.5331451288541,-4136.062299213966,272.0,12572.104825523169,100.0,False,4
2453,330.273,-1383.0,-4134.0,272.56999936,12576.431985093168,100.0,False,4
2454,330.416,-1290.1120248573918,-4128.672204809514,274.0,12587.327047745392,100.0,False,4
2455,330.533,-1183.0,-4123.0,276.9249984,12596.40057171282,100.0,False,4
2456,330.693,-965.0,-4113.0,280.9249984,12609.04123754659,100.0,False,4
2457,330.816,-832.4720301597877,-4107.749007540021,284.0,12618.882603300946,100.0,False,4
2458,331.133,-630.0,-4103.0,290.4988625780902,12644.65589578262,100.0,False,4
2459,331.255,-557.7142601282331,-4101.7545853350275,293.0,12654.612325523169,100.0,False,4
2460,331.415,-459.7934003036546,-4100.316493425056,294.0,12667.678992189838,100.0,False,4
2461,331.453,-435.0,-4100.0,294.6909114181818,12670.812617248197,100.0,False,4
2462,331.753,-187.0,-4097.0,300.14545687272727,12695.994880451788,100.0,False,4
2463,331.855,-48.6150843638906,-4094.8807200953047,302.0,12704.59010330095,100.0,False,4
2464,331.993,131.0,-4092.0,302.8625008,12716.201083380216,100.0,False,4
2465,332.015,150.79478123138418,-4091.687747357816,303.0,12718.056769967614,100.0,False,4
2466,332.175,221.9474371772205,-4090.636287623627,305.0,12731.612325523172,100.0,False,4
2467,332.313,284.0,-4090.0,306.38000128,12743.367634427028,100.0,False,4
2468,332.375,333.42726765061394,-4089.496424402392,307.0,12748.667881078727,100.0,False,4
2469,332.434,386.0,-4089.0,307.5531256,12753.72290341329,100.0,False,4
2470,332.694,609.0,-4089.0,309.9906256,12776.136762235878,100.0,False,4
2471,332.695,609.8561806228836,-4089.0169423284246,310.0,12776.223436634282,100.0,False,4
2472,332.855,747.6254272309234,-4094.0345957525,313.0,12790.134547745394,100.0,False,4
2473,332.874,764.0,-4095.0,313.10555591111114,12791.79055990808,100.0,False,4
2474,333.073,935.0,-4111.0,314.2111118222222,12809.178625247874,100.0,False,4
2475,333.215,1056.1577036642832,-4131.255624154757,315.0,12821.63454774539,100.0,False,4
2476,333.333,1157.0,-4154.0,315.7375008,12832.015806987947,100.0,False,4
2477,333.474,1276.0,-4187.0,316.6187504,12844.441895142121,100.0,False,4
2478,333.535,1322.786357013124,-4201.203560780338,317.0,12849.812325523173,100.0,False,4
2479,333.695,1435.4238489663394,-4238.782066358223,317.0,12863.90121441206,100.0,False,4
2480,333.814,1564.0,-4284.0,318.4875008,12874.456895460884,100.0,False,4
2481,333.935,1748.9553600629056,-4349.583730716848,320.0,12885.234547745396,100.0,False,4
2482,333.994,1832.0,-4379.0,320.16343499340854,12890.492433963547,100.0,False,4
2483,334.296,2028.5154684534773,-4446.97435714906,321.0,12917.423714412063,100.0,False,4
2484,334.453,2119.0,-4476.0,321.0,12931.423738075093,100.0,False,4
2485,334.496,2153.4432120181996,-4487.025360948366,321.0,12935.257047745396,100.0,False,4
2486,334.594,2238.0,-4514.0,321.0,12943.991026463522,100.0,False,4
2487,334.736,2343.4135951968437,-4546.815367478015,321.0,12956.657047745397,100.0,False,4
2488,334.794,2409.0,-4566.0,321.28999936,12961.841545860705,100.0,False,4
2489,334.936,2641.3611418175424,-4631.832009318832,322.0,12974.545936634284,100.0,False,4
2490,334.954,2667.0,-4639.0,321.95500032,12976.154791460169,100.0,False,4
2491,335.336,2879.928810417879,-4691.464408833834,321.0,13010.212603300955,100.0,False,4
2492,335.354,2892.0,-4694.0,320.93571474285716,13011.814830339412,100.0,False,4
2493,335.514,3031.0,-4723.0,320.36428617142855,13026.04807509348,100.0,False,4
2494,335.616,3119.723394913636,-4739.124446681133,320.0,13035.101492189842,100.0,False,4
2495,335.774,3258.0,-4759.0,319.1222229333333,13049.08321235713,100.0,False,4
2496,335.976,3464.3382053841497,-4779.544586573127,318.0,13066.901492189845,100.0,False,4
2497,336.113,3593.0,-4789.0,317.31500032,13078.964612097025,100.0,False,4
2498,336.176,3642.9499929970048,-4791.844478769804,317.0,13084.512603300955,100.0,False,4
2499,336.433,3839.0,-4794.0,317.0,13107.148920311709,100.0,False,4
2500,336.456,3863.301516661738,-4793.5044296151,317.0,13109.168158856512,100.0,False,4
2501,336.656,4119.4310417936795,-4784.718385272943,315.0,13126.668158856512,100.0,False,4
2502,336.713,4190.0,-4781.0,314.84166684444443,13131.645167589963,100.0,False,4
2503,337.016,4488.14529126732,-4754.914582793411,314.0,13158.068158856513,100.0,False,4
2504,337.093,4543.0,-4749.0,314.0,13164.785464605673,100.0,False,4
2505,337.256,4630.970861179614,-4739.20841409364,314.0,13179.001492189844,100.0,False,4
2506,337.493,4767.0,-4718.0,313.2593752,13199.619310333808,100.0,False,4
2507,337.576,4845.299893086099,-4703.567989112522,313.0,13206.823714412069,100.0,False,4
2508,337.733,5006.0,-4672.0,312.21500032,13220.430462980563,100.0,False,4
2509,337.776,5041.842575947191,-4664.402787185729,312.0,13224.1570477454,100.0,False,4
2510,337.975,5177.59315399775,-4631.5591885561935,312.0,13241.403714412067,100.0,False,4
2511,337.993,5191.0,-4628.0,311.90999936,13242.960890939208,100.0,False,4
2512,338.175,5342.74148239275,-4585.496780646868,311.0,13258.681492189844,100.0,False,4
2513,338.193,5358.0,-4581.0,311.0,13260.236481849934,100.0,False,4
2514,338.453,5572.0,-4514.0,311.0,13282.703361184445,100.0,False,4
2515,338.495,5606.411065285607,-4502.922557992735,311.0,13286.325936634286,100.0,False,4
2516,338.614,5704.0,-4471.0,310.40499968,13296.574792443684,100.0,False,4
2517,338.695,5770.142821025253,-4448.497085253947,310.0,13303.548158856509,100.0,False,4
2518,338.793,5850.0,-4421.0,310.0,13311.989876358213,100.0,False,4
2519,338.855,5900.54665971141,-4403.85290130986,310.0,13317.32593663429,100.0,False,4
2520,338.993,6013.0,-4366.0,309.5687496,13329.175737644873,100.0,False,4
2521,339.175,6160.7855836102035,-4315.411539796415,309.0,13344.792603300957,100.0,False,4
2522,339.293,6257.0,-4283.0,309.3277781333333,13354.946511847247,100.0,False,4
2523,339.393,6339.0,-4256.0,309.60555591111114,13363.567289555587,100.0,False,4
2524,339.535,6455.02303217794,-4216.852539882145,310.0,13375.792603300957,100.0,False,4
2525,339.653,6551.0,-4184.0,309.6312496,13385.929728912033,100.0,False,4
2526,339.855,6714.548582399311,-4128.098508803433,309.0,13403.259269967624,100.0,False,4
2527,339.974,6811.0,-4095.0,309.0,13413.47324163447,100.0,False,4
2528,340.015,6844.313625325735,-4083.5244311460783,309.0,13416.992603300954,100.0,False,4
2529,340.193,6989.0,-4033.0,309.0,13432.271057566242,100.0,False,4
2530,340.335,7103.490017615782,-3991.2737157360266,309.0,13444.459269967621,100.0,False,4
2531,340.393,7150.0,-3974.0,309.0,13449.43766466893,100.0,False,4
2532,340.453,7198.0,-3956.0,309.0,13454.587713340457,100.0,False,4
2533,340.495,7231.649840047405,-3943.1677780835353,309.0,13458.192603300959,100.0,False,4
2534,340.736,7424.583117822648,-3866.456454463292,309.0,13478.878436634292,100.0,False,4
2535,340.753,7438.0,-3861.0,309.0,13480.33811728461,100.0,False,4
2536,340.896,7549.892334197315,-3814.914370648993,309.0,13492.611769967629,100.0,False,4
2537,340.914,7564.0,-3809.0,308.8875008,13494.153922700843,100.0,False,4
2538,341.056,7675.970226044719,-3761.126495042506,308.0,13506.300658856515,100.0,False,4
2539,341.094,7706.0,-3748.0,308.0,13509.550123243189,100.0,False,4
2540,341.334,7893.0,-3664.0,308.0,13530.081124843131,100.0,False,4
2541,341.376,7924.052160334671,-3649.9060081729294,308.0,13533.67843663429,100.0,False,4
2542,341.514,8033.0,-3600.0,308.0,13545.493838810155,100.0,False,4
2543,341.536,8054.162386407213,-3590.1743905007083,308.0,13547.36732552318,100.0,False,4
2544,341.774,8310.0,-3470.0,303.7500022857143,13567.412079169433,15.000045714285712,False,4
2545,341.816,8341.500228744888,-3455.127302300807,303.0,13570.933992189846,0.0,False,4
2546,341.976,8414.00794082714,-3420.6727514620875,301.0,13584.311769967626,0.0,False,4
2547,342.074,8459.0,-3399.0,297.3250048,13592.382652503238,0.0,False,4
2548,342.216,8547.65194938862,-3356.04910019012,292.0,13603.778436634293,0.0,True,4
2549,342.474,8738.0,-3262.0,269.88572525714284,13623.081194469389,0.0,True,4
2550,342.496,8752.339741012842,-3254.6763246552,268.0,13624.622881078736,0.0,True,4
2551,342.614,8825.0,-3217.0,254.88890311111112,13632.587392551719,0.0,True,4
2552,342.793,8930.0,-3162.0,235.0000071111111,13643.734604288602,0.0,True,4
2553,342.856,8962.286396174923,-3144.8028804815654,228.0,13647.422881078735,0.0,True,4
2554,343.053,9068.0,-3086.0,204.0785792,13658.2061307976,0.0,True,4
2555,343.136,9133.894968353536,-3047.733475151878,194.0,13662.511769967627,0.0,True,4
2556,343.253,9222.0,-2996.0,186.20000426666667,13668.405173851872,0.0,True,4
2557,343.376,9260.516921901088,-2973.207559442769,178.0,13674.378436634292,0.0,True,4
2558,343.533,9279.0,-2961.0,170.640628,13681.671119999435,0.0,True,4
2559,343.696,9335.43904693743,-2923.820826296753,163.0,13688.867325523184,0.0,True,4
2560,343.794,9373.0,-2898.0,155.0375104,13693.017010866657,0.0,True,4
2561,343.856,9394.145347773154,-2882.67220220165,150.0,13695.533992189849,0.0,True,4
2562,344.034,9447.0,-2841.0,135.76001023999999,13702.20058289159,0.0,True,4
2563,344.056,9453.317930404313,-2835.741184542799,134.0,13702.978436634294,0.0,True,4
2564,344.193,9491.0,-2803.0,129.48748449749277,13707.62180920747,0.0,True,4
2565,344.433,9542.0,-2752.0,121.58234415785255,13714.923353799542,0.0,True,4
2566,344.653,9582.0,-2704.0,114.33596551318232,13721.21092274952,0.0,True,4
2567,344.815,9613.841583123529,-2657.8736625223605,109.0,13725.959269967629,0.0,True,4
2568,344.934,9634.0,-2625.0,108.14999954285715,13729.511270622279,0.0,True,4
2569,345.095,9651.654863640877,-2589.9140566782835,107.0,13734.281492189853,0.0,False,4
2570,345.214,9661.0,-2564.0,103.281248,13737.66872957756,0.0,False,4
2571,345.255,9664.015242269801,-2554.008710736321,102.0,13738.814825523186,0.0,False,4
2572,345.494,9677.0,-2490.0,98.0166656,13745.321543130482,0.0,False,4
2573,345.495,9677.021406447748,-2489.744850029243,98.0,13745.34815885652,0.0,False,4
2574,345.754,9671.0,-2428.0,93.37499885714286,13752.05725318483,0.0,False,4
2575,345.775,9669.346802608878,-2422.9775590212544,93.0,13752.581492189853,0.0,False,4
2576,345.933,9652.0,-2385.0,89.61428297142857,13756.423253442139,6.771434057142857,False,4
2577,346.055,9635.399093723672,-2357.367178075456,87.0,13759.34815885652,12.0,False,4
2578,346.113,9627.0,-2345.0,87.1812504,13760.746439238235,15.2625072,False,4
2579,346.314,9596.0,-2306.0,87.8093752,13765.648194285019,26.5687536,False,4
2580,346.375,9585.641689942864,-2294.915758506184,88.0,13767.17038107874,30.0,False,4
2581,346.574,9550.0,-2260.0,90.4875008,13772.266311718035,38.45750272,False,4
2582,346.614,9543.0,-2253.0,90.9875008,13773.310402584772,40.15750272,False,4
2583,346.775,9514.435850919082,-2226.7979044891085,93.0,13777.503714412072,47.0,False,4
2584,346.874,9492.0,-2208.0,93.6187504,13780.076337680614,48.2375008,False,4
2585,346.935,9475.107356593442,-2194.2216839562775,94.0,13781.681492189851,49.0,False,4
2586,347.095,9425.693134932295,-2154.7167338205268,98.0,13786.037047745409,50.0,False,4
2587,347.134,9416.0,-2147.0,99.11032134810783,13787.143278100772,52.35943286472914,False,4
2588,347.376,9379.178276170685,-2117.435985061481,106.0,13794.310936634298,67.0,False,4
2589,347.454,9366.0,-2106.0,107.16999808,13796.642692213252,67.38999936,False,4
2590,347.576,9338.830516174292,-2081.643449004503,109.0,13800.366492189856,68.0,False,4
2591,347.634,9325.0,-2069.0,110.4499968,13802.214647684508,59.783351466666666,False,4
2592,347.854,9274.0,-2020.0,115.9499968,13809.673395007827,28.616684799999998,False,4
2593,348.053,9230.0,-1970.0,120.92499839999999,13816.401205184306,0.42500906666666133,False,4
2594,348.056,9229.378962020419,-1969.222517235157,121.0,13816.499825523188,0.0,False,4
2595,348.256,9191.55491840263,-1916.4628146690823,115.0,13822.888714412074,0.0,True,4
2596,348.373,9173.0,-1885.0,112.4406264,13826.461764714299,0.0,True,4
2597,348.534,9152.0,-1841.0,108.91875280000001,13831.243283958545,0.0,True,4
2598,348.576,9147.359270673445,-1829.2230483681547,108.0,13832.488714412077,0.0,True,4
2599,348.734,9133.0,-1785.0,106.6833344,13837.169466708769,0.0,True,4
2600,348.816,9127.504921618474,-1763.7041814391112,106.0,13839.555381078742,0.0,False,4
2601,348.954,9122.0,-1724.0,103.4125024,13843.462440824664,0.0,False,4
2602,349.136,9123.75813624382,-1646.370383126509,100.0,13848.444269967633,0.0,False,4
2603,349.253,9127.0,-1604.0,98.171876,13851.571827416774,1.0968744,False,4
2604,349.456,9132.321401012276,-1573.2795112266074,95.0,13856.888714412078,3.0,False,4
2605,349.573,9138.0,-1557.0,93.83000064,13859.914752305827,7.67999744,False,4
2606,349.656,9144.029477449412,-1539.0520752662455,93.0,13862.055381078746,11.0,False,4
2607,349.813,9159.0,-1498.0,93.0,13866.1110225103,22.7749952,False,4
2608,349.816,9159.313144581132,-1497.2644600039198,93.0,13866.188714412077,23.0,False,4
2609,349.993,9180.0,-1456.0,93.36874986666666,13870.788499356811,23.737499733333333,False,4
2610,350.173,9204.0,-1415.0,93.74374986666666,13875.495320801227,24.487499733333333,False,4
2611,350.296,9209.041599640987,-1407.9091234982743,94.0,13878.72204774541,25.0,False,4
2612,350.373,9214.0,-1402.0,94.2406248,13880.746052674098,27.1656232,False,4
2613,350.553,9243.0,-1365.0,94.8031248,13885.494241164106,32.2281232,False,4
2614,350.616,9253.87884431861,-1352.248908075687,95.0,13887.166492189855,34.0,False,4
2615,350.773,9284.0,-1323.0,96.3083328,13891.363878071312,41.8499968,False,4
2616,350.856,9306.187515660708,-1306.0147671212994,97.0,13893.633158856523,46.0,False,4
2617,351.093,9380.0,-1259.0,101.14749888,13900.384529898267,54.887497599999996,False,4
2618,351.256,9416.687220865368,-1240.7862842894085,104.0,13905.188714412077,61.0,False,4
2619,351.495,9465.21345209428,-1227.1124392598915,109.0,13912.425103300968,67.0,False,4
2620,351.513,9470.0,-1226.0,109.6750048,13912.986564750514,67.7875056,False,4
2621,351.655,9513.568604771453,-1216.6536855634095,115.0,13917.536214412077,74.0,False,4
2622,351.753,9545.0,-1211.0,119.41000576,13920.859183135028,75.96000256,False,4
2623,351.855,9575.834381378629,-1206.7205415131914,124.0,13924.425103300968,78.0,False,4
2624,351.954,9614.0,-1204.0,125.65000106666666,13927.929094167677,81.5750023111111,False,4
2625,352.153,9724.0,-1202.0,128.9666688,13935.124253904494,88.76111573333333,False,4
2626,352.215,9745.911885151967,-1201.8837498148291,130.0,13937.425103300968,91.0,False,4
2627,352.413,9785.0,-1202.0,136.36428982857143,13944.98079208019,91.70714331428572,False,4
2628,352.495,9810.32594342668,-1201.6980570863934,139.0,13948.236214412082,92.0,False,4
2629,352.794,9939.0,-1197.0,149.2781272,13960.689097907602,85.4593736,False,4
2630,352.815,9947.581628839647,-1196.306794262567,150.0,13961.569547745414,85.0,False,4
2631,353.014,10028.0,-1184.0,150.0,13969.863277884295,83.34166613333333,False,4
2632,353.175,10106.042764992413,-1158.5449489380087,150.0,13976.569547745414,82.0,False,4
2633,353.213,10123.0,-1152.0,150.0,13978.158689092976,70.5999616,False,4
2634,353.415,10192.759990280696,-1119.064612572076,150.0,13986.569547745414,10.0,False,4
2635,353.574,10241.0,-1089.0,146.46666524444444,13992.959212870206,5.583331555555556,False,4
2636,353.674,10275.0,-1065.0,144.2444430222222,13996.872420088035,2.805553777777778,False,4
2637,353.775,10313.44798627262,-1031.244700032937,142.0,14000.76954774541,0.0,True,4
2638,353.954,10379.0,-962.0,136.98130961865593,14007.539882436107,0.0,True,4
2639,354.096,10412.283079071945,-919.2108628624242,133.0,14012.62871441208,0.0,True,4
2640,354.114,10416.0,-914.0,131.9714358857143,14013.247740484225,0.0,True,4
2641,354.333,10458.0,-850.0,119.45714651428571,14020.374331049417,0.0,True,4
2642,354.376,10465.52718861616,-837.567842808504,117.0,14021.728714412078,0.0,True,4
2643,354.613,10502.0,-771.0,112.69091025454546,14029.046127861853,0.0,True,4
2644,354.816,10525.12339182473,-717.0056800746066,109.0,14035.0509366343,0.0,True,4
2645,354.834,10527.0,-712.0,108.40000426666667,14035.569167279344,0.0,True,4
2646,354.873,10531.0,-701.0,107.10000213333333,14036.684068388015,0.0,True,4
2647,355.056,10547.107145377564,-651.180623516828,101.0,14041.784269967633,0.0,False,4
2648,355.254,10559.0,-599.0,98.25000177777778,14047.102464646894,0.0,False,4
2649,355.416,10564.494419889934,-556.321771937473,96.0,14051.384269967632,0.0,False,4
2650,355.433,10565.0,-552.0,95.7875008,14051.833563304386,0.0,False,4
2651,355.576,10566.959093363443,-516.0180176672955,94.0,14055.56204774541,0.0,False,4
2652,355.594,10566.0,-511.0,93.2125056,14056.012351964342,0.0,False,4
2653,355.736,10545.658253604453,-465.8053701815162,87.0,14059.428714412075,0.0,False,4
2654,355.833,10528.0,-439.0,86.3937504,14061.719993483272,8.1843696,False,4
2655,356.056,10497.382997632814,-412.6522995392144,85.0,14066.98426996763,27.0,False,4
2656,356.256,10466.479108042533,-402.56642994371526,87.0,14071.817603300962,42.0,False,4
2657,356.273,10463.0,-401.0,87.0,14072.22747710322,42.2124992,False,4
2658,356.473,10417.0,-375.0,87.0,14077.051113741749,44.712499199999996,False,4
2659,356.496,10412.497708019646,-371.3309987174881,87.0,14077.617603300961,45.0,False,4
2660,356.693,10385.0,-334.0,89.73611022222222,14082.610783152479,36.244447288888885,False,4
2661,356.856,10376.012842078917,-292.3840806409924,92.0,14086.817603300962,29.0,False,4
2662,357.296,10402.348547568494,-144.95125967464512,93.0,14098.184269967627,53.0,False,4
2663,357.513,10416.0,-92.0,96.390624,14104.022094435502,58.4249984,False,4
2664,357.616,10420.637645540779,-74.33988500145469,98.0,14106.895381078739,61.0,False,4
2665,357.936,10438.965816697179,-10.145571082364809,106.0,14116.317603300962,71.0,False,4
2666,357.974,10444.0,7.0,106.66666474185371,14117.482143857298,64.23811476119808,False,4
2667,358.173,10477.0,118.0,110.15789561482696,14123.727480894278,28.82705876389795,False,4
2668,358.335,10491.55820602636,161.5337664629942,113.0,14128.841769967628,0.0,False,4
2669,358.474,10502.0,187.0,111.60999936,14133.186553662352,0.0,False,4
2670,358.633,10520.0,232.0,110.01999872,14138.039248061723,0.0,False,4
2671,358.735,10530.865040703336,260.9808119456338,109.0,14140.952881078741,0.0,True,4
2672,358.834,10540.0,288.0,102.39999573333333,14143.619123748631,0.0,True,4
2673,358.975,10550.199166433278,324.9410200205888,93.0,14147.152881078742,0.0,True,4
2674,359.213,10559.0,382.0,86.77954210909091,14152.455324739745,0.0,True,4
2675,359.594,10547.0,456.0,76.82158923636364,14159.486591855122,0.0,True,4
2676,359.793,10525.0,490.0,71.6204512,14163.114482569741,0.0,True,4
2677,359.855,10513.841061302692,501.87005515887944,70.0,14164.263992189852,0.0,False,4
2678,360.033,10478.0,534.0,68.21999872,14167.619467885404,17.800012799999998,False,4
2679,360.055,10474.740270993741,536.6228353360912,68.0,14168.041769967629,20.0,False,4
2680,360.273,10452.0,551.0,70.33571565714286,14172.322584530175,31.678578285714284,False,4
2681,360.335,10443.615917347835,555.8104651041433,71.0,14173.563992189851,35.0,False,4
2682,360.616,10391.511438270474,584.50020522195,74.0,14179.340103300961,53.0,False,4
2683,360.654,10384.0,588.0,74.9499968,14180.154910362762,53.54285531428572,False,4
2684,360.853,10344.0,604.0,79.92499839999999,14184.611663866559,56.38571337142857,False,4
2685,360.896,10334.91182198589,607.3767233784283,81.0,14185.64010330096,57.0,False,4
2686,361.034,10305.0,618.0,85.70454109090909,14189.118606175733,60.76363287272727,False,4
2687,361.194,10268.0,629.0,91.15908654545454,14193.453084659093,65.12726923636363,False,4
2688,361.336,10219.120178028885,639.7421739137673,96.0,14197.373436634294,69.0,False,4
2689,361.433,10187.0,646.0,98.1218736,14200.070878803359,71.1218736,False,4
2690,361.656,10139.996336248407,653.385452363971,103.0,14206.528992189851,76.0,False,4
2691,361.754,10117.0,656.0,109.36999168,14209.621996566675,78.4499968,False,4
2692,361.856,10086.052733547198,659.2589683477403,116.0,14212.973436634296,81.0,False,4
2693,361.914,10067.0,661.0,117.6312464,14214.91950316618,84.4437424,False,4
2694,362.174,9978.0,666.0,124.9437464,14224.012153591713,99.8812424,False,4
2695,362.176,9977.275604243587,666.0262517406915,125.0,14224.084547745406,100.0,False,4
2696,362.354,9910.0,668.0,134.78999296,14230.755089543534,100.0,False,4
2697,362.376,9901.32555810004,668.2603469268249,136.0,14231.64010330096,100.0,False,4
2698,362.536,9836.000531679463,670.4252322088672,153.0,14238.44010330096,100.0,False,4
2699,362.653,9787.0,672.0,153.0,14243.386672652781,100.0,False,4
2700,362.696,9768.894083776808,672.5365065289433,153.0,14245.24010330096,100.0,False,4
2701,362.893,9682.0,675.0,162.8499968,14254.213636821776,100.0,False,4
2702,362.976,9640.34234490673,676.3214509668172,167.0,14258.228992189848,100.0,False,4
2703,363.133,9558.0,679.0,180.7374944,14266.122592656735,100.0,False,4
2704,363.136,9556.485818119512,679.0466279375323,181.0,14266.273436634296,100.0,False,4
2705,363.296,9479.459441661142,681.2522491372839,181.0,14274.31788107874,100.0,False,4
2706,363.433,9414.0,683.0,187.8499968,14281.55274004647,100.0,False,4
2707,363.536,9362.353915342805,684.3813241684758,193.0,14287.184547745408,100.0,False,4
2708,363.634,9306.0,686.0,197.8999936,14292.655891268507,100.0,False,4
2709,363.736,9234.664879570817,688.2475229938173,203.0,14298.462325523185,100.0,False,4
2710,363.934,9091.0,693.0,209.187496,14310.044010013346,100.0,False,4
2711,364.056,9031.268928373054,694.9169119687389,213.0,14317.39565885652,100.0,False,4
2712,364.234,8960.0,697.0,218.78499584,14328.427577677343,100.0,False,4
2713,364.456,8837.792520631374,700.2414336027069,226.0,14342.506769967633,100.0,False,4
2714,364.573,8750.0,703.0,228.1937488,14349.968573899041,100.0,False,4
2715,364.734,8608.0,708.0,231.2124976,14360.362470681914,100.0,False,4
2716,364.776,8576.481620941871,709.0758506762443,232.0,14363.128992189853,100.0,False,4
2717,365.095,8406.809912102852,713.7562949678573,244.0,14384.750103300965,100.0,False,4
2718,365.113,8396.0,714.0,244.27000192,14385.979877886846,100.0,False,4
2719,365.295,8271.561401528505,716.6972584539316,247.0,14398.472325523187,100.0,False,4
2720,365.314,8258.0,717.0,247.52777955555555,14399.794572023755,100.0,False,4
2721,365.554,8089.0,721.0,254.1944462222222,14416.844601285968,100.0,False,4
2722,365.655,8023.354373902076,722.5852935905868,257.0,14424.172325523185,100.0,False,4
2723,365.733,7961.0,724.0,258.9500032,14429.884315944415,100.0,False,4
2724,365.993,7669.0,730.0,265.4500032,14449.143496002773,100.0,False,4
2725,366.015,7651.46640082456,730.3449242351966,266.0,14450.772325523187,100.0,False,4
2726,366.215,7571.973783419048,731.8038153720605,267.0,14465.605658856519,100.0,False,4
2727,366.333,7519.0,733.0,269.9500032,14474.518293016681,100.0,False,4
2728,366.494,7398.0,736.0,273.9750016,14486.840002238463,100.0,False,4
2729,366.495,7397.218116546267,736.0197917075743,274.0,14486.916769967633,100.0,False,4
2730,366.714,7232.0,740.0,277.1285723428571,14503.802725298476,100.0,False,4
2731,366.775,7186.060636662616,740.7948792529705,278.0,14508.538992189853,100.0,False,4
2732,366.873,7112.0,742.0,279.95024944055774,14516.181844731022,100.0,False,4
2733,366.976,7034.434990486933,743.6894176025684,282.0,14524.283992189856,100.0,False,4
2734,367.093,6941.0,746.0,285.50999808,14533.605299015504,100.0,False,4
2735,367.176,6867.160266744423,747.7804526053222,288.0,14540.283992189856,100.0,False,4
2736,367.393,6641.0,753.0,291.6166656,14557.96936471121,100.0,False,4
2737,367.536,6461.144837264264,756.9022618564884,294.0,14569.683992189857,100.0,False,4
2738,367.673,6313.0,760.0,294.5708330666667,14580.888841892309,100.0,False,4
2739,367.776,6246.531326493525,761.3060794131562,295.0,14589.350658856525,100.0,False,4
2740,367.973,6164.0,763.0,298.078124,14605.716216601966,100.0,False,4
2741,368.096,6077.907465104289,765.2043036828509,300.0,14616.017325523193,100.0,False,4
2742,368.194,5980.0,768.0,301.8374976,14624.255710963738,100.0,False,4
2743,368.256,5901.554986269841,770.3776494500328,303.0,14629.483992189857,100.0,False,4
2744,368.434,5660.0,778.0,304.77999872,14644.561563988049,100.0,False,4
2745,368.456,5637.967039178978,778.7069254545889,305.0,14646.428436634305,100.0,False,4
2746,368.696,5515.588165532443,782.8345141656796,306.0,14666.828436634307,100.0,False,4
2747,368.814,5456.0,785.0,306.8428562285714,14676.901888190972,100.0,False,4
2748,368.976,5328.199941444948,789.6205951076395,308.0,14690.78399218986,100.0,False,4
2749,369.073,5233.0,793.0,308.96999936,14699.124892147574,100.0,False,4
2750,369.176,5120.45572346817,796.9206077799314,310.0,14708.006214412082,100.0,False,4
2751,369.313,4974.0,802.0,310.76111075555553,14719.859778159574,100.0,False,4
2752,369.536,4808.626453683382,807.9275217741791,312.0,14739.206214412083,100.0,False,4
2753,369.693,4697.0,812.0,312.0,14752.815563687102,100.0,False,4
2754,369.853,4559.0,817.0,312.0,14766.67958494263,100.0,False,4
2755,369.856,4556.36975453849,817.0955085049702,312.0,14766.939547745416,100.0,False,4
2756,370.013,4420.0,822.0,312.0,14780.54432633413,100.0,False,4
2757,370.293,4177.0,830.0,312.0,14804.81278570414,100.0,False,4
2758,370.296,4174.356426986976,830.0901654443227,312.0,14805.072881078748,100.0,False,4
2759,370.496,3996.3066271629928,836.470937775309,312.0,14822.40621441208,100.0,False,4
2760,370.613,3900.0,840.0,311.73409105454544,14832.519710322023,100.0,False,4
2761,370.773,3762.0,845.0,311.37045469090907,14846.311824518147,100.0,False,4
2762,370.953,3486.0,855.0,310.9613637818182,14861.77547912399,100.0,False,4
2763,371.294,3313.0,861.0,310.18636392727274,14891.108227719313,100.0,False,4
2764,371.376,3250.8062613171296,862.9329293937639,310.0,14898.183992189857,100.0,False,4
2765,371.513,3124.0,867.0,310.6884425536732,14910.022553141229,100.0,False,4
2766,371.575,3071.8008506113138,868.8239725848098,311.0,14915.375381078746,100.0,False,4
2767,371.814,2849.0,877.0,310.0041664,14935.955971540341,100.0,False,4
2768,371.815,2847.670617188407,877.0458364072066,310.0,14936.042047745414,100.0,False,4
2769,371.953,2642.0,884.0,310.0,14947.924335167201,100.0,False,4
2770,372.015,2559.016854882039,886.8528114207289,310.0,14953.264269967636,100.0,False,4
2771,372.175,2391.869838160834,892.8664000107402,310.0,14967.042047745417,100.0,False,4
2772,372.394,2230.0,899.0,309.21785691428573,14985.84174289167,100.0,False,4
2773,372.455,2192.4342510448355,900.4301950531758,309.0,14991.075381078746,100.0,False,4
2774,372.655,2089.2919458814918,904.306436430437,309.0,15008.24204774541,100.0,False,4
2775,372.813,1989.0,907.0,309.0,15021.803726883925,100.0,False,4
2776,372.815,1987.5140900607043,907.033399826114,309.0,15021.975381078748,100.0,False,4
2777,373.015,1816.7014416009438,910.3399883712498,309.0,15039.142047745412,100.0,False,4
2778,373.053,1783.0,911.0,309.0,15042.403729517642,100.0,False,4
2779,373.215,1642.5405329387575,913.9658079899573,309.0,15056.308714412076,100.0,False,4
2780,373.274,1594.0,915.0,309.0,15061.372879384191,100.0,False,4
2781,373.375,1514.8426170725893,916.6380285434032,309.0,15070.042047745414,100.0,False,4
2782,373.454,1439.0,918.0,309.0,15076.8229426422,100.0,False,4
2783,373.616,1223.4422242317,921.3097012927982,309.0,15090.727881078747,100.0,False,4
2784,373.653,1182.0,922.0,309.0,15093.903560859799,100.0,False,4
2785,373.816,1077.1676580781639,924.3799777427377,309.0,15107.89454774541,100.0,False,4
2786,373.953,1011.0,926.0,309.0,15119.658193070882,100.0,False,4
2787,374.056,935.0823311764143,927.223744809178,309.0,15128.494547745413,100.0,False,4
2788,374.173,822.0,929.0,308.6750001777778,15138.514925614178,100.0,False,4
2789,374.416,519.8243219123522,934.8743560687194,308.0,15159.294547745416,100.0,False,4
2790,374.473,462.0,936.0,308.0,15164.170392388802,100.0,False,4
2791,374.656,344.95948152027074,938.0560366803817,308.0,15179.827881078749,100.0,False,4
2792,374.816,266.7289668214259,939.4419982418132,308.0,15193.516769967635,100.0,False,4
2793,374.854,240.0,940.0,308.0,15196.768565034075,100.0,False,4
2794,375.014,103.0,943.0,308.0,15210.46342741247,100.0,False,4
2795,375.136,7.268073806569815,944.8768003857302,308.0,15220.894547745418,100.0,False,4
2796,375.334,-170.0,948.0,307.50500032,15237.78890869077,100.0,False,4
2797,375.536,-453.4532646396803,953.4487134926916,307.0,15255.005658856528,100.0,False,4
2798,375.554,-478.0,954.0,307.0,15256.540157092415,100.0,False,4
2799,375.776,-736.6084019224037,961.3964003367904,307.0,15275.472325523195,100.0,False,4
2800,375.953,-888.0,968.0,307.0,15290.579209910833,36.78573714285714,False,4
2801,376.056,-954.9783814163579,972.102440865581,307.0,15299.35010330097,0.0,False,4
2802,376.216,-1031.8672486919597,978.8538910311383,305.0,15312.905658856529,0.0,False,4
2803,376.353,-1098.0,985.0,301.1944462222222,15324.380009360335,0.0,False,4
2804,376.576,-1222.882706402042,996.2132899653415,295.0,15342.405658856529,0.0,False,4
2805,376.633,-1261.0,1000.0,289.0964352,15346.781519172251,0.0,False,4
2806,376.853,-1429.0,1018.0,266.3107209142857,15362.881400739967,0.0,False,4
2807,376.856,-1431.2652402013707,1018.2369606761667,266.0,15363.094547745415,0.0,True,4
2808,377.096,-1599.279765137279,1034.9400288735792,245.0,15379.427881078751,0.0,True,4
2809,377.113,-1610.0,1036.0,242.875008,15380.497875397446,0.0,True,4
2810,377.294,-1721.0,1047.0,220.250016,15391.25552120146,0.0,True,4
2811,377.336,-1750.7075412044758,1049.8264487693702,215.0,15393.761214412083,0.0,True,4
2812,377.496,-1880.5491391645314,1061.7394805940291,215.0,15403.316769967638,0.0,True,4
2813,377.613,-1960.0,1069.0,197.7750094222222,15409.306400678823,0.0,True,4
2814,377.856,-2041.2412055244815,1076.7428707449453,162.0,15419.516769967639,0.0,True,4
2815,378.054,-2105.0,1079.0,147.7687592,15427.303381311074,0.0,True,4
2816,378.176,-2171.497153893839,1079.8027242833425,139.0,15431.872325523193,0.0,True,4
2817,378.233,-2197.0,1080.0,136.4984339050135,15433.940257807135,0.0,True,4
2818,378.493,-2244.0,1078.0,125.08776872994231,15442.882490791151,0.0,True,4
2819,378.495,-2244.5582478980728,1077.9433581509456,125.0,15442.948714412083,0.0,True,4
2820,378.735,-2356.180880988768,1066.3127098732964,115.0,15450.615381078751,0.0,True,4
2821,378.833,-2394.0,1062.0,111.3249952,15453.56650825961,0.0,True,4
2822,379.055,-2425.9549605776656,1056.3661541390734,103.0,15459.770936634308,0.0,True,4
2823,379.133,-2438.0,1053.0,98.54284982857143,15461.748304338678,0.0,True,4
2824,379.313,-2483.0,1040.0,88.25713554285714,15466.020547519303,0.0,True,4
2825,379.335,-2488.332440076732,1038.1248776383445,87.0,15466.537603300974,0.0,True,4
2826,379.514,-2526.0,1021.0,84.44285622857143,15470.727843053879,0.0,True,4
2827,379.615,-2544.5345020505683,1009.548130148656,83.0,15472.99315885653,0.0,True,4
2828,379.895,-2587.041110077977,970.801270970182,74.0,15478.748714412086,0.0,True,4
2829,380.136,-2613.2780760986407,932.0716626303748,69.0,15483.367881078753,0.0,True,4
2830,380.374,-2630.0,895.0,64.6727296,15487.482373107745,0.0,True,4
2831,380.576,-2637.026071323361,864.5489996304475,61.0,15490.82343663431,0.0,False,4
2832,380.753,-2636.0,828.0,60.11500032,15493.775225538357,11.50499584,False,4
2833,380.776,-2635.266343804998,821.9279070590458,60.0,15494.156769967642,13.0,False,4
2834,380.934,-2628.0,778.0,60.0,15496.789031535805,16.9499968,False,4
2835,380.936,-2627.9144805627025,777.5443388359081,60.0,15496.82343663431,17.0,False,4
2836,381.176,-2620.4248322555645,747.5879448142924,65.0,15501.156769967642,25.0,False,4
2837,381.334,-2612.0,731.0,65.9874992,15504.052931228653,31.9124944,False,4
2838,381.336,-2611.8513063003834,730.7176944092146,66.0,15504.090103300976,32.0,False,4
2839,381.496,-2597.131560440423,703.3461533213263,68.0,15507.112325523198,43.0,False,4
2840,381.553,-2592.0,694.0,68.56999936,15508.201723746482,45.56499712,False,4
2841,381.696,-2581.385459244075,675.1755787547684,70.0,15511.001214412088,52.0,False,4
2842,381.834,-2560.0,648.0,74.82999552,15513.900099007842,52.0,False,4
2843,381.896,-2542.4457766758405,628.1953929448013,77.0,15515.278992189866,52.0,False,4
2844,381.954,-2526.0,610.0,78.77221831111112,15516.615527120175,53.288886044444446,False,4
2845,382.256,-2496.063576379636,579.4576559023486,88.0,15524.078992189865,60.0,False,4
2846,382.393,-2468.0,559.0,90.28333226666666,15527.501651340415,69.13332906666666,False,4
2847,382.496,-2429.387203346321,530.1216709540985,92.0,15530.2123255232,76.0,False,4
2848,382.573,-2401.0,509.0,96.12499657142857,15532.378125084924,76.82499931428572,False,4
2849,382.776,-2361.293651769878,481.11000755622234,107.0,15538.534547745425,79.0,False,4
2850,383.013,-2328.0,464.0,113.77142674285714,15546.097035045193,79.84642834285714,False,4
2851,383.056,-2316.6725777433358,457.9804103067185,115.0,15547.47899218987,80.0,False,4
2852,383.133,-2294.0,446.0,115.0,15549.950144027389,80.9624992,False,4
2853,383.216,-2269.833036764245,433.6669361838411,115.0,15552.590103300983,82.0,False,4
2854,383.333,-2236.0,416.0,115.0,15556.266403015132,82.0,False,4
2855,383.376,-2223.439840494104,408.86143383219695,115.0,15557.701214412093,82.0,False,4
2856,383.573,-2164.0,372.0,131.6218696,15565.208176259519,86.3093736,False,4
2857,383.696,-2123.666703359668,346.1666495968387,142.0,15570.323436634317,89.0,False,4
2858,383.733,-2111.0,338.0,143.66499712,15571.888839112937,90.01749824,False,4
2859,383.933,-2040.0,292.0,152.66499712,15580.570879351311,95.51749824,False,4
2860,384.096,-1985.7289648980036,256.9687832849251,160.0,15588.101214412094,100.0,False,4
2861,384.233,-1925.0,221.0,170.2749952,15594.81857981956,100.0,False,4
2862,384.336,-1860.6624730681701,185.4303671090742,178.0,15599.967881078763,100.0,False,4
2863,384.433,-1795.0,153.0,179.45499904,15604.811648636394,100.0,False,4
2864,384.536,-1729.4997530664396,127.47529053572804,181.0,15610.023436634317,100.0,False,4
2865,384.736,-1619.7983113884795,101.6740809976169,189.0,15620.523436634317,100.0,False,4
2866,384.853,-1581.0,94.0,190.25357074285714,15626.766030969462,100.0,False,4
2867,385.016,-1562.6945162798575,90.07935221021931,192.0,15635.456769967652,100.0,False,4
2868,385.154,-1537.0,90.0,192.0,15642.700477871782,100.0,False,4
2869,385.295,-1466.7018720278948,90.7148562992837,192.0,15650.336769967653,100.0,False,4
2870,385.393,-1407.0,95.0,200.5750112,15655.99413574176,100.0,False,4
2871,385.535,-1321.5191787399604,110.34146321482822,213.0,15664.536769967654,100.0,False,4
2872,385.694,-1229.0,136.0,218.9625024,15674.281399017102,100.0,False,4
2873,385.775,-1183.953604062693,150.56031677480436,222.0,15679.33676996765,100.0,False,4
2874,385.853,-1135.0,169.0,223.9500032,15684.271537657405,100.0,False,4
2875,386.113,-918.0,268.0,230.4500032,15701.087796336633,100.0,False,4
2876,386.175,-877.5489936684962,287.6126480582783,232.0,15705.11454774543,100.0,False,4
2877,386.314,-801.0,325.0,233.7375008,15714.14055415717,100.0,False,4
2878,386.393,-754.0,347.0,234.7250016,15719.324183334636,100.0,False,4
2879,386.415,-740.8257897365337,353.21101990948563,235.0,15720.781214412098,100.0,False,4
2880,386.575,-645.5090162063648,399.17029755170705,242.0,15731.53676996765,100.0,False,4
2881,386.654,-598.0,422.0,243.2539687238957,15736.917822784486,100.0,False,4
2882,386.814,-500.0,468.0,245.7936501578666,15747.940521781275,100.0,False,4
2883,387.013,-374.0,522.0,248.95237995724048,15761.828629234646,100.0,False,4
2884,387.016,-372.05889562288155,522.7199723797552,249.0,15762.039269967652,100.0,False,4
2885,387.256,-212.72630622130131,569.467897779401,254.0,15778.972603300983,100.0,False,4
2886,387.354,-146.0,585.0,254.0,15785.882245943427,100.0,False,4
2887,387.394,-118.0,591.0,254.0,15788.705988956703,100.0,False,4
2888,387.416,-100.96889558084695,594.1817110905511,254.0,15790.261492189875,100.0,False,4
2889,387.714,194.0,627.0,256.0318173090909,15811.493869675207,100.0,False,4
2890,387.856,275.11362777327633,633.7538802572741,257.0,15821.672603300987,100.0,False,4
2891,388.093,382.0,632.0,258.97499946666665,15838.72246313671,100.0,False,4
2892,388.096,384.1713199366848,631.8791328403441,259.0,15838.939269967654,100.0,False,4
2893,388.256,531.9020918138219,621.9040782813303,261.0,15850.539269967652,100.0,False,4
2894,388.394,654.0,612.0,261.57499946666667,15860.57928614341,100.0,False,4
2895,388.496,712.9596254458636,606.0592872478,262.0,15868.00593663432,100.0,False,4
2896,388.656,774.8247960124547,593.6518215507988,262.0,15879.650381078765,100.0,False,4
2897,388.754,854.0,570.0,262.0,15886.7824908373,100.0,False,4
2898,388.856,979.9801486307447,529.9936289712199,262.0,15894.20593663432,100.0,False,4
2899,389.013,1182.0,464.0,262.0,15905.632093959426,100.0,False,4
2900,389.096,1239.6919137354012,444.6501742164505,262.0,15911.672603300987,100.0,False,4
2901,389.313,1304.0,418.0,262.0,15927.464977306165,100.0,False,4
2902,389.456,1387.3516544632798,379.9151562560745,262.0,15937.872603300988,100.0,False,4
2903,389.616,1502.605027434934,324.77020619008675,262.0,15949.51704774543,100.0,False,4
2904,389.633,1514.0,319.0,262.0,15950.753732278841,100.0,False,4
2905,389.776,1604.0681277710619,270.70440645663217,262.0,15961.161492189876,100.0,False,4
2906,389.853,1657.0,240.0,262.4277774222222,15966.785767666595,100.0,False,4
2907,390.074,1826.0,136.0,263.65555484444445,15983.003890633354,100.0,False,4
2908,390.136,1857.39104250174,116.16008088108248,264.0,15987.561492189878,100.0,False,4
2909,390.373,1938.0,64.0,264.9874997333333,16005.006902191115,100.0,False,5
2910,390.376,1939.5327774259697,63.025787692199806,265.0,16005.228158856542,100.0,False,5
2911,390.533,2038.0,1.0,265.78499968,16016.824403182742,100.0,False,5
2912,390.576,2065.674460759796,-16.29602446934186,266.0,16020.005936634323,100.0,False,5
2913,390.776,2189.841614917833,-93.49684660769046,267.0,16034.839269967655,100.0,False,5
2914,390.813,2213.0,-108.0,267.26428525714283,16037.59293886519,100.0,False,5
2915,391.013,2340.0,-188.0,268.6928566857143,16052.535659040197,100.0,False,5
2916,391.056,2367.0662064640524,-204.89892698570262,269.0,16055.761492189875,100.0,False,5
2917,391.174,2441.0,-251.0,269.7374992,16064.637896598975,100.0,False,5
2918,391.333,2542.0,-315.0,270.7312496,16076.652995445464,100.0,False,5
2919,391.536,2672.4169834388213,-396.34130261677274,272.0,16092.028158856541,100.0,False,5
2920,391.553,2683.0,-403.0,272.08499968,16093.316482981008,100.0,False,5
2921,391.736,2796.012283843624,-474.97713206303666,273.0,16107.194825523206,100.0,False,5
2922,391.774,2823.0,-492.0,273.10584928223693,16110.0800744294,100.0,False,5
2923,392.095,3084.6190905801755,-653.6512525971103,274.0,16134.518714412097,100.0,False,5
2924,392.113,3095.0,-660.0,274.10000071111114,16135.894026138321,100.0,False,5
2925,392.373,3213.0,-731.0,275.54444515555554,16155.819018066675,100.0,False,5
2926,392.455,3289.667734147879,-776.7134229527493,276.0,16162.118714412092,100.0,False,5
2927,392.614,3463.0,-880.0,276.66250026666665,16174.349745824555,100.0,False,5
2928,392.695,3522.811028189218,-915.609689095133,277.0,16180.58538107876,100.0,False,5
2929,393.054,3649.0,-989.0,276.30961526153845,16208.213782025196,30.96152615384615,False,5
2930,393.215,3746.5254394081576,-1043.9362883992585,276.0,16220.452047745424,0.0,False,5
2931,393.273,3783.0,-1064.0,273.7506887530963,16224.823700863297,0.0,False,5
2932,393.553,3970.0,-1162.0,262.8919687665983,16245.181566471296,0.0,False,5
2933,393.576,3992.7855513387162,-1173.8944487187853,262.0,16246.724825523204,0.0,True,5
2934,393.734,4165.0,-1264.0,242.250016,16256.70118226903,0.0,True,5
2935,393.936,4279.094602825935,-1323.3505618710353,217.0,16268.424825523201,0.0,True,5
2936,394.154,4335.0,-1352.0,202.98572251428573,16280.602429170616,0.0,True,5
2937,394.216,4356.393889179636,-1363.0482638049664,199.0,16283.90260330098,0.0,True,5
2938,394.434,4445.0,-1409.0,180.833344,16294.797058939657,0.0,True,5
2939,394.456,4454.1802802998545,-1413.7727830698489,179.0,16295.835936634314,0.0,True,5
2940,394.633,4529.0,-1453.0,167.20000426666667,16303.79262400819,0.0,True,5
2941,394.816,4610.728734144458,-1497.4938684314593,155.0,16311.33593663431,0.0,True,5
2942,394.974,4671.0,-1531.0,140.78001152,16317.374258895332,0.0,True,5
2943,395.016,4683.478057959447,-1537.9900715110123,137.0,16318.947047745423,0.0,True,5
2944,395.256,4735.97265637429,-1569.3001367110085,131.0,16327.680381078753,0.0,True,5
2945,395.334,4760.0,-1586.0,125.47500906666667,16330.256194041678,0.0,True,5
2946,395.496,4827.8072879864485,-1635.6833598491612,114.0,16335.280381078752,0.0,True,5
2947,395.573,4856.0,-1657.0,112.5562512,16337.640912195187,0.0,True,5
2948,395.816,4897.092920556777,-1691.5697645269047,108.0,16344.88038107875,0.0,True,5
2949,395.953,4915.0,-1711.0,105.08240877037036,16348.656988380324,0.0,True,5
2950,396.053,4933.0,-1731.0,102.95277914074074,16351.26547292724,0.0,True,5
2951,396.233,4961.0,-1768.0,99.1194458074074,16355.645661226019,0.0,True,5
2952,396.553,5005.0,-1866.0,92.30463099259259,16362.711237605432,0.0,True,5
2953,396.893,5012.0,-1917.0,85.06389025185184,16370.312350613134,0.0,True,5
2954,396.896,5011.907761938156,-1917.8736653963367,85.0,16370.38038107875,0.0,True,5
2955,397.114,5001.0,-1999.0,82.2750016,16375.348719739566,0.0,True,5
2956,397.136,4999.878881975959,-2005.330970174558,82.0,16375.847047745418,0.0,True,5
2957,397.296,4992.6341092337525,-2032.3557992874573,81.0,16379.447047745416,0.0,False,5
2958,397.496,4980.501600909353,-2050.4290481279527,81.0,16383.947047745416,7.0,False,5
2959,397.513,4979.0,-2053.0,81.0,16384.327465716866,8.821421714285714,False,5
2960,397.694,4959.0,-2088.0,81.0,16388.36443471815,28.214272,False,5
2961,397.776,4948.467652717654,-2104.2425020689734,81.0,16390.247047745415,37.0,False,5
2962,397.974,4921.0,-2141.0,84.84999751111111,16395.015610644852,46.349993955555554,False,5
2963,398.136,4898.120253411757,-2168.013765828402,88.0,16399.047047745415,54.0,False,5
2964,398.254,4876.0,-2192.0,90.2124976,16402.01307278446,62.1124912,False,5
2965,398.296,4866.183540949759,-2202.367569034794,91.0,16403.09149218986,65.0,False,5
2966,398.453,4826.0,-2244.0,95.906248,16407.2756440307,62.0562512,False,5
2967,398.456,4825.326819255329,-2244.6891883087474,96.0,16407.358158856525,62.0,False,5
2968,398.695,4786.54406826541,-2283.3137850720095,103.0,16414.19621441208,70.0,False,5
2969,398.854,4760.0,-2309.0,106.18000128,16418.89700292892,73.18000128,False,5
2970,398.895,4751.447731170744,-2317.3109101312125,107.0,16420.140658856526,74.0,False,5
2971,399.014,4724.0,-2344.0,111.16500224,16423.843935684483,74.0,False,5
2972,399.095,4705.11798041252,-2362.299000636563,114.0,16426.47399218986,74.0,False,5
2973,399.193,4682.0,-2385.0,118.20000548571429,16429.79851461973,69.0999936,False,5
2974,399.375,4637.947678998387,-2430.385888704261,126.0,16436.27399218986,60.0,False,5
2975,399.414,4629.0,-2440.0,126.62045556363637,16437.684294397266,59.91136349090909,False,5
2976,399.594,4588.0,-2488.0,129.48409192727271,16444.287252611957,59.50227258181818,False,5
2977,399.815,4518.7407499594165,-2586.9853469824493,133.0,16452.529547745416,59.0,False,5
2978,399.854,4509.0,-2602.0,133.26530644231556,16453.99235789625,57.49659682687848,False,5
2979,400.194,4472.0,-2675.0,135.5782306053962,16466.836974798607,44.390026569421536,False,5
2980,400.256,4467.217006855628,-2687.3744422815366,136.0,16469.189547745416,42.0,False,5
2981,400.454,4450.0,-2734.0,136.82499946666667,16476.71979021712,44.4749984,False,5
2982,400.496,4445.849112946084,-2745.6594265188087,137.0,16478.32288107875,45.0,False,5
2983,400.674,4428.0,-2814.0,137.88999936,16485.143695984025,46.77999872,False,5
2984,400.696,4426.123787115735,-2826.982190149696,138.0,16485.98954774542,47.0,False,5
2985,400.873,4415.0,-2945.0,139.76999936,16492.852621650596,60.2749952,False,5
2986,400.896,4414.243007824736,-2955.1662291595694,140.0,16493.767325523197,62.0,False,5
2987,401.153,4414.0,-3002.0,147.59317992727273,16504.464992951405,73.68181527272728,False,5
2988,401.336,4414.434862736425,-3075.7071537967636,153.0,16512.467325523197,82.0,False,5
2989,401.394,4414.0,-3102.0,154.59499648,16515.0504200836,81.2750016,False,5
2990,401.554,4411.0,-3171.0,158.99499648,16522.29269219388,79.2750016,False,5
2991,401.736,4404.842604214032,-3244.3847549938787,164.0,16530.68954774542,77.0,False,5
2992,401.834,4396.0,-3295.0,166.4499968,16535.26809603604,77.97999872,False,5
2993,401.936,4380.550589421723,-3362.4458693988004,169.0,16540.078436634307,79.0,False,5
2994,402.113,4350.0,-3477.0,171.94999893333335,16548.545964364097,77.52500053333333,False,5
2995,402.176,4343.044610779138,-3500.000125347892,173.0,16551.61176996764,77.0,False,5
2996,402.373,4326.0,-3541.0,177.2214272,16561.388998228893,73.482144,False,5
2997,402.456,4313.213753082158,-3570.6488295291047,179.0,16565.533992189863,72.0,False,5
2998,402.613,4275.0,-3647.0,179.78499968,16573.368877078676,70.43000064,False,5
2999,402.656,4260.23286995543,-3670.5781005304148,180.0,16575.533992189863,70.0,False,5
3000,402.913,4155.0,-3810.0,184.8187488,16588.749970371442,83.6531216,False,5
3001,402.976,4136.1502356477595,-3831.5148064822642,186.0,16592.067325523196,87.0,False,5
3002,403.213,4078.0,-3882.0,191.9249984,16604.830565508015,90.55499904,False,5
3003,403.376,4011.985536678003,-3932.1753713210105,196.0,16613.845103300973,93.0,False,5
3004,403.553,3926.0,-3992.0,199.98249856,16623.83560305509,96.09749888,False,5
3005,403.613,3897.0,-4010.0,201.33249856,16627.26650259317,97.14749888,False,5
3006,403.776,3814.5561278194273,-4056.033893839014,205.0,16636.622881078754,100.0,False,5
3007,403.853,3776.0,-4076.0,206.28333226666666,16641.059141421985,100.0,False,5
3008,404.016,3698.460619244005,-4113.903835296306,209.0,16650.55621441209,100.0,False,5
3009,404.176,3606.045176257424,-4151.325412781423,216.0,16660.156214412087,100.0,False,5
3010,404.194,3593.0,-4156.0,216.37499733333334,16661.249049385195,100.0,False,5
3011,404.353,3466.0,-4198.0,219.68749866666667,16670.995130171606,100.0,False,5
3012,404.416,3425.0728520304933,-4210.52130040375,221.0,16674.88954774542,100.0,False,5
3013,404.656,3321.7510910281712,-4235.986786881173,225.0,16689.88954774542,100.0,False,5
3014,404.713,3296.0,-4241.0,226.2468736,16693.510210280005,100.0,False,5
3015,404.913,3189.0,-4259.0,230.6218736,16706.401425100208,100.0,False,5
3016,404.976,3150.0448070147622,-4264.319359336982,232.0,16710.51176996764,100.0,False,5
3017,405.094,3073.0,-4273.0,234.9499968,16718.268995722665,100.0,False,5
3018,405.176,3019.41635883789,-4277.300378219004,237.0,16723.678436634305,100.0,False,5
3019,405.253,2969.0,-4280.0,237.38693472508274,16728.757346326318,100.0,False,5
3020,405.375,2888.5590681540293,-4281.59497930354,238.0,16736.834547745417,100.0,False,5
3021,405.575,2754.8569630648426,-4276.930885784679,242.0,16750.278992189862,100.0,False,5
3022,405.594,2742.0,-4276.0,242.4750016,16751.57074400361,100.0,False,5
3023,405.773,2620.0,-4263.0,246.9500032,16763.862736729407,100.0,False,5
3024,405.775,2618.639372103643,-4262.8100871210845,247.0,16764.001214412085,100.0,False,5
3025,405.993,2471.0,-4236.0,250.63333546666667,16779.241629410764,100.0,False,5
3026,406.135,2374.8136737295135,-4211.702490035517,253.0,16789.301214412084,100.0,False,5
3027,406.154,2362.0,-4208.0,253.284290098295,16790.654139176637,100.0,False,5
3028,406.353,2229.0,-4163.0,256.26184573996414,16804.921930455286,100.0,False,5
3029,406.536,2108.402115802035,-4113.347564449378,259.0,16818.150936634305,100.0,False,5
3030,406.593,2071.0,-4096.0,259.5343744,16822.28520688916,100.0,False,5
3031,406.734,1980.0,-4050.0,260.8562488,16832.53986147133,100.0,False,5
3032,406.856,1909.1123644353147,-4011.635919809793,262.0,16841.439825523194,100.0,False,5
3033,407.074,1763.0,-3925.0,263.8166656,16857.416935496323,100.0,False,5
3034,407.096,1742.6991496561639,-3912.5229799976933,264.0,16859.039825523196,100.0,False,5
3035,407.254,1586.0,-3815.0,265.9749984,16870.764727657308,100.0,False,5
3036,407.496,1464.389245960025,-3737.768407953411,269.0,16888.928714412083,100.0,False,5
3037,407.654,1396.0,-3694.0,271.2571410285714,16900.893215742402,100.0,False,5
3038,407.776,1319.3282352829744,-3645.4585633686174,273.0,16910.16204774542,100.0,False,5
3039,407.834,1281.0,-3621.0,273.2071424,16914.57142281605,100.0,False,5
3040,407.994,1179.0,-3555.0,273.77857097142856,16926.747147418875,100.0,False,5
3041,408.056,1139.4503119146245,-3529.5706477415674,274.0,16931.47315885653,100.0,False,5
3042,408.294,988.0,-3433.0,274.0,16949.589121725992,0.8333866666666669,False,5
3043,408.296,986.7613110445972,-3432.2063353822077,274.0,16949.739825523196,0.0,False,5
3044,408.496,864.0224566963255,-3353.1338844671463,268.0,16964.628714412083,0.0,False,5
3045,408.554,825.0,-3328.0,266.5500032,16968.8809990421,0.0,False,5
3046,408.713,711.0,-3255.0,262.5750016,16980.40088928003,0.0,False,5
3047,408.776,671.3921620976836,-3230.1056581003863,261.0,16984.928714412086,0.0,False,5
3048,408.873,610.0,-3192.0,258.5750016,16991.865817049664,0.0,False,5
3049,408.936,561.6156337855332,-3161.9995963503748,257.0,16996.350936634306,0.0,False,5
3050,409.153,368.0,-3044.0,254.9656256,17011.688191045792,0.0,False,5
3051,409.256,287.33132679060657,-2998.0093750729125,254.0,17018.928714412083,0.0,True,5
3052,409.533,128.0,-2914.0,250.15277866666668,17038.237970960618,0.0,True,5
3053,409.616,101.34266601293125,-2899.8017229845277,249.0,17043.828714412084,0.0,True,5
3054,409.776,61.34147704391864,-2878.3852755548646,235.0,17054.27315885653,0.0,True,5
3055,409.813,47.0,-2871.0,233.6125024,17056.6464669363,0.0,True,5
3056,409.936,-17.63542951904301,-2838.303211556979,229.0,17064.450936634305,0.0,True,5
3057,410.053,-89.0,-2804.0,227.171876,17071.78104087553,0.0,True,5
3058,410.256,-204.9168298245669,-2755.4520665017935,224.0,17084.362047745417,0.0,True,5
3059,410.313,-237.0,-2744.0,223.2875008,17087.88749975907,0.0,True,5
3060,410.416,-295.25520708076795,-2725.5372135909993,222.0,17094.228714412086,0.0,True,5
3061,410.633,-421.0,-2698.0,218.3833344,17107.368777336655,0.0,True,5
3062,410.656,-434.7910762477403,-2696.223308579354,218.0,17108.76204774542,0.0,False,5
3063,410.673,-445.0,-2695.0,218.0,17109.79297703424,2.8687392,False,5
3064,410.816,-530.2444187674678,-2686.332240383774,218.0,17118.450936634305,27.0,False,5
3065,410.953,-611.0,-2682.0,214.5750016,17126.528723011987,34.99166293333333,False,5
3066,411.133,-716.0,-2684.0,210.0750016,17136.884680169653,45.49166293333333,False,5
3067,411.176,-740.9340420878436,-2685.768318243209,209.0,17139.350936634306,48.0,False,5
3068,411.376,-854.7267638434467,-2700.2582908873396,206.0,17150.79538107875,51.0,False,5
3069,411.433,-885.0,-2706.0,205.84166684444443,17154.04826303337,51.94999893333333,False,5
3070,411.653,-1004.0,-2741.0,205.23055573333335,17166.57226984067,55.6166656,False,5
3071,411.736,-1067.1090981357127,-2767.951324749518,205.0,17171.29538107875,57.0,False,5
3072,411.814,-1129.0,-2797.0,205.0,17175.735031137214,58.55999744,False,5
3073,411.936,-1214.2688730266957,-2841.650039526018,205.0,17182.684269967638,61.0,False,5
3074,412.255,-1372.6900548856938,-2941.1249096277998,205.0,17200.849547745416,50.0,False,5
3075,412.273,-1379.0,-2945.0,204.7954530909091,17201.866011917056,47.954530909090906,False,5
3076,412.634,-1486.0,-3001.0,200.6931810909091,17221.96315763942,6.9318109090909115,False,5
3077,412.694,-1516.0,-3015.0,200.0113629090909,17225.23955578469,0.11362909090909369,False,5
3078,412.695,-1516.507428889997,-3015.229077864834,200.0,17225.29399218986,0.0,False,5
3079,412.855,-1595.5732959889042,-3046.6581140004455,195.0,17233.96065885653,0.0,False,5
3080,412.954,-1645.0,-3062.0,195.0,17239.34101614465,0.0,False,5
3081,413.016,-1676.8813240220886,-3070.3156197985063,195.0,17242.681492189862,0.0,False,5
3082,413.133,-1738.0,-3083.0,192.4406264,17248.861949645547,20.109364,False,5
3083,413.336,-1842.3999586498169,-3094.259225324531,188.0,17259.392603300974,55.0,False,5
3084,413.413,-1882.0,-3095.0,188.2406248,17263.414686084874,56.203124,False,5
3085,413.653,-2006.0,-3085.0,188.9906248,17276.034588210918,59.953124,False,5
3086,413.656,-2007.5367550343335,-3084.7581254831944,189.0,17276.192603300973,60.0,False,5
3087,413.816,-2088.8087911371967,-3067.5239896964363,190.0,17284.637047745415,70.0,False,5
3088,413.854,-2108.0,-3062.0,190.3562488,17286.655221665875,71.3062456,False,5
3089,414.074,-2217.0,-3020.0,192.4187488,17298.44656184036,78.8687456,False,5
3090,414.136,-2245.675188609639,-3006.3755239481907,193.0,17301.79260330097,81.0,False,5
3091,414.294,-2323.0,-2963.0,194.9749984,17310.35083748049,86.9249952,False,5
3092,414.296,-2324.1547930314423,-2962.2829659270037,195.0,17310.459269967636,87.0,False,5
3093,414.474,-2435.0,-2889.0,195.63571382857143,17320.114518502996,88.90714148571429,False,5
3094,414.576,-2481.1658602549237,-2856.8832446620618,196.0,17325.70371441208,90.0,False,5
3095,414.736,-2521.924593425775,-2825.511961272671,200.0,17334.592603300967,91.0,False,5
3096,414.896,-2589.1625727407295,-2766.608495479119,202.0,17343.570381078745,90.0,False,5
3097,414.914,-2600.0,-2757.0,202.29999786666667,17344.59253090267,89.9000007111111,False,5
3098,415.074,-2712.0,-2658.0,204.96666453333333,17353.809437854004,89.01111182222222,False,5
3099,415.256,-2793.2162435180185,-2594.6238018393387,208.0,17364.370381078745,88.0,False,5
3100,415.333,-2832.0,-2572.0,207.45000045714286,17368.80115144026,76.17500982857143,False,5
3101,415.533,-2965.0,-2507.0,206.02142902857142,17380.221959236635,45.46072411428571,False,5
3102,415.536,-2966.660340773696,-2506.269402577284,206.0,17380.39260330097,45.0,False,5
3103,415.773,-3062.0,-2474.0,204.5187504,17393.823782724532,43.5187504,False,5
3104,415.856,-3102.7933058991093,-2464.1947879257414,204.0,17398.5259366343,43.0,False,5
3105,416.016,-3195.261345507051,-2446.3083612059936,204.0,17407.59260330097,43.0,False,5
3106,416.033,-3205.0,-2445.0,203.87857188571428,17408.551986414925,43.667854628571426,False,5
3107,416.253,-3328.0,-2439.0,202.30714331428572,17420.8935577224,52.31071177142857,False,5
3108,416.296,-3351.9550625725815,-2439.9388701591247,202.0,17423.30371441208,54.0,False,5
3109,416.434,-3429.0,-2447.0,202.0,17431.04689121543,54.0,False,5
3110,416.456,-3441.2774837732313,-2448.5978569517993,202.0,17432.281492189857,54.0,False,5
3111,416.616,-3530.4583988089275,-2463.9683058049113,202.0,17441.25926996763,53.0,False,5
3112,416.754,-3606.0,-2482.0,201.31000064,17448.99838670838,16.43003392,False,5
3113,416.816,-3639.271810519551,-2491.4335240508653,201.0,17452.425936634296,0.0,False,5
3114,416.994,-3734.0,-2523.0,195.06667093333334,17462.008928884617,0.0,False,5
3115,417.056,-3767.6272972396323,-2535.4922082328408,193.0,17465.292603300964,0.0,True,5
3116,417.193,-3843.0,-2567.0,189.5750016,17472.482551554538,0.0,True,5
3117,417.256,-3877.9191498649398,-2584.1704953573876,188.0,17475.73704774541,0.0,True,5
3118,417.536,-4021.05031641542,-2669.39951415947,179.0,17489.659269967633,0.0,True,5
3119,417.554,-4028.0,-2674.0,178.50500352,17490.51701304789,0.0,True,5
3120,417.854,-4112.0,-2740.0,170.25500352,17504.098425334116,0.0,True,5
3121,418.114,-4197.0,-2825.0,163.10500352,17515.066090716908,0.0,True,5
3122,418.293,-4248.0,-2886.0,158.18250176,17522.699351545165,0.0,True,5
3123,418.336,-4259.316156425361,-2901.293997970252,157.0,17524.548158856524,0.0,True,5
3124,418.593,-4317.0,-2991.0,154.5906256,17535.626872230798,0.0,True,5
3125,418.656,-4326.688983451504,-3008.0777273898952,154.0,17538.237047745413,0.0,True,5
3126,418.793,-4345.0,-3045.0,147.12133659956748,17543.687788038416,0.0,True,5
3127,418.894,-4361.0,-3082.0,142.05020603196468,17547.625237643086,0.0,True,5
3128,418.895,-4361.153930728167,-3082.3760290683417,142.0,17547.664269967634,0.0,True,5
3129,419.175,-4395.841335233508,-3185.363510699808,140.0,17558.553158856525,0.0,True,5
3130,419.234,-4401.0,-3207.0,138.5249984,17560.793028330423,0.0,True,5
3131,419.375,-4410.318030681327,-3258.9955232289226,135.0,17566.053158856525,0.0,True,5
3132,419.454,-4414.0,-3288.0,133.59430587150632,17568.9511803852,0.0,True,5
3133,419.653,-4419.0,-3360.0,130.05338188523373,17576.094457665014,0.0,True,5
3134,419.656,-4419.026468110419,-3361.0739339166475,130.0,17576.200381078746,0.0,False,5
3135,419.754,-4419.0,-3396.0,128.53000192,17579.6314833185,0.0,False,5
3136,419.974,-4412.0,-3473.0,125.23000192,17587.173312334337,0.0,False,5
3137,420.056,-4407.914298076304,-3500.033816364971,124.0,17589.978158856524,0.0,False,5
3138,420.134,-4402.0,-3527.0,123.5125008,17592.6492537025,0.0,False,5
3139,420.216,-4392.21711757803,-3558.9285985608863,123.0,17595.44482552319,0.0,False,5
3140,420.496,-4345.287892032797,-3670.3196591311403,120.0,17604.778158856523,0.0,False,5
3141,420.514,-4343.0,-3675.0,119.80000142222222,17605.368762819115,0.0,False,5
3142,420.773,-4314.0,-3716.0,116.92222293333333,17613.74745060456,0.0,False,5
3143,420.856,-4295.924246852209,-3733.756226706745,116.0,17616.378158856525,0.0,False,5
3144,421.096,-4226.406466455339,-3796.3414375600682,112.0,17623.844825523192,1.0,False,5
3145,421.114,-4222.0,-3800.0,111.91000064,17624.39984383261,4.86997248,False,5
3146,421.296,-4186.868666933376,-3826.0042649047728,111.0,17630.01149218986,44.0,False,5
3147,421.456,-4152.052091816442,-3839.918968951842,113.0,17635.033714412082,51.0,False,5
3148,421.534,-4121.0,-3849.0,113.64999893333334,17637.506515409124,51.0,False,5
3149,421.696,-4035.067013585922,-3871.024101888186,115.0,17642.70038107875,51.0,False,5
3150,421.714,-4027.0,-3873.0,115.2249984,17643.283890917573,51.35999744,False,5
3151,422.096,-3942.0501695013854,-3885.329074223353,120.0,17656.033714412082,59.0,False,5
3152,422.133,-3927.0,-3886.0,120.84090763636364,17657.317289314236,60.34545221818182,False,5
3153,422.373,-3795.0,-3892.0,126.29545309090909,17665.87212729618,69.07272494545454,False,5
3154,422.536,-3756.3542788952977,-3893.0715530734687,130.0,17671.922603300973,75.0,False,5
3155,422.694,-3728.0,-3893.0,136.91249439999999,17677.935864385752,91.7874864,False,5
3156,422.696,-3727.4190026155893,-3893.0046228270944,137.0,17678.011492189864,92.0,False,5
3157,422.856,-3665.721676233651,-3893.7680788650982,137.0,17684.10038107875,100.0,False,5
3158,422.893,-3650.0,-3894.0,139.7749952,17685.598278363443,100.0,False,5
3159,423.096,-3564.8648955431395,-3895.4724668205613,155.0,17694.433714412084,100.0,False,5
3160,423.153,-3542.0,-3896.0,157.61249706666666,17696.99728256157,100.0,False,5
3161,423.333,-3462.0,-3899.0,165.86249706666666,17705.35559367234,100.0,False,5
3162,423.336,-3460.1105549637846,-3899.102341791653,166.0,17705.50038107875,100.0,False,5
3163,423.534,-3307.0,-3909.0,178.86999168,17715.34543232244,100.0,False,5
3164,423.536,-3305.694983840618,-3909.0962528020054,179.0,17715.444825523195,100.0,False,5
3165,423.696,-3233.1604843079776,-3915.468749779927,179.0,17723.40038107875,100.0,False,5
3166,423.913,-3173.0,-3924.0,189.84999679999999,17735.031241807632,100.0,False,5
3167,424.016,-3128.357795048222,-3930.0640915968524,195.0,17740.733714412083,100.0,False,5
3168,424.114,-3072.0,-3938.0,197.79999634285716,17746.18831770558,100.0,False,5
3169,424.296,-2925.284680080339,-3960.10390261168,203.0,17756.52260330097,100.0,False,5
3170,424.394,-2855.0,-3971.0,207.28749439999999,17762.30239234413,100.0,False,5
3171,424.616,-2764.4786615431344,-3985.7864214036686,217.0,17775.81149218986,100.0,False,5
3172,424.694,-2735.0,-3991.0,218.9499968,17780.611335999256,100.0,False,5
3173,424.856,-2657.698579947848,-4005.1339238772493,223.0,17790.678158856528,100.0,False,5
3174,424.974,-2565.0,-4024.0,226.53999616,17798.126414793845,100.0,False,5
3175,425.056,-2473.7406304811957,-4043.589609804752,229.0,17803.40038107875,100.0,False,5
3176,425.154,-2362.0,-4068.0,232.6749952,17809.840738256127,100.0,False,5
3177,425.376,-2221.884379940297,-4099.105257055159,241.0,17824.822603300974,100.0,False,5
3178,425.535,-2178.3403468462184,-4107.707763229635,246.0,17835.687603300976,100.0,False,5
3179,425.653,-2124.0,-4116.0,249.54000384,17843.914212188487,100.0,False,5
3180,425.735,-2074.536739579357,-4122.834424726633,252.0,17849.687603300976,100.0,False,5
3181,425.873,-1973.0,-4134.0,254.156252,17859.460173830837,100.0,False,5
3182,426.055,-1813.460412370007,-4141.56011301601,257.0,17872.53204774542,100.0,False,5
3183,426.416,-1471.741243501779,-4137.383006574037,267.0,17899.306214412085,100.0,False,5
3184,426.534,-1401.0,-4135.0,270.687496,17908.203371817504,100.0,False,5
3185,426.576,-1381.8293535487376,-4134.137330521658,272.0,17911.395103300976,100.0,False,5
3186,426.834,-1263.0,-4127.0,277.6437472,17931.33839152756,100.0,False,5
3187,426.896,-1198.9730355813103,-4123.976533023926,279.0,17936.195103300975,100.0,False,5
3188,427.094,-950.0,-4113.0,282.7124976,17951.836931227997,100.0,False,5
3189,427.216,-860.0134895304542,-4108.85033188023,285.0,17961.528436634308,100.0,False,5
3190,427.376,-821.1326531402815,-4106.746516423404,287.0,17974.28399218986,100.0,False,5
3191,427.573,-677.0,-4104.0,290.6937488,17990.23536825562,100.0,False,5
3192,427.696,-504.79169571096173,-4101.351292119254,293.0,18000.328436634307,100.0,False,5
3193,427.714,-482.0,-4101.0,293.3937472,18001.813206734987,100.0,False,5
3194,428.016,-288.6297274676213,-4097.7534181799165,300.0,18026.995103300975,100.0,False,5
3195,428.113,-233.0,-4097.0,301.3472213333333,18035.17071665768,100.0,False,5
3196,428.314,-64.0,-4095.0,304.1388871111111,18052.219937311587,100.0,False,5
3197,428.376,3.454197801154379,-4094.0732402100707,305.0,18057.49510330097,100.0,False,5
3198,428.553,207.0,-4091.0,306.6593744,18072.590372889194,100.0,False,5
3199,428.696,326.56038400334745,-4089.0684041953714,308.0,18084.872881078754,100.0,False,5
3200,428.856,419.3478228893282,-4087.7500731373398,312.0,18098.73954774542,100.0,False,5
3201,428.993,518.0,-4088.0,312.97857097142855,18110.66620142659,100.0,False,5
3202,429.073,588.0,-4089.0,313.54999954285717,18117.65043642736,100.0,False,5
3203,429.136,650.8874412090021,-4091.1693629971737,314.0,18123.161769967643,100.0,False,5
3204,429.336,879.2880697628217,-4105.943094173382,316.0,18140.717325523197,100.0,False,5
3205,429.413,951.0,-4113.0,316.4812496,18147.49168953077,100.0,False,5
3206,429.496,1012.494741628837,-4121.084982641008,317.0,18154.806214412085,100.0,False,5
3207,429.713,1140.0,-4150.0,318.3562496,18174.01085427892,100.0,False,5
3208,429.816,1221.868196721704,-4172.355860283495,319.0,18183.16176996764,100.0,False,5
3209,430.013,1399.0,-4226.0,320.4071424,18200.718714190425,100.0,False,5
3210,430.096,1466.8782531257098,-4249.651226571138,321.0,18208.12843663431,100.0,False,5
3211,430.153,1518.0,-4268.0,321.28499968,18213.21952703059,100.0,False,5
3212,430.296,1681.415428676083,-4326.410094924165,322.0,18226.017325523197,100.0,False,5
3213,430.473,1887.0,-4399.0,323.6593744,18241.964695070496,100.0,False,5
3214,430.616,1991.4097870831579,-4434.377623906703,325.0,18254.906214412084,100.0,False,5
3215,430.793,2096.0,-4468.0,325.98333297777776,18270.963088174987,100.0,False,5
3216,430.976,2251.335080162584,-4517.564289653085,327.0,18287.606214412084,100.0,False,5
3217,430.993,2269.0,-4523.0,327.1062496,18289.154312359133,100.0,False,5
3218,431.136,2441.6309728785413,-4574.484678842395,328.0,18302.183992189865,100.0,False,5
3219,431.293,2618.0,-4626.0,328.0,18316.48207675023,100.0,False,5
3220,431.336,2651.43299244981,-4635.837182069561,328.0,18320.406214412087,100.0,False,5
3221,431.616,2812.550115134382,-4677.134331505023,330.0,18346.07288107875,100.0,False,5
3222,431.633,2831.0,-4681.0,330.0386362181818,18347.63382704183,100.0,False,5
3223,431.853,3155.0,-4744.0,330.5386362181818,18367.84483169454,100.0,False,5
3224,432.056,3379.0177666006293,-4775.166441526577,331.0,18386.528436634308,100.0,False,5
3225,432.255,3526.3329060783285,-4785.252517438541,332.0,18404.88065885653,100.0,False,5
3226,432.274,3539.0,-4786.0,332.0,18406.632615431587,100.0,False,5
3227,432.495,3668.8541372421682,-4791.971021196099,332.0,18427.013992189866,100.0,False,5
3228,432.673,3779.0,-4794.0,332.89000064,18443.47846011181,100.0,False,5
3229,432.695,3794.4579984248617,-4794.123396812893,333.0,18445.513992189866,100.0,False,5
3230,432.896,3969.7833342655517,-4792.115318303479,333.0,18464.10649218987,100.0,False,5
3231,432.934,4019.0,-4790.0,333.0,18467.62164675404,100.0,False,5
3232,433.056,4217.73114884675,-4778.631459371695,333.0,18478.906492189864,100.0,False,5
3233,433.134,4334.0,-4771.0,333.0,18486.117874462263,100.0,False,5
3234,433.456,4558.810132591741,-4748.074701825556,333.0,18515.906492189868,100.0,False,5
3235,433.474,4573.0,-4746.0,333.08999936,18517.57682099684,100.0,False,5
3236,433.774,4885.0,-4697.0,334.58999936,18545.49453756012,100.0,False,5
3237,433.856,4954.418556606613,-4684.262438292867,335.0,18553.128714412087,100.0,False,5
3238,434.016,5069.248962904115,-4658.8895041512715,335.0,18568.017603300977,100.0,False,5
3239,434.074,5120.0,-4646.0,335.0,18573.416490804175,100.0,False,5
3240,434.373,5443.0,-4555.0,335.0,18601.258422544874,100.0,False,5
3241,434.496,5544.4205280759925,-4523.707011956793,335.0,18612.68426996764,100.0,False,5
3242,434.696,5678.509552075921,-4478.885116323893,334.0,18631.2398255232,100.0,False,5
3243,434.734,5708.0,-4469.0,334.37999872,18634.778508132047,100.0,False,5
3244,434.896,5850.234047843868,-4421.440543169644,336.0,18649.906492189864,100.0,False,5
3245,434.973,5920.0,-4398.0,336.0,18657.09407337749,100.0,False,5
3246,435.053,5991.0,-4374.0,336.0,18664.55789455871,100.0,False,5
3247,435.136,6064.320519821656,-4349.120173184345,336.0,18672.306492189866,100.0,False,5
3248,435.413,6309.0,-4266.0,336.69249984,18698.215885522164,100.0,False,5
3249,435.536,6418.505158901328,-4229.212530017849,337.0,18709.750936634307,100.0,False,5
3250,435.613,6487.0,-4206.0,337.38499968,18716.982596473405,100.0,False,5
3251,435.736,6595.927152401698,-4168.400406841208,338.0,18728.528714412085,100.0,False,5
3252,435.813,6664.0,-4145.0,337.35833386666667,18735.733236777185,100.0,False,5
3253,435.873,6717.0,-4127.0,336.85833386666667,18741.334318492507,100.0,False,5
3254,435.976,6807.113555580056,-4096.356113245012,336.0,18750.928714412086,100.0,False,5
3255,436.153,6964.0,-4042.0,334.8937504,18767.35908206458,100.0,False,5
3256,436.296,7099.422997607511,-3993.1970611654624,334.0,18780.617603300976,100.0,False,5
3257,436.393,7201.0,-3955.0,334.0,18789.61880016718,100.0,False,5
3258,436.536,7369.8273054251695,-3888.778982859168,334.0,18802.884269967642,100.0,False,5
3259,436.634,7476.0,-3846.0,333.5916672,18811.957777311938,100.0,False,5
3260,436.776,7591.66882666431,-3797.9290462171266,333.0,18825.084269967643,100.0,False,5
3261,437.053,7765.0,-3721.0,332.30750016,18850.642272793586,100.0,False,5
3262,437.174,7866.0,-3676.0,332.00500032,18861.788987005348,100.0,False,5
3263,437.176,7867.702572048247,-3675.2397306845714,332.0,18861.97315885653,100.0,False,5
3264,437.353,8017.0,-3608.0,329.7875008,18878.22760661826,26.250026666666667,False,5
3265,437.416,8069.170050764345,-3583.9487221215472,329.0,18883.906492189864,0.0,False,5
3266,437.533,8165.0,-3539.0,322.85750336,18894.232002899676,0.0,False,5
3267,437.793,8374.0,-3439.0,309.20750336,18916.234539652356,0.0,False,5
3268,437.816,8391.730413893585,-3430.5155960030434,308.0,18918.128714412083,0.0,True,5
3269,438.016,8539.36319796591,-3360.009515500003,287.0,18934.073158856532,0.0,True,5
3270,438.093,8593.0,-3334.0,278.0968824,18939.73108168823,0.0,True,5
3271,438.214,8674.0,-3294.0,264.1062648,18948.044511634223,0.0,True,5
3272,438.336,8753.597331819868,-3253.8143906208884,250.0,18956.295381078755,0.0,True,5
3273,438.413,8802.0,-3229.0,247.80000182857142,18961.535191890627,0.0,True,5
3274,438.594,8909.0,-3173.0,242.6285750857143,18973.700909989235,0.0,True,5
3275,438.616,8921.63920200122,-3166.2352702311546,242.0,18975.117603300976,0.0,True,5
3276,438.856,9053.314200049652,-3093.825206748112,217.0,18989.584269967643,0.0,True,5
3277,438.933,9089.0,-3074.0,208.6234311953924,18993.848973884335,0.0,True,5
3278,439.095,9158.117056098406,-3034.9654117056543,191.0,19002.264547745424,0.0,True,5
3279,439.134,9183.0,-3020.0,188.20560456237982,19004.18946976732,0.0,True,5
3280,439.273,9296.0,-2950.0,178.24610437616187,19010.738136994758,0.0,True,5
3281,439.416,9353.271926651341,-2913.5047293682733,168.0,19017.244547745424,0.0,True,5
3282,439.576,9367.909356719238,-2901.567602970387,160.0,19024.355658856537,0.0,True,5
3283,439.614,9375.0,-2896.0,156.833344,19025.94223463352,0.0,True,5
3284,439.816,9436.692991337755,-2848.378349914257,140.0,19033.68899218987,0.0,True,5
3285,439.914,9468.0,-2823.0,133.875008,19037.176592714673,0.0,True,5
3286,440.056,9505.19765792011,-2789.9567716055526,125.0,19042.0223255232,0.0,True,5
3287,440.154,9529.0,-2766.0,122.5500032,19045.291590834855,0.0,True,5
3288,440.274,9555.0,-2737.0,119.5500032,19049.208153216357,0.0,True,5
3289,440.416,9553.6441800512,-2734.932260315664,116.0,19053.622325523203,0.0,True,5
3290,440.454,9554.0,-2734.0,113.72000768,19054.75782095173,0.0,True,5
3291,440.616,9574.19107614166,-2712.271209839022,104.0,19059.40010330098,0.0,True,5
3292,440.633,9577.0,-2709.0,103.51428754285715,19059.871704436988,0.0,True,5
3293,440.794,9604.0,-2674.0,98.91428937142857,19064.20277945741,0.0,True,5
3294,440.896,9618.462178297124,-2653.6657247314665,96.0,19066.866769967648,0.0,True,5
3295,441.094,9643.0,-2608.0,92.906252,19071.922984506913,0.0,True,5
3296,441.216,9659.777157015966,-2562.396788369874,91.0,19074.955658856536,0.0,False,5
3297,441.314,9671.0,-2526.0,89.3666688,19077.34322764274,0.0,False,5
3298,441.456,9679.378178513385,-2487.14779824475,87.0,19080.755658856535,0.0,False,5
3299,441.616,9678.496719165561,-2460.7935770983277,86.0,19084.577881078756,0.0,False,5
3300,441.773,9673.0,-2437.0,84.31785782857143,19088.236255080086,7.289282742857143,False,5
3301,441.896,9666.335018907488,-2417.548541512037,83.0,19091.033436634312,13.0,False,5
3302,442.173,9643.0,-2371.0,80.4031256,19097.176456192068,27.7156216,False,5
3303,442.216,9638.198623537579,-2363.40672139994,80.0,19098.14454774542,30.0,False,5
3304,442.393,9614.0,-2330.0,81.96666595555556,19102.217593678717,40.324996266666666,False,5
3305,442.576,9580.119935008412,-2290.4257587725806,84.0,19106.544547745423,51.0,False,5
3306,442.594,9577.0,-2287.0,84.2249984,19106.97462229952,51.281248,False,5
3307,442.874,9535.0,-2246.0,87.7249984,19113.810225819107,55.656248,False,5
3308,442.896,9531.18778596254,-2242.6222992346375,88.0,19114.366769967644,56.0,False,5
3309,443.093,9492.0,-2209.0,93.74583146666667,19119.517872291293,62.56666453333333,False,5
3310,443.136,9482.810813527607,-2201.2587094814285,95.0,19120.700103300976,64.0,False,5
3311,443.333,9440.0,-2166.0,102.7392832,19126.418382138017,69.6285696,False,5
3312,443.416,9422.980663822806,-2152.683074568545,106.0,19128.94454774542,72.0,False,5
3313,443.576,9384.588874215444,-2121.826533109788,113.0,19133.966769967643,73.0,False,5
3314,443.593,9379.0,-2117.0,113.12499952941177,19134.509145661563,71.17500687058823,False,5
3315,443.833,9286.0,-2033.0,114.88970541176471,19142.322864688947,45.41030098823529,False,5
3316,444.133,9249.0,-1993.0,117.09558776470588,19152.276918594747,13.204418635294118,False,5
3317,444.256,9220.76976138747,-1952.6643419257352,118.0,19156.25565885653,0.0,True,5
3318,444.474,9165.0,-1870.0,113.458336,19163.117807740557,0.0,True,5
3319,444.496,9162.060892297855,-1865.225986199748,113.0,19163.788992189864,0.0,True,5
3320,444.734,9151.0,-1837.0,107.0500032,19170.778315885025,0.0,True,5
3321,444.816,9143.914550150792,-1817.3446920890476,105.0,19173.122325523196,0.0,True,5
3322,444.933,9132.0,-1783.0,103.5375008,19176.436908867134,0.0,True,5
3323,445.216,9119.97723359235,-1706.8064695194284,100.0,19184.23343663431,0.0,False,5
3324,445.233,9120.0,-1701.0,99.5750016,19184.686394725144,0.0,False,5
3325,445.456,9126.61101510813,-1612.746862612718,94.0,19190.500103300976,0.0,False,5
3326,445.493,9128.0,-1601.0,93.76802534000271,19191.456900606616,0.0,False,5
3327,445.775,9138.317849773093,-1554.9607935008862,92.0,19198.6523255232,0.0,False,5
3328,445.854,9143.0,-1542.0,90.59430587150631,19200.591716351926,1.1245553027949533,False,5
3329,446.056,9160.23876084488,-1495.7407009532972,87.0,19205.44315885653,4.0,False,5
3330,446.094,9164.0,-1487.0,87.0,19206.356555759678,7.6416544,False,5
3331,446.234,9179.0,-1457.0,87.0,19209.733765568686,21.058321066666668,False,5
3332,446.296,9186.50989965464,-1443.9104916265264,87.0,19211.24315885653,27.0,False,5
3333,446.394,9198.0,-1425.0,87.69999908571428,19213.64986420644,27.0,False,5
3334,446.576,9214.65048719323,-1399.9232009130467,89.0,19218.165381078754,27.0,False,5
3335,446.593,9217.0,-1397.0,89.07083306666667,19218.5880536315,26.929166933333335,False,5
3336,446.816,9267.205630295637,-1341.6652241750003,90.0,19224.165381078754,26.0,False,5
3337,446.954,9296.0,-1313.0,91.7249984,19227.68892173264,26.8624992,False,5
3338,446.976,9299.39500467525,-1309.9136065902967,92.0,19228.254269967645,27.0,False,5
3339,447.194,9325.0,-1292.0,92.6055552,19233.893167683873,36.6888832,False,5
3340,447.336,9354.348696799394,-1273.1664360744862,93.0,19237.554269967644,43.0,False,5
3341,447.394,9369.0,-1265.0,93.0,19239.03890674275,46.624992,False,5
3342,447.496,9397.568506385474,-1251.6487638868648,93.0,19241.687603300976,53.0,False,5
3343,447.794,9487.0,-1222.0,101.12726923636363,19250.248000639793,59.09545192727273,False,5
3344,447.936,9519.353536937724,-1214.6025456286484,105.0,19254.520936634308,62.0,False,5
3345,448.074,9552.0,-1210.0,109.312496,19258.720826930894,68.8999936,False,5
3346,448.096,9558.073950059883,-1209.3499014714334,110.0,19259.4098255232,70.0,False,5
3347,448.256,9608.673082259089,-1205.3459222968002,117.0,19264.6098255232,74.0,False,5
3348,448.333,9634.0,-1204.0,118.64999862857142,19267.178563174562,75.64999862857142,False,5
3349,448.536,9700.617061805231,-1202.3324429391498,123.0,19274.17649218987,80.0,False,5
3350,448.613,9731.0,-1202.0,125.74999771428571,19276.958007168658,80.0,False,5
3351,448.816,9826.217172335855,-1201.1194919625884,133.0,19284.52093663431,80.0,False,5
3352,448.834,9834.0,-1201.0,133.2249984,19285.19400626872,79.85000106666666,False,5
3353,449.056,9910.305093881645,-1198.7113843238863,136.0,19293.587603300977,78.0,False,5
3354,449.273,9982.0,-1192.0,142.027776,19302.310218982984,72.57500160000001,False,5
3355,449.293,9990.0,-1191.0,142.58333155555556,19303.132444823856,72.07500160000001,False,5
3356,449.416,10038.422785257993,-1181.4445961418096,146.0,19308.18760330098,69.0,False,5
3357,449.593,10106.0,-1159.0,146.5531248,19315.45664537963,30.8343888,False,5
3358,449.736,10159.821062613424,-1135.4475454378312,147.0,19321.254269967645,0.0,False,5
3359,449.873,10209.0,-1109.0,143.5750016,19326.70178978196,0.0,False,5
3360,449.896,10216.866252144893,-1104.2443876314903,143.0,19327.609825523203,0.0,False,5
3361,450.053,10268.0,-1069.0,141.5281256,19333.77154736576,0.0,False,5
3362,450.216,10318.102941562724,-1025.8289711381888,140.0,19340.054269967648,0.0,True,5
3363,450.496,10397.663673045885,-935.5332716770946,132.0,19350.320936634314,0.0,True,5
3364,450.736,10454.616402364392,-854.1461670454024,117.0,19358.120936634314,0.0,True,5
3365,450.896,10484.135890032356,-804.8385557421833,114.0,19363.18760330098,0.0,True,5
3366,450.933,10490.0,-794.0,112.81071634285715,19364.318295568857,0.0,True,5
3367,451.114,10514.0,-744.0,106.99286125714286,19369.598211367866,0.0,True,5
3368,451.176,10521.014129604748,-727.991862100672,105.0,19371.354269967644,0.0,True,5
3369,451.336,10537.243085181623,-684.8316086238971,100.0,19375.79871441209,0.0,True,5
3370,451.354,10539.0,-679.0,99.70000213333333,19376.289556146057,0.0,True,5
3371,451.576,10558.717073783848,-596.1168290831068,96.0,19382.19871441209,0.0,True,5
3372,451.614,10561.0,-585.0,95.2875024,19383.189279809398,0.0,True,5
3373,451.736,10565.401580943322,-560.7579822235837,93.0,19386.33204774542,0.0,False,5
3374,451.894,10566.0,-539.0,91.24444586666667,19390.317225343002,0.0,False,5
3375,452.096,10561.406104070522,-494.15435471982346,89.0,19395.232047745423,0.0,False,5
3376,452.234,10552.0,-465.0,86.80454749090909,19398.441340107223,9.722718254545455,False,5
3377,452.434,10521.0,-434.0,83.62272930909091,19402.93885924234,23.813627345454545,False,5
3378,452.536,10486.066070912035,-413.80271885193997,82.0,19405.254269967645,31.0,False,5
3379,452.654,10443.0,-391.0,82.84285622857143,19407.96374006986,39.8499904,False,5
3380,452.816,10410.634380453197,-373.02960558581646,84.0,19411.787603300978,52.0,False,5
3381,453.054,10394.0,-351.0,89.09999725714286,19417.725621500376,37.55000777142857,False,5
3382,453.096,10390.701199154419,-343.76152762864496,90.0,19418.787603300978,35.0,False,5
3383,453.256,10379.508565941975,-307.6651581356063,91.0,19422.83204774542,25.0,False,5
3384,453.274,10379.0,-303.0,90.9437504,19423.285310979103,25.7874944,False,5
3385,453.374,10379.0,-276.0,90.6312504,19425.794757002226,30.1624944,False,5
3386,453.576,10384.323694016053,-227.48648230726684,90.0,19430.83204774542,39.0,False,5
3387,453.634,10388.0,-209.0,90.0,19432.27478319286,40.0874976,False,5
3388,453.874,10411.0,-113.0,90.0,19438.27250594525,44.5874976,False,5
3389,453.896,10412.53220247069,-106.91739357902647,90.0,19438.83204774542,45.0,False,5
3390,454.194,10423.0,-68.0,93.7249984,19446.616518637307,56.91999488,False,5
3391,454.296,10428.790183879935,-45.930584712641924,95.0,19449.387603300976,61.0,False,5
3392,454.394,10437.0,-16.0,97.14374719999999,19452.106587332095,61.9187488,False,5
3393,454.616,10466.627206100175,83.18833221673407,102.0,19458.454269967642,64.0,False,5
3394,454.734,10480.0,126.0,102.88499904,19461.919196532555,45.12002048,False,5
3395,455.013,10496.0,170.0,104.97749952,19470.038143188413,0.48001023999999864,False,5
3396,455.016,10496.219409532196,170.55233697891606,105.0,19470.12093663431,0.0,True,5
3397,455.256,10519.39383040572,229.7096572243463,94.0,19476.387603300976,0.0,True,5
3398,455.273,10521.0,234.0,93.4156272,19476.804041102267,0.0,True,5
3399,455.453,10536.0,276.0,87.2281272,19480.996258254607,0.0,True,5
3400,455.576,10544.557193456492,300.90713925496743,83.0,19483.765381078756,0.0,True,5
3401,455.713,10552.0,334.0,80.94500096,19486.83399653335,0.0,True,5
3402,455.776,10554.463151613541,354.6326666338038,80.0,19488.2098255232,0.0,True,5
3403,455.934,10558.0,408.0,76.0500032,19491.54542697416,0.0,True,5
3404,455.936,10558.020872974581,408.4931470476247,76.0,19491.587603300977,0.0,False,5
3405,456.176,10555.71712623917,435.2590440955562,76.0,19496.654269967643,17.0,False,5
3406,456.253,10552.0,443.0,74.90000091428571,19498.219527260237,18.374998857142856,False,5
3407,456.456,10534.309075531015,476.4858189779568,72.0,19502.254269967645,22.0,False,5
3408,456.494,10530.0,483.0,72.1187496,19503.020946186163,19.625008,False,5
3409,456.653,10509.0,508.0,72.6156248,19506.27435892589,9.687504,False,5
3410,456.776,10489.340627411066,525.3462983666542,73.0,19508.743158856534,2.0,False,5
3411,456.936,10460.963619842336,545.4280315379775,70.0,19511.854269967644,9.0,False,5
3412,456.994,10451.0,552.0,70.4142848,19512.99480296578,12.9357056,False,5
3413,457.216,10414.807979805642,573.7041852566193,72.0,19517.454269967646,28.0,False,5
3414,457.354,10391.0,585.0,73.2937488,19520.266107092542,34.8999936,False,5
3415,457.433,10376.0,591.0,74.0343744,19521.901200501383,38.8499968,False,5
3416,457.536,10352.915683954056,599.7791078900957,75.0,19524.120936634314,44.0,False,5
3417,457.794,10290.0,622.0,82.2562464,19530.099546632388,56.093744,False,5
3418,457.856,10278.6479782923,625.451992240065,84.0,19531.58760330098,59.0,False,5
3419,458.033,10249.0,633.0,87.3187488,19535.90402933571,65.6374976,False,5
3420,458.176,10215.278344153936,640.8140688056386,90.0,19539.58760330098,71.0,False,5
3421,458.233,10199.0,644.0,92.4937472,19541.130252957177,72.2468736,False,5
3422,458.496,10104.736681558952,657.0609312156145,104.0,19548.832047745425,78.0,False,5
3423,458.573,10075.0,660.0,108.17082986666666,19551.28918162425,80.24583146666667,False,5
3424,458.736,10012.068568699371,664.5840007309963,117.0,19556.632047745425,85.0,False,5
3425,458.896,9954.457984176173,667.122215943996,117.0,19561.832047745425,96.0,False,5
3426,458.994,9927.0,668.0,125.5749888,19565.341979357785,97.8374976,False,5
3427,459.056,9912.8773356832,668.2984240586769,131.0,19567.654269967647,99.0,False,5
3428,459.274,9867.0,669.0,137.812496,19576.067502188715,99.6812496,False,5
3429,459.376,9831.583339706474,670.3571972654131,141.0,19580.18760330098,100.0,False,5
3430,459.474,9790.0,672.0,145.083328,19584.268715247017,100.0,False,5
3431,459.616,9720.347427171284,674.3230772462775,151.0,19590.254269967645,100.0,False,5
3432,459.776,9636.94572723119,676.7496385100137,151.0,19596.965381078757,100.0,False,5
3433,459.794,9628.0,677.0,152.3499904,19597.760502007317,100.0,False,5
3434,459.953,9552.0,679.0,164.2749952,19605.264923618768,100.0,False,5
3435,460.096,9483.768644761263,680.5118569503785,175.0,19612.52093663431,100.0,False,5
3436,460.134,9465.0,681.0,177.5333248,19614.50268971339,100.0,False,5
3437,460.314,9373.0,684.0,189.5333248,19624.08848191905,100.0,False,5
3438,460.336,9362.048949308535,684.38363768155,191.0,19625.254269967645,100.0,False,5
3439,460.496,9281.335313332456,687.2278076968325,191.0,19633.74315885653,100.0,False,5
3440,460.534,9258.0,688.0,193.0055488,19635.835866180845,100.0,False,5
3441,460.856,9008.346840301585,695.6460967125041,210.0,19654.74315885653,100.0,False,5
3442,460.874,8997.0,696.0,210.3214262857143,19655.821179791248,100.0,False,5
3443,461.254,8840.0,701.0,217.10714057142857,19678.813166582135,100.0,False,5
3444,461.416,8752.168836883535,703.1617480379923,220.0,19688.965381078753,100.0,False,5
3445,461.493,8690.0,705.0,225.7749952,19693.89034459958,100.0,False,5
3446,461.576,8603.085925672247,707.8803310930338,232.0,19699.276492189867,100.0,False,5
3447,461.693,8482.0,712.0,236.09499776,19707.014345314103,100.0,False,5
3448,461.776,8431.062915961005,713.5468919086659,239.0,19712.554269967644,100.0,False,5
3449,461.936,8386.93639339535,714.3585358328041,242.0,19723.309825523196,100.0,False,5
3450,461.993,8361.0,715.0,244.27999744,19727.23014358357,100.0,False,5
3451,462.136,8264.948713480508,717.6626555524792,250.0,19737.198714412087,100.0,False,5
3452,462.154,8252.0,718.0,250.0,19738.44820629214,100.0,False,5
3453,462.416,8068.626298515673,721.7978214955772,250.0,19756.64315885653,100.0,False,5
3454,462.513,8000.0,723.0,254.8499968,19763.596047776457,100.0,False,5
3455,462.593,7943.0,724.0,258.8499968,19769.41015376144,100.0,False,5
3456,462.616,7927.24042959908,724.3006668668659,260.0,19771.087603300974,100.0,False,5
3457,462.816,7795.671936402452,727.3436369916818,265.0,19785.809825523196,100.0,False,5
3458,462.893,7724.0,729.0,267.2458314666667,19791.57470341109,100.0,False,5
3459,463.056,7519.960474479414,733.5002836453614,272.0,19803.94315885653,100.0,False,5
3460,463.113,7452.0,735.0,273.4249984,19808.305766419784,100.0,False,5
3461,463.256,7315.498401514506,738.0822479719164,277.0,19819.332047745418,100.0,False,5
3462,463.456,7195.599494688933,740.8925890442997,281.0,19834.94315885653,100.0,False,5
3463,463.574,7142.0,742.0,282.76999808,19844.251439456162,100.0,False,5
3464,463.856,7028.768776091063,743.820143310097,287.0,19866.832047745418,100.0,False,5
3465,463.973,6886.0,747.0,289.63249856,19876.370539302952,100.0,False,5
3466,464.134,6590.0,754.0,293.25499712,19889.640676378065,100.0,False,5
3467,464.256,6483.800531034479,756.3837055690675,296.0,19899.720936634305,100.0,False,5
3468,464.454,6442.0,757.0,297.97999872,19916.110292290647,100.0,False,5
3469,464.456,6441.02492949424,757.0199427705734,298.0,19916.276492189863,100.0,False,5
3470,464.696,6244.092631820749,761.4042291157242,301.0,19936.34315885653,100.0,False,5
3471,464.773,6174.0,763.0,302.28333226666666,19942.8362879019,100.0,False,5
3472,464.936,6037.663171291171,766.1776006343148,305.0,19956.676492189858,100.0,False,5
3473,464.974,6006.0,767.0,305.75999744,19959.923136922855,100.0,False,5
3474,465.133,5870.0,771.0,308.93999872,19973.584391511864,100.0,False,5
3475,465.136,5867.411461343675,771.0827115108834,309.0,19973.84315885653,100.0,False,5
3476,465.274,5750.0,775.0,310.37999872,19985.784311795695,100.0,False,5
3477,465.536,5544.993435430914,781.7526472712506,313.0,20008.620936634306,100.0,False,5
3478,465.613,5456.0,785.0,313.64166613333333,20015.358866372004,100.0,False,5
3479,465.794,5194.0,795.0,315.14999893333334,20031.2424912829,100.0,False,5
3480,465.896,5088.097505508015,798.9337476784953,316.0,20040.22093663431,100.0,False,5
3481,466.176,4947.773046225065,803.3623814373725,318.0,20064.95426996764,100.0,False,5
3482,466.254,4895.0,805.0,318.19499968,20071.854046092674,100.0,False,5
3483,466.453,4718.0,811.0,318.69249984,20089.473801918633,100.0,False,5
3484,466.534,4647.0,814.0,318.89499968,20096.66462044227,100.0,False,5
3485,466.576,4612.859415417508,815.3941853587604,319.0,20100.398714412087,100.0,False,5
3486,466.814,4398.0,823.0,320.6999990857143,20121.618112461576,100.0,False,5
3487,466.856,4336.241148906353,825.1588315465162,321.0,20125.36538107875,100.0,False,5
3488,466.994,4113.0,833.0,321.0,20137.672290598177,100.0,False,5
3489,467.016,4084.6580715651194,833.9977041115538,321.0,20139.63204774542,100.0,False,5
3490,467.416,3857.838276841864,842.00380167238,320.0,20175.187603300976,100.0,False,5
3491,467.454,3829.0,843.0,320.18999936,20178.572464085944,100.0,False,5
3492,467.616,3663.3357572818727,848.7005556143408,321.0,20193.020936634308,100.0,False,5
3493,467.674,3597.0,851.0,321.0,20198.19524685198,100.0,False,5
3494,467.776,3478.731640289116,855.1382493771888,321.0,20207.287603300978,100.0,False,5
3495,467.936,3290.71568448502,861.8095836904861,320.0,20221.509825523197,100.0,False,5
3496,468.113,3117.0,868.0,320.0,20237.242408650323,100.0,False,5
3497,468.216,3039.166115540763,870.7717105597306,320.0,20246.398714412087,100.0,False,5
3498,468.414,2889.0,876.0,320.0,20263.998635414555,100.0,False,5
3499,468.456,2844.672778760522,877.5040123670799,320.0,20267.732047745423,100.0,False,5
3500,468.616,2637.491786368196,884.4543768435364,320.0,20281.954269967642,100.0,False,5
3501,468.733,2504.0,889.0,320.0,20292.35177350401,100.0,False,5
3502,468.776,2464.661020810897,890.3725660342219,320.0,20296.176492189865,100.0,False,5
3503,469.096,2267.8078657161354,897.5595311030978,321.0,20324.709825523198,100.0,False,5
3504,469.113,2255.0,898.0,321.0,20326.22601774239,100.0,False,5
3505,469.296,2092.4954702902464,903.4636281903059,321.0,20342.54315885653,100.0,False,5
3506,469.313,2077.0,904.0,321.0,20344.05893254141,100.0,False,5
3507,469.413,1988.0,907.0,321.0,20352.975615042214,100.0,False,5
3508,469.456,1951.2023602853612,907.9263980572828,321.0,20356.8098255232,100.0,False,5
3509,469.593,1827.0,910.0,321.0,20369.025656577247,100.0,False,5
3510,469.616,1801.6705356984828,910.4514368101317,321.0,20371.076492189863,100.0,False,5
3511,469.856,1481.1157672743518,916.8076636785734,321.0,20392.476492189864,100.0,False,5
3512,469.913,1418.0,918.0,321.0,20397.55898682935,100.0,False,5
3513,470.016,1329.2875598414005,919.5037376393118,321.0,20406.743158856534,100.0,False,5
3514,470.296,1190.5513535489338,921.4519564176412,321.0,20431.709825523198,100.0,False,5
3515,470.374,1132.0,923.0,321.0,20438.66480418634,100.0,False,5
3516,470.414,1097.0,924.0,321.0,20442.231463540204,100.0,False,5
3517,470.576,952.424801340742,927.1720708635199,321.0,20456.67649218987,100.0,False,5
3518,470.694,847.0,929.0,321.0,20467.198248282333,100.0,False,5
3519,470.894,669.0,932.0,321.0,20485.031605237356,100.0,False,5
3520,470.936,631.4353372360482,932.6285148638136,321.0,20488.776492189863,100.0,False,5
3521,471.154,437.0,936.0,321.0,20508.21340062581,100.0,False,5
3522,471.336,276.5504340935355,939.2438772762683,321.0,20524.443158856535,100.0,False,5
3523,471.373,240.0,940.0,321.0,20527.743237071827,100.0,False,5
3524,471.536,57.53243947799326,943.7322306703909,321.0,20542.276492189867,100.0,False,5
3525,471.593,-8.0,945.0,320.8218752,20547.3512850212,100.0,False,5
3526,471.856,-295.973591308365,949.9101643461494,320.0,20570.720936634312,100.0,False,5
3527,472.014,-453.0,953.0,319.2119705874467,20584.74133405519,100.0,False,5
3528,472.257,-665.283410410347,958.8052624894533,318.0,20606.14260330098,100.0,False,5
3529,472.413,-763.0,962.0,315.263158333729,20619.65709465093,60.90226191041413,False,5
3530,472.656,-840.6715350322118,965.2522750034808,311.0,20640.611769967647,0.0,False,5
3531,472.774,-896.0,969.0,311.0,20650.8684746418,0.0,False,5
3532,472.816,-923.4869853270474,970.9674147671315,311.0,20654.433992189868,0.0,True,5
3533,472.976,-1053.3512360868197,980.8577064512788,295.0,20667.54510330098,0.0,True,5
3534,472.993,-1067.0,982.0,295.0,20668.947085077536,0.0,True,5
3535,473.216,-1233.1533917645374,997.7224413199514,295.0,20687.21176996765,0.0,True,5
3536,473.234,-1246.0,999.0,291.72145188571426,20688.57073579964,0.0,True,5
3537,473.434,-1385.0,1013.0,255.29288045714287,20702.259116951504,0.0,True,5
3538,473.496,-1426.2191905637194,1017.2491642103097,244.0,20706.189547745424,0.0,True,5
3539,473.674,-1539.0,1029.0,220.86001664,20716.989425889737,0.0,True,5
3540,473.696,-1552.3278402667884,1030.372530565676,218.0,20718.300658856537,0.0,True,5
3541,473.914,-1678.0,1043.0,209.8250048,20731.020842885584,0.0,True,5
3542,473.936,-1690.2266640836344,1044.1846394687461,209.0,20732.233992189867,0.0,True,5
3543,474.113,-1784.0,1053.0,191.93214902857142,20741.391403393056,0.0,True,5
3544,474.216,-1831.363234357394,1057.3072689486646,182.0,20746.389547745424,0.0,True,5
3545,474.314,-1884.0,1062.0,175.35000868571427,20750.996923576815,0.0,True,5
3546,474.496,-2022.4184701390197,1074.0558092370793,163.0,20759.0673255232,0.0,True,5
3547,474.533,-2047.0,1076.0,160.3277824,20760.606396494677,0.0,True,5
3548,474.833,-2166.0,1081.0,138.66111573333333,20771.954151973317,0.0,True,5
3549,474.856,-2174.121193276984,1080.9694360062763,137.0,20772.7673255232,0.0,True,5
3550,474.993,-2224.0,1080.0,128.68214674285716,20777.47337318448,0.0,True,5
3551,475.136,-2272.205914139052,1077.394242453805,120.0,20782.100658856536,0.0,True,5
3552,475.313,-2332.0,1071.0,111.1500032,20787.376607662773,0.0,True,5
3553,475.456,-2386.7352045026973,1062.4945583922176,104.0,20791.34510330098,0.0,True,5
3554,475.553,-2419.0,1057.0,99.84285988571429,20793.917438285178,0.0,True,5
3555,475.736,-2456.054288786731,1050.3867372323814,92.0,20798.500658856534,0.0,True,5
3556,475.893,-2487.0,1038.0,87.71818356363636,20802.141212322324,0.0,True,5
3557,476.173,-2568.0,992.0,80.08181992727273,20808.213748655733,0.0,True,5
3558,476.176,-2568.52852426245,991.6679204991024,80.0,20808.27843663431,0.0,True,5
3559,476.416,-2583.9180324109234,977.4997718686712,75.0,20813.27843663431,0.0,True,5
3560,476.433,-2585.0,976.0,73.64000512,20813.593556950334,0.0,True,5
3561,476.616,-2603.5457523596133,951.1523139297498,59.0,20816.55621441209,0.0,True,5
3562,476.673,-2609.0,943.0,54.487505066666664,20817.31471183087,0.0,True,5
3563,476.856,-2620.102780283542,920.8220492944561,40.0,20819.222881078756,0.0,True,5
3564,476.993,-2624.0,909.0,31.192861257142855,20820.13230607583,0.0,True,5
3565,477.136,-2625.7919850162307,900.9819808409776,22.0,20820.933992189868,0.0,True,5
3566,477.154,-2626.0,900.0,22.299997866666665,20821.048796035455,0.0,True,5
3567,477.373,-2629.0,887.0,25.949998933333333,20822.64420578287,0.0,True,5
3568,477.376,-2629.0351803313292,886.8309536006079,26.0,20822.6673255232,0.0,True,5
3569,477.573,-2631.0,875.0,26.856521460869565,20824.229153968015,0.0,True,5
3570,477.813,-2634.0,850.0,27.899999721739132,20826.248123012545,0.0,True,5
3571,478.074,-2634.0,831.0,29.034782052173913,20828.491141718863,0.0,True,5
3572,478.296,-2632.6326271992107,811.8962752120997,30.0,20830.33399218987,0.0,True,5
3573,478.354,-2632.0,807.0,29.6375008,20830.805493434473,0.0,True,5
3574,478.456,-2630.5468975214617,798.9564376017132,29.0,20831.622881078758,0.0,True,5
3575,478.614,-2628.0,787.0,28.3416672,20832.85416495949,0.0,True,5
3576,478.696,-2626.907523508483,780.424408766627,28.0,20833.489547745423,0.0,True,5
3577,478.814,-2625.0,771.0,28.0,20834.40866257252,0.0,True,5
3578,478.857,-2623.963884212404,767.7737982707722,28.0,20834.741769967644,0.0,True,5
3579,478.993,-2620.0,758.0,27.622222222222224,20835.78243684965,0.0,True,5
3580,479.217,-2614.388871653803,741.9954343151187,27.0,20837.441769967645,0.0,True,5
3581,479.233,-2614.0,741.0,26.927107072130177,20837.55688648538,0.0,True,5
3582,479.354,-2611.0,734.0,26.375854596686345,20838.4125239142,0.0,True,5
3583,479.533,-2606.0,722.0,25.56036467457098,20839.64102144673,0.0,True,5
3584,479.656,-2601.8218332120264,714.2519568792321,25.0,20840.490381078755,0.0,True,5
3585,479.813,-2596.0,705.0,25.0,20841.580898574473,0.0,True,5
3586,479.816,-2595.8896776482993,704.8240371986336,25.0,20841.601492189864,0.0,True,5
3587,480.096,-2585.767806983449,688.5167434180213,24.0,20843.468158856533,0.0,True,5
3588,480.376,-2576.22702808317,672.992380851503,23.0,20845.25704774542,0.0,True,5
3589,480.414,-2575.0,671.0,22.8416672,20845.493585373177,0.0,True,5
3590,480.616,-2568.6880939481484,660.8555658190687,22.0,20846.723714412088,0.0,True,5
3591,480.754,-2563.0,654.0,21.5687504,20847.53534769817,0.0,True,5
3592,480.814,-2560.0,651.0,21.3812504,20847.882027577576,0.0,True,5
3593,480.936,-2555.4530911303277,645.4788877049164,21.0,20848.590381078753,0.0,True,5
3594,481.034,-2552.0,641.0,21.0,20849.163497971833,0.0,True,5
3595,481.313,-2538.0,626.0,21.0,20850.79250697446,0.0,True,5
3596,481.336,-2536.809689622181,624.7528008749777,21.0,20850.923714412085,0.0,False,5
3597,481.693,-2521.0,608.0,20.00833351111111,20852.907127424052,0.0,False,5
3598,481.696,-2520.9119595581783,607.9070052776742,20.0,20852.923714412085,0.0,False,5
3599,482.013,-2514.0,601.0,20.0,20854.683987974862,0.0,False,5
3600,482.056,-2512.5435467446505,599.6613019970348,20.0,20854.923714412085,0.0,False,5
3601,482.296,-2501.1907450058675,589.4906687679534,20.0,20856.257047745417,0.0,False,5
3602,482.413,-2496.0,585.0,19.70750016,20856.889164799286,0.0,False,5
3603,482.696,-2485.7720307376617,576.6371678275453,19.0,20858.368158856527,0.0,False,5
3604,482.713,-2485.0,576.0,18.964583466666667,20858.455437479206,0.0,False,5
3605,483.033,-2467.0,561.0,18.2979168,20860.067250811735,0.0,False,5
3606,483.176,-2460.499510633332,555.8682534282342,18.0,20860.76815885653,0.0,False,5
3607,483.373,-2454.0,551.0,17.726388977777777,20861.713979058255,0.0,False,5
3608,483.714,-2446.0,545.0,17.252777955555555,20863.310301325193,0.0,False,5
3609,483.896,-2437.3477809155256,538.3079209719226,17.0,20864.16815885653,0.0,False,5
3610,484.014,-2432.0,534.0,17.0,20864.728741102695,0.0,False,5
3611,484.296,-2424.5492218983923,527.2530772153169,17.0,20866.05704774542,0.0,False,5
3612,484.353,-2423.0,526.0,16.85750016,20866.316532909193,0.0,False,5
3613,484.534,-2416.0,521.0,16.40500032,20867.11949156227,0.0,False,5
3614,484.696,-2404.152129314138,512.8016074009435,16.0,20867.834825523198,0.0,False,5
3615,484.713,-2403.0,512.0,16.0,20867.910381570353,0.0,False,5
3616,485.094,-2388.0,501.0,16.0,20869.612638963994,0.0,False,5
3617,485.176,-2385.528579180057,498.95009765779827,16.0,20869.96815885653,0.0,False,5
3618,485.253,-2383.0,497.0,15.807980178829753,20870.29635470562,0.0,False,5
3619,485.454,-2375.0,492.0,15.306733375638245,20871.13053086459,0.0,False,5
3620,485.577,-2370.384801857589,489.0628343529254,15.0,20871.638992189863,0.0,False,5
3621,485.674,-2367.0,487.0,15.0,20872.041580647518,0.0,False,5
3622,485.857,-2361.0021117624487,483.9563830816928,15.0,20872.80565885653,0.0,False,5
3623,485.914,-2359.0,483.0,15.0,20873.045145531996,0.0,False,5
3624,486.073,-2353.0,480.0,15.0,20873.708417816673,0.0,False,5
3625,486.096,-2352.180322410756,479.53102406754095,15.0,20873.801492189865,0.0,False,5
3626,486.313,-2345.0,475.0,14.0958336,20874.646098695204,0.0,False,5
3627,486.336,-2344.1942299059237,474.5718117421519,14.0,20874.7348255232,0.0,False,5
3628,486.534,-2337.0,471.0,14.0,20875.50338044636,0.0,False,5
3629,486.616,-2334.290396534919,469.0706033478734,14.0,20875.823714412087,0.0,False,5
3630,486.714,-2331.0,467.0,14.0,20876.2079102886,0.0,False,5
3631,486.794,-2328.0,466.0,14.0,20876.52263690173,0.0,False,5
3632,487.056,-2318.2628859311317,461.0097494290756,14.0,20877.5348255232,0.0,False,5
3633,487.154,-2315.0,459.0,13.777273018181818,20877.897947636273,0.0,False,5
3634,487.496,-2305.4859799328888,453.2383011488889,13.0,20879.123714412086,0.0,False,5
3635,487.514,-2305.0,453.0,13.0,20879.188387616643,0.0,False,5
3636,487.696,-2299.878754404092,450.87266105446474,13.0,20879.84593663431,0.0,False,5
3637,487.793,-2296.0,449.0,13.0,20880.199661587732,0.0,False,5
3638,487.973,-2287.0,444.0,13.0,20880.85144868733,0.0,False,5
3639,488.016,-2285.6729537929955,443.2779507431186,13.0,20881.001492189866,0.0,False,5
3640,488.213,-2283.0,442.0,12.2964288,20881.660056423978,0.0,False,5
3641,488.296,-2281.1938807435645,441.0384882094291,12.0,20881.9348255232,0.0,False,5
3642,488.593,-2272.0,436.0,12.0,20882.93009402432,0.0,False,5
3643,488.656,-2270.4331289424763,435.2137248738327,12.0,20883.1348255232,0.0,False,5
3644,488.673,-2270.0,435.0,11.964583466666667,20883.189409237344,0.0,False,5
3645,488.993,-2260.0,430.0,11.2979168,20884.169926592156,0.0,False,5
3646,489.136,-2255.3986350380596,427.3611071505334,11.0,20884.601492189868,0.0,False,5
3647,489.213,-2253.0,426.0,11.0,20884.835490136662,0.0,False,5
3648,489.496,-2244.889767049028,421.9081008164472,11.0,20885.701492189866,0.0,False,5
3649,489.573,-2243.0,421.0,11.0,20885.936896366566,0.0,False,5
3650,489.736,-2239.3951847155818,419.215443035367,11.0,20886.4348255232,0.0,False,5
3651,489.753,-2239.0,419.0,11.0,20886.486772663437,0.0,False,5
3652,490.016,-2231.6031656300433,414.3978157701104,11.0,20887.290381078754,0.0,False,5
3653,490.033,-2231.0,414.0,11.0,20887.34225018437,0.0,False,5
3654,490.194,-2225.0,410.0,11.0,20887.832863239382,0.0,False,5
3655,490.376,-2221.3403100702226,407.6732406032954,11.0,20888.390381078752,0.0,False,5
3656,490.554,-2219.0,406.0,11.0,20888.936638404837,0.0,False,5
3657,490.576,-2218.6174728843785,405.6903579832361,11.0,20889.001492189862,0.0,False,5
3658,490.816,-2213.1027064568775,401.49601499298603,10.0,20889.66815885653,0.0,False,5
3659,490.854,-2212.0,401.0,10.0,20889.77287025081,0.0,False,5
3660,490.953,-2209.0,400.0,10.0,20890.047590932565,0.0,False,5
3661,491.096,-2206.0618961545015,398.31903000792937,10.0,20890.445936634307,0.0,False,5
3662,491.233,-2203.0,396.0,10.0,20890.82651267556,0.0,False,5
3663,491.256,-2202.2721348219475,395.51589845397945,10.0,20890.890381078752,0.0,False,5
3664,491.453,-2195.0,391.0,10.0,20891.437567024925,0.0,False,5
3665,491.616,-2191.9864852092173,388.9869426377128,10.0,20891.890381078752,0.0,False,5
3666,491.776,-2189.9066281111723,387.5529884494407,10.0,20892.334825523198,0.0,False,5
3667,491.814,-2189.0,387.0,10.0,20892.44037561158,0.0,False,5
3668,491.936,-2184.995936949047,384.6612655827561,10.0,20892.779269967643,0.0,False,5
3669,492.114,-2179.0,381.0,10.0,20893.27386868141,0.0,False,5
3670,492.177,-2177.906822577709,380.1219451672032,10.0,20893.448714412087,0.0,False,5
3671,492.337,-2176.973150566511,378.70993036749985,10.0,20893.893158856532,0.0,False,5
3672,492.414,-2176.0,378.0,10.0,20894.10951964752,0.0,False,5
3673,492.577,-2171.993467186854,376.12589457648016,10.0,20894.5598255232,0.0,False,5
3674,492.654,-2170.0,375.0,9.677824621837757,20894.758203556976,0.0,False,5
3675,492.816,-2166.610554484704,372.12283686270797,9.0,20895.1573255232,0.0,False,5
3676,492.893,-2165.0,371.0,9.0,20895.348616946736,0.0,False,5
3677,493.094,-2160.0,369.0,9.0,20895.852316910266,0.0,False,5
3678,493.096,-2159.9429583197484,368.96977030699514,9.0,20895.8573255232,0.0,False,5
3679,493.334,-2153.0,364.0,9.0,20896.452326734416,0.0,False,5
3680,493.336,-2152.956502220675,363.9655450517557,9.0,20896.4573255232,0.0,False,5
3681,493.616,-2149.281274602753,361.1538412083691,9.0,20897.1573255232,0.0,False,5
3682,493.634,-2149.0,361.0,9.0,20897.20232763724,0.0,False,5
3683,493.856,-2144.0793846449737,358.62122956101496,9.0,20897.7573255232,0.0,False,5
3684,493.894,-2143.0,358.0,9.0,20897.852318057787,0.0,False,5
3685,494.094,-2137.0,354.0,9.0,20898.352323578278,0.0,False,5
3686,494.096,-2136.9535258897663,353.9674273197355,9.0,20898.357325523197,0.0,False,5
3687,494.393,-2133.0,351.0,9.0,20899.09993970683,0.0,False,5
3688,494.416,-2132.6550398345057,350.73171085410775,9.0,20899.157325523196,0.0,False,5
3689,494.613,-2129.0,348.0,9.0,20899.6489090191,0.0,False,5
3690,494.656,-2128.1610660534357,347.4414570517682,9.0,20899.757325523195,0.0,False,5
3691,494.816,-2124.8824959873227,345.49385693890844,9.0,20900.157325523196,0.0,False,5
3692,494.853,-2124.0,345.0,8.7687504,20900.243038815053,0.0,False,5
3693,494.976,-2120.6551617525297,343.1792272321214,8.0,20900.51288107875,0.0,False,5
3694,495.173,-2115.0,340.0,8.0,20900.950089611535,0.0,False,5
3695,495.256,-2113.033934960534,338.7239406045302,8.0,20901.13510330097,0.0,False,5
3696,495.456,-2109.33496549035,335.94043470213484,8.0,20901.579547745416,0.0,False,5
3697,495.553,-2108.0,335.0,8.0,20901.795070256132,0.0,False,5
3698,495.696,-2106.5543912078156,334.19316746291,8.0,20902.11288107875,0.0,False,5
3699,495.856,-2104.7063070766285,333.36680915191744,8.0,20902.468436634303,0.0,False,5
3700,495.893,-2104.0,333.0,8.0,20902.550658012948,0.0,False,5
3701,496.153,-2097.0,329.0,8.0,20903.128436692627,0.0,False,5
3702,496.176,-2096.424907860494,328.6354378525422,8.0,20903.179547745414,0.0,False,5
3703,496.576,-2089.458527851057,323.3521227308033,8.0,20904.068436634305,0.0,False,5
3704,496.613,-2089.0,323.0,8.0,20904.150662994078,0.0,False,5
3705,496.853,-2086.0,321.0,8.0,20904.684033825586,0.0,False,5
3706,496.976,-2083.307622207442,319.50532938690696,8.0,20904.957325523195,0.0,False,5
3707,497.176,-2077.8716455591843,316.5246664072017,8.0,20905.40176996764,0.0,False,5
3708,497.213,-2077.0,316.0,8.0,20905.484115486346,0.0,False,5
3709,497.336,-2074.4725705023893,314.34126216473,8.0,20905.757325523195,0.0,False,5
3710,497.616,-2070.248614728032,311.16621557765853,8.0,20906.379547745415,0.0,False,5
3711,497.634,-2070.0,311.0,8.0562496,20906.42170378035,0.0,False,5
3712,497.936,-2065.403912790738,308.2597944185023,9.0,20907.179547745414,0.0,False,5
3713,497.954,-2065.0,308.0,9.0562496,20907.227276278336,0.0,False,5
3714,498.074,-2062.0,306.0,9.4312496,20907.552309925028,0.0,False,5
3715,498.256,-2058.5483005250303,303.5938713709276,10.0,20908.068436634305,0.0,False,5
3716,498.354,-2056.0,302.0,10.6124992,20908.35875299549,0.0,False,5
3717,498.416,-2053.8040292134992,300.71042680205943,11.0,20908.557325523194,0.0,False,5
3718,498.634,-2044.0,295.0,13.327401298767555,20909.385269412265,0.0,False,5
3719,498.697,-2041.3528087217846,293.29872730629984,14.0,20909.65010330097,0.0,False,5
3720,498.897,-2033.9436102013622,288.0490957502312,16.0,20910.53899218986,0.0,False,5
3721,498.994,-2031.0,286.0,16.4041664,20910.981911102717,0.0,False,5
3722,499.137,-2027.4798023964242,283.74925923412434,17.0,20911.672325523195,0.0,False,5
3723,499.337,-2022.3533106061757,280.8009800302914,20.0,20912.783436634305,0.0,False,5
3724,499.373,-2021.0,280.0,20.338557925806562,20912.99881204706,0.0,False,5
3725,499.634,-2008.0,272.0,22.793102286023366,20914.67431644003,0.0,False,5
3726,499.656,-2006.8525418569197,271.2450231752098,23.0,20914.82149218986,0.0,False,5
3727,499.856,-1995.7737468628013,263.75451570622477,25.0,20916.210381078752,0.0,False,5
3728,499.894,-1993.0,262.0,25.56999808,20916.493404972618,0.0,False,5
3729,500.056,-1978.3280628542714,253.1935080668736,28.0,20917.765936634307,0.0,False,5
3730,500.114,-1973.0,250.0,28.483332266666668,20918.23687437113,0.0,False,5
3731,500.296,-1958.1303762237305,240.8106584509589,30.0,20919.765936634307,0.0,False,5
3732,500.494,-1944.0,232.0,31.8562488,20921.53642562759,0.0,False,5
3733,500.616,-1935.7154916758207,227.04868190234615,33.0,20922.69926996764,0.0,False,5
3734,500.856,-1919.2211337461272,217.57614890515723,37.0,20925.16593663431,0.0,False,5
3735,500.933,-1913.0,214.0,37.82499931428571,20926.00187960263,1.374998857142857,False,5
3736,501.013,-1906.0,210.0,38.68214217142857,20926.892028037546,2.8035702857142857,False,5
3737,501.136,-1894.52824233014,203.91534964238767,40.0,20928.27704774542,5.0,False,5
3738,501.213,-1887.0,200.0,40.64166613333333,20929.1487439692,6.283332266666667,False,5
3739,501.376,-1870.296247581372,191.08631364139816,42.0,20931.07704774542,9.0,False,5
3740,501.533,-1853.0,182.0,45.9249984,20933.189163588384,9.0,False,5
3741,501.736,-1828.6334376350974,170.0842812684139,51.0,20936.17704774542,9.0,False,5
3742,501.773,-1824.0,168.0,51.73999872,20936.73393200315,9.73999872,False,5
3743,501.934,-1803.0,159.0,54.95999744,20939.20146663204,12.95999744,False,5
3744,501.936,-1802.7239869207133,158.87694239870845,55.0,20939.232603300974,13.0,False,5
3745,502.013,-1792.0,154.0,55.76999936,20940.44043025565,13.76999936,False,5
3746,502.136,-1776.929932519903,147.39934877452927,57.0,20942.399269967642,15.0,False,5
3747,502.273,-1754.0,139.0,58.36999936,20944.61420752278,18.4249984,False,5
3748,502.336,-1737.522969139681,133.54639688931167,59.0,20945.67704774542,20.0,False,5
3749,502.474,-1698.0,121.0,63.13999616,20948.142200327766,22.75999744,False,5
3750,502.536,-1685.6450408972669,117.1855161750266,65.0,20949.28815885653,24.0,False,5
3751,502.776,-1665.330902604931,112.10835486808548,68.0,20953.82149218986,28.0,False,5
3752,502.893,-1648.0,109.0,68.0,20956.00744843515,32.67999744,False,5
3753,502.976,-1629.0122916801536,105.54433255715259,68.0,20957.59926996764,36.0,False,5
3754,503.193,-1570.0,95.0,72.43863505454546,20962.097864616517,41.918180072727274,False,5
3755,503.416,-1537.6701336299502,90.65809182204737,77.0,20967.01038107875,48.0,False,5
3756,503.513,-1523.0,90.0,78.93999872,20969.167924213583,49.93999872,False,5
3757,503.616,-1502.7953384021423,89.70415098514663,81.0,20971.51038107875,52.0,False,5
3758,503.773,-1466.0,91.0,84.4343736,20975.26205825706,51.5093752,False,5
3759,503.936,-1425.8024079870947,96.16744898063476,88.0,20979.332603300973,51.0,False,5
3760,504.033,-1402.0,100.0,90.4249984,20981.81170047122,54.6374976,False,5
3761,504.176,-1367.3097779350678,105.847468456404,94.0,20985.59926996764,60.0,False,5
3762,504.233,-1351.0,109.0,95.8321408,20987.177849345695,61.017856,False,5
3763,504.454,-1275.0,126.0,102.93571017142857,20993.552408240215,64.96428342857143,False,5
3764,504.456,-1274.39895643116,126.14728319329195,103.0,20993.61038107875,65.0,False,5
3765,504.696,-1219.7507586735703,141.6797831658846,105.0,21000.61038107875,69.0,False,5
3766,504.773,-1201.0,148.0,106.64999862857142,21002.930741898366,70.37499885714286,False,5
3767,504.954,-1148.0,167.0,110.52856868571429,21008.548272387474,73.60714057142857,False,5
3768,504.976,-1141.6881658042846,169.40384062863907,111.0,21009.24371441208,74.0,False,5
3769,505.137,-1098.3932629924018,187.03387203445595,117.0,21014.47621441208,75.0,False,5
3770,505.274,-1049.0,209.0,125.90499584,21019.370598857204,78.4249984,False,5
3771,505.337,-1018.9441043209692,222.69749780745641,130.0,21021.698436634302,80.0,False,5
3772,505.434,-977.0,242.0,131.8187488,21025.320866755865,85.4562464,False,5
3773,505.657,-968.3645372784312,246.4641821723148,136.0,21033.78732552319,98.0,False,5
3774,505.714,-961.0,250.0,136.47499946666667,21035.96887671378,98.47499946666667,False,5
3775,505.894,-899.0,279.0,137.97499946666667,21042.872698508178,99.97499946666667,False,5
3776,505.897,-897.8798010916266,279.52608287445395,138.0,21042.98732552319,100.0,False,5
3777,506.097,-828.6870998279998,312.2983314757576,137.0,21050.5984366343,97.0,False,5
3778,506.114,-823.0,315.0,137.0,21051.244915763215,94.68459706159781,False,5
3779,506.376,-735.0213235763525,356.79561329937417,137.0,21061.2159366343,59.0,False,5
3780,506.473,-699.0,374.0,137.0,21064.907621550745,56.2718768,False,5
3781,506.696,-609.5393145072919,416.88318345849444,137.0,21073.39371441208,50.0,False,5
3782,506.714,-603.0,420.0,137.0,21074.078696744553,50.07499946666667,False,5
3783,506.936,-535.666874314468,451.66750683535713,137.0,21082.52704774541,51.0,False,5
3784,507.053,-500.0,468.0,137.0,21086.979546997365,53.1937488,False,5
3785,507.096,-485.68023513627685,474.4882721187269,137.0,21088.6159366343,54.0,False,5
3786,507.234,-437.0,496.0,137.0,21093.867592788654,53.42500053333333,False,5
3787,507.336,-401.36214372383876,510.63598038118454,137.0,21097.749269967637,53.0,False,5
3788,507.414,-374.0,521.0,137.0,21100.717612900222,50.66000384,False,5
3789,507.573,-317.0,540.0,137.0,21106.768499697708,45.89000192,False,5
3790,507.736,-257.7252895156079,556.80087325641,137.0,21112.97149218986,41.0,False,5
3791,507.913,-192.0,573.0,137.0,21119.707140961968,43.94999893333333,False,5
3792,507.976,-168.11055407271047,578.5146827089305,137.0,21122.104825523194,45.0,False,5
3793,508.093,-124.0,588.0,137.0,21126.558162091926,48.50999808,False,5
3794,508.176,-94.04232420905518,593.6452149025081,137.0,21129.715936634304,51.0,False,5
3795,508.333,-34.0,603.0,137.0,21135.684127996432,51.0,False,5
3796,508.416,4.7888502632875465,608.2074158569407,137.0,21138.84926996764,51.0,False,5
3797,508.573,79.0,617.0,137.78499968,21144.866956213824,52.56999936,False,5
3798,508.616,95.02041354990412,618.5952317890789,138.0,21146.515936634307,53.0,False,5
3799,508.776,140.2286305694879,621.7464157509878,138.0,21152.649269967642,55.0,False,5
3800,508.853,163.0,623.0,138.27499977142858,21155.61217210968,55.549999542857144,False,5
3801,509.056,237.17882188554952,627.0149016991869,139.0,21163.460381078752,57.0,False,5
3802,509.173,287.0,629.0,139.29249984,21167.998371519712,58.16999936,False,5
3803,509.433,403.0,631.0,139.94249984,21178.11836301174,60.76999936,False,5
3804,509.456,411.5008051934551,630.9898845718425,140.0,21179.01593663431,61.0,False,5
3805,509.673,480.0,629.0,140.6781248,21187.50378521159,67.781248,False,5
3806,509.776,517.051470223675,626.4323448747136,141.0,21191.549269967643,71.0,False,5
3807,510.013,612.0,617.0,141.84642834285714,21200.897606343515,71.84642834285714,False,5
3808,510.054,628.0,615.0,141.9928566857143,21202.514841151482,71.99285668571429,False,5
3809,510.056,628.7817545560719,614.8962112740589,142.0,21202.593714412087,72.0,False,5
3810,510.216,691.795649787128,604.6395107662562,142.0,21208.9048255232,72.0,False,5
3811,510.253,706.0,602.0,142.18499968,21210.36981167775,72.0,False,5
3812,510.416,766.2119832687652,589.7232869928636,143.0,21216.849269967646,72.0,False,5
3813,510.513,807.0,580.0,143.2020832,21220.71344825884,72.0,False,5
3814,510.793,954.0,539.0,143.78541653333335,21231.90508535695,72.0,False,5
3815,510.896,1004.4824270290061,522.6658836527985,144.0,21236.049269967647,72.0,False,5
3816,511.174,1124.0,481.0,145.7374992,21247.315971558808,72.8687496,False,5
3817,511.216,1140.8213305959373,475.6468315022705,146.0,21249.027047745425,73.0,False,5
3818,511.353,1194.0,459.0,146.68499968,21254.62187567014,73.0,False,5
3819,511.416,1217.8824741831615,450.76123966373314,147.0,21257.193714412093,73.0,False,5
3820,511.534,1262.0,434.0,147.0,21262.001595837057,73.0,False,5
3821,511.616,1292.5194483427304,421.20945799133887,147.0,21265.36038107876,73.0,False,5
3822,511.734,1338.0,401.0,148.46583750194782,21270.242251756146,73.0,False,5
3823,511.777,1355.7037119813779,393.04859649942216,149.0,21272.023992189872,73.0,False,5
3824,511.913,1407.0,370.0,149.0,21277.646404944237,73.0,False,5
3825,512.017,1424.9363554380861,362.38522448852774,149.0,21281.957325523206,73.0,False,5
3826,512.173,1443.0,354.0,150.3,21288.475807434923,72.35,False,5
3827,512.257,1467.6774182735185,341.1297189427173,151.0,21292.02399218987,72.0,False,5
3828,512.433,1539.0,303.0,153.5142857142857,21299.563121205218,67.6,False,5
3829,512.537,1577.77094423015,281.9573163740583,155.0,21304.079547745427,65.0,False,5
3830,512.614,1607.0,266.0,155.9624992,21307.451131673475,64.2781256,False,5
3831,512.854,1706.0,211.0,158.9624992,21318.079404244858,62.0281256,False,5
3832,512.857,1707.1298986210895,210.3395615474177,159.0,21318.212881078758,62.0,False,5
3833,513.136,1798.688699083333,152.57209194059078,161.0,21330.69038107876,52.0,False,6
3834,513.174,1812.0,144.0,161.27142765714285,21332.4027842129,52.0,False,6
3835,513.354,1881.0,100.0,162.55714194285713,21340.554360550053,52.0,False,6
3836,513.416,1905.0599385462426,84.73239200036647,163.0,21343.36815885654,52.0,False,6
3837,513.616,1982.0470557175397,36.304980347044875,164.0,21352.47926996765,53.0,False,6
3838,513.634,1989.0,32.0,164.2249984,21353.3077872468,53.3374976,False,6
3839,513.814,2059.0,-11.0,166.4749984,21361.68820783696,56.7124976,False,6
3840,513.936,2107.198834923996,-41.27704468004184,168.0,21367.412603300985,59.0,False,6
3841,514.094,2170.0,-81.0,169.3166656,21374.8432726047,61.6333312,False,6
3842,514.134,2186.0,-91.0,169.64999893333334,21376.740931263423,62.299997866666665,False,6
3843,514.176,2204.0265308385187,-102.28772817135957,170.0,21378.745936634317,63.0,False,6
3844,514.493,2356.0,-198.0,175.28333226666666,21394.227300275852,63.880555377777775,False,6
3845,514.536,2370.7358022942535,-207.25566592324176,176.0,21396.345936634312,64.0,False,6
3846,514.753,2439.0,-250.0,177.2055552,21407.052714885263,64.6027776,False,6
3847,514.896,2522.799824550469,-302.62782826570293,178.0,21414.14593663431,65.0,False,6
3848,515.093,2641.0,-377.0,179.96999936,21423.995042589533,65.0,False,6
3849,515.096,2642.173651997101,-377.7403386394351,180.0,21424.145936634315,65.0,False,6
3850,515.373,2701.0,-415.0,182.3083328,21438.19982343656,66.53888853333333,False,6
3851,515.456,2728.7437394501135,-432.4121467452289,183.0,21442.445936634314,67.0,False,6
3852,515.693,2840.0,-502.0,184.97499946666667,21454.644949389854,68.3166663111111,False,6
3853,515.816,2897.37392062168,-537.8554831408995,186.0,21461.045936634317,69.0,False,6
3854,516.136,3038.665534128152,-626.0073691459035,190.0,21477.934825523203,69.0,False,6
3855,516.336,3126.4825891485293,-679.6125080706917,191.0,21488.545936634317,70.0,False,6
3856,516.453,3179.0,-711.0,191.41785691428572,21494.760739112906,70.83571382857143,False,6
3857,516.616,3253.631899370609,-755.0208661766626,192.0,21503.479269967647,72.0,False,6
3858,516.634,3262.0,-760.0,192.29999786666667,21504.451131375783,71.92500053333333,False,6
3859,516.813,3345.0,-810.0,195.28333226666666,21514.198265090206,71.17916693333333,False,6
3860,516.856,3363.7256316006983,-821.2763368945184,196.0,21516.545936634313,71.0,False,6
3861,517.016,3432.00614393175,-862.0852374325751,197.0,21525.30149218987,71.0,False,6
3862,517.093,3476.0,-888.0,198.15499904,21529.57020265458,57.5250112,False,6
3863,517.216,3567.6156856152134,-941.5324636618931,200.0,21536.41260330098,36.0,False,6
3864,517.353,3663.0,-997.0,198.2875008,21543.931301238605,20.5875072,False,6
3865,517.536,3714.8948408297633,-1026.8460491727442,196.0,21553.8348255232,0.0,False,6
3866,517.633,3739.0,-1040.0,194.61428662857142,21559.040096431716,0.0,False,6
3867,517.816,3817.0852120385534,-1081.8232699353975,192.0,21568.76815885654,0.0,True,6
3868,517.994,3908.0,-1130.0,188.44000256,21578.07959121184,0.0,True,6
3869,518.016,3918.5328846747843,-1135.545796794061,188.0,21579.21260330098,0.0,True,6
3870,518.034,3927.0,-1140.0,187.37000448,21580.13613187898,0.0,True,6
3871,518.216,4004.267339540236,-1180.5324050265908,181.0,21589.26815885654,0.0,True,6
3872,518.334,4061.0,-1210.0,175.61411229586383,21594.92350536172,0.0,True,6
3873,518.457,4134.7877491552135,-1248.0523150822032,170.0,21600.648714412095,0.0,True,6
3874,518.614,4226.0,-1295.0,164.9535734857143,21607.801218470377,0.0,True,6
3875,518.737,4271.3665004208115,-1318.4799665651933,161.0,21613.170936634317,0.0,True,6
3876,519.034,4339.0,-1354.0,148.17500276363637,21625.01845406837,0.0,True,6
3877,519.094,4360.0,-1365.0,145.58409367272728,21627.32653490634,0.0,True,6
3878,519.177,4389.117211253872,-1380.3083826904754,142.0,21630.526492189874,0.0,True,6
3879,519.314,4436.0,-1405.0,138.5750016,21635.79667696059,0.0,True,6
3880,519.337,4443.76508240457,-1409.0730278620272,138.0,21636.659825523206,0.0,True,6
3881,519.674,4553.0,-1466.0,126.20500224,21648.369608537923,0.0,True,6
3882,519.737,4571.995678994371,-1475.9146476347398,124.0,21650.437603300983,0.0,True,6
3883,519.854,4606.0,-1494.0,119.8064548687702,21654.210241109035,0.0,True,6
3884,520.016,4650.57929112939,-1519.2706646803922,114.0,21659.272603300982,0.0,True,6
3885,520.074,4666.0,-1528.0,111.97000448,21661.03385666916,0.0,True,6
3886,520.134,4682.0,-1537.0,109.87000448,21662.826889452655,0.0,True,6
3887,520.216,4706.874663006682,-1551.9285311238184,107.0,21665.217047745427,0.0,True,6
3888,520.314,4740.0,-1573.0,104.20000365714286,21667.976852775533,0.0,True,6
3889,520.496,4804.563723141535,-1616.542437960016,99.0,21672.917047745428,0.0,True,6
3890,520.594,4834.0,-1638.0,97.53000192,21675.55406539513,0.0,True,6
3891,520.696,4857.25225427218,-1656.7123659052977,96.0,21678.250381078764,0.0,True,6
3892,520.853,4884.0,-1681.0,92.5656264,21682.232567075396,0.0,True,6
3893,521.016,4910.455519891909,-1705.6086707843801,89.0,21686.161492189873,0.0,True,6
3894,521.113,4928.0,-1725.0,86.1708352,21688.405289704682,0.0,True,6
3895,521.256,4956.947018690378,-1762.6540577149915,82.0,21691.62815885654,0.0,True,6
3896,521.273,4960.0,-1767.0,81.8406256,21692.009115277175,0.0,True,6
3897,521.576,4992.243673218449,-1827.3560006743414,79.0,21698.65038107876,0.0,True,6
3898,521.673,4998.0,-1843.0,77.32115495384615,21700.65007685681,0.0,True,6
3899,522.096,5011.015198562942,-1908.2258404326408,70.0,21708.76149218987,0.0,True,6
3900,522.153,5011.0,-1920.0,69.3892864,21709.82887211963,0.0,True,6
3901,522.354,5007.0,-1968.0,67.23571565714286,21713.566111987297,0.0,True,6
3902,522.376,5006.092986510852,-1973.1971888576943,67.0,21713.972603300983,0.0,True,6
3903,522.616,4990.112091086304,-2025.5668069187834,66.0,21718.372603300984,0.0,False,6
3904,522.773,4979.0,-2052.0,65.21500032,21721.21234609853,0.0,False,6
3905,522.816,4976.331803022129,-2057.8533418553175,65.0,21721.983714412097,0.0,False,6
3906,523.056,4963.322702469053,-2081.5308340121205,64.0,21726.250381078764,0.0,False,6
3907,523.174,4954.0,-2095.0,64.0,21728.35080483372,0.0,False,6
3908,523.216,4949.908202986013,-2100.642603139456,64.0,21729.094825523207,0.0,False,6
3909,523.333,4937.0,-2118.0,63.41500032,21731.14976395652,0.0,False,6
3910,523.416,4927.491521887426,-2130.656450422925,63.0,21732.594825523207,0.0,False,6
3911,523.593,4907.0,-2157.0,62.26250026666666,21735.648451773493,0.0,False,6
3912,523.656,4899.88703512416,-2165.495305970709,62.0,21736.72815885654,0.0,False,6
3913,523.934,4870.0,-2198.0,61.30500032,21741.454273408617,0.0,False,6
3914,524.056,4857.878677935726,-2210.6103435155474,61.0,21743.50593663432,0.0,False,6
3915,524.173,4842.0,-2227.0,60.582143085714286,21745.459725618228,0.0,False,6
3916,524.334,4809.0,-2261.0,60.00714331428571,21748.13925687841,0.0,False,6
3917,524.336,4808.603915775171,-2261.4033253937823,60.0,21748.172603300987,0.0,False,6
3918,524.576,4770.426858450283,-2298.9949694308343,60.0,21752.172603300987,0.0,False,6
3919,524.834,4747.0,-2321.0,59.285318787424934,21756.40438893699,0.0,False,6
3920,524.937,4741.807830622488,-2326.1350089572393,59.0,21758.088992189874,0.0,False,6
3921,525.137,4728.410704467283,-2339.633590371557,59.0,21761.36676996765,0.0,False,6
3922,525.154,4726.0,-2342.0,59.0,21761.64508092431,0.0,False,6
3923,525.354,4687.0,-2380.0,59.0,21764.913721411613,0.0,False,6
3924,525.497,4665.233594283192,-2401.2517977665257,59.0,21767.266769967653,0.0,False,6
3925,525.774,4640.0,-2427.0,59.989285485714284,21771.88339392431,0.0,False,6
3926,525.777,4639.767011322106,-2427.2561793131413,60.0,21771.93343663432,0.0,False,6
3927,525.937,4628.331101036658,-2440.497250829109,60.0,21774.60010330099,0.0,False,6
3928,526.174,4610.0,-2463.0,60.0,21778.557107773297,0.0,False,6
3929,526.377,4587.828524444909,-2489.398286903675,60.0,21781.93343663432,0.0,False,6
3930,526.414,4584.0,-2494.0,59.89693612979411,21782.54563800472,0.0,False,6
3931,526.594,4566.0,-2517.0,59.39554346151871,21785.50924900672,0.0,False,6
3932,526.736,4544.958655326617,-2548.2700763039015,59.0,21787.817047745433,0.0,False,6
3933,526.834,4532.0,-2568.0,58.51000064,21789.390420178297,2.4499968,False,6
3934,526.936,4523.707764551029,-2580.4594481346326,58.0,21791.039269967656,5.0,False,6
3935,527.174,4514.0,-2596.0,60.54999862857143,21795.049936665153,9.249997714285714,False,6
3936,527.216,4511.128590955548,-2601.0936582601244,61.0,21795.7837144121,10.0,False,6
3937,527.393,4496.0,-2629.0,63.06499925333333,21798.965529092482,12.949998933333333,False,6
3938,527.553,4483.0,-2655.0,64.93166592,21801.965626649868,15.6166656,False,6
3939,527.773,4466.0,-2693.0,67.49833258666666,21806.25699125773,19.283332266666665,False,6
3940,527.816,4462.793743107457,-2701.2117272294086,68.0,21807.117047745433,20.0,False,6
3941,527.953,4454.0,-2725.0,70.93571291428572,21809.903643241978,23.4249984,False,6
3942,528.096,4450.630659432296,-2732.6240813443983,74.0,21812.872603300988,27.0,False,6
3943,528.256,4449.436705345103,-2736.064837251168,76.0,21816.250381078764,31.0,False,6
3944,528.334,4445.0,-2753.0,76.77999872,21817.92214399184,32.9499968,False,6
3945,528.456,4433.498021897652,-2797.858036367861,78.0,21820.5837144121,36.0,False,6
3946,528.473,4432.0,-2804.0,78.28333226666666,21820.960786520463,36.4249984,False,6
3947,528.696,4420.576087378799,-2861.883291565667,82.0,21826.050381078767,42.0,False,6
3948,528.936,4418.133520226482,-2900.990839502407,87.0,21831.850381078766,47.0,False,6
3949,528.953,4418.0,-2904.0,87.33999872,21832.277855666645,47.29749888,False,6
3950,529.253,4416.0,-2965.0,93.33999872,21840.168380420848,52.54749888,False,6
3951,529.336,4415.241242695988,-2986.3498164906464,95.0,21842.40593663432,54.0,False,6
3952,529.374,4415.0,-2996.0,95.6333312,21843.43365353099,54.0,False,6
3953,529.576,4415.496532605563,-3042.9732940911713,99.0,21849.00593663432,54.0,False,6
3954,529.674,4415.0,-3078.0,101.72221866666666,21851.865381482625,55.90555306666667,False,6
3955,529.873,4411.0,-3177.0,107.24999822222222,21857.95231608502,59.77499875555556,False,6
3956,529.936,4409.816133640557,-3198.890795090914,109.0,21859.90593663432,61.0,False,6
3957,530.176,4405.665953190645,-3235.0772327198492,113.0,21867.439269967654,51.0,False,6
3958,530.254,4403.0,-3251.0,114.29999786666667,21869.939505647802,51.649998933333336,False,6
3959,530.416,4394.686330664239,-3300.3980111863943,117.0,21875.239269967653,53.0,False,6
3960,530.474,4391.0,-3320.0,118.0874976,21877.17979276918,53.0,False,6
3961,530.736,4370.444240923339,-3408.1448024496904,123.0,21886.172603300984,53.0,False,6
3962,530.976,4345.992944973071,-3488.2858654127876,126.0,21894.572603300985,58.0,False,6
3963,531.136,4326.3021719589005,-3540.5807185540216,129.0,21900.30593663432,61.0,False,6
3964,531.336,4297.49664403626,-3603.9134202072546,134.0,21907.750381078764,67.0,False,6
3965,531.414,4285.0,-3628.0,134.0,21910.64081137976,68.45341434172992,False,6
3966,531.497,4270.9242216735565,-3653.2528021539283,134.0,21913.74315885654,70.0,False,6
3967,531.614,4246.0,-3692.0,136.9249984,21918.258854678174,70.7312496,False,6
3968,531.817,4176.369224222904,-3780.441909424746,142.0,21926.365381078765,72.0,False,6
3969,531.934,4137.0,-3826.0,144.33999872,21931.089684065897,72.58499968,False,6
3970,532.017,4114.274607963144,-3850.546052203846,146.0,21934.47649218988,73.0,False,6
3971,532.337,4047.8700714535153,-3906.542322388014,150.0,21947.80982552321,90.0,False,6
3972,532.374,4038.0,-3914.0,150.0,21949.35449230965,89.0750016,False,6
3973,532.554,3977.0,-3958.0,150.0,21956.85272212229,84.57500160000001,False,6
3974,532.617,3947.3238123633514,-3977.1659809544794,150.0,21959.476492189875,83.0,False,6
3975,532.777,3862.856343474186,-4028.259884511561,150.0,21966.143158856547,81.0,False,6
3976,532.814,3848.0,-4037.0,150.0,21967.684857413016,81.18499968,False,6
3977,532.977,3809.4540547817,-4058.495469012886,150.0,21974.47649218988,82.0,False,6
3978,533.094,3782.0,-4072.0,150.0,21979.3523070658,82.58499968,False,6
3979,533.177,3752.1111549797442,-4086.5550416765495,150.0,21982.809825523214,83.0,False,6
3980,533.254,3722.0,-4101.0,150.0,21986.015289812814,83.0,False,6
3981,533.336,3692.6790962149908,-4114.669840404446,150.0,21989.434825523214,83.0,False,6
3982,533.574,3598.0,-4153.0,150.99166613333333,21999.41776013622,83.99166613333334,False,6
3983,533.576,3596.87625656209,-4153.404162644577,151.0,21999.50149218988,84.0,False,6
3984,533.794,3456.0,-4201.0,150.22142902857144,22008.591081558472,83.22142902857144,False,6
3985,533.856,3424.841955129202,-4210.724658845722,150.0,22011.168158856544,83.0,False,6
3986,534.016,3373.5945883946674,-4224.442434036322,150.0,22017.83482552321,82.0,False,6
3987,534.253,3325.0,-4234.0,154.23214171428572,22028.013703594184,80.30714331428571,False,6
3988,534.296,3314.6642621510055,-4236.303099618394,155.0,22029.890381078767,80.0,False,6
3989,534.373,3293.0,-4241.0,156.4437488,22033.268606191585,80.0,False,6
3990,534.456,3260.824280705402,-4247.173110237486,158.0,22036.91260330099,80.0,False,6
3991,534.533,3227.0,-4253.0,158.0,22040.272741115023,77.43333546666666,False,6
3992,534.696,3155.473863257613,-4263.011458029532,158.0,22047.44593663432,72.0,False,6
3993,534.733,3139.0,-4265.0,159.1305536,22049.12257549948,72.0,False,6
3994,535.053,2992.0,-4278.0,168.90833137777778,22064.203274183248,72.0,False,6
3995,535.056,2990.6068404738203,-4278.065105544034,169.0,22064.345936634323,72.0,False,6
3996,535.273,2889.0,-4280.0,171.32499931428572,22074.68185760876,73.54999954285714,False,6
3997,535.313,2870.0,-4280.0,171.75357074285714,22076.60998957556,73.83571382857143,False,6
3998,535.336,2859.6106321368784,-4279.978420545429,172.0,22077.7237144121,74.0,False,6
3999,535.634,2716.0,-4272.0,176.46999808,22092.44343949666,76.97999872,False,6
4000,535.736,2617.6245013377,-4260.344367851463,178.0,22097.501492189876,78.0,False,6
4001,535.793,2568.0,-4254.0,178.0,22100.318707392093,78.7124992,False,6
4002,535.896,2510.7984690927246,-4245.821967637146,178.0,22105.412603300985,80.0,False,6
4003,536.056,2485.6389197982403,-4238.986540524949,180.0,22113.41260330099,79.0,False,6
4004,536.153,2460.0,-4232.0,181.2124992,22118.318139527608,79.8083328,False,6
4005,536.296,2394.754636886282,-4215.9277283582505,183.0,22125.61260330099,81.0,False,6
4006,536.373,2352.0,-4204.0,183.9624992,22129.561586893728,81.4812496,False,6
4007,536.456,2302.999148245776,-4188.357484936646,185.0,22133.83482552321,82.0,False,6
4008,536.653,2188.0,-4146.0,186.09444408888888,22144.046322948827,82.0,False,6
4009,536.816,2118.278600140581,-4116.754425435666,187.0,22152.53482552321,82.0,False,6
4010,537.034,2036.0,-4077.0,187.9083328,22163.914150670964,80.1833344,False,6
4011,537.056,2026.1884043919663,-4072.142484443572,188.0,22165.068158856542,80.0,False,6
4012,537.193,1961.0,-4039.0,189.7124992,22172.290506727903,70.5812544,False,6
4013,537.216,1950.1373309900855,-4033.169169232686,190.0,22173.512603300984,69.0,False,6
4014,537.354,1886.0,-3997.0,192.5874976,22180.90639797961,70.7249984,False,6
4015,537.376,1875.7239151089948,-3991.065757932865,193.0,22182.09038107876,71.0,False,6
4016,537.634,1756.0,-3920.0,194.84285622857143,22196.054905201298,71.0,False,6
4017,537.656,1746.3672673463786,-3914.129195468574,195.0,22197.257047745425,71.0,False,6
4018,537.814,1672.0,-3868.0,196.9749984,22205.9536817962,70.5062504,False,6
4019,537.976,1555.0208850261788,-3794.2564288507647,199.0,22214.945936634318,70.0,False,6
4020,538.053,1504.0,-3762.0,199.63900378795122,22219.232393013808,69.36099621204879,False,6
4021,538.217,1432.8584723283623,-3716.9625280851064,201.0,22228.40176996765,68.0,False,6
4022,538.474,1362.0,-3672.0,202.7522722909091,22242.936994273437,64.49545541818182,False,6
4023,538.657,1278.0426618521994,-3618.8324649661436,204.0,22253.33510330099,62.0,False,6
4024,538.754,1228.0,-3587.0,204.0,22258.842116880525,24.4125248,False,6
4025,538.817,1194.9907789430483,-3565.9118173331503,204.0,22262.401769967655,0.0,False,6
4026,538.974,1114.0,-3514.0,201.64500096,22271.180572221983,0.0,False,6
4027,539.017,1093.3726989065676,-3500.789107193343,201.0,22273.568436634323,0.0,False,6
4028,539.177,1023.0133980075339,-3455.792506761202,199.0,22282.412881078766,0.0,False,6
4029,539.354,947.0,-3407.0,198.11500032,22292.158220247864,0.0,False,6
4030,539.377,936.7469073995486,-3400.389428976704,198.0,22293.412881078762,0.0,False,6
4031,539.534,865.0,-3354.0,195.3833344,22301.884771385314,0.0,False,6
4032,539.617,826.6326500093381,-3329.1613530806967,194.0,22306.346214412097,0.0,False,6
4033,539.714,783.0,-3301.0,193.51500032,22311.5731547012,0.0,False,6
4034,539.817,740.0572997460274,-3273.531889413847,193.0,22317.068436634323,0.0,True,6
4035,539.973,663.0,-3225.0,188.5987469645147,22325.137511867786,0.0,True,6
4036,540.136,540.7539079339808,-3148.7853540144447,184.0,22333.372881078765,0.0,True,6
4037,540.194,506.0,-3127.0,182.84000256,22336.288688879697,0.0,True,6
4038,540.336,464.0433887080763,-3099.9912686298935,180.0,22343.37288107877,0.0,True,6
4039,540.534,422.0,-3075.0,176.464288,22353.03524427198,0.0,True,6
4040,540.616,372.2728536669234,-3046.977429689806,175.0,22356.98399218988,0.0,True,6
4041,540.773,263.0,-2986.0,171.86000128,22364.468786133206,0.0,True,6
4042,540.816,243.80288403972062,-2975.3967360987017,171.0,22366.483992189882,0.0,True,6
4043,541.094,190.0,-2947.0,164.0500032,22379.076325679416,0.0,True,6
4044,541.176,163.00501983113784,-2932.5855736803223,162.0,22382.683992189883,0.0,True,6
4045,541.354,87.0,-2892.0,158.44000256,22390.381704175703,0.0,True,6
4046,541.576,0.7158976684772201,-2847.441281833298,154.0,22399.795103300992,0.0,True,6
4047,541.613,-12.0,-2841.0,153.3062512,22401.352764913252,0.0,True,6
4048,541.736,-51.239218724905115,-2821.455901998987,151.0,22406.5062144121,0.0,True,6
4049,541.813,-88.0,-2805.0,150.35833386666667,22409.710185988446,0.0,True,6
4050,541.973,-201.0,-2758.0,149.02500053333333,22416.309271247726,0.0,True,6
4051,542.096,-249.6035852669469,-2738.733785706452,148.0,22421.3062144121,0.0,True,6
4052,542.256,-267.0237845875532,-2734.2918733803217,144.0,22427.706214412097,0.0,True,6
4053,542.333,-284.0,-2730.0,143.5187504,22430.763474726184,0.0,True,6
4054,542.514,-352.0,-2713.0,142.3875008,22437.90107895279,0.0,True,6
4055,542.576,-381.28528213544075,-2707.266430928187,142.0,22440.32843663432,0.0,False,6
4056,542.814,-500.0,-2690.0,140.3772736,22449.56115452197,0.0,False,6
4057,543.016,-565.5116093541201,-2683.9323729182624,139.0,22457.317325523207,0.0,False,6
4058,543.213,-623.0,-2683.0,137.5928576,22464.829312168706,0.0,False,6
4059,543.296,-653.8020464466575,-2683.245716279759,137.0,22467.972881078767,0.0,False,6
4060,543.374,-684.0,-2684.0,136.5125008,22470.913622489326,0.0,False,6
4061,543.513,-736.0,-2687.0,135.6437504,22476.124209669597,0.0,False,6
4062,543.616,-774.4421358176141,-2690.5744051536426,135.0,22479.972881078764,0.0,False,6
4063,543.693,-803.0,-2694.0,134.61500032,22482.845121583894,0.0,False,6
4064,543.816,-847.8905370807327,-2700.8149607637624,134.0,22487.41732552321,0.0,False,6
4065,543.993,-911.0,-2714.0,133.0166670222222,22493.940315693173,0.0,False,6
4066,544.176,-974.5784932856717,-2732.6213526681286,132.0,22500.61732552321,0.0,False,6
4067,544.253,-1001.0,-2742.0,131.23000064,22503.407542805686,0.0,False,6
4068,544.376,-1042.8611496353153,-2758.8528140879184,130.0,22507.83954774543,0.0,False,6
4069,544.454,-1068.0,-2770.0,129.44484064224127,22510.632764786988,0.0,False,6
4070,544.514,-1087.0,-2779.0,129.01779428163286,22512.772225349243,0.0,False,6
4071,544.657,-1153.6118217353903,-2814.0377258891017,128.0,22517.830658856543,0.0,False,6
4072,544.794,-1219.0,-2850.0,126.85833386666667,22522.61791481215,0.0,False,6
4073,545.017,-1270.055181807444,-2879.493859228822,125.0,22530.330658856543,0.0,False,6
4074,545.177,-1294.8110224487832,-2894.9869553140147,124.0,22535.841769967654,0.0,False,6
4075,545.214,-1303.0,-2900.0,123.73571474285714,22537.106331548588,0.0,False,6
4076,545.373,-1350.0,-2928.0,122.6,22542.494096388848,0.0,False,6
4077,545.457,-1385.171792671188,-2947.722400072214,122.0,22545.330658856543,0.0,False,6
4078,545.617,-1465.3108659578756,-2990.642256172906,121.0,22550.70843663432,0.0,True,6
4079,545.693,-1496.0,-3006.0,119.8125,22553.206882414026,0.0,True,6
4080,545.894,-1557.0,-3031.0,116.671876,22559.65078845773,0.0,True,6
4081,545.937,-1574.0751156974457,-3036.7981809869984,116.0,22561.019547745433,0.0,True,6
4082,546.154,-1673.0,-3068.0,114.6437504,22567.901150400667,0.0,True,6
4083,546.257,-1700.8342754824068,-3076.3180483428964,114.0,22571.152881078764,0.0,False,6
4084,546.457,-1727.8226582332966,-3081.175115014464,113.0,22577.430658856545,0.0,False,6
4085,546.554,-1759.0,-3084.0,112.30466011649374,22580.439249828378,0.0,False,6
4086,546.736,-1849.7403789973544,-3091.4615773767637,111.0,22586.033158856546,0.0,False,6
4087,546.754,-1857.0,-3092.0,110.93571474285714,22586.58498048151,0.0,False,6
4088,547.016,-1905.8626901368978,-3092.982176082623,110.0,22594.5887144121,0.0,False,6
4089,547.074,-1918.0,-3092.0,109.75833386666666,22596.35153786295,0.0,False,6
4090,547.253,-1973.0,-3087.0,109.01250026666666,22601.76510680178,0.0,False,6
4091,547.256,-1973.943845687571,-3086.894642214333,109.0,22601.855381078767,0.0,False,6
4092,547.416,-2021.4743305245033,-3080.2008723078256,108.0,22606.65538107877,0.0,False,6
4093,547.473,-2038.0,-3077.0,108.0,22608.367824782945,0.0,False,6
4094,547.576,-2068.028097420642,-3069.9004228849917,108.0,22611.45538107877,0.0,False,6
4095,547.653,-2090.0,-3064.0,107.62741966451613,22613.739916753973,0.0,False,6
4096,547.833,-2141.0,-3048.0,106.75645192258065,22618.998594462508,0.0,False,6
4097,548.194,-2269.0,-2991.0,105.00967803870968,22629.19981983058,0.0,False,6
4098,548.533,-2325.0,-2959.0,103.3693551483871,22638.623715895188,0.0,False,6
4099,548.734,-2373.0,-2928.0,102.39677481290323,22644.27166890905,0.0,False,6
4100,548.816,-2400.8523755404235,-2909.051607089463,102.0,22646.588714412104,0.0,False,6
4101,548.974,-2457.0,-2870.0,102.0,22651.065542878263,0.0,False,6
4102,548.976,-2457.580422769974,-2869.593856850649,102.0,22651.122047745437,0.0,False,6
4103,549.216,-2501.119788519088,-2838.6422247738105,101.0,22657.85538107877,0.0,False,6
4104,549.413,-2529.0,-2817.0,100.01500032,22663.32805312355,0.0,False,6
4105,549.416,-2529.5492642251033,-2816.565171372105,100.0,22663.41093663433,0.0,False,6
4106,549.514,-2550.0,-2800.0,99.3875008,22666.11020360287,0.0,False,6
4107,549.576,-2566.503858274473,-2785.6988118941176,99.0,22667.810936634327,0.0,False,6
4108,549.794,-2632.0,-2726.0,98.3187504,22673.75464504378,0.0,False,6
4109,549.896,-2650.8437511796697,-2709.0457332562837,98.0,22676.522047745435,0.0,False,6
4110,550.174,-2678.0,-2686.0,97.36818210909091,22684.03176397525,0.0,False,6
4111,550.336,-2702.7044699997123,-2664.7854140865334,97.0,22688.377603300993,0.0,False,6
4112,550.454,-2723.0,-2648.0,96.2625008,22691.526512104134,0.0,False,6
4113,550.496,-2730.212215839782,-2642.2924258002554,96.0,22692.64426996766,0.0,False,6
4114,550.634,-2761.0,-2620.0,95.50714331428571,22696.30629518421,0.0,False,6
4115,550.776,-2820.1985240054973,-2581.2797416249196,95.0,22700.033158856546,0.0,False,6
4116,550.793,-2827.0,-2577.0,94.7875008,22700.47481930213,0.0,False,6
4117,550.936,-2873.0367549253033,-2549.798177358668,93.0,22704.16649218988,0.0,False,6
4118,551.177,-2917.3985819380796,-2529.404192344883,93.0,22710.392325523215,0.0,False,6
4119,551.214,-2923.0,-2527.0,92.6916672,22711.333212466114,0.0,False,6
4120,551.537,-2967.148995406991,-2509.1118223929143,90.0,22719.392325523215,0.0,False,6
4121,551.554,-2970.0,-2508.0,90.0,22719.81656736859,0.9562463999999999,False,6
4122,551.697,-2997.5548705999436,-2497.342192327921,90.0,22723.392325523215,9.0,False,6
4123,551.854,-3041.0,-2483.0,90.0,22727.317241745295,9.9812496,False,6
4124,551.857,-3042.029434321382,-2482.69953771425,90.0,22727.392325523215,10.0,False,6
4125,552.094,-3133.0,-2459.0,90.65833315555555,22733.344995497384,14.60833208888889,False,6
4126,552.217,-3162.491165044133,-2452.435211220264,91.0,22736.492325523213,17.0,False,6
4127,552.514,-3205.0,-2448.0,93.96999936,22744.313913062266,22.19749888,False,6
4128,552.617,-3231.5442874362584,-2445.402187749102,95.0,22747.047881078768,24.0,False,6
4129,552.634,-3236.0,-2445.0,95.08499968,22747.49870640265,24.25499904,False,6
4130,552.817,-3280.5912710820066,-2441.996172660197,96.0,22752.381214412104,27.0,False,6
4131,552.954,-3321.0,-2442.0,98.140624,22756.170132208354,27.8562496,False,6
4132,553.134,-3388.0,-2445.0,100.953124,22761.273628465653,28.981249599999998,False,6
4133,553.137,-3388.9717241047283,-2445.052819626407,101.0,22761.35899218988,29.0,False,6
4134,553.337,-3434.7497564297764,-2448.0101773135652,103.0,22767.0812144121,29.0,False,6
4135,553.554,-3490.0,-2458.0,104.81336961544386,22773.422402495606,30.20891307696257,False,6
4136,553.696,-3556.189310862765,-2472.749161347341,106.0,22777.65176996766,31.0,False,6
4137,553.773,-3588.0,-2480.0,106.76999936,22779.971194664813,32.15499904,False,6
4138,554.096,-3647.031751080287,-2495.258628943491,110.0,22789.87399218988,37.0,False,6
4139,554.154,-3664.0,-2501.0,110.7249984,22791.67360142146,37.0,False,6
4140,554.256,-3705.8495637426613,-2515.453822379273,112.0,22794.85176996766,37.0,False,6
4141,554.393,-3764.0,-2536.0,112.8562496,22799.147338125014,39.5687488,False,6
4142,554.416,-3770.8414680167184,-2538.498489869028,113.0,22799.873992189885,40.0,False,6
4143,554.653,-3811.0,-2555.0,115.2218744,22807.47409725927,43.703124,False,6
4144,554.736,-3829.9713216476844,-2563.24164788454,116.0,22810.185103300995,45.0,False,6
4145,554.933,-3893.0,-2593.0,118.4624992,22816.72180619105,46.2312496,False,6
4146,555.056,-3942.693288085027,-2620.6427504862595,120.0,22820.851769967663,47.0,False,6
4147,555.153,-3979.0,-2642.0,120.96999936,22824.12574440562,47.48499968,False,6
4148,555.256,-4008.1790858972968,-2659.9678304025256,122.0,22827.629547745437,48.0,False,6
4149,555.514,-4057.0,-2696.0,124.4187488,22836.570525524272,46.3875008,False,6
4150,555.576,-4069.931285349789,-2707.0803804820634,125.0,22838.74065885655,46.0,False,6
4151,555.856,-4137.990800296233,-2771.4431228342664,127.0,22848.618436634326,43.0,False,6
4152,556.136,-4214.655286091191,-2852.0832376137446,129.0,22858.65176996766,40.0,False,6
4153,556.394,-4271.0,-2919.0,129.9214281142857,22867.967716084353,31.70714697142857,False,6
4154,556.416,-4275.084645712642,-2924.2932085196044,130.0,22868.762881078772,31.0,False,6
4155,556.576,-4301.387497566825,-2960.837127648122,130.0,22874.54065885655,20.0,False,6
4156,556.773,-4337.0,-3029.0,129.17916693333333,22881.605571816563,18.358333866666666,False,6
4157,556.816,-4346.852889210142,-3051.1898471646346,129.0,22883.140658856548,18.0,False,6
4158,556.954,-4378.0,-3126.0,128.31000064,22888.05181364222,18.0,False,6
4159,557.016,-4386.827902544562,-3148.772546590469,128.0,22890.251769967657,18.0,False,6
4160,557.293,-4399.0,-3200.0,127.30750016,22900.037274013095,18.69249984,False,6
4161,557.416,-4407.18400206032,-3241.2016690746723,127.0,22904.36288107877,19.0,False,6
4162,557.494,-4412.0,-3270.0,126.72142902857144,22907.10032345678,19.0,False,6
4163,557.673,-4418.0,-3332.0,126.08214308571428,22913.361414945524,19.0,False,6
4164,557.696,-4418.4853087870015,-3339.538046726849,126.0,22914.16288107877,19.0,False,6
4165,557.913,-4418.0,-3416.0,125.0995850886865,22921.697589424166,19.0,False,6
4166,557.937,-4416.7758294164705,-3427.278973433025,125.0,22922.530936634324,19.0,False,6
4167,558.153,-4399.0,-3538.0,125.0,22930.038186195212,19.0,False,6
4168,558.217,-4395.322864470635,-3557.8942461180095,125.0,22932.253158856547,19.0,False,6
4169,558.377,-4389.0602811097115,-3580.274551236356,124.0,22937.764269967658,20.0,False,6
4170,558.473,-4378.0,-3603.0,124.0,22941.068449951457,20.3,False,6
4171,558.697,-4324.991340112927,-3700.2659490283118,124.0,22948.786492189884,21.0,False,6
4172,558.733,-4315.0,-3715.0,124.0,22950.02899576075,20.6,False,6
4173,559.057,-4223.611975772254,-3798.4724824151403,124.0,22961.186492189885,17.0,False,6
4174,559.154,-4203.0,-3812.0,123.0906256,22964.48012709075,11.8468784,False,6
4175,559.377,-4170.887862631976,-3830.4878604091746,121.0,22971.942047745437,0.0,False,6
4176,559.454,-4155.0,-3837.0,119.84500096,22974.477329234716,0.0,False,6
4177,559.577,-4118.663524897742,-3850.061221174416,118.0,22978.497603300995,0.0,False,6
4178,559.674,-4086.0,-3860.0,117.5958336,22981.660691691122,5.6583296,False,6
4179,559.817,-4038.7732836242963,-3870.626852821252,117.0,22986.297603300995,14.0,False,6
4180,559.894,-4015.0,-3875.0,116.5187504,22988.771283317594,16.6468728,False,6
4181,560.137,-3945.137533155735,-3884.750676653876,115.0,22996.519825523214,25.0,False,6
4182,560.214,-3912.0,-3887.0,115.24137906129071,22998.98446889773,27.655169674197932,False,6
4183,560.393,-3815.0,-3891.0,115.80250767598592,23004.748611939925,33.82758443584513,False,6
4184,560.456,-3791.0103879314142,-3891.8381308008684,116.0,23006.798714412103,36.0,False,6
4185,560.736,-3740.2474987820437,-3892.93788501019,119.0,23016.05426996766,44.0,False,6
4186,560.753,-3736.0,-3893.0,119.14166613333333,23016.622926194148,44.33055431111111,False,6
4187,560.954,-3670.0,-3894.0,120.8166656,23023.401722064526,48.2388864,False,6
4188,561.096,-3620.3233686977514,-3894.8965671457863,122.0,23028.25426996766,51.0,False,6
4189,561.336,-3537.036254334825,-3896.723191162947,125.0,23036.58760330099,42.0,False,6
4190,561.736,-3398.1360065796807,-3902.004910647987,129.0,23050.920936634324,45.0,False,6
4191,561.896,-3340.736204530429,-3906.157752320869,131.0,23056.743158856545,48.0,False,6
4192,562.013,-3298.0,-3910.0,132.16999936,23061.043279320973,49.16999936,False,6
4193,562.096,-3267.2922051814226,-3913.1382728789176,133.0,23064.132047745436,50.0,False,6
4194,562.193,-3232.0,-3917.0,134.38571337142858,23067.793820778446,51.03928502857143,False,6
4195,562.374,-3165.0,-3925.0,136.97142674285715,23074.711256438597,52.97857005714286,False,6
4196,562.376,-3164.087915850188,-3925.1213344667635,137.0,23074.78760330099,53.0,False,6
4197,562.594,-3046.0,-3942.0,137.6812496,23083.10029505339,55.0437488,False,6
4198,562.696,-2998.0772119273183,-3949.0124225752706,138.0,23087.05426996766,56.0,False,6
4199,562.896,-2926.9638272120023,-3959.5548660135214,143.0,23094.9987144121,58.0,False,6
4200,563.073,-2873.0,-3968.0,145.2124992,23102.181138849246,59.1062496,False,6
4201,563.216,-2831.4662343583805,-3974.8838306830908,147.0,23108.06538107877,60.0,False,6
4202,563.376,-2782.71444755484,-3983.349360551254,150.0,23114.732047745434,59.0,False,6
4203,563.434,-2762.0,-3987.0,150.7249984,23117.18321301268,58.85500032,False,6
4204,563.674,-2662.0,-4005.0,153.7249984,23127.51834346749,58.25500032,False,6
4205,563.776,-2618.249688660972,-4013.2607153739887,155.0,23131.954269967657,58.0,False,6
4206,563.833,-2594.0,-4018.0,156.0687488,23134.43928240481,58.7124992,False,6
4207,563.936,-2550.6260245298863,-4026.8212685236094,158.0,23138.976492189882,60.0,False,6
4208,563.994,-2526.0,-4032.0,159.14671971008332,23141.588030019444,61.44848805484207,False,6
4209,564.173,-2448.0,-4049.0,162.68574306335853,23149.912516877466,65.91883334318973,False,6
4210,564.453,-2323.0,-4077.0,168.2216435360928,23163.727734232725,72.91154972980144,False,6
4211,564.673,-2221.0,-4099.0,172.57127962181258,23174.874434248457,78.40582689071063,False,6
4212,564.834,-2145.0,-4112.0,175.7544211282861,23183.032934273866,82.42663721467719,False,6
4213,564.897,-2114.1014442259766,-4116.941877021541,177.0,23186.22565885655,84.0,False,6
4214,564.993,-2066.0,-4124.0,179.1,23191.091043092256,84.6,False,6
4215,565.217,-1952.031072658418,-4135.114396796056,184.0,23202.581214412105,86.0,False,6
4216,565.273,-1923.0,-4137.0,185.8,23205.532064348386,85.2,False,6
4217,565.497,-1804.442997380218,-4141.568695078938,193.0,23217.592325523216,82.0,False,6
4218,565.574,-1763.0,-4142.0,194.4437488,23221.77907883192,84.406248,False,6
4219,565.614,-1741.0,-4142.0,195.1937488,23223.95893609968,85.656248,False,6
4220,565.657,-1714.463821398198,-4141.904974615753,196.0,23226.30343663433,87.0,False,6
4221,565.897,-1524.038616832767,-4139.656035911973,198.0,23239.50343663433,86.0,False,6
4222,565.934,-1496.0,-4139.0,199.2718728,23241.593412152848,85.8843752,False,6
4223,566.217,-1317.5627491721061,-4131.149743980887,209.0,23258.081214412105,85.0,False,6
4224,566.434,-1215.0,-4125.0,213.2194432,23271.040263261562,84.3972224,False,6
4225,566.577,-1160.2549715928546,-4122.137489529958,216.0,23279.681214412107,84.0,False,6
4226,566.734,-1095.0,-4119.0,218.9437488,23289.231985672337,84.0,False,6
4227,566.737,-1093.5129671625064,-4118.928071715812,219.0,23289.414547745437,84.0,False,6
4228,566.913,-986.0,-4114.0,219.63082422805465,23300.11954839019,83.36917577194534,False,6
4229,567.016,-895.0672371413959,-4110.641227194322,220.0,23306.464547745436,83.0,False,6
4230,567.253,-680.0,-4104.0,225.9249984,23321.43231584226,83.7406248,False,6
4231,567.336,-645.3301647133179,-4103.260359058583,228.0,23326.731214412106,84.0,False,6
4232,567.494,-603.0,-4103.0,229.9749984,23336.849056294912,84.0,False,6
4233,567.576,-561.0911073151191,-4102.42902520539,231.0,23342.131214412108,84.0,False,6
4234,567.794,-410.0,-4100.0,233.7249984,23356.311304186103,83.3187504,False,6
4235,567.896,-348.07101582242166,-4099.054752798392,235.0,23363.02010330099,83.0,False,6
4236,567.993,-280.0,-4098.0,236.6166656,23369.44589561192,83.0,False,6
4237,568.136,-136.28189342569732,-4095.6497891605895,239.0,23378.953436634325,83.0,False,6
4238,568.253,-28.0,-4094.0,239.0,23386.71206258866,81.5375008,False,6
4239,568.296,0.6111030501666171,-4093.641439468324,239.0,23389.575658856553,81.0,False,6
4240,568.574,105.0,-4093.0,242.4749984,23408.32850517082,78.3937512,False,6
4241,568.616,127.34635639208297,-4092.709623648454,243.0,23411.175658856548,78.0,False,6
4242,568.874,309.0,-4090.0,244.28999936,23428.686118619604,77.35500032,False,6
4243,569.016,406.4317448241355,-4089.181483968111,245.0,23438.397881078767,77.0,False,6
4244,569.073,445.0,-4089.0,245.7124992,23442.319089327484,77.1781248,False,6
4245,569.233,554.0,-4089.0,247.7124992,23453.389557843926,77.6781248,False,6
4246,569.336,625.062776605794,-4089.7578950560496,249.0,23460.5312144121,78.0,False,6
4247,569.414,678.0,-4091.0,249.32499946666667,23465.940346342893,78.0,False,6
4248,569.576,787.7263306283278,-4096.826523879468,250.0,23477.19788107877,78.0,False,6
4249,569.593,801.0,-4098.0,250.12142811428572,23478.383519947758,77.93928594285714,False,6
4250,569.856,1046.3407577637195,-4130.4457710725055,252.0,23496.797881078768,77.0,False,6
4251,569.873,1061.0,-4133.0,252.0,23497.987831899387,76.8937504,False,6
4252,570.016,1169.3843177674999,-4155.552060704266,252.0,23507.997881078765,76.0,False,6
4253,570.176,1262.2149551564335,-4182.7938584072945,253.0,23519.242325523217,75.0,False,6
4254,570.334,1347.0,-4210.0,253.0,23530.342507661924,75.0,False,6
4255,570.416,1390.1020611287151,-4224.097778693622,253.0,23536.108992189886,75.0,False,6
4256,570.614,1496.0,-4260.0,253.7071424,23550.068594915712,74.2928576,False,6
4257,570.696,1543.6027373131783,-4276.959062841179,254.0,23555.864547745437,74.0,False,6
4258,570.914,1696.0,-4332.0,254.90456402444855,23571.306313604688,73.09543597555147,False,6
4259,570.937,1716.2687042456141,-4339.156048938294,255.0,23572.93538107877,73.0,False,6
4260,571.134,1897.0,-4402.0,255.0,23586.88437738642,73.0,False,6
4261,571.177,1924.7273672758258,-4411.491431359214,255.0,23589.93538107877,73.0,False,6
4262,571.337,1990.1801717233525,-4433.187395677061,256.0,23601.313158856545,73.0,False,6
4263,571.414,2033.0,-4447.0,256.0,23606.789986432203,73.0,False,6
4264,571.617,2217.5912679728776,-4506.283065316521,256.0,23621.224269967654,73.0,False,6
4265,571.734,2331.0,-4542.0,256.0,23629.542821812778,72.6343752,False,6
4266,571.937,2491.9952222566585,-4590.5422948544965,256.0,23643.979825523213,72.0,False,6
4267,572.154,2617.0,-4626.0,256.0,23659.42634215792,68.986112,False,6
4268,572.297,2674.640212685946,-4641.533284187727,256.0,23669.579825523215,67.0,False,6
4269,572.454,2741.0,-4658.0,255.12777813333332,23680.68159423439,67.43611093333334,False,6
4270,572.657,2874.950285533745,-4689.4756431327105,254.0,23694.979825523216,68.0,False,6
4271,572.817,2990.601944540916,-4714.685814811291,253.0,23706.224269967657,69.0,False,6
4272,572.834,3002.0,-4717.0,253.0,23707.419312031867,68.93928594285714,False,6
4273,572.994,3113.0,-4737.0,253.0,23718.673167960656,68.36785737142857,False,6
4274,573.097,3219.8481284298086,-4752.509764607478,253.0,23725.902047745432,68.0,False,6
4275,573.195,3321.0,-4766.0,252.51000064,23732.758853716692,68.0,False,6
4276,573.297,3394.2597351715544,-4774.826219671267,252.0,23739.902047745436,68.0,False,6
4277,573.457,3457.938874028588,-4779.987184151007,253.0,23751.146492189877,64.0,False,6
4278,573.553,3502.0,-4783.0,251.4952981075264,23757.82452965323,57.379311673116156,False,6
4279,573.776,3652.6129317567443,-4791.540625889982,248.0,23773.12204774543,42.0,False,6
4280,573.793,3669.0,-4792.0,247.7875008,23774.279863659875,41.7875008,False,6
4281,573.973,3874.0,-4794.0,245.5375008,23786.471086100843,39.5375008,False,6
4282,574.176,4050.333359063601,-4789.524859063386,243.0,23800.122047745437,37.0,False,6
4283,574.376,4162.336289228663,-4782.483551589445,241.0,23813.51093663432,39.0,False,6
4284,574.393,4170.0,-4782.0,240.83000064,23814.644141634886,39.50999808,False,6
4285,574.576,4234.313856151969,-4777.921851994921,239.0,23826.7887144121,45.0,False,6
4286,574.733,4299.0,-4773.0,237.43000064,23837.133606014355,48.13999872,False,6
4287,574.776,4323.327365268318,-4770.99038851572,237.0,23839.955381078762,49.0,False,6
4288,574.913,4413.0,-4763.0,236.1437504,23848.912980992285,51.5687488,False,6
4289,575.096,4531.548833074836,-4749.98457785408,235.0,23860.844269967653,55.0,False,6
4290,575.134,4556.0,-4747.0,235.0,23863.324794079308,55.0,False,6
4291,575.256,4634.539315365245,-4736.806164279429,235.0,23871.288714412094,55.0,False,6
4292,575.454,4762.0,-4718.0,234.2928576,23884.169286269076,57.8285696,False,6
4293,575.536,4814.720090562298,-4709.250516933238,234.0,23889.48871441209,59.0,False,6
4294,575.654,4889.0,-4696.0,233.2625008,23897.129324854643,60.4749984,False,6
4295,575.696,4914.418558570872,-4691.22154537704,233.0,23899.844269967653,61.0,False,6
4296,575.853,5016.0,-4670.0,232.5093752,23909.970037015926,61.0,False,6
4297,576.016,5161.260355491929,-4634.542301474638,232.0,23920.46649218987,61.0,False,6
4298,576.053,5191.0,-4627.0,232.0,23922.850039388184,61.13214262857143,False,6
4299,576.296,5316.437817280616,-4593.07035561964,232.0,23938.51093663432,62.0,False,6
4300,576.453,5390.0,-4571.0,232.0,23948.632187006355,62.43611093333333,False,6
4301,576.613,5488.0,-4541.0,232.0,23958.942529586235,62.880555377777775,False,6
4302,576.656,5513.976004664232,-4532.77968130045,232.0,23961.710936634314,63.0,False,6
4303,576.854,5635.0,-4493.0,231.2928576,23974.438736519973,61.5857152,False,6
4304,576.936,5695.3441697582075,-4472.931521128672,231.0,23979.677603300985,61.0,False,6
4305,577.114,5830.0,-4428.0,228.7750016,23990.956477288913,29.8500224,False,6
4306,577.256,5908.276320132222,-4401.787275337324,227.0,23999.85538107876,5.0,False,6
4307,577.473,6008.0,-4368.0,223.61993801768236,24013.27724565779,1.619938017682346,False,6
4308,577.577,6067.146467828854,-4347.735955318469,222.0,24019.65038107876,0.0,False,6
4309,577.674,6125.0,-4328.0,220.1812512,24025.56543147524,0.0,False,6
4310,577.737,6161.857835811472,-4315.563439193106,219.0,24029.38371441209,0.0,False,6
4311,577.954,6286.0,-4274.0,215.3833344,24042.357948831264,0.0,False,6
4312,577.977,6299.142236268738,-4269.547338692599,215.0,24043.717047745424,0.0,True,6
4313,578.137,6389.433987320854,-4238.684328526421,211.0,24053.0948255232,0.0,True,6
4314,578.174,6409.0,-4232.0,210.5375008,24055.24968482062,0.0,True,6
4315,578.353,6509.0,-4198.0,208.3,24065.59146055647,0.0,True,6
4316,578.377,6528.159295368172,-4191.491141036856,208.0,24066.96149218987,0.0,True,6
4317,578.534,6671.0,-4143.0,204.63571565714287,24075.816078404398,0.0,True,6
4318,578.657,6733.5837698294345,-4121.933526306324,202.0,24082.672603300984,0.0,True,6
4319,578.873,6787.0,-4104.0,199.3,24094.62165623773,0.0,True,6
4320,578.897,6796.781898076271,-4100.630566735038,199.0,24095.93926996765,0.0,True,6
4321,579.214,6973.0,-4039.0,195.4777784888889,24113.13431887127,0.0,True,6
4322,579.257,6993.041021821141,-4031.857060014967,195.0,24115.439269967646,0.0,True,6
4323,579.497,7087.482678887069,-3997.1624493268223,191.0,24128.17260330098,0.0,False,6
4324,579.574,7133.0,-3980.0,189.71666773333334,24132.194186569624,0.0,False,6
4325,579.737,7263.7323126666315,-3930.377076677291,187.0,24140.639269967647,0.0,False,6
4326,579.814,7317.0,-3910.0,186.61500032,24144.62817139955,0.0,False,6
4327,579.937,7370.06352921389,-3889.3597925422373,186.0,24150.972603300983,0.0,False,6
4328,580.097,7399.896596178685,-3876.860642297276,183.0,24159.105936634314,0.0,False,6
4329,580.173,7421.0,-3868.0,182.05,24162.94056504364,0.0,False,6
4330,580.257,7451.61527647374,-3855.212739067051,181.0,24167.150381078758,0.0,False,6
4331,580.453,7550.0,-3814.0,178.54386004309012,24176.809806901034,0.0,False,6
4332,580.656,7676.488855866609,-3760.096092231091,176.0,24186.657047745426,0.0,False,6
4333,580.673,7686.0,-3756.0,175.82291733333332,24187.478455162578,0.0,False,6
4334,581.073,7853.0,-3682.0,171.65625066666666,24206.552437698392,0.0,False,6
4335,581.136,7882.891463056436,-3668.5780168791916,171.0,24209.457047745425,0.0,True,6
4336,581.453,8037.0,-3599.0,161.093752,24223.635612071062,0.0,True,6
4337,581.456,8038.008919265519,-3598.5349163839755,161.0,24223.76815885654,0.0,True,6
4338,581.656,8083.413717539812,-3576.9204955992786,158.0,24232.545936634313,0.0,True,6
4339,581.753,8108.0,-3565.0,156.26785828571428,24236.7187980937,0.0,True,6
4340,581.936,8177.820465259119,-3531.5957934233047,153.0,24244.445936634318,0.0,True,6
4341,582.013,8209.0,-3517.0,151.71666773333334,24247.656151397063,0.0,True,6
4342,582.174,8270.0,-3489.0,149.03333546666667,24254.297298105525,0.0,True,6
4343,582.176,8270.746615086426,-3488.651891667132,149.0,24254.379269967652,0.0,True,6
4344,582.416,8359.800805710724,-3445.958146618539,146.0,24264.112603300986,0.0,True,6
4345,582.433,8366.0,-3443.0,145.6812512,24264.792832009232,0.0,True,6
4346,582.576,8417.485563277623,-3418.723357137831,143.0,24270.46815885654,0.0,True,6
4347,582.633,8438.0,-3409.0,142.2875008,24272.712445248824,0.0,True,6
4348,582.736,8475.344144446795,-3391.0525322704243,141.0,24276.734825523206,0.0,True,6
4349,582.893,8529.0,-3365.0,138.75714377142856,24282.750294693848,0.0,True,6
4350,583.016,8564.43794268766,-3347.9160006936304,137.0,24287.39038107876,0.0,True,6
4351,583.094,8597.0,-3332.0,135.5375024,24290.30940428721,0.0,True,6
4352,583.176,8647.458211111718,-3307.090935929794,134.0,24293.34593663432,0.0,True,6
4353,583.253,8696.0,-3283.0,132.46000128,24296.15496822648,0.0,True,6
4354,583.376,8749.417934438381,-3256.2205941802467,130.0,24300.56815885654,0.0,True,6
4355,583.736,8805.585345449448,-3226.7260373068348,125.0,24313.06815885654,0.0,True,6
4356,583.773,8815.0,-3222.0,124.3084122733283,24314.316010358703,0.0,True,6
4357,583.854,8839.0,-3210.0,122.79439447614095,24317.023349453462,0.0,True,6
4358,584.057,8899.52010105956,-3178.1257691260685,119.0,24323.678992189874,0.0,True,6
4359,584.134,8922.0,-3166.0,118.0375008,24326.1630119125,0.0,True,6
4360,584.333,8979.0,-3135.0,115.55,24332.481112209764,0.0,True,6
4361,584.457,9013.692730952638,-3115.6947131189486,114.0,24336.34565885654,0.0,True,6
4362,584.494,9024.0,-3110.0,113.5375008,24337.488119356483,0.0,True,6
4363,584.694,9079.0,-3080.0,111.0375008,24343.57939511098,0.0,True,6
4364,584.857,9120.27058775092,-3056.3624562583823,109.0,24348.456769967648,0.0,True,6
4365,585.034,9168.0,-3028.0,106.34500096000001,24353.67433193753,0.0,True,6
4366,585.057,9175.01088865644,-3023.8208749931273,106.0,24354.34565885654,0.0,True,6
4367,585.254,9238.0,-2986.0,104.1531256,24360.029148929058,0.0,True,6
4368,585.377,9270.823088492389,-2965.689245196374,103.0,24363.501214412092,0.0,True,6
4369,585.634,9328.0,-2928.0,99.32857234285714,24370.571250727575,0.0,True,6
4370,585.657,9333.305808008288,-2924.3324329067323,99.0,24371.201214412093,0.0,True,6
4371,585.937,9399.594193025672,-2876.5799474682626,98.0,24378.823436634313,0.0,True,6
4372,586.034,9419.0,-2862.0,95.5750016,24381.370319229027,0.0,True,6
4373,586.097,9430.016010218678,-2853.5386331847603,94.0,24383.00121441209,0.0,True,6
4374,586.377,9471.140724219957,-2819.5165177770336,91.0,24390.078992189865,0.0,True,6
4375,586.394,9474.0,-2817.0,90.75714377142857,24390.498272136334,0.0,True,6
4376,586.594,9511.0,-2783.0,87.90000091428571,24395.34263522496,0.0,True,6
4377,586.657,9522.29171828577,-2771.669647135897,87.0,24396.845658856535,0.0,True,6
4378,586.773,9541.0,-2752.0,85.55,24399.590791620303,0.0,True,6
4379,586.817,9546.908555394075,-2745.721204279474,85.0,24400.623436634312,0.0,True,6
4380,587.017,9567.558642685943,-2722.5440234708844,83.0,24405.234547745426,0.0,True,6
4381,587.094,9577.0,-2710.0,82.21160480825631,24406.948967695975,0.0,True,6
4382,587.453,9632.0,-2627.0,78.5358365025102,24414.442349280696,0.0,True,6
4383,587.753,9649.0,-2593.0,75.46416437120988,24420.413508543676,0.0,True,6
4384,587.896,9658.371446932662,-2567.7305379731756,74.0,24423.30288107876,0.0,False,6
4385,588.033,9667.0,-2540.0,73.1437504,24426.086261187396,0.0,False,6
4386,588.056,9668.130030086426,-2535.524970681942,73.0,24426.547325523203,0.0,False,6
4387,588.214,9674.0,-2506.0,71.6833344,24429.638325513493,2.3041648,False,6
4388,588.454,9677.0,-2460.0,69.6833344,24434.174877244477,5.8041648,False,6
4389,588.536,9671.721810643026,-2439.274074552416,69.0,24435.7473255232,7.0,False,6
4390,588.696,9654.061852312549,-2395.3911766408423,70.0,24438.858436634313,7.0,False,6
4391,588.754,9649.0,-2384.0,70.28999936,24439.996379485652,8.73999616,False,6
4392,588.896,9641.333206713347,-2368.8410066437127,71.0,24442.802881078755,13.0,False,6
4393,589.034,9633.0,-2357.0,71.49285668571429,24445.558423372477,14.971426742857142,False,6
4394,589.176,9616.732404141081,-2334.2876566305813,72.0,24448.402881078757,17.0,False,6
4395,589.213,9612.0,-2328.0,72.0,24449.14213897849,17.0,False,6
4396,589.336,9595.999404915367,-2308.104869614452,72.0,24451.602881078757,17.0,False,6
4397,589.496,9574.288354570159,-2284.2180001754405,73.0,24454.847325523202,16.0,False,6
4398,589.574,9563.0,-2273.0,73.32499946666667,24456.442475045296,16.0,False,6
4399,589.733,9539.0,-2251.0,73.98749973333334,24459.71853355009,16.0,False,6
4400,589.736,9538.558210112134,-2250.600691721216,74.0,24459.780658856536,16.0,False,6
4401,589.914,9511.0,-2226.0,74.88999936,24463.486743796955,16.88999936,False,6
4402,589.936,9506.629384388007,-2222.2412331919268,75.0,24463.947325523204,17.0,False,6
4403,590.136,9459.686476841685,-2183.0234181877413,76.0,24468.169547745423,19.0,False,6
4404,590.154,9456.0,-2180.0,76.17999872,24468.554970090354,19.0,False,6
4405,590.336,9428.123598494623,-2157.692506206324,78.0,24472.50288107876,19.0,False,6
4406,590.593,9399.0,-2134.0,79.16553275871678,24478.173635309984,19.582766379358386,False,6
4407,590.777,9368.434533644544,-2106.8802395615185,80.0,24482.30288107876,20.0,False,6
4408,590.833,9359.0,-2099.0,80.4,24483.571848456486,19.8,False,6
4409,590.894,9349.0,-2091.0,80.83571382857143,24484.96061501504,19.582143085714286,False,6
4410,591.057,9321.223430528275,-2066.375094132687,82.0,24488.680658856534,19.0,False,6
4411,591.154,9305.0,-2051.0,82.0,24490.887070573346,17.7875008,False,6
4412,591.217,9294.916106219323,-2041.2549180444921,82.0,24492.325103300976,17.0,False,6
4413,591.434,9260.0,-2005.0,83.08499968,24497.343415107556,16.45750016,False,6
4414,591.617,9225.096586230475,-1963.0666599682183,84.0,24501.65843663431,16.0,False,6
4415,591.634,9222.0,-1959.0,84.2124992,24502.063321328347,14.5125056,False,6
4416,591.777,9198.194032553538,-1924.8180362843436,86.0,24505.480658856533,2.0,False,6
4417,591.937,9176.81626107387,-1889.008334392393,85.0,24509.25843663431,0.0,False,6
4418,592.014,9169.0,-1875.0,84.72500022857143,24511.06361799011,0.0,False,6
4419,592.217,9155.708649904946,-1847.6529484429627,84.0,24515.791769967644,0.0,False,6
4420,592.314,9150.0,-1833.0,83.3937504,24518.03710453545,0.0,False,6
4421,592.377,9145.831537606393,-1821.5040961667094,83.0,24519.480658856533,0.0,False,6
4422,592.537,9134.348174123032,-1786.4165942542154,81.0,24523.080658856536,0.0,False,6
4423,592.614,9130.0,-1769.0,80.7593752,24524.800518076845,0.0,False,6
4424,592.834,9123.0,-1720.0,80.0718752,24529.68448329096,0.0,False,6
4425,592.857,9122.571167312195,-1714.9252421544347,80.0,24530.191769967645,0.0,False,6
4426,593.017,9120.990150539135,-1679.7472234858808,79.0,24533.70288107876,4.0,False,6
4427,593.034,9121.0,-1676.0,78.96458346666667,24534.07420361147,4.1062496,False,6
4428,593.313,9126.0,-1615.0,78.38333333333334,24540.12408583447,5.85,False,6
4429,593.497,9133.691726844809,-1576.5675409286494,78.0,24544.102881078757,7.0,False,6
4430,593.533,9136.0,-1568.0,78.0,24544.882450027417,7.225,False,6
4431,593.657,9146.41979870569,-1534.4617602086937,78.0,24547.569547745425,8.0,False,6
4432,593.753,9155.0,-1510.0,78.0,24549.65019505006,8.0,False,6
4433,593.936,9168.509029807949,-1478.187945336346,78.0,24553.614547745423,8.0,False,6
4434,594.073,9179.0,-1459.0,78.0,24556.58106271651,8.8562496,False,6
4435,594.096,9180.98041733995,-1455.6293694864742,78.0,24557.08121441209,9.0,False,6
4436,594.336,9205.404539602932,-1417.8970950777943,79.0,24562.347881078756,10.0,False,6
4437,594.696,9254.507378256787,-1354.2064973610268,80.0,24570.347881078756,12.0,False,6
4438,594.856,9279.925462386645,-1328.2513562651666,81.0,24573.947881078755,14.0,False,6
4439,595.054,9314.0,-1300.0,82.4142848,24578.498828839554,16.1214272,False,6
4440,595.136,9328.978366466432,-1289.5415184024846,83.0,24580.40343663431,17.0,False,6
4441,595.173,9336.0,-1285.0,83.18499968,24581.265063738654,17.36999936,False,6
4442,595.336,9369.10425326341,-1266.0851364635548,84.0,24585.07010330098,19.0,False,6
4443,595.393,9381.0,-1260.0,84.0,24586.398892120313,19.56999936,False,6
4444,595.536,9410.913658032443,-1246.0956132375043,84.0,24589.736769967643,21.0,False,6
4445,595.633,9432.0,-1238.0,84.6062496,24592.019409432283,22.2124992,False,6
4446,595.696,9446.278351935822,-1233.394050877722,85.0,24593.514547745424,23.0,False,6
4447,595.794,9469.0,-1227.0,85.8166656,24595.86453253091,23.0,False,6
4448,595.936,9501.97869925395,-1218.820187686929,87.0,24599.314547745424,23.0,False,6
4449,595.953,9506.0,-1218.0,87.14166613333333,24599.730368303295,23.0,False,6
4450,596.154,9555.0,-1211.0,88.8166656,24604.69710762131,23.0,False,6
4451,596.176,9560.456220709802,-1210.4198770166947,89.0,24605.247881078758,23.0,False,6
4452,596.394,9615.0,-1206.0,90.8166656,24610.78737677275,23.0,False,6
4453,596.536,9650.67367341256,-1204.1522587275756,92.0,24614.447881078755,23.0,False,6
4454,596.553,9655.0,-1204.0,92.07727243636364,24614.887784753068,22.961363781818182,False,6
4455,596.833,9728.0,-1203.0,93.34999970909091,24622.183348541887,22.325000145454545,False,6
4456,596.976,9765.246765633938,-1202.1324174432643,94.0,24625.936769967644,22.0,False,6
4457,597.014,9775.0,-1202.0,94.18999936,24626.936693173342,22.18999936,False,6
4458,597.176,9816.364056293194,-1202.1555050831817,95.0,24631.21454774542,23.0,False,6
4459,597.234,9833.0,-1202.0,95.24066343320523,24632.754384949745,23.0,False,6
4460,597.417,9894.633539287142,-1199.818245817484,96.0,24637.641214412088,23.0,False,6
4461,597.514,9924.0,-1198.0,96.3031248,24640.24707262383,21.7875008,False,6
4462,597.737,9970.449034553632,-1192.6877963797917,97.0,24646.263436634308,19.0,False,6
4463,597.794,9982.0,-1191.0,97.0,24647.801670478675,16.5062528,False,6
4464,597.897,10004.953884531205,-1187.5671886572136,97.0,24650.574547745422,12.0,False,6
4465,598.054,10050.0,-1177.0,96.3458336,24654.761828996456,8.729168,False,6
4466,598.137,10081.997645421081,-1165.8807203226868,96.0,24656.97454774542,7.0,False,6
4467,598.294,10144.0,-1141.0,96.0,24661.16208668983,6.0187504,False,6
4468,598.297,10144.936678008225,-1140.6033658132453,96.0,24661.24121441209,6.0,False,6
4469,598.657,10199.04792957766,-1111.7143069885622,92.0,24670.44121441209,0.0,False,6
4470,598.753,10216.0,-1102.0,91.34545454545454,24672.837291811655,0.0,False,6
4471,598.794,10225.0,-1097.0,91.06590952727272,24673.855167859572,0.0,False,6
4472,599.033,10274.0,-1062.0,89.43636363636364,24679.745143988617,0.0,False,6
4473,599.097,10285.286314560059,-1053.3560115721189,89.0,24681.318992189867,0.0,False,6
4474,599.294,10322.0,-1021.0,88.2964288,24686.153450902926,0.0,False,6
4475,599.377,10344.243302281822,-996.8836902443196,88.0,24688.16343663431,0.0,False,6
4476,599.574,10398.0,-934.0,85.8892864,24692.83922261892,0.0,False,6
4477,599.657,10409.232844365297,-920.2618242709049,85.0,24694.774547745423,0.0,False,6
4478,599.874,10421.0,-903.0,83.37250048,24699.74657129634,1.6274995199999998,False,6
4479,600.057,10444.515579229374,-869.1990441192747,82.0,24703.885658856532,3.0,False,6
4480,600.113,10452.0,-858.0,81.8,24705.14946777559,3.2,False,6
4481,600.337,10478.065420691191,-814.5792158967761,81.0,24710.18565885653,4.0,False,6
4482,600.353,10480.0,-811.0,80.94265234290413,24710.54357357882,4.057347657095878,False,6
4483,600.593,10510.0,-751.0,80.08243748646595,24715.878347454953,4.917562513534047,False,6
4484,600.616,10512.394648304926,-745.9008178932297,80.0,24716.385658856532,5.0,False,6
4485,600.776,10525.542454060247,-716.1925615312041,79.0,24719.896769967643,6.0,False,6
4486,601.033,10540.0,-674.0,78.35750016,24725.495133897628,5.35750016,False,6
4487,601.173,10548.0,-645.0,78.00750016,24728.49953989872,5.00750016,False,6
4488,601.176,10548.16012847148,-644.3702273148956,78.0,24728.56343663431,5.0,False,6
4489,601.336,10555.721965406367,-611.1579102956348,76.0,24731.941214412087,5.0,False,6
4490,601.453,10560.0,-587.0,75.4681821090909,24734.37240023448,5.531817890909091,False,6
4491,601.613,10564.0,-554.0,74.74090938181818,24737.64844069824,6.259090618181818,False,6
4492,601.774,10565.0,-522.0,74.00909149090909,24740.94461014279,6.990908509090909,False,6
4493,601.776,10564.984185977683,-521.608690572449,74.0,24740.98565885653,7.0,False,6
4494,601.976,10559.014765133916,-483.9000108864606,74.0,24745.096769967644,9.0,False,6
4495,601.993,10558.0,-481.0,74.0,24745.445675655843,9.0,False,6
4496,602.153,10543.0,-456.0,74.0,24748.731394722996,9.0,False,6
4497,602.176,10539.61874408597,-452.4782293209343,74.0,24749.207881078757,9.0,False,6
4498,602.493,10473.0,-408.0,75.58499968,24755.897890750166,9.0,False,6
4499,602.576,10459.4114378224,-400.78368661001554,76.0,24757.652325523202,9.0,False,6
4500,602.733,10437.0,-389.0,76.0,24760.959322276478,9.78499968,False,6
4501,602.776,10430.0583388451,-384.7391372109177,76.0,24761.87454774542,10.0,False,6
4502,602.976,10397.194583735107,-357.29014642185996,78.0,24766.207881078757,10.0,False,6
4503,602.994,10395.0,-354.0,78.0562496,24766.600987446414,9.718752,False,6
4504,603.296,10380.053386321131,-283.8360118154144,79.0,24773.23010330098,5.0,False,6
4505,603.313,10380.0,-280.0,79.0,24773.603779971272,4.5750016,False,6
4506,603.496,10383.253147704167,-242.70289509573112,79.0,24777.618992189866,0.0,False,6
4507,603.674,10390.0,-208.0,78.506925474912,24781.48313420084,2.9584471505280265,False,6
4508,603.853,10398.0,-168.0,78.01108033437436,24785.35396071343,5.933517993753882,False,6
4509,603.857,10398.23241581306,-166.96702682677414,78.0,24785.440658856533,6.0,False,6
4510,604.017,10409.692992271053,-120.52072260553162,78.0,24788.9073255232,11.0,False,6
4511,604.094,10415.0,-100.0,77.66521766956522,24790.560703064686,10.079348591304347,False,6
4512,604.473,10432.0,-36.0,76.01739130434783,24798.518826209078,5.547826086956522,False,6
4513,604.634,10441.0,-3.0,75.31739158260869,24801.80473236402,3.622826852173913,False,6
4514,604.874,10473.0,105.0,74.27391332173913,24806.586380656416,0.7532616347826089,False,6
4515,604.937,10479.408791157257,124.94455453176658,74.0,24807.81843663431,0.0,True,6
4516,605.194,10495.0,165.0,69.41071542857144,24812.749844215166,0.0,True,6
4517,605.217,10496.433135467585,168.63707960253907,69.0,24813.185103300973,0.0,True,6
4518,605.374,10507.0,196.0,67.43000064,24816.124257443247,0.0,True,6
4519,605.417,10509.969021495914,203.61580710963005,67.0,24816.907325523196,0.0,True,6
4520,605.534,10518.0,224.0,65.171876,24818.975341667297,0.0,True,6
4521,605.737,10531.004431166792,256.63337780068963,62.0,24822.418436634307,0.0,True,6
4522,605.977,10544.783616570432,290.5902792777102,60.0,24826.418436634307,0.0,True,6
4523,606.377,10556.832133137663,358.05401137076774,58.0,24832.862881078752,0.0,False,6
4524,606.415,10557.0,366.0,58.0,24833.475292724685,0.0,False,6
4525,606.537,10556.393424103291,393.31346071115814,58.0,24835.440658856533,0.0,False,6
4526,606.733,10553.0,434.0,57.18333333333333,24838.549543156216,0.0,False,6
4527,606.777,10552.120878194486,440.4793507361479,57.0,24839.24065885653,0.0,False,6
4528,607.057,10543.650825355,462.70609478285667,56.0,24843.596214412086,0.0,False,6
4529,607.193,10530.0,480.0,56.0,24845.69789695833,2.6518101122121247,False,6
4530,607.353,10506.0,509.0,56.0,24848.183376300287,5.7715867148146245,False,6
4531,607.416,10499.04328541429,516.4864697767127,56.0,24849.18065885653,7.0,False,6
4532,607.576,10487.344621438877,525.6155875081979,58.0,24851.758436634307,7.0,False,6
4533,607.613,10484.0,528.0,58.18499968,24852.359999559285,7.0,False,6
4534,607.776,10464.411123698537,541.9976839337207,59.0,24855.036214412085,7.0,False,6
4535,607.853,10452.0,550.0,59.64166613333333,24856.323087059456,7.320833066666666,False,6
4536,608.016,10418.563070359263,569.049671547465,61.0,24859.10288107875,8.0,False,6
4537,608.153,10392.0,583.0,62.14166613333333,24861.505907043305,8.0,False,6
4538,608.376,10366.255310725277,594.8646140318768,64.0,24865.50288107875,8.0,False,6
4539,608.513,10350.0,601.0,64.8562496,24867.973855215172,8.0,False,6
4540,608.536,10346.65075673597,602.2332140116912,65.0,24868.39176996764,8.0,False,6
4541,608.813,10295.0,620.0,66.97857097142857,24873.54515750225,9.97857097142857,False,6
4542,608.816,10294.378605568774,620.1893174303952,67.0,24873.60288107875,10.0,False,6
4543,609.136,10225.60452466125,637.9366257192963,72.0,24880.002881078748,15.0,False,6
4544,609.214,10211.0,641.0,72.9749984,24881.613527795565,15.649998933333332,False,6
4545,609.376,10185.362500137071,645.4243031952552,75.0,24885.002881078748,17.0,False,6
4546,609.514,10162.0,649.0,76.14999893333334,24887.922502285957,17.574999466666668,False,6
4547,609.616,10140.508461883888,652.4774247637644,77.0,24890.136214412083,18.0,False,6
4548,609.694,10123.0,655.0,78.62499733333334,24891.8776194498,18.0,False,6
4549,609.856,10086.625042526699,658.5810354909593,82.0,24895.60288107875,18.0,False,6
4550,609.934,10069.0,660.0,83.16999808,24897.42899559199,18.77999872,False,6
4551,610.056,10041.200008080088,662.2288619923897,85.0,24900.325103300973,20.0,False,6
4552,610.173,10014.0,664.0,85.97229880949342,24903.14747045396,20.324099603164473,False,6
4553,610.417,9954.945783745276,665.8738873705258,88.0,24909.149547745415,21.0,False,6
4554,610.433,9951.0,666.0,88.2,24909.546770188976,21.0,False,6
4555,610.577,9915.204440074991,667.3693381413399,90.0,24913.149547745415,21.0,False,6
4556,610.634,9901.0,668.0,90.6107136,24914.598541988173,21.0,False,6
4557,610.814,9856.0,670.0,92.53928502857143,24919.257547580528,21.0,False,6
4558,610.857,9845.035267953952,670.2939487870113,93.0,24920.38288107875,21.0,False,6
4559,611.034,9799.0,671.0,94.20681774545454,24925.057906134873,20.59772741818182,False,6
4560,611.174,9762.0,672.0,95.1613632,24928.80148058762,20.2795456,False,6
4561,611.297,9728.890469508127,672.8800050274615,96.0,24932.116214412083,20.0,False,6
4562,611.414,9693.0,674.0,96.97499946666667,24935.29113642552,20.0,False,6
4563,611.537,9646.800701884049,675.8221983672646,98.0,24938.649547745415,20.0,False,6
4564,611.674,9585.0,678.0,98.68499968,24942.412097831915,20.0,False,6
4565,611.737,9552.873217516006,678.8079613902329,99.0,24944.149547745412,20.0,False,6
4566,611.854,9497.0,680.0,99.3656248,24947.38778041292,20.3656248,False,6
4567,612.057,9458.091757221604,681.2185531283347,100.0,24953.038436634302,21.0,False,6
4568,612.194,9441.0,682.0,100.4281248,24956.871389151234,21.8562496,False,6
4569,612.377,9398.379173251338,683.5203216973827,101.0,24962.016214412077,23.0,False,6
4570,612.514,9351.0,685.0,101.68499968,24965.88845096891,24.36999936,False,6
4571,612.577,9324.616854472086,685.7751427196683,102.0,24967.682881078745,25.0,False,6
4572,612.674,9282.0,687.0,102.6062496,24970.468509589595,25.3031248,False,6
4573,612.897,9198.493795757655,689.4101777506758,104.0,24976.92732552319,26.0,False,6
4574,613.093,9144.0,691.0,104.0,24982.588804438004,26.98,False,6
4575,613.097,9143.087728523718,691.0268508116491,104.0,24982.705103300967,27.0,False,6
4576,613.417,9089.076213575783,692.6802085382927,106.0,24992.12732552319,29.0,False,6
4577,613.553,9050.0,694.0,106.37777777777778,24996.1593113733,29.377777777777776,False,6
4578,613.774,8961.0,697.0,106.9916664888889,25002.73770147971,29.99166648888889,False,6
4579,613.777,8960.12371015822,697.0266072190489,107.0,25002.82732552319,30.0,False,6
4580,613.977,8922.797304844535,697.9048055128683,108.0,25008.827325523187,30.0,False,6
4581,613.993,8919.0,698.0,108.07289292786983,25009.310423837844,30.0,False,6
4582,614.354,8786.0,702.0,109.71753932136102,25020.33337947263,30.0,False,6
4583,614.416,8770.002235234515,702.5446195720966,110.0,25022.24121441208,30.0,False,6
4584,614.576,8739.122578095228,703.6827805722968,111.0,25027.17454774541,30.0,False,6
4585,614.614,8730.0,704.0,111.0,25028.345447792424,30.1583328,False,6
4586,614.813,8669.0,706.0,111.0,25034.48162519485,30.987499733333333,False,6
4587,614.816,8668.040862898144,706.0308728925273,111.0,25034.57454774541,31.0,False,6
4588,614.976,8617.724837473648,707.6379330110452,112.0,25039.55232552319,31.0,False,6
4589,615.114,8575.0,709.0,112.68999936,25043.87774099,31.0,False,6
4590,615.176,8555.842036410364,709.6144761894479,113.0,25045.83010330097,31.0,False,6
4591,615.333,8507.0,711.0,113.56071405714286,25050.798052937196,31.0,False,6
4592,615.456,8467.853870735265,711.6903282857543,114.0,25054.696769967635,31.0,False,6
4593,615.494,8456.0,712.0,114.0,25055.89988542205,31.0,False,6
4594,615.616,8418.720848412846,713.515363702599,114.0,25059.7634366343,31.0,False,6
4595,615.654,8406.0,714.0,114.09499968,25060.97001141508,31.0,False,6
4596,616.014,8266.0,717.0,114.99499968,25072.476987582228,31.0,False,6
4597,616.016,8265.412563678485,717.009786206277,115.0,25072.54121441208,31.0,False,6
4598,616.274,8208.0,718.0,115.58636334545454,25080.84944520111,31.0,False,6
4599,616.456,8154.85405499776,719.2704235915759,116.0,25086.718992189857,31.0,False,6
4600,616.534,8125.0,720.0,116.0,25089.23292149986,31.0,False,6
4601,616.616,8088.3511233560275,720.8813629094662,116.0,25091.87454774541,31.0,False,6
4602,616.814,7996.0,723.0,116.0,25098.2543598593,31.0,False,6
4603,616.816,7995.249958884007,723.0156853163834,116.0,25098.318992189856,31.0,False,6
4604,617.217,7902.021795429423,724.6999381347903,117.0,25111.351492189853,31.0,False,6
4605,617.253,7892.0,725.0,117.0,25112.522257449902,31.0,False,6
4606,617.354,7860.0,726.0,117.0,25115.805064982564,31.0,False,6
4607,617.497,7813.241420896373,726.9034592135674,117.0,25120.45149218985,31.0,False,6
4608,617.513,7808.0,727.0,117.0,25120.971438912555,30.92,False,6
4609,617.697,7747.695691577298,728.3331369976386,117.0,25126.95149218985,30.0,False,6
4610,617.773,7723.0,729.0,117.0,25129.4215213558,30.0,False,6
4611,617.937,7670.329605973658,730.5916569257176,117.0,25134.75149218985,30.0,False,6
4612,617.994,7652.0,731.0,117.0,25136.603986517446,30.0,False,6
4613,618.137,7605.675281571253,731.4712763004184,117.0,25141.251492189847,30.0,False,6
4614,618.234,7574.0,732.0,117.0,25144.403989231952,30.0,False,6
4615,618.414,7515.0,734.0,117.0,25150.25398012089,30.0,False,6
4616,618.577,7462.614352593605,734.6485226573168,117.0,25155.55149218985,30.0,False,6
4617,618.674,7431.0,735.0,117.0,25158.70400854908,30.0,False,6
4618,618.777,7396.496878937666,735.7299444985956,117.0,25162.05149218985,30.0,False,6
4619,618.914,7353.0,737.0,117.0,25166.503823367686,30.0,False,6
4620,619.114,7287.0,739.0,117.0,25173.003885913906,30.0,False,6
4621,619.137,7273.590973509027,739.316316731358,117.0,25173.751492189847,30.0,False,6
4622,619.254,7196.0,741.0,117.0,25177.554566605726,29.2687504,False,6
4623,619.297,7176.3408838590785,741.41477095694,117.0,25178.95149218985,29.0,False,6
4624,619.574,7137.0,742.0,117.0,25187.947677410582,29.0,False,6
4625,619.617,7126.431334356593,742.1127955708438,117.0,25189.35149218985,29.0,False,6
4626,619.793,7066.0,743.0,117.73333333333333,25195.12365554474,29.0,False,6
4627,619.857,7044.1567290715075,743.5635315944447,118.0,25197.218158856518,29.0,False,6
4628,620.133,6955.0,746.0,117.01428571428572,25206.1882779024,29.0,False,6
4629,620.137,6953.69604040237,746.0026835569379,117.0,25206.318158856517,29.0,False,6
4630,620.173,6942.0,746.0,117.0,25207.487302794136,28.87142857142857,False,6
4631,620.417,6865.91539633302,747.6174671204003,117.0,25215.41815885652,28.0,False,6
4632,620.453,6851.0,748.0,117.0,25216.588252072797,28.0,False,6
4633,620.577,6788.076346625121,749.4845281417971,117.0,25220.61815885652,28.0,False,6
4634,620.713,6721.0,751.0,117.0,25225.038072599677,27.6591479243472,False,6
4635,620.976,6665.209336936093,752.3598374042641,117.0,25233.58565885652,27.0,False,6
4636,621.114,6636.0,753.0,117.0,25238.07078130219,27.0,False,6
4637,621.176,6617.16871111045,753.3821816392854,117.0,25240.08565885652,27.0,False,6
4638,621.273,6584.0,754.0,117.0,25243.23758179304,27.0,False,6
4639,621.456,6524.471335999392,754.8982511507608,117.0,25249.185658856517,27.0,False,6
4640,621.473,6519.0,755.0,117.0,25249.738606714738,27.04249984,False,6
4641,621.734,6435.0,757.0,117.0,25258.23251651482,27.69499968,False,6
4642,621.856,6395.847101646308,757.7418779767158,117.0,25262.185658856517,28.0,False,6
4643,621.893,6383.0,758.0,116.8458336,25263.380935655015,28.0,False,6
4644,622.096,6301.183054792931,759.9706219079412,116.0,25269.91899218985,28.0,False,6
4645,622.194,6261.0,761.0,116.0,25273.075627960618,28.0,False,6
4646,622.416,6178.28038773156,763.1026770565923,116.0,25280.230103300964,28.0,False,6
4647,622.554,6138.0,764.0,116.0,25284.676901415703,28.0,False,6
4648,622.696,6108.5004495901885,764.4534578505583,116.0,25289.252325523186,28.0,False,6
4649,622.834,6080.0,765.0,116.0,25293.698976244796,28.0,False,6
4650,622.936,6051.990775164102,765.817567658516,116.0,25296.98565885652,28.0,False,6
4651,623.136,5984.115527419791,768.1550982354556,116.0,25303.43010330096,28.0,False,6
4652,623.213,5958.0,769.0,116.0,25305.91125015263,28.0,False,6
4653,623.314,5925.0,770.0,116.0,25309.16568951175,28.0,False,6
4654,623.336,5918.2928888075585,770.1975810029546,116.0,25309.874547745407,28.0,False,6
4655,623.533,5854.0,772.0,116.0,25316.221439282315,28.0,False,6
4656,623.733,5745.0,775.0,116.0,25322.666116795735,28.0,False,6
4657,623.777,5727.814465382603,775.5322794012112,116.0,25324.08454774541,28.0,False,6
4658,623.977,5693.994775632463,777.0554285849472,116.0,25330.52899218985,28.0,False,6
4659,624.094,5674.0,778.0,115.85375008,25334.283156516896,28.0,False,6
4660,624.353,5591.0,781.0,115.53,25342.54326723244,28.0,False,6
4661,624.674,5463.0,785.0,115.12875008,25352.77741183586,28.0,False,6
4662,624.777,5438.994218174065,785.9255389550418,115.0,25356.08454774541,28.0,False,6
4663,624.914,5411.0,787.0,115.48928548571429,25360.501028723713,28.0,False,6
4664,625.057,5366.281128179258,788.235481661164,116.0,25365.10676996763,28.0,False,6
4665,625.134,5341.0,789.0,115.72500022857143,25367.573690664707,28.0,False,6
4666,625.337,5278.080526199205,791.4694752189295,115.0,25374.051214412077,28.0,False,6
4667,625.374,5264.0,792.0,115.0,25375.232370452446,27.86785737142857,False,6
4668,625.617,5146.963310033395,795.9530842840836,115.0,25382.995658856522,27.0,False,6
4669,625.694,5117.0,797.0,115.0,25385.455538366143,27.0,False,6
4670,625.777,5093.530587252572,797.9006465351531,115.0,25388.106769967635,27.0,False,6
4671,626.017,5055.429096819391,799.6826502164255,115.0,25395.773436634303,27.0,False,6
4672,626.054,5047.0,800.0,115.0,25396.956446847165,27.0,False,6
4673,626.217,4997.104813587368,801.6462319300556,115.0,25402.16232552319,27.0,False,6
4674,626.333,4958.0,803.0,114.51666666666667,25405.841133367463,27.0,False,6
4675,626.413,4932.0,804.0,114.18333333333334,25408.370356072446,27.0,False,6
4676,626.457,4916.336973470133,804.578231821486,114.0,25409.76232552319,27.0,False,6
4677,626.657,4836.382948492239,807.3294376792242,114.0,25416.095658856524,27.0,False,6
4678,626.713,4818.0,808.0,114.0,25417.869174062776,27.0,False,6
4679,626.937,4766.365904191796,810.1550566702474,114.0,25424.96232552319,27.0,False,6
4680,627.013,4742.0,811.0,114.0,25427.369027152872,27.0,False,6
4681,627.177,4663.081367129975,813.318433338977,114.0,25432.562325523188,27.0,False,6
4682,627.313,4603.0,815.0,114.0,25436.868677896346,27.0,False,6
4683,627.337,4595.517049782089,815.2136830168622,114.0,25437.628992189853,27.0,False,6
4684,627.634,4546.0,817.0,114.0,25447.041149059667,26.172702275618537,False,6
4685,627.696,4529.2393906624,817.7501287104196,114.0,25448.99732552319,26.0,False,6
4686,627.853,4477.0,820.0,113.43928594285714,25453.92974147745,26.0,False,6
4687,627.976,4440.290239298392,821.2291299795947,113.0,25457.786214412077,26.0,False,6
4688,628.153,4382.0,823.0,113.0,25463.340614590532,25.55750016,False,6
4689,628.376,4281.748661376949,826.7745848825697,113.0,25470.341769967632,25.0,False,6
4690,628.393,4276.0,827.0,113.0,25470.87536497748,25.0,False,6
4691,628.616,4233.3799349948695,828.7197414828923,113.0,25477.875103300965,25.0,False,6
4692,628.653,4226.0,829.0,113.0,25479.037216438523,24.81500032,False,6
4693,628.816,4181.241619656913,830.6098963686305,113.0,25484.152881078746,24.0,False,6
4694,629.034,4107.0,833.0,112.50454574545455,25490.94726734248,24.0,False,6
4695,629.253,4038.0,835.0,112.00681832727273,25497.748520005967,24.0,False,6
4696,629.256,4037.0097751074854,835.0377078897296,112.0,25497.841769967632,24.0,False,6
4697,629.453,3970.0,838.0,112.0,25503.96974679018,24.0,False,6
4698,629.616,3921.2440334762337,839.6256404897738,112.0,25509.041769967633,24.0,False,6
4699,629.773,3876.0,841.0,112.0,25513.92614536879,24.0,False,6
4700,629.776,3875.098461426333,841.0318225069974,112.0,25514.01954774541,24.0,False,6
4701,629.954,3820.0,843.0,112.0,25519.56014245734,24.0,False,6
4702,629.976,3813.2195721660382,843.1706228596676,112.0,25520.241769967633,24.0,False,6
4703,630.094,3777.0,844.0,111.26708124902609,25523.88155610289,24.0,False,6
4704,630.137,3763.5819352971434,844.5246093926451,111.0,25525.2059366343,24.0,False,6
4705,630.293,3715.0,847.0,111.0,25530.01454915242,24.0,False,6
4706,630.457,3666.609666328418,848.5895431809099,111.0,25535.072603300967,24.0,False,6
4707,630.494,3654.0,849.0,111.0,25536.213596464404,23.5375008,False,6
4708,630.697,3567.819438902303,852.2696499384418,111.0,25542.47260330097,21.0,False,6
4709,630.833,3518.0,854.0,111.0,25546.664727846714,21.485714285714284,False,6
4710,630.977,3487.823248444414,854.5019962925338,111.0,25551.1059366343,22.0,False,6
4711,631.113,3463.0,855.0,111.0,25555.306220393813,22.0,False,6
4712,631.257,3422.863760658431,856.8017918698058,111.0,25559.73926996763,22.0,False,6
4713,631.334,3395.0,858.0,110.5187504,25562.094557780354,21.5187504,False,6
4714,631.417,3359.686218806551,859.3205345104841,110.0,25564.62815885652,21.0,False,6
4715,631.617,3266.321666848648,862.364667868641,110.0,25570.73926996763,21.0,False,6
4716,631.673,3248.0,863.0,110.0,25572.45011823508,21.0,False,6
4717,631.777,3225.7368993610044,863.8786753455169,110.0,25575.62815885652,21.0,False,6
4718,631.973,3200.0,865.0,110.0,25581.617638847696,20.02,False,6
4719,631.977,3199.187753886513,865.0262223638839,110.0,25581.73926996763,20.0,False,6
4720,632.137,3155.688644040893,866.2179612868634,109.0,25586.583714412074,20.0,False,6
4721,632.314,3097.0,868.0,109.0,25591.940964691457,20.0,False,6
4722,632.394,3072.0,869.0,109.0,25594.36448635363,20.0,False,6
4723,632.417,3064.9201586350055,869.2931614421769,109.0,25595.061492189856,20.0,False,6
4724,632.617,3004.8690157061537,871.8451546530252,109.0,25601.11704774541,20.0,False,6
4725,632.714,2976.0,873.0,108.5958336,25604.0332235621,20.0,False,6
4726,632.857,2933.1907344026845,874.5296104486293,108.0,25608.31704774541,20.0,False,6
4727,632.913,2916.0,875.0,108.0,25609.99626114511,20.0,False,6
4728,633.057,2873.311313788141,875.8160073122018,108.0,25614.31704774541,20.0,False,6
4729,633.094,2867.0,876.0,108.0,25615.427136400103,20.0,False,6
4730,633.217,2861.9078152647894,876.6891738448495,108.0,25619.11704774541,20.0,False,6
4731,633.253,2857.0,877.0,108.0,25620.197023907895,20.0,False,6
4732,633.537,2735.9790555913564,880.8639547930575,108.0,25628.717047745413,20.0,False,6
4733,633.553,2731.0,881.0,108.0,25629.19704695262,20.0,False,6
4734,633.737,2704.3649864287595,881.631329262048,108.0,25634.71704774541,20.0,False,6
4735,633.793,2695.0,882.0,108.0,25636.397097882003,20.12727272727273,False,6
4736,634.013,2629.0,885.0,108.0,25642.997502269438,20.62727272727273,False,6
4737,634.177,2579.950652821102,886.8350680717595,108.0,25647.91704774541,21.0,False,6
4738,634.194,2575.0,887.0,108.0,25648.426937794986,21.0,False,6
4739,634.413,2509.0,889.0,108.0,25654.994991486565,21.0,False,6
4740,634.536,2463.742536161665,890.4109329843692,108.0,25658.687047745407,21.0,False,6
4741,634.754,2384.0,893.0,108.0,25665.239811984113,20.45500032,False,6
4742,634.936,2344.031383656784,894.3706819733591,108.0,25670.68704774541,20.0,False,6
4743,635.096,2305.6743253416435,895.7883204900257,107.0,25675.442603300966,20.0,False,6
4744,635.113,2300.0,896.0,107.0,25675.94765071428,20.0,False,6
4745,635.296,2222.4697365735433,898.9051791962933,107.0,25681.38704774541,20.0,False,6
4746,635.373,2193.0,900.0,107.0,25683.675802176702,20.0,False,6
4747,635.576,2145.679859721065,901.6951734044399,107.0,25689.709269967632,20.0,False,6
4748,635.753,2110.0,903.0,107.0,25694.970046641938,20.0,False,6
4749,635.934,2056.0,905.0,107.0,25700.349804701065,20.0,False,6
4750,636.056,2019.3670436223401,906.0053981335877,107.0,25703.9759366343,20.0,False,6
4751,636.214,1973.0,907.0,107.0,25708.67204838259,20.0,False,6
4752,636.374,1926.0,908.0,107.0,25713.42759953336,20.0,False,6
4753,636.376,1925.418994781897,908.0107378168992,107.0,25713.48704774541,20.0,False,6
4754,636.573,1867.0,909.0,107.0,25719.34232267401,20.0,False,6
4755,636.616,1852.616203465706,909.3278913873065,107.0,25720.620381078745,20.0,False,6
4756,636.857,1765.468225590183,911.7342321256762,107.0,25727.7834366343,20.0,False,6
4757,636.894,1754.0,912.0,107.0,25728.883151588867,19.8972224,False,6
4758,637.217,1675.5943884084584,912.9437563163337,107.0,25738.483436634302,19.0,False,6
4759,637.234,1671.0,913.0,107.0,25738.98872858434,19.0,False,6
4760,637.434,1611.0,914.0,107.0,25744.93335654879,19.0,False,6
4761,637.497,1592.9706930566279,914.4559420464042,107.0,25746.805658856523,19.0,False,6
4762,637.694,1534.0,916.0,107.0,25752.660866628084,19.0,False,6
4763,637.697,1532.9043116456016,916.0183983677653,107.0,25752.75010330097,19.0,False,6
4764,637.914,1446.0,917.0,107.0,25759.206685503654,19.0,False,6
4765,637.977,1426.73011390726,917.2892592987985,107.0,25761.07232552319,19.0,False,6
4766,638.177,1386.4356676642205,918.364782794592,106.0,25766.96121441208,20.0,False,6
4767,638.274,1363.0,919.0,106.0,25769.815955562226,20.0,False,6
4768,638.414,1321.0,920.0,106.0,25773.9390559474,20.0,False,6
4769,638.497,1298.5775939470125,920.4841636690994,106.0,25776.3834366343,20.0,False,6
4770,638.754,1221.0,922.0,106.0,25783.950754501373,20.0,False,6
4771,638.857,1165.8575607092835,923.1380261033717,106.0,25786.983436634302,20.0,False,6
4772,638.954,1120.0,924.0,106.0,25789.83952916243,20.0,False,6
4773,639.057,1097.9565786121439,924.1659017734871,106.0,25792.872325523193,20.0,False,6
4774,639.214,1085.0,924.0,106.0,25797.495102359306,20.0,False,6
4775,639.257,1076.5888142245797,924.171663945613,106.0,25798.76121441208,20.0,False,6
4776,639.473,1008.0,926.0,106.0,25805.12121435328,20.0,False,6
4777,639.497,999.1501379950859,926.2017634214682,106.0,25805.827881078745,20.0,False,6
4778,639.773,896.0,928.0,106.0,25813.954546487203,20.0,False,6
4779,639.977,846.5150851711337,928.3837995743702,106.0,25819.96121441208,20.0,False,6
4780,640.154,808.0,929.0,106.0,25825.1728842316,19.55750016,False,6
4781,640.373,743.0,931.0,106.0,25831.62123075604,19.01,False,6
4782,640.613,643.0,933.0,106.0,25838.687898182718,18.41,False,6
4783,640.777,597.2394171223003,933.5333481944457,106.0,25843.51676996764,18.0,False,6
4784,640.977,560.5347890989439,933.7014680376371,106.0,25849.405658856525,18.0,False,6
4785,641.053,542.0,934.0,106.0,25851.643500146547,18.0,False,6
4786,641.213,495.0,935.0,106.0,25856.354556108945,18.0,False,6
4787,641.216,494.0978989572602,935.0186919294638,106.0,25856.44288107875,18.0,False,6
4788,641.393,442.0,936.0,106.0,25861.654185787083,18.0,False,6
4789,641.416,435.46140356265624,936.1146210899002,106.0,25862.33176996764,18.0,False,6
4790,641.594,383.0,937.0,106.0,25867.57754956549,18.0,False,6
4791,641.656,360.66202083472984,937.3791687572285,106.0,25869.398436634303,18.0,False,6
4792,641.874,278.0,939.0,105.3187504,25875.76065331859,18.0,False,6
4793,641.976,252.733768070627,939.8391185085248,105.0,25878.73176996764,18.0,False,6
4794,642.174,214.0,941.0,105.0,25884.50650258946,18.0,False,6
4795,642.256,191.1440318695323,940.9568252738088,105.0,25886.898436634303,18.0,False,6
4796,642.313,173.0,941.0,105.0,25888.56074163158,18.0,False,6
4797,642.496,104.04312016434396,942.6014183564959,105.0,25893.898436634303,18.0,False,6
4798,642.634,56.0,944.0,105.0,25897.92563183429,18.0,False,6
4799,642.656,49.59019758364178,944.1567524479782,105.0,25898.565103300967,18.0,False,6
4800,642.856,5.8320722504223514,944.8037922347218,104.0,25904.342881078745,18.0,False,6
4801,642.974,-18.0,945.0,104.0,25907.750690745463,18.0,False,6
4802,643.096,-45.736262803445506,945.2713455672673,104.0,25911.27621441208,18.0,False,6
4803,643.417,-133.75189033122493,946.3179089912682,104.0,25920.549547745413,17.0,False,6
4804,643.577,-184.6052627896314,947.0391545186192,104.0,25925.171769967634,17.0,False,6
4805,643.737,-234.6316349328353,947.9859237061215,104.0,25929.793992189854,17.0,False,6
4806,643.994,-312.0,950.0,103.08214308571428,25937.147860796547,17.917856914285714,False,6
4807,644.017,-318.7445742477208,950.2098938220903,103.0,25937.80510330097,18.0,False,6
4808,644.213,-375.0,952.0,103.0,25943.411887249367,18.0,False,6
4809,644.337,-409.85131093866204,952.7740726171872,103.0,25946.960658856522,18.0,False,6
4810,644.374,-421.0,953.0,103.0,25948.019385170577,18.0,False,6
4811,644.537,-476.54265447480583,954.1358977550866,103.0,25952.682881078745,18.0,False,6
4812,644.654,-519.0,955.0,103.0,25956.030354232647,18.0,False,6
4813,644.777,-563.2661185121043,955.8877713309895,103.0,25959.549547745413,18.0,False,6
4814,644.977,-631.2347787436822,957.2689777058241,103.0,25965.271769967632,18.0,False,6
4815,645.094,-661.0,958.0,103.0,25968.61939133833,18.0,False,6
4816,645.217,-683.0129534143279,958.7001586081566,103.0,25972.1384366343,18.0,False,6
4817,645.394,-713.0,960.0,103.0,25977.201743220703,17.262500266666667,False,6
4818,645.457,-728.8280411985329,960.7019042451552,103.0,25979.00510330097,17.0,False,6
4819,645.634,-781.0,963.0,103.0,25984.07150631792,17.0,False,6
4820,645.657,-787.2923940815741,963.2685541633401,103.0,25984.727325523192,17.0,False,6
4821,645.854,-844.0,966.0,102.2964288,25990.31226120787,16.2964288,False,6
4822,645.937,-879.9449090183684,968.2942850791494,102.0,25992.660658856526,16.0,False,6
4823,646.053,-934.0,972.0,102.0,25995.945980302546,16.0,False,6
4824,646.217,-990.3998307474261,976.0214111697084,102.0,26000.59399218986,16.0,False,6
4825,646.353,-1029.0,979.0,102.0,26004.44762070718,16.0,False,6
4826,646.577,-1093.0631946424096,984.4886998568232,102.0,26010.79399218986,16.0,False,6
4827,646.633,-1109.0,986.0,102.0,26012.38070570919,16.0,False,6
4828,646.737,-1138.4171533441804,988.968606350475,102.0,26015.327325523194,16.0,False,6
4829,646.913,-1188.0,994.0,102.0,26020.312290972488,14.9,False,6
4830,647.057,-1228.8254870584344,997.5022014660877,102.0,26024.393992189864,14.0,False,6
4831,647.153,-1256.0,1000.0,102.0,26027.1186287193,14.0,False,6
4832,647.257,-1285.2816166085272,1003.170505170301,102.0,26030.060658856528,14.0,False,6
4833,647.353,-1312.0,1006.0,101.46666666666667,26032.75469965548,13.466666666666667,False,6
4834,647.473,-1345.0,1009.0,100.8,26036.09314813442,12.8,False,6
4835,647.617,-1385.5285017157887,1013.5235836577511,100.0,26040.060658856528,12.0,False,6
4836,647.633,-1390.0,1014.0,99.91989988125958,26040.498975857427,11.759699643778752,False,6
4837,647.873,-1456.0,1020.0,98.71839810015334,26047.013310300077,8.155194300460032,False,6
4838,648.153,-1532.0,1028.0,97.31664602219607,26054.474087620132,3.9499380665881905,False,6
4839,648.394,-1596.0,1035.0,96.11013830406903,26060.794804593053,0.3304149122070667,False,6
4840,648.416,-1606.6492940245987,1036.0367728286717,96.0,26061.367325523195,0.0,False,6
4841,648.513,-1659.0,1041.0,95.1916672,26063.882673515087,0.0,False,6
4842,648.776,-1712.3485776993525,1045.7530074130432,93.0,26070.66732552319,0.0,False,6
4843,648.936,-1736.0570187797382,1047.9335048457294,93.0,26074.800658856526,0.0,False,6
4844,648.974,-1747.0,1049.0,92.62000128,26075.77011503917,0.0,False,6
4845,649.136,-1811.0617514543133,1055.3247880487002,91.0,26079.85621441208,0.0,False,6
4846,649.154,-1818.0,1056.0,90.9437504,26080.30957337382,0.0,False,6
4847,649.456,-1901.970302793255,1063.695770125711,90.0,26087.85621441208,0.0,False,6
4848,649.593,-1926.0,1066.0,88.04285805714285,26091.14825006859,0.0,False,6
4849,649.736,-1944.3374293437507,1068.0739266675653,86.0,26094.54510330097,0.0,False,6
4850,649.897,-1974.1584747502259,1070.6743740274087,86.0,26098.391214412084,0.0,False,6
4851,649.913,-1979.0,1071.0,85.9,26098.77122430386,0.0,False,6
4852,650.133,-2063.0,1076.0,84.525,26103.92977642886,0.0,False,6
4853,650.217,-2082.0729435045055,1077.2678674978345,84.0,26105.857881078748,0.0,False,6
4854,650.377,-2094.9421917014974,1078.467860305845,81.0,26109.457881078746,0.0,False,6
4855,650.473,-2108.0,1079.0,80.1,26111.567208972483,0.0,False,6
4856,650.694,-2161.0,1080.0,78.0281256,26116.326735793293,0.0,False,6
4857,650.697,-2161.7002198810487,1080.007374864014,78.0,26116.39121441208,0.0,False,6
4858,650.854,-2195.0,1080.0,77.0187504,26119.7501544818,0.0,False,6
4859,650.857,-2195.6176891119935,1079.9886308714943,77.0,26119.813436634304,0.0,True,6
4860,651.154,-2257.0,1077.0,74.30000058181818,26125.870176500728,0.0,True,6
4861,651.297,-2286.380392816627,1075.1201864166,73.0,26128.735658856527,0.0,True,6
4862,651.414,-2310.0,1073.0,72.41500032,26131.085591001727,0.0,True,6
4863,651.497,-2326.394838838232,1070.9548761934013,72.0,26132.735658856527,0.0,True,6
4864,651.574,-2341.0,1069.0,71.2781256,26134.24260216434,0.0,True,6
4865,651.817,-2384.57446581334,1063.4143061718726,69.0,26138.868992189862,0.0,True,6
4866,651.874,-2398.0,1061.0,68.43000064,26139.933912934353,0.0,True,6
4867,652.017,-2438.9521540768396,1052.325402057416,67.0,26142.591214412085,0.0,True,6
4868,652.074,-2453.0,1049.0,67.0,26143.656274643447,0.0,True,6
4869,652.177,-2470.629985734015,1044.1968115774498,67.0,26145.568992189863,0.0,True,6
4870,652.377,-2487.8061630369793,1036.8310494956356,64.0,26149.124547745418,0.0,True,6
4871,652.414,-2492.0,1035.0,63.5375008,26149.764408442974,0.0,True,6
4872,652.617,-2522.3338992034433,1021.7108873125087,61.0,26153.191214412083,0.0,True,6
4873,652.674,-2531.0,1017.0,60.43000064,26154.131102538227,0.0,True,6
4874,652.817,-2550.8947075660258,1003.555069280589,59.0,26156.46899218986,0.0,True,6
4875,652.833,-2553.0,1002.0,59.0,26156.731914594213,0.0,True,6
4876,652.977,-2571.0768348041825,987.7053650149867,59.0,26159.09121441208,0.0,False,6
4877,652.993,-2573.0,986.0,58.84,26159.347530914973,0.0,False,6
4878,653.173,-2593.0,966.0,57.04,26162.128050796488,0.0,False,6
4879,653.377,-2608.66401786169,950.1482198945157,55.0,26165.20232552319,0.0,True,6
4880,653.537,-2620.5825487609354,921.6515314974155,55.0,26167.646769967636,0.0,False,6
4881,653.553,-2622.0,917.0,54.86666666666667,26167.88767902237,0.0,False,6
4882,653.653,-2631.0,884.0,54.03333333333333,26169.371529839107,0.0,False,6
4883,653.777,-2636.6036190789696,859.7992127483342,53.0,26171.18010330097,0.0,False,6
4884,653.937,-2635.509594047293,853.8935389723332,52.0,26173.49121441208,0.0,False,6
4885,654.034,-2635.0,846.0,51.5958336,26174.8721751403,0.8083328,False,6
4886,654.177,-2635.1723349746107,825.5241799125365,51.0,26176.89121441208,2.0,False,6
4887,654.213,-2635.0,820.0,51.0,26177.399679781753,2.0,False,6
4888,654.337,-2633.121151938977,801.894074283426,51.0,26179.157881078747,2.0,False,6
4889,654.553,-2626.0,772.0,52.08270659325007,26182.28869440997,4.706766483125175,False,6
4890,654.733,-2618.0,747.0,52.98496208762513,26184.98627391771,6.962405219062822,False,6
4891,654.736,-2617.8670212077873,746.6187139554854,53.0,26185.032047745415,7.0,False,6
4892,654.976,-2603.939361791315,715.3457448344459,56.0,26188.76538107875,7.0,False,6
4893,654.993,-2602.0,712.0,56.070833066666665,26189.03283539538,7.070833066666666,False,6
4894,655.194,-2573.0,666.0,56.9083328,26192.214852103098,7.9083328,False,6
4895,655.216,-2571.0102239863686,662.9698813357288,57.0,26192.565381078748,8.0,False,6
4896,655.376,-2565.706536887835,655.9652552081895,58.0,26195.143158856525,9.0,False,6
4897,655.434,-2563.0,653.0,58.7249984,26196.10773504964,9.0,False,6
4898,655.696,-2534.3169901249466,620.4352250503816,62.0,26200.654269967636,9.0,False,6
4899,655.714,-2532.0,618.0,62.149998933333336,26200.972918579697,9.0,False,6
4900,655.934,-2504.0,591.0,63.983332266666665,26204.919900454577,9.0,False,6
4901,656.056,-2490.203995323999,578.3348034516014,65.0,26207.154269967636,9.0,False,6
4902,656.193,-2468.0,560.0,66.13850382510871,26209.70407270245,10.138503825108712,False,6
4903,656.354,-2426.0,528.0,67.47645366895577,26212.758693876924,11.476453668955775,False,6
4904,656.417,-2413.8070641549875,518.7897473400866,68.0,26213.973158856523,12.0,False,6
4905,656.657,-2392.7180671278675,503.2166213934264,71.0,26218.706492189856,12.0,False,6
4906,656.713,-2388.0,500.0,71.7,26219.84020396513,12.0,False,6
4907,656.897,-2368.3097998869684,487.12896333382787,74.0,26223.63982552319,12.0,False,6
4908,657.054,-2348.0,475.0,75.17749952,26226.95456031705,12.0,False,6
4909,657.294,-2310.0,455.0,76.97749952,26232.13004218484,12.0,False,6
4910,657.297,-2309.376203795456,454.6789726397363,77.0,26232.195381078745,12.0,False,6
4911,657.654,-2220.0,408.0,79.67749952,26240.10511266753,12.0,False,6
4912,657.697,-2212.2568021416687,403.59185899079415,80.0,26241.084269967632,12.0,False,6
4913,658.017,-2169.5676765643143,375.33823567379903,84.0,26248.5509366343,13.0,False,6
4914,658.034,-2166.0,373.0,84.1062496,26248.952973047875,13.0531248,False,6
4915,658.254,-2110.0,337.0,85.4812496,26254.193458971717,13.740624799999999,False,6
4916,658.337,-2094.920743584442,327.2948032088097,86.0,26256.19538107874,14.0,False,6
4917,658.497,-2072.397709911255,312.7395298177498,88.0,26260.10649218985,14.0,False,6
4918,658.534,-2065.0,308.0,88.33636305454546,26261.026545805275,14.084090763636363,False,6
4919,658.894,-1964.0,244.0,91.60909032727272,26270.242265951798,14.902272581818181,False,6
4920,658.937,-1955.761740364155,238.89883702643706,92.0,26271.350936634295,15.0,False,6
4921,659.214,-1920.0,218.0,92.69249984,26278.487864983566,15.0,False,6
4922,659.337,-1893.9489691131773,203.12680306869066,93.0,26281.684269967627,15.0,False,6
4923,659.453,-1866.0,188.0,93.52727272727273,26284.724831590338,14.736363636363636,False,6
4924,659.513,-1852.0,181.0,93.8,26286.307464893547,14.6,False,6
4925,659.777,-1796.8101745423057,154.94566097214368,95.0,26293.29538107874,14.0,False,6
4926,659.853,-1780.0,148.0,95.0,26295.302047426958,13.62,False,6
4927,659.977,-1750.201289274381,136.7955412550176,95.0,26298.573158856518,13.0,False,6
4928,660.034,-1736.0,132.0,95.0,26300.077071277898,13.0,False,6
4929,660.257,-1679.4132058311689,116.28470184581059,95.0,26305.962047745405,13.0,False,6
4930,660.294,-1670.0,114.0,95.0,26306.93846695524,13.0,False,6
4931,660.513,-1614.0,102.0,95.0,26312.717607917035,13.0,False,6
4932,660.537,-1607.6859690038466,100.86483959591354,95.0,26313.350936634295,13.0,False,6
4933,660.673,-1572.0,95.0,95.0,26316.939820308875,13.0,False,6
4934,660.737,-1556.4135646024965,92.41372588863328,95.0,26318.628714412072,13.0,False,6
4935,660.874,-1519.0,89.0,95.0,26322.244011736406,13.285416533333333,False,6
4936,661.093,-1431.0,95.0,95.0,26328.02321110741,13.741666666666667,False,6
4937,661.217,-1405.434497146246,97.43570462111553,95.0,26331.29538107874,14.0,False,6
4938,661.376,-1386.7903761541593,101.03069892721537,95.0,26335.49121441207,14.0,False,6
4939,661.414,-1378.0,103.0,95.0,26336.494119270035,14.2374992,False,6
4940,661.536,-1337.2870844130966,112.40058257870948,95.0,26339.713436634294,15.0,False,6
4941,661.696,-1271.033428764289,127.98705760159915,95.0,26343.935658856517,15.0,False,6
4942,661.754,-1254.0,132.0,95.16111075555555,26345.473834886736,15.0,False,6
4943,662.056,-1215.0912351111183,142.80790470395706,96.0,26353.53565885652,15.0,False,6
4944,662.133,-1193.0,151.0,96.0,26355.58941514883,15.0,False,6
4945,662.216,-1157.2516108006391,164.34479826324153,96.0,26357.802325523186,15.0,False,6
4946,662.314,-1113.0,181.0,96.0,26360.416201314176,15.48999936,False,6
4947,662.416,-1083.128506918299,192.52621282644645,96.0,26363.13565885652,16.0,False,6
4948,662.616,-1064.0415071424027,201.2777392490179,96.0,26368.468992189853,16.0,False,6
4949,662.754,-1040.0,213.0,96.68999936,26372.185067782044,15.31000064,False,6
4950,662.816,-1022.9909366679377,221.09119865332144,97.0,26373.857881078744,15.0,False,6
4951,662.933,-987.0,238.0,97.0,26377.011648854383,15.0,False,6
4952,663.017,-966.1542358002608,247.5989737128549,97.0,26379.273714412077,15.0,False,6
4953,663.193,-924.0,267.0,97.0,26384.008049630822,15.55,False,6
4954,663.337,-871.1810279844811,292.3049433586782,97.0,26387.895936634297,16.0,False,6
4955,663.394,-851.0,302.0,97.14249984,26389.442560176572,15.85750016,False,6
4956,663.737,-770.2568001508345,340.21696143617504,98.0,26398.784825523184,15.0,False,6
4957,663.854,-743.0,353.0,97.67500017777778,26401.941438685106,15.0,False,6
4958,664.097,-674.1066686835405,385.43486993908465,97.0,26408.484825523185,15.0,False,6
4959,664.194,-650.0,397.0,97.6062496,26411.122750975614,15.0,False,6
4960,664.257,-636.8362528873522,403.4356604617876,98.0,26412.84038107874,15.0,False,6
4961,664.574,-587.0,428.0,98.0,26421.47049031877,12.028125600000001,False,6
4962,664.577,-586.4662418561524,428.2426778620667,98.0,26421.55149218985,12.0,False,6
4963,664.734,-547.0,446.0,97.21500032,26425.76592701066,7.68250176,False,6
4964,664.954,-493.0,471.0,96.11500032,26431.60943106143,1.6325017599999996,False,6
4965,664.977,-518.5507547637051,458.92253972634785,96.0,26432.218158856514,1.0,False,6
4966,665.137,-837.8513175805297,308.47504137030654,95.0,26436.440381078737,1.0,False,6
4967,665.173,-882.0,288.0,94.87142857142857,26437.386401677977,0.8714285714285714,False,6
4968,665.394,-830.0,314.0,94.08214308571428,26443.155637550088,0.08214308571428569,False,6
4969,665.417,-819.7957471651972,317.88376384656095,94.0,26443.75149218985,0.0,False,6
4970,665.694,-756.0,320.0,92.46111146666667,26450.853739984126,0.0,False,6
4971,665.774,-735.0,320.0,92.01666702222222,26452.87592973214,0.0,False,6
4972,665.777,-734.2023259629032,320.0091267706363,92.0,26452.95149218985,0.0,False,6
4973,666.014,-674.0,321.0,90.5187504,26458.858830282454,0.0,False,6
4974,666.193,-629.0,322.0,89.4,26463.25523750381,0.0,False,6
4975,666.257,-610.5072438642243,322.29960187326685,89.0,26464.818158856517,0.0,True,6
4976,666.417,-559.4319686953083,322.84264006657577,87.0,26468.684825523185,0.0,True,6
4977,666.513,-534.0,323.0,85.56,26470.92600038323,0.0,True,6
4978,666.817,-485.100392892176,322.8295756094763,81.0,26477.684825523185,0.0,True,6
4979,666.913,-462.0,323.0,79.2,26479.77415949903,0.0,True,6
4980,666.977,-441.89800140094763,323.2390292380312,78.0,26481.151492189852,0.0,True,6
4981,667.137,-388.67491330566196,323.96382806651985,76.0,26484.52926996763,0.0,True,6
4982,667.154,-385.0,324.0,75.85833386666667,26484.883846477835,0.0,True,6
4983,667.374,-364.0,324.0,74.02500053333333,26489.401988776423,0.0,True,6
4984,667.377,-363.6176699304578,324.00582690511703,74.0,26489.462603300963,0.0,True,6
4985,667.593,-321.0,325.0,71.3,26493.73723209208,0.0,True,6
4986,667.617,-316.0255100748726,325.1213103498155,71.0,26494.195936634296,0.0,True,6
4987,667.813,-278.0,326.0,67.72423456726737,26497.7998758723,0.0,True,6
4988,667.976,-248.2001656250601,326.5629823926457,65.0,26500.67788107874,0.0,True,6
4989,668.073,-231.0,327.0,63.96071497142857,26502.366373130677,0.0,True,6
4990,668.234,-203.0,328.0,62.235715657142855,26505.127212891755,0.0,True,6
4991,668.256,-199.15486957622642,328.1275099397702,62.0,26505.50010330096,0.0,True,6
4992,668.433,-168.0,329.0,61.01666702222222,26508.461631109938,0.0,True,6
4993,668.616,-136.1184473375778,329.7628471222746,60.0,26511.50010330096,0.0,False,6
4994,668.754,-114.0,330.0,60.0,26513.809405401942,0.0,False,6
4995,668.794,-108.0,330.0,60.0,26514.47908179436,0.0,False,6
4996,668.896,-90.20063863381215,330.4515158289486,60.0,26516.16676996763,0.0,False,6
4997,669.114,-56.0,332.0,58.7888896,26519.68068507942,4.2388864,False,6
4998,669.256,-45.671520731073294,331.6743978277262,58.0,26521.96676996763,7.0,False,6
4999,669.294,-27.0,332.0,58.18999936,26522.584541953816,7.0,False,6
5000,669.456,152.03007378899255,336.14093432350046,59.0,26525.244547745406,7.0,False,6
5001,669.493,196.0,337.0,59.13167240009621,26525.857173722496,7.0,False,6
5002,669.737,415.12662317783156,338.93426397881336,60.0,26529.927881078736,7.0,False,6
5003,669.773,436.0,339.0,60.0,26530.528722890318,7.0,False,6
5004,670.017,496.4320571514483,339.10922314922897,60.0,26534.594547745404,7.0,False,6
5005,670.217,504.47413445206075,339.0068219691892,60.0,26537.927881078736,7.0,False,6
5006,670.234,506.0,339.0,60.06071405714286,26538.21350460611,7.0,False,6
5007,670.454,537.0,339.0,60.846428342857145,26541.943084699258,7.0,False,6
5008,670.497,545.1596790025638,339.05136449106453,61.0,26542.67232552318,7.0,False,6
5009,670.657,583.6605624705768,340.51028723433944,61.0,26545.383436634293,7.0,False,6
5010,670.674,589.0,341.0,61.070833066666665,26545.672957179155,7.1416661333333336,False,6
5011,670.897,676.2172683785952,353.04639928472204,62.0,26549.516769967628,9.0,False,6
5012,670.954,694.0,356.0,62.3562496,26550.518055627363,8.8218752,False,6
5013,671.217,726.1877827426865,364.0315487770249,64.0,26555.205658856514,8.0,False,6
5014,671.374,740.0,370.0,64.0,26557.996984418227,7.21500032,False,6
5015,671.417,746.1678461916388,372.29792540317914,64.0,26558.76121441207,7.0,False,6
5016,671.554,770.0,381.0,64.0,26561.19805509806,7.0,False,6
5017,671.774,806.0,396.0,64.0,26565.10803661352,7.0,False,6
5018,671.777,806.4799549055243,396.20447419524487,64.0,26565.16121441207,7.0,False,6
5019,672.017,845.4439018086813,412.4457761370896,64.0,26569.427881078736,10.0,False,6
5020,672.054,852.0,415.0,64.3083328,26570.097602148184,10.0,False,6
5021,672.257,891.4074860722019,428.4083159680098,66.0,26573.827881078734,10.0,False,6
5022,672.294,899.0,430.0,66.1156248,26574.51115074726,10.1156248,False,6
5023,672.577,957.9619178796837,430.6536370803889,67.0,26579.78343663429,11.0,False,6
5024,672.653,971.0,429.0,67.63333333333334,26581.230971835717,10.05,False,6
5025,672.817,992.6807513802283,424.11697260381015,69.0,26584.38343663429,8.0,False,6
5026,672.953,1011.0,418.0,69.0,26586.98810496239,4.033333333333333,False,6
5027,673.057,1028.874775355808,411.6906561843019,69.0,26588.983436634288,1.0,False,6
5028,673.233,1063.0,399.0,69.55,26592.38459296224,8.15,False,6
5029,673.377,1089.450768548703,388.40704698994216,70.0,26595.20565885651,14.0,False,6
5030,673.453,1103.0,383.0,70.76,26596.713168206028,14.76,False,6
5031,673.577,1125.3252745493742,374.2600206056096,72.0,26599.20565885651,16.0,False,6
5032,673.613,1133.0,371.0,72.36,26599.93864018926,16.36,False,6
5033,673.777,1177.6712021995768,350.07093566876046,74.0,26603.316769967623,18.0,False,6
5034,673.873,1204.0,337.0,74.4,26605.30178419031,18.4,False,6
5035,674.017,1236.7829379311333,319.93241580109463,75.0,26608.316769967623,19.0,False,6
5036,674.257,1277.2983213863936,296.72580689981606,78.0,26613.51676996762,19.0,False,6
5037,674.393,1301.0,283.0,78.0,26616.46017832534,19.485714285714284,False,6
5038,674.537,1328.1548697491385,267.414771397553,78.0,26619.58343663429,20.0,False,6
5039,674.673,1354.0,252.0,78.68341686563478,26622.56598011105,19.316583134365224,False,6
5040,674.736,1365.4940948592125,244.7234103307972,79.0,26623.950381078732,19.0,False,6
5041,674.794,1376.0,238.0,79.0,26625.22371849854,19.0,False,6
5042,674.896,1394.7118137692398,226.2306396026494,79.0,26627.461492189843,19.0,False,6
5043,674.994,1413.0,215.0,79.0,26629.61180064451,18.1833344,False,6
5044,675.136,1440.078553315258,198.8614923797625,79.0,26632.72815885651,17.0,False,6
5045,675.213,1455.0,190.0,79.0,26634.418262696192,17.0,False,6
5046,675.296,1471.246343727822,180.26902671440453,79.0,26636.239269967624,17.0,False,6
5047,675.453,1500.0,163.0,79.0,26639.67876901558,17.0,False,6
5048,675.576,1517.2992865416672,152.819578755929,79.0,26642.383714412066,17.0,False,6
5049,675.753,1557.0,129.0,79.5531248,26646.310642620956,15.8937504,False,6
5050,675.894,1619.0,91.0,79.9937496,26649.450310289896,15.0125008,False,6
5051,675.896,1619.777043040721,90.5228525692866,80.0,26649.494825523176,15.0,False,6
5052,676.102,1667.2199683329472,61.32017993253926,80.0,26654.07631113833,14.532880041052886,False,6
