,TimeSeconds,X,Y,Speed,Distance,Throttle,Brake,LapNumber
0,0.0,-18.999041825740278,-2462.00094149371,0.0,-5453.371817485092,22.0,False,1
1,0.046,-18.99376387698021,-2462.0061274840273,0.0,-5453.372222222224,22.0,False,1
2,0.206,-18.9889586273716,-2462.010849021772,0.0,-5453.372222222224,22.0,False,1
3,0.332,-19.0,-2462.0,0.0,-5453.363031473823,22.0,False,1
4,0.406,-19.012573493027222,-2461.987645548774,0.0,-5453.372222222224,22.0,False,1
5,0.532,-19.0,-2462.0,0.0,-5453.434855470915,22.78914314299549,False,1
6,0.752,-19.0,-2462.0,0.0,-5453.576717574352,24.167015125910297,False,1
7,0.885,-19.874693304502223,-2461.1390213939294,0.0,-5453.372222222224,25.0,False,1
8,0.972,-21.0,-2460.0,4.660704,-5453.089495171388,25.0,False,1
9,1.165,-25.291274870102892,-2455.561126691558,15.0,-5452.205555555557,25.0,False,1
10,1.312,-30.0,-2451.0,16.8375008,-5451.518077579745,25.0,False,1
11,1.325,-30.469025777717906,-2450.567128978154,17.0,-5451.450000000002,25.0,False,1
12,1.572,-41.0,-2441.0,22.488884622222223,-5449.842161620266,27.74444231111111,False,1
13,1.652,-45.0,-2437.0,24.2666624,-5449.21892792735,28.6333312,False,1
14,1.685,-46.61621630093624,-2435.248856147899,25.0,-5448.950000000002,29.0,False,1
15,1.812,-53.0,-2428.0,29.233326933333334,-5447.850388177371,31.645829333333335,False,1
16,1.925,-60.188462664943536,-2420.8346740054467,33.0,-5446.750000000002,34.0,False,1
17,2.085,-72.43197952559706,-2409.5260130899724,40.0,-5444.972222222224,40.0,False,1
18,2.092,-73.0,-2409.0,40.13999616,-5444.8917625351405,40.0,False,1
19,2.285,-89.71021074079671,-2393.382298771296,44.0,-5442.527777777779,40.0,False,1
20,2.392,-100.0,-2383.0,51.3562544,-5440.917706604976,43.343752,False,1
21,2.445,-105.39570552448916,-2377.2567849383718,55.0,-5440.083333333335,45.0,False,1
22,2.552,-117.0,-2365.0,57.14000128,-5438.392250101534,48.74500224,False,1
23,2.645,-128.04718306044336,-2354.5311988262865,59.0,-5436.8055555555575,52.0,False,1
24,2.692,-134.0,-2349.0,61.203116,-5435.928103381907,52.2937488,False,1
25,2.965,-174.51804173048524,-2310.191045305677,74.0,-5430.22777777778,54.0,False,1
26,3.032,-187.0,-2298.0,74.0,-5428.873966286519,54.0,False,1
27,3.125,-206.3380374413001,-2279.004900410548,74.0,-5426.938888888891,54.0,False,1
28,3.372,-260.0,-2226.0,86.9113536,-5420.623686393957,52.8772736,False,1
29,3.565,-288.25737241082356,-2198.1580571165373,97.0,-5415.083333333335,52.0,False,1
30,3.833,-322.0,-2165.0,105.01995140468053,-5407.178380303553,67.37157352563767,False,1
31,3.966,-345.6015193617109,-2141.764203395788,109.0,-5402.941944444447,75.0,False,1
32,4.213,-400.0,-2089.0,121.3500032,-5394.286811461555,77.47000064,False,1
33,4.366,-438.62151912348236,-2052.703938624032,129.0,-5388.608611111113,79.0,False,1
34,4.413,-451.0,-2041.0,130.5666688,-5386.837025342533,79.0,False,1
35,4.606,-503.3721712044068,-1990.8581534562272,137.0,-5379.475277777779,79.0,False,1
36,4.653,-516.0,-1979.0,137.65277866666668,-5377.6827345173915,79.13055573333334,False,1
37,4.833,-568.0,-1931.0,140.15277866666668,-5370.798894395123,79.63055573333334,False,1
38,4.966,-627.0415025525953,-1874.3969010106605,142.0,-5365.27527777778,80.0,False,1
39,5.073,-668.0,-1835.0,148.87857554285713,-5360.4336154446955,79.23571382857143,False,1
40,5.246,-693.506373476265,-1811.5571624798208,160.0,-5352.830833333335,78.0,False,1
41,5.313,-708.0,-1798.0,151.8343672,-5350.416815923011,78.2093752,False,1
42,5.566,-834.4650992179113,-1676.5334880273429,121.0,-5342.07527777778,79.0,False,1
43,5.713,-904.0,-1610.0,151.9750134857143,-5335.041799856862,80.05000045714286,False,1
44,5.846,-939.9795209597562,-1576.3737948305882,180.0,-5328.07527777778,81.0,False,1
45,5.953,-965.0,-1553.0,181.07000064,-5322.70107044419,82.60500096,False,1
46,6.046,-992.6957780786656,-1526.5587753719087,182.0,-5317.9641666666685,84.0,False,1
47,6.173,-1037.0,-1484.0,187.48409367272728,-5311.088706042117,86.8863650909091,False,1
48,6.453,-1143.0,-1383.0,199.57500276363638,-5295.18061568197,93.25000145454545,False,1
49,6.486,-1154.594735295312,-1371.9241638202313,201.0,-5293.397500000002,94.0,False,1
50,6.573,-1187.0,-1341.0,198.17249792,-5288.816093171788,95.30500096,False,1
51,6.872,-1350.0,-1187.0,188.45499584,-5273.303821649992,99.79000192,False,1
52,6.886,-1355.5764204837321,-1181.730728976573,188.0,-5272.508611111113,100.0,False,1
53,7.192,-1429.0,-1112.0,217.75001244444445,-5253.5807688234945,100.0,False,1
54,7.246,-1447.2655448755488,-1094.6410927062682,223.0,-5250.208611111113,100.0,False,1
55,7.406,-1519.9345926861151,-1025.6335552825217,223.0,-5240.2975000000015,100.0,False,1
56,7.592,-1612.0,-938.0,233.11715906486117,-5228.123748048283,100.0,False,1
57,7.645,-1636.334019890002,-914.7571348603352,236.0,-5224.629722222224,100.0,False,1
58,7.732,-1678.0,-875.0,236.0,-5218.936351768417,100.0,False,1
59,7.805,-1719.4915935420322,-835.6118659651263,236.0,-5214.140833333336,100.0,False,1
60,7.992,-1832.0,-729.0,240.6750016,-5201.570860927823,100.0,False,1
61,8.252,-1931.0,-634.0,247.1749952,-5183.42955122449,100.0,False,1
62,8.285,-1945.2646985666322,-620.4006462007709,248.0,-5181.074166666668,100.0,False,1
63,8.532,-2072.0,-500.0,255.2977216,-5163.077500873328,73.6159296,False,1
64,8.672,-2144.0,-431.0,259.4340928,-5152.9346957474245,58.6613568,False,1
65,8.725,-2171.336386042583,-404.95398531970307,261.0,-5149.1741666666685,53.0,True,1
66,8.925,-2274.4575204386506,-307.358311046659,248.0,-5135.396388888891,0.0,True,1
67,8.932,-2278.0,-304.0,247.71364421818183,-5134.927707134555,0.0,True,1
68,9.092,-2358.0,-228.0,241.16818967272727,-5124.477668098613,0.0,True,1
69,9.292,-2457.0,-134.0,232.98637149090908,-5111.889166316445,0.0,True,1
70,9.365,-2489.650404940551,-103.05326919270578,230.0,-5107.28527777778,0.0,True,1
71,9.525,-2557.4167940554994,-38.96154273870144,227.0,-5097.19638888889,0.0,True,1
72,9.612,-2604.0,5.0,225.9125024,-5091.800193463068,0.0,True,1
73,9.765,-2705.1865595729264,100.45046051985652,224.0,-5082.263055555557,0.0,True,1
74,9.772,-2710.0,105.0,224.1555512888889,-5081.814895145593,0.0,True,1
75,10.125,-2944.0785722131864,327.4927029892312,232.0,-5059.063055555557,0.0,True,1
76,10.233,-2995.0,376.0,213.17841823825214,-5053.150695644573,0.0,True,1
77,10.366,-3037.838786758376,416.7660961784668,190.0,-5046.343611111113,0.0,True,1
78,10.526,-3080.6969202803953,456.87344428546953,186.0,-5038.076944444447,0.0,True,1
79,10.533,-3083.0,459.0,186.0,-5037.712245975256,0.0,True,1
80,10.726,-3156.3719136020686,526.5411131675568,186.0,-5027.743611111113,0.0,True,1
81,10.733,-3159.0,529.0,185.33499392,-5027.399558833235,0.0,True,1
82,10.913,-3223.0,590.0,168.23499392,-5019.045881835874,0.0,True,1
83,10.926,-3227.670220717234,594.4570059980775,167.0,-5018.4658333333355,0.0,True,1
84,11.093,-3287.0,651.0,158.6499968,-5011.178508499098,0.0,True,1
85,11.126,-3297.2659490853334,660.8972271567676,157.0,-5009.743611111113,0.0,True,1
86,11.286,-3338.657280278204,701.6490130651224,157.0,-5002.765833333336,0.0,True,1
87,11.413,-3370.0,734.0,153.8249984,-4997.339798472011,0.0,True,1
88,11.446,-3378.6204448443063,743.1153507913315,153.0,-4995.9658333333355,0.0,True,1
89,11.593,-3419.0,787.0,146.69999725714285,-4990.06523623323,0.0,True,1
90,11.726,-3457.167196276607,830.5456202668827,141.0,-4984.999166666668,0.0,True,1
91,11.873,-3496.0,877.0,133.6499968,-4979.6623123410955,0.0,True,1
92,11.966,-3515.779024654344,902.0247994940779,129.0,-4976.399166666669,0.0,True,1
93,12.166,-3548.9106400266564,948.2857383036278,123.0,-4969.565833333335,0.0,True,1
94,12.233,-3560.0,965.0,123.0,-4967.265418704993,0.0,True,1
95,12.366,-3582.835385036718,1001.0550834496327,123.0,-4962.732500000002,0.0,True,1
96,12.433,-3594.0,1020.0,121.08571245714286,-4960.528068337119,0.0,True,1
97,12.646,-3625.3778338713437,1080.6726488527129,115.0,-4953.788055555558,0.0,True,1
98,12.693,-3631.0,1093.0,114.1187488,-4952.318726798978,0.0,True,1
99,12.806,-3642.235706341577,1120.1805301043737,112.0,-4948.810277777779,0.0,True,1
100,12.913,-3652.0,1155.0,110.78409018181819,-4945.534793252707,0.0,True,1
101,13.073,-3667.0,1234.0,108.96590836363636,-4940.727886486813,0.0,True,1
102,13.246,-3673.092289423635,1285.3906270118448,107.0,-4935.732500000002,0.0,True,1
103,13.406,-3670.311539630735,1305.189834104985,100.0,-4931.288055555558,7.0,False,1
104,13.512,-3668.0,1326.0,100.53000064,-4928.320420887222,22.9000192,False,1
105,13.606,-3665.8265630545907,1350.654214328963,101.0,-4925.676944444446,37.0,False,1
106,13.692,-3663.0,1378.0,101.0,-4923.263171583909,38.6124976,False,1
107,13.766,-3659.4087357760054,1404.9718970349525,101.0,-4921.188055555557,40.0,False,1
108,13.932,-3649.0,1469.0,101.0,-4916.5323375859425,28.380008959999998,False,1
109,13.966,-3646.886581670022,1480.5286205886946,101.0,-4915.576944444447,26.0,False,1
110,14.246,-3630.148823448694,1555.3188634562496,102.0,-4907.6436111111125,27.0,False,1
111,14.332,-3625.0,1576.0,103.07949601218517,-4905.154428027699,26.640167995938278,False,1
112,14.485,-3615.698522417674,1612.7698409353316,105.0,-4900.67277777778,26.0,False,1
113,14.732,-3600.0,1675.0,107.46999808,-4893.357403594069,26.0,False,1
114,14.885,-3589.5569542757908,1718.1373006872363,109.0,-4888.561666666668,26.0,False,1
115,14.972,-3583.0,1747.0,111.96590254545454,-4885.692393730893,33.11816610909091,False,1
116,15.172,-3567.0,1824.0,118.78408436363637,-4878.743593626708,49.481802472727274,False,1
117,15.325,-3559.2474678591457,1869.8018686926425,124.0,-4873.406111111113,62.0,False,1
118,15.472,-3555.0,1911.0,124.0,-4868.343085659591,62.0,False,1
119,15.485,-3554.713237406056,1915.046316309822,124.0,-4867.895000000002,62.0,False,1
120,15.685,-3552.1180493227707,1983.3624282466262,124.0,-4861.006111111113,62.0,False,1
121,15.732,-3552.0,1999.0,124.0,-4859.415993675511,62.0,False,1
122,15.965,-3554.9747673133215,2076.8409363059363,124.0,-4851.3616666666685,62.0,False,1
123,15.992,-3556.0,2089.0,125.89000448,-4850.332408304395,61.93249984,False,1
124,16.212,-3569.0,2209.0,141.28998656,-4841.09488918623,61.38250048,False,1
125,16.365,-3577.657373942809,2268.7529149595953,152.0,-4834.47277777778,61.0,False,1
126,16.605,-3593.375643058671,2338.536550822282,152.0,-4824.339444444447,62.0,False,1
127,16.612,-3594.0,2341.0,152.14522427093092,-4824.039541867226,62.174269125117114,False,1
128,16.793,-3615.0,2415.0,155.90041597355446,-4816.15134497731,66.68049916826534,False,1
129,16.846,-3624.141023417926,2441.068680887741,157.0,-4813.829166666668,68.0,False,1
130,17.033,-3663.0,2537.0,157.0,-4805.664418246869,68.0,False,1
131,17.086,-3672.9539352417814,2558.7771837515215,157.0,-4803.362500000002,68.0,True,1
132,17.286,-3705.9304709476423,2619.0350713837747,157.0,-4794.640277777779,68.0,False,1
133,17.393,-3727.0,2653.0,161.458336,-4789.755378920679,68.0,False,1
134,17.526,-3759.077205111864,2703.203824533261,167.0,-4783.506944444446,68.0,False,1
135,17.613,-3783.0,2738.0,169.90000213333335,-4779.374461724446,69.81250133333333,False,1
136,17.766,-3828.5164233054165,2798.148794972344,175.0,-4771.84027777778,73.0,False,1
137,17.793,-3836.0,2808.0,177.25000533333332,-4770.4406311096045,76.0375072,False,1
138,17.973,-3896.0,2882.0,192.25000533333335,-4760.660997610045,96.2875072,False,1
139,18.006,-3917.8843384717284,2905.3353739477507,195.0,-4758.840277777779,100.0,False,1
140,18.166,-4061.8928735851346,3051.0904614266296,199.0,-4749.995833333335,100.0,False,1
141,18.193,-4082.0,3071.0,199.2531256,-4748.503691193309,100.0,False,1
142,18.486,-4171.621697546781,3151.8028203105573,202.0,-4732.04027777778,100.0,False,1
143,18.613,-4205.0,3178.0,210.99583786666668,-4724.387506038938,100.0,False,1
144,18.726,-4253.622750776361,3218.666282542895,219.0,-4717.44027777778,100.0,False,1
145,18.853,-4315.0,3271.0,220.36071497142856,-4709.648707583247,100.0,False,1
146,19.006,-4380.323358025118,3327.4604390825893,222.0,-4700.173611111113,100.0,False,1
147,19.053,-4408.0,3352.0,223.06818327272728,-4697.214858079253,100.0,False,1
148,19.233,-4549.0,3479.0,227.15909236363638,-4685.673362826226,100.0,False,1
149,19.446,-4643.262569877477,3565.6312576339383,232.0,-4671.818055555557,100.0,False,1
150,19.686,-4708.188411635137,3628.3041412231373,236.0,-4656.084722222224,100.0,False,1
151,19.693,-4711.0,3631.0,236.23333546666666,-4655.617390269223,100.0,False,1
152,19.892,-4807.0,3723.0,242.8666624,-4642.128769984593,100.0,False,1
153,19.926,-4823.878308113481,3739.279352574759,244.0,-4639.818055555557,100.0,False,1
154,20.126,-4921.077767059651,3834.1108945708925,246.0,-4626.151388888891,100.0,False,1
155,20.132,-4924.0,3837.0,246.1312472,-4625.730214204708,100.0,False,1
156,20.312,-5012.0,3925.0,250.0687528,-4612.71238187355,100.0,False,1
157,20.446,-5077.053388113936,3990.993025344134,253.0,-4603.662500000002,100.0,False,1
158,20.452,-5080.0,3994.0,251.8000256,-4603.28686053334,100.0,False,1
159,20.646,-5175.23240022872,4092.110386363598,213.0,-4591.829166666668,100.0,False,1
160,20.652,-5178.0,4095.0,213.6423552229824,-4591.454256678275,100.0,False,1
161,20.932,-5308.0,4234.0,243.6195718094474,-4571.526256848812,100.0,False,1
162,21.085,-5413.751597209539,4349.03224321089,260.0,-4560.123611111113,100.0,False,1
163,21.152,-5454.0,4393.0,260.8375008,-4555.236428415349,100.0,False,1
164,21.245,-5494.243544930617,4437.2100704546365,262.0,-4548.479166666669,100.0,False,1
165,21.432,-5552.0,4502.0,265.74000128,-4534.66325539627,100.0,False,1
166,21.445,-5557.256042525865,4507.943748293727,266.0,-4533.7013888888905,100.0,False,1
167,21.605,-5635.17028810663,4596.524335784649,266.0,-4521.879166666668,100.0,False,1
168,21.652,-5659.0,4624.0,266.5874976,-4518.396328729405,100.0,False,1
169,21.845,-5753.202199214359,4734.87570444912,269.0,-4503.945833333335,100.0,False,1
170,21.892,-5776.0,4762.0,270.43610524444443,-4500.356739882436,100.0,False,1
171,22.192,-5945.0,4968.0,279.6027797333333,-4476.960979063022,100.0,False,1
172,22.205,-5955.31429077866,4981.0392129871,280.0,-4475.945833333335,100.0,False,1
173,22.352,-6079.0,5139.0,279.26499968,-4464.509430787313,100.0,False,1
174,22.405,-6111.99652176166,5181.206642467236,279.0,-4460.445833333335,100.0,True,1
175,22.725,-6191.6345981318655,5285.001646371433,265.0,-4436.890277777779,0.0,True,1
176,22.812,-6234.0,5343.0,261.83637061818183,-4430.803280590471,0.0,True,1
177,22.992,-6360.0,5516.0,255.29090676363637,-4418.602744371037,0.0,True,1
178,23.165,-6418.576297026849,5596.6513816539255,249.0,-4406.456944444446,0.0,True,1
179,23.325,-6446.767775186723,5636.362260812861,261.0,-4394.8569444444465,0.0,True,1
180,23.353,-6455.0,5648.0,255.985073030073,-4392.971699672818,0.0,True,1
181,23.493,-6507.0,5722.0,230.91043818043804,-4384.284766360044,0.0,True,1
182,23.526,-6519.150090210473,5739.670512459758,225.0,-4382.2944444444465,0.0,True,1
183,23.673,-6570.0,5815.0,220.99090734545456,-4373.485569845107,0.0,True,1
184,23.953,-6665.0,5954.0,213.3545437090909,-4357.013604846463,0.0,True,1
185,23.966,-6669.154317958081,5960.16278331502,213.0,-4356.261111111113,0.0,True,1
186,24.166,-6730.213943800598,6052.32707236758,205.0,-4344.872222222224,0.0,True,1
187,24.253,-6759.0,6096.0,200.1062464,-4340.098281215989,0.0,True,1
188,24.326,-6785.222753130358,6135.674565512713,196.0,-4336.161111111113,0.0,True,1
189,24.493,-6847.0,6229.0,190.15499776,-4327.345279638662,0.0,True,1
190,24.526,-6858.103105347761,6245.800769369325,189.0,-4325.661111111113,0.0,True,1
191,24.886,-6953.557355535701,6390.803661948925,172.0,-4308.4611111111135,0.0,True,1
192,24.893,-6955.0,6393.0,171.8249984,-4308.1331255664445,0.0,True,1
193,25.086,-6990.5801354387,6447.368630720879,167.0,-4299.183333333335,0.0,True,1
194,25.133,-7000.0,6462.0,163.7687456,-4297.09359437917,0.0,True,1
195,25.246,-7025.611118545966,6502.245407578515,156.0,-4292.250000000002,0.0,True,1
196,25.333,-7046.0,6535.0,151.40832995555556,-4288.699673713451,0.0,True,1
197,25.606,-7103.606524117936,6632.562928120282,137.0,-4278.550000000002,0.0,True,1
198,25.673,-7116.0,6654.0,132.812496,-4276.2801203421,0.0,True,1
199,25.773,-7133.0,6684.0,126.562496,-4273.052637417146,0.0,True,1
200,25.926,-7154.348041512887,6729.0036609699455,117.0,-4268.1500000000015,0.0,True,1
201,25.973,-7160.0,6742.0,117.0,-4266.609938757775,0.0,True,1
202,26.086,-7172.127129745226,6770.877210175115,117.0,-4262.950000000002,0.0,True,1
203,26.293,-7191.0,6833.0,105.3562464,-4257.072448294931,0.0,True,1
204,26.406,-7201.094220171681,6886.341014135211,99.0,-4254.1500000000015,0.0,True,1
205,26.492,-7207.0,6922.0,96.0437544,-4252.003294080644,0.0,True,1
206,26.726,-7210.3597927036535,6954.951289224943,88.0,-4246.327777777779,0.0,True,1
207,26.812,-7210.0,6967.0,88.0,-4244.1937207461,0.0,True,1
208,26.972,-7209.0,7006.0,88.0,-4240.264335002157,0.0,True,1
209,27.006,-7208.327828302686,7015.14097528856,88.0,-4239.483333333335,0.0,False,1
210,27.206,-7200.6084938274025,7069.235113883951,77.0,-4235.205555555557,0.0,False,1
211,27.312,-7196.0,7092.0,77.4416672,-4232.920361591614,3.0916704,False,1
212,27.446,-7190.684798183478,7111.923511362799,78.0,-4230.005555555557,7.0,False,1
213,27.572,-7182.0,7132.0,77.37000064,-4227.304229532601,12.03999488,False,1
214,27.646,-7173.441556844305,7148.8117459205705,77.0,-4225.72777777778,15.0,False,1
215,27.852,-7140.0,7204.0,77.0,-4221.35695662084,17.580373834772598,False,1
216,28.125,-7090.189141309319,7250.5842587815605,77.0,-4215.482500000002,21.0,False,1
217,28.292,-7064.0,7268.0,80.33999616,-4211.744977259694,29.3499904,False,1
218,28.325,-7059.632496175099,7270.803957355544,81.0,-4210.982500000002,31.0,False,1
219,28.645,-7021.335659330842,7289.910447963888,87.0,-4203.249166666668,31.0,False,1
220,28.752,-6993.0,7298.0,87.0,-4200.683661068478,31.6687504,False,1
221,28.805,-6974.527091418298,7302.772795133489,87.0,-4199.3825000000015,32.0,False,1
222,28.952,-6919.0,7316.0,91.28750186666667,-4195.580071218474,41.187504,False,1
223,29.045,-6895.402094025134,7320.806673796078,94.0,-4193.115833333335,47.0,False,1
224,29.205,-6873.432026700988,7323.31226197629,96.0,-4188.849166666669,54.0,False,1
225,29.312,-6853.0,7326.0,98.6750016,-4185.865218268086,56.3406264,False,1
226,29.512,-6796.0,7335.0,103.6750016,-4179.996279655173,60.7156264,False,1
227,29.525,-6792.102482158799,7335.597882124762,104.0,-4179.604722222224,61.0,False,1
228,29.752,-6725.0,7345.0,110.3843768,-4172.570496135189,58.8718744,False,1
229,29.832,-6700.0,7348.0,112.6343768,-4169.985996919939,58.1218744,False,1
230,29.845,-6695.0488281884345,7348.5639486548525,113.0,-4169.560277777779,58.0,False,1
231,30.046,-6579.283590585394,7360.867031236326,121.0,-4162.804444444446,60.0,False,1
232,30.206,-6498.302530564238,7368.796878246953,124.0,-4157.293333333335,61.0,False,1
233,30.213,-6496.0,7369.0,124.10000091428572,-4157.0488071904165,59.699988114285716,False,1
234,30.473,-6447.0,7374.0,127.81428662857142,-4147.801301508265,11.414273828571426,False,1
235,30.486,-6442.373585764875,7374.772697944197,128.0,-4147.33777777778,9.0,True,1
236,30.753,-6304.0,7400.0,127.04642834285714,-4137.909588014885,9.0,True,1
237,30.766,-6299.186334610391,7400.91126934858,127.0,-4137.460000000002,9.0,False,1
238,30.926,-6267.231758961906,7407.292554925218,122.0,-4132.037777777779,17.0,False,1
239,31.093,-6240.0,7418.0,116.15499776,-4126.6868248965375,2.8049945600000012,False,1
240,31.126,-6230.217928505832,7422.068361647541,115.0,-4125.648888888891,0.0,True,1
241,31.393,-6125.0,7467.0,112.13928502857142,-4117.3412819743835,0.0,True,1
242,31.406,-6121.062950140787,7468.720716516776,112.0,-4116.937777777779,0.0,False,1
243,31.566,-6087.783339523079,7483.716505227794,111.0,-4112.004444444447,0.0,False,1
244,31.813,-6042.0,7519.0,109.23571382857143,-4104.621079232731,19.407147885714284,False,1
245,31.846,-6030.77777297274,7528.75355478136,109.0,-4103.5266666666685,22.0,False,1
246,32.006,-5970.044120500072,7583.118123197862,127.0,-4097.882222222224,27.0,False,1
247,32.013,-5968.0,7585.0,126.53332906666667,-4097.646134377284,27.291669333333335,False,1
248,32.246,-5936.563573787007,7618.010060951827,111.0,-4090.4822222222238,37.0,False,1
249,32.333,-5928.0,7631.0,111.48333368888889,-4087.804970372251,34.8249984,False,1
250,32.606,-5884.184712178731,7702.405554312381,113.0,-4079.1822222222236,28.0,False,1
251,32.653,-5877.0,7716.0,113.0,-4077.704828085497,30.0562528,False,1
252,32.733,-5866.0,7739.0,113.0,-4075.196309017834,33.5562528,False,1
253,32.766,-5861.874140959577,7748.659642084285,113.0,-4074.1600000000017,35.0,False,1
254,32.913,-5846.0,7792.0,113.73500032,-4069.5223521374037,30.58999808,False,1
255,32.966,-5841.019386553039,7806.733680798421,114.0,-4067.826666666668,29.0,False,1
256,33.126,-5828.180746718123,7849.21826762373,117.0,-4062.6266666666684,47.0,False,1
257,33.252,-5820.0,7899.0,117.0,-4058.532611319946,52.5124944,False,1
258,33.286,-5818.056588373762,7916.17165883339,117.0,-4057.426666666668,54.0,False,1
259,33.452,-5811.0,8010.0,118.5562488,-4052.0066838668854,57.1124976,False,1
260,33.606,-5810.555548150792,8072.893859209902,120.0,-4046.7600000000016,60.0,False,1
261,33.832,-5816.0,8133.0,130.49286308571428,-4038.4365772140086,69.68571977142857,False,1
262,33.886,-5817.1763941418885,8146.1267912748035,133.0,-4036.415555555557,72.0,False,1
263,34.086,-5821.649983238596,8195.369232670919,136.0,-4028.8600000000015,78.0,False,1
264,34.152,-5824.0,8217.0,139.63000704,-4026.239178843477,79.32000256,False,1
265,34.286,-5830.468470311216,8271.23458406601,147.0,-4020.693333333335,82.0,False,1
266,34.352,-5834.0,8299.0,149.57382068878962,-4017.8648926311926,83.83844334913545,False,1
267,34.572,-5847.0,8392.0,158.15319636266136,-4008.0127664122733,89.96656883047241,False,1
268,34.645,-5852.909693379256,8431.45826930371,161.0,-4004.638055555557,92.0,False,1
269,34.892,-5875.0,8574.0,168.2977216,-3992.8761791352626,96.4909056,False,1
270,35.085,-5885.027094956305,8635.70724515804,174.0,-3983.3713888888906,100.0,False,1
271,35.152,-5889.0,8660.0,176.15357348571428,-3980.0164655558497,100.0,False,1
272,35.352,-5905.0,8759.0,182.58214491428572,-3969.8129593625113,100.0,False,1
273,35.365,-5906.081355284185,8765.728944068966,183.0,-3969.138055555557,100.0,False,1
274,35.565,-5922.133106514515,8867.836941955542,190.0,-3958.582500000002,100.0,False,1
275,35.632,-5927.0,8903.0,191.19642971428573,-3954.988121309549,100.0,False,1
276,35.832,-5939.0,9010.0,194.76785828571428,-3944.126023780491,100.0,False,1
277,35.845,-5939.554918907857,9016.538543218669,195.0,-3943.4158333333353,100.0,False,1
278,35.992,-5944.0,9088.0,195.52500022857143,-3935.355298053223,47.49997714285714,False,1
279,36.125,-5946.557895475293,9158.883019884533,196.0,-3928.1713888888908,0.0,True,1
280,36.212,-5947.0,9206.0,192.5821504,-3923.601443739106,0.0,True,1
281,36.405,-5943.291144566988,9305.808334766696,185.0,-3913.7825000000016,0.0,True,1
282,36.533,-5938.0,9370.0,181.45429300020706,-3907.4558779110594,0.0,True,1
283,36.733,-5925.0,9468.0,175.9141258130306,-3897.808705258411,0.0,True,1
284,36.766,-5921.7781937344,9483.432659983937,175.0,-3896.2338888888908,0.0,True,1
285,36.793,-5919.0,9496.0,174.62499911111112,-3894.9487473526165,3.2250076444444447,True,1
286,37.053,-5890.0,9616.0,171.013888,-3882.6878177816698,34.2805632,True,1
287,37.126,-5880.796460215917,9646.649385828165,170.0,-3879.2338888888908,43.0,False,1
288,37.353,-5840.0,9747.0,171.13500032,-3868.3989520134037,53.21500288,False,1
289,37.526,-5784.670077481039,9850.595563910832,172.0,-3860.1227777777794,61.0,False,1
290,37.553,-5777.0,9864.0,172.0,-3858.8345073259725,61.0,False,1
291,37.686,-5748.404108670086,9909.917361651533,172.0,-3852.4783333333353,61.0,False,1
292,37.853,-5716.0,9950.0,174.982144,-3844.354819353726,70.5428608,False,1
293,37.966,-5682.401610984965,9988.83239679916,177.0,-3838.7116666666684,77.0,False,1
294,38.153,-5616.0,10061.0,182.1944462222222,-3829.050494705333,82.19444622222223,False,1
295,38.326,-5556.531385052286,10117.401904930788,187.0,-3820.011666666668,87.0,False,1
296,38.393,-5526.0,10144.0,187.0,-3816.546693825295,87.0,False,1
297,38.526,-5447.716854902617,10209.888095235014,187.0,-3809.6227777777794,87.0,False,1
298,38.573,-5421.0,10232.0,188.958336,-3807.110235210156,89.5458368,False,1
299,38.766,-5337.027244030289,10299.693768220579,197.0,-3796.4894444444462,100.0,False,1
300,39.033,-5237.0,10374.0,202.19166791111113,-3781.4186230508944,100.0,False,1
301,39.126,-5188.257568628422,10409.336494607976,204.0,-3776.0894444444466,100.0,False,1
302,39.326,-5068.5600131836245,10495.06995940941,208.0,-3764.533888888891,100.0,False,1
303,39.413,-5026.0,10525.0,208.0,-3759.520306319998,100.0,False,1
304,39.566,-4970.9683235943185,10562.568250833561,208.0,-3750.667222222224,100.0,False,1
305,39.752,-4908.0,10603.0,211.98571702857143,-3739.652683767336,100.0,False,1
306,39.846,-4862.95635651722,10631.436905090897,214.0,-3734.02277777778,100.0,False,1
307,39.952,-4807.0,10666.0,215.3250016,-3727.6459987151056,100.0,False,1
308,40.086,-4737.856693001653,10706.717216342813,217.0,-3719.556111111113,100.0,False,1
309,40.152,-4704.0,10726.0,217.66000128,-3715.566745018271,100.0,False,1
310,40.286,-4634.950028777392,10764.227730427156,219.0,-3707.3894444444463,100.0,False,1
311,40.352,-4600.0,10783.0,221.2687544,-3703.271000226522,100.0,False,1
312,40.572,-4477.0,10846.0,228.8312456,-3689.157769106229,100.0,False,1
313,40.606,-4457.2589370476435,10855.57659243464,230.0,-3686.9450000000015,100.0,False,1
314,40.752,-4371.0,10896.0,233.6500032,-3677.364338327529,100.0,False,1
315,40.886,-4291.3010692841835,10932.19012242171,237.0,-3668.511666666668,100.0,False,1
316,40.972,-4240.0,10955.0,237.5374992,-3662.824803154288,100.0,False,1
317,41.152,-4130.0,11003.0,238.6625008,-3650.880959906969,100.0,False,1
318,41.206,-4094.044296390107,11018.7084024511,239.0,-3647.2672222222236,100.0,False,1
319,41.472,-3904.0,11102.0,240.90681051600046,-3629.4369323260944,4.6594741999772475,False,1
320,41.485,-3895.0596322399174,11105.902065376968,241.0,-3628.589722222224,0.0,True,1
321,41.712,-3748.0,11170.0,230.78499712,-3614.335002152535,0.0,True,1
322,41.885,-3647.712013129732,11214.38092942583,223.0,-3603.8119444444465,0.0,True,1
323,41.972,-3601.0,11235.0,221.446432,-3598.540683560587,0.0,True,1
324,42.165,-3504.2901863426255,11277.228282814629,218.0,-3586.856388888891,0.0,True,1
325,42.212,-3480.0,11288.0,218.0,-3583.999729192536,0.0,True,1
326,42.405,-3373.820164984325,11336.17061473245,218.0,-3572.3230555555574,0.0,False,1
327,42.452,-3348.0,11348.0,216.62917226666667,-3569.5403041883574,0.0,False,1
328,42.645,-3245.2039434736284,11395.376198815951,211.0,-3558.256388888891,0.0,True,1
329,42.672,-3231.0,11402.0,211.0,-3556.662319962061,0.0,True,1
330,42.772,-3178.0,11427.0,211.0,-3550.7091604115003,0.0,True,1
331,42.965,-3065.9995402754844,11482.241695923174,211.0,-3539.5008333333353,0.0,True,1
332,43.093,-2993.0,11520.0,196.99004529036267,-3532.689878272361,0.0,True,1
333,43.166,-2954.2033243617707,11540.779174989158,189.0,-3528.9483333333355,0.0,True,1
334,43.486,-2811.3066459241054,11622.343400752263,174.0,-3513.481666666669,0.0,True,1
335,43.533,-2795.0,11632.0,169.9714230857143,-3511.4135731110646,0.0,True,1
336,43.766,-2730.9515031318365,11671.166843269526,150.0,-3501.8150000000023,0.0,True,1
337,43.853,-2708.0,11686.0,148.41818065454547,-3498.324712673244,0.0,True,1
338,44.113,-2621.0,11742.0,143.69090792727272,-3488.07137664892,0.0,True,1
339,44.206,-2571.5583080156503,11770.42464301681,142.0,-3484.4594444444465,0.0,False,1
340,44.293,-2527.0,11795.0,140.75714194285715,-3481.1057509672405,7.457148342857143,False,1
341,44.486,-2473.021933122279,11821.204793253384,138.0,-3473.726111111113,24.0,False,1
342,44.673,-2433.0,11832.0,137.06499968,-3466.6067592519257,24.0,False,1
343,44.686,-2429.0092327206553,11833.019554681858,137.0,-3466.1150000000016,24.0,False,1
344,44.833,-2376.0,11845.0,135.77499946666666,-3460.590488960457,47.887510400000004,False,1
345,44.926,-2341.371580362314,11848.855609860271,135.0,-3457.1150000000016,63.0,False,1
346,45.013,-2309.0,11850.0,135.2718752,-3453.8699664255996,65.1750016,False,1
347,45.246,-2221.6432545672624,11844.39221701357,136.0,-3445.026111111113,71.0,False,1
348,45.253,-2219.0,11844.0,136.30000274285715,-3444.7502274913695,71.07500068571429,False,1
349,45.493,-2128.0,11822.0,146.58571702857142,-3434.914826463911,73.64642925714286,False,1
350,45.526,-2115.5480576325367,11817.605537816848,148.0,-3433.5150000000017,74.0,False,1
351,45.753,-2028.0,11777.0,154.3843768,-3423.6337954727965,74.0,False,1
352,45.846,-1988.497876212331,11753.878565522138,157.0,-3419.5594444444464,74.0,False,1
353,45.993,-1931.0,11716.0,158.8375008,-3413.087706315236,91.4562576,False,1
354,46.006,-1927.0128659160214,11713.113366319882,159.0,-3412.4927777777793,93.0,False,1
355,46.312,-1825.0,11636.0,173.93572053333332,-3396.9874702723996,95.55000106666667,False,1
356,46.552,-1593.0,11494.0,185.65000624761905,-3383.0624628508335,97.55000106666667,False,1
357,46.846,-1499.9655995698035,11454.436836947167,200.0,-3365.8261111111133,100.0,False,1
358,46.932,-1471.0,11447.0,203.071424,-3360.799632577201,100.0,False,1
359,47.092,-1382.0,11420.0,208.7857097142857,-3351.4702422228693,100.0,False,1
360,47.126,-1358.6984677958362,11413.624202900708,210.0,-3349.49277777778,100.0,False,1
361,47.406,-1149.486294271954,11364.770240634838,210.0,-3333.1594444444463,100.0,False,1
362,47.412,-1146.0,11364.0,210.187496,-3332.802998471517,100.0,False,1
363,47.726,-1028.9092124728597,11339.82183230057,220.0,-3313.6038888888907,100.0,False,1
364,47.852,-940.0,11323.0,226.2999936,-3305.579854028155,100.0,False,1
365,47.926,-863.608067502748,11308.552691436667,230.0,-3300.826111111113,100.0,False,1
366,48.052,-735.0,11284.0,231.80644936339513,-3292.7144115747014,100.0,False,1
367,48.205,-683.1461550760263,11272.872901536075,234.0,-3282.691111111113,100.0,False,1
368,48.292,-657.0,11266.0,237.5343672,-3276.8236852221753,100.0,False,1
369,48.512,-514.0,11229.0,246.4718776,-3261.6334339963705,100.0,False,1
370,48.525,-505.01756665083377,11226.508945240297,247.0,-3260.7355555555573,100.0,False,1
371,48.765,-349.26176915719464,11177.909861024576,249.0,-3244.135555555557,100.0,False,1
372,48.812,-319.0,11167.0,249.91388515555556,-3240.8408789916643,100.0,False,1
373,48.912,-254.0,11142.0,251.85833457777778,-3233.767211473074,100.0,False,1
374,49.125,-116.84324786570585,11083.422581002264,256.0,-3218.535555555557,100.0,False,1
375,49.172,-87.0,11069.0,256.5874976,-3215.1675040302302,100.0,False,1
376,49.365,33.481257356999336,11002.876935707369,259.0,-3201.26888888889,100.0,False,1
377,49.412,62.0,10985.0,259.97916266666664,-3197.8476218898863,100.0,False,1
378,49.592,168.0,10910.0,263.729168,-3184.627221571627,100.0,False,1
379,49.605,175.52396767770117,10904.195991640692,264.0,-3183.6688888888907,100.0,False,1
380,49.766,266.27009835483466,10829.275937799734,266.0,-3171.7727777777795,100.0,False,1
381,49.773,270.0,10826.0,266.0218752,-3171.25447450277,100.0,False,1
382,50.086,429.3905238769871,10663.714394082423,267.0,-3148.039444444446,100.0,False,1
383,50.113,446.0,10644.0,267.0,-3146.0424396923872,99.39249856,False,1
384,50.313,577.0,10479.0,267.0,-3131.2922459421493,94.89249856,False,1
385,50.486,638.3798565137057,10393.27229100709,267.0,-3118.3727777777794,91.0,False,1
386,50.633,678.0,10327.0,271.0833351111111,-3107.167093707494,94.6750016,False,1
387,50.846,757.5267684843525,10185.581921253653,277.0,-3090.6727777777796,100.0,False,1
388,50.853,760.0,10181.0,277.1000009142857,-3090.1285348954334,99.77499794285714,False,1
389,50.993,807.0,10088.0,279.1000009142857,-3079.2164842402854,95.27499794285714,False,1
390,51.126,860.2351303355738,9960.4863007024,281.0,-3068.817222222224,91.0,False,1
391,51.286,923.8527036056838,9791.556386616836,282.0,-3056.28388888889,100.0,False,1
392,51.313,932.0,9769.0,282.0,-3054.1675944818203,100.0,False,1
393,51.486,965.7569518877498,9667.378253033672,282.0,-3040.6172222222235,100.0,False,1
394,51.686,989.8611478700657,9575.308484871583,282.0,-3024.9505555555565,100.0,False,1
395,51.693,991.0,9571.0,282.2625024,-3024.3937098938345,100.0,False,1
396,51.853,1023.0,9446.0,288.2625024,-3011.470141599535,100.0,False,1
397,51.926,1042.006128645712,9362.507496206452,291.0,-3005.5505555555565,100.0,False,1
398,52.093,1088.0,9145.0,291.0,-2992.0656107094187,100.0,False,1
399,52.126,1095.3206917596008,9108.8292623851,291.0,-2989.38388888889,100.0,False,1
400,52.286,1121.3683246220653,8971.334677132701,295.0,-2976.2727777777786,100.0,False,1
401,52.446,1137.7063586565976,8868.765419419402,295.0,-2963.1616666666678,100.0,False,1
402,52.493,1142.0,8839.0,295.0,-2959.316178886074,100.0,False,1
403,52.606,1151.3900909330098,8768.081688480648,295.0,-2950.0505555555565,100.0,False,1
404,52.846,1165.8191200356484,8611.331052833484,300.0,-2930.050555555557,100.0,False,1
405,52.952,1168.0,8525.0,301.7666688,-2921.11654068324,100.0,False,1
406,53.086,1166.6872303578668,8397.717171913253,304.0,-2909.78388888889,100.0,False,1
407,53.366,1154.2908717691814,8121.761159233601,305.0,-2886.061666666668,100.0,False,1
408,53.372,1154.0,8117.0,305.12499733333334,-2885.548774616604,100.0,False,1
409,53.606,1142.3285523175452,7972.5250096125,310.0,-2865.395000000001,100.0,False,1
410,53.772,1134.0,7859.0,310.69166613333334,-2851.0650986444093,100.0,False,1
411,53.812,1132.0,7825.0,310.8583328,-2847.6056856342375,100.0,False,1
412,53.846,1130.2017975954295,7796.462617224008,311.0,-2844.661666666668,100.0,False,1
413,54.086,1109.388004291127,7594.170920897177,313.0,-2823.7950000000014,100.0,False,1
414,54.112,1105.0,7567.0,313.21666773333334,-2821.5271080456882,100.0,False,1
415,54.326,1070.5511451378527,7380.392362194805,315.0,-2802.7950000000014,100.0,False,1
416,54.332,1071.0,7382.0,315.06014908308384,-2802.2673267763653,100.0,False,1
417,54.512,1111.0,7565.0,316.8646626382496,-2786.3666216232004,100.0,False,1
418,54.672,1091.0,7514.0,318.4686724060275,-2772.1530710511665,100.0,False,1
419,54.725,1081.7480900817445,7472.730388747436,319.0,-2767.439166666668,100.0,False,1
420,54.892,1051.0,7318.0,320.3916650666667,-2752.5648213758946,100.0,False,1
421,54.965,1032.4242421800782,7254.882985542722,321.0,-2746.039166666668,100.0,False,1
422,55.072,1001.0,7166.0,322.14642925714287,-2736.4389053991667,100.0,False,1
423,55.245,947.3534050349248,7019.006673845125,324.0,-2720.8391666666685,100.0,False,1
424,55.272,939.0,6996.0,324.27000064,-2718.397534298564,100.0,False,1
425,55.445,886.5840659787867,6849.122509296505,326.0,-2702.728055555557,100.0,False,1
426,55.572,849.0,6740.0,326.0,-2691.241926441752,100.0,False,1
427,55.725,804.5570171952519,6605.833446613549,326.0,-2677.3725000000013,100.0,False,1
428,55.812,781.0,6533.0,327.30499712,-2669.436595745134,100.0,False,1
429,55.925,752.0901934136616,6442.612903575998,329.0,-2659.094722222224,100.0,False,1
430,55.972,736.0,6394.0,329.1678564571429,-2654.7898915669693,99.66428708571429,False,1
431,56.172,640.0,6116.0,329.8821421714286,-2636.454408810655,98.23571565714286,False,1
432,56.205,627.574404023709,6081.271965225211,330.0,-2633.428055555557,98.0,True,1
433,56.446,578.6077701599928,5961.206237852787,330.0,-2611.3363888888903,95.0,False,1
434,56.533,556.0,5913.0,329.4562496,-2603.381543302468,92.8249984,False,1
435,56.606,530.6410266276517,5858.660598986609,329.0,-2596.7141666666676,91.0,True,1
436,56.733,479.0,5747.0,328.47083306666667,-2585.1254593949543,88.88333226666667,True,1
437,56.846,435.11832989429314,5650.087023566914,328.0,-2574.847500000001,87.0,True,1
438,56.933,405.0,5581.0,327.27499946666666,-2566.968268570454,86.81874986666666,True,1
439,57.193,333.0,5360.0,325.1083328,-2543.577856617861,86.2770832,True,1
440,57.326,288.52678488188866,5125.394162620285,324.0,-2531.647500000001,86.0,True,1
441,57.393,272.0,4982.0,323.69545425454544,-2525.641254701457,86.0,True,1
442,57.613,265.0,4502.0,322.69545425454544,-2505.9410358142186,86.0,True,1
443,57.766,279.2775320892839,4357.925788256135,322.0,-2492.2919444444456,86.0,False,1
444,57.793,282.0,4337.0,321.72999936,-2489.888862904857,86.0,False,1
445,57.966,298.02212695475845,4184.890038138576,320.0,-2474.5141666666677,86.0,False,1
446,58.033,305.0,4124.0,320.0,-2468.55445715584,88.17750208,False,1
447,58.213,328.0,3965.0,320.0,-2452.52426319889,94.02750208,False,1
448,58.366,351.7519879989056,3832.0682662784993,320.0,-2438.958611111112,99.0,False,1
449,58.373,353.0,3826.0,319.92499931428574,-2438.3400838606376,99.02500022857143,False,1
450,58.553,390.0,3671.0,317.9964278857143,-2422.492474345943,99.66785737142857,False,1
451,58.646,411.21641636873443,3593.39801702336,317.0,-2414.3030555555565,100.0,False,1
452,58.793,450.0,3468.0,317.73500032,-2401.320390439293,100.0,False,1
453,58.846,466.7902627733541,3419.111891975931,318.0,-2396.63638888889,100.0,False,1
454,59.113,570.0,3154.0,318.0,-2373.0505716665857,100.0,False,1
455,59.206,609.8760368581254,3063.262338352909,318.0,-2364.8363888888894,100.0,False,1
456,59.532,744.0,2786.0,318.0,-2336.0398191556305,100.0,False,1
457,59.606,765.9118487760028,2742.2727852112175,318.0,-2329.5030555555563,100.0,False,1
458,59.806,818.2768100300774,2644.5977512322042,318.0,-2311.83638888889,91.0,False,1
459,59.872,845.0,2600.0,318.0,-2306.006386360979,91.0,False,1
460,60.172,1017.0,2333.0,318.0,-2279.50640136182,91.0,False,1
461,60.206,1033.4951701456835,2309.234674906709,318.0,-2276.503055555556,91.0,False,1
462,60.452,1135.0,2179.0,318.0,-2254.773065294786,91.0,False,1
463,60.646,1245.2209912660444,2051.7958437616944,318.0,-2237.6363888888895,91.0,False,1
464,60.752,1311.0,1980.0,318.0,-2228.2730443982755,97.89000832,False,1
465,60.846,1369.1148475689563,1919.5145005438096,318.0,-2219.969722222223,104.0,True,1
466,60.992,1460.0,1829.0,318.0,-2207.073043721022,104.0,True,1
467,61.126,1545.49332703551,1746.0380047840317,318.0,-2195.2363888888895,104.0,True,1
468,61.172,1575.0,1718.0,318.0,-2191.173067537528,97.40503778522431,True,1
469,61.392,1716.0,1588.0,318.0,-2171.7397164035074,65.8637896799909,True,1
470,61.405,1724.3205117716016,1580.4283008601117,318.0,-2170.591388888889,64.0,True,1
471,61.552,1818.0,1496.0,318.0,-2157.606383706373,64.0,True,1
472,61.685,1902.9307406814878,1422.2338141768091,318.0,-2145.8580555555554,64.0,True,1
473,61.712,1922.0,1406.0,318.0,-2143.4730498422377,64.0,True,1
474,61.992,2146.0,1220.0,318.0,-2118.739716497605,64.0,True,1
475,62.085,2202.3708571515313,1174.7411925116526,318.0,-2110.5247222222224,64.0,True,1
476,62.245,2281.680890030969,1113.618155625287,318.0,-2096.391388888889,104.0,True,1
477,62.292,2309.0,1093.0,318.0,-2092.2397390428982,104.0,True,1
478,62.445,2413.1346665345795,1015.8149435818952,318.0,-2078.724722222222,104.0,True,1
479,62.492,2447.0,992.0,318.0,-2074.5730733602327,104.0,True,1
480,62.725,2614.5376814609294,886.3556778342488,318.0,-2053.9913888888887,104.0,True,1
481,62.752,2633.0,876.0,318.0,-2051.606380347331,104.0,True,1
482,62.953,2778.0,816.0,318.0,-2033.8513782243317,104.0,True,1
483,62.966,2790.351163233077,813.6046027253201,318.0,-2032.7030555555552,104.0,True,1
484,63.166,3030.03998856313,800.7451506273429,318.0,-2015.0363888888887,104.0,True,1
485,63.253,3118.0,803.0,318.0,-2007.3510601823673,104.0,True,1
486,63.366,3194.3070782321533,809.860890357322,318.0,-1997.3697222222218,104.0,True,1
487,63.533,3281.0,826.0,318.0,-1982.6229278141082,104.0,True,1
488,63.806,3516.4544585994972,857.4686517527614,318.0,-1958.5030555555554,104.0,True,1
489,63.833,3539.0,860.0,318.0,-1956.1144190184655,104.0,True,1
490,63.973,3658.0,869.0,318.0,-1943.7219063325451,104.0,True,1
491,64.086,3809.36536545645,866.5102395850432,318.0,-1933.7697222222218,104.0,True,1
492,64.213,3978.0,857.0,318.0,-1922.6743352490234,104.0,True,1
493,64.326,4055.01909093859,847.273519956948,318.0,-1912.5697222222225,104.0,True,1
494,64.513,4103.0,825.0,318.0,-1895.8477647814034,104.0,True,1
495,64.526,4107.333190208524,822.9319253379141,318.0,-1894.9030555555555,104.0,True,1
496,64.766,4216.7753195784435,769.2595713526832,182.0,-1882.7697222222218,78.0,False,1
497,64.833,4256.0,745.0,183.3027790222222,-1879.5160540083662,75.58055324444445,False,1
498,65.073,4412.0,630.0,187.9694456888889,-1866.7028285607403,66.91388657777777,False,1
499,65.126,4441.212783107264,606.8486957234966,189.0,-1863.8697222222218,65.0,True,1
500,65.366,4539.29210749042,523.6660643341452,189.0,-1851.2697222222218,35.0,True,1
501,65.473,4572.0,495.0,189.0,-1845.6372995651382,31.78999808,True,1
502,65.566,4596.39031732017,473.6681543453462,189.0,-1840.7697222222218,29.0,True,1
503,65.833,4664.0,415.0,184.99499904,-1827.1636033990499,39.68000256,True,1
504,65.966,4714.045557106713,371.96017891386487,183.0,-1820.4363888888888,45.0,False,1
505,66.013,4734.0,355.0,183.0,-1818.0512976881932,45.0,False,1
506,66.166,4805.8475301246435,294.9048129906094,183.0,-1810.2697222222218,45.0,False,1
507,66.326,4879.548401871207,234.02188376077964,183.0,-1802.1363888888886,45.0,False,1
508,66.332,4882.0,232.0,183.0,-1801.8314702462776,45.68998528,False,1
509,66.526,4949.077403603949,176.82501154065767,183.0,-1791.9697222222217,68.0,False,1
510,66.732,5015.0,122.0,183.0,-1781.4804715675732,78.2999936,False,1
511,66.806,5042.828751010458,98.48622525975118,183.0,-1777.736388888888,82.0,False,1
512,66.912,5085.0,63.0,183.0,-1772.409820549367,82.0,False,1
513,67.006,5122.609366410142,31.97068467448766,183.0,-1767.5697222222211,82.0,False,1
514,67.012,5125.0,30.0,183.374992,-1767.2527028341215,82.4499904,False,1
515,67.246,5218.576354804757,-47.917330828634775,198.0,-1754.3697222222213,100.0,False,1
516,67.312,5248.0,-73.0,198.4125008,-1750.7355745485443,100.0,False,1
517,67.406,5293.487457851514,-112.28414308171543,199.0,-1745.5252777777764,100.0,False,1
518,67.572,5375.0,-183.0,204.99443982222223,-1735.9198113361008,100.0,False,1
519,67.766,5451.1382405058175,-247.27468940339008,212.0,-1724.3252777777766,100.0,False,1
520,67.852,5483.0,-274.0,213.71999744,-1719.173971700783,100.0,False,1
521,67.966,5526.296152582084,-310.5210400315642,216.0,-1712.325277777777,100.0,False,1
522,68.165,5626.169841951813,-396.7584542574833,219.0,-1700.219444444443,100.0,False,1
523,68.172,5631.0,-401.0,219.27499245714284,-1699.7848372278804,100.0,False,1
524,68.332,5753.0,-509.0,225.56070674285715,-1689.6511734522915,100.0,False,1
525,68.445,5810.89771095169,-561.0721100060586,230.0,-1682.3305555555548,100.0,False,1
526,68.712,5884.0,-633.0,237.62857325714285,-1664.6863583914737,100.0,False,1
527,68.725,5888.8026016959675,-637.9435740436509,238.0,-1663.8194444444434,100.0,False,1
528,68.992,6011.0,-767.0,241.81428662857144,-1645.8792701919442,100.0,False,1
529,69.005,6016.9184524811335,-773.5059939510055,242.0,-1644.9972222222214,100.0,False,1
530,69.052,6038.0,-797.0,242.78333013333332,-1641.8008713244344,100.0,False,1
531,69.312,6150.0,-934.0,247.11666773333334,-1623.8986198853327,100.0,False,1
532,69.365,6171.510823445481,-962.628948826813,248.0,-1620.1972222222212,100.0,False,1
533,69.513,6230.0,-1044.0,250.8698066029574,-1609.7635514114236,100.0,False,1
534,69.693,6301.0,-1148.0,254.36011193087856,-1596.9677970014554,100.0,False,1
535,69.726,6313.621367241515,-1167.5321093675802,255.0,-1594.6263888888875,100.0,False,1
536,69.873,6368.0,-1256.0,255.61250026666667,-1584.2118272824932,100.0,False,1
537,69.966,6401.092472668728,-1313.0353578489621,256.0,-1577.5597222222214,100.0,False,1
538,70.213,6485.0,-1469.0,262.1750016,-1559.5205065527684,100.0,False,1
539,70.246,6495.918872480701,-1490.4343038076036,263.0,-1557.1041666666656,100.0,False,1
540,70.373,6537.0,-1574.0,263.0,-1547.828381606521,100.0,False,1
541,70.553,6591.0,-1694.0,263.0,-1534.6803827993745,100.0,False,1
542,70.566,6594.742358473039,-1702.7518195009416,263.0,-1533.7263888888874,100.0,False,1
543,70.713,6636.0,-1803.0,264.8375008,-1522.8947762187277,100.0,False,1
544,70.806,6661.660943285262,-1868.5094247571765,266.0,-1515.9930555555543,100.0,False,1
545,71.053,6726.0,-2041.0,269.52857234285716,-1497.4778607646317,100.0,False,1
546,71.086,6733.701148578167,-2062.0500366761767,270.0,-1494.9930555555543,100.0,False,1
547,71.293,6787.0,-2211.0,271.15000035555556,-1479.3711031707876,100.0,False,1
548,71.446,6851.316709512992,-2395.0565705714935,272.0,-1467.7930555555545,100.0,False,1
549,71.493,6867.0,-2440.0,272.2937504,-1464.2320961557707,100.0,False,1
550,71.606,6887.775556408518,-2499.3324645012585,273.0,-1455.6597222222213,100.0,False,1
551,71.753,6902.0,-2541.0,273.4593752,-1444.4752198322672,100.0,False,1
552,71.926,6941.184968220226,-2658.852234325774,274.0,-1431.304166666665,100.0,False,1
553,72.033,6969.0,-2743.0,274.0,-1423.1784096778297,100.0,False,1
554,72.246,7019.375444449533,-2896.9449693314587,274.0,-1406.94861111111,100.0,False,1
555,72.253,7021.0,-2902.0,274.1750016,-1406.4105680404564,100.0,False,1
556,72.406,7056.596442269615,-3014.4400099505406,278.0,-1394.5930555555537,100.0,False,1
557,72.493,7077.0,-3079.0,278.0,-1387.8675928659977,100.0,False,1
558,72.646,7113.262013276691,-3192.3278816729967,278.0,-1376.059722222221,100.0,False,1
559,72.712,7129.0,-3241.0,277.66999936,-1370.9802112648563,100.0,False,1
560,72.846,7161.041944039585,-3339.310859076675,277.0,-1360.6708333333318,100.0,False,1
561,72.892,7172.0,-3373.0,277.2874992,-1357.1217447869403,100.0,False,1
562,73.006,7198.941125869822,-3456.2766108558408,278.0,-1348.3152777777768,100.0,False,1
563,73.032,7205.0,-3475.0,277.89166613333333,-1346.3089774351483,100.0,False,1
564,73.246,7254.073018326991,-3626.2489732495164,277.0,-1329.8486111111106,100.0,False,1
565,73.332,7276.0,-3695.0,276.14000128,-1323.2750594005092,100.0,False,1
566,73.446,7308.345124992884,-3797.988101146043,275.0,-1314.5708333333323,100.0,False,1
567,73.532,7331.0,-3870.0,275.42999936,-1307.983147309782,100.0,False,1
568,73.646,7354.279149787473,-3942.549239890259,276.0,-1299.2374999999984,100.0,False,1
569,73.932,7403.0,-4134.0,273.3187512,-1277.4804549253822,100.0,False,1
570,73.966,7411.619647766816,-4176.92719869514,273.0,-1274.970833333332,100.0,True,1
571,74.072,7439.0,-4318.0,265.8071341714286,-1267.290550548004,62.14281142857143,True,1
572,74.246,7460.242243476503,-4423.957590503985,254.0,-1255.2152777777765,0.0,True,1
573,74.432,7470.0,-4485.0,240.56665742222222,-1243.1564264274775,0.0,True,1
574,74.606,7488.995881660939,-4627.514669913465,228.0,-1232.4152777777763,0.0,True,1
575,74.772,7504.0,-4761.0,221.7594043092685,-1222.4358716885145,0.0,True,1
576,75.005,7500.095248903778,-4832.899229371005,213.0,-1208.8077777777762,0.0,True,1
577,75.072,7492.0,-4853.0,210.76666453333334,-1204.9535130255235,0.0,True,1
578,75.365,7412.697739933996,-4986.373468097404,201.0,-1188.7077777777758,0.0,True,1
579,75.392,7401.0,-4997.0,198.7821376,-1187.3012310558752,0.0,True,1
580,75.645,7256.9606760656925,-5062.607062060242,178.0,-1174.863333333331,0.0,True,1
581,75.772,7194.0,-5081.0,169.2687632,-1168.977997049964,0.0,True,1
582,75.805,7181.032441836953,-5084.809980566625,167.0,-1167.4411111111085,0.0,True,1
583,75.965,7137.992402096118,-5097.6154250146,167.0,-1160.018888888886,0.0,True,1
584,76.126,7094.408166453252,-5109.372231992653,144.0,-1153.5788888888856,0.0,True,1
585,76.153,7084.0,-5112.0,142.6499968,-1152.5674258251302,0.0,True,1
586,76.373,7053.0,-5109.0,131.6499968,-1144.7767751443052,0.0,True,1
587,76.446,7154.550847284551,-5065.632217284839,128.0,-1142.2011111111078,0.0,True,1
588,76.593,7407.0,-4967.0,128.0,-1136.9103995795858,0.0,True,1
589,76.726,7394.546952510114,-4987.565557929091,128.0,-1132.2455555555525,0.0,True,1
590,76.813,7346.0,-5016.0,125.50277594074075,-1129.3701391001123,2.0138903703703703,True,1
591,76.973,7301.0,-5038.0,120.91018334814815,-1124.445477784392,5.717594074074074,True,1
592,77.173,7244.0,-5060.0,115.1694426074074,-1118.9518196118188,10.347223703703703,True,1
593,77.473,7129.0,-5097.0,106.55833149629629,-1111.6106058654696,17.291668148148148,True,1
594,77.733,7093.0,-5108.0,99.09536853333333,-1105.039425411299,23.310186666666667,True,1
595,77.806,7078.762997915529,-5112.2108013239595,97.0,-1103.1455555555522,25.0,False,1
596,78.013,7021.0,-5129.0,96.26071405714286,-1097.6578464956137,37.56786102857143,False,1
597,78.086,6997.4446278380165,-5135.639801138721,96.0,-1095.678888888886,42.0,False,1
598,78.286,6931.572591852369,-5153.891425068785,100.0,-1090.1233333333303,49.0,False,1
599,78.313,6924.0,-5156.0,100.54000128,-1089.3533624238135,49.0,False,1
600,78.486,6884.682521508865,-5167.072449288708,104.0,-1084.345555555552,49.0,False,1
601,78.633,6852.0,-5176.0,104.0,-1080.1177934292946,53.41000192,False,1
602,78.686,6838.074579483836,-5179.664749165491,104.0,-1078.5677777777737,55.0,False,1
603,78.846,6791.02742101836,-5191.871696417568,109.0,-1073.7233333333297,55.0,False,1
604,78.873,6783.0,-5194.0,110.21500288,-1072.8735088734838,56.89000448,False,1
605,79.046,6732.163547892993,-5207.840815041466,118.0,-1067.167777777774,69.0,False,1
606,79.113,6713.0,-5213.0,120.79166933333333,-1064.8183655733947,71.41944675555555,False,1
607,79.352,6634.0,-5233.0,130.75000533333335,-1055.9144744821333,80.05000462222222,False,1
608,79.406,6604.724788963863,-5240.079023518657,133.0,-1053.8677777777739,82.0,False,1
609,79.532,6530.0,-5258.0,135.51999744,-1049.0761049343619,87.66999424,False,1
610,79.806,6449.034198924959,-5277.500775776755,141.0,-1038.2011111111078,100.0,False,1
611,79.932,6410.0,-5286.0,147.58635694545455,-1032.7127083018067,100.0,False,1
612,80.012,6377.0,-5293.0,151.76817512727274,-1029.060829195826,100.0,False,1
613,80.192,6300.0,-5311.0,161.17727941818183,-1020.6670738330386,100.0,False,1
614,80.246,6276.542270268072,-5316.663287066333,164.0,-1018.1566666666631,100.0,False,1
615,80.412,6203.0,-5335.0,166.0749984,-1010.4635956891943,100.0,False,1
616,80.592,6122.0,-5357.0,168.3250016,-1002.0018571827295,100.0,False,1
617,80.646,6099.611229685033,-5363.204333347891,169.0,-999.3788888888848,100.0,False,1
618,80.952,5954.0,-5402.0,180.4750048,-983.822649577276,100.0,False,1
619,81.046,5875.624882087979,-5421.295722352466,184.0,-978.9344444444405,100.0,False,1
620,81.132,5804.0,-5439.0,185.19444266666667,-974.4470752462175,100.0,False,1
621,81.406,5669.401705367963,-5475.596950417647,189.0,-960.0344444444409,100.0,False,1
622,81.572,5610.0,-5493.0,191.3799259343539,-951.1899561896653,100.0,False,1
623,81.685,5564.756770179893,-5505.803320649823,193.0,-945.0769444444413,100.0,False,1
624,81.845,5493.929473516898,-5524.9422854090235,198.0,-936.2769444444411,100.0,False,1
625,81.992,5421.0,-5541.0,198.0,-928.1885285873668,100.0,False,1
626,82.005,5414.177710353733,-5542.318098472208,198.0,-927.476944444441,100.0,False,1
627,82.032,5400.0,-5545.0,197.6624992,-926.001572392116,94.37498666666667,False,1
628,82.245,5298.630131804101,-5562.468994985663,195.0,-914.47694444444,50.0,True,1
629,82.352,5228.0,-5563.0,192.9937488,-908.7563069007838,16.562479999999997,True,1
630,82.405,5183.749454427555,-5560.278269832564,192.0,-905.9436111111072,0.0,True,1
631,82.553,5055.0,-5547.0,189.54356781239974,-898.1722922752342,0.0,True,1
632,82.646,5006.401401580968,-5540.729725655571,188.0,-893.3580555555518,0.0,False,1
633,82.806,4978.137378733029,-5532.291773697568,183.0,-885.2247222222186,0.0,False,1
634,82.933,4942.0,-5511.0,179.18999808,-878.9625248158673,0.0,False,1
635,83.006,4908.258050748953,-5490.948115412029,177.0,-875.3913888888856,0.0,False,1
636,83.233,4774.0,-5406.0,176.1892854857143,-864.273461936581,0.0,False,1
637,83.286,4748.10669007455,-5386.506949892114,176.0,-861.7024999999967,0.0,False,1
638,83.606,4640.938740477976,-5279.874042803928,172.0,-846.4136111111084,34.0,False,1
639,83.633,4634.0,-5272.0,172.0,-845.1248329162672,35.42500337777778,False,1
640,83.966,4561.122103826189,-5182.241793036182,172.0,-829.2136111111085,53.0,False,1
641,84.033,4544.0,-5159.0,171.5812496,-826.0356734993566,55.5125024,False,1
642,84.126,4517.921584209158,-5122.711512253621,171.0,-821.6136111111082,59.0,False,1
643,84.133,4516.0,-5120.0,171.0875008,-821.2785210784241,59.2625024,False,1
644,84.373,4453.0,-5025.0,174.0875008,-809.622176706258,68.2625024,False,1
645,84.446,4429.3440805862465,-4984.936756491124,175.0,-806.0580555555525,71.0,False,1
646,84.633,4366.0,-4872.0,175.77916693333333,-796.930756081877,83.46667093333333,False,1
647,84.686,4352.068971773194,-4846.4379121343945,176.0,-794.324722222219,87.0,False,1
648,84.886,4317.552501556547,-4779.6335810046385,180.0,-784.3247222222199,100.0,False,1
649,85.093,4283.0,-4709.0,187.7625024,-773.4766995899872,100.0,False,1
650,85.126,4275.873325468576,-4694.555598541443,189.0,-771.7247222222195,100.0,False,1
651,85.273,4241.0,-4624.0,189.61250026666667,-763.8974995485751,100.0,False,1
652,85.366,4220.07865970716,-4581.458733481815,190.0,-759.0580555555534,100.0,False,1
653,85.453,4201.0,-4542.0,185.9607113142857,-754.6766330763467,100.0,False,1
654,85.646,4158.070341878508,-4450.036648193027,177.0,-745.291388888887,100.0,False,1
655,85.673,4152.0,-4437.0,177.0,-743.9859859099079,86.499968,False,1
656,85.846,4112.416415901183,-4352.680060000138,177.0,-735.458055555554,0.0,False,1
657,85.912,4096.0,-4318.0,182.7750112,-731.9573155098715,27.500053333333334,False,1
658,85.992,4077.0,-4278.0,189.7750112,-727.515996115425,60.83338666666667,False,1
659,86.086,4073.676060825349,-4271.004844762895,198.0,-722.2580555555542,100.0,True,1
660,86.332,4105.0,-4337.0,195.95000106666666,-708.6914180020276,31.666702222222227,True,1
661,86.446,4080.4852645527867,-4285.522951800184,195.0,-702.7580555555542,0.0,True,1
662,86.512,4063.0,-4248.0,186.749984,-699.4723786595268,0.0,True,1
663,86.606,4042.2533120154103,-4201.6547886845665,175.0,-694.9802777777768,0.0,True,1
664,86.672,4029.0,-4172.0,170.874992,-691.9563089526619,0.0,True,1
665,86.846,3994.4046577724853,-4098.940229825979,160.0,-684.3136111111098,0.0,False,1
666,86.952,3973.0,-4058.0,157.3499968,-679.6745750129921,0.0,False,1
667,87.006,3961.8818735591203,-4038.167464162893,156.0,-677.3802777777764,0.0,True,1
668,87.152,3931.0,-3987.0,148.36817512727274,-671.5605798533015,0.0,True,1
669,87.352,3888.0,-3920.0,137.91362967272727,-664.3608083280005,0.0,True,1
670,87.446,3870.547909379718,-3892.4284975450423,133.0,-661.124722222221,0.0,True,1
671,87.512,3856.0,-3870.0,128.37999104,-658.9006061455639,0.0,True,1
672,87.646,3814.7864274184194,-3809.035154303407,119.0,-654.5136111111096,0.0,True,1
673,87.712,3796.0,-3782.0,117.18499648,-652.4213672670394,0.0,True,1
674,88.046,3750.1858467964344,-3726.4837789434646,108.0,-642.5136111111096,0.0,True,1
675,88.112,3740.0,-3717.0,105.39784501268072,-640.6838002223558,0.0,True,1
676,88.272,3705.0,-3687.0,99.08960273213414,-636.3953453541098,0.0,True,1
677,88.325,3689.196295766907,-3676.5703898694437,97.0,-634.9961111111097,0.0,True,1
678,88.532,3620.0,-3641.0,94.04285988571428,-629.6111004150835,0.0,True,1
679,88.605,3602.6407580387054,-3634.0314681462573,93.0,-627.7627777777761,0.0,True,1
680,88.925,3554.4289183995224,-3630.931532664695,88.0,-619.940555555554,0.0,True,1
681,88.932,3553.0,-3631.0,88.0,-619.7693364892639,0.0,True,1
682,89.133,3505.0,-3634.0,88.0,-614.8283720945592,0.0,True,1
683,89.206,3489.2266866434893,-3636.0459942401053,88.0,-613.0716666666649,0.0,False,1
684,89.413,3442.0,-3651.0,83.68749866666667,-608.2785254412402,0.0,False,1
685,89.446,3431.3762547727647,-3656.0095290479317,83.0,-607.538333333332,0.0,False,1
686,89.613,3373.0,-3687.0,79.65999872,-603.8724098495622,0.0,False,1
687,89.646,3364.3922247898286,-3691.8652021011426,79.0,-603.1494444444434,0.0,False,1
688,89.926,3334.757752602129,-3713.6999149769413,80.0,-596.9272222222207,35.0,False,1
689,90.053,3320.0,-3729.0,81.5875008,-594.0416432943202,39.7625024,False,1
690,90.086,3314.6144552412034,-3734.41323852067,82.0,-593.2827777777766,41.0,True,1
691,90.113,3310.0,-3739.0,82.3375008,-592.6587544095246,41.787501866666666,True,1
692,90.313,3275.0,-3774.0,84.8375008,-587.9319250777462,47.6208352,True,1
693,90.326,3272.484900477223,-3776.826709086417,85.0,-587.6161111111096,48.0,False,1
694,90.566,3222.1445712584236,-3840.788589534561,90.0,-581.6161111111096,55.0,False,1
695,90.633,3211.0,-3856.0,90.0,-579.9131668880436,55.0,False,1
696,90.726,3199.2263405897475,-3872.7068461424087,90.0,-577.6161111111096,55.0,False,1
697,90.973,3178.0,-3907.0,84.85416533333333,-572.4798594614149,63.74791893333333,False,1
698,91.206,3147.0397081386477,-3959.2069008129906,80.0,-566.9494444444426,72.0,False,1
699,91.213,3146.0,-3961.0,81.10834346666667,-566.7449028246137,72.11666773333333,False,1
700,91.413,3113.0,-4018.0,112.77501013333334,-560.1777170003825,75.45000106666667,False,1
701,91.446,3106.3306784127635,-4029.066782355047,118.0,-559.0827777777758,76.0,False,1
702,91.713,3046.0,-4124.0,118.0,-550.4762291231309,78.5031256,False,1
703,91.766,3036.4259307118414,-4137.942761832494,118.0,-548.5938888888868,79.0,False,1
704,91.926,3010.397524956242,-4171.759558807462,139.0,-542.4161111111089,76.0,False,1
705,91.953,3005.0,-4178.0,139.482144,-541.3473750978865,74.8428544,False,1
706,92.173,2946.0,-4238.0,143.41071542857142,-532.5468466396742,65.41428297142858,False,1
707,92.206,2934.716476107233,-4247.880845449486,144.0,-531.2161111111091,64.0,False,1
708,92.486,2822.9345537737054,-4331.980751225909,146.0,-519.8605555555532,34.0,False,1
709,92.552,2801.0,-4346.0,145.7937496,-517.1886761474716,26.9874864,False,1
710,92.712,2757.0,-4370.0,145.2937496,-510.7347011359943,9.9874864,False,1
711,92.806,2727.729447390625,-4385.716296645271,145.0,-506.97166666666453,0.0,False,1
712,92.912,2687.0,-4405.0,144.0062488,-502.7575659114764,0.0,False,1
713,93.126,2578.0707742736586,-4441.412428395236,142.0,-494.34944444444227,0.0,False,1
714,93.172,2558.0,-4447.0,141.4250016,-492.56078026894465,7.091646933333333,False,1
715,93.366,2501.8532514677336,-4458.391374767617,139.0,-485.08277777777585,37.0,False,1
716,93.512,2467.0,-4460.0,138.26999936,-479.499823312899,46.49000832,False,1
717,93.566,2451.7322027511036,-4460.123226014847,138.0,-477.4161111111089,50.0,False,1
718,93.772,2366.0,-4459.0,141.4333312,-469.3062715510614,60.2999936,False,1
719,93.806,2343.358825530939,-4458.776380784799,142.0,-467.94944444444263,62.0,False,1
720,93.952,2292.0,-4449.0,144.281252,-462.0743311324313,66.562504,False,1
721,94.126,2625.3584841163524,-4385.609483075667,147.0,-454.882777777776,72.0,False,1
722,94.212,2763.0,-4365.0,149.36499648,-451.2116974186474,72.0,False,1
723,94.526,2538.533496637984,-4431.500954713463,158.0,-437.3272222222213,72.0,False,1
724,94.572,2480.0,-4441.0,158.8624976,-435.27115915793274,75.0187416,False,1
725,94.732,2304.0,-4455.0,161.8624976,-428.075719201267,85.5187416,False,1
726,94.846,2231.914066954953,-4448.148391231566,164.0,-422.7494444444428,93.0,False,1
727,95.032,2166.0,-4420.0,171.9248162125608,-413.57199241411763,96.2631596169368,False,1
728,95.112,2129.0,-4408.0,175.3333369690888,-409.479823827538,97.66666816374244,False,1
729,95.245,2067.7260033365815,-4385.274724389217,181.0,-402.6886111111098,100.0,False,1
730,95.332,2028.0,-4368.0,183.1749952,-398.2556698176468,100.0,False,1
731,95.405,1994.50879377701,-4351.9099462021695,185.0,-394.4663888888881,100.0,False,1
732,95.565,1921.1756892772244,-4310.996311207166,195.0,-385.79972222222204,100.0,False,1
733,95.572,1918.0,-4309.0,195.09964141771192,-385.4164168938996,100.0,False,1
734,95.846,1796.961245676137,-4220.343704020835,199.0,-370.2666666666664,100.0,False,1
735,95.853,1794.0,-4218.0,199.1968768,-369.87259447806446,100.0,False,1
736,95.913,1768.0,-4197.0,200.8843768,-366.47743613245893,100.0,False,1
737,96.166,1603.3359222233291,-4047.0653053029323,208.0,-351.7777777777783,100.0,False,1
738,96.233,1568.0,-4014.0,210.17750208,-347.76202803964225,100.0,False,1
739,96.566,1482.3550287763217,-3932.2854264465,221.0,-327.2222222222226,100.0,False,1
740,96.573,1480.0,-3930.0,221.14000128,-326.7867051633648,100.0,False,1
741,96.766,1394.0121851766996,-3846.455170840352,225.0,-314.7222222222226,100.0,False,1
742,96.813,1372.0,-3825.0,225.979168,-311.75078934941394,100.0,False,1
743,96.913,1327.0,-3781.0,228.06250133333333,-305.37764373967275,100.0,False,1
744,97.006,1284.854353101657,-3739.5819971236156,230.0,-299.3888888888896,100.0,False,1
745,97.293,1151.0,-3608.0,235.74000128,-280.5316090371234,100.0,False,1
746,97.406,1097.3586068807092,-3556.1580745846854,238.0,-272.94444444444434,100.0,False,1
747,97.493,1056.0,-3516.0,239.9772741818182,-267.0388678420586,100.0,False,1
748,97.673,971.0,-3432.0,244.06818327272728,-254.64919545061002,100.0,False,1
749,97.846,890.2974358026396,-3352.230288460332,248.0,-242.6333333333332,100.0,False,1
750,97.853,887.0,-3349.0,248.11666773333334,-242.14584076414394,100.0,False,1
751,98.073,781.0,-3246.0,251.7833344,-226.75067234983544,100.0,False,1
752,98.086,774.5678363680584,-3239.7119317027023,252.0,-225.83333333333394,100.0,False,1
753,98.313,660.0,-3127.0,255.546876,-209.66102330575723,100.0,False,1
754,98.406,613.000637224862,-3081.1654112496817,257.0,-202.98888888888905,100.0,False,1
755,98.473,579.0,-3048.0,257.50250048,-198.17379579547287,100.0,False,1
756,98.673,476.0,-2947.0,259.00250048,-183.75475620939324,100.0,False,1
757,98.806,406.5139847750505,-2879.541403084179,260.0,-174.10000000000036,100.0,False,1
758,98.913,351.0,-2825.0,261.52857234285716,-166.28761626797586,100.0,False,1
759,98.973,320.0,-2794.0,262.3857152,-161.8890996527134,100.0,False,1
760,99.086,256.0959727652581,-2730.863459518857,264.0,-153.5666666666666,100.0,False,1
761,99.246,156.76064065391492,-2634.2700366592035,267.0,-141.69999999999982,100.0,False,1
762,99.352,99.0,-2578.0,267.72272814545454,-133.79922929769782,100.0,False,1
763,99.612,-18.0,-2463.0,269.49545367272725,-114.2911031722142,100.0,False,1
764,99.686,-55.51876765617822,-2425.9548576145544,270.0,-108.69999999999891,100.0,False,1
765,99.846,-143.69576825484376,-2339.221085899055,273.0,-96.5666666666657,100.0,False,1
766,99.852,-147.0,-2336.0,273.0,-96.11197288724998,100.0,False,1
767,100.032,-245.0,-2241.0,273.0,-82.46787509970363,100.0,False,1
768,100.046,-252.50179962571667,-2233.674875501401,273.0,-81.39999999999873,100.0,False,1
769,100.232,-353.0,-2135.0,275.1461553230769,-67.07848936455957,100.0,False,1
770,100.452,-474.0,-2019.0,277.6846139076923,-49.93230974630842,100.0,False,1
771,100.566,-505.8619547935966,-1989.8010609168825,279.0,-41.099999999999454,100.0,False,1
772,100.692,-609.0,-1892.0,279.0,-31.38397227425685,100.0,False,1
773,100.766,-755.7164038874517,-1750.989788553529,279.0,-25.599999999999454,100.0,False,1
774,100.852,-938.0,-1576.0,281.4187464,-18.742190707895134,100.0,False,1
775,101.032,-1123.0,-1402.0,286.4812536,-4.204059744094593,100.0,False,1
776,101.086,-1161.878442026321,-1365.6297334953622,288.0,0.0,100.0,False,2
777,101.246,-1261.3325390083658,-1271.7723909235683,273.0,12.133333333333212,100.0,False,2
778,101.412,-1361.0,-1177.0,283.6714203428571,25.464702570001464,100.0,False,2
779,101.526,-1434.4811886969924,-1107.0044824801103,291.0,34.766666666666424,100.0,False,2
780,101.765,-1585.7372230707963,-962.6393643229408,291.0,54.08583333333354,100.0,False,2
781,101.792,-1600.0,-949.0,293.1937552,56.334101532917884,100.0,False,2
782,101.925,-1660.715708987314,-890.8415548034294,304.0,67.59694444444449,100.0,False,2
783,102.085,-1740.2021329928075,-814.8834028393717,304.0,81.10805555555544,100.0,False,2
784,102.112,-1759.0,-797.0,303.85041513137554,83.37268920837141,100.0,False,2
785,102.373,-1994.0,-574.0,302.4044318500932,105.15495968345385,100.0,False,2
786,102.446,-2052.416816589072,-518.5129961166518,302.0,111.39194444444456,100.0,False,2
787,102.606,-2156.623089104263,-419.3309912729921,314.0,125.34749999999985,100.0,False,2
788,102.806,-2255.9615247372017,-324.879581738299,314.0,142.7919444444442,0.0,False,2
789,102.813,-2259.0,-322.0,313.8833322666667,143.39837370148052,0.0,False,2
790,103.093,-2371.0,-216.0,309.2166656,167.39344556955984,0.0,False,2
791,103.166,-2407.976991190351,-180.70670648571314,308.0,173.59194444444438,0.0,False,2
792,103.433,-2579.0,-18.0,302.2785700571429,196.01198514600947,0.0,False,2
793,103.446,-2588.3982475431644,-9.194354097923657,302.0,197.08083333333343,0.0,True,2
794,103.673,-2752.0,145.0,292.2714258285714,215.38501170695326,0.0,True,2
795,103.713,-2775.0,168.0,290.5571401142857,218.59290309478638,0.0,True,2
796,103.726,-2782.6000747756543,175.49572356597577,290.0,219.6363888888891,0.0,True,2
797,103.893,-2882.0,269.0,290.0,233.0805362304127,0.0,True,2
798,104.006,-2926.3725278972315,310.81140877353755,290.0,242.19194444444474,0.0,True,2
799,104.153,-2977.0,359.0,284.85499776,253.95112211923788,0.0,True,2
800,104.206,-3002.5062974358557,383.0459169005911,283.0,257.91416666666737,0.0,True,2
801,104.393,-3106.0,480.0,254.56040693333333,270.1261056643016,0.0,True,2
802,104.686,-3229.9267026759726,596.0840910143116,210.0,285.91416666666737,0.0,True,2
803,104.693,-3234.0,600.0,209.22999296,286.2862581938907,0.0,True,2
804,104.853,-3338.0,701.0,191.62999296,294.69601067970507,0.0,True,2
805,104.886,-3354.8194454712007,717.5045352111052,188.0,296.3586111111108,0.0,True,2
806,105.046,-3400.7887650844154,763.7134083064739,172.0,304.0030555555559,0.0,True,2
807,105.246,-3432.348081034141,800.0816878222845,162.0,313.00305555555497,0.0,True,2
808,105.253,-3434.0,802.0,161.78610915555555,313.30898412950773,0.0,True,2
809,105.433,-3485.0,862.0,156.28610915555555,320.97203359199193,0.0,True,2
810,105.606,-3529.5703044118036,919.0238035126295,151.0,328.10305555555533,0.0,True,2
811,105.612,-3531.0,921.0,150.8714313142857,328.3483796752935,0.0,True,2
812,105.792,-3571.0,981.0,147.01428297142857,335.6431433566586,0.0,True,2
813,105.886,-3590.209728629281,1012.2767916364603,145.0,339.3808333333327,0.0,True,2
814,106.032,-3617.0,1061.0,140.437496,345.0665175387712,0.0,True,2
815,106.046,-3619.2899130275478,1065.7203487879906,140.0,345.60305555555533,0.0,False,2
816,106.232,-3645.0,1129.0,137.28749813333334,352.5799851220545,0.0,False,2
817,106.526,-3667.68731294152,1228.6990971293244,133.0,363.336388888888,0.0,False,2
818,106.686,-3670.7893218697795,1282.6281835746731,133.0,369.2474999999995,23.0,False,2
819,107.046,-3658.725514345356,1415.2379688395124,131.0,382.34749999999985,42.0,False,2
820,107.212,-3646.0,1486.0,133.0749984,388.5088854663454,50.71499328,False,2
821,107.412,-3626.0,1575.0,135.5749984,396.13259046835174,61.21499328,False,2
822,107.446,-3622.7718114904324,1588.276421682855,136.0,397.45861111111026,63.0,False,2
823,107.686,-3602.152984293399,1667.5928974598432,145.0,407.1252777777772,76.0,False,2
824,107.732,-3598.0,1684.0,147.2999936,409.0685587361513,76.0,False,2
825,107.926,-3579.0805916352906,1762.912274818653,157.0,417.59194444444347,76.0,False,2
826,108.012,-3571.0,1801.0,159.3291632,421.5098184529852,76.3583328,False,2
827,108.132,-3561.0,1855.0,162.5791632,427.11453719498695,76.8583328,False,2
828,108.352,-3552.0,1955.0,168.53750346666666,437.6536194702994,77.77500053333333,False,2
829,108.406,-3552.323945038669,1991.7740849622464,170.0,440.25861111111044,78.0,False,2
830,108.592,-3559.0,2137.0,173.8912150249466,449.2849825878375,78.0,False,2
831,108.645,-3561.13852154514,2168.2836865373506,175.0,451.8766666666652,78.0,False,2
832,108.845,-3569.265807224877,2235.868912302337,179.0,461.82111111110953,80.0,False,2
833,109.073,-3586.0,2307.0,189.54804510702806,473.92866919338394,81.62277617031201,False,2
834,109.126,-3591.8166716089504,2332.406044177,192.0,476.8077777777762,82.0,False,2
835,109.213,-3603.0,2378.0,194.1750016,481.55951460334836,82.43500032,False,2
836,109.326,-3620.721884601241,2435.432872249573,197.0,487.75222222221964,83.0,False,2
837,109.413,-3637.0,2479.0,197.62142902857144,492.51065354002367,88.28214674285714,False,2
838,109.573,-3673.0,2559.0,198.76428617142858,501.3527120178733,97.99643245714286,False,2
839,109.606,-3681.258865829073,2575.2723726762883,199.0,503.22999999999774,100.0,False,2
840,109.873,-3759.0,2705.0,206.34250176,519.1652897697786,100.0,False,2
841,110.053,-3822.0,2792.0,211.29250176,530.6218191211019,100.0,False,2
842,110.233,-3889.0,2875.0,216.24250176,541.9142310801562,100.0,False,2
843,110.406,-4010.651355319308,3001.4852457467678,221.0,552.34111111111,100.0,False,2
844,110.473,-4051.0,3042.0,217.2312464,556.2670029522751,100.0,False,2
845,110.566,-4087.7055967219903,3078.007553802872,212.0,561.7633333333324,100.0,False,2
846,110.793,-4136.0,3119.0,227.1333376,576.1362246925655,100.0,False,2
847,110.806,-4140.6371850479745,3122.9052151365204,228.0,576.9633333333322,100.0,False,2
848,111.006,-4238.590050226984,3206.111514806227,228.0,589.6299999999992,100.0,False,2
849,111.053,-4263.0,3227.0,229.88000256,592.6702819686743,100.0,False,2
850,111.206,-4338.658836089537,3292.118308540941,236.0,602.7411111111105,100.0,False,2
851,111.213,-4342.0,3295.0,236.1312512,603.2039014636248,100.0,False,2
852,111.366,-4413.3701483813975,3356.7001488689257,239.0,613.3633333333328,100.0,False,2
853,111.453,-4461.0,3399.0,240.81250133333333,619.2154891836017,100.0,False,2
854,111.606,-4567.28012734819,3496.036397115104,244.0,629.6299999999992,100.0,False,2
855,111.733,-4651.0,3574.0,246.11666773333334,638.3567762795319,100.0,False,2
856,111.846,-4704.994460818721,3625.496327003422,248.0,646.163333333333,100.0,False,2
857,112.173,-4821.0,3737.0,250.97272785454547,668.9264468314086,100.0,False,2
858,112.212,-4842.0,3756.0,251.32727156363637,671.6866007823028,100.0,False,2
859,112.286,-4881.016485649106,3792.9284887607264,252.0,676.9633333333331,100.0,False,2
860,112.486,-4980.974159286489,3894.943079744754,260.0,691.4077777777775,100.0,False,2
861,112.492,-4984.0,3898.0,259.9625008,691.8398507496395,100.0,False,2
862,112.646,-5062.561888507433,3976.3552181794726,259.0,702.9188888888884,100.0,False,2
863,112.692,-5086.0,4000.0,260.1499968,706.2718837887569,100.0,False,2
864,112.926,-5203.902877967958,4123.067858346295,266.0,723.6077777777773,100.0,False,2
865,112.952,-5217.0,4137.0,266.10833386666667,725.5360880557791,100.0,False,2
866,113.166,-5325.27345391595,4253.286881850934,267.0,741.4077777777766,100.0,False,2
867,113.252,-5369.0,4300.0,267.9214272,747.825352765889,100.0,False,2
868,113.312,-5400.0,4333.0,268.5642870857143,752.3192240962826,100.0,False,2
869,113.446,-5480.75936887322,4421.866376067966,270.0,762.4077777777766,100.0,False,2
870,113.612,-5581.0,4535.0,272.0749984,775.007873366023,100.0,False,2
871,113.766,-5645.9913597458235,4609.03095898689,274.0,786.7633333333324,100.0,False,2
872,113.912,-5701.0,4673.0,274.9125008,797.937920596878,100.0,False,2
873,114.086,-5780.499754566461,4767.338335995247,276.0,811.2966666666653,100.0,False,2
874,114.232,-5858.0,4861.0,277.04285805714284,822.5434431229278,100.0,False,2
875,114.366,-5937.036153505495,4957.969386811391,278.0,832.9188888888875,100.0,False,2
876,114.472,-5995.0,5030.0,279.59000192,841.1765706775996,100.0,False,2
877,114.566,-6037.034443535519,5083.076910072681,281.0,848.5299999999988,100.0,False,2
878,114.752,-6110.0,5178.0,282.1625008,863.1476663844487,100.0,False,2
879,114.886,-6173.445188555738,5262.235762970079,283.0,873.685555555554,100.0,False,2
880,114.932,-6195.0,5291.0,282.6166677333333,877.2971391402216,97.50834026666666,False,2
881,115.126,-6279.295071722305,5404.253059985256,281.0,892.4188888888884,87.0,True,2
882,115.212,-6325.0,5467.0,277.5427198254569,898.9899802332193,49.402078101844225,True,2
883,115.325,-6399.710469128241,5570.924732165841,273.0,907.5097222222212,0.0,True,2
884,115.453,-6481.0,5685.0,268.7510362160428,917.0397219515298,0.0,True,2
885,115.566,-6526.6240167953665,5749.735963022885,265.0,925.2499999999991,0.0,True,2
886,115.833,-6587.0,5839.0,251.6499968,943.5752959733245,0.0,True,2
887,116.013,-6655.0,5940.0,242.6499968,955.2781364849889,0.0,True,2
888,116.046,-6669.329296723593,5961.333537693605,241.0,957.3833333333323,0.0,True,2
889,116.313,-6792.0,6145.0,221.92856685714287,973.816385071349,0.0,True,2
890,116.326,-6797.327872087779,6153.055386820956,221.0,974.5722222222203,0.0,True,2
891,116.653,-6902.0,6313.0,193.74999466666665,992.0510209211498,0.0,True,2
892,116.686,-6909.486905734133,6324.344238466159,191.0,993.6722222222206,0.0,True,2
893,117.086,-6977.470371033578,6426.605600809962,160.0,1011.449999999998,0.0,True,2
894,117.093,-6979.0,6429.0,159.51388444444444,1011.7320683581602,0.0,True,2
895,117.233,-7012.0,6481.0,149.79166222222221,1017.1695649963467,0.0,True,2
896,117.446,-7050.948019628688,6540.691898225568,135.0,1024.949999999998,0.0,True,2
897,117.553,-7078.0,6587.0,131.4333312,1028.7817765819673,0.0,True,2
898,117.686,-7126.352994109971,6675.083095758447,127.0,1033.4166666666652,0.0,True,2
899,117.773,-7153.0,6725.0,123.08499712,1036.3281623520134,0.0,True,2
900,117.886,-7169.891742529916,6758.460745724964,118.0,1039.97222222222,0.0,True,2
901,118.086,-7173.659377497666,6775.7695266764595,110.0,1046.0833333333312,0.0,True,2
902,118.093,-7174.0,6777.0,109.8249984,1046.2915310171757,0.0,True,2
903,118.246,-7186.197054151328,6816.844893497784,106.0,1050.794444444442,0.0,True,2
904,118.373,-7197.0,6856.0,106.0,1054.5715341624891,0.0,True,2
905,118.446,-7201.305091019888,6876.538113195662,106.0,1056.6833333333307,0.0,True,2
906,118.533,-7205.0,6900.0,102.89285485714285,1059.0891022717751,0.0,True,2
907,118.693,-7209.0,6943.0,97.17856914285714,1063.2888190465874,0.0,True,2
908,118.726,-7209.387357132278,6951.766192404904,96.0,1064.149999999997,0.0,True,2
909,118.926,-7208.740833525214,7004.074756922506,94.0,1069.3722222222195,0.0,True,2
910,118.972,-7208.0,7016.0,94.0,1070.578029948464,0.0,True,2
911,119.086,-7205.295739939344,7045.44327574595,94.0,1073.5499999999975,0.0,True,2
912,119.212,-7200.0,7077.0,90.8500032,1076.7253349408338,0.0,True,2
913,119.246,-7197.984952731044,7085.179801846913,90.0,1077.5499999999975,0.0,False,2
914,119.292,-7195.0,7096.0,88.46667093333333,1078.6399036710382,0.0,False,2
915,119.486,-7179.673471060671,7139.599143010337,82.0,1083.0166666666646,0.0,False,2
916,119.492,-7179.0,7141.0,81.97500053333333,1083.1512529088131,0.0,False,2
917,119.726,-7141.349770085946,7199.623440912856,81.0,1088.4166666666642,0.0,False,2
918,119.872,-7119.0,7228.0,81.0,1091.7041426716814,16.685728914285715,False,2
919,120.006,-7105.33762288919,7242.5410408288135,81.0,1094.7166666666644,32.0,False,2
920,120.172,-7084.0,7256.0,81.69166613333333,1098.4508883428098,32.0,False,2
921,120.246,-7067.139126020416,7264.956969086578,82.0,1100.1833333333307,32.0,False,2
922,120.446,-7008.024896983414,7293.120969933053,90.0,1105.1833333333307,53.0,False,2
923,120.472,-7001.0,7296.0,90.75833706666667,1105.8615368346482,53.43333546666667,False,2
924,120.686,-6952.936559116152,7310.580915008574,97.0,1111.6499999999978,57.0,False,2
925,120.846,-6920.457507889083,7315.46455459459,102.0,1116.1833333333307,57.0,False,2
926,120.932,-6899.0,7319.0,104.36499648,1118.7338844918195,59.36499648,False,2
927,121.132,-6840.0,7329.0,109.86499648,1124.992321513213,64.86499648,False,2
928,121.246,-6805.1085926656815,7334.02914651096,113.0,1128.7388888888863,68.0,False,2
929,121.292,-6791.0,7336.0,114.53332906666667,1130.2858882572045,69.40555164444444,False,2
930,121.492,-6725.0,7345.0,121.19999573333334,1137.227600398417,75.51666275555556,False,2
931,121.606,-6673.722575784777,7350.848649565266,125.0,1141.2388888888863,79.0,False,2
932,121.712,-6625.0,7356.0,127.6500032,1144.9836429178677,79.6625008,False,2
933,121.766,-6603.085684941437,7358.234136169415,129.0,1146.97222222222,80.0,False,2
934,122.126,-6485.221613194632,7369.833917335807,149.0,1161.8722222222195,24.0,False,2
935,122.153,-6475.0,7371.0,149.0,1163.0022721429632,21.2999936,False,2
936,122.286,-6420.364224991533,7377.619123122799,149.0,1168.4944444444418,8.0,True,2
937,122.333,-6402.0,7380.0,147.8249984,1170.3968525045666,6.4333312,True,2
938,122.513,-6330.0,7393.0,143.3249984,1177.5195168039563,0.43333119999999986,True,2
939,122.526,-6322.275917771019,7394.978664283391,143.0,1178.0277777777746,0.0,True,2
940,122.673,-6218.0,7425.0,140.2437488,1183.7433397994037,0.0,True,2
941,122.686,-6210.079774444862,7427.426969843148,140.0,1184.2499999999973,0.0,True,2
942,122.926,-6130.8894961985925,7456.196646833507,140.0,1193.5833333333303,0.0,True,2
943,123.193,-6090.0,7486.0,132.4906232,1203.313348226534,0.0,True,2
944,123.246,-6074.973118232851,7495.848830774768,131.0,1205.2277777777745,0.0,False,2
945,123.333,-6048.0,7514.0,131.0,1208.38637948437,19.5750144,False,2
946,123.406,-6026.823487316423,7529.972739623852,131.0,1211.0499999999975,36.0,False,2
947,123.493,-6003.0,7550.0,131.36250026666667,1214.2381876358832,38.90000213333333,False,2
948,123.646,-5963.426780430257,7588.35040589531,132.0,1219.8499999999976,44.0,False,2
949,123.693,-5952.0,7601.0,132.0,1221.5635143320414,45.5666688,False,2
950,123.886,-5909.209903889169,7656.950973364823,132.0,1228.6499999999978,52.0,False,2
951,123.933,-5900.0,7671.0,133.34285897142857,1230.4350985600986,53.1750016,False,2
952,124.133,-5865.0,7738.0,139.0571446857143,1238.2486719399149,58.1750016,False,2
953,124.166,-5859.16265417644,7753.168663321885,140.0,1239.5388888888865,59.0,False,2
954,124.393,-5822.0,7881.0,140.8107145142857,1248.3904433457428,62.242858057142854,False,2
955,124.446,-5816.80179357503,7908.538829146699,141.0,1250.5055555555537,63.0,False,2
956,124.726,-5810.109406066918,8024.251887655553,149.0,1262.0944444444422,75.0,False,2
957,124.773,-5810.0,8038.0,150.00714422857143,1264.0734257836075,75.0,False,2
958,125.006,-5810.859282886749,8088.5759086761545,155.0,1274.1499999999978,75.0,False,2
959,125.093,-5814.0,8123.0,159.6218784,1278.1731291150263,79.8937536,False,2
960,125.326,-5832.283623766964,8283.568689639083,172.0,1289.4388888888861,93.0,False,2
961,125.412,-5839.0,8338.0,173.6124976,1293.599295300388,96.7624944,False,2
962,125.486,-5843.840466891813,8375.179929837303,175.0,1297.2166666666644,100.0,False,2
963,125.872,-5863.0,8497.0,183.7727301818182,1317.032901040513,100.0,False,2
964,125.926,-5866.870521395806,8522.636771681928,185.0,1319.8277777777757,100.0,False,2
965,126.052,-5877.0,8589.0,185.89999908571428,1326.3202222316313,100.0,False,2
966,126.206,-5890.294890463762,8667.68192329651,187.0,1334.3722222222204,100.0,False,2
967,126.232,-5893.0,8684.0,187.9388935111111,1335.7664166024924,100.0,False,2
968,126.512,-5928.0,8913.0,198.05000462222222,1351.3221504575595,100.0,False,2
969,126.566,-5932.980184940505,8951.734101376795,200.0,1354.3722222222204,100.0,False,2
970,126.726,-5942.3971489198775,9045.802172523205,204.0,1363.438888888887,100.0,False,2
971,126.852,-5946.0,9115.0,204.0,1370.5740720329386,75.5875248,False,2
972,126.886,-5946.520056127298,9134.091291324457,204.0,1372.5055555555537,69.0,True,2
973,127.046,-5946.453264663164,9225.946244489593,206.0,1381.6611111111097,57.0,False,2
974,127.132,-5945.0,9275.0,206.6142848,1386.6437498790428,47.4785856,False,2
975,127.232,-5942.0,9331.0,207.32857234285714,1392.4722868283015,36.407128685714284,False,2
976,127.326,-5936.907773628734,9382.212736234347,208.0,1397.8388888888867,26.0,True,2
977,127.432,-5929.0,9439.0,202.0374928,1403.7282261733708,29.312504,True,2
978,127.486,-5924.396757505955,9467.890560014554,199.0,1406.6833333333316,31.0,False,2
979,127.646,-5907.949834760965,9552.980712403509,195.0,1415.3499999999976,44.0,False,2
980,127.692,-5902.0,9577.0,195.19166613333334,1417.8501541313544,44.76666453333333,False,2
981,127.872,-5873.0,9669.0,195.9416672,1427.659524465722,47.7666688,False,2
982,127.886,-5870.37523278026,9676.077099780825,196.0,1428.4166666666642,48.0,False,2
983,128.032,-5840.0,9749.0,193.80999808,1436.2511872421492,48.0,False,2
984,128.086,-5827.503331065101,9775.175738188293,193.0,1439.1388888888878,48.0,False,2
985,128.272,-5779.0,9862.0,193.0,1449.093190628504,62.61429577142857,False,2
986,128.366,-5750.870827069144,9904.296664636177,193.0,1454.1499999999987,70.0,False,2
987,128.432,-5730.0,9933.0,193.8250016,1457.7166857395932,68.3499968,False,2
988,128.606,-5671.044088669373,10004.229826117618,196.0,1467.2166666666644,64.0,False,2
989,128.673,-5645.0,10032.0,197.2181829818182,1470.9339031815043,69.48182341818182,False,2
990,129.033,-5480.0,10184.0,203.76363752727272,1491.4011427101104,98.93636887272727,False,2
991,129.046,-5474.647121831408,10188.58621544249,204.0,1492.1499999999978,100.0,False,2
992,129.246,-5400.154327669468,10249.790785775853,208.0,1503.7055555555544,100.0,False,2
993,129.313,-5373.0,10271.0,208.0,1507.5551328067504,100.0,False,2
994,129.493,-5290.0,10334.0,208.0,1517.8214163632265,100.0,False,2
995,129.686,-5200.734829078903,10400.288980319814,208.0,1529.1277777777768,100.0,False,2
996,129.773,-5160.0,10430.0,212.71250346666667,1534.4037955995218,100.0,False,2
997,129.926,-5086.363569756169,10482.819327631845,221.0,1543.8611111111086,100.0,False,2
998,130.033,-5033.0,10520.0,222.60500096,1550.5078652636294,100.0,False,2
999,130.126,-4985.192999329531,10552.381460608973,224.0,1556.3055555555538,100.0,False,2
1000,130.253,-4919.0,10596.0,225.27000064,1564.2575855466475,100.0,False,2
1001,130.313,-4888.0,10616.0,225.87000064,1568.0390360720248,100.0,False,2
1002,130.326,-4881.309406229515,10620.277032178767,226.0,1568.8611111111086,100.0,False,2
1003,130.493,-4791.0,10676.0,229.1312512,1579.5093915744928,100.0,False,2
1004,130.646,-4681.677066047814,10738.060758336565,232.0,1589.48333333333,100.0,False,2
1005,130.873,-4512.0,10829.0,242.4041696,1604.7885015271404,100.0,False,2
1006,130.886,-4504.200461039677,10833.03163966302,243.0,1605.6833333333307,100.0,False,2
1007,131.126,-4396.006005512155,10885.387366731527,252.0,1622.4833333333318,100.0,False,2
1008,131.273,-4323.0,10918.0,253.8375008,1632.8534042461843,100.0,False,2
1009,131.286,-4315.336937760198,10921.410212213877,254.0,1633.77222222222,100.0,False,2
1010,131.413,-4233.0,10958.0,254.95250048,1642.7652052305175,100.0,False,2
1011,131.613,-4102.0,11016.0,256.45250048,1657.0407847456718,100.0,False,2
1012,131.686,-4056.866995333189,11035.414808272304,257.0,1662.3277777777757,100.0,False,2
1013,131.813,-3969.0,11073.0,261.2333354666667,1671.630945834061,100.0,False,2
1014,131.926,-3860.7416828364535,11120.306198815031,265.0,1679.994444444441,100.0,False,2
1015,131.992,-3800.0,11147.0,265.60000116363636,1684.9063788590347,84.9999709090909,False,2
1016,132.252,-3616.0,11228.0,267.9636352,1704.3935087343925,25.909120000000005,False,2
1017,132.352,-3520.0,11270.0,268.8727284363636,1711.834872751635,3.1817890909090965,False,2
1018,132.366,-3506.827997046633,11275.79040712932,269.0,1712.8722222222204,0.0,False,2
1019,132.526,-3372.1172639031033,11335.739786882543,266.0,1724.6944444444425,0.0,False,2
1020,132.806,-3200.553353242392,11415.644302082594,266.0,1745.3833333333314,0.0,False,2
1021,133.052,-3068.0,11481.0,244.4750112,1761.660823324949,0.0,False,2
1022,133.206,-2985.0188785704177,11523.76485129457,231.0,1771.0499999999965,0.0,True,2
1023,133.252,-2957.0,11539.0,224.3875184,1773.7646147567648,0.0,True,2
1024,133.366,-2877.8397910114377,11583.876100090454,208.0,1780.294444444442,0.0,True,2
1025,133.572,-2739.0,11666.0,194.7571510857143,1791.2879304101907,0.0,True,2
1026,133.646,-2708.7536250874014,11684.332168198256,190.0,1795.0722222222184,0.0,True,2
1027,133.886,-2656.450812465707,11718.975910721305,178.0,1806.9388888888852,0.0,True,2
1028,133.892,-2655.0,11720.0,177.7375056,1807.227847468078,0.0,True,2
1029,134.046,-2611.485654330525,11751.328199957503,171.0,1814.5388888888847,0.0,True,2
1030,134.272,-2499.0,11809.0,168.1749984,1825.0768120005732,3.531252,True,2
1031,134.366,-2425.7308648847625,11833.539413150009,167.0,1829.3833333333305,5.0,False,2
1032,134.392,-2408.0,11839.0,166.45833066666665,1830.5654166528284,10.8500288,False,2
1033,134.606,-2340.4287910926605,11852.692248069843,162.0,1840.1833333333298,59.0,False,2
1034,134.712,-2313.0,11851.0,161.3374992,1844.9265726370577,59.0,False,2
1035,134.766,-2292.920599856896,11850.013867998105,161.0,1847.3388888888849,59.0,False,2
1036,134.952,-2205.0,11843.0,161.0,1855.637833077668,71.40000853333333,False,2
1037,135.006,-2180.704051509218,11838.3603978617,161.0,1858.0722222222184,75.0,False,2
1038,135.173,-2109.0,11816.0,164.34000128,1865.7164099019774,82.09750272,False,2
1039,135.353,-2030.0,11780.0,167.94000128,1874.246599104299,89.74750272,False,2
1040,135.406,-2009.0414659439414,11768.295859712758,169.0,1876.8499999999967,92.0,False,2
1041,135.533,-1953.0,11732.0,175.3500032,1883.260787660507,95.62857325714286,False,2
1042,135.686,-1837.4149406370148,11650.780892444249,183.0,1891.0833333333303,100.0,False,2
1043,135.886,-1671.283051041186,11533.86996562879,183.0,1901.2499999999964,100.0,False,2
1044,135.893,-1667.0,11531.0,183.66500608,1901.6235499710983,100.0,False,2
1045,136.086,-1591.2574955363598,11485.63463808079,202.0,1912.47222222222,100.0,False,2
1046,136.246,-1551.301131233034,11473.783763814721,210.0,1921.805555555553,100.0,False,2
1047,136.293,-1534.0,11469.0,210.0,1924.5412280633573,100.0,False,2
1048,136.446,-1460.1038812534393,11449.284756613566,210.0,1933.472222222219,100.0,False,2
1049,136.726,-1255.242361875396,11396.793660182237,220.0,1950.5833333333303,100.0,False,2
1050,137.086,-992.4671467971876,11333.833973943281,231.0,1973.6833333333316,100.0,False,2
1051,137.153,-956.0,11326.0,228.4874976,1977.8962078465147,100.0,False,2
1052,137.246,-911.8508474461286,11317.145879282501,225.0,1983.6833333333316,100.0,False,2
1053,137.493,-802.0,11297.0,225.0,1999.048602113554,100.0,False,2
1054,137.526,-782.8327371392676,11293.215477260641,225.0,2001.1833333333316,100.0,False,2
1055,137.693,-673.0,11270.0,235.9593792,2012.4269727596502,100.0,False,2
1056,137.846,-572.408922376476,11244.83702499377,246.0,2023.0499999999975,100.0,False,2
1057,137.933,-515.0,11229.0,248.1750016,2029.1005045322481,100.0,False,2
1058,138.046,-439.3577485682826,11206.784908364005,251.0,2036.994444444441,100.0,False,2
1059,138.093,-408.0,11197.0,251.70500096,2040.2995895957838,100.0,False,2
1060,138.246,-307.16484086404085,11162.712969220318,254.0,2051.105555555553,100.0,False,2
1061,138.293,-276.0,11151.0,254.0,2054.415990254698,100.0,False,2
1062,138.406,-200.09003261159975,11120.101138540334,254.0,2062.3944444444414,100.0,False,2
1063,138.646,-45.439443824241984,11047.755011053941,260.0,2079.7277777777736,100.0,False,2
1064,138.652,-42.0,11046.0,260.06666524444444,2080.1644212006313,100.0,False,2
1065,138.832,69.0,10980.0,262.0666680888889,2093.304300121312,100.0,False,2
1066,139.006,251.69364632076795,10842.121141587215,264.0,2106.127777777774,100.0,False,2
1067,139.012,257.0,10838.0,264.0999978666667,2106.5728457706136,100.0,False,2
1068,139.366,375.66722479956604,10729.312910961835,270.0,2133.127777777775,100.0,False,2
1069,139.472,426.0,10666.0,270.26500032,2141.1539593381103,100.0,False,2
1070,139.652,559.0,10502.0,270.71499968,2154.7884805127705,100.0,False,2
1071,139.766,607.8043300273335,10437.975103530322,271.0,2163.2388888888845,100.0,False,2
1072,139.952,646.0,10377.0,265.7687464,2176.656631983049,100.0,False,2
1073,140.086,687.7902896129459,10310.428743779452,262.0,2186.5277777777746,100.0,False,2
1074,140.286,773.0710539385437,10156.074859604543,279.0,2202.0277777777737,100.0,False,2
1075,140.292,776.0,10150.0,279.0374992,2202.4965233771527,100.0,False,2
1076,140.512,881.0,9913.0,280.4125008,2219.669516220504,100.0,False,2
1077,140.606,900.0644250135522,9866.83140009509,281.0,2227.005555555551,100.0,False,2
1078,140.752,914.0,9824.0,281.60833386666667,2238.4061785547583,100.0,False,2
1079,140.846,934.007432081245,9762.123593577633,282.0,2245.805555555552,100.0,False,2
1080,140.972,967.0,9657.0,285.937496,2255.8397844809806,100.0,False,2
1081,141.006,975.0679911017999,9629.768077311486,287.0,2258.5611111111075,100.0,False,2
1082,141.232,1021.0,9457.0,288.54090996363635,2276.746005738866,100.0,False,2
1083,141.412,1053.0,9316.0,289.76818094545456,2291.26777903076,100.0,False,2
1084,141.446,1058.7557007749588,9289.156150501189,290.0,2294.005555555552,100.0,False,2
1085,141.652,1092.0,9126.0,290.0,2310.585977791011,100.0,False,2
1086,141.686,1097.2650599210162,9099.035622499085,290.0,2313.338888888886,100.0,False,2
1087,141.853,1122.0,8966.0,293.3233854164013,2326.9621984336973,100.0,False,2
1088,141.887,1126.705101235303,8938.601728325699,294.0,2329.753888888885,100.0,False,2
1089,142.033,1145.0,8820.0,295.8307222408582,2341.8060452544087,100.0,False,2
1090,142.206,1160.2928532329693,8679.112294564771,298.0,2356.1599999999953,100.0,False,2
1091,142.233,1162.0,8657.0,298.1687504,2358.40034387172,100.0,False,2
1092,142.366,1167.6751104506461,8547.386553013803,299.0,2369.4488888888864,100.0,False,2
1093,142.493,1169.0,8441.0,300.1906256,2380.059027265921,100.0,False,2
1094,142.686,1164.0055963107295,8276.538722212374,302.0,2396.2933333333303,100.0,False,2
1095,142.733,1162.0,8238.0,302.4406256,2400.2639705782967,100.0,False,2
1096,142.953,1149.0,8052.0,304.5031256,2418.9141298457307,100.0,False,2
1097,143.006,1144.3980463483203,7992.415916973166,305.0,2423.4044444444407,100.0,False,2
1098,143.213,1125.0,7748.0,305.0,2440.9211773139414,100.0,False,2
1099,143.286,1120.9913619171882,7699.858492433869,305.0,2447.1266666666634,100.0,False,2
1100,143.453,1113.0,7629.0,307.0875008,2461.411708208956,100.0,False,2
1101,143.526,1106.0795423221928,7579.606378721669,308.0,2467.659999999997,100.0,False,2
1102,143.733,1074.0,7397.0,307.4249998222222,2485.32088077133,100.0,False,2
1103,143.886,1038.7044833510192,7271.086188365908,307.0,2498.359999999996,100.0,False,2
1104,143.973,1015.0,7201.0,307.0,2505.7806703372953,100.0,False,2
1105,144.086,980.8546191522483,7108.869490570227,307.0,2515.4155555555526,100.0,False,2
1106,144.173,954.0,7038.0,307.0,2522.821140641676,100.0,False,2
1107,144.286,920.4943956941299,6946.9823012346405,307.0,2532.4711111111073,100.0,False,2
1108,144.393,890.0,6861.0,308.23461612307693,2541.702890694046,100.0,False,2
1109,144.513,857.0,6764.0,309.6192315076923,2552.1661531886193,100.0,False,2
1110,144.773,788.0,6553.0,312.6192315076923,2575.235059449822,100.0,False,2
1111,144.973,733.0,6387.0,314.9269238153846,2593.1980212086182,100.0,False,2
1112,145.232,660.0,6171.0,317.9153860923077,2616.293313332565,100.0,False,2
1113,145.326,611.0871031286198,6047.236356585798,319.0,2624.6266666666625,100.0,False,2
1114,145.432,554.0,5909.0,318.5583328,2633.9927566276065,100.0,False,2
1115,145.566,506.57219311632076,5801.346221696492,318.0,2645.826666666663,100.0,False,2
1116,145.726,476.1809045161659,5743.322216144857,319.0,2660.004444444441,100.0,False,2
1117,145.832,449.0,5684.0,318.6687496,2669.374464592466,100.0,False,2
1118,146.012,389.0,5538.0,318.1062504,2685.262515773774,100.0,False,2
1119,146.046,378.5601682774669,5509.412803384128,318.0,2688.2711111111075,100.0,False,2
1120,146.246,328.3365610284773,5343.58848870202,319.0,2705.993333333331,100.0,False,2
1121,146.292,319.0,5304.0,318.54000128,2710.054202005892,100.0,False,2
1122,146.446,292.8918461955522,5168.9818248748525,317.0,2723.6044444444415,100.0,False,2
1123,146.452,292.0,5164.0,316.98500032,2724.1318569309524,100.0,False,2
1124,146.612,272.0,5024.0,316.58500032,2738.1876957009517,100.0,False,2
1125,146.846,262.05059222690505,4659.21775243505,316.0,2758.715555555553,100.0,False,2
1126,146.892,262.0,4604.0,315.8954548363636,2762.7472100352006,100.0,False,2
1127,147.152,271.0,4451.0,315.30454516363636,2785.5098640573233,100.0,False,2
1128,147.286,282.47419372247845,4335.907629975355,315.0,2797.215555555553,100.0,False,2
1129,147.372,290.0,4258.0,314.4625008,2804.717350947849,100.0,False,2
1130,147.446,295.52774127908896,4198.431141206494,314.0,2811.171111111107,100.0,False,2
1131,147.606,308.2037243581682,4078.4772443193465,314.0,2825.1266666666615,100.0,False,2
1132,147.692,325.0,3981.0,313.57000064,2832.6076875295275,100.0,False,2
1133,147.806,360.67361347953994,3805.777213336273,313.0,2842.515555555552,100.0,False,2
1134,147.892,385.0,3693.0,313.0,2850.0005923255576,100.0,False,2
1135,148.046,402.0238253152422,3622.0811056868224,313.0,2863.382222222217,100.0,False,2
1136,148.152,412.0,3592.0,311.6749984,2872.5261311795857,100.0,False,2
1137,148.286,438.385440147453,3506.6639510192035,310.0,2884.048888888885,100.0,False,2
1138,148.453,493.0,3346.0,310.0,2898.4360600219843,100.0,False,2
1139,148.567,544.2856882832021,3216.80773999201,310.0,2908.246111111108,100.0,False,2
1140,148.713,611.0,3060.0,309.0874992,2920.777729362837,100.0,False,2
1141,148.727,616.3362391771977,3047.751013005219,309.0,2921.9794444444415,100.0,False,2
1142,148.966,680.5874032046648,2909.62011992733,309.0,2942.493611111109,100.0,False,2
1143,149.113,723.0,2827.0,308.0812496,2955.0459724962548,100.0,False,2
1144,149.286,791.1006538023639,2697.319958014519,307.0,2969.7824999999975,100.0,False,2
1145,149.293,794.0,2692.0,307.0,2970.3791021149154,100.0,False,2
1146,149.433,853.0,2588.0,307.0,2982.3164485699526,100.0,False,2
1147,149.566,913.3251149858838,2488.690248626865,307.0,2993.6602777777753,100.0,False,2
1148,149.726,986.0087575637505,2376.4424923954552,307.0,3007.3047222222194,100.0,False,2
1149,149.733,989.0,2372.0,307.0,3007.901651394064,100.0,False,2
1150,149.926,1076.2948206610024,2252.316751959327,307.0,3024.360277777774,100.0,False,2
1151,149.973,1112.0,2209.0,307.0,3028.3690300617527,100.0,False,2
1152,150.086,1230.391108981833,2071.255954364825,307.0,3038.00472222222,100.0,False,2
1153,150.153,1291.0,2002.0,307.0,3043.7121945535364,100.0,False,2
1154,150.246,1336.4381896085667,1951.0776398912935,307.0,3051.6491666666643,100.0,False,2
1155,150.433,1374.0,1916.0,307.0,3067.6219738018553,100.0,False,2
1156,150.446,1380.12848336525,1910.0066843767556,307.0,3068.704722222219,100.0,True,2
1157,150.673,1545.0,1747.0,289.9749952,3086.8399360242565,18.928548571428568,True,2
1158,150.726,1582.444673156642,1710.9083207125645,286.0,3090.9491666666636,0.0,True,2
1159,150.913,1711.0,1592.0,276.6499968,3105.282329953692,0.0,True,2
1160,150.926,1721.3555718380994,1582.7050115568409,276.0,3106.2824999999957,0.0,True,2
1161,151.086,1865.9110247669914,1455.3380461394988,276.0,3118.549166666664,0.0,True,2
1162,151.193,1954.0,1379.0,268.2722176,3126.292247251262,0.0,True,2
1163,151.446,2082.9652854331084,1270.649056396369,250.0,3143.549166666662,0.0,True,2
1164,151.613,2154.0,1214.0,246.8687488,3155.0767217330267,0.0,True,2
1165,151.766,2233.3502182237744,1151.6052561936824,244.0,3165.23805555555,0.0,True,2
1166,151.952,2327.0,1079.0,223.4071286857143,3176.4461705853173,0.0,True,2
1167,152.046,2362.6855264146257,1051.9418181459316,213.0,3181.8047222222176,0.0,True,2
1168,152.352,2456.0,986.0,199.09090327272727,3198.3762939565167,0.0,True,2
1169,152.486,2513.278718406135,947.938100732329,193.0,3205.393611111107,0.0,True,2
1170,152.572,2553.0,923.0,190.8500032,3209.856328740927,0.0,True,2
1171,152.732,2627.0,881.0,186.8500032,3218.0741960174964,0.0,True,2
1172,152.806,2659.80104727967,864.4639529911813,185.0,3221.8380555555523,0.0,False,2
1173,152.912,2706.0,844.0,183.10714057142857,3227.1889603821055,0.0,False,2
1174,153.086,2784.031010341016,817.9955483037755,180.0,3235.8380555555523,0.0,False,2
1175,153.112,2796.0,815.0,179.187496,3237.11148420921,0.0,False,2
1176,153.246,2859.0554515612894,803.3775416180887,175.0,3243.6158333333296,0.0,False,2
1177,153.332,2900.0,799.0,174.6928576,3247.7753257515305,13.821408000000002,False,2
1178,153.526,2994.800166655413,797.3595641395041,174.0,3257.1491666666625,45.0,False,2
1179,153.552,3009.0,798.0,174.10833386666667,3258.407206138754,45.43333546666667,False,2
1180,153.766,3142.914619319259,810.4123125629445,175.0,3268.8158333333286,49.0,False,2
1181,153.852,3199.0,817.0,176.2285696,3273.0628563391274,54.8357056,False,2
1182,154.046,3322.1500221153283,832.6543495397304,179.0,3282.73805555555,68.0,False,2
1183,154.252,3428.0,847.0,179.8583328,3293.006818024045,74.437496,False,2
1184,154.526,3502.2791312850254,857.0058354852815,181.0,3306.871388888885,83.0,False,2
1185,154.672,3570.0,862.0,186.11000448,3314.4827149997036,72.0499904,False,2
1186,154.726,3606.822049707589,864.2366983905079,188.0,3317.3158333333286,68.0,False,2
1187,154.873,3716.0,870.0,188.4072024655428,3325.0445801753813,56.19112849925824,False,2
1188,155.087,3797.5402353680815,871.1396927794258,189.0,3336.268333333328,39.0,False,2
1189,155.153,3821.0,870.0,188.29285577142858,3339.7009413270007,38.29285577142857,False,2
1190,155.367,3924.1617369219475,862.0613990402992,186.0,3350.734999999995,36.0,False,2
1191,155.553,4021.0,846.0,184.13065258109665,3360.2381607168845,54.693474189033424,False,2
1192,155.566,4027.205360034443,844.4394088791153,184.0,3360.9061111111077,56.0,False,2
1193,155.593,4040.0,841.0,184.27000064,3362.2961689884487,57.21500288,False,2
1194,155.793,4135.0,809.0,186.27000064,3372.7075717434873,66.21500288,False,2
1195,155.966,4193.403894734134,784.0533962619775,188.0,3381.7949999999964,74.0,False,2
1196,156.173,4273.0,733.0,189.72500053333334,3392.710339531204,96.42500693333334,False,2
1197,156.206,4291.931964836659,719.4875837833092,190.0,3394.4616666666625,100.0,False,2
1198,156.353,4388.0,648.0,192.62500114285714,3402.3118642034424,100.0,False,2
1199,156.486,4465.103475277253,586.5752561044887,195.0,3409.6283333333286,100.0,False,2
1200,156.686,4556.862150973094,507.8797727070404,208.0,3421.183888888885,100.0,False,2
1201,156.733,4574.0,493.0,209.0281264,3423.9461757082354,100.0,False,2
1202,157.006,4642.720372815307,432.5488835459907,215.0,3440.2949999999964,100.0,False,2
1203,157.193,4728.0,360.0,220.10000174545453,3451.9342992179318,100.0,False,2
1204,157.413,4900.0,216.0,226.10000174545453,3465.935333739768,100.0,False,2
1205,157.446,4922.647766427096,197.1389916420097,227.0,3468.039444444441,100.0,False,2
1206,157.793,5078.0,69.0,230.85555626666667,3490.2940140036626,100.0,False,2
1207,157.806,5082.194224014051,65.55285281900706,231.0,3491.1394444444413,100.0,False,2
1208,158.113,5179.0,-15.0,237.14000128,3511.4250430907177,100.0,False,2
1209,158.206,5225.06459489466,-54.2576910474501,239.0,3517.694999999996,100.0,False,2
1210,158.273,5261.0,-85.0,240.95416853333333,3522.2486327222596,100.0,False,2
1211,158.446,5353.597697091324,-164.45768426014484,246.0,3534.0949999999975,100.0,False,2
1212,158.592,5427.0,-227.0,246.9125008,3544.1065848112066,100.0,False,2
1213,158.606,5433.622492704873,-232.58915677489796,247.0,3545.0727777777756,100.0,False,2
1214,158.812,5543.0,-325.0,250.08999808,3559.4667853261653,100.0,False,2
1215,158.992,5702.0,-463.0,252.79000192,3572.1931022634126,100.0,False,2
1216,159.006,5711.4839784052865,-471.2897209199366,253.0,3573.183888888887,100.0,False,2
1217,159.246,5785.680123527736,-538.3204015890509,256.0,3590.2505555555545,100.0,False,2
1218,159.312,5807.0,-559.0,257.6500032,3595.018521656648,100.0,False,2
1219,159.486,5895.017694653129,-644.9898221526196,262.0,3607.71722222222,100.0,False,2
1220,159.572,5941.0,-691.0,262.5374992,3614.0077549901125,100.0,False,2
1221,159.806,6049.709324369066,-808.2089517978053,264.0,3631.1838888888888,100.0,False,2
1222,159.872,6087.0,-854.0,264.70714422857145,3636.058912746794,100.0,False,2
1223,160.086,6226.972132286774,-1038.8522496962876,267.0,3651.950555555555,100.0,False,2
1224,160.092,6230.0,-1043.0,267.0749984,3652.3974736205455,100.0,False,2
1225,160.246,6279.779463465143,-1114.51408468165,269.0,3663.9061111111114,100.0,False,2
1226,160.392,6313.0,-1168.0,271.7375024,3674.9338601977943,100.0,False,2
1227,160.406,6317.205847744732,-1174.7208881422805,272.0,3675.995000000001,100.0,False,2
1228,160.612,6400.0,-1312.0,274.20714148571426,3691.675388556463,100.0,False,2
1229,160.686,6439.559234069863,-1384.922238250539,275.0,3697.3838888888895,100.0,False,2
1230,160.872,6542.0,-1585.0,280.4250037333333,3711.9459421645734,100.0,False,2
1231,160.926,6563.61398045778,-1628.781849883079,282.0,3716.1838888888888,100.0,False,2
1232,161.086,6603.327567432477,-1714.6981842465457,282.0,3728.7172222222234,100.0,False,2
1233,161.286,6631.857869058057,-1790.6556601424154,283.0,3744.4394444444442,100.0,False,2
1234,161.352,6646.0,-1828.0,283.0,3749.607659177009,100.0,False,2
1235,161.553,6701.0,-1973.0,283.0,3765.408371329062,100.0,False,2
1236,161.567,6704.9493578215925,-1983.538669548478,283.0,3766.529166666667,100.0,False,2
1237,161.713,6745.0,-2092.0,288.27222684444445,3778.404047542619,100.0,False,2
1238,161.893,6794.0,-2230.0,294.77222684444445,3793.3183184401278,100.0,False,2
1239,161.927,6805.741850079996,-2263.626332220503,296.0,3796.1291666666657,100.0,False,2
1240,162.087,6872.151684120711,-2455.2414649915668,297.0,3809.3291666666646,100.0,False,2
1241,162.173,6902.0,-2542.0,297.3082441156716,3816.4214944700634,100.0,False,2
1242,162.366,6938.365973219828,-2649.769246420479,298.0,3832.4241666666658,100.0,False,2
1243,162.526,6963.481693349685,-2727.794831327223,303.0,3845.890833333333,100.0,False,2
1244,162.553,6970.0,-2748.0,303.0,3848.1646183229623,100.0,False,2
1245,162.686,7011.718159675309,-2877.193164692371,303.0,3859.3575,100.0,False,2
1246,162.833,7063.0,-3036.0,303.5250002285714,3871.7560290793663,100.0,False,2
1247,162.966,7100.757022763039,-3153.099086533991,304.0,3883.0019444444442,100.0,False,2
1248,163.166,7145.979531046867,-3293.186437144119,302.0,3899.7797222222216,100.0,False,2
1249,163.213,7156.0,-3324.0,297.06499328,3903.56258788195,76.499968,False,2
1250,163.366,7187.409216245122,-3419.906166357636,281.0,3915.3908333333347,0.0,True,2
1251,163.526,7219.700277520584,-3518.532467733389,263.0,3927.0797222222227,0.0,True,2
1252,163.593,7234.0,-3563.0,256.96999424,3931.718201121428,0.0,True,2
1253,163.693,7256.0,-3632.0,247.96999424,3938.451316324137,0.0,True,2
1254,163.726,7263.134720490206,-3654.207852924715,245.0,3940.690833333332,0.0,True,2
1255,163.886,7296.159127744374,-3755.981660448309,245.0,3951.579722222221,0.0,True,2
1256,163.953,7309.0,-3797.0,238.96999424,3955.9302284900186,0.0,True,2
1257,164.086,7332.616143225739,-3876.5350779129503,227.0,3964.190833333332,0.0,True,2
1258,164.173,7347.0,-3926.0,220.4749952,3969.4394415655497,0.0,True,2
1259,164.286,7364.670548007125,-3986.186227057176,212.0,3975.9686111111096,0.0,True,2
1260,164.433,7388.0,-4073.0,198.6781192,3983.735640666786,0.0,True,2
1261,164.606,7417.927155183214,-4205.964256744173,183.0,3992.235277777776,0.0,True,2
1262,164.613,7419.0,-4211.0,182.62082986666667,3992.5754747627507,0.0,True,2
1263,164.846,7444.918498842261,-4343.594774020929,170.0,4003.56861111111,0.0,True,2
1264,165.092,7461.0,-4439.0,153.8562584,4013.759499402913,0.0,True,2
1265,165.166,7465.548895732581,-4464.921150330206,149.0,4016.8130555555545,0.0,True,2
1266,165.366,7477.18001500358,-4528.56425164971,149.0,4025.0908333333336,0.0,True,2
1267,165.526,7485.787853778345,-4572.737075708926,124.0,4030.6019444444446,0.0,True,2
1268,165.726,7495.142886365596,-4621.633263156402,112.0,4036.824166666667,0.0,True,2
1269,166.006,7502.231223494825,-4691.668242804729,101.0,4044.679722222223,0.0,True,2
1270,166.112,7503.0,-4719.0,101.0,4047.6527338487685,0.0,True,2
1271,166.166,7502.987331305402,-4733.096509265307,101.0,4049.168611111112,0.0,True,2
1272,166.326,7501.133505289851,-4775.405209684585,101.0,4053.657500000001,0.0,True,2
1273,166.332,7501.0,-4777.0,101.0,4053.828028626409,0.0,True,2
1274,166.606,7489.828565540485,-4848.437765340328,101.0,4061.513055555557,0.0,False,2
1275,166.652,7487.0,-4859.0,96.4000128,4062.643379933699,5.7499839999999995,False,2
1276,166.766,7478.799507342431,-4882.718519032584,85.0,4065.2908333333344,20.0,False,2
1277,166.832,7473.0,-4896.0,85.0,4066.844652711967,20.0,False,2
1278,166.966,7458.4337921655015,-4923.702357437238,85.0,4070.013055555557,20.0,False,2
1279,167.072,7445.0,-4944.0,83.6749984,4072.442406598897,28.3916768,False,2
1280,167.206,7426.368802528994,-4965.210562441306,82.0,4075.4797222222223,39.0,False,2
1281,167.432,7388.0,-4995.0,84.42142994285715,4080.763567274884,47.071433142857146,False,2
1282,167.486,7376.805553934521,-5002.4037369931475,85.0,4082.0908333333336,49.0,False,2
1283,167.552,7363.0,-5011.0,87.20000426666667,4083.7563142863346,49.0,False,2
1284,167.726,7331.993826718613,-5027.21338262603,93.0,4088.2908333333344,49.0,False,2
1285,167.892,7285.0,-5045.0,94.5562488,4092.6110462900997,57.2999936,False,2
1286,168.046,7212.413970722339,-5070.4223294832445,96.0,4096.824166666667,65.0,False,2
1287,168.073,7202.0,-5074.0,97.61194463265899,4097.60391930974,65.80597231632949,False,2
1288,168.247,7168.609518674032,-5084.9229110364595,108.0,4102.854166666668,71.0,False,2
1289,168.393,7148.0,-5091.0,112.562504,4107.416181053555,65.5249952,False,2
1290,168.407,7144.826999183871,-5091.97562722126,113.0,4107.87638888889,65.0,False,2
1291,168.613,7080.0,-5112.0,126.73334186666666,4115.200738284515,65.0,False,2
1292,168.647,7068.274084870074,-5115.484920554295,129.0,4116.476388888888,65.0,False,2
1293,168.793,7018.0,-5130.0,135.08333866666666,4122.1066671688095,86.29168533333333,False,2
1294,168.887,6987.250066962713,-5138.781816852896,139.0,4125.743055555555,100.0,False,2
1295,169.033,6929.0,-5155.0,139.0,4131.359712041369,100.0,False,2
1296,169.046,6922.120787183638,-5156.877026339104,139.0,4131.882222222221,100.0,False,2
1297,169.326,6745.983415028522,-5204.20032391131,159.0,4144.248888888887,100.0,False,2
1298,169.333,6743.0,-5205.0,159.3500032,4144.57405614,100.0,False,2
1299,169.606,6684.430047363877,-5220.303296389251,173.0,4157.704444444444,100.0,False,2
1300,169.673,6649.0,-5229.0,175.68000256,4161.087784165737,100.0,False,2
1301,169.873,6481.0,-5270.0,183.68000256,4171.564447852434,100.0,False,2
1302,170.006,6428.952841915973,-5282.200011547302,189.0,4178.704444444444,100.0,False,2
1303,170.173,6397.0,-5289.0,194.5666688,4187.8031219365985,100.0,False,2
1304,170.246,6368.197037329512,-5295.590172974325,197.0,4191.837777777777,100.0,False,2
1305,170.446,6252.542958263897,-5323.029410901058,203.0,4203.115555555554,100.0,False,2
1306,170.513,6213.0,-5333.0,205.04722417777776,4206.995013569302,100.0,False,2
1307,170.673,6122.0,-5357.0,209.93611306666668,4216.475917844704,100.0,False,2
1308,170.806,6044.726755311817,-5376.887358275627,214.0,4224.515555555556,100.0,False,2
1309,170.833,6029.0,-5381.0,214.843752,4226.1619166956225,100.0,False,2
1310,170.966,5951.752976776012,-5401.742196251473,219.0,4234.248888888889,100.0,True,2
1311,171.013,5924.0,-5409.0,216.86363345454546,4237.02603350635,89.31816727272728,True,2
1312,171.373,5695.0,-5466.0,200.4999970909091,4256.843817434767,7.49998545454546,True,2
1313,171.406,5671.893382787038,-5472.528105252113,199.0,4258.571111111112,0.0,True,2
1314,171.732,5446.0,-5538.0,181.88500672,4274.898389591943,0.0,True,2
1315,171.806,5407.6437545265635,-5545.285482338083,178.0,4278.34888888889,0.0,True,2
1316,171.952,5343.0,-5553.0,169.37271970909092,4284.837682777363,0.0,True,2
1317,172.132,5264.0,-5561.0,158.7363712,4292.326150646521,0.0,True,2
1318,172.246,5215.4238562553655,-5562.394870132429,152.0,4296.926666666668,0.0,True,2
1319,172.312,5188.0,-5562.0,149.85499584,4299.547522404204,0.0,True,2
1320,172.492,5116.0,-5557.0,144.00500416,4306.538589366675,0.0,True,2
1321,172.646,5057.778177728578,-5546.961635365913,139.0,4312.3711111111115,0.0,False,2
1322,172.692,5041.0,-5543.0,137.562504,4314.089403594924,10.062472,False,2
1323,172.806,5000.6368821948145,-5531.38822523471,134.0,4318.326666666668,35.0,False,2
1324,172.912,4964.0,-5518.0,134.75714377142856,4322.297176456981,41.81429394285714,False,2
1325,173.086,4904.463535591158,-5490.067323723003,136.0,4328.904444444446,53.0,False,2
1326,173.192,4869.0,-5470.0,137.7666688,4332.998548471654,53.0,False,2
1327,173.326,4825.3749985994355,-5441.764722647122,140.0,4338.237777777778,53.0,False,2
1328,173.492,4773.0,-5403.0,141.65999872,4344.804600530029,55.90499776,False,2
1329,173.672,4718.0,-5357.0,143.46000128,4352.038210857112,59.05500224,False,2
1330,173.726,4701.870737138841,-5342.171545633705,144.0,4354.237777777778,60.0,False,2
1331,173.812,4677.0,-5318.0,145.67221973333332,4357.769168697425,64.77777066666667,False,2
1332,174.012,4621.0,-5256.0,149.56110862222224,4366.145978219221,75.88888177777778,False,2
1333,174.086,4594.203166833273,-5222.629796321342,151.0,4369.337777777779,80.0,False,2
1334,174.292,4514.0,-5117.0,156.61817832727272,4378.51020365128,89.36363054545454,False,2
1335,174.526,4467.599982846047,-5050.047335286386,163.0,4389.26,100.0,False,2
1336,174.687,4443.798914296661,-5010.1316663232865,167.0,4396.728611111112,100.0,False,2
1337,174.713,4439.0,-5002.0,167.0,4397.937344113059,100.0,False,2
1338,174.933,4388.0,-4913.0,167.0,4408.153573132289,100.0,False,2
1339,174.967,4378.555127320349,-4895.451330533511,167.0,4409.717500000001,100.0,False,2
1340,175.153,4325.0,-4792.0,167.0,4418.251879099309,100.0,False,2
1341,175.207,4312.146101554708,-4766.735004832068,167.0,4420.850833333334,100.0,False,2
1342,175.447,4270.7168231922615,-4683.371638676659,186.0,4433.2508333333335,100.0,False,2
1343,175.573,4247.0,-4635.0,187.05292567301603,4439.9015657996915,100.0,False,2
1344,175.806,4189.632958525232,-4517.966343257771,189.0,4452.098333333333,100.0,True,2
1345,175.966,4137.5518175738935,-4408.456974956285,182.0,4460.187222222223,53.0,True,2
1346,175.973,4135.0,-4403.0,181.78610915555555,4460.532549512574,51.96943502222222,True,2
1347,176.153,4069.0,-4260.0,176.28610915555555,4469.13432703254,25.46943502222222,True,2
1348,176.326,4040.532873501154,-4196.280117539563,171.0,4477.287222222221,0.0,True,2
1349,176.533,4022.0,-4156.0,171.0,4487.256344915035,0.0,True,2
1350,176.606,4007.7298618407513,-4127.036455944351,171.0,4490.587222222221,0.0,True,2
1351,176.713,3984.0,-4080.0,162.3062448,4495.168687115842,0.0,True,2
1352,176.926,3943.0863843481434,-4006.5184979102323,145.0,4503.476111111109,0.0,True,2
1353,176.953,3936.0,-3995.0,143.6499968,4504.488199643663,0.0,True,2
1354,177.153,3872.0,-3895.0,133.6499968,4511.762325385886,0.0,True,2
1355,177.206,3859.6451883012137,-3875.6588038289656,131.0,4513.664999999999,0.0,True,2
1356,177.406,3838.3696726160824,-3841.145689251714,126.0,4520.664999999999,0.0,True,2
1357,177.553,3822.0,-3817.0,115.4343704,4525.1160753776185,0.0,True,2
1358,177.673,3801.0,-3788.0,106.8093704,4528.39577613342,0.0,True,2
1359,177.726,3791.253497486693,-3775.3474835782445,103.0,4529.820555555554,0.0,True,2
1360,177.873,3764.0,-3743.0,98.79999817142857,4533.699565771654,0.0,True,2
1361,178.006,3738.970277875012,-3717.3328425150844,95.0,4537.209444444443,0.0,True,2
1362,178.113,3719.0,-3699.0,95.0,4540.079374642228,0.0,True,2
1363,178.166,3709.2805064708346,-3690.636905459422,95.0,4541.4316666666655,0.0,True,2
1364,178.272,3689.0,-3675.0,89.0374928,4543.89356133187,0.0,True,2
1365,178.486,3639.104195053898,-3647.021677758382,77.0,4548.27611111111,0.0,True,2
1366,178.532,3629.0,-3643.0,76.4250016,4549.2223123625245,0.0,True,2
1367,178.712,3593.0,-3635.0,74.1749984,4552.927276553184,0.0,True,2
1368,178.726,3589.967113129433,-3634.619595404949,74.0,4553.209444444445,0.0,True,2
1369,179.006,3523.2638122086482,-3631.9143039539963,70.0,4558.65388888889,0.0,True,2
1370,179.012,3522.0,-3632.0,69.91428754285714,4558.767957377588,0.0,True,2
1371,179.232,3480.0,-3640.0,66.77142674285714,4562.856346626611,0.0,True,2
1372,179.286,3468.108946626938,-3643.5169164929284,66.0,4563.787222222223,0.0,False,2
1373,179.446,3429.415972262773,-3657.391279766273,64.0,4566.631666666668,13.0,False,2
1374,179.452,3428.0,-3658.0,65.0499776,4566.76843531297,12.61000832,False,2
1375,179.646,3384.678407395427,-3681.018672798474,99.0,4572.131666666668,0.0,True,2
1376,179.812,3351.0,-3704.0,84.70556657777777,4575.6510294176405,18.90554097777778,True,2
1377,180.006,3315.192589828406,-3732.804322436264,68.0,4578.931666666669,41.0,False,2
1378,180.326,3264.4935701668405,-3784.900978756296,68.0,4584.976111111113,41.0,False,2
1379,180.486,3243.048433653463,-3813.07349844187,68.0,4587.998333333335,0.0,True,2
1380,180.766,3211.20319747958,-3858.6285055596377,80.0,4594.220555555557,59.0,False,2
1381,181.006,3189.4089755967807,-3890.721175566029,96.0,4600.620555555557,69.0,False,2
1382,181.132,3180.0,-3905.0,96.0,4603.979076733849,69.89679644624546,False,2
1383,181.287,3170.3455330273573,-3920.1381431721384,96.0,4608.113888888891,71.0,False,2
1384,181.447,3159.9402688306827,-3937.3352360058307,96.0,4612.380555555557,45.0,False,2
1385,181.493,3156.0,-3944.0,92.5499904,4613.473077483104,49.27144045714286,False,2
1386,181.693,3135.0,-3980.0,77.5499904,4617.543049891357,67.84286902857143,False,2
1387,181.727,3131.361261370703,-3986.26034627941,75.0,4618.213888888891,71.0,True,2
1388,181.933,3110.0,-4023.0,75.0,4622.429593697414,71.0,True,2
1389,181.967,3106.538227669828,-4028.931695080436,75.0,4623.213888888891,71.0,False,2
1390,182.193,3082.0,-4070.0,90.40909963636363,4629.302532542481,71.0,False,2
1391,182.407,3049.9528274443414,-4119.0455430107595,105.0,4636.047222222225,71.0,True,2
1392,182.453,3042.0,-4130.0,108.13262448570622,4637.570357994886,71.0,True,2
1393,182.653,3003.0,-4178.0,121.75269304597722,4644.478772072442,71.0,True,2
1394,182.686,2995.6923889951254,-4186.322448377864,124.0,4645.657222222226,71.0,False,2
1395,182.886,2945.901914334093,-4238.243133789856,132.0,4652.990555555558,51.0,False,2
1396,182.893,2944.0,-4240.0,132.0875008,4653.250765351981,51.1750016,False,2
1397,183.073,2892.0,-4283.0,134.3375008,4659.994010894417,55.6750016,False,2
1398,183.126,2875.995915261405,-4294.913304853806,135.0,4661.990555555558,57.0,False,2
1399,183.233,2843.0,-4318.0,136.07000064,4666.03077410753,57.0,False,2
1400,183.326,2813.689792500668,-4337.100519179969,137.0,4669.601666666669,57.0,False,2
1401,183.433,2779.0,-4358.0,140.343752,4673.821780847424,18.8812272,False,2
1402,183.486,2761.322461535194,-4367.938511503687,142.0,4675.912777777779,0.0,False,2
1403,183.593,2725.0,-4387.0,140.9968744,4680.080018510202,11.3687568,False,2
1404,183.806,2649.771318193941,-4420.014674918902,139.0,4688.268333333335,34.0,False,2
1405,183.813,2647.0,-4421.0,139.0,4688.53870166532,34.0,False,2
1406,183.966,2580.0303482344398,-4441.039857352184,139.0,4694.446111111112,34.0,False,2
1407,184.153,2495.0,-4458.0,136.87499927272728,4701.481783065543,51.00000581818182,False,2
1408,184.406,2402.257282019776,-4460.679513114145,134.0,4710.82388888889,74.0,False,2
1409,184.553,2358.0,-4458.0,134.9187504,4716.324652214495,72.1624992,False,2
1410,184.566,2354.372549763073,-4457.769875170099,135.0,4716.82388888889,72.0,False,2
1411,184.792,2276.0,-4446.0,144.416672,4725.908291590333,72.9416672,False,2
1412,184.806,2267.3745952675386,-4443.8031589645,145.0,4726.490555555558,73.0,False,2
1413,185.012,2097.0,-4391.0,151.8666624,4735.239733758992,73.0,False,2
1414,185.046,2069.348273748238,-4380.290831997153,153.0,4736.690555555557,73.0,False,2
1415,185.246,1927.5832125244945,-4311.883514053723,153.0,4745.190555555557,73.0,False,2
1416,185.332,1883.0,-4287.0,153.0,4748.8370646557705,79.4499904,False,2
1417,185.406,1853.7113092530033,-4269.397717587844,153.0,4751.990555555556,85.0,False,2
1418,185.606,1810.4997337636805,-4235.5675674313115,157.0,4760.712777777779,83.0,False,2
1419,185.752,1763.0,-4192.0,163.25714834285714,4767.437832106298,91.86429348571428,False,2
1420,185.886,1692.9451137287379,-4128.653760121202,169.0,4773.857222222223,100.0,False,2
1421,185.992,1634.0,-4075.0,173.77000576,4779.073539988056,77.20997248,False,2
1422,186.086,1587.8384805408282,-4032.238640451794,178.0,4783.746111111113,57.0,False,2
1423,186.246,1522.7558822907934,-3970.413925250536,178.0,4791.657222222224,57.0,False,2
1424,186.352,1490.0,-3939.0,178.0,4796.760149418682,76.08002304,False,2
1425,186.446,1468.0288274490701,-3917.8318132798586,178.0,4801.546111111113,93.0,False,2
1426,186.652,1426.0,-3877.0,208.041648,4813.7000531006215,99.0083296,False,2
1427,186.686,1416.3124509443464,-3867.5830456541225,213.0,4815.746111111113,100.0,False,2
1428,186.846,1358.7598030036404,-3811.6434615902863,213.0,4825.2127777777805,100.0,False,2
1429,187.006,1279.9461592483576,-3734.6582413432125,213.0,4834.679444444448,100.0,False,2
1430,187.032,1265.0,-3720.0,215.16667733333333,4836.288843940141,100.0,False,2
1431,187.212,1150.0,-3607.0,230.166656,4847.985525911627,100.0,False,2
1432,187.246,1128.5160918096317,-3585.934857148696,233.0,4850.212777777782,100.0,False,2
1433,187.526,968.9830633571313,-3430.18259955663,236.0,4868.568333333338,100.0,False,2
1434,187.612,931.0,-3393.0,238.73325379220006,4874.436011431015,100.0,False,2
1435,188.033,794.0,-3258.0,252.11351058259328,4905.16637483221,100.0,False,2
1436,188.253,682.0,-3149.0,259.1055655740706,4921.709017074909,100.0,False,2
1437,188.407,605.0808369001796,-3072.805739082896,264.0,4933.175000000005,100.0,False,2
1438,188.433,589.0,-3057.0,264.2785728,4935.101574856471,100.0,False,2
1439,188.673,408.0,-2881.0,266.85000137142856,4952.888356272149,100.0,False,2
1440,188.687,399.99721527403113,-2873.216738653379,267.0,4953.941666666671,100.0,False,2
1441,188.967,302.5363305427015,-2777.5045503655174,276.0,4975.408333333338,100.0,False,2
1442,188.973,300.0,-2775.0,276.0753153940578,4975.871821836696,100.0,False,2
1443,189.206,172.0280609088528,-2648.9402235401153,279.0,4993.930833333336,100.0,False,2
1444,189.213,168.0,-2645.0,279.1312512,4994.476566318277,100.0,False,2
1445,189.366,82.13305148198619,-2561.4612410019395,282.0,5006.46416666667,100.0,False,2
1446,189.413,56.0,-2536.0,282.5875008,5010.17308605152,100.0,False,2
1447,189.686,-96.78307761124321,-2385.956466321958,286.0,5031.886388888892,100.0,False,2
1448,189.713,-112.0,-2371.0,286.0,5034.03463202792,100.0,False,2
1449,189.813,-168.0,-2316.0,286.0,5041.985596883171,100.0,False,2
1450,189.926,-227.0525967081522,-2257.9850923754234,286.0,5050.9530555555575,100.0,False,2
1451,190.053,-304.0,-2183.0,286.0,5061.022371218123,100.0,False,2
1452,190.086,-329.0424284874233,-2158.787802889041,286.0,5063.664166666671,100.0,False,2
1453,190.246,-473.507786506537,-2019.9035716698484,292.0,5076.641944444449,100.0,False,2
1454,190.333,-537.0,-1959.0,292.0,5083.6884245208075,100.0,False,2
1455,190.486,-598.0651246686432,-1900.5031055779757,292.0,5096.108611111114,100.0,False,2
1456,190.686,-657.9958190183752,-1843.8286270046463,298.0,5112.664166666671,100.0,False,2
1457,190.753,-717.0,-1788.0,299.2562512,5118.261734302483,100.0,False,2
1458,190.846,-832.1128561498928,-1679.049583644575,301.0,5126.041944444449,100.0,False,2
1459,190.893,-886.0,-1628.0,301.0,5129.964278482483,100.0,False,2
1460,191.166,-1000.2919405862431,-1518.727415319464,301.0,5152.797500000004,100.0,False,2
1461,191.293,-1044.0,-1477.0,306.5562528,5163.652394764587,100.0,False,3
1462,191.326,-1061.4265817678966,-1460.4707963783576,308.0,5166.486388888892,100.0,False,3
1463,191.472,-1156.0,-1371.0,309.21666773333334,5179.053501959435,100.0,False,3
1464,191.566,-1210.6521498754723,-1319.3179254068164,310.0,5187.15305555556,100.0,False,3
1465,191.752,-1330.0,-1206.0,310.0,5203.171598756811,100.0,False,3
1466,191.926,-1504.9075207296814,-1038.9842547059636,310.0,5218.153055555558,100.0,False,3
1467,191.952,-1529.0,-1016.0,310.0,5220.391870371219,100.0,False,3
1468,192.086,-1630.3951955959083,-919.5137831466709,310.0,5231.930833333337,100.0,False,3
1469,192.286,-1723.293368565778,-831.8020581787431,310.0,5249.153055555558,100.0,False,3
1470,192.412,-1779.0,-779.0,310.0,5260.003041652337,100.0,False,3
1471,192.486,-1813.1215397954786,-746.5232556203532,310.0,5266.375277777779,100.0,False,3
1472,192.712,-1929.0,-636.0,310.0,5285.836400758371,103.22857325714286,False,3
1473,192.766,-1961.3189841072474,-605.2717136153137,310.0,5290.48638888889,104.0,True,3
1474,192.972,-2091.0,-482.0,310.0,5308.225264696759,104.0,True,3
1475,193.006,-2110.320488804032,-463.5443012091631,310.0,5311.153055555558,104.0,True,3
1476,193.152,-2203.0,-375.0,310.0,5323.725306996255,104.0,True,3
1477,193.246,-2301.960830822868,-281.08641254395343,310.0,5331.819722222226,104.0,True,3
1478,193.352,-2415.0,-174.0,310.0,5340.94743638259,104.0,True,3
1479,193.566,-2504.244335772979,-89.45192367203225,310.0,5359.375277777781,104.0,True,3
1480,193.766,-2585.1547573038833,-12.60188083854268,310.0,5376.597500000002,100.0,True,3
1481,193.772,-2590.0,-8.0,310.0,5377.114067914146,98.12504,True,3
1482,194.072,-2943.0,327.0,310.0,5402.946136160848,4.374959999999992,True,3
1483,194.086,-2957.8330724470925,341.036111972025,310.0,5404.153055555558,0.0,True,3
1484,194.286,-3122.4832119736147,496.1724440533023,310.0,5421.375277777779,0.0,True,3
1485,194.493,-3207.0,575.0,310.0,5439.039833971299,0.0,True,3
1486,194.567,-3217.5994458767073,584.6973418631,310.0,5445.572500000002,0.0,True,3
1487,194.767,-3226.242730332172,592.6750852587859,310.0,5462.794722222223,0.0,True,3
1488,194.813,-3241.0,607.0,281.24992,5465.692325375463,0.0,True,3
1489,194.967,-3328.9510492553945,692.5406161218325,185.0,5473.072500000002,0.0,True,3
1490,195.013,-3353.0,716.0,185.0,5475.359175744685,0.0,True,3
1491,195.207,-3404.306187822133,766.6629749536052,185.0,5485.405833333334,0.0,True,3
1492,195.367,-3424.7309117614404,791.209112966755,164.0,5492.6947222222225,0.0,True,3
1493,195.413,-3436.0,805.0,161.95554986666667,5494.673255615944,0.0,True,3
1494,195.713,-3543.0,938.0,148.62221653333333,5506.9192849640185,0.0,True,3
1495,195.727,-3546.668343991276,942.7435935062002,148.0,5507.494722222224,0.0,True,3
1496,195.887,-3572.903500605443,979.0719912199952,148.0,5514.072500000002,0.0,True,3
1497,196.013,-3585.0,1003.0,141.66833731269554,5518.929030768195,0.0,True,3
1498,196.086,-3591.8834512009457,1020.2088484305451,138.0,5521.700833333336,0.0,True,3
1499,196.406,-3620.9769030723037,1124.609699518745,138.0,5533.9675000000025,0.0,False,3
1500,196.766,-3649.310534705645,1287.525881858418,128.0,5546.767500000002,31.0,False,3
1501,196.966,-3656.283725008267,1366.6712063056711,125.0,5553.711944444447,31.0,False,3
1502,197.193,-3655.0,1439.0,126.4187504,5561.7233512493585,45.187504,False,3
1503,197.286,-3651.6499292969115,1463.2591129476868,127.0,5565.000833333335,51.0,False,3
1504,197.446,-3642.7322744580515,1502.5174971838244,127.0,5570.6452777777795,61.0,False,3
1505,197.473,-3641.0,1510.0,127.90000213333333,5571.625929265969,62.23750293333333,False,3
1506,197.686,-3624.5537174178958,1581.1521192106263,135.0,5579.6452777777795,72.0,False,3
1507,197.753,-3617.0,1612.0,136.6750016,5582.19963739048,72.0,False,3
1508,197.846,-3604.001751076137,1663.3807957081558,139.0,5585.8230555555565,72.0,False,3
1509,197.992,-3583.0,1745.0,146.82143542857142,5591.899236902431,77.21429028571428,False,3
1510,198.126,-3571.067591739808,1792.122618554475,154.0,5597.800833333335,82.0,False,3
1511,198.352,-3561.0,1857.0,165.3000064,5608.2133315099545,83.8833344,False,3
1512,198.366,-3560.4190951085097,1863.189882271442,166.0,5608.867500000002,84.0,False,3
1513,198.652,-3551.0,2024.0,168.38333226666666,5622.314255171928,82.41111182222222,False,3
1514,198.726,-3550.6552598618387,2059.102092982716,169.0,5625.767500000002,82.0,False,3
1515,198.966,-3557.2479293843294,2146.9081491492916,169.0,5637.034166666668,82.0,False,3
1516,199.112,-3570.0,2222.0,178.125008,5644.509944998299,86.562504,False,3
1517,199.286,-3593.559112670665,2340.6833077458264,189.0,5653.834166666667,92.0,False,3
1518,199.312,-3597.0,2356.0,189.812504,5655.229907442295,93.3000064,False,3
1519,199.446,-3612.7467388860337,2415.050279942199,194.0,5662.45638888889,100.0,False,3
1520,199.592,-3633.0,2468.0,197.6500032,5670.491652591894,100.0,False,3
1521,199.646,-3643.2790559354926,2492.168161588313,199.0,5673.511944444444,100.0,False,3
1522,199.886,-3704.2701858535374,2617.9309723525735,206.0,5687.245277777778,100.0,False,3
1523,199.892,-3706.0,2621.0,206.1499968,5687.59422680848,100.0,False,3
1524,200.086,-3766.4296233831383,2715.7696019167875,211.0,5698.967500000001,100.0,False,3
1525,200.132,-3782.0,2738.0,211.0,5701.660964049197,100.0,False,3
1526,200.286,-3836.8460551352214,2812.2268524281217,211.0,5710.6897222222215,100.0,False,3
1527,200.292,-3839.0,2815.0,211.17142491428572,5711.044430430053,100.0,False,3
1528,200.472,-3909.0,2898.0,216.31428937142857,5721.8294997209105,100.0,False,3
1529,200.566,-3960.781231606602,2952.066655797277,219.0,5727.723055555554,100.0,False,3
1530,200.726,-4055.148517224203,3045.2394562437976,223.0,5737.634166666665,100.0,False,3
1531,200.732,-4058.0,3048.0,221.22433659301416,5737.938814905599,100.0,False,3
1532,201.047,-4154.197014399742,3134.7060571382885,128.0,5749.047499999999,100.0,False,3
1533,201.093,-4171.0,3149.0,145.08576182857144,5751.428017162996,100.0,False,3
1534,201.313,-4279.0,3241.0,226.80004754285716,5766.141730307501,100.0,False,3
1535,201.327,-4286.834726928239,3247.6856423141,232.0,5767.091944444443,100.0,False,3
1536,201.567,-4431.832629600231,3372.6486129359596,237.0,5782.891944444444,100.0,False,3
1537,201.593,-4448.0,3387.0,237.4875024,5784.610271129395,100.0,False,3
1538,201.727,-4531.6679768838885,3462.9700997063337,240.0,5793.55861111111,100.0,False,3
1539,201.913,-4645.0,3569.0,243.72000256,5806.162004016918,100.0,False,3
1540,201.927,-4653.171455738417,3576.7068125197206,244.0,5807.1141666666645,100.0,False,3
1541,202.207,-4805.18065498953,3721.8318865430983,246.0,5826.247499999998,100.0,False,3
1542,202.367,-4869.841279630971,3784.283249462339,250.0,5837.358611111109,100.0,False,3
1543,202.413,-4884.0,3798.0,250.69000192,5840.57634686567,100.0,False,3
1544,202.567,-4918.461005497477,3831.6018087775096,253.0,5851.414166666666,100.0,False,3
1545,202.653,-4944.0,3857.0,254.07949922557344,5857.502479364204,100.0,False,3
1546,202.806,-5017.582830966884,3930.8635664069607,256.0,5868.409722222221,100.0,False,3
1547,202.893,-5064.0,3978.0,257.2428580571429,5874.666787089263,100.0,False,3
1548,203.073,-5154.0,4071.0,259.81428662857144,5887.691556829139,100.0,False,3
1549,203.086,-5160.441291856293,4077.7041855062234,260.0,5888.631944444443,100.0,False,3
1550,203.366,-5300.470413465591,4225.203191974654,261.0,5908.931944444443,100.0,False,3
1551,203.373,-5304.0,4229.0,261.14583466666664,5909.444523247168,100.0,False,3
1552,203.593,-5413.0,4348.0,265.729168,5925.699637636706,100.0,False,3
1553,203.606,-5418.982590060786,4354.565497412525,266.0,5926.6652777777745,100.0,False,3
1554,203.806,-5514.161022758639,4459.875079786168,268.0,5941.554166666665,100.0,False,3
1555,203.833,-5532.0,4480.0,268.0,5943.56416323395,100.0,False,3
1556,203.993,-5660.0,4626.0,268.0,5955.474103138888,100.0,False,3
1557,204.006,-5669.671711127929,4637.132506121645,268.0,5956.443055555554,100.0,False,3
1558,204.206,-5785.703005065471,4772.949819565454,269.0,5971.387499999997,100.0,False,3
1559,204.473,-5865.0,4869.0,270.6687504,5991.475970764601,100.0,False,3
1560,204.526,-5873.62159794114,4879.3533514742085,271.0,5995.476388888888,100.0,False,3
1561,204.832,-5944.0,4967.0,271.38250016,6018.634939594833,100.0,False,3
1562,205.012,-6085.0,5146.0,271.60749984,6032.29184430627,100.0,False,3
1563,205.326,-6184.53030927309,5275.560680209513,272.0,6055.920833333332,100.0,False,3
1564,205.392,-6204.0,5302.0,271.05714102857144,6060.850922586209,100.0,False,3
1565,205.606,-6296.259048516243,5427.625687017966,268.0,6076.765277777777,100.0,False,3
1566,205.692,-6336.0,5482.0,267.3857152,6083.14270787193,100.0,False,3
1567,205.886,-6419.507829821047,5597.786429901732,266.0,6097.454166666666,100.0,False,3
1568,205.932,-6439.0,5626.0,264.8500032,6100.819163327953,84.88575634285715,False,3
1569,205.972,-6456.0,5651.0,263.8500032,6103.735949508275,71.7428992,False,3
1570,206.152,-6531.0,5758.0,259.3499968,6116.624005617881,12.599957942857143,False,3
1571,206.166,-6536.446376341957,5765.77178950126,259.0,6117.598611111111,8.0,True,3
1572,206.366,-6606.661161942629,5867.727681395978,242.0,6131.043055555556,0.0,True,3
1573,206.532,-6674.0,5968.0,230.0687592,6141.478959618005,0.0,True,3
1574,206.686,-6754.028360345364,6088.262190739067,219.0,6150.509722222223,0.0,True,3
1575,206.752,-6785.0,6135.0,213.55498943999999,6154.172757963432,0.0,True,3
1576,207.072,-6877.0,6275.0,187.15498944,6170.492791384117,0.0,True,3
1577,207.086,-6880.128007702284,6279.748963474107,186.0,6171.176388888889,0.0,True,3
1578,207.366,-6936.917402318947,6365.173542557974,171.0,6184.476388888888,0.0,True,3
1579,207.553,-6970.0,6415.0,162.4647251026656,6192.96355872194,0.0,True,3
1580,207.607,-6978.961699195736,6428.608859033589,160.0,6195.187499999998,0.0,True,3
1581,207.713,-7004.0,6468.0,145.8666496,6199.142625074328,0.0,True,3
1582,207.847,-7073.929746967043,6582.147414759441,128.0,6203.720833333331,0.0,True,3
1583,207.953,-7128.0,6675.0,126.6749984,6207.3528910678615,0.0,True,3
1584,208.167,-7172.2954205204305,6772.114099428569,124.0,6214.743055555553,0.0,True,3
1585,208.173,-7173.0,6774.0,124.0,6214.951922263217,0.0,True,3
1586,208.327,-7186.8994297016525,6814.197068591517,124.0,6220.254166666664,0.0,True,3
1587,208.487,-7194.955529586806,6845.1941239088255,112.0,6225.231944444442,0.0,True,3
1588,208.573,-7199.0,6864.0,108.41666133333334,6227.731401707624,0.0,True,3
1589,208.727,-7206.0098048259515,6902.532893342766,102.0,6232.031944444443,0.0,True,3
1590,208.833,-7209.0,6938.0,100.0124976,6234.96891084,0.0,True,3
1591,208.887,-7209.557203437584,6960.1245200745,99.0,6236.431944444443,0.0,True,3
1592,209.013,-7209.0,7013.0,95.8499968,6239.713207948791,0.0,True,3
1593,209.127,-7207.630682375192,7043.305273142055,93.0,6242.631944444443,0.0,True,3
1594,209.287,-7203.77586340193,7063.144708529863,93.0,6246.765277777777,0.0,True,3
1595,209.393,-7198.0,7083.0,90.33890963309533,6249.392645511087,0.0,True,3
1596,209.526,-7186.696842325597,7119.819639358604,87.0,6252.54111111111,0.0,True,3
1597,209.613,-7177.0,7145.0,84.8249984,6254.518313624498,0.2718752,True,3
1598,209.846,-7142.901747261956,7199.466590112331,79.0,6259.563333333332,1.0,False,3
1599,209.993,-7123.0,7223.0,77.6218744,6262.650053124482,13.862505599999999,False,3
1600,210.166,-7106.600098409369,7239.223062155088,76.0,6266.318888888887,29.0,False,3
1601,210.313,-7090.0,7251.0,78.296876,6269.5872636919685,35.890628,False,3
1602,210.486,-7058.6514837026125,7270.274261925588,81.0,6273.518888888888,44.0,False,3
1603,210.613,-7032.0,7284.0,81.7937504,6276.399948553895,47.968752,False,3
1604,210.646,-7025.055107905864,7287.060140948892,82.0,6277.163333333332,49.0,False,3
1605,210.806,-6990.38675200401,7299.245702093023,87.0,6281.029999999999,52.0,False,3
1606,210.833,-6984.0,7301.0,88.23750293333333,6281.724792192739,52.56250133333333,False,3
1607,210.953,-6954.0,7308.0,93.73750293333333,6284.9737177892675,55.06250133333333,False,3
1608,211.046,-6931.484094707882,7312.894215229088,98.0,6287.563333333332,57.0,False,3
1609,211.212,-6883.0,7322.0,101.31999744,6292.238934111172,61.1499968,False,3
1610,211.246,-6869.198450441161,7324.235927568569,102.0,6293.23,62.0,False,3
1611,211.432,-6783.0,7337.0,109.75000533333333,6298.936407310939,69.75000533333333,False,3
1612,211.486,-6763.012600793777,7339.746223822452,112.0,6300.696666666665,72.0,False,3
1613,211.912,-6662.0,7352.0,129.42727796363636,6316.057918427397,83.6181853090909,False,3
1614,211.926,-6657.377074450235,7352.674755250182,130.0,6316.585555555554,84.0,False,3
1615,211.992,-6634.0,7356.0,132.4750048,6319.083614461148,84.27500053333333,False,3
1616,212.166,-6567.927194764883,7362.13625369598,139.0,6325.85222222222,85.0,False,3
1617,212.192,-6558.0,7363.0,140.0562552,6326.906823664172,83.2937416,False,3
1618,212.352,-6497.0,7369.0,146.5562552,6333.65296284089,72.7937416,False,3
1619,212.486,-6442.661932571366,7375.38498541466,152.0,6339.363333333331,64.0,False,3
1620,212.712,-6348.0,7390.0,149.57857005714285,6348.751864034733,12.342827885714284,False,3
1621,212.766,-6326.188358395718,7394.429978222243,149.0,6350.95222222222,0.0,False,3
1622,212.932,-6261.0,7411.0,146.35909294545453,6357.615315484494,0.0,False,3
1623,213.092,-6201.0,7432.0,143.8136384,6363.899779737323,0.0,False,3
1624,213.206,-6163.152443041205,7446.819580395775,142.0,6368.307777777776,0.0,False,3
1625,213.332,-6116.0,7471.0,140.11000192,6373.113450537312,5.35499456,False,3
1626,213.512,-6028.0,7529.0,137.40999808,6379.884707038127,13.00500544,False,3
1627,213.606,-5995.243950264859,7552.997317694317,136.0,6383.4188888888875,17.0,False,3
1628,213.926,-5943.186307764963,7610.074451100878,136.0,6395.507777777777,48.0,False,3
1629,213.952,-5938.0,7617.0,136.2162173094343,6396.50046510139,48.64865192830296,False,3
1630,214.052,-5916.0,7647.0,137.04781612278634,6400.33679971972,51.14344836835903,False,3
1631,214.333,-5864.0,7741.0,139.3846163671839,6411.283492749482,58.15384910155165,False,3
1632,214.407,-5848.930547775499,7783.637026212495,140.0,6414.213333333333,60.0,False,3
1633,214.513,-5829.0,7848.0,142.6500032,6418.444915039892,60.6625008,False,3
1634,214.567,-5821.809139952055,7874.205421148961,144.0,6420.613333333333,61.0,False,3
1635,214.887,-5811.838824710831,7964.282721929452,147.0,6433.6799999999985,67.0,False,3
1636,214.953,-5811.0,7987.0,148.92500373333334,6436.460088425176,68.6500032,False,3
1637,215.033,-5810.0,8021.0,151.25833706666666,6439.875049919092,70.6500032,False,3
1638,215.127,-5812.452938411093,8080.567625470516,154.0,6443.946666666665,73.0,False,3
1639,215.293,-5822.0,8198.0,157.6312528,6451.289588581161,80.781256,False,3
1640,215.447,-5826.900774914256,8246.302224280742,161.0,6458.257777777775,88.0,False,3
1641,215.607,-5831.731276270227,8279.064554883395,167.0,6465.679999999997,91.0,False,3
1642,215.613,-5832.0,8281.0,167.21667128888888,6465.96595398908,91.1500032,False,3
1643,215.933,-5853.0,8435.0,178.77222684444445,6481.9590910413335,99.1500032,False,3
1644,215.967,-5855.372061026145,8451.371526378472,180.0,6483.679999999997,100.0,False,3
1645,216.053,-5862.0,8495.0,181.62264327138888,6488.024114132031,100.0,False,3
1646,216.126,-5869.763413880508,8542.975603295396,183.0,6491.762499999997,100.0,False,3
1647,216.326,-5897.093967122981,8707.383002118864,191.0,6502.373611111108,100.0,False,3
1648,216.333,-5898.0,8713.0,191.0,6502.744909344125,100.0,False,3
1649,216.566,-5924.648569981123,8887.20239756513,191.0,6515.106944444442,100.0,False,3
1650,216.806,-5944.974128822667,9040.73173605464,201.0,6528.506944444442,100.0,False,3
1651,216.966,-5954.508365818918,9128.47904118278,201.0,6537.440277777774,91.0,False,3
1652,217.286,-5957.680985806265,9290.236646339654,209.0,6556.018055555551,42.0,True,3
1653,217.686,-5916.070246785624,9520.40713257853,198.0,6578.018055555551,30.0,True,3
1654,217.732,-5908.0,9549.0,197.4772741818182,6580.498288266439,29.581819345454544,True,3
1655,218.112,-5826.0,9778.0,193.15908945454547,6600.856735825195,26.127271563636363,True,3
1656,218.126,-5823.323467122366,9784.229738304593,193.0,6601.60694444444,26.0,False,3
1657,218.446,-5769.976678494788,9879.163059350887,194.0,6618.851388888885,75.0,False,3
1658,218.552,-5743.0,9915.0,195.7666688,6624.664714814358,86.04168,False,3
1659,218.686,-5697.891282078279,9971.992113836364,198.0,6632.051388888885,100.0,False,3
1660,218.732,-5681.0,9992.0,198.0,6634.581719315636,100.0,False,3
1661,218.846,-5637.7894432890935,10039.41893306541,198.0,6640.851388888885,100.0,False,3
1662,218.972,-5588.0,10089.0,199.04999893333334,6647.811281207056,100.0,False,3
1663,219.072,-5547.0,10127.0,199.8833344,6653.395928622238,100.0,False,3
1664,219.086,-5541.096931342366,10132.284362033313,200.0,6654.184722222219,100.0,False,3
1665,219.272,-5459.0,10202.0,205.58000384,6664.81873343734,100.0,False,3
1666,219.286,-5452.630635625863,10207.192846099253,206.0,6665.629166666662,100.0,False,3
1667,219.452,-5376.0,10268.0,208.66785508571428,6675.337228369526,100.0,False,3
1668,219.632,-5293.0,10332.0,211.56071634285715,6686.067637305641,100.0,False,3
1669,219.846,-5191.649684258182,10407.301803270027,215.0,6699.073611111107,100.0,False,3
1670,219.912,-5159.0,10431.0,217.8875056,6703.137881590634,100.0,False,3
1671,220.006,-5111.062061768546,10465.393817530976,222.0,6708.940277777774,100.0,False,3
1672,220.092,-5068.0,10496.0,222.0,6714.223298903402,100.0,False,3
1673,220.286,-4980.3463621873925,10557.471834511523,222.0,6726.2069444444405,100.0,False,3
1674,220.432,-4892.0,10614.0,227.84000512,6735.513248372179,100.0,False,3
1675,220.486,-4849.08566675022,10640.112612204734,230.0,6738.984722222218,100.0,False,3
1676,220.632,-4730.0,10711.0,231.81742946189,6748.3965018575345,100.0,False,3
1677,220.727,-4683.79471377779,10738.493558061578,233.0,6754.582777777774,100.0,False,3
1678,220.953,-4609.0,10779.0,238.6500032,6769.577238606618,100.0,False,3
1679,220.967,-4600.477871860773,10783.319272745435,239.0,6770.516111111108,100.0,False,3
1680,221.233,-4385.0,10890.0,240.99500096,6788.508328970976,100.0,False,3
1681,221.367,-4317.84183242084,10921.77496259653,242.0,6797.404999999995,100.0,False,3
1682,221.567,-4242.175777100213,10954.624726114362,235.0,6810.460555555552,100.0,False,3
1683,221.573,-4239.0,10956.0,235.4875104,6810.864251166417,100.0,False,3
1684,221.727,-4142.40377916279,10997.873037447542,248.0,6821.482777777774,100.0,False,3
1685,221.753,-4126.0,11005.0,248.0,6823.2803368988225,100.0,False,3
1686,221.913,-4025.0,11049.0,248.0,6834.281745548884,100.0,False,3
1687,222.007,-3944.6898347560896,11083.997307960008,248.0,6840.771666666662,100.0,False,3
1688,222.093,-3869.0,11117.0,248.95555697777777,6846.752078549287,100.0,False,3
1689,222.333,-3691.0,11195.0,251.62222364444443,6863.5875281220815,100.0,False,3
1690,222.367,-3660.340666143392,11208.526644361064,252.0,6865.971666666661,100.0,False,3
1691,222.633,-3387.0,11330.0,252.0,6884.59184151465,100.0,False,3
1692,222.647,-3374.965192214399,11335.418095217341,252.0,6885.571666666661,100.0,False,3
1693,222.966,-3182.4964874012144,11424.68162414071,252.0,6907.901666666663,100.0,False,3
1694,223.013,-3159.0,11436.0,251.2166656,6911.188538900165,80.41664,False,3
1695,223.206,-3064.5644437919186,11482.421089802478,248.0,6924.434999999996,0.0,True,3
1696,223.406,-2970.4947398193694,11530.721251524586,227.0,6937.046111111107,0.0,True,3
1697,223.493,-2931.0,11552.0,222.6499968,6942.347611970254,0.0,True,3
1698,223.686,-2846.497347609289,11599.811537707257,213.0,6953.612777777775,0.0,True,3
1699,223.873,-2764.0,11650.0,194.2999936,6963.494397453747,0.0,True,3
1700,223.926,-2739.686095739887,11665.449530980011,189.0,6966.212777777773,0.0,True,3
1701,223.973,-2717.0,11680.0,187.58999808,6968.6137577841855,0.0,True,3
1702,224.126,-2631.403985299156,11735.10732504187,183.0,6976.379444444441,0.0,True,3
1703,224.253,-2560.0,11778.0,182.09285668571428,6982.794456754529,0.0,True,3
1704,224.406,-2487.1999535621344,11814.080781223944,181.0,6990.45722222222,0.0,False,3
1705,224.606,-2408.696776520992,11839.311321586845,178.0,7000.346111111108,0.0,False,3
1706,224.692,-2376.0,11846.0,178.0,7004.623699825463,0.0,False,3
1707,224.766,-2348.112062306697,11849.945924737453,178.0,7008.257222222219,0.0,False,3
1708,224.966,-2272.6526323387257,11852.043914692349,170.0,7017.701666666664,0.0,False,3
1709,225.092,-2219.0,11846.0,171.04999893333334,7023.690195174462,25.549974044444447,False,3
1710,225.172,-2182.0,11839.0,171.7166656,7027.536722370933,41.77219626666667,False,3
1711,225.326,-2112.0495664989917,11817.377566144312,173.0,7035.001666666663,73.0,False,3
1712,225.492,-2039.0,11784.0,174.84444302222224,7043.126854500881,79.45555057777777,False,3
1713,225.652,-1970.0,11744.0,176.6222208,7051.019593691881,85.6777728,False,3
1714,225.686,-1955.4131761428268,11734.382031934536,177.0,7052.701666666664,87.0,False,3
1715,225.846,-1888.3596955150226,11685.411238159335,178.0,7060.612777777775,100.0,False,3
1716,225.892,-1871.0,11672.0,178.0,7062.86167733237,100.0,False,3
1717,226.006,-1831.6640736238162,11640.75765380653,178.0,7068.523888888885,100.0,False,3
1718,226.072,-1799.0,11617.0,183.65715382857144,7072.028282963718,100.0,False,3
1719,226.252,-1658.0,11526.0,199.08570331428572,7082.272037050585,100.0,False,3
1720,226.286,-1631.8136773465028,11511.481333262398,202.0,7084.234999999997,100.0,False,3
1721,226.486,-1500.3869865397019,11456.161853966283,209.0,7095.846111111108,100.0,False,3
1722,226.572,-1455.0,11441.0,210.0749984,7100.891288066034,100.0,False,3
1723,226.726,-1388.8298384562556,11421.488137412187,212.0,7109.9794444444415,100.0,False,3
1724,226.812,-1349.0,11411.0,212.0,7115.057264152736,100.0,False,3
1725,226.966,-1259.5298969805012,11388.507801649479,212.0,7124.112777777775,100.0,False,3
1726,227.052,-1206.0,11376.0,212.0,7129.116177826423,100.0,False,3
1727,227.166,-1135.981889416841,11361.056755521902,212.0,7135.890555555552,100.0,False,3
1728,227.273,-1070.0,11348.0,221.32365950503822,7142.662025267669,100.0,False,3
1729,227.407,-985.4217815339223,11331.996748037947,233.0,7151.488611111108,100.0,False,3
1730,227.473,-943.0,11324.0,234.92500373333334,7155.867570439481,100.0,False,3
1731,227.647,-829.1303488528637,11302.033835001099,240.0,7167.488611111106,100.0,False,3
1732,227.693,-799.0,11296.0,240.46000128,7170.571737925178,100.0,False,3
1733,227.847,-698.795675209133,11275.077840227104,242.0,7180.933055555552,100.0,False,3
1734,227.973,-616.0,11256.0,243.40000142222223,7189.476256716442,100.0,False,3
1735,228.033,-576.0,11246.0,244.0666680888889,7193.565989987148,100.0,False,3
1736,228.207,-461.6821605743866,11213.875129245656,246.0,7205.53305555555,100.0,False,3
1737,228.293,-405.0,11196.0,248.1500032,7211.510584749001,100.0,False,3
1738,228.447,-302.2414936729246,11160.425510512421,252.0,7222.333055555551,100.0,False,3
1739,228.473,-285.0,11154.0,252.4727296,7224.1779847164835,100.0,False,3
1740,228.793,-78.0,11064.0,258.2909114181818,7247.262564261118,100.0,False,3
1741,228.887,-18.64681390598955,11032.529437093364,260.0,7254.110833333329,100.0,False,3
1742,228.993,47.0,10994.0,261.06000128,7261.8522272923565,100.0,False,3
1743,229.073,95.0,10963.0,261.86000128,7267.708017840914,100.0,False,3
1744,229.287,212.51832946269474,10878.285370335532,264.0,7283.444166666663,100.0,False,3
1745,229.393,280.0,10818.0,264.7969933157705,7291.282384087372,100.0,False,3
1746,229.613,443.0,10649.0,266.45112838879146,7307.617706935558,100.0,False,3
1747,229.686,483.79414632934754,10601.533744226352,267.0,7313.036666666663,100.0,False,3
1748,229.853,555.0,10508.0,267.0,7325.422695088775,100.0,False,3
1749,229.966,603.6217380480394,10439.796498929643,267.0,7333.80333333333,100.0,False,3
1750,230.033,632.0,10398.0,267.0,7338.774597326406,100.0,False,3
1751,230.213,703.0,10285.0,267.0,7352.134119324986,100.0,False,3
1752,230.326,742.2305161901543,10217.303352932053,267.0,7360.503333333329,100.0,False,3
1753,230.393,768.0,10167.0,267.0,7365.456458571285,100.0,False,3
1754,230.526,831.3841742572588,10027.666049715113,267.0,7375.3366666666625,100.0,False,3
1755,230.633,877.0,9922.0,269.6750016,7383.434829088566,100.0,False,3
1756,230.886,920.2121367748498,9812.233266075296,276.0,7402.936666666661,100.0,False,3
1757,231.012,943.0,9734.0,276.7874992,7412.663436990368,100.0,False,3
1758,231.206,1005.7204500227746,9512.391918118308,278.0,7427.647777777771,100.0,False,3
1759,231.272,1026.0,9436.0,278.27500053333335,7432.751769408793,100.0,False,3
1760,231.446,1065.0494594075553,9268.873593125452,279.0,7446.247777777771,100.0,False,3
1761,231.686,1094.4535779391442,9111.783444358882,282.0,7465.047777777772,100.0,False,3
1762,231.712,1097.0,9099.0,282.26000128,7467.093377957546,100.0,False,3
1763,231.886,1111.1274036145844,9034.509469614504,284.0,7480.82555555555,100.0,False,3
1764,232.112,1133.0,8897.0,285.8833344,7498.779828871247,100.0,False,3
1765,232.126,1134.9937515968234,8881.51872473373,286.0,7499.892222222217,100.0,False,3
1766,232.312,1163.0,8645.0,286.0,7514.6566019239945,100.0,False,3
1767,232.406,1169.413588509779,8577.328077803078,286.0,7522.136666666662,100.0,False,3
1768,232.566,1169.2777241729427,8525.656379492422,288.0,7534.936666666661,100.0,False,3
1769,232.612,1169.0,8501.0,288.5227258181818,7538.641838862262,100.0,False,3
1770,232.812,1167.0,8340.0,290.79545309090906,7554.894617875389,100.0,False,3
1771,232.992,1159.0,8194.0,292.84091054545456,7569.603680004422,100.0,False,3
1772,233.006,1158.3222100955095,8183.250325514866,293.0,7570.747777777771,100.0,False,3
1773,233.172,1149.0,8047.0,293.69166613333334,7584.312222381017,100.0,False,3
1774,233.246,1142.0136836453853,7960.884193919537,294.0,7590.347777777772,100.0,False,3
1775,233.406,1120.7927440184112,7721.177512241156,293.0,7603.3699999999935,100.0,False,3
1776,233.532,1106.0,7569.0,293.44999954285714,7613.637727996873,100.0,False,3
1777,233.686,1093.6052061103596,7465.046000003472,294.0,7626.23666666666,100.0,False,3
1778,233.933,1066.0,7363.0,296.3084122733283,7646.608456550823,100.0,False,3
1779,234.007,1048.9213162294911,7306.5112899663945,297.0,7652.71916666666,100.0,False,3
1780,234.073,1032.0,7253.0,297.0,7658.165406041617,100.0,False,3
1781,234.167,1007.8826969250443,7182.9962818383965,297.0,7665.919166666659,100.0,False,3
1782,234.327,962.4786173737539,7062.305003955805,297.0,7679.119166666658,100.0,False,3
1783,234.373,946.0,7017.0,297.0,7682.912960362148,100.0,False,3
1784,234.487,897.8971520524028,6881.424010063638,297.0,7692.319166666657,100.0,False,3
1785,234.593,858.0,6767.0,297.3785718857143,7701.0873773182375,100.0,False,3
1786,234.767,828.6619097369784,6679.998924055694,298.0,7715.496944444434,100.0,False,3
1787,234.873,811.0,6625.0,298.0,7724.257343535139,100.0,False,3
1788,234.967,785.7865255671336,6546.804839449923,298.0,7732.052499999991,100.0,False,3
1789,235.213,697.0,6277.0,301.5142875428571,7752.6836200710295,100.0,False,3
1790,235.247,685.8344338585248,6244.648544590818,302.0,7755.54138888888,100.0,False,3
1791,235.567,596.8132139385137,6008.52024099188,302.0,7782.385833333323,100.0,False,3
1792,235.613,585.0,5980.0,301.8083328,7786.232855293238,100.0,False,3
1793,235.807,536.2496533107981,5869.15692230466,301.0,7802.4524999999885,100.0,False,3
1794,235.993,481.0,5751.0,302.1625008,7818.093792595457,100.0,False,3
1795,236.093,445.0,5674.0,302.7875008,7826.521168892361,100.0,False,3
1796,236.127,433.1929292204319,5647.682738083038,303.0,7829.385833333323,100.0,False,3
1797,236.313,376.0,5505.0,303.0,7845.051272265951,100.0,False,3
1798,236.446,343.1426952897551,5399.841422534423,303.0,7856.234999999988,100.0,False,3
1799,236.493,333.0,5362.0,302.7062496,7860.1817885818,100.0,False,3
1800,236.606,311.57999008442766,5269.6700126669075,302.0,7869.657222222209,100.0,False,3
1801,236.813,282.0,5097.0,301.2607140571429,7886.959862652191,100.0,False,3
1802,236.886,273.9944487199291,5035.66423114217,301.0,7893.06833333332,100.0,False,3
1803,237.046,261.9543330265015,4902.011636692169,302.0,7906.4905555555415,100.0,False,3
1804,237.073,261.0,4880.0,302.0562501333333,7908.758731078076,100.0,False,3
1805,237.133,260.0,4830.0,302.1812501333333,7913.801880976411,100.0,False,3
1806,237.413,270.0,4483.0,302.7645834666667,7937.376354926382,100.0,False,3
1807,237.526,279.012434810475,4354.8915984040905,303.0,7946.890555555543,100.0,False,3
1808,237.686,295.7550670814133,4204.907494620443,303.0,7960.35722222221,100.0,False,3
1809,237.872,311.0,4080.0,303.0,7976.012528565387,100.0,False,3
1810,237.886,311.81274167752736,4072.797437544507,303.0,7977.190555555542,100.0,False,3
1811,238.166,331.90419898688776,3936.21776475349,303.0,8000.75722222221,100.0,False,3
1812,238.172,333.0,3931.0,303.02999936,8001.263253050565,100.0,False,3
1813,238.366,387.7189563697871,3692.7361273429296,304.0,8017.6461111111,100.0,False,3
1814,238.472,418.0,3570.0,304.0,8026.591095572265,100.0,False,3
1815,238.766,467.9302457644575,3406.9816262288423,304.0,8051.423888888876,100.0,False,3
1816,238.912,499.0,3330.0,305.46000128,8063.831278815211,100.0,False,3
1817,238.966,514.2477635546653,3292.104250226061,306.0,8068.423888888878,100.0,False,3
1818,239.152,576.0,3140.0,306.0,8084.234748987914,100.0,False,3
1819,239.192,589.0,3109.0,306.0,8087.634302600187,100.0,False,3
1820,239.246,607.4297512582597,3066.8124713433995,306.0,8092.223888888877,100.0,False,3
1821,239.432,675.0,2923.0,306.0,8108.03397073578,100.0,False,3
1822,239.486,693.1727903995303,2885.127350685572,306.0,8112.623888888875,100.0,False,3
1823,239.672,767.0,2741.0,306.0,8128.432687310678,100.0,False,3
1824,239.766,830.1774920400079,2628.5865730376745,306.0,8136.423888888874,100.0,False,3
1825,239.872,901.0,2506.0,306.0,8145.437997540121,100.0,False,3
1826,240.126,973.2787567116659,2392.8087088893108,306.0,8167.023888888874,100.0,False,3
1827,240.192,994.0,2365.0,305.72499946666665,8172.619934740003,100.0,False,3
1828,240.366,1077.605516669619,2253.5992358712556,305.0,8187.357222222208,100.0,False,3
1829,240.473,1138.0,2177.0,305.0,8196.423104227826,100.0,False,3
1830,240.567,1191.4068035073608,2113.2333354963575,305.0,8204.386388888874,100.0,True,3
1831,240.773,1307.0,1985.0,304.06363578181816,8221.82227653878,100.0,True,3
1832,240.953,1412.0,1876.0,303.24545396363635,8236.936147781362,100.0,True,3
1833,241.007,1455.3807480741448,1833.232212265941,303.0,8241.419722222206,100.0,False,3
1834,241.173,1600.0,1694.0,297.812496,8255.0557300125,48.124959999999994,False,3
1835,241.327,1669.6850283877495,1628.5489251808085,293.0,8267.46416666665,0.0,True,3
1836,241.513,1731.0,1574.0,282.76999296,8282.057170912629,0.0,True,3
1837,241.527,1738.2288225009665,1567.5257694031868,282.0,8283.130833333316,0.0,True,3
1838,241.693,1842.0,1475.0,273.6999936,8295.563637781099,0.0,True,3
1839,241.853,1933.0,1397.0,265.6999936,8307.114928628345,0.0,True,3
1840,241.887,1950.8901387509623,1381.7879300162404,264.0,8309.530833333318,0.0,True,3
1841,242.153,2093.0,1263.0,249.0374928,8327.873507369344,0.0,True,3
1842,242.207,2129.8210520343337,1233.4090834365757,246.0,8331.397499999985,0.0,True,3
1843,242.413,2275.0,1119.0,225.3999872,8344.155378456013,0.0,True,3
1844,242.447,2292.398698039886,1105.443817228578,222.0,8346.197499999986,0.0,True,3
1845,242.727,2380.2486045151086,1039.8892038024333,210.0,8362.53083333332,0.0,True,3
1846,242.753,2390.0,1033.0,209.11161306801085,8363.998225956324,0.0,True,3
1847,242.973,2493.0,962.0,201.59452988143528,8376.066415805402,0.0,True,3
1848,243.153,2574.0,910.0,195.4441890924189,8385.62654368464,0.0,True,3
1849,243.166,2579.527226311822,906.6166274641014,195.0,8386.309999999987,0.0,True,3
1850,243.353,2666.0,861.0,190.79249856,8396.037052999412,0.0,True,3
1851,243.566,2819.8467108389864,809.1793594884444,186.0,8406.976666666653,0.0,False,3
1852,243.573,2824.0,808.0,185.92999936,8407.33564075553,0.0,False,3
1853,243.766,2894.322943757349,794.3907429956678,184.0,8417.198888888874,0.0,False,3
1854,243.933,2943.0,797.0,182.2107136,8425.605890168914,26.2428672,False,3
1855,244.046,2995.7979853347138,799.352108711108,181.0,8431.276666666652,44.0,False,3
1856,244.246,3106.9618444015396,805.7331030757192,182.0,8441.387777777763,64.0,False,3
1857,244.252,3110.0,806.0,182.093748,8441.694470391722,64.1312472,False,3
1858,244.432,3203.0,817.0,184.906252,8451.005630427098,68.0687528,False,3
1859,244.566,3311.2832547692906,831.7274272660729,187.0,8458.009999999986,71.0,False,3
1860,244.712,3422.0,847.0,188.21666773333334,8465.664714710007,71.0,False,3
1861,244.806,3457.2702497771606,851.7683793972332,189.0,8470.609999999986,71.0,False,3
1862,245.006,3503.9592601208074,855.7681780385012,190.0,8481.16555555554,78.0,False,3
1863,245.012,3507.0,856.0,189.9812504,8481.481597138785,77.4750112,False,3
1864,245.292,3727.0,871.0,189.1062504,8496.179079921334,52.975011200000004,False,3
1865,245.326,3750.3610637593792,871.887105753513,189.0,8497.96555555554,50.0,False,3
1866,245.686,3906.4238540598963,864.1875343033275,190.0,8516.96555555554,43.0,False,3
1867,245.712,3916.0,863.0,190.1625008,8518.344213197968,43.812504,False,3
1868,245.846,3965.9462781774637,856.0418865917724,191.0,8525.45444444443,48.0,False,3
1869,246.072,4058.0,836.0,190.37222186666668,8537.391081666077,51.7666688,False,3
1870,246.192,4116.0,816.0,190.03888853333333,8543.716426982157,53.7666688,False,3
1871,246.206,4123.558688938592,812.7533132050688,190.0,8544.45444444443,54.0,False,3
1872,246.406,4251.838594964014,742.3645944266162,190.0,8555.009999999986,65.0,False,3
1873,246.572,4356.0,674.0,190.82999936,8563.819994105219,66.65999872,False,3
1874,246.606,4374.459131646548,660.9139814492478,191.0,8565.621111111097,67.0,False,3
1875,246.766,4448.20077340583,603.5161780248715,191.0,8574.109999999986,67.0,False,3
1876,246.926,4503.030765499398,555.0505749475811,196.0,8582.821111111098,67.0,False,3
1877,247.013,4527.0,534.0,196.0,8587.513189157786,67.0,False,3
1878,247.127,4552.238281050438,512.1171973927395,196.0,8593.764444444432,67.0,False,3
1879,247.253,4586.0,483.0,204.10000822857143,8601.122430016287,81.85001508571429,False,3
1880,247.407,4654.816677930118,423.3158932134787,214.0,8610.408888888876,100.0,False,3
1881,247.453,4676.0,405.0,214.0,8613.156353998489,100.0,False,3
1882,247.567,4724.170206377264,363.5782507225708,214.0,8619.919999999987,100.0,False,3
1883,247.793,4833.0,272.0,214.0,8633.333139785545,100.0,False,3
1884,247.807,4842.402027482851,264.1900784988128,214.0,8634.186666666654,100.0,False,3
1885,248.033,5005.0,130.0,225.3000064,8648.475077368172,100.0,False,3
1886,248.127,5035.620774261224,105.04139622591346,230.0,8654.631111111099,100.0,False,3
1887,248.273,5065.0,81.0,235.9312552,8664.390035764687,100.0,False,3
1888,248.447,5156.370477130365,4.058462038645971,243.0,8676.2311111111,100.0,False,3
1889,248.647,5287.66097861535,-107.16607908183676,247.0,8689.95333333332,100.0,False,3
1890,248.653,5291.0,-110.0,247.0750016,8690.366122891266,100.0,False,3
1891,248.807,5364.506551126181,-172.50944585177808,249.0,8701.019999999986,100.0,False,3
1892,249.033,5461.0,-255.0,256.5333376,8717.147805459552,100.0,False,3
1893,249.047,5468.141781252976,-261.11379055629624,257.0,8718.15333333332,100.0,False,3
1894,249.173,5537.0,-320.0,258.5750016,8727.20933248652,100.0,False,3
1895,249.207,5555.80155650358,-336.000696235546,259.0,8729.66444444443,100.0,False,3
1896,249.373,5647.0,-414.0,261.7666688,8741.75386267309,100.0,False,3
1897,249.447,5687.3886231903125,-449.76357179919955,263.0,8747.197777777765,100.0,False,3
1898,249.553,5745.0,-502.0,265.2175753057539,8755.054414706998,100.0,False,3
1899,249.686,5816.95304439998,-568.6206527941104,268.0,8764.989999999987,100.0,False,3
1900,249.853,5906.0,-655.0,269.3916672,8777.550047016946,100.0,False,3
1901,250.033,5999.0,-753.0,270.8916672,8791.113331653258,100.0,False,3
1902,250.046,6005.561165316127,-760.2578875601872,271.0,8792.089999999986,100.0,False,3
1903,250.113,6039.0,-798.0,271.0,8797.117363937314,100.0,False,3
1904,250.313,6135.0,-914.0,271.0,8812.175246381597,100.0,False,3
1905,250.326,6141.089706902982,-921.8347063913184,271.0,8813.167777777764,100.0,False,3
1906,250.566,6250.4648882736865,-1073.494382020725,279.0,8831.767777777764,100.0,False,3
1907,250.712,6312.0,-1166.0,279.9125008,8843.151106662159,100.0,False,3
1908,250.886,6379.000602204677,-1272.4623844859573,281.0,8856.745555555543,100.0,False,3
1909,251.126,6460.109438791382,-1412.5549264076037,282.0,8875.545555555544,100.0,False,3
1910,251.326,6521.910929894501,-1533.9875208574235,282.0,8891.21222222221,100.0,False,3
1911,251.526,6592.4042729550365,-1694.929570419765,285.0,8907.045555555544,100.0,False,3
1912,251.672,6650.0,-1839.0,285.0,8918.607561981516,100.0,False,3
1913,251.846,6724.876544562643,-2038.4036974357211,285.0,8932.378888888876,100.0,False,3
1914,251.952,6766.0,-2151.0,285.0,8940.772730962113,100.0,False,3
1915,252.006,6784.0559556728,-2200.9752084236366,285.0,8945.045555555542,100.0,False,3
1916,252.166,6826.498795798161,-2320.8895240333536,285.0,8957.712222222208,100.0,False,3
1917,252.312,6861.0,-2421.0,287.19000192,8969.425443548367,100.0,False,3
1918,252.732,6958.0,-2711.0,293.48999808,9004.038524982865,100.0,False,3
1919,252.966,6996.522576082758,-2829.994646198647,297.0,9023.71222222221,100.0,False,3
1920,253.052,7014.0,-2884.0,297.0,9030.99960157267,80.45457454545455,False,3
1921,253.252,7065.0,-3041.0,297.0,9047.947698146314,35.000029090909095,False,3
1922,253.406,7097.951457352433,-3143.527218620957,297.0,9060.012222222209,0.0,True,3
1923,253.593,7145.0,-3290.0,260.5310981659348,9073.142323317526,0.0,True,3
1924,253.647,7164.439223246904,-3350.059308715647,250.0,9076.748333333318,0.0,True,3
1925,253.793,7217.0,-3512.0,242.29443768888888,9086.229618975063,0.0,True,3
1926,254.007,7238.25017914664,-3577.1652098303502,231.0,9099.848333333319,0.0,True,3
1927,254.073,7245.0,-3598.0,231.0,9104.118911503172,0.0,True,3
1928,254.207,7269.78804130371,-3674.9133209337174,231.0,9112.681666666651,0.0,True,3
1929,254.253,7280.0,-3707.0,227.5499904,9115.48393207877,0.0,True,3
1930,254.553,7348.0,-3927.0,205.0499904,9132.322778329171,0.0,True,3
1931,254.567,7350.413876066038,-3935.075530624568,204.0,9133.081666666652,0.0,True,3
1932,254.727,7370.9167331267645,-4006.1400238562387,194.0,9141.703888888875,0.0,True,3
1933,254.887,7383.612070544714,-4056.557652996454,194.0,9150.326111111097,0.0,True,3
1934,254.973,7392.0,-4092.0,187.8571337142857,9154.660777289511,0.0,True,3
1935,255.073,7403.0,-4140.0,180.71427657142857,9159.414343166385,0.0,True,3
1936,255.167,7412.753496386217,-4184.899296799338,174.0,9163.85944444443,0.0,True,3
1937,255.313,7426.0,-4251.0,169.61999616,9170.773706671116,0.0,True,3
1938,255.367,7430.241773636085,-4273.944533581308,168.0,9173.192777777762,0.0,True,3
1939,255.553,7444.0,-4352.0,152.49998933333333,9180.619360291175,0.0,True,3
1940,255.727,7460.508409174132,-4437.289373596526,138.0,9186.992777777763,0.0,True,3
1941,255.813,7469.0,-4481.0,136.56666453333332,9190.171584125514,0.0,True,3
1942,255.967,7483.556411167156,-4558.360934021722,134.0,9195.926111111097,0.0,True,3
1943,256.153,7497.0,-4644.0,134.0,9202.87981047269,0.0,True,3
1944,256.167,7497.671482957251,-4649.776674983305,134.0,9203.37055555554,0.0,True,3
1945,256.446,7502.232782734263,-4745.953273646586,112.0,9212.050555555543,0.0,True,3
1946,256.493,7502.0,-4759.0,110.93181672727273,9213.424435962288,0.0,True,3
1947,256.753,7496.0,-4821.0,105.02272581818181,9220.816967305907,0.0,True,3
1948,256.886,7487.684961679697,-4855.811066174199,102.0,9224.51722222221,0.0,False,3
1949,256.933,7484.0,-4868.0,101.49642788571428,9225.815906413563,0.0,False,3
1950,257.166,7459.93462282478,-4923.444054396197,99.0,9232.217222222209,0.0,False,3
1951,257.173,7459.0,-4925.0,99.0,9232.410084880432,0.7000063999999999,False,3
1952,257.406,7420.165249993412,-4972.516149714154,99.0,9238.81722222221,24.0,False,3
1953,257.432,7415.0,-4977.0,98.8227264,9239.519599263846,25.8318272,False,3
1954,257.592,7380.0,-5001.0,97.73181730909091,9243.766731113523,37.10455447272727,False,3
1955,257.832,7321.0,-5032.0,96.09545367272727,9250.164218437998,54.01364538181818,False,3
1956,257.846,7317.5531534129,-5033.530051398946,96.0,9250.550555555543,55.0,False,3
1957,258.092,7251.0,-5058.0,101.12499733333334,9257.583385867145,58.587498133333334,False,3
1958,258.312,7161.0,-5087.0,105.708336,9264.248290755548,61.7958352,False,3
1959,258.326,7155.3559341070395,-5088.768825271427,106.0,9264.683888888876,62.0,False,3
1960,258.632,7049.0,-5121.0,116.20000426666667,9274.610197996093,72.20000426666667,False,3
1961,258.686,7034.10714005517,-5125.423107414918,118.0,9276.483888888875,74.0,False,3
1962,258.846,6997.118627780213,-5136.308512139693,129.0,9282.217222222209,74.0,False,3
1963,259.006,6961.374607975181,-5146.349879541125,129.0,9287.95055555554,77.0,False,3
1964,259.112,6929.0,-5155.0,135.625008,9292.120953114121,83.2937576,False,3
1965,259.212,6891.0,-5165.0,141.874992,9296.351834309899,89.2312424,False,3
1966,259.326,6831.901971412879,-5181.06832595428,149.0,9301.194999999987,96.0,False,3
1967,259.486,6741.2728275401605,-5205.973775870338,152.0,9307.95055555554,100.0,False,3
1968,259.512,6730.0,-5209.0,152.4875024,9309.057667451747,100.0,False,3
1969,259.646,6688.588241801563,-5219.662260556767,155.0,9314.839444444431,100.0,False,3
1970,259.812,6645.0,-5230.0,159.84166293333334,9322.246014175376,100.0,False,3
1971,259.886,6615.04353926348,-5237.258250463386,162.0,9325.639444444432,100.0,False,3
1972,260.032,6546.0,-5254.0,167.4750048,9332.502512360774,100.0,False,3
1973,260.126,6504.8198196729145,-5263.80169884355,171.0,9337.03944444443,100.0,False,3
1974,260.233,6453.0,-5276.0,174.5518702876336,9342.316782351249,100.0,False,3
1975,260.367,6366.004657938487,-5296.446602578072,179.0,9349.022499999988,100.0,False,3
1976,260.567,6232.013147575228,-5328.266165592884,181.0,9359.078055555543,100.0,False,3
1977,260.573,6229.0,-5329.0,181.1500032,9359.382832305664,100.0,False,3
1978,260.727,6172.932845969387,-5343.162263409254,185.0,9367.300277777764,100.0,False,3
1979,260.913,6118.0,-5358.0,189.6500032,9377.19880489278,100.0,False,3
1980,261.047,6053.680588046621,-5374.925113123035,193.0,9384.455833333323,100.0,False,3
1981,261.193,5974.0,-5396.0,194.62222364444443,9392.400224158988,100.0,False,3
1982,261.393,5868.0,-5424.0,196.84444586666666,9403.380809487167,100.0,False,3
1983,261.407,5859.462807687604,-5426.081499305465,197.0,9404.15583333332,100.0,False,3
1984,261.607,5723.466703343281,-5457.815575112987,201.0,9415.32249999999,100.0,False,3
1985,261.633,5707.0,-5462.0,201.0,9416.787850177772,100.0,False,3
1986,261.807,5612.465416651739,-5489.770822887721,201.0,9426.489166666655,100.0,True,3
1987,262.007,5517.15316812736,-5519.762767170176,184.0,9436.711388888876,0.0,True,3
1988,262.053,5492.0,-5526.0,183.67142765714286,9439.039349974939,0.0,True,3
1989,262.253,5375.0,-5549.0,182.24285622857144,9449.171338788006,0.0,True,3
1990,262.287,5357.302812768642,-5551.698553772932,182.0,9450.86694444443,0.0,True,3
1991,262.393,5307.0,-5558.0,179.61499712,9456.086002810325,0.0,True,3
1992,262.673,5174.0,-5562.0,173.31499712,9469.434809275206,0.0,True,3
1993,262.687,5165.644218492478,-5561.172012751018,173.0,9470.089166666654,0.0,False,3
1994,262.887,5035.3831941606695,-5540.418121066085,166.0,9479.311388888875,0.0,False,3
1995,262.913,5022.0,-5538.0,165.62723839375175,9480.49402645561,1.8638080312411682,False,3
1996,263.166,4955.909806365734,-5523.213424139042,162.0,9491.866388888875,20.0,False,3
1997,263.313,4898.0,-5488.0,162.0,9498.459954281063,31.84167182222222,False,3
1998,263.493,4777.0,-5408.0,162.0,9506.56963435242,46.341671822222224,False,3
1999,263.526,4760.42981082952,-5396.564305995493,162.0,9508.066388888876,49.0,False,3
2000,263.806,4708.202510574462,-5350.423395320286,165.0,9520.899722222208,71.0,False,3
2001,263.873,4694.0,-5335.0,165.95714377142858,9524.009925452958,74.82857508571429,False,3
2002,264.072,4630.0,-5267.0,168.80000182857142,9533.374534689854,86.20000731428571,False,3
2003,264.086,4625.557578883785,-5261.977086288062,169.0,9534.044166666654,87.0,False,3
2004,264.192,4593.0,-5223.0,171.6500032,9539.163882421719,91.92143451428572,False,3
2005,264.366,4531.509675668585,-5140.860286929594,176.0,9547.733055555542,100.0,False,3
2006,264.532,4478.0,-5064.0,178.3055537777778,9556.058213199543,100.0,False,3
2007,264.726,4438.531024552137,-5001.417102158257,181.0,9565.833055555542,100.0,False,3
2008,264.792,4425.0,-4978.0,181.0,9569.130667043033,100.0,False,3
2009,264.926,4392.385796902719,-4919.524328239291,181.0,9575.888611111097,100.0,False,3
2010,265.092,4350.0,-4841.0,188.46999424,9584.644518779776,100.0,False,3
2011,265.126,4342.284629702079,-4826.410196613731,190.0,9586.444166666652,100.0,False,3
2012,265.286,4309.136703449409,-4762.038442398115,190.0,9594.888611111097,100.0,False,3
2013,265.392,4278.0,-4699.0,193.0916704,9600.618302956862,100.0,False,3
2014,265.526,4222.565800518428,-4584.85136848796,197.0,9608.02194444443,100.0,False,3
2015,265.592,4198.0,-4534.0,197.99000192,9611.7165218544,100.0,False,3
2016,265.726,4165.649828972045,-4466.680294420376,200.0,9619.133055555541,100.0,False,3
2017,265.972,4133.0,-4397.0,189.24710578395607,9631.428390310604,78.05531792644099,False,3
2018,266.132,4097.0,-4320.0,182.25334980929026,9638.481243180187,63.78234654957197,False,3
2019,266.252,4072.0,-4266.0,177.0080328282909,9643.282546306455,53.077618016920205,False,3
2020,266.572,4009.0,-4129.0,163.02052087895927,9655.40096870241,24.53167526318217,False,3
2021,266.847,3925.6180025011536,-3977.8394756503562,151.0,9666.152777777763,0.0,True,3
2022,266.853,3924.0,-3975.0,150.8312464,9666.391021759899,0.0,True,3
2023,267.167,3865.4909326172283,-3875.7329647354027,142.0,9678.774999999985,0.0,True,3
2024,267.367,3844.031259772675,-3845.1114123478515,128.0,9685.886111111098,0.0,True,3
2025,267.553,3814.0,-3805.0,119.73332764444444,9692.019104042807,0.0,True,3
2026,267.727,3776.6886650286947,-3756.628355474213,112.0,9697.086111111097,0.0,True,3
2027,267.887,3733.8196236366266,-3710.70807868448,105.0,9701.752777777765,0.0,True,3
2028,267.913,3726.0,-3704.0,115.29171733333334,9702.914979161917,0.0,True,3
2029,268.127,3652.5813769879396,-3656.818059618268,200.0,9715.086111111099,0.0,True,3
2030,268.333,3587.0,-3631.0,109.874944,9720.63706545236,85.83338666666667,True,3
2031,268.367,3578.5062808029297,-3629.1393467484872,95.0,9721.419444444433,100.0,True,3
2032,268.593,3531.0,-3630.0,95.0,9727.394263882064,100.0,True,3
2033,268.607,3527.724721439228,-3630.3720854303874,95.0,9727.752777777767,100.0,True,3
2034,268.767,3486.6603757547236,-3636.498431032147,89.0,9731.708333333321,100.0,True,3
2035,268.793,3480.0,-3638.0,90.7875088,9732.402237884307,100.0,True,3
2036,268.927,3447.0076818143025,-3648.340763176199,100.0,9736.152777777766,100.0,True,3
2037,269.113,3404.0,-3668.0,92.24999466666667,9740.827810723673,22.499946666666666,True,3
2038,269.167,3391.863757773376,-3674.324177643105,90.0,9742.152777777765,0.0,False,3
2039,269.233,3377.0,-3683.0,90.0,9743.787831891415,4.125008,False,3
2040,269.487,3318.029405426279,-3730.9409174619377,90.0,9750.152777777766,20.0,False,3
2041,269.573,3301.0,-3747.0,88.9249984,9752.275192813888,9.249984000000001,False,3
2042,269.647,3288.373764567108,-3759.4796879147725,88.0,9754.063888888877,0.0,False,3
2043,269.846,3262.7104136409907,-3787.9419806914366,84.0,9758.70722222221,20.0,False,3
2044,269.993,3243.0,-3813.0,86.00454632727272,9762.279561979582,21.670455272727274,False,3
2045,270.053,3234.0,-3825.0,86.82272814545455,9763.787968458068,22.352273454545454,False,3
2046,270.286,3199.5830532931896,-3874.1802535243874,90.0,9769.70722222221,25.0,False,3
2047,270.353,3191.0,-3887.0,90.0,9771.401705663455,25.0,False,3
2048,270.446,3180.4997360344664,-3902.998701830118,90.0,9773.70722222221,25.0,False,3
2049,270.606,3160.038465559927,-3936.4061779474555,86.0,9777.529444444432,55.0,False,3
2050,270.632,3155.0,-3945.0,87.9500096,9778.19337102713,55.0,False,3
2051,270.766,3122.432088353825,-4001.514290344665,98.0,9781.884999999987,55.0,False,3
2052,270.812,3113.0,-4018.0,100.2999936,9783.247785928877,54.74444515555555,False,3
2053,271.092,3087.0,-4062.0,114.2999936,9792.349329263336,53.1888896,False,3
2054,271.126,3082.7455188605204,-4068.422250525894,116.0,9793.484999999986,53.0,False,3
2055,271.432,3028.0,-4148.0,122.6937528,9803.9163997978,55.8687512,False,3
2056,271.446,3025.8343681602432,-4151.059655143829,123.0,9804.41833333332,56.0,False,3
2057,271.592,2998.0,-4185.0,130.3000064,9809.802287781926,67.68001024,False,3
2058,271.646,2976.5636782138445,-4206.151064958438,133.0,9811.807222222209,72.0,False,3
2059,271.872,2856.0,-4314.0,133.0,9820.14864976431,71.0583328,False,3
2060,271.886,2851.4169344706565,-4317.656886794148,133.0,9820.673888888876,71.0,False,3
2061,272.092,2818.0,-4336.0,136.08999808,9828.588862395578,48.340014079999996,False,3
2062,272.286,2765.4086839957567,-4367.112991402267,139.0,9836.11833333332,27.0,False,3
2063,272.432,2702.0,-4398.0,137.78333226666666,9841.68716565782,35.51667413333333,False,3
2064,272.526,2649.921864985831,-4417.693046937605,137.0,9845.251666666652,41.0,False,3
2065,272.692,2558.0,-4447.0,137.0,9851.5404963129,47.52142354285714,False,3
2066,272.806,2518.5644808782185,-4457.487770283273,137.0,9855.907222222208,52.0,False,3
2067,273.092,2458.0,-4461.0,140.5749984,9867.110516879638,53.7874992,False,3
2068,273.126,2446.6086587959862,-4461.2179314017585,141.0,9868.44055555554,54.0,False,3
2069,273.286,2381.9765107669296,-4460.9181366974435,141.0,9874.707222222209,57.0,False,3
2070,273.313,2371.0,-4460.0,141.67220094199527,9875.787842273056,57.0,False,3
2071,273.373,2347.0,-4457.0,143.1659772722927,9878.221454054134,57.0,False,3
2072,273.527,2284.439537722264,-4447.449683627443,147.0,9884.54805555554,57.0,False,3
2073,273.533,2282.0,-4447.0,147.0,9884.79270642323,57.25714834285714,False,3
2074,273.753,2193.0,-4426.0,147.0,9893.721331705454,66.68571977142857,False,3
2075,273.807,2171.0891175041534,-4419.740426371314,147.0,9895.981388888875,69.0,False,3
2076,274.007,2089.6762032179454,-4392.840245552628,157.0,9904.703611111097,74.0,False,3
2077,274.093,2055.0,-4379.0,159.50833706666666,9908.573328345165,76.86667093333334,False,3
2078,274.193,2015.0,-4361.0,162.42500373333334,9913.145226125403,80.20000426666667,False,3
2079,274.247,1993.4040362964372,-4350.303403354866,164.0,9915.636944444432,82.0,False,3
2080,274.473,1903.0,-4298.0,168.39444693333334,9926.238055447395,88.90555946666667,False,3
2081,274.607,1849.6891664842115,-4261.422776778929,171.0,9932.736944444432,93.0,False,3
2082,274.693,1816.0,-4236.0,173.79500416,9937.013952165466,94.50500224,False,3
2083,274.913,1732.0,-4165.0,180.94500416,9948.289626644597,98.35500224,False,3
2084,275.007,1695.9894417959638,-4132.671952949705,184.0,9953.181388888876,100.0,False,3
2085,275.113,1655.0,-4095.0,186.12000256,9958.73555525752,100.0,False,3
2086,275.273,1592.0,-4036.0,189.32000256,9967.213152012882,100.0,False,3
2087,275.407,1537.6013598559346,-3985.04396561346,192.0,9974.514722222208,100.0,False,3
2088,275.433,1527.0,-3975.0,193.08333866666666,9975.955942840923,100.0,False,3
2089,275.673,1428.0,-3879.0,203.08333866666666,9989.643695099525,100.0,False,3
2090,275.767,1386.7653139820845,-3838.6695398869115,207.0,9995.214722222208,100.0,False,3
2091,275.973,1299.0,-3753.0,217.3000064,10007.85167844685,100.0,False,3
2092,276.087,1259.9975732537762,-3715.376547073571,223.0,10015.03694444443,100.0,False,3
2093,276.153,1239.0,-3695.0,224.6545990142219,10019.246086771534,100.0,False,3
2094,276.413,1152.0,-3609.0,231.17270370180213,10036.048566821608,100.0,False,3
2095,276.446,1138.0769028490424,-3595.3794522887174,232.0,10038.172499999988,100.0,False,3
2096,276.593,1069.0,-3528.0,232.0,10047.6337222792,100.0,False,3
2097,276.606,1062.8128065029828,-3521.9207432454295,232.0,10048.483611111096,100.0,False,3
2098,276.753,993.0,-3453.0,238.30000274285715,10058.31546579002,100.0,False,3
2099,276.886,928.9577704606095,-3390.420752843129,244.0,10067.461388888876,100.0,False,3
2100,276.933,906.0,-3368.0,245.5666688,10070.729510725057,100.0,False,3
2101,277.126,810.0047306247602,-3273.9394247335513,252.0,10084.261388888874,100.0,False,3
2102,277.132,807.0,-3271.0,252.0,10084.681020517914,100.0,False,3
2103,277.286,729.6561162309198,-3195.5436730542756,252.0,10095.461388888876,100.0,False,3
2104,277.372,686.0,-3153.0,254.5083296,10101.587825251394,100.0,False,3
2105,277.526,606.6738462297064,-3075.6222851436846,259.0,10112.728055555543,100.0,False,3
2106,277.612,562.0,-3032.0,260.535712,10118.990260302502,100.0,False,3
2107,277.806,460.689515641999,-2932.947786347831,264.0,10133.261388888874,100.0,False,3
2108,277.872,426.0,-2899.0,265.4437528,10138.184799876824,100.0,False,3
2109,278.072,320.0,-2795.0,269.8187528,10153.271839063464,100.0,False,3
2110,278.126,291.0741330579484,-2766.3967562315825,271.0,10157.350277777761,100.0,False,3
2111,278.232,234.0,-2710.0,271.0,10165.348860788583,100.0,False,3
2112,278.492,94.0,-2574.0,271.0,10184.91219248193,100.0,False,3
2113,278.526,75.90656481869358,-2556.233459212988,271.0,10187.461388888874,100.0,False,3
2114,278.632,19.0,-2500.0,271.0,10195.402712124172,100.0,False,3
2115,278.686,-11.254642339665615,-2470.0876300612504,271.0,10199.505833333316,100.0,False,3
2116,278.846,-104.99423792413461,-2377.4734741884204,281.0,10211.994722222207,100.0,False,3
2117,278.912,-143.0,-2340.0,282.031252,10217.209171508825,100.0,False,3
2118,279.166,-281.1002776939108,-2204.3635860186923,286.0,10237.416944444429,100.0,False,3
2119,279.292,-343.0,-2144.0,286.0,10247.4369596408,100.0,False,3
2120,279.406,-397.67336321207097,-2091.1773089176836,286.0,10256.483611111096,100.0,False,3
2121,279.412,-401.0,-2088.0,286.0,10256.95902225786,100.0,False,3
2122,279.652,-578.0,-1921.0,286.0,10275.929722896044,100.0,False,3
2123,279.806,-712.6103350048246,-1792.8892646813567,286.0,10288.261388888872,100.0,False,3
2124,280.033,-904.0,-1610.0,292.2880915302988,10306.861216067795,100.0,False,3
2125,280.167,-991.7328815986322,-1526.8759480832257,296.0,10317.943611111094,100.0,False,3
2126,280.373,-1108.0,-1417.0,297.4714294857143,10334.995173852714,100.0,False,3
2127,280.447,-1151.8905849937585,-1375.1553999152331,298.0,10341.121388888874,100.0,False,3
2128,280.553,-1216.0,-1314.0,298.0,10349.895923749771,100.0,False,4
2129,280.607,-1248.624393246687,-1283.043434000757,298.0,10354.36583333332,100.0,False,4
2130,280.767,-1344.4625994774244,-1192.3611621397906,298.0,10367.610277777763,100.0,False,4
2131,280.773,-1348.0,-1189.0,298.0,10368.106962450542,100.0,False,4
2132,280.953,-1456.0,-1086.0,298.0,10383.007340554806,100.0,False,4
2133,281.047,-1521.4207704778564,-1023.8227909240105,298.0,10390.788055555544,100.0,False,4
2134,281.207,-1632.502061596031,-918.3345977532498,298.0,10404.032499999987,100.0,True,4
2135,281.213,-1636.0,-915.0,298.0,10404.529406890373,100.0,True,4
2136,281.447,-1751.450392365094,-804.3899196593007,298.0,10423.899166666653,100.0,True,4
2137,281.453,-1755.0,-801.0,298.0,10424.394221892837,100.0,True,4
2138,281.687,-1935.1284975338313,-629.7433902916075,298.0,10443.76583333332,100.0,True,4
2139,281.813,-2037.0,-533.0,304.3000064,10454.524217390786,100.0,True,4
2140,281.887,-2092.0070492047826,-480.72169887871763,308.0,10460.87694444443,100.0,True,4
2141,282.047,-2198.7428376931184,-379.17002215907115,308.0,10474.565833333321,100.0,True,4
2142,282.287,-2327.6771356659738,-256.18363497945643,311.0,10495.299166666651,100.0,True,4
2143,282.487,-2431.7277806216334,-157.1155890953389,312.0,10512.632499999989,100.0,False,4
2144,282.687,-2554.2186451066073,-41.08607142983676,307.0,10529.688055555544,25.0,False,4
2145,282.733,-2585.0,-12.0,307.0,10533.652438900272,21.40624,False,4
2146,283.007,-2780.625341712182,172.49240494877023,307.0,10556.976944444432,0.0,True,4
2147,283.113,-2836.0,225.0,283.66664788260715,10565.11424458015,0.0,True,4
2148,283.166,-2856.1537073024188,244.26395005026237,272.0,10568.990277777764,0.0,True,4
2149,283.393,-2917.0,303.0,249.2999936,10584.288692366139,0.0,True,4
2150,283.526,-2979.186017631441,361.7264721779082,236.0,10592.590277777765,0.0,True,4
2151,283.633,-3035.0,414.0,229.1909050181818,10599.033528631446,0.0,True,4
2152,283.812,-3120.0,493.0,217.80000814545454,10609.367293157527,0.0,True,4
2153,283.966,-3186.161167730229,554.9830375255244,208.0,10618.012499999986,0.0,True,4
2154,284.092,-3240.0,606.0,202.8812552,10624.959258642864,0.0,True,4
2155,284.286,-3328.2135781588113,691.2280804691255,195.0,10635.345833333318,0.0,True,4
2156,284.292,-3331.0,694.0,194.7750048,10635.65882085514,0.0,True,4
2157,284.512,-3429.0,796.0,186.5249952,10646.83545048042,0.0,True,4
2158,284.606,-3460.1836591287015,832.1350398135091,183.0,10651.612499999985,0.0,True,4
2159,284.712,-3490.0,869.0,183.0,10657.078360824009,0.0,True,4
2160,284.912,-3545.0,941.0,183.0,10667.414028165165,0.0,True,4
2161,285.006,-3572.0160734083047,982.5428676538153,183.0,10671.945833333317,0.0,True,4
2162,285.172,-3616.0,1059.0,171.68182690909092,10679.32131156766,0.0,True,4
2163,285.446,-3652.95107805631,1147.4569401875742,153.0,10690.64583333332,0.0,True,4
2164,285.592,-3663.0,1195.0,153.0,10696.895552876136,0.0,True,4
2165,285.686,-3668.072853803124,1230.6777448796286,153.0,10700.845833333316,0.0,False,4
2166,285.772,-3671.0,1264.0,149.7750048,10704.329745023662,10.749984,False,4
2167,285.952,-3669.0,1335.0,143.0249952,10711.306648180329,33.250015999999995,False,4
2168,286.006,-3665.5814444934667,1363.7073477477543,141.0,10713.37916666665,40.0,False,4
2169,286.166,-3649.1807729348525,1466.0579462803066,138.0,10719.512499999984,40.0,False,4
2170,286.232,-3643.0,1501.0,138.66000128,10722.05923855637,45.61001088,False,4
2171,286.366,-3633.4192284172054,1550.3027978486903,140.0,10727.290277777762,57.0,False,4
2172,286.607,-3621.1400502925208,1596.3297170251055,144.0,10736.930277777763,57.0,False,4
2173,286.653,-3618.0,1608.0,144.0,10738.757408013262,59.628578742857144,False,4
2174,286.853,-3598.0,1687.0,144.0,10746.721073952864,71.05715017142857,False,4
2175,286.887,-3592.3664491119134,1710.9571565991623,144.0,10748.130277777762,73.0,False,4
2176,287.033,-3566.0,1826.0,150.57000576,10754.420408753049,74.09500096,False,4
2177,287.287,-3557.0564112009943,1879.5838182363434,162.0,10766.13027777776,76.0,False,4
2178,287.293,-3557.0,1881.0,162.25714834285714,10766.415237527819,76.04285805714285,False,4
2179,287.567,-3552.6831056816236,2005.2710832589842,174.0,10779.663611111095,78.0,False,4
2180,287.693,-3554.0,2074.0,174.0,10785.669446494428,80.7562528,False,4
2181,287.887,-3562.6810632017628,2171.2296323931027,174.0,10795.130277777762,85.0,False,4
2182,287.893,-3563.0,2174.0,174.4500096,10795.437586823307,85.0,False,4
2183,288.053,-3576.0,2257.0,186.4500096,10803.939820557876,85.0,False,4
2184,288.127,-3591.5018993717326,2325.265727931789,192.0,10807.930277777763,85.0,False,4
2185,288.213,-3614.0,2413.0,192.86000128,10812.545611141928,88.01000448,False,4
2186,288.327,-3642.5696479214052,2503.598637152384,194.0,10818.70805555554,92.0,False,4
2187,288.687,-3718.010147823799,2642.355113216597,204.0,10839.108055555542,100.0,False,4
2188,288.713,-3722.0,2649.0,204.6500032,10840.607103343407,100.0,False,4
2189,288.887,-3746.878301361456,2690.3410171525143,209.0,10850.719166666653,100.0,False,4
2190,288.953,-3767.0,2718.0,210.98000384,10854.621356372574,100.0,False,4
2191,289.087,-3837.6886904830553,2808.1056822652304,215.0,10862.663611111097,100.0,False,4
2192,289.233,-3926.0,2916.0,218.6500032,10871.595466594335,100.0,False,4
2193,289.327,-3968.6276036088984,2965.674674291007,221.0,10877.39694444443,100.0,False,4
2194,289.687,-4092.5217299900905,3081.579139030371,224.0,10899.796944444432,100.0,False,4
2195,289.713,-4107.0,3094.0,224.43514846924896,10901.431738668549,100.0,False,4
2196,289.893,-4223.0,3193.0,227.44769996379583,10912.826837034027,100.0,False,4
2197,289.926,-4241.010637916847,3208.3835556280274,228.0,10914.933611111097,100.0,False,4
2198,290.126,-4317.931629220298,3274.4590627186867,232.0,10927.822499999986,100.0,False,4
2199,290.233,-4360.0,3311.0,233.52857234285713,10934.793524412162,100.0,False,4
2200,290.406,-4445.229569738444,3385.6198137350757,236.0,10946.178055555542,100.0,False,4
2201,290.472,-4478.0,3415.0,237.6500032,10950.561056552953,100.0,False,4
2202,290.566,-4523.773569449293,3457.012960844969,240.0,10956.844722222206,100.0,False,4
2203,290.572,-4527.0,3460.0,240.09999786666665,10957.247610098548,100.0,False,4
2204,290.806,-4690.295356425891,3612.5878549145996,244.0,10973.111388888872,100.0,False,4
2205,290.932,-4764.0,3682.0,245.04999893333334,10981.739432155508,100.0,False,4
2206,291.166,-4830.035765919645,3745.477277970499,247.0,10997.811388888873,100.0,False,4
2207,291.232,-4852.0,3767.0,247.0,11002.322951028451,100.0,False,4
2208,291.366,-4915.654482105566,3829.41542410007,247.0,11011.533611111096,100.0,False,4
2209,291.492,-4982.0,3895.0,251.19999573333334,11020.418170776611,100.0,False,4
2210,291.606,-5034.209223299796,3947.50652710039,255.0,11028.533611111096,100.0,False,4
2211,291.772,-5121.0,4037.0,255.69166613333334,11040.310841431034,100.0,False,4
2212,291.846,-5176.036032567251,4094.4108422672293,256.0,11045.600277777761,100.0,False,4
2213,291.972,-5270.0,4193.0,258.20499776,11054.709622799364,100.0,False,4
2214,292.246,-5357.129297527137,4286.961016842673,263.0,11074.82249999998,100.0,False,4
2215,292.252,-5359.0,4289.0,263.0562488,11075.26415244874,100.0,False,4
2216,292.566,-5505.767263286083,4449.766985255757,266.0,11098.466944444423,100.0,False,4
2217,292.612,-5537.0,4485.0,266.68999808,11101.895042828226,100.0,False,4
2218,292.766,-5655.605443925935,4620.761966932341,269.0,11113.411388888871,100.0,False,4
2219,292.792,-5674.0,4642.0,269.0,11115.355153645498,100.0,False,4
2220,293.006,-5786.648379996499,4773.999300934471,269.0,11131.344722222202,100.0,False,4
2221,293.193,-5857.0,4859.0,269.66548080637284,11145.34169031689,100.0,False,4
2222,293.287,-5891.376778122845,4901.087188570958,270.0,11152.419722222203,100.0,False,4
2223,293.487,-5964.373713720374,4991.831689545189,273.0,11167.586388888874,100.0,False,4
2224,293.593,-6008.0,5047.0,272.6687496,11175.616871755781,100.0,False,4
2225,293.807,-6106.991375738365,5174.255091530571,272.0,11191.764166666653,100.0,False,4
2226,293.833,-6119.0,5190.0,271.6749984,11193.718125113897,100.0,False,4
2227,293.967,-6179.394394258702,5270.40164517017,270.0,11203.76416666665,100.0,False,4
2228,293.993,-6191.0,5286.0,269.89166613333333,11205.70994999407,100.0,False,4
2229,294.207,-6286.286722512223,5415.288690456147,269.0,11221.697499999984,100.0,False,4
2230,294.487,-6410.325935037012,5586.883315501396,269.0,11242.619722222207,100.0,False,4
2231,294.767,-6530.71733023186,5757.4925173900765,267.0,11263.386388888874,100.0,True,4
2232,294.967,-6611.217953324533,5874.586548483343,254.0,11277.497499999983,7.0,True,4
2233,295.073,-6652.0,5935.0,254.0,11285.074322553904,7.0,True,4
2234,295.167,-6687.073535050734,5987.619765108573,254.0,11291.608611111093,7.0,True,4
2235,295.273,-6727.0,6048.0,240.21998336,11298.473829405946,3.2899955199999997,True,4
2236,295.367,-6764.329512410801,6104.5672915383775,228.0,11304.27527777776,0.0,True,4
2237,295.607,-6861.511492352769,6252.038033125151,213.0,11318.475277777761,0.0,True,4
2238,295.653,-6878.0,6277.0,209.5499904,11321.096248051268,0.0,True,4
2239,295.767,-6915.148464788757,6333.116034740376,201.0,11327.408611111092,0.0,True,4
2240,295.927,-6958.852566098115,6398.969855321957,188.0,11335.76416666665,0.0,True,4
2241,296.073,-6994.0,6453.0,188.0,11343.400332056655,0.0,True,4
2242,296.087,-6997.1837304308865,6457.970161797197,188.0,11344.119722222204,0.0,True,4
2243,296.367,-7054.973499432839,6550.055671632469,173.0,11357.57527777776,0.0,True,4
2244,296.393,-7060.0,6558.0,169.8643071793183,11358.700157857875,0.0,True,4
2245,296.566,-7092.681135263072,6609.243216097735,149.0,11365.811666666646,0.0,True,4
2246,296.673,-7116.0,6652.0,149.0,11370.303161088661,0.0,True,4
2247,296.806,-7151.048156240075,6726.152984990345,149.0,11375.74499999998,0.0,True,4
2248,296.912,-7174.0,6778.0,138.3999872,11379.67669182807,0.0,True,4
2249,296.966,-7181.240613496314,6795.213772274279,133.0,11381.656111111093,0.0,True,4
2250,297.126,-7187.746287631178,6816.306043575398,133.0,11387.567222222202,0.0,True,4
2251,297.212,-7191.0,6831.0,126.8187592,11390.447800975537,0.0,True,4
2252,297.412,-7204.0,6893.0,112.4437592,11396.37121017259,0.0,True,4
2253,297.446,-7205.642728619287,6906.125357863514,110.0,11397.344999999983,0.0,True,4
2254,297.732,-7208.0,7026.0,102.8500032,11405.332324348543,0.0,True,4
2255,297.846,-7203.625332653542,7062.853337562256,100.0,11408.456111111092,0.0,True,4
2256,298.006,-7193.544957293656,7101.870615984911,98.0,11412.811666666646,0.0,True,4
2257,298.092,-7188.0,7119.0,97.3857152,11415.148951761057,0.0,True,4
2258,298.286,-7175.899369887484,7148.721023820984,96.0,11420.278333333314,0.0,False,4
2259,298.526,-7156.02655832154,7183.033546434408,86.0,11426.011666666647,0.0,False,4
2260,298.552,-7153.0,7188.0,85.9071424,11426.623978587606,2.32144,False,4
2261,298.592,-7148.0,7196.0,85.76428525714286,11427.567173752228,5.892868571428572,False,4
2262,298.806,-7114.554962030716,7232.108485626444,85.0,11432.622777777757,25.0,False,4
2263,298.832,-7110.0,7236.0,85.0,11433.235592920922,25.541669333333335,False,4
2264,299.046,-7069.630107199478,7265.2555650505965,85.0,11438.289444444425,30.0,False,4
2265,299.132,-7052.0,7275.0,85.5374992,11440.352106893537,35.9124912,False,4
2266,299.206,-7036.195489257562,7282.286555068852,86.0,11442.111666666646,41.0,False,4
2267,299.332,-7008.0,7293.0,84.74000128,11445.022053416196,44.1499968,False,4
2268,299.406,-6990.74134924758,7298.84690747848,84.0,11446.778333333314,46.0,False,4
2269,299.492,-6970.0,7305.0,87.21161433005526,11448.925378982698,47.78423018336403,False,4
2270,299.647,-6930.749957179732,7313.7253293373105,93.0,11453.004166666648,51.0,False,4
2271,299.673,-6924.0,7315.0,93.6500032,11453.700209344788,52.08333866666667,False,4
2272,299.853,-6876.0,7323.0,98.1500032,11458.633338099193,59.58333866666667,False,4
2273,299.887,-6866.56703794584,7324.473924232,99.0,11459.604166666646,61.0,False,4
2274,300.047,-6821.021388149013,7331.364395725092,107.0,11464.359722222202,61.0,False,4
2275,300.113,-6803.0,7334.0,109.062504,11466.399838944752,61.8250016,False,4
2276,300.333,-6736.0,7343.0,115.937504,11473.578663741497,64.5750016,False,4
2277,300.367,-6719.429924286126,7345.015548049086,117.0,11474.759722222203,65.0,False,4
2278,300.613,-6560.0,7363.0,129.9833400888889,11483.895671219732,73.88333795555556,False,4
2279,300.727,-6493.860181498765,7369.293874896809,136.0,11488.359722222202,78.0,False,4
2280,300.813,-6449.0,7374.0,139.87000576,11491.791228628295,78.0,False,4
2281,300.927,-6395.122571235405,7381.418264961864,145.0,11496.41527777776,78.0,False,4
2282,301.213,-6289.0,7403.0,148.1777792,11508.272906717473,16.827750400000003,False,4
2283,301.287,-6268.692152531824,7408.139541535895,149.0,11511.315277777758,1.0,False,4
2284,301.447,-6230.825939948222,7419.888662811721,146.0,11517.804166666647,0.0,False,4
2285,301.513,-6212.0,7427.0,145.44999893333335,11520.462317451093,0.0,False,4
2286,301.687,-6150.0494280307,7453.345935354244,144.0,11527.404166666649,0.0,False,4
2287,301.793,-6111.0,7473.0,142.7954530909091,11531.553006785383,0.0,False,4
2288,302.053,-6027.0,7529.0,139.84090763636362,11541.541336728886,0.0,False,4
2289,302.127,-6005.354333936137,7547.237550297493,139.0,11544.393055555538,0.0,False,4
2290,302.233,-5976.0,7575.0,139.0,11548.49310117388,3.9750048,False,4
2291,302.287,-5961.851578777927,7589.763965231484,139.0,11550.570833333313,6.0,False,4
2292,302.447,-5923.334663607967,7636.171089724862,137.0,11556.659722222204,35.0,False,4
2293,302.453,-5922.0,7638.0,137.0187504,11556.888010944924,35.2250048,False,4
2294,302.533,-5905.0,7663.0,137.2687504,11559.937011287268,38.2250048,False,4
2295,302.753,-5866.0,7737.0,137.9562504,11568.384581701452,46.4750048,False,4
2296,302.767,-5863.826832254494,7741.925059352946,138.0,11568.92638888887,47.0,False,4
2297,302.933,-5841.0,7802.0,139.5562512,11575.39131759066,49.593752,False,4
2298,303.087,-5826.238081591707,7859.987987485151,141.0,11581.459722222204,52.0,False,4
2299,303.213,-5818.0,7909.0,142.58159114133124,11586.478103497131,54.10878818844166,False,4
2300,303.326,-5812.940798655509,7954.1652967311475,144.0,11591.019722222205,56.0,False,4
2301,303.492,-5810.0,8022.0,146.48999808,11597.776461916306,63.46999424,False,4
2302,303.526,-5810.154215991484,8035.996961279399,147.0,11599.186388888873,65.0,False,4
2303,303.632,-5812.0,8080.0,149.3187528,11603.653505163991,66.9875024,False,4
2304,303.792,-5817.0,8148.0,152.8187528,11610.545751561564,69.9875024,False,4
2305,303.846,-5819.128424824939,8171.058058809703,154.0,11612.875277777763,71.0,False,4
2306,304.032,-5828.0,8251.0,155.32857234285714,11620.90070336212,74.32143085714286,False,4
2307,304.126,-5833.36651001421,8292.216352900092,156.0,11625.008611111094,76.0,False,4
2308,304.252,-5841.0,8347.0,159.937496,11630.615359630778,94.8999808,False,4
2309,304.286,-5843.025809218788,8361.345635468946,161.0,11632.164166666651,100.0,False,4
2310,304.526,-5858.6842871632125,8468.127222914003,171.0,11643.564166666652,100.0,False,4
2311,304.572,-5863.0,8496.0,172.34166293333334,11645.806837794673,100.0,False,4
2312,304.766,-5884.467944339412,8630.744089985978,178.0,11655.430833333321,100.0,False,4
2313,304.772,-5885.0,8634.0,178.17499626666665,11655.7331213734,100.0,False,4
2314,305.006,-5898.331262129189,8713.122095738923,185.0,11667.764166666653,100.0,False,4
2315,305.052,-5902.0,8737.0,187.0124944,11670.19422334469,100.0,False,4
2316,305.166,-5914.719527451622,8823.007632086792,192.0,11676.29749999999,100.0,False,4
2317,305.332,-5934.0,8959.0,194.96428342857143,11685.320094722127,100.0,False,4
2318,305.446,-5939.972269703324,9006.873975388631,197.0,11691.619722222214,100.0,False,4
2319,305.672,-5942.0,9058.0,201.9437528,11704.373953845654,100.0,False,4
2320,305.766,-5943.938403047458,9103.865434745867,204.0,11709.753055555546,100.0,False,4
2321,305.932,-5947.0,9205.0,206.0749984,11719.320907263027,88.24167573333334,False,4
2322,306.006,-5946.726168444427,9246.488539905118,207.0,11723.553055555542,83.0,True,4
2323,306.193,-5940.0,9351.0,202.34163435539003,11734.046839277387,44.402113230374546,True,4
2324,306.287,-5932.1633032742875,9413.788831679087,200.0,11739.164166666655,25.0,True,4
2325,306.393,-5922.0,9482.0,194.6999936,11744.783204908763,17.57999104,True,4
2326,306.487,-5914.136070794483,9528.620935059402,190.0,11749.719722222213,11.0,True,4
2327,306.693,-5891.0,9615.0,190.57222257777778,11760.642935695687,28.166677333333336,True,4
2328,306.847,-5854.216016698525,9709.173552447362,191.0,11768.819722222212,41.0,False,4
2329,307.013,-5809.0,9810.0,190.4071424,11777.582141437055,54.6357248,False,4
2330,307.127,-5783.68254618522,9858.1687980471,190.0,11783.597499999993,64.0,False,4
2331,307.373,-5729.0,9934.0,191.3666673777778,11796.645058876733,79.71667484444444,False,4
2332,307.487,-5691.78271979181,9978.668386860407,192.0,11802.797499999993,87.0,False,4
2333,307.633,-5637.0,10040.0,195.2444472888889,11810.818386866125,92.27222684444445,False,4
2334,307.693,-5614.0,10064.0,196.57778062222224,11814.159342312632,94.43889351111112,False,4
2335,307.847,-5551.187889537232,10123.10658517635,200.0,11822.79749999999,100.0,False,4
2336,307.973,-5497.0,10170.0,201.5750016,11829.926261206176,100.0,False,4
2337,308.153,-5417.0,10236.0,203.8250016,11840.139852169832,100.0,False,4
2338,308.167,-5410.616159727145,10241.045110497811,204.0,11840.930833333321,100.0,False,4
2339,308.313,-5343.0,10293.0,204.0,11849.16742926306,100.0,False,4
2340,308.367,-5317.95652965819,10312.131322576155,204.0,11852.264166666657,100.0,False,4
2341,308.633,-5192.0,10407.0,213.1437544,11868.106102969854,100.0,False,4
2342,308.687,-5164.666842809278,10426.711851453172,215.0,11871.375277777766,100.0,False,4
2343,308.833,-5089.0,10480.0,218.04166933333335,11880.247714387522,100.0,False,4
2344,308.927,-5041.208620928557,10513.090670768046,220.0,11886.041944444434,100.0,False,4
2345,309.253,-4891.0,10614.0,227.33500288,11906.767233171548,100.0,False,4
2346,309.327,-4863.54652540224,10631.706449437897,229.0,11911.486388888876,100.0,False,4
2347,309.607,-4763.703735915937,10692.41680371509,229.0,11929.29749999999,100.0,False,4
2348,309.613,-4761.0,10694.0,229.0887390879644,11929.684355102887,100.0,False,4
2349,309.833,-4637.0,10764.0,232.3424362344529,11944.094676074877,100.0,False,4
2350,310.073,-4438.0,10865.0,235.89192403062214,11960.312806465587,100.0,False,4
2351,310.486,-4153.662905500159,10992.34057440028,242.0,11988.38583333332,100.0,False,4
2352,310.512,-4143.0,10997.0,242.13000064,11990.141686073788,100.0,False,4
2353,310.686,-4098.7791056830065,11016.782830540196,243.0,12001.88583333332,100.0,False,4
2354,310.852,-4019.0,11052.0,243.9222215111111,12013.17910356529,100.0,False,4
2355,311.046,-3812.8023869304666,11141.495983361267,245.0,12026.38583333332,100.0,False,4
2356,311.052,-3807.0,11144.0,244.94000128,12026.792065112193,100.0,False,4
2357,311.246,-3668.710720262719,11203.173578860413,243.0,12039.88583333332,100.0,False,4
2358,311.352,-3603.0,11232.0,243.6625008,12047.064267466401,100.0,False,4
2359,311.406,-3566.5013381060194,11248.408328756714,244.0,12050.730277777766,100.0,False,4
2360,311.606,-3417.916793572803,11316.884939165162,245.0,12064.341388888875,100.0,False,4
2361,311.712,-3347.0,11349.0,244.24285622857144,12071.546405566558,100.0,False,4
2362,311.832,-3273.0,11382.0,243.38571337142858,12079.648708381326,100.0,False,4
2363,311.886,-3231.2048767229107,11401.589066933968,243.0,12083.241388888877,100.0,False,4
2364,312.072,-3070.0,11480.0,233.6999936,12095.305225300533,100.0,False,4
2365,312.126,-3036.8217329623826,11496.266717749686,231.0,12098.641388888875,100.0,True,4
2366,312.452,-2917.0,11560.0,207.36500928,12117.048507300959,18.500032000000004,True,4
2367,312.526,-2871.989936086674,11586.305867786024,202.0,12121.08583333332,0.0,True,4
2368,312.732,-2730.0,11671.0,195.40213782824492,12132.2759036286,0.0,True,4
2369,312.807,-2694.898674765703,11692.567200626858,193.0,12136.150555555541,0.0,True,4
2370,313.047,-2637.333194279501,11730.495345681122,173.0,12147.683888888874,0.0,True,4
2371,313.153,-2606.0,11750.0,172.3374992,12152.729904305226,0.0,True,4
2372,313.353,-2524.0,11797.0,171.0874992,12162.229103856564,0.0,True,4
2373,313.367,-2518.198934620706,11799.928287638713,171.0,12162.883888888875,0.0,False,4
2374,313.593,-2427.0,11835.0,166.7624976,12173.268087626791,43.0812744,False,4
2375,313.687,-2386.5024694294766,11843.525603065675,165.0,12177.550555555543,61.0,False,4
2376,313.693,-2384.0,11844.0,165.0,12177.824010904482,61.27000576,False,4
2377,313.887,-2308.3898592600995,11854.674581652222,165.0,12186.71722222221,70.0,False,4
2378,313.973,-2259.0,11850.0,167.1500032,12190.754753592275,73.07143314285715,False,4
2379,314.167,-2107.7045909556587,11816.005250745613,172.0,12200.094999999987,80.0,False,4
2380,314.173,-2104.0,11815.0,172.12857417142857,12200.388243238747,80.08571611428572,False,4
2381,314.447,-2029.8960929589473,11782.27595346918,178.0,12213.939444444433,84.0,False,4
2382,314.533,-2006.0,11766.0,177.7312496,12218.15751879452,88.3000064,False,4
2383,314.653,-1955.0,11733.0,177.3562496,12224.00593053213,94.3000064,False,4
2384,314.767,-1894.1536326684688,11689.703465809584,177.0,12229.672777777767,100.0,False,4
2385,314.927,-1800.3419412231842,11618.778170933227,185.0,12237.89499999999,100.0,False,4
2386,314.993,-1768.0,11595.0,188.63000704,12241.408475688939,100.0,False,4
2387,315.127,-1715.9101400823938,11558.655417471991,196.0,12248.783888888876,100.0,False,4
2388,315.327,-1653.8627459184052,11523.43087989008,209.0,12260.394999999986,100.0,False,4
2389,315.393,-1626.0,11510.0,211.062504,12264.343745727554,100.0,False,4
2390,315.647,-1485.5243816797006,11451.228418460889,219.0,12279.861666666653,100.0,False,4
2391,315.653,-1482.0,11450.0,219.0750016,12280.228836438804,100.0,False,4
2392,315.807,-1390.8670916255453,11422.389359624429,221.0,12289.683888888878,100.0,False,4
2393,315.833,-1375.0,11418.0,221.812504,12291.30326885168,100.0,False,4
2394,315.967,-1291.4755577011433,11395.868357345382,226.0,12299.728333333322,100.0,False,4
2395,315.993,-1276.0,11392.0,226.0,12301.358131719597,100.0,False,4
2396,316.207,-1151.5090117820234,11364.630532790823,226.0,12314.794999999987,100.0,False,4
2397,316.253,-1113.0,11357.0,227.84000512,12317.755350088697,100.0,False,4
2398,316.407,-946.7991218120362,11324.976088346139,234.0,12327.794999999987,100.0,False,4
2399,316.453,-905.0,11317.0,234.0,12330.776134156462,100.0,False,4
2400,316.567,-838.0079382578878,11304.292007548825,234.0,12338.194999999989,100.0,False,4
2401,316.772,-772.0,11291.0,241.71159479140417,12352.150743890961,100.0,False,4
2402,316.886,-702.0219016267839,11275.884016622897,246.0,12359.993333333325,100.0,False,4
2403,317.012,-612.0,11255.0,246.0,12368.575768293103,100.0,False,4
2404,317.166,-510.9765177682808,11227.797910651585,246.0,12379.126666666656,100.0,False,4
2405,317.212,-481.0,11219.0,247.53332906666665,12382.33769493263,100.0,False,4
2406,317.406,-351.3148475951228,11177.637079715545,254.0,12396.05999999999,100.0,False,4
2407,317.472,-307.0,11162.0,254.0,12400.7090063203,100.0,False,4
2408,317.566,-244.22671868682983,11138.359540435968,254.0,12407.348888888879,100.0,False,4
2409,317.712,-148.0,11098.0,257.24444728888886,12417.858969374425,100.0,False,4
2410,317.752,-122.0,11086.0,258.1333361777778,12420.780610447127,100.0,False,4
2411,317.926,-9.631074205475516,11027.993312619234,262.0,12433.54888888888,100.0,False,4
2412,317.932,-6.0,11026.0,262.05999872,12433.990189085103,100.0,False,4
2413,318.132,116.0,10949.0,264.05999872,12448.739553406787,100.0,False,4
2414,318.326,302.813846775854,10789.27224461208,266.0,12463.104444444438,100.0,False,4
2415,318.452,420.0,10677.0,266.44999954285714,12472.457822462107,100.0,False,4
2416,318.606,522.1255601378589,10564.168639449637,267.0,12483.871111111104,100.0,False,4
2417,318.886,636.6014704455207,10392.932554359582,266.0,12504.559999999994,100.0,False,4
2418,318.892,639.0,10389.0,266.17499626666665,12505.00958790136,100.0,False,4
2419,319.126,733.5336181245793,10225.10686659789,273.0,12522.759999999991,100.0,False,4
2420,319.312,795.0,10111.0,273.93000064,12536.911668752284,100.0,False,4
2421,319.326,798.6888646604077,10103.906470884038,274.0,12537.982222222217,100.0,False,4
2422,319.527,837.3176240497846,10024.810001348618,277.0,12553.44805555555,100.0,False,4
2423,319.713,875.0,9928.0,277.77500053333335,12567.801641662627,100.0,False,4
2424,319.767,890.0805932554847,9886.606002035402,278.0,12571.981388888882,100.0,False,4
2425,319.953,947.0,9723.0,279.2681826909091,12586.438899549928,100.0,False,4
2426,320.207,995.6230642545044,9556.847728014814,281.0,12606.325833333325,100.0,False,4
2427,320.273,1007.0,9512.0,281.6187512,12611.51865203871,100.0,False,4
2428,320.433,1036.0,9391.0,283.1187512,12624.145447502124,100.0,False,4
2429,320.527,1051.8685985556738,9320.314206957302,284.0,12631.57027777777,100.0,False,4
2430,320.673,1076.0,9205.0,284.60833386666667,12643.105144098543,100.0,False,4
2431,320.767,1092.9284661211736,9119.103721752423,285.0,12650.57027777777,100.0,False,4
2432,320.993,1132.0,8909.0,288.22857325714284,12668.704207697654,100.0,False,4
2433,321.047,1138.8550046411747,8869.859869718313,289.0,12673.048055555551,100.0,False,4
2434,321.353,1161.0,8670.0,289.76500032,12697.661538780096,100.0,False,4
2435,321.447,1164.2641696299388,8570.009125187242,290.0,12705.27027777777,100.0,False,4
2436,321.633,1167.0,8363.0,291.86000128,12720.430338199789,100.0,False,4
2437,321.847,1165.2503578314995,8259.803909113707,294.0,12737.936944444435,100.0,False,4
2438,322.007,1155.5714042733919,8141.095613139552,294.0,12751.003611111104,100.0,False,4
2439,322.013,1155.0,8134.0,294.06000128,12751.495034537864,100.0,False,4
2440,322.207,1131.5286141550553,7840.159447968333,296.0,12767.44805555555,100.0,False,4
2441,322.233,1129.0,7808.0,296.13000064,12769.590386106884,100.0,False,4
2442,322.407,1119.3893399247302,7683.601697921598,297.0,12783.94805555555,100.0,False,4
2443,322.493,1114.0,7634.0,297.35833386666667,12791.066461067217,100.0,False,4
2444,322.647,1097.5140607699739,7514.751317785348,298.0,12803.814722222218,100.0,False,4
2445,322.773,1077.0,7408.0,297.2124992,12814.202279937992,100.0,False,4
2446,322.807,1070.3161878093515,7380.355100490547,297.0,12817.014722222219,100.0,False,4
2447,322.933,1042.0,7282.0,298.5750016,12827.50352572963,100.0,False,4
2448,323.127,991.046782330631,7138.159153019113,301.0,12843.770277777774,100.0,False,4
2449,323.213,962.0,7059.0,301.26959282365533,12850.980808861896,100.0,False,4
2450,323.446,867.9769553823083,6795.629006603683,302.0,12870.53083333333,100.0,False,4
2451,323.452,866.0,6790.0,302.02999936,12871.035216794513,100.0,False,4
2452,323.646,823.0985614784267,6664.696729272092,303.0,12887.364166666663,100.0,False,4
2453,323.806,801.0887424723468,6594.802160572035,303.0,12900.830833333326,100.0,False,4
2454,323.912,771.0,6502.0,303.0,12909.752803525946,100.0,False,4
2455,324.092,697.0,6278.0,303.0,12924.903072030855,100.0,False,4
2456,324.126,683.8587467081574,6239.657550266123,303.0,12927.76416666666,100.0,False,4
2457,324.366,608.6104344348441,6037.696118547384,303.0,12947.964166666661,100.0,False,4
2458,324.472,578.0,5964.0,303.3785718857143,12956.904468567052,100.0,False,4
2459,324.646,526.6012387425718,5848.815448328254,304.0,12971.608611111107,100.0,False,4
2460,324.846,467.082633577097,5722.593972036762,305.0,12988.553055555552,100.0,False,4
2461,324.952,437.0,5655.0,305.2944448,12997.562373280289,100.0,False,4
2462,325.206,370.0031847466549,5486.82799814859,306.0,13019.153055555555,100.0,False,4
2463,325.252,359.0,5453.0,305.4250016,13023.042670572202,100.0,False,4
2464,325.366,333.46585350094807,5363.087502441338,304.0,13032.664166666662,100.0,False,4
2465,325.492,309.0,5258.0,304.0,13043.303827976997,100.0,False,4
2466,325.526,303.2473196363712,5229.476443930244,304.0,13046.175277777777,100.0,False,4
2467,325.712,278.0,5073.0,304.0,13061.882854686799,100.0,False,4
2468,325.806,269.02923004862635,4994.6299010103085,304.0,13069.819722222219,100.0,False,4
2469,325.832,267.0,4973.0,304.0,13072.014818555068,100.0,False,4
2470,326.207,259.6967254225156,4661.798710341947,304.0,13103.68194444444,100.0,False,4
2471,326.553,282.0,4339.0,304.0,13132.907497075092,100.0,False,4
2472,326.567,283.35049339642353,4324.525887255728,304.0,13134.081944444442,100.0,False,4
2473,326.847,318.3962413016689,4020.2575286422193,301.0,13157.493055555551,100.0,False,4
2474,326.893,326.0,3972.0,301.8625024,13161.371482820981,100.0,False,4
2475,327.007,347.316483563978,3857.1331765147124,304.0,13171.004166666666,100.0,False,4
2476,327.167,380.9080481833521,3711.0381776169934,302.0,13184.426388888885,100.0,False,4
2477,327.253,397.0,3646.0,302.0,13191.63964942492,100.0,False,4
2478,327.327,409.4111497487294,3598.143146500172,302.0,13197.848611111109,100.0,False,4
2479,327.567,444.1290178333954,3482.5313866461115,302.0,13217.981944444444,100.0,False,4
2480,327.693,471.0,3406.0,302.0,13228.553988913594,100.0,False,4
2481,327.727,479.8085965128636,3381.688876811317,302.0,13231.404166666664,100.0,False,4
2482,327.893,530.0,3249.0,301.4071424,13245.295054939459,100.0,False,4
2483,328.007,566.8987169813754,3160.4492771894684,301.0,13254.815277777776,100.0,False,4
2484,328.073,589.0,3110.0,300.66999936,13260.321093661601,100.0,False,4
2485,328.207,635.6169968681595,3007.8477566041347,300.0,13271.48194444444,100.0,False,4
2486,328.253,652.0,2973.0,299.8083328,13275.305817728942,100.0,False,4
2487,328.447,723.0720682024555,2827.4479428598806,299.0,13291.415277777774,100.0,False,4
2488,328.473,733.0,2808.0,299.0928576,13293.577921678305,100.0,False,4
2489,328.653,803.0,2676.0,299.73571474285717,13308.578040111232,100.0,False,4
2490,328.727,829.8097006461932,2626.7572039658658,300.0,13314.748611111107,100.0,False,4
2491,328.973,939.0,2448.0,300.0,13335.254381868694,100.0,False,4
2492,329.047,994.8135999602534,2367.8719492980536,300.0,13341.415277777778,100.0,False,4
2493,329.173,1093.0,2232.0,299.47499946666665,13351.89430611526,100.0,False,4
2494,329.287,1146.7934528351163,2161.1149395270127,299.0,13361.348611111109,100.0,False,4
2495,329.447,1186.2780934088935,2117.7609561090408,298.0,13374.593055555557,100.0,False,4
2496,329.513,1211.0,2091.0,299.1000021333333,13380.109969231522,100.0,False,4
2497,329.687,1305.765946543431,1987.4146007454933,302.0,13394.726388888892,100.0,False,4
2498,329.773,1358.0,1932.0,300.8055537777778,13401.875825744668,100.0,False,4
2499,329.952,1463.0,1826.0,298.3194417777778,13416.606663277962,100.0,False,4
2500,330.047,1515.052535376071,1774.3541763553806,297.0,13424.426388888893,100.0,False,4
2501,330.112,1557.0,1734.0,297.0,13429.78649045436,100.0,False,4
2502,330.352,1764.0,1544.0,297.0,13449.592836901022,100.0,False,4
2503,330.366,1773.85003605051,1535.1022616014393,297.0,13450.74388888889,100.0,False,4
2504,330.766,1931.306123198846,1398.2859286214095,289.0,13482.855000000003,100.0,False,4
2505,330.772,1934.0,1396.0,288.5091013818182,13483.30918144192,98.63639272727272,False,4
2506,331.012,2077.0,1276.0,268.8727377454546,13500.629007482865,44.09093818181819,False,4
2507,331.206,2243.1768310626176,1143.0302087252628,253.0,13513.777222222227,0.0,True,4
2508,331.252,2276.0,1117.0,249.16667733333333,13516.820619777362,0.0,True,4
2509,331.446,2358.4606806029415,1051.9139911478376,233.0,13529.31055555556,0.0,True,4
2510,331.712,2451.0,990.0,219.6999936,13545.417696725566,0.0,True,4
2511,331.766,2489.7259738150124,965.0259672447366,217.0,13548.599444444448,0.0,True,4
2512,331.912,2600.0,895.0,213.3499968,13557.1016601431,0.0,True,4
2513,332.126,2660.6592848288547,863.4438381471309,208.0,13569.399444444447,0.0,True,4
2514,332.152,2669.0,860.0,207.60999808,13570.891024437162,0.0,True,4
2515,332.326,2751.8095809539786,826.8074554235707,205.0,13580.788333333338,0.0,True,4
2516,332.372,2776.0,819.0,203.3629935061622,13583.338167510821,0.0,True,4
2517,332.607,2896.3921634159733,798.3645321330016,195.0,13596.00916666667,0.0,False,4
2518,332.653,2921.0,797.0,194.7124992,13598.474988995247,7.4750208,False,4
2519,332.893,3055.0,800.0,193.2124992,13611.339958184795,46.4750208,False,4
2520,332.927,3073.047264052359,801.4227036752898,193.0,13613.164722222227,52.0,False,4
2521,333.093,3166.0,812.0,193.6916672,13622.089248150576,56.8416704,False,4
2522,333.167,3221.011381637583,819.2739856810917,194.0,13626.098055555558,59.0,False,4
2523,333.353,3364.0,839.0,197.10000213333333,13636.298176582648,76.82501226666666,False,4
2524,333.407,3389.957344224095,842.516394056319,198.0,13639.298055555559,82.0,False,4
2525,333.613,3452.0,850.0,201.43333546666668,13650.866280922397,88.00833706666667,False,4
2526,333.647,3466.3963101833315,851.566007895825,202.0,13652.764722222226,89.0,False,4
2527,333.847,3580.0843875726005,863.0230458115043,199.0,13663.82027777778,53.0,False,4
2528,333.913,3619.0,866.0,199.0,13667.46635068514,49.6999936,False,4
2529,334.007,3672.177702362484,868.9530584905785,199.0,13672.664722222227,45.0,False,4
2530,334.153,3750.0,871.0,199.0,13680.736772576725,49.562504,False,4
2531,334.167,3757.1975442274297,871.0738557910303,199.0,13681.50916666667,50.0,False,4
2532,334.313,3838.0,869.0,198.0874992,13689.540989343488,52.7375024,False,4
2533,334.327,3847.9002924624765,868.2283772220337,198.0,13690.309166666673,53.0,False,4
2534,334.513,3998.0,851.0,197.22499946666667,13700.488645474117,51.44999893333333,False,4
2535,334.567,4028.7199354026425,846.6878725932888,197.0,13703.442500000008,51.0,False,4
2536,334.727,4073.869312782777,837.2248747577796,197.0,13712.198055555564,59.0,False,4
2537,334.873,4131.0,810.0,197.0,13720.176480524173,59.0,False,4
2538,334.927,4165.235670831812,792.6387983690231,197.0,13723.142500000009,59.0,False,4
2539,335.073,4272.0,735.0,198.56428708571428,13731.230992424502,80.37859017142857,False,4
2540,335.207,4340.175143576968,688.7733299788841,200.0,13738.698055555564,100.0,False,4
2541,335.313,4385.0,653.0,201.13571565714287,13744.605749685667,100.0,False,4
2542,335.487,4462.912605761326,588.2370684040782,203.0,13754.486944444456,100.0,False,4
2543,335.513,4475.0,578.0,204.40834026666667,13756.010307386408,100.0,False,4
2544,335.727,4579.037019927119,488.49977150269405,216.0,13768.886944444454,100.0,False,4
2545,335.853,4647.0,430.0,217.5750016,13776.50840863663,100.0,False,4
2546,335.887,4666.450859397337,413.3497734587587,218.0,13778.575833333343,100.0,False,4
2547,336.127,4811.861834555835,289.8596285808152,222.0,13793.375833333343,100.0,False,4
2548,336.233,4864.0,246.0,224.6500032,13800.029329870304,100.0,False,4
2549,336.327,4899.880062459589,216.08984797709687,227.0,13805.986944444452,100.0,False,4
2550,336.527,4957.817615481089,168.65630751260983,231.0,13818.820277777784,100.0,False,4
2551,336.592,4983.0,148.0,232.2187536,13823.021712317954,100.0,False,4
2552,336.687,5027.647115091405,111.28382958314705,234.0,13829.220277777786,100.0,False,4
2553,336.832,5103.0,49.0,237.99749838636617,13838.922722107189,100.0,False,4
2554,337.072,5224.0,-53.0,244.61403867844993,13855.4093614089,100.0,False,4
2555,337.086,5233.407036669675,-61.04999347518215,245.0,13856.374444444453,100.0,False,4
2556,337.272,5380.0,-187.0,247.6571446857143,13869.221463595186,100.0,False,4
2557,337.366,5448.892658814183,-245.8350203500073,249.0,13875.741111111118,100.0,False,4
2558,337.526,5549.191927200519,-330.7500600878764,251.0,13886.896666666675,100.0,False,4
2559,337.652,5605.0,-378.0,252.88999808,13895.760995551529,100.0,False,4
2560,337.726,5627.293000082821,-396.96686172920266,254.0,13901.007777777784,100.0,False,4
2561,337.932,5680.0,-443.0,257.218748,13915.784129366588,100.0,False,4
2562,338.046,5737.887162603176,-494.4008261088694,259.0,13924.030000000006,100.0,False,4
2563,338.132,5787.0,-539.0,260.0749984,13930.270448144009,100.0,False,4
2564,338.286,5869.82287016275,-617.8283272459107,262.0,13941.496666666673,100.0,False,4
2565,338.512,5983.0,-735.0,264.4214299428571,13958.116796045175,100.0,False,4
2566,338.566,6009.397331052288,-764.1708841697413,265.0,13962.107777777783,100.0,False,4
2567,338.692,6070.0,-834.0,265.94499904,13971.44522475225,100.0,False,4
2568,338.892,6163.0,-950.0,267.44499904,13986.34424600122,100.0,False,4
2569,338.966,6196.405372269223,-994.9587159151848,268.0,13991.885555555564,100.0,False,4
2570,339.153,6275.0,-1108.0,269.86533759446786,14005.9592211475,100.0,False,4
2571,339.313,6339.0,-1210.0,271.46134782425503,14018.07813468721,100.0,False,4
2572,339.367,6372.467945935938,-1267.060209227814,272.0,14022.183333333342,100.0,False,4
2573,339.493,6460.0,-1420.0,273.1812512,14031.791731872647,100.0,False,4
2574,339.687,6524.627122112628,-1540.9415499693325,275.0,14046.627777777787,100.0,False,4
2575,339.913,6554.0,-1612.0,275.0,14063.893653987394,100.0,False,4
2576,339.967,6566.285693903453,-1639.5107355666673,275.0,14068.016666666674,100.0,False,4
2577,340.173,6633.0,-1794.0,275.0,14083.74732334656,100.0,False,4
2578,340.207,6647.267181878268,-1830.2381121757137,275.0,14086.35000000001,100.0,False,4
2579,340.353,6710.0,-1996.0,275.81111182222224,14097.556697933524,100.0,False,4
2580,340.567,6753.036006748942,-2114.1590029221416,277.0,14114.05000000001,100.0,False,4
2581,340.693,6773.0,-2171.0,277.7000007111111,14123.781792052298,100.0,False,4
2582,340.927,6833.05866470832,-2341.397486914505,279.0,14141.950000000012,100.0,False,4
2583,340.933,6835.0,-2347.0,279.08571611428573,14142.418861180337,100.0,False,4
2584,341.207,6934.129963890825,-2638.4168129467807,283.0,14163.961111111119,100.0,False,4
2585,341.213,6936.0,-2644.0,283.0187504,14164.43418758659,100.0,False,4
2586,341.527,7004.248077432027,-2853.0056748198936,284.0,14189.205555555563,100.0,False,4
2587,341.613,7019.0,-2899.0,283.4624992,14195.977240948683,100.0,False,4
2588,341.687,7031.567767422041,-2938.124010484825,283.0,14201.783333333344,100.0,False,4
2589,341.853,7062.0,-3033.0,281.2214272,14214.699528906694,100.0,False,4
2590,341.967,7088.193679760588,-3115.2019637960857,280.0,14223.561111111121,100.0,False,4
2591,342.113,7124.0,-3227.0,280.73000064,14234.962619000296,100.0,False,4
2592,342.167,7136.366417932692,-3265.045729131011,281.0,14239.17222222223,100.0,False,4
2593,342.327,7171.38267398641,-3371.1638634858696,279.0,14251.572222222232,100.0,False,4
2594,342.433,7201.0,-3462.0,276.87999744,14259.700036833812,100.0,False,4
2595,342.527,7233.642361674022,-3563.268663645915,275.0,14266.85000000001,100.0,False,4
2596,342.633,7271.0,-3680.0,271.4666624,14274.85226182322,99.5583328,False,4
2597,342.767,7307.798674809401,-3796.1209893721248,267.0,14284.650000000009,99.0,True,4
2598,343.033,7357.0,-3960.0,240.3999872,14302.208640220677,16.7062104,True,4
2599,343.087,7365.775867514591,-3991.781923209404,235.0,14305.538888888896,0.0,True,4
2600,343.407,7409.508902154053,-4167.689939303787,206.0,14323.850000000006,0.0,True,4
2601,343.452,7414.0,-4188.0,201.10461078370255,14326.207783156518,0.0,True,4
2602,343.646,7428.166319337745,-4260.345515668709,180.0,14335.800000000007,0.0,True,4
2603,343.812,7438.0,-4317.0,166.72001024,14343.424251112465,0.0,True,4
2604,343.846,7440.191312213913,-4329.431860755372,164.0,14344.911111111116,0.0,True,4
2605,344.052,7457.0,-4421.0,151.41111893333334,14353.341141903176,0.0,True,4
2606,344.206,7477.630142257036,-4526.297881553489,142.0,14359.111111111117,0.0,True,4
2607,344.252,7483.0,-4554.0,138.74167573333332,14360.761697064016,0.0,True,4
2608,344.446,7495.637644373282,-4624.102904451404,125.0,14367.444444444449,0.0,True,4
2609,344.606,7498.607731249968,-4650.698273464807,121.0,14372.822222222225,0.0,True,4
2610,344.672,7500.0,-4665.0,119.62499733333334,14374.991994681925,0.0,True,4
2611,344.846,7503.377276851961,-4714.672548394714,116.0,14380.555555555558,0.0,True,4
2612,344.892,7503.0,-4734.0,114.8500032,14381.98585797114,0.0,True,4
2613,345.052,7496.0,-4818.0,110.8500032,14386.857991259214,0.0,True,4
2614,345.086,7493.7179235499525,-4833.523749577775,110.0,14387.88888888889,0.0,True,4
2615,345.366,7467.487761739512,-4910.930112959651,108.0,14396.288888888888,0.0,False,4
2616,345.452,7459.0,-4926.0,105.8500032,14398.748360734491,0.0,False,4
2617,345.646,7440.883603876199,-4952.411972111544,101.0,14404.144444444446,0.0,False,4
2618,345.873,7410.0,-4981.0,101.0,14410.501210582246,22.008320356045715,False,4
2619,345.973,7388.0,-4997.0,101.0,14413.31486913779,31.70361293360451,False,4
2620,346.007,7378.592984075555,-5002.737638700955,101.0,14414.272500000003,35.0,False,4
2621,346.207,7304.942994597615,-5037.992972253031,102.0,14419.93916666667,50.0,False,4
2622,346.293,7273.0,-5051.0,103.0750016,14422.428570888256,51.50500224,False,4
2623,346.607,7176.597672548139,-5082.498764952379,107.0,14431.828055555561,57.0,False,4
2624,346.653,7165.0,-5086.0,108.02222506666666,14433.24355526904,57.894446933333334,False,4
2625,346.967,7100.853503109019,-5106.110818295708,115.0,14443.328055555561,64.0,False,4
2626,347.127,7060.829346470228,-5117.809745241045,126.0,14448.928055555563,71.0,False,4
2627,347.153,7053.0,-5120.0,126.2785728,14449.845188119878,71.3714304,False,4
2628,347.333,6991.0,-5137.0,128.20714422857142,14456.226627530334,73.94285897142858,False,4
2629,347.407,6964.875998614027,-5144.386407797959,129.0,14458.961388888896,75.0,False,4
2630,347.553,6914.0,-5159.0,135.77857737142858,14464.62409811845,84.90715154285715,False,4
2631,347.687,6867.318046701012,-5172.028016778571,142.0,14470.00583333334,94.0,False,4
2632,347.753,6838.0,-5180.0,143.28333582222223,14472.68003175698,95.10000213333333,False,4
2633,347.993,6699.0,-5217.0,147.95000248888888,14482.596373885288,99.10000213333333,False,4
2634,348.047,6677.163353759595,-5222.7094172253455,149.0,14484.905833333341,100.0,False,4
2635,348.287,6613.224975613902,-5238.470949349123,159.0,14495.50583333334,100.0,False,4
2636,348.293,6611.0,-5239.0,159.12500266666666,14495.774328260635,100.0,False,4
2637,348.473,6530.0,-5258.0,162.87500266666666,14503.909160647021,100.0,False,4
2638,348.527,6507.778833979269,-5263.030032553875,164.0,14506.439166666674,100.0,False,4
2639,348.767,6400.13302361303,-5287.210188919789,177.0,14518.239166666674,100.0,False,4
2640,348.793,6380.0,-5292.0,177.52000256,14519.53725939372,100.0,False,4
2641,348.933,6252.0,-5323.0,180.32000256,14526.56461534034,100.0,False,4
2642,348.967,6227.830563176169,-5328.906858455404,181.0,14528.294722222228,100.0,False,4
2643,349.247,6146.051281477612,-5349.899078621225,188.0,14542.916944444452,100.0,False,4
2644,349.293,6131.0,-5354.0,188.7666688,14545.35999703344,100.0,False,4
2645,349.607,5968.267283079435,-5398.125246922258,194.0,14562.316944444454,100.0,False,4
2646,349.613,5965.0,-5399.0,194.08077095384616,14562.646970012462,100.0,False,4
2647,349.752,5892.0,-5418.0,195.95192566153847,14570.359726017829,100.0,False,4
2648,349.992,5762.0,-5448.0,199.1826948923077,14583.87397049104,100.0,False,4
2649,350.127,5647.283900339392,-5481.348887994101,201.0,14591.350277777787,100.0,False,4
2650,350.232,5561.0,-5507.0,198.9526428608102,14597.077502726468,70.75204086871695,False,4
2651,350.486,5435.466764847146,-5539.244681773065,194.0,14610.696388888897,0.0,True,4
2652,350.552,5408.0,-5544.0,192.67999744,14614.211637517488,0.0,True,4
2653,350.686,5349.179592663554,-5551.286202680218,190.0,14621.251944444452,0.0,False,4
2654,350.886,5253.773865933306,-5556.257548537461,181.0,14631.30750000001,0.0,False,4
2655,351.286,5045.923603303727,-5540.70868283234,178.0,14651.085277777787,0.0,False,4
2656,351.486,4951.457215628779,-5512.728345422666,174.0,14660.751944444455,22.0,False,4
2657,351.592,4905.0,-5492.0,171.3499968,14665.76461100017,22.0,False,4
2658,351.646,4882.294803696288,-5479.869067108391,170.0,14668.307500000014,22.0,False,4
2659,351.806,4818.182774570145,-5438.332849195453,170.0,14675.863055555568,53.0,False,4
2660,351.832,4808.0,-5431.0,170.26000128,14677.098499296171,54.43000704,False,4
2661,352.006,4741.493228247508,-5378.44298419608,172.0,14685.418611111123,64.0,False,4
2662,352.072,4718.0,-5358.0,172.36565174349505,14688.584407783772,66.19391046097027,False,4
2663,352.253,4656.0,-5297.0,173.36842164980328,14697.297222114747,72.2105298988197,False,4
2664,352.367,4607.48167408484,-5240.31795680044,174.0,14702.86694444446,76.0,False,4
2665,352.493,4556.0,-5176.0,176.70000274285715,14709.11661593338,86.80001097142858,False,4
2666,352.647,4516.496411639378,-5122.838109776647,180.0,14716.86694444446,100.0,False,4
2667,352.833,4481.0,-5068.0,183.72000256,14726.365457754382,100.0,False,4
2668,352.847,4477.716600372715,-5062.831228954116,184.0,14727.089166666683,100.0,False,4
2669,353.047,4423.0038362138985,-4974.904429674405,188.0,14737.533611111128,100.0,False,4
2670,353.113,4405.0,-4944.0,188.0,14740.976452313513,100.0,False,4
2671,353.287,4361.264903851378,-4862.687117281682,188.0,14750.066944444457,100.0,False,4
2672,353.333,4350.0,-4841.0,188.82143085714284,14752.49778021262,100.0,False,4
2673,353.513,4306.0,-4755.0,192.03571657142857,14762.139289678285,100.0,False,4
2674,353.567,4293.015079201223,-4728.967087626666,193.0,14765.078055555568,100.0,False,4
2675,353.693,4263.0,-4668.0,196.1500032,14772.021934033914,100.0,False,4
2676,353.807,4235.758144340776,-4612.826186926467,199.0,14778.344722222235,100.0,False,4
2677,353.933,4204.0,-4548.0,198.68499968,14785.31267115608,68.81496831999999,False,4
2678,354.113,4151.0,-4437.0,198.23499968,14795.216642171945,24.264968319999998,False,4
2679,354.207,4116.275287268582,-4362.349189472632,198.0,14800.344722222235,1.0,True,4
2680,354.367,4062.2516192242147,-4244.738250341832,192.0,14808.878055555568,0.0,True,4
2681,354.373,4061.0,-4242.0,191.56249066666666,14809.181977590422,0.0,True,4
2682,354.613,4041.0,-4198.0,174.06249066666666,14820.117738852681,0.0,True,4
2683,354.833,3997.0,-4106.0,158.020824,14829.224150551403,0.0,True,4
2684,354.847,3993.9988604138293,-4100.006806837759,157.0,14829.811388888898,0.0,True,4
2685,355.047,3953.986999454904,-4025.2029760229098,151.0,14838.200277777789,0.0,True,4
2686,355.173,3929.0,-3983.0,143.9124928,14843.218609878546,0.0,True,4
2687,355.207,3922.0719704757157,-3971.8002980295923,142.0,14844.5113888889,0.0,True,4
2688,355.333,3896.0,-3931.0,138.062496,14849.176273957059,0.0,True,4
2689,355.367,3888.9999806026017,-3920.183877551562,137.0,14850.60027777779,0.0,False,4
2690,355.513,3858.0,-3873.0,162.5500224,14857.791737561907,0.0,False,4
2691,355.567,3845.184344606626,-3853.9398759076466,172.0,14860.155833333345,0.0,True,4
2692,355.727,3803.279787044813,-3793.144638746126,116.0,14865.311388888898,0.0,True,4
2693,355.833,3778.0,-3759.0,115.0062488,14868.598176740426,20.868775199999998,True,4
2694,356.047,3738.582480414719,-3714.441130129261,113.0,14875.355833333346,63.0,True,4
2695,356.233,3708.0,-3689.0,105.55999488,14880.795544607703,4.40995968,True,4
2696,356.247,3705.53960500042,-3687.147244087119,105.0,14881.189166666678,0.0,True,4
2697,356.487,3659.4081587950886,-3657.1096046297052,101.0,14887.922500000011,0.0,True,4
2698,356.552,3645.0,-3650.0,105.8750144,14889.986167790932,0.0,True,4
2699,356.687,3612.029733752676,-3636.955246898314,116.0,14894.366944444457,0.0,True,4
2700,356.832,3565.0,-3630.0,102.406232,14898.446820417183,0.0,True,4
2701,356.847,3559.003434952386,-3629.979949186373,101.0,14898.855833333346,0.0,True,4
2702,357.012,3489.0,-3636.0,97.68341943849828,14903.321580203286,0.0,True,4
2703,357.046,3478.2862185702506,-3637.537204635028,97.0,14904.21777777779,0.0,True,4
2704,357.332,3433.0,-3653.0,91.6375024,14911.321087208325,0.0,True,4
2705,357.526,3393.7416123867074,-3673.2584361407094,88.0,14915.951111111124,0.0,False,4
2706,357.652,3362.0,-3694.0,87.30000071111111,14918.959683284473,11.199988622222223,False,4
2707,357.752,3335.0,-3715.0,86.74444373333333,14921.348327546828,20.08890026666667,False,4
2708,357.886,3305.142700463794,-3741.4319932634003,86.0,14924.551111111123,32.0,False,4
2709,357.992,3281.0,-3767.0,86.53000064,14927.086570640047,32.0,False,4
2710,358.086,3255.1774888119016,-3797.3237767163478,87.0,14929.384444444455,32.0,False,4
2711,358.192,3226.0,-3834.0,88.7666688,14932.079938102714,37.0791728,False,4
2712,358.566,3165.677590237579,-3927.5237580385556,95.0,14942.05111111112,55.0,False,4
2713,358.672,3155.0,-3946.0,95.0,14944.802953549231,58.312504,False,4
2714,358.726,3150.1162190858954,-3954.252035243717,95.0,14946.273333333342,60.0,False,4
2715,358.927,3133.6808905151956,-3981.362732646956,110.0,14952.415000000008,70.0,False,4
2716,358.993,3127.0,-3993.0,112.4750048,14954.59821558249,71.15500224,False,4
2717,359.313,3073.0,-4084.0,124.4750048,14965.818536943061,76.75500224,False,4
2718,359.327,3069.0045726854814,-4089.878394009555,125.0,14966.303888888895,77.0,False,4
2719,359.487,3016.3796052748485,-4163.24814468302,125.0,14971.85944444445,80.0,False,4
2720,359.513,3009.0,-4173.0,126.1375056,14972.803638068533,79.6749984,False,4
2721,359.807,2955.7499856761096,-4229.646107207793,139.0,14984.215000000004,76.0,False,4
2722,359.853,2945.0,-4239.0,139.0,14985.998109481723,76.0,False,4
2723,359.973,2910.0,-4269.0,139.0,14990.608253105256,76.0,False,4
2724,360.047,2886.3892163239507,-4287.948663360351,139.0,14993.48166666667,76.0,False,4
2725,360.287,2795.555037718768,-4349.078472612373,143.0,15003.015000000003,0.0,False,4
2726,360.313,2783.0,-4356.0,143.0,15004.050871706608,0.0,False,4
2727,360.527,2667.1344728062168,-4411.910672069228,143.0,15012.548333333336,0.0,False,4
2728,360.573,2649.0,-4420.0,142.53999872,15014.366445419153,0.0,False,4
2729,360.727,2618.347357481993,-4432.1754571356505,141.0,15020.381666666668,0.0,False,4
2730,360.833,2599.0,-4437.0,137.81999616,15024.377938371545,28.62003456,False,4
2731,360.927,2570.0914109732266,-4443.88906613103,135.0,15027.881666666668,54.0,False,4
2732,361.093,2504.0,-4457.0,135.6916672,15034.116704928307,55.3833344,False,4
2733,361.167,2475.574174479352,-4460.178180459149,136.0,15036.948333333334,56.0,False,4
2734,361.293,2428.0,-4462.0,139.937504,15041.869525118003,57.5750016,False,4
2735,361.327,2414.962000699728,-4461.852619462602,141.0,15043.215,58.0,False,4
2736,361.453,2366.0,-4459.0,142.968752,15048.258348652398,60.3625024,False,4
2737,361.633,2295.0,-4449.0,145.781252,15055.613689436475,63.7375024,False,4
2738,361.647,2289.3729554236106,-4447.973374175563,146.0,15056.192777777778,64.0,False,4
2739,361.847,2207.6014011127086,-4429.790565858971,151.0,15064.581666666665,71.0,False,4
2740,361.873,2197.0,-4427.0,151.6500032,15065.690092740962,69.30999168,False,4
2741,362.047,2126.7148398222485,-4405.883762173133,156.0,15073.248333333333,58.0,False,4
2742,362.153,2083.0,-4390.0,159.9750048,15078.025812145417,69.593764,False,4
2743,362.353,2000.0,-4354.0,167.4750048,15087.490983474265,91.468764,False,4
2744,362.367,1994.7932490644125,-4351.4692282758115,168.0,15088.181666666667,93.0,False,4
2745,362.533,1937.0,-4320.0,173.74615827692307,15096.658840986769,94.11730855384616,False,4
2746,362.693,1872.0,-4278.0,179.28461981538462,15105.331590544069,95.19423163076922,False,4
2747,362.972,1759.0,-4188.0,188.94230547692308,15121.55529749508,97.07211495384615,False,4
2748,363.152,1687.0,-4125.0,195.17308356923078,15132.186415932229,98.28365513846154,False,4
2749,363.372,1564.0,-4010.0,202.78845932307692,15145.075145649429,99.76442264615385,False,4
2750,363.407,1547.5989168158198,-3994.458674113602,204.0,15147.114999999998,100.0,False,4
2751,363.607,1482.4604016604037,-3931.9009538411924,210.0,15158.781666666666,100.0,False,4
2752,363.766,1431.2968198509193,-3882.2253641229886,216.0,15168.321666666667,100.0,False,4
2753,363.772,1429.0,-3880.0,216.20999552,15168.687874417716,100.0,False,4
2754,363.966,1344.2373143159843,-3797.92091781751,223.0,15180.710555555554,100.0,False,4
2755,363.992,1333.0,-3787.0,223.2437512,15182.326543494539,100.0,False,4
2756,364.192,1243.0,-3699.0,225.1187512,15194.771516630866,100.0,False,4
2757,364.286,1179.1321570451485,-3636.3449756403243,226.0,15200.799444444441,100.0,False,4
2758,364.432,1077.0,-3536.0,234.51667413333334,15210.491179270877,100.0,False,4
2759,364.526,1037.2787392737914,-3496.802124108462,240.0,15216.799444444441,100.0,False,4
2760,364.726,989.9319044040939,-3449.789210915002,241.0,15230.188333333328,100.0,False,4
2761,364.752,981.0,-3441.0,241.6500032,15231.94657345058,100.0,False,4
2762,364.926,899.4678946272409,-3361.1562547670333,246.0,15243.854999999992,100.0,False,4
2763,365.032,844.0,-3307.0,248.0611136,15251.21623863644,100.0,False,4
2764,365.192,764.0,-3229.0,251.1722247111111,15262.47190407036,100.0,False,4
2765,365.286,716.5144752937911,-3182.6081781567864,253.0,15269.154999999992,100.0,False,4
2766,365.373,672.0,-3139.0,255.70186641564877,15275.385334436673,100.0,False,4
2767,365.447,633.8093573821005,-3101.473026045375,258.0,15280.693333333325,100.0,False,4
2768,365.607,552.8742362039706,-3021.821930417205,258.0,15292.159999999993,100.0,False,4
2769,365.613,550.0,-3019.0,258.11666915555554,15292.592631014653,100.0,False,4
2770,365.793,458.0,-2929.0,261.61666915555554,15305.699289647026,100.0,False,4
2771,365.967,309.2605072265894,-2783.9954557730766,265.0,15318.659999999989,100.0,False,4
2772,366.033,258.0,-2734.0,267.20000426666667,15323.663900248328,100.0,False,4
2773,366.327,143.7766245704902,-2622.0668843653652,277.0,15346.35999999999,100.0,False,4
2774,366.473,94.0,-2573.0,278.8250016,15357.672547752813,100.0,False,4
2775,366.487,88.05304497061593,-2567.1426100794565,279.0,15358.759999999991,100.0,False,4
2776,366.647,3.8736090401226835,-2484.3073777477366,281.0,15371.248888888877,100.0,False,4
2777,366.693,-28.0,-2453.0,281.82143085714284,15374.872321962252,100.0,False,4
2778,366.927,-226.55212856468756,-2258.352815898429,286.0,15393.493333333325,100.0,False,4
2779,366.933,-231.0,-2254.0,286.05000106666665,15393.972286415094,100.0,False,4
2780,367.167,-353.1976121605114,-2134.815654188014,288.0,15412.693333333322,100.0,False,4
2781,367.373,-451.0,-2041.0,289.4714294857143,15429.289026566035,100.0,False,4
2782,367.447,-498.7935682873948,-1995.444411544029,290.0,15435.24888888888,100.0,False,4
2783,367.647,-656.4298002271518,-1845.6765906371004,290.0,15451.35999999999,100.0,False,4
2784,367.793,-757.0,-1750.0,292.4333354666667,15463.303359555095,100.0,False,4
2785,368.007,-864.0626061830757,-1647.751718183331,296.0,15480.959999999992,100.0,False,4
2786,368.053,-888.0,-1625.0,296.0,15484.740406687662,100.5750016,False,4
2787,368.327,-1051.6294045201314,-1470.2056196805265,296.0,15507.271111111102,104.0,True,4
2788,368.333,-1055.0,-1467.0,296.11666915555554,15507.769433410336,103.93333191111111,True,4
2789,368.553,-1187.0,-1341.0,300.3944469333333,15526.225139039132,101.48888746666667,True,5
2790,368.687,-1327.3573523529074,-1207.9976973652924,303.0,15537.571111111105,100.0,False,5
2791,368.753,-1396.0,-1143.0,303.8250016,15543.175087227999,100.0,False,5
2792,368.927,-1534.0244706273845,-1012.1272801552653,306.0,15557.971111111106,100.0,False,5
2793,369.167,-1645.89558460295,-905.5821573129693,306.0,15578.3711111111,100.0,False,5
2794,369.253,-1680.0,-873.0,307.1944462222222,15585.750180364554,100.0,False,5
2795,369.527,-1789.3316060121329,-768.5350918816082,311.0,15609.471111111103,100.0,False,5
2796,369.532,-1792.0,-766.0,311.0208330666667,15609.904485563176,100.0,False,5
2797,369.712,-1905.0,-659.0,311.7708341333333,15625.505569402601,100.0,False,5
2798,369.767,-1940.406746275598,-625.5864277737903,312.0,15630.271111111102,100.0,False,5
2799,370.047,-2114.9175559831206,-459.9887549836544,312.0,15654.537777777772,100.0,False,5
2800,370.052,-2118.0,-457.0,312.0113893741938,15654.972018807995,100.0,False,5
2801,370.112,-2155.0,-421.0,312.14806419709316,15660.186519450348,100.0,False,5
2802,370.412,-2344.0,-241.0,312.8314348127293,15686.299149359209,100.0,False,5
2803,370.486,-2390.749304385105,-197.06861393132033,313.0,15692.70638888888,100.0,False,5
2804,370.572,-2445.0,-146.0,312.1937512,15700.127856339637,73.12504,False,5
2805,370.806,-2591.3338886158845,-6.492778298195025,310.0,15720.261944444435,0.0,False,5
2806,370.812,-2595.0,-3.0,309.91000192,15720.779433009928,0.0,False,5
2807,370.972,-2695.0,92.0,307.51000192,15734.505831267841,0.0,False,5
2808,371.006,-2719.272058246975,115.04148821246358,307.0,15737.31749999999,0.0,True,5
2809,371.246,-2920.0492977453214,305.5932075872719,279.0,15755.917499999992,0.0,True,5
2810,371.332,-2986.0,368.0,274.7000064,15762.340584250374,0.0,True,5
2811,371.446,-3061.6204323219104,439.31046268072333,269.0,15770.861944444441,0.0,True,5
2812,371.732,-3193.0,562.0,269.0,15792.449624666147,0.0,True,5
2813,371.766,-3203.208025982492,571.4042340719418,269.0,15794.773055555554,0.0,True,5
2814,372.007,-3257.184871088535,621.4112829147122,218.0,15809.366944444442,0.0,True,5
2815,372.073,-3282.0,646.0,214.03999232,15813.097853039733,0.0,True,5
2816,372.333,-3423.0,790.0,198.43999232,15827.12164612646,0.0,True,5
2817,372.407,-3451.819869536772,820.5344684264778,194.0,15830.922499999997,0.0,True,5
2818,372.687,-3503.0230618553614,883.0939770810043,175.0,15844.53361111111,0.0,True,5
2819,372.773,-3520.0,907.0,169.40999168,15848.455214377711,0.0,True,5
2820,372.887,-3548.2419279601445,947.3850160183113,162.0,15853.53361111111,0.0,True,5
2821,372.993,-3575.0,987.0,159.87999744,15858.224163299663,0.0,True,5
2822,373.033,-3584.0,1001.0,159.07999744,15859.976654377559,0.0,True,5
2823,373.087,-3595.5457032239788,1020.4443035050272,158.0,15862.311388888887,0.0,True,5
2824,373.273,-3630.0,1090.0,152.02142445714287,15870.085642561928,0.0,True,5
2825,373.367,-3643.8486253001693,1122.5936504923084,149.0,15873.900277777779,0.0,True,5
2826,373.493,-3658.0,1172.0,145.8499968,15878.923097343399,0.0,True,5
2827,373.647,-3667.272481834445,1258.8852217331603,142.0,15884.944722222222,0.0,True,5
2828,373.773,-3670.0,1326.0,140.19999817142858,15889.798173151717,0.0,True,5
2829,373.927,-3669.1595914618524,1376.6272807607647,138.0,15895.678055555556,0.0,False,5
2830,374.167,-3657.1842069925065,1431.0728701558041,137.0,15904.811388888887,41.0,False,5
2831,374.213,-3653.0,1450.0,136.76999936,15906.549995024532,45.14001152,False,5
2832,374.367,-3634.785576307607,1534.4705025844355,136.0,15912.366944444446,59.0,False,5
2833,374.453,-3625.0,1579.0,137.22857325714287,15915.650457399988,59.30714331428572,False,5
2834,374.647,-3609.6785887331966,1642.4496675880632,140.0,15923.255833333333,60.0,False,5
2835,374.853,-3595.0,1698.0,146.55454952727274,15931.867899491826,66.55454952727273,False,5
2836,375.033,-3577.0,1773.0,152.28182225454546,15939.709027961126,72.28182225454546,False,5
2837,375.087,-3571.9651594590346,1796.9384162299207,154.0,15942.078055555554,74.0,False,5
2838,375.133,-3568.0,1817.0,155.1500032,15944.102088658019,74.0,False,5
2839,375.367,-3553.2997300910456,1909.515304401963,161.0,15954.600277777776,74.0,False,5
2840,375.513,-3551.0,1983.0,167.25714834285714,15961.520795430897,74.0,False,5
2841,375.647,-3554.3546093373857,2070.212076510778,173.0,15968.055833333328,74.0,False,5
2842,375.693,-3556.0,2098.0,174.1500032,15970.321478402911,75.47857554285714,False,5
2843,375.927,-3565.4958829133543,2197.089025572996,180.0,15982.055833333328,83.0,False,5
2844,376.052,-3574.0,2247.0,182.77777635555555,15988.51239975958,83.0,False,5
2845,376.287,-3599.4283863238943,2364.2141172529537,188.0,16000.855833333328,83.0,False,5
2846,376.352,-3608.0,2396.0,188.0,16004.260338648539,83.0,False,5
2847,376.487,-3628.2398176878214,2458.0994735441286,188.0,16011.300277777773,83.0,False,5
2848,376.552,-3644.0,2495.0,188.0,16014.666130394355,89.9062704,False,5
2849,376.647,-3677.6554173840295,2563.7033010125097,188.0,16019.655833333327,100.0,False,5
2850,376.752,-3717.0,2638.0,193.6250102857143,16025.452267924255,100.0,False,5
2851,376.927,-3755.68429896803,2701.9027093798145,203.0,16035.444722222219,100.0,False,5
2852,377.072,-3785.0,2742.0,203.0,16043.587768303714,100.0,False,5
2853,377.166,-3812.0448386465846,2779.857512042463,203.0,16048.921666666662,100.0,False,5
2854,377.272,-3856.0,2836.0,206.5333376,16055.076055595247,100.0,False,5
2855,377.406,-3941.9283437107983,2931.2032461904946,211.0,16062.988333333327,100.0,False,5
2856,377.552,-4035.0,3028.0,212.65909236363638,16071.653833106106,100.0,False,5
2857,377.846,-4131.0384859199485,3115.4770562001145,216.0,16089.388333333329,100.0,False,5
2858,377.852,-4134.0,3118.0,216.19285302857142,16089.75730521276,100.0,False,5
2859,378.126,-4326.057424594721,3281.942529663676,225.0,16106.888333333329,100.0,False,5
2860,378.172,-4352.0,3304.0,225.95833066666665,16109.804425557024,100.0,False,5
2861,378.366,-4411.989614071885,3354.337010467487,230.0,16122.22166666666,100.0,False,5
2862,378.593,-4488.0,3423.0,233.76763691754672,16136.97812869673,100.0,False,5
2863,378.607,-4497.232765150361,3431.5195685373074,234.0,16137.886666666665,100.0,False,5
2864,378.773,-4624.0,3549.0,234.0,16148.609070234234,100.0,False,5
2865,378.927,-4682.139275712325,3602.8367291604754,234.0,16158.686666666665,100.0,False,5
2866,379.127,-4746.102459297885,3664.231405371499,243.0,16172.186666666665,100.0,False,5
2867,379.133,-4750.0,3668.0,243.0750016,16172.594235569664,100.0,False,5
2868,379.333,-4917.0,3830.0,245.5750016,16186.23703438788,100.0,False,5
2869,379.367,-4939.138770474566,3851.642214235824,246.0,16188.586666666666,100.0,False,5
2870,379.567,-5003.883861370007,3916.583614565843,252.0,16202.586666666666,100.0,False,5
2871,379.733,-5045.0,3959.0,252.6916672,16214.220607519197,100.0,False,5
2872,379.807,-5072.940938578821,3987.3183810003297,253.0,16219.453333333335,100.0,False,5
2873,379.993,-5174.0,4091.0,257.6500032,16232.782445357076,100.0,False,5
2874,380.007,-5183.828213405784,4101.331200101442,258.0,16233.786666666667,100.0,False,5
2875,380.167,-5310.609315802554,4236.41155355501,258.0,16245.25333333333,100.0,False,5
2876,380.213,-5341.0,4269.0,258.5750016,16248.56608653867,100.0,False,5
2877,380.407,-5413.424202392935,4347.264059615314,261.0,16262.653333333332,100.0,False,5
2878,380.573,-5459.0,4398.0,263.7666688,16274.862227273039,100.0,False,5
2879,380.647,-5488.741028321197,4431.272934767615,265.0,16280.32,100.0,False,5
2880,380.913,-5625.0,4585.0,265.66500032,16299.930917998103,100.0,False,5
2881,381.047,-5690.593387359237,4660.671561427516,266.0,16309.875555555558,100.0,False,5
2882,381.113,-5722.0,4698.0,266.8250016,16314.801046806577,100.0,False,5
2883,381.153,-5741.0,4721.0,267.3250016,16317.794979444032,100.0,False,5
2884,381.367,-5853.796815870804,4856.079578717602,270.0,16333.875555555558,100.0,False,5
2885,381.393,-5867.0,4872.0,270.1625008,16335.830801413074,100.0,False,5
2886,381.527,-5930.835729494798,4949.9352915062245,271.0,16345.920000000002,100.0,False,5
2887,381.553,-5943.0,4965.0,271.1625008,16347.883428940953,100.0,False,5
2888,381.847,-6080.308403282996,5139.51311863556,273.0,16370.186666666668,100.0,False,5
2889,381.853,-6083.0,5143.0,273.0,16370.641993614561,100.0,False,5
2890,382.007,-6152.527463105491,5234.075892551852,273.0,16382.320000000003,100.0,False,5
2891,382.033,-6166.0,5252.0,272.89166613333333,16384.28963224888,100.0,False,5
2892,382.247,-6299.249119335062,5432.0318736088975,272.0,16400.45333333334,100.0,False,5
2893,382.293,-6327.0,5470.0,271.30999808,16403.905280367835,100.0,False,5
2894,382.447,-6409.073399452126,5583.613394535452,269.0,16415.397777777784,100.0,False,5
2895,382.687,-6508.181029556034,5724.30807420654,267.0,16433.197777777783,100.0,False,5
2896,382.712,-6517.0,5737.0,266.9431813818182,16435.06503409711,94.31813818181818,False,5
2897,383.127,-6641.186165348472,5919.454950216131,266.0,16465.708888888894,0.0,True,5
2898,383.172,-6658.0,5944.0,261.6250062222222,16468.780732366056,0.0,True,5
2899,383.232,-6682.0,5979.0,255.791648,16472.776280881026,0.0,True,5
2900,383.487,-6778.176519039289,6124.518922673505,231.0,16488.808888888896,0.0,True,5
2901,383.512,-6787.0,6138.0,229.3928448,16490.334998753897,0.0,True,5
2902,383.712,-6854.0,6240.0,216.53570194285714,16502.242983342494,0.0,True,5
2903,383.767,-6871.465337548212,6266.462122102195,213.0,16505.37555555556,0.0,True,5
2904,383.932,-6922.0,6343.0,199.98925534296652,16514.34951612029,0.0,True,5
2905,384.046,-6956.046805588791,6395.050250520781,191.0,16520.178055555563,0.0,True,5
2906,384.152,-6986.0,6441.0,183.63888,16525.32488665381,0.0,True,5
2907,384.312,-7028.0,6506.0,172.5277688888889,16532.639258450636,0.0,True,5
2908,384.406,-7055.575274123238,6550.699327261578,166.0,16536.778055555566,0.0,True,5
2909,384.652,-7125.0,6669.0,153.7000064,16547.125704046888,0.0,True,5
2910,384.726,-7137.181028376553,6691.329104769762,150.0,16550.111388888898,0.0,True,5
2911,384.926,-7155.437560158814,6730.93028919472,139.0,16557.83361111112,0.0,True,5
2912,384.952,-7158.0,6737.0,137.703235304257,16558.77717695962,0.0,True,5
2913,385.193,-7186.0,6815.0,125.68328645319285,16566.820013051092,0.0,True,5
2914,385.327,-7200.631594746419,6883.999611971692,119.0,16571.0888888889,0.0,True,5
2915,385.433,-7209.0,6933.0,115.81999616,16574.461989449985,0.0,True,5
2916,385.527,-7212.741408552525,6960.4156148266275,113.0,16577.366666666676,0.0,True,5
2917,385.727,-7211.3647904955,6984.508194373201,103.0,16583.0888888889,0.0,True,5
2918,385.793,-7210.0,6996.0,101.5562472,16584.89380885275,0.0,True,5
2919,386.047,-7202.106668521113,7064.655339734461,96.0,16591.62222222223,0.0,True,5
2920,386.093,-7200.0,7077.0,95.53999872,16592.833278539885,0.0,True,5
2921,386.247,-7190.76387000857,7113.983572736291,94.0,16596.844444444454,0.0,False,5
2922,386.313,-7184.0,7131.0,92.58571154285714,16598.50896424438,0.0,False,5
2923,386.493,-7157.0,7182.0,88.72856868571428,16602.883351560038,0.0,False,5
2924,386.527,-7152.313963663297,7189.6621024182605,88.0,16603.688888888897,0.0,False,5
2925,386.767,-7125.279523921608,7222.661522247644,83.0,16609.22222222223,0.0,False,5
2926,386.833,-7116.0,7231.0,82.44999893333333,16610.7141064267,5.500010666666667,False,5
2927,387.007,-7085.068457146057,7255.567294922077,81.0,16614.62222222223,20.0,False,5
2928,387.033,-7080.0,7259.0,81.07222257777778,16615.20817249436,21.58889671111111,False,5
2929,387.233,-7040.0,7281.0,81.62777813333334,16619.74068632758,33.81111893333333,False,5
2930,387.367,-7015.935184221735,7291.579710743159,82.0,16622.822222222232,42.0,False,5
2931,387.573,-6964.0,7306.0,84.5750016,16627.665485879683,48.00833706666667,False,5
2932,387.607,-6950.421739891972,7308.892675523757,85.0,16628.4888888889,49.0,False,5
2933,387.753,-6888.0,7321.0,89.38000384,16632.129113219416,50.46000128,False,5
2934,387.807,-6872.96158568616,7323.732365285686,91.0,16633.544444444455,51.0,False,5
2935,388.007,-6847.847340174615,7327.427215570947,101.0,16639.155555555564,61.0,False,5
2936,388.033,-6844.0,7328.0,101.812504,16639.918164243827,61.4875024,False,5
2937,388.293,-6767.0,7339.0,109.937504,16647.922860170936,66.3625024,False,5
2938,388.327,-6746.381147367537,7341.513159433914,111.0,16649.02222222223,67.0,False,5
2939,388.593,-6548.0,7364.0,122.40000548571429,16658.084524989517,76.50000457142858,False,5
2940,388.607,-6541.7613703139505,7364.673885057532,123.0,16658.5888888889,77.0,False,5
2941,388.847,-6501.454648774506,7368.456445080736,136.0,16667.655555555564,80.0,False,5
2942,388.873,-6496.0,7369.0,136.8357184,16668.674639603167,79.4428544,False,5
2943,389.127,-6398.202121467256,7380.392259580254,145.0,16678.93333333334,74.0,False,5
2944,389.193,-6370.0,7385.0,147.062504,16681.67119739812,72.7624976,False,5
2945,389.287,-6331.96166243285,7392.577807479521,150.0,16685.600000000006,71.0,False,5
2946,389.292,-6330.0,7393.0,150.0,16685.8091575222,69.52085226666667,False,5
2947,389.527,-6240.54782321121,7416.652090436523,150.0,16695.600000000006,0.0,False,5
2948,389.592,-6211.0,7428.0,148.64582933333332,16698.25146244585,0.0,False,5
2949,389.767,-6117.640420938448,7471.245649479955,145.0,16705.266666666674,0.0,True,5
2950,389.832,-6089.0,7486.0,144.02499712,16707.845428042132,0.0,True,5
2951,389.967,-6051.286386023032,7508.270514448259,142.0,16713.15555555556,0.0,True,5
2952,390.127,-6023.7602169234315,7531.111866424931,140.0,16719.377777777783,0.0,False,5
2953,390.152,-6018.0,7536.0,140.0,16720.351303427804,0.0,False,5
2954,390.287,-5980.465189652241,7569.256128203385,140.0,16725.600000000006,0.0,False,5
2955,390.312,-5973.0,7577.0,139.5312464,16726.56083054559,0.0,False,5
2956,390.447,-5931.831799853453,7628.270535772945,137.0,16731.688888888897,0.0,False,5
2957,390.672,-5874.0,7718.0,135.7465172596738,16740.11874653174,22.56268932587154,False,5
2958,390.806,-5857.907202808184,7747.368475065801,135.0,16745.151388888895,36.0,False,5
2959,390.972,-5846.0,7788.0,136.38333226666666,16751.45277362937,44.2999936,False,5
2960,391.166,-5824.2898843755365,7890.955303167511,138.0,16758.951388888894,54.0,False,5
2961,391.292,-5813.0,7955.0,140.2499977142857,16763.926023843735,54.44999954285714,False,5
2962,391.446,-5807.920441237632,8003.16755336168,143.0,16770.07361111112,55.0,False,5
2963,391.606,-5809.5207228704285,8038.08789276758,145.0,16776.51805555556,65.0,False,5
2964,391.632,-5810.0,8045.0,145.72022528003993,16777.590784483233,66.0803379200599,False,5
2965,391.967,-5821.492958105409,8166.007449330247,155.0,16792.061111111114,80.0,False,5
2966,392.207,-5835.735526730986,8288.676899693079,162.0,16802.861111111113,98.0,False,5
2967,392.647,-5863.960588668153,8503.402260648363,178.0,16824.61666666667,100.0,False,5
2968,392.713,-5868.0,8531.0,179.83333688888888,16828.01050627302,100.0,False,5
2969,392.893,-5882.0,8620.0,184.83333688888888,16837.38941086234,100.0,False,5
2970,393.007,-5901.124231926328,8735.828492769222,188.0,16843.416666666668,100.0,False,5
2971,393.053,-5908.0,8777.0,189.1500032,16845.867417944693,100.0,False,5
2972,393.247,-5919.4527999466445,8842.413059702942,194.0,16856.350000000002,100.0,False,5
2973,393.373,-5923.0,8874.0,197.60000365714285,16863.333694685753,100.0,False,5
2974,393.527,-5932.030451947684,8965.849504972552,202.0,16872.06111111111,100.0,False,5
2975,393.753,-5946.0,9128.0,206.8428598857143,16885.16011927242,100.0,False,5
2976,393.807,-5947.442081752297,9153.13280985992,208.0,16888.23888888889,100.0,False,5
2977,394.047,-5946.442997563759,9229.371583391698,201.0,16901.63888888889,48.0,True,5
2978,394.073,-5946.0,9241.0,201.812504,16903.1174914592,45.8874896,True,5
2979,394.207,-5942.865999640679,9316.042688411184,206.0,16910.794444444444,35.0,False,5
2980,394.253,-5941.0,9343.0,204.6583296,16913.381004011575,35.0,False,5
2981,394.447,-5927.533382388314,9449.756233285105,199.0,16924.06111111111,35.0,False,5
2982,394.453,-5927.0,9453.0,199.0,16924.391446476195,35.5250112,False,5
2983,394.687,-5900.836196722111,9578.824920307832,199.0,16937.327777777777,56.0,False,5
2984,394.693,-5900.0,9582.0,199.0,16937.659930380825,55.90999808,False,5
2985,394.887,-5868.045813333469,9682.784584507966,199.0,16948.38333333333,53.0,False,5
2986,394.913,-5863.0,9696.0,198.85555484444444,16949.813050722376,53.6500032,False,5
2987,395.193,-5796.0,9834.0,197.2999992888889,16965.11883098819,60.6500032,False,5
2988,395.247,-5779.9582794615635,9859.780818810701,197.0,16968.083333333332,62.0,False,5
2989,395.273,-5772.0,9872.0,197.21666773333334,16969.51381951996,63.3000064,False,5
2990,395.487,-5702.236968254922,9966.912356497241,199.0,16981.35,74.0,False,5
2991,395.513,-5693.0,9978.0,199.26000128,16982.792083686698,77.38001664,False,5
2992,395.687,-5626.428089072107,10050.540401911338,201.0,16992.516666666663,100.0,False,5
2993,395.693,-5624.0,10053.0,201.17500373333334,16992.857630704468,100.0,False,5
2994,395.927,-5523.693163790137,10146.509287983441,208.0,17006.38333333333,100.0,False,5
2995,396.012,-5487.0,10178.0,208.0,17011.277500766944,100.0,False,5
2996,396.112,-5442.0,10215.0,208.0,17017.000944207557,100.0,False,5
2997,396.247,-5352.370398182512,10285.90490737892,208.0,17024.87222222222,100.0,False,5
2998,396.392,-5243.0,10370.0,213.4375072,17033.59202047376,100.0,False,5
2999,396.487,-5181.097366637866,10415.941513145692,217.0,17039.338888888888,100.0,False,5
3000,396.647,-5094.4025723021805,10477.008930479318,217.0,17048.98333333333,100.0,False,5
3001,396.832,-5024.0,10526.0,221.6250048,17060.45955783179,100.0,False,5
3002,396.927,-5000.689081320002,10542.816402356932,224.0,17066.405555555553,100.0,False,5
3003,397.232,-4888.0,10616.0,224.95611326272336,17085.46392857051,100.0,False,5
3004,397.246,-4875.405812287987,10623.64622163774,225.0,17086.34305555555,100.0,False,5
3005,397.392,-4725.0,10714.0,226.8250016,17095.54706574301,100.0,False,5
3006,397.566,-4644.310383347027,10761.03191373189,229.0,17106.698611111104,100.0,False,5
3007,397.752,-4600.0,10783.0,236.44000512,17118.93896471365,100.0,False,5
3008,397.766,-4593.873291205132,10786.134689471042,237.0,17119.86527777777,100.0,False,5
3009,397.992,-4459.0,10855.0,238.61428662857142,17134.853659708413,100.0,False,5
3010,398.046,-4427.432563666417,10870.388367778749,239.0,17138.45416666666,100.0,False,5
3011,398.232,-4313.0,10923.0,241.3250016,17150.93338792855,100.0,False,5
3012,398.286,-4268.88457067117,10942.621966514798,242.0,17154.587499999994,100.0,False,5
3013,398.513,-4051.0,11038.0,245.76763691754672,17170.0963091474,100.0,False,5
3014,398.527,-4038.5753996718495,11043.409424399017,246.0,17171.05583333333,100.0,False,5
3015,398.687,-3910.6103547826638,11098.934717732584,247.0,17182.033611111106,100.0,False,5
3016,398.813,-3832.0,11133.0,247.90000091428573,17190.712898331723,100.0,False,5
3017,398.967,-3765.803248519322,11161.80554758861,249.0,17201.40027777777,100.0,False,5
3018,399.193,-3675.0,11202.0,252.13889066666667,17217.315336703225,100.0,False,5
3019,399.327,-3584.6696203050196,11242.346842089088,254.0,17226.800277777773,100.0,False,5
3020,399.513,-3444.0,11305.0,254.0,17239.94434710021,100.0,False,5
3021,399.567,-3408.576351979745,11320.609077707964,254.0,17243.733611111107,100.0,False,5
3022,399.693,-3327.0,11357.0,252.16249813333334,17252.507865092535,100.0,False,5
3023,399.953,-3123.0,11454.0,248.37083146666666,17270.319879336657,100.0,False,5
3024,400.047,-3070.7358088408387,11479.399374240642,247.0,17276.66694444444,100.0,True,5
3025,400.207,-3003.204541670021,11513.546433559166,239.0,17287.289166666662,0.0,True,5
3026,400.233,-2991.0,11520.0,236.91998976,17288.960807416748,0.0,True,5
3027,400.407,-2897.301598331253,11571.362113019199,223.0,17299.67805555555,0.0,True,5
3028,400.567,-2808.116082903287,11623.122495850397,206.0,17308.833611111106,0.0,True,5
3029,400.573,-2805.0,11625.0,205.6999936,17309.165041102868,0.0,True,5
3030,400.793,-2700.0,11691.0,194.6999936,17320.806688124994,0.0,True,5
3031,400.887,-2657.5796142274457,11717.984585592441,190.0,17325.722499999993,0.0,True,5
3032,400.973,-2619.0,11742.0,190.0,17330.266792862927,0.0,True,5
3033,401.087,-2567.5228067536877,11772.566245422948,190.0,17336.278055555547,0.0,True,5
3034,401.133,-2547.0,11784.0,188.8499968,17338.6665661814,0.0,True,5
3035,401.333,-2459.0,11825.0,183.8499968,17348.802458755377,0.0,True,5
3036,401.407,-2424.6612240054396,11835.61827411269,182.0,17352.455833333326,0.0,False,5
3037,401.493,-2385.0,11845.0,178.55999488,17356.6373933708,16.77002496,False,5
3038,401.607,-2336.466825830447,11853.149675087434,174.0,17362.122499999994,39.0,False,5
3039,401.753,-2263.0,11851.0,174.0,17369.1533936295,57.250016,False,5
3040,401.887,-2162.7351578679177,11830.034865677246,174.0,17375.655833333327,74.0,False,5
3041,401.993,-2085.0,11807.0,175.9875024,17380.85862340945,74.0,False,5
3042,402.047,-2052.6112599695434,11794.875564099228,177.0,17383.522499999995,74.0,False,5
3043,402.207,-1984.9726423741643,11757.35798106312,179.0,17391.478055555548,78.0,False,5
3044,402.393,-1909.0,11701.0,182.98571702857143,17401.01404045186,91.28572342857143,False,5
3045,402.487,-1858.6163702381846,11664.78625643561,185.0,17405.86694444444,98.0,False,5
3046,402.767,-1686.7436323115771,11544.78986286069,188.0,17420.48916666666,100.0,False,5
3047,402.832,-1657.0,11525.0,191.73751104,17424.11276487477,100.0,False,5
3048,403.167,-1554.4058632928288,11473.976166867353,211.0,17443.9336111111,100.0,False,5
3049,403.252,-1498.0,11456.0,212.27499904,17448.95742524418,100.0,False,5
3050,403.367,-1390.0203850356588,11422.917112553914,214.0,17455.82249999999,100.0,False,5
3051,403.412,-1350.0,11411.0,215.79999744,17458.576702046743,100.0,False,5
3052,403.767,-1182.0586916863144,11369.969186618582,230.0,17481.378055555546,100.0,False,5
3053,403.852,-1140.0,11362.0,231.37702387020687,17486.96979791373,100.0,False,5
3054,404.032,-1026.0,11340.0,234.29308076177148,17498.927545946113,100.0,False,5
3055,404.172,-936.0,11322.0,236.5611176378328,17508.32996263318,100.0,False,5
3056,404.372,-804.0,11297.0,239.801176242599,17521.825251763425,100.0,False,5
3057,404.446,-759.4998206280443,11288.717375444323,241.0,17526.833333333325,100.0,False,5
3058,404.606,-658.687892163865,11267.564386920027,245.0,17537.72222222221,100.0,False,5
3059,404.652,-618.0,11257.0,246.437496,17540.899382745785,100.0,False,5
3060,404.766,-490.4326750581911,11220.728747265688,250.0,17548.833333333325,100.0,False,5
3061,404.873,-378.0,11187.0,250.0,17556.25452007704,100.0,False,5
3062,404.927,-338.46874629748913,11174.731793066394,250.0,17560.01388888888,100.0,False,5
3063,405.207,-245.0373464755565,11138.504664703702,255.0,17579.84722222221,100.0,False,5
3064,405.233,-232.0,11133.0,255.5687528,17581.719658793634,100.0,False,5
3065,405.393,-127.0,11088.0,259.0687528,17593.356711655117,100.0,False,5
3066,405.527,-40.34833743016956,11044.936294279656,262.0,17603.1361111111,100.0,False,5
3067,405.553,-24.0,11036.0,262.0,17605.029149585593,100.0,False,5
3068,405.687,58.931158289618224,10986.399364683763,262.0,17614.780555555546,100.0,False,5
3069,405.793,123.0,10943.0,263.06000128,17622.532361802652,100.0,False,5
3070,405.887,178.70599397872158,10901.46366713464,264.0,17629.44722222221,100.0,False,5
3071,406.013,251.0,10842.0,266.1000021333333,17638.786265761108,100.0,False,5
3072,406.127,313.2575025508118,10785.220600381857,268.0,17647.31388888888,100.0,False,5
3073,406.173,338.0,10761.0,268.718752,17650.77801522264,100.0,False,5
3074,406.447,481.1006557339495,10602.496620654745,273.0,17671.580555555545,100.0,False,5
3075,406.453,484.0,10599.0,273.0,17672.035533097278,100.0,False,5
3076,406.647,572.871123771289,10484.499055848919,273.0,17686.74722222221,100.0,False,5
3077,406.693,595.0,10453.0,273.8625024,17690.26124715932,100.0,False,5
3078,406.807,653.857070103719,10364.090552270332,276.0,17699.01388888888,100.0,False,5
3079,406.933,717.0,10261.0,277.05000106666665,17708.724123716962,100.0,False,5
3080,407.047,763.8933651219305,10176.433603960668,278.0,17717.547222222212,100.0,False,5
3081,407.353,853.0,9983.0,280.8687512,17741.426951919348,100.0,False,5
3082,407.367,856.4472989358616,9974.892801623379,281.0,17742.52499999999,100.0,False,5
3083,407.607,911.7694117993916,9832.49357959603,283.0,17761.39166666666,100.0,False,5
3084,407.673,930.0,9776.0,283.0,17766.57504796603,100.0,False,5
3085,407.927,1010.9605938293797,9494.27747403008,283.0,17786.547222222212,100.0,False,5
3086,407.953,1017.0,9472.0,283.4875024,17788.605049915725,100.0,False,5
3087,408.087,1036.8829317015502,9394.220049484487,286.0,17799.25833333332,100.0,False,5
3088,408.273,1053.0,9315.0,287.99285851428573,17814.177030751158,100.0,False,5
3089,408.367,1067.3605076687488,9245.286100790841,289.0,17821.736111111102,100.0,False,5
3090,408.453,1082.0,9174.0,289.35833386666667,17828.648803530363,100.0,False,5
3091,408.607,1106.7075417038743,9051.441011011932,290.0,17841.069444444438,100.0,False,5
3092,408.713,1122.0,8968.0,291.656252,17849.70522254857,100.0,False,5
3093,408.927,1147.4369462144964,8796.251486953199,295.0,17867.29166666666,100.0,False,5
3094,408.953,1150.0,8775.0,295.26000128,17869.43252202684,100.0,False,5
3095,409.127,1163.7212626444605,8632.019610928159,297.0,17883.79166666666,100.0,False,5
3096,409.132,1164.0,8628.0,297.0624992,17884.205778925232,100.0,False,5
3097,409.287,1168.947123314915,8502.842961406179,299.0,17897.080555555545,100.0,False,5
3098,409.312,1169.0,8480.0,299.0892864,17899.15988676818,100.0,False,5
3099,409.567,1159.049615799088,8203.227910965701,300.0,17920.41388888888,100.0,False,5
3100,409.632,1156.0,8146.0,300.48750144,17925.859777667905,100.0,False,5
3101,409.952,1141.0,7945.0,302.88750144,17952.815015935736,100.0,False,5
3102,409.967,1139.712428715386,7929.6692600335555,303.0,17954.080555555545,100.0,False,5
3103,410.167,1116.6344633544684,7666.354302345652,304.0,17970.969444444432,100.0,False,5
3104,410.212,1111.0,7614.0,304.2812496,17974.777995180622,100.0,False,5
3105,410.327,1096.719640545239,7509.294560567641,305.0,17984.52499999999,100.0,False,5
3106,410.432,1082.0,7432.0,305.3291541408594,17993.435225224057,100.0,False,5
3107,410.646,1035.1342327973432,7261.30902021746,306.0,18011.639999999992,100.0,False,5
3108,410.652,1033.0,7255.0,306.0374992,18012.15170303487,100.0,False,5
3109,410.812,962.0,7059.0,307.0374992,18025.824499892686,100.0,False,5
3110,410.966,900.4267756461746,6887.222028300967,308.0,18039.017777777768,100.0,False,5
3111,411.126,850.4517648225318,6741.718944002177,309.0,18052.751111111098,100.0,False,5
3112,411.292,815.0,6636.0,310.0374992,18067.069087694676,100.0,False,5
3113,411.446,797.0708118813753,6580.222329019606,311.0,18080.395555555548,100.0,False,5
3114,411.573,772.0,6504.0,311.3956389075417,18091.399441082944,100.0,False,5
3115,411.767,688.8088205288607,6257.590628472812,312.0,18108.215555555544,100.0,False,5
3116,411.853,655.0,6159.0,312.0,18115.663783533688,100.0,False,5
3117,412.007,618.2712588027517,6055.729895752697,312.0,18129.015555555543,100.0,False,5
3118,412.233,579.0,5966.0,313.13000064,18148.727637537293,100.0,False,5
3119,412.407,517.3548199912,5831.213079356558,314.0,18163.90444444443,100.0,False,5
3120,412.493,484.0,5759.0,313.56999936,18171.380480434163,100.0,False,5
3121,412.607,441.71942731413486,5667.921498388514,313.0,18181.293333333324,100.0,False,5
3122,412.673,419.0,5616.0,313.4125008,18187.052467679136,100.0,False,5
3123,412.913,350.0,5423.0,314.9125008,18208.068733671604,100.0,False,5
3124,412.927,346.57575983489613,5411.2009915627195,315.0,18209.293333333324,100.0,False,5
3125,413.287,280.34569860702015,5081.9998127196095,314.0,18240.69333333332,100.0,False,5
3126,413.567,259.6840143340759,4797.051495441454,313.0,18265.03777777777,100.0,False,5
3127,413.693,260.0,4663.0,313.0,18275.996154386263,100.0,False,5
3128,413.767,262.96779904704215,4582.589033673227,313.0,18282.426666666655,100.0,False,5
3129,414.007,282.6805068158199,4332.228814912822,312.0,18303.226666666655,100.0,False,5
3130,414.093,288.0,4272.0,311.4624992,18310.657920291156,100.0,False,5
3131,414.167,291.08647295349533,4236.139128375353,311.0,18317.048888888876,100.0,False,5
3132,414.367,300.745344806679,4155.678495428631,311.0,18334.326666666657,100.0,False,5
3133,414.393,304.0,4134.0,310.9187496,18336.571735803966,100.0,False,5
3134,414.653,356.0,3813.0,310.1062496,18358.970766962262,100.0,False,5
3135,414.687,361.85166529562906,3780.9110634604376,310.0,18361.88222222221,100.0,False,5
3136,415.013,406.0,3612.0,307.03636247272726,18389.58046436785,100.0,False,5
3137,415.127,430.5265882465439,3532.2834054789378,306.0,18399.282222222213,100.0,False,5
3138,415.313,485.0,3368.0,307.3285723428571,18415.19571998617,100.0,False,5
3139,415.407,519.5262303500673,3276.6803706869946,308.0,18423.237777777766,100.0,False,5
3140,415.553,580.0,3130.0,307.0874992,18435.691321016515,100.0,False,5
3141,415.567,586.0207133076779,3116.1258628371406,307.0,18436.88222222221,100.0,False,5
3142,415.807,692.7228892661767,2887.5906130551034,305.0,18457.215555555547,100.0,False,5
3143,415.912,733.0,2806.0,304.6718744,18466.088200402202,100.0,False,5
3144,416.127,794.0935904636464,2687.844640198845,304.0,18484.23777777777,100.0,False,5
3145,416.287,838.6522882507544,2610.5163380376034,304.0,18497.748888888877,100.0,False,5
3146,416.352,863.0,2570.0,304.16250048,18503.246247457337,100.0,False,5
3147,416.512,934.0,2455.0,304.56250048,18516.80279268512,100.0,False,5
3148,416.687,1012.362160338401,2338.097943561865,305.0,18531.637777777767,100.0,False,5
3149,416.712,1029.0,2316.0,305.0,18533.756252303327,100.0,False,5
3150,416.912,1210.0,2092.0,305.0,18550.698197679565,100.0,False,5
3151,417.007,1282.9260102071923,2006.8855126115886,305.0,18558.748888888877,100.0,False,5
3152,417.207,1387.2105921963946,1897.809187681785,305.0,18575.69333333332,100.0,False,5
3153,417.392,1478.0,1811.0,303.67383405331407,18591.271873104757,100.0,False,5
3154,417.486,1530.0431248036132,1761.5800352986412,303.0,18599.17583333332,100.0,False,5
3155,417.766,1696.2314865385229,1605.6914463811502,303.0,18622.74249999999,100.0,False,5
3156,417.812,1721.0,1583.0,303.0,18626.614556018623,100.0,False,5
3157,418.006,1814.4243427847293,1499.5535176645117,303.0,18642.942499999986,100.0,False,5
3158,418.167,1895.1163691111874,1429.7856976248909,303.0,18656.49333333332,100.0,False,5
3159,418.193,1910.0,1417.0,302.60999808,18658.683307662406,100.0,False,5
3160,418.367,2020.2850609667146,1323.0119792582802,300.0,18673.159999999993,100.0,True,5
3161,418.393,2037.0,1309.0,298.0499904,18675.240241762476,89.16661333333333,True,5
3162,418.607,2169.7612063765228,1200.6317965690532,282.0,18691.959999999992,0.0,True,5
3163,418.653,2197.0,1179.0,284.5875072,18695.727896823042,0.0,True,5
3164,418.767,2262.388046419796,1127.9545858234028,291.0,18704.893333333323,0.0,True,5
3165,418.833,2299.0,1100.0,269.1374576,18709.478734819448,0.0,True,5
3166,418.927,2349.677934883642,1062.1484976942213,238.0,18715.471111111103,0.0,True,5
3167,418.993,2384.0,1037.0,235.68999552,18719.71518929779,0.0,True,5
3168,419.127,2450.991778589303,989.1791489195847,231.0,18728.304444444435,0.0,True,5
3169,419.193,2489.0,964.0,227.93570834285714,18732.40977932284,0.0,True,5
3170,419.407,2647.858960475728,870.345530334983,218.0,18745.259999999987,0.0,True,5
3171,419.473,2697.0,847.0,215.68999552,18749.160398370695,0.0,True,5
3172,419.607,2788.1423647539787,815.1743791323385,211.0,18756.982222222214,0.0,True,5
3173,419.847,2915.660188786652,798.2108828449734,204.0,18770.582222222212,0.0,False,5
3174,419.913,2939.0,796.0,202.3499968,18774.271780635965,0.0,False,5
3175,420.007,2963.0720913049404,793.9047109660509,200.0,18779.471111111103,0.0,False,5
3176,420.233,3042.0,799.0,194.3499968,18791.5584664064,21.8937624,False,5
3177,420.327,3128.4225840233953,808.8214201485491,192.0,18796.53777777777,31.0,False,5
3178,420.433,3230.0,821.0,192.0,18802.171855928744,38.6187592,False,5
3179,420.647,3315.6971564863447,832.6783756344472,192.0,18813.604444444434,54.0,False,5
3180,420.807,3357.3680168498345,838.5808384523523,193.0,18822.182222222214,61.0,False,5
3181,420.833,3369.0,840.0,192.8374992,18823.570375921023,61.9750048,False,5
3182,420.967,3450.49728826574,849.3534846185496,192.0,18830.715555555547,67.0,False,5
3183,421.133,3562.0,861.0,193.7785728,18839.680553660146,67.5928576,False,5
3184,421.247,3614.9148250043613,865.4349309691198,195.0,18845.882222222215,68.0,False,5
3185,421.393,3669.0,869.0,195.52142902857142,18853.84457845108,62.785709714285716,False,5
3186,421.527,3723.163426950853,872.8198439918867,196.0,18861.12666666666,58.0,False,5
3187,421.727,3835.1819319802844,871.351987428567,194.0,18871.904444444437,55.0,False,5
3188,421.773,3874.0,867.0,194.1437504,18874.38958177387,54.5687488,False,5
3189,421.933,4031.0,843.0,194.6437504,18883.066914754138,53.0687488,False,5
3190,422.047,4104.611631820703,829.2893178765331,195.0,18889.237777777773,52.0,False,5
3191,422.207,4140.81269479029,816.9522320039437,194.0,18897.859999999993,52.0,False,5
3192,422.392,4198.0,778.0,194.0,18907.827042331595,61.2500096,False,5
3193,422.407,4205.157775489964,773.1280035621228,194.0,18908.63777777777,62.0,False,5
3194,422.607,4333.290543525356,685.8143441256632,195.0,18919.471111111106,67.0,False,5
3195,422.732,4404.0,636.0,195.0,18926.198282041092,87.62498944000001,False,5
3196,422.807,4433.544522360338,613.9216687546351,195.0,18930.30444444444,100.0,False,5
3197,423.032,4492.0,564.0,205.3125088,18943.162880957447,100.0,False,5
3198,423.047,4496.788333434863,559.8470089771038,206.0,18944.037777777772,100.0,False,5
3199,423.367,4640.1108305243215,436.48091706030874,214.0,18963.059999999994,100.0,False,5
3200,423.372,4643.0,434.0,214.156248,18963.36217808656,100.0,False,5
3201,423.527,4741.33020185642,349.6168072435506,219.0,18972.793333333324,100.0,False,5
3202,423.612,4790.0,308.0,220.0624992,18978.000869157437,100.0,False,5
3203,423.767,4853.55990765928,254.1397252910089,222.0,18987.593333333323,100.0,False,5
3204,423.972,4924.0,196.0,226.49843029498578,19000.582851225114,100.0,False,5
3205,424.086,4978.858667597792,151.24968096932423,229.0,19007.88527777777,100.0,False,5
3206,424.172,5023.0,115.0,230.28999808,19013.408623751548,100.0,False,5
3207,424.286,5080.140405092458,67.34860516611292,232.0,19020.774166666655,100.0,False,5
3208,424.352,5113.0,40.0,233.6500032,19025.07745052357,100.0,False,5
3209,424.446,5159.944187637385,1.3628258515340872,236.0,19031.263055555544,100.0,False,5
3210,424.512,5193.0,-26.0,237.27978110223265,19035.652411741525,100.0,False,5
3211,424.807,5341.776213886089,-153.51496094183565,243.0,19055.630555555545,100.0,False,5
3212,424.833,5355.0,-165.0,243.43333546666668,19057.40399397042,100.0,False,5
3213,424.993,5437.0,-236.0,246.10000213333333,19068.361577421998,100.0,False,5
3214,425.047,5465.1039736185085,-259.7924854213963,247.0,19072.09722222221,100.0,False,5
3215,425.233,5563.0,-342.0,250.98571702857143,19085.136025055122,100.0,False,5
3216,425.327,5612.31037448099,-385.0117182373632,253.0,19091.774999999987,100.0,False,5
3217,425.353,5626.0,-397.0,253.1857152,19093.61319078551,100.0,False,5
3218,425.553,5732.0,-490.0,254.61428662857142,19107.778200671848,100.0,False,5
3219,425.607,5760.3143167124,-515.5269895592155,255.0,19111.608333333323,100.0,False,5
3220,425.753,5836.0,-586.0,255.73000064,19121.97794425554,100.0,False,5
3221,425.807,5863.769904815648,-612.8804831051491,256.0,19125.830555555545,100.0,False,5
3222,425.973,5947.0,-697.0,258.0750016,19137.753961643313,100.0,False,5
3223,426.047,5981.831387645525,-734.0218215515562,259.0,19143.09722222221,100.0,False,5
3224,426.193,6053.0,-815.0,259.79347895652177,19153.67769567232,100.0,False,5
3225,426.453,6206.0,-1009.0,261.2065224347826,19172.645610677362,100.0,False,5
3226,426.913,6359.0,-1242.0,263.7065224347826,19206.556954815802,100.0,False,5
3227,426.967,6382.675028797356,-1282.4964505319201,264.0,19210.563888888875,100.0,False,5
3228,427.113,6454.0,-1409.0,265.8250016,19221.424795281935,100.0,False,5
3229,427.287,6533.615404381244,-1569.0598187500348,268.0,19234.386111111096,100.0,False,5
3230,427.433,6584.0,-1678.0,268.0,19245.24711999289,100.0,False,5
3231,427.487,6596.720320528138,-1706.1441439890389,268.0,19249.274999999987,100.0,False,5
3232,427.753,6636.0,-1803.0,269.9000009142857,19269.225240739746,100.0,False,5
3233,427.767,6638.942077619487,-1810.7054111401444,270.0,19270.274999999983,100.0,False,5
3234,428.087,6736.3013836730315,-2070.3882269525634,270.0,19294.274999999983,100.0,False,5
3235,428.153,6757.0,-2127.0,271.1000021333333,19299.270655631917,100.0,False,5
3236,428.327,6807.126095791955,-2267.2227619302466,274.0,19312.54166666665,100.0,False,5
3237,428.567,6871.354929956384,-2453.183379220876,277.0,19331.008333333317,100.0,False,5
3238,428.573,6873.0,-2458.0,276.9357129142857,19331.467909035327,100.0,False,5
3239,428.847,6946.514288114851,-2675.5763131774825,274.0,19352.319444444427,100.0,False,5
3240,428.892,6956.0,-2704.0,274.0,19355.745186098924,100.0,False,5
3241,429.007,6975.338744525465,-2762.509285370114,274.0,19364.497222222206,100.0,False,5
3242,429.207,7000.561102041677,-2841.0575747129333,272.0,19379.608333333315,100.0,False,5
3243,429.312,7026.0,-2920.0,271.3437488,19387.491354595873,100.0,False,5
3244,429.552,7109.0,-3177.0,269.8437488,19405.404223487993,100.0,False,5
3245,429.687,7133.444309425703,-3253.88353013233,269.0,19415.474999999984,100.0,False,5
3246,429.872,7154.0,-3319.0,268.53749952,19429.29077364164,100.0,False,5
3247,430.087,7202.238079984963,-3466.333629006202,268.0,19445.25277777776,100.0,False,5
3248,430.192,7228.0,-3545.0,265.3749952,19452.95957582497,47.499904,False,5
3249,430.287,7249.866937758372,-3612.1347364821663,263.0,19459.86388888887,0.0,False,5
3250,430.392,7273.0,-3684.0,259.4999936,19467.40101772363,0.0,False,5
3251,430.527,7301.901904726377,-3775.684228863424,255.0,19476.86388888887,0.0,True,5
3252,430.552,7307.0,-3792.0,252.8124832,19478.57565658295,0.0,True,5
3253,430.687,7332.994622593787,-3876.1272768369176,241.0,19487.574999999983,0.0,True,5
3254,430.752,7346.0,-3921.0,234.79395351350237,19491.73297036394,0.0,True,5
3255,430.886,7375.688729186731,-4031.428464856528,222.0,19499.84666666665,0.0,True,5
3256,431.052,7408.0,-4160.0,205.44599320926196,19508.777094284014,0.0,True,5
3257,431.247,7422.903992244267,-4228.487328657686,186.0,19518.498333333315,0.0,True,5
3258,431.407,7430.752691652221,-4277.147095909164,180.0,19526.498333333315,0.0,True,5
3259,431.433,7433.0,-4290.0,177.9571328,19527.73371186802,0.0,True,5
3260,431.613,7453.0,-4400.0,163.81427565714284,19535.682080654264,0.0,True,5
3261,431.687,7459.252149874677,-4432.172360624677,158.0,19538.787222222207,0.0,True,5
3262,431.913,7473.0,-4499.0,146.6999936,19547.96213510141,0.0,True,5
3263,431.927,7474.108649197769,-4504.9965012814955,146.0,19548.52055555554,0.0,True,5
3264,432.087,7489.553396897515,-4593.446715592545,140.0,19554.742777777763,0.0,True,5
3265,432.213,7499.0,-4659.0,127.3999872,19559.11710054685,0.0,True,5
3266,432.247,7500.4698659292635,-4672.899252777246,124.0,19560.253888888874,0.0,True,5
3267,432.393,7503.0,-4719.0,120.3499968,19565.041543043742,0.0,True,5
3268,432.567,7503.551461766923,-4767.060324549212,116.0,19570.564999999984,0.0,True,5
3269,432.653,7499.0,-4800.0,113.8499968,19573.229486841265,0.0,True,5
3270,432.767,7486.043341815597,-4858.216411063604,111.0,19576.731666666652,0.0,True,5
3271,432.813,7481.0,-4879.0,110.8083328,19578.150175720813,0.0,True,5
3272,433.007,7469.87466345824,-4922.058903070852,110.0,19584.064999999984,0.0,False,5
3273,433.213,7445.0,-4945.0,104.8499968,19589.860183043667,13.39000832,False,5
3274,433.407,7382.922061393391,-4997.049142088519,100.0,19595.176111111094,26.0,False,5
3275,433.473,7365.0,-5011.0,100.4125008,19597.02738421463,29.3000064,False,5
3276,433.567,7347.913756414582,-5022.540182991032,101.0,19599.664999999983,34.0,False,5
3277,433.727,7328.819029218104,-5029.269042811613,99.0,19604.06499999998,48.0,False,5
3278,433.753,7324.0,-5031.0,99.4875024,19604.787666945558,48.3250016,False,5
3279,433.887,7290.059541921193,-5043.868769846659,102.0,19608.598333333313,50.0,False,5
3280,434.013,7252.0,-5058.0,105.60000365714286,19612.389124709676,52.25000228571429,False,5
3281,434.167,7206.98303818942,-5073.036769291095,110.0,19617.153888888868,55.0,False,5
3282,434.253,7182.0,-5081.0,110.5375008,19619.789674166426,57.687504,False,5
3283,434.327,7160.384243899804,-5087.841151341404,111.0,19622.087222222202,60.0,False,5
3284,434.373,7147.0,-5092.0,112.0541696,19623.547283443913,60.6708352,False,5
3285,434.593,7079.0,-5112.0,117.09583626666667,19630.86580968453,63.879168533333335,False,5
3286,434.807,6985.132733423571,-5138.891266962837,122.0,19638.35388888887,67.0,False,5
3287,434.853,6967.0,-5144.0,124.3000064,19639.99705009924,69.5875072,False,5
3288,434.967,6929.873517691784,-5154.254685390095,130.0,19644.131666666646,76.0,False,5
3289,435.207,6866.09349706506,-5171.454425006398,137.0,19653.26499999998,81.0,False,5
3290,435.233,6857.0,-5174.0,138.43000704,19654.302861994245,82.43000704,False,5
3291,435.333,6818.0,-5185.0,143.93000704,19658.38975595557,87.93000704,False,5
3292,435.407,6788.029666037921,-5193.28276764694,148.0,19661.487222222204,92.0,False,5
3293,435.647,6688.126401714345,-5219.4687863153185,156.0,19671.887222222205,100.0,False,5
3294,435.652,6686.0,-5220.0,156.14999808,19672.10945248762,100.0,False,5
3295,435.832,6608.0,-5239.0,161.55000576,19680.212750348317,100.0,False,5
3296,435.847,6601.332033611962,-5240.62662991195,162.0,19680.887222222205,100.0,False,5
3297,436.007,6529.134544707798,-5258.317580296196,162.0,19688.087222222206,100.0,False,5
3298,436.032,6518.0,-5261.0,162.9375072,19689.236878200838,100.0,False,5
3299,436.247,6419.774256949683,-5283.862963697443,171.0,19699.487222222207,100.0,False,5
3300,436.272,6406.0,-5287.0,171.81250624,19700.7180423618,100.0,False,5
3301,436.492,6270.0,-5318.0,178.96249792,19711.879226411373,100.0,False,5
3302,436.647,6205.816702230014,-5333.851906580243,184.0,19719.93166666665,100.0,False,5
3303,436.772,6160.0,-5346.0,186.08333226666667,19726.476125313722,100.0,False,5
3304,436.992,6048.0,-5376.0,189.7500032,19738.12902396631,100.0,False,5
3305,437.007,6037.386938498062,-5378.835278785426,190.0,19738.93166666665,100.0,False,5
3306,437.167,5900.589799969889,-5415.212472975547,194.0,19747.55388888887,100.0,False,5
3307,437.252,5839.0,-5431.0,195.0624992,19752.168537241556,100.0,False,5
3308,437.327,5800.470895635229,-5440.224049095081,196.0,19756.26499999998,100.0,False,5
3309,437.612,5721.0,-5458.0,199.57366619211712,19772.079891984282,100.0,False,5
3310,437.646,5705.728709618655,-5462.62158831591,200.0,19773.987222222204,100.0,False,5
3311,437.793,5625.0,-5488.0,201.82608847745132,19782.24359818646,100.0,False,5
3312,437.807,5617.032519653048,-5490.41022359696,202.0,19783.02111111109,100.0,False,5
3313,438.047,5479.683138311839,-5528.1604317860765,195.0,19796.02111111109,100.0,True,5
3314,438.173,5410.0,-5543.0,191.8499968,19802.667813155105,54.99995428571428,True,5
3315,438.327,5329.272264756411,-5555.315199422144,188.0,19810.64333333331,0.0,True,5
3316,438.373,5307.0,-5558.0,186.97777493333334,19812.994141552736,0.0,True,5
3317,438.613,5188.0,-5562.0,181.6444416,19825.02053068101,0.0,True,5
3318,438.687,5130.931543632088,-5556.381358526878,180.0,19828.64333333331,0.0,True,5
3319,438.793,5047.0,-5545.0,176.9083296,19833.76121863593,0.0,True,5
3320,438.927,4981.297124986772,-5532.179565297202,173.0,19840.176666666644,0.0,False,5
3321,439.167,4929.842111696101,-5505.320140464368,173.0,19851.709999999977,26.0,False,5
3322,439.213,4915.0,-5497.0,172.67142765714286,19853.90869806715,30.435726628571427,False,5
3323,439.373,4850.0,-5460.0,171.52857051428572,19861.51263777024,45.864298057142854,False,5
3324,439.447,4819.995731722942,-5439.987212248036,171.0,19865.00999999998,53.0,False,5
3325,439.513,4794.0,-5421.0,170.76428525714286,19868.119596547876,56.77143588571428,False,5
3326,439.727,4714.966208140728,-5355.745009605963,170.0,19878.232222222203,69.0,False,5
3327,439.733,4713.0,-5354.0,170.10500224,19878.51990064948,69.24000512,False,5
3328,440.013,4620.0,-5256.0,175.00500224,19892.222779398326,80.44000512,False,5
3329,440.127,4555.908296417965,-5173.499721514292,177.0,19897.89888888887,85.0,False,5
3330,440.193,4523.0,-5130.0,178.32000256,19901.201358761195,89.9500096,False,5
3331,440.327,4485.646771853149,-5078.902983484228,181.0,19907.954444444425,100.0,False,5
3332,440.553,4461.0,-5037.0,184.22857325714287,19919.54194352358,100.0,False,5
3333,440.607,4448.68963793152,-5016.990378243848,185.0,19922.343333333316,100.0,False,5
3334,440.713,4418.0,-4966.0,186.7666688,19927.87645565549,100.0,False,5
3335,440.847,4371.540445323179,-4881.4430519410225,189.0,19934.943333333315,100.0,False,5
3336,441.007,4312.479640227825,-4767.07997486219,193.0,19943.521111111095,100.0,False,5
3337,441.093,4289.0,-4721.0,195.1500032,19948.242271063416,100.0,False,5
3338,441.327,4255.96552223346,-4654.100400858782,201.0,19961.38777777776,100.0,False,5
3339,441.453,4235.0,-4611.0,201.3937504,19968.509932612058,100.0,False,5
3340,441.613,4192.0,-4523.0,201.8937504,19977.476391469365,100.0,False,5
3341,441.647,4181.544726590848,-4501.175810359808,202.0,19979.343333333316,100.0,False,5
3342,441.933,4091.0,-4307.0,192.24999563636365,19994.4882666795,34.99997090909091,False,5
3343,442.087,4057.818070396335,-4234.610296155219,187.0,20002.19888888887,0.0,True,5
3344,442.252,4029.0,-4172.0,172.97500544,20010.063872009836,0.0,True,5
3345,442.287,4022.6120478332227,-4158.346399289342,170.0,20011.643333333315,0.0,True,5
3346,442.412,3997.0,-4106.0,161.66667093333334,20016.979576213165,0.0,True,5
3347,442.647,3925.2322537429436,-3979.2159659795175,146.0,20026.243333333317,0.0,True,5
3348,442.692,3912.0,-3957.0,144.593752,20028.018367794546,0.0,True,5
3349,442.807,3882.0019672105614,-3907.9920422193463,141.0,20032.509999999984,0.0,True,5
3350,443.007,3842.5497784515806,-3847.8883825662415,131.0,20039.78777777776,0.0,True,5
3351,443.132,3825.0,-3822.0,125.140628,20043.931660217342,0.0,True,5
3352,443.327,3807.284683442756,-3796.7520516790973,116.0,20050.09888888887,0.0,True,5
3353,443.432,3795.0,-3781.0,116.0,20053.501686149648,0.0,True,5
3354,443.487,3786.393021192916,-3770.3402570257554,116.0,20055.25444444443,0.0,True,5
3355,443.692,3744.0,-3722.0,110.2343768,20061.411460307798,0.0,True,5
3356,443.807,3716.796999071047,-3696.7160403217345,107.0,20064.76555555554,0.0,True,5
3357,444.007,3668.150209089174,-3660.700372275512,104.0,20070.543333333317,0.0,True,5
3358,444.012,3667.0,-3660.0,103.83263817033956,20070.68251566445,0.0,True,5
3359,444.246,3616.9473366740744,-3638.3415503302926,96.0,20076.91666666665,0.0,False,5
3360,444.407,3579.532710930253,-3632.143403801561,95.0,20081.16527777776,0.0,False,5
3361,444.413,3578.0,-3632.0,95.0,20081.323702368714,0.0,False,5
3362,444.473,3562.0,-3631.0,95.0,20082.907811471618,0.0,False,5
3363,444.687,3489.976194502216,-3637.8354589340756,95.0,20088.55416666665,0.0,False,5
3364,444.813,3448.0,-3648.0,95.0,20091.874056146276,0.0,False,5
3365,444.887,3426.310812612367,-3655.684058972884,95.0,20093.831944444428,0.0,False,5
3366,445.047,3386.8000008694826,-3676.501179795097,95.0,20098.05416666665,0.0,False,5
3367,445.213,3353.0,-3700.0,90.8499968,20102.130018750213,16.6000128,False,5
3368,445.367,3326.740525566457,-3721.790597015203,87.0,20105.787499999984,32.0,False,5
3369,445.513,3305.0,-3742.0,87.0,20109.310151309386,36.38000384,False,5
3370,445.767,3263.5143797983064,-3787.066351777986,87.0,20115.454166666652,44.0,False,5
3371,445.773,3262.0,-3789.0,87.0,20115.597079330608,44.23571931428572,False,5
3372,446.033,3181.0,-3900.0,87.0,20121.85796916028,54.450005028571425,False,5
3373,446.047,3177.840455167075,-3904.539758479724,87.0,20122.22083333332,55.0,False,5
3374,446.287,3155.3184863970328,-3941.483653578648,102.0,20129.020833333318,32.0,False,5
3375,446.433,3144.0,-3964.0,109.90834026666667,20133.683773279565,53.900019199999996,False,5
3376,446.527,3130.7254096311476,-3988.2874079613416,115.0,20136.687499999985,68.0,False,5
3377,446.713,3094.0,-4051.0,113.13999872,20142.290640839252,74.04500416,False,5
3378,446.927,3043.351671263823,-4126.509722822136,111.0,20149.02083333332,81.0,False,5
3379,447.113,3003.0,-4180.0,124.02000896,20155.948699954417,79.13999872,False,5
3380,447.327,2968.728890764282,-4216.453329269556,139.0,20164.465277777766,77.0,False,5
3381,447.393,2955.0,-4229.0,139.23571474285714,20167.03878042651,73.22856411428572,False,5
3382,447.607,2891.1489136857713,-4283.332590416732,140.0,20175.354166666657,61.0,False,5
3383,447.613,2889.0,-4285.0,140.1500032,20175.592172441244,60.12998144,False,5
3384,447.793,2816.0,-4336.0,144.6500032,20182.844342921297,34.02998144,False,5
3385,447.807,2809.591618480171,-4339.894609566274,145.0,20183.40972222221,32.0,False,5
3386,448.093,2674.0,-4410.0,144.2055552,20194.876989554316,6.577766399999998,False,5
3387,448.167,2649.980873122963,-4421.850999567863,144.0,20197.80972222221,0.0,False,5
3388,448.447,2590.7538671526854,-4444.058784321867,141.0,20208.776388888877,10.0,False,5
3389,448.553,2541.0,-4451.0,140.62142811428572,20212.89470555015,24.764303542857142,False,5
3390,448.727,2421.248043021339,-4461.861691248288,140.0,20219.665277777764,49.0,False,5
3391,448.732,2418.0,-4462.0,140.04166613333334,20219.86112149875,49.1249984,False,5
3392,448.967,2301.7006086469714,-4453.17459221494,142.0,20229.13194444443,55.0,False,5
3393,449.167,2245.0638046608688,-4439.240233335201,143.0,20237.076388888876,58.0,False,5
3394,449.172,2244.0,-4439.0,143.078124,20237.27717046274,58.1718728,False,5
3395,449.452,2188.0,-4425.0,147.453124,20248.757842667597,67.7968728,False,5
3396,449.487,2174.357831015116,-4420.490999941377,148.0,20250.231944444433,69.0,False,5
3397,449.687,2060.797013439437,-4379.691320810308,154.0,20258.787499999988,78.0,False,5
3398,449.792,2002.0,-4355.0,154.6562512,20263.2794957351,79.9687536,False,5
3399,449.847,1974.796274852893,-4342.103925713438,155.0,20265.676388888874,81.0,False,5
3400,450.087,1881.4237826537617,-4284.955856554552,166.0,20276.74305555554,80.0,False,5
3401,450.212,1835.0,-4250.0,171.72916373333334,20282.886372755624,90.41666133333334,False,5
3402,450.327,1789.8698764650562,-4213.469144045164,177.0,20288.54305555554,100.0,False,5
3403,450.567,1700.512433173698,-4136.33333159134,172.0,20300.009722222207,100.0,False,5
3404,450.572,1699.0,-4135.0,172.29780177097393,20300.257813773194,100.0,False,5
3405,450.886,1622.3829136960503,-4064.66632113446,191.0,20316.93444444443,100.0,False,5
3406,450.973,1588.0,-4032.0,196.4149431807318,20321.83207113012,100.0,False,5
3407,451.127,1502.5518178130988,-3950.5410368268613,206.0,20330.724999999984,100.0,False,5
3408,451.213,1456.0,-3906.0,208.4187536,20335.78827466056,100.0,False,5
3409,451.447,1369.0413662334506,-3821.946746369059,215.0,20349.836111111093,100.0,False,5
3410,451.607,1320.9016271585024,-3774.8615226181523,219.0,20359.569444444427,100.0,False,5
3411,451.613,1319.0,-3773.0,219.12857417142857,20359.93750409647,100.0,False,5
3412,451.887,1224.739549267374,-3680.614036421377,225.0,20377.069444444427,100.0,False,5
3413,452.127,1130.2051639542537,-3587.792190969542,235.0,20392.736111111095,100.0,False,5
3414,452.367,1012.2780891742584,-3472.0914968370344,239.0,20408.66944444443,100.0,False,5
3415,452.613,857.0,-3320.0,245.1500032,20425.583661637505,100.0,False,5
3416,452.767,742.5440691030029,-3207.9926023659673,249.0,20436.336111111093,100.0,False,5
3417,452.873,669.0,-3136.0,251.12000256,20443.75706949405,100.0,False,5
3418,452.967,613.9148148963918,-3082.028720108856,253.0,20450.39166666665,100.0,False,5
3419,453.247,496.40456445104525,-2966.728186125919,259.0,20470.536111111094,100.0,False,5
3420,453.333,465.0,-2936.0,259.0,20476.720383402913,100.0,False,5
3421,453.407,438.72387132122225,-2910.341132281376,259.0,20482.0472222222,100.0,False,5
3422,453.633,340.0,-2814.0,261.51111253333335,20498.453546516033,100.0,False,5
3423,453.767,239.2287519066761,-2715.3734307710833,263.0,20508.3472222222,100.0,False,5
3424,453.893,149.0,-2627.0,266.1500032,20517.795233432986,100.0,False,5
3425,454.127,66.22361720793842,-2545.8182128057592,272.0,20535.5472222222,100.0,False,5
3426,454.193,41.0,-2521.0,272.27500053333335,20540.543954837744,100.0,False,5
3427,454.367,-51.72987301302716,-2429.6706232775177,273.0,20553.747222222202,100.0,False,5
3428,454.433,-89.0,-2393.0,274.17857371428573,20558.805849446937,100.0,False,5
3429,454.647,-203.44869633714887,-2280.694038642025,278.0,20575.369444444423,100.0,False,5
3430,454.713,-243.0,-2242.0,278.70714422857145,20580.501786088345,100.0,False,5
3431,454.927,-390.9559233641091,-2097.688790218878,281.0,20597.22499999998,100.0,False,5
3432,454.993,-432.0,-2058.0,281.7333347555556,20602.41759309127,100.0,False,5
3433,455.287,-569.1155627178683,-1928.1638072717005,285.0,20625.724999999977,100.0,False,5
3434,455.312,-581.0,-1917.0,285.18750144,20627.715880131396,100.0,False,5
3435,455.492,-685.0,-1819.0,286.53749952,20642.086399026997,100.0,False,5
3436,455.687,-875.9502894772677,-1637.5154654982757,288.0,20657.72499999998,100.0,False,5
3437,455.752,-929.0,-1587.0,288.65000192,20662.95389826596,100.0,False,5
3438,455.887,-995.1483448597965,-1523.9095168689382,290.0,20673.83611111109,100.0,False,5
3439,456.087,-1054.6022688652865,-1467.273645811579,291.0,20690.002777777754,100.0,False,5
3440,456.092,-1057.0,-1465.0,291.02499968,20690.407813687794,100.0,False,5
3441,456.252,-1152.0,-1375.0,291.82499968,20703.38705695005,100.0,False,6
3442,456.287,-1173.2326585790242,-1354.8554683708383,292.0,20706.224999999977,100.0,False,6
3443,456.447,-1266.508692040454,-1266.1864972568474,292.0,20719.202777777755,100.0,False,6
3444,456.492,-1293.0,-1241.0,292.46874933333334,20722.875102350965,100.0,False,6
3445,456.732,-1436.0,-1105.0,294.96874933333334,20742.669040474542,100.0,False,6
3446,456.927,-1544.3297109688995,-1001.4361579305448,297.0,20758.802777777757,100.0,False,6
3447,456.992,-1591.0,-957.0,297.0,20764.166114700874,100.0,False,6
3448,457.207,-1793.25750648883,-765.2609436527237,297.0,20781.902777777756,100.0,False,6
3449,457.272,-1842.0,-719.0,297.54166826666665,20787.290104827676,100.0,False,6
3450,457.447,-1909.886917048447,-654.0588270884351,299.0,20801.83611111109,100.0,False,6
3451,457.613,-1962.0,-604.0,299.0,20815.628778926908,100.0,False,6
3452,457.767,-2059.686310867541,-511.10383081541687,299.0,20828.413888888866,100.0,False,6
3453,457.873,-2142.0,-433.0,299.0,20837.207544916484,100.0,False,6
3454,457.967,-2218.9125874260217,-360.0871722487162,299.0,20845.024999999976,100.0,False,6
3455,458.253,-2433.0,-157.0,301.3833344,20869.012788914122,100.0,False,6
3456,458.327,-2465.341317823227,-126.0617872258073,302.0,20875.224999999977,100.0,False,6
3457,458.567,-2540.2686998264853,-54.009568311026186,301.0,20895.291666666642,0.0,False,6
3458,458.593,-2554.0,-41.0,300.47999744,20897.449875323906,13.000064,False,6
3459,458.767,-2679.99758323423,77.75057767153662,297.0,20911.791666666642,100.0,False,6
3460,458.833,-2729.0,124.0,294.68999552,20917.179455836158,66.999936,False,6
3461,458.967,-2815.927514473308,206.44962358892798,290.0,20927.902777777752,0.0,True,6
3462,459.093,-2888.0,275.0,275.0374848,20937.469634065812,0.0,True,6
3463,459.127,-2906.7341635330517,292.79311245877864,271.0,20939.9472222222,0.0,True,6
3464,459.333,-3015.0,395.0,253.20907985454545,20953.939541487583,0.0,True,6
3465,459.513,-3105.0,479.0,237.66362530909092,20965.139942879934,0.0,True,6
3466,459.567,-3130.252618473748,503.3660143611225,233.0,20968.424999999977,0.0,True,6
3467,459.573,-3133.0,506.0,232.50713234285715,20968.787901310854,0.0,True,6
3468,459.773,-3224.0,591.0,216.0785609142857,20980.60884204746,0.0,True,6
3469,459.847,-3264.5600128318356,630.4041318335978,210.0,20984.75833333331,0.0,True,6
3470,460.127,-3424.6544572859366,792.5649433820922,186.0,20999.224999999977,0.0,True,6
3471,460.133,-3427.0,795.0,185.63570651428572,20999.519144139053,0.0,True,6
3472,460.407,-3480.2597505187528,854.3817705606099,169.0,21012.36944444442,0.0,True,6
3473,460.513,-3499.0,879.0,161.7124912,21017.0582148465,0.0,True,6
3474,460.567,-3511.646100060655,895.7168178851713,158.0,21019.39166666664,0.0,True,6
3475,460.693,-3545.0,941.0,152.4874944,21024.70008702326,0.0,True,6
3476,460.727,-3553.256103941455,952.9049408239209,151.0,21026.10277777775,0.0,True,6
3477,460.853,-3581.0,996.0,147.32499626666666,21031.19683545935,0.0,True,6
3478,460.967,-3603.7673182439594,1035.9177868044721,144.0,21035.70277777775,0.0,True,6
3479,461.053,-3619.0,1066.0,142.27999744,21039.059314881062,0.0,True,6
3480,461.167,-3636.0319870862636,1105.10891628861,140.0,21043.48055555553,0.0,True,6
3481,461.213,-3642.0,1121.0,139.7124992,21045.267040006296,0.0,True,6
3482,461.327,-3654.7094424865327,1161.1708859716275,139.0,21049.658333333307,0.0,False,6
3483,461.413,-3662.0,1192.0,136.49166293333334,21052.868329553396,0.0,False,6
3484,461.567,-3669.5576798046286,1247.922601809444,132.0,21058.458333333307,0.0,False,6
3485,461.673,-3671.0,1286.0,130.6749984,21062.27177015721,16.3416864,False,6
3486,461.807,-3668.7568011360495,1333.4044389960757,129.0,21067.058333333305,37.0,False,6
3487,461.853,-3667.0,1351.0,128.76999936,21068.692973188594,40.68001024,False,6
3488,462.007,-3657.5726449682084,1417.9496682055396,128.0,21074.169444444415,53.0,False,6
3489,462.167,-3645.0536757860573,1488.1128157367675,131.0,21079.991666666636,60.0,False,6
3490,462.212,-3642.0,1504.0,132.57499776,21081.670757616415,62.02499712,False,6
3491,462.367,-3632.951143902364,1546.3700283764747,138.0,21087.658333333304,69.0,False,6
3492,462.452,-3627.0,1571.0,142.01388586666667,21091.136233619985,74.19444053333333,False,6
3493,462.692,-3603.0,1665.0,153.3472192,21101.59252440276,88.8611072,False,6
3494,462.727,-3599.263684186127,1679.5468201514848,155.0,21103.1583333333,91.0,False,6
3495,462.892,-3582.0,1749.0,162.42499712,21110.653195186853,91.0,False,6
3496,462.927,-3578.549376373335,1764.209221107947,164.0,21112.269444444413,91.0,False,6
3497,463.192,-3557.0,1884.0,169.7968792,21124.809917609495,85.2031208,False,6
3498,463.247,-3554.341958757914,1909.2203056875373,171.0,21127.469444444414,84.0,False,6
3499,463.372,-3551.0,1968.0,175.6874976,21133.588732619282,84.7812496,False,6
3500,463.407,-3550.7739123777897,1985.3181091485421,177.0,21135.33611111108,85.0,False,6
3501,463.532,-3552.0,2048.0,181.2968728,21141.727771635673,86.1718744,False,6
3502,463.727,-3558.744562609757,2141.7381688075207,188.0,21152.04722222219,88.0,False,6
3503,463.772,-3563.0,2172.0,188.99999857777777,21154.45974556385,88.24999964444444,False,6
3504,463.972,-3593.0,2340.0,193.44444302222223,21165.315453589017,89.36111075555556,False,6
3505,464.087,-3605.568832270863,2397.2855720475895,196.0,21171.647222222193,90.0,False,6
3506,464.248,-3619.045001734589,2434.0804093667343,200.0,21180.591666666638,89.0,False,6
3507,464.313,-3628.0,2456.0,200.0,21184.190777726875,93.49685634840515,False,6
3508,464.407,-3645.157568385887,2497.6607769448487,200.0,21189.42499999997,100.0,False,6
3509,464.553,-3683.0,2579.0,204.17143222857143,21197.786631033043,100.0,False,6
3510,464.687,-3731.7010633024015,2661.434425122436,208.0,21205.60277777775,100.0,False,6
3511,464.873,-3804.0,2768.0,211.10000213333333,21216.52793939171,100.0,False,6
3512,464.927,-3821.083784061077,2791.682790307052,212.0,21219.736111111084,100.0,False,6
3513,465.153,-3887.0,2873.0,216.8428598857143,21233.38530996146,100.0,False,6
3514,465.207,-3907.673496173955,2896.3003096486273,218.0,21236.691666666637,100.0,False,6
3515,465.333,-3962.0,2955.0,220.20500224,21244.4675594997,100.0,False,6
3516,465.573,-4069.0,3059.0,224.40500224,21259.5287311906,100.0,False,6
3517,465.607,-4084.9650679708557,3073.494617651934,225.0,21261.69166666664,100.0,False,6
3518,465.753,-4155.0,3135.0,228.1937528,21271.063278202284,100.0,False,6
3519,465.927,-4239.705803836324,3207.1823265462044,232.0,21282.31388888886,100.0,False,6
3520,465.933,-4243.0,3210.0,232.0,21282.701282221235,100.0,False,6
3521,466.087,-4339.531131493827,3293.244293849106,232.0,21292.62499999997,100.0,False,6
3522,466.253,-4440.0,3381.0,232.0,21303.251559167496,100.0,False,6
3523,466.407,-4500.583170072571,3435.1525478209674,232.0,21313.24722222219,100.0,False,6
3524,466.573,-4558.0,3488.0,237.39500416,21324.378114686955,100.0,False,6
3525,466.807,-4673.211562704859,3594.9925383697127,245.0,21340.469444444418,100.0,False,6
3526,466.873,-4707.0,3627.0,245.91666844444444,21345.03031376148,100.0,False,6
3527,467.053,-4796.0,3713.0,248.41666844444444,21357.51650632895,100.0,False,6
3528,467.167,-4852.842411126678,3768.1682347582737,250.0,21365.469444444414,100.0,False,6
3529,467.273,-4906.0,3820.0,251.59000192,21372.898037318093,100.0,False,6
3530,467.367,-4953.019204465185,3866.2274615028145,253.0,21379.524999999972,100.0,False,6
3531,467.493,-5016.0,3929.0,255.3625024,21388.478491784736,100.0,False,6
3532,467.527,-5033.018688527809,3946.2009259410197,256.0,21390.90277777775,100.0,False,6
3533,467.673,-5106.0,4021.0,256.81111182222224,21401.338900656647,100.0,False,6
3534,467.853,-5195.0,4114.0,257.81111182222224,21414.257379813826,100.0,False,6
3535,467.887,-5211.815232734317,4131.788637333882,258.0,21416.702777777748,100.0,False,6
3536,468.047,-5291.159830064917,4216.611143650029,260.0,21428.258333333306,100.0,False,6
3537,468.173,-5354.0,4284.0,263.1500032,21437.495522902696,100.0,False,6
3538,468.207,-5371.019755301727,4302.214010740915,264.0,21439.991666666636,100.0,False,6
3539,468.353,-5444.0,4381.0,264.0,21450.68681564784,100.0,False,6
3540,468.407,-5470.6307198073055,4410.709124210164,264.0,21454.6583333333,100.0,False,6
3541,468.512,-5522.0,4469.0,265.3125024,21462.4285698718,100.0,False,6
3542,468.647,-5587.968618727677,4543.580244225812,267.0,21472.4583333333,100.0,False,6
3543,468.807,-5666.528985652307,4633.142419038135,267.0,21484.324999999968,100.0,False,6
3544,468.812,-5669.0,4636.0,267.04999936,21484.696900197825,100.0,False,6
3545,468.992,-5756.0,4738.0,268.85000192,21498.144960814017,100.0,False,6
3546,469.007,-5762.582013574009,4745.801621676784,269.0,21499.269444444413,100.0,False,6
3547,469.212,-5842.0,4841.0,270.4642852571429,21514.685719771787,100.0,False,6
3548,469.287,-5869.255186988483,4874.043626344871,271.0,21520.34722222219,100.0,False,6
3549,469.487,-5954.180085042023,4979.426341117859,273.0,21535.51388888886,100.0,False,6
3550,469.492,-5957.0,4983.0,273.04999936,21535.89522120197,100.0,False,6
3551,469.812,-6172.0,5260.0,276.24999936,21560.511505038037,100.0,False,6
3552,469.887,-6203.615198562647,5301.405294590916,277.0,21566.29166666664,100.0,False,6
3553,470.087,-6247.667104210231,5361.157755117557,277.0,21581.680555555526,100.0,False,6
3554,470.172,-6273.0,5396.0,276.7343752,21588.218300646942,73.43751999999999,False,6
3555,470.407,-6378.412802995561,5540.923614352189,276.0,21606.21388888886,0.0,False,6
3556,470.432,-6390.0,5557.0,275.5551570299283,21608.110131639543,0.0,False,6
3557,470.633,-6478.0,5681.0,271.97864815693794,21623.238437252472,0.0,False,6
3558,470.688,-6501.477201606896,5714.9320175848015,271.0,21627.366944444413,0.0,False,6
3559,470.753,-6529.0,5755.0,269.05000192,21632.24620295565,0.0,False,6
3560,470.888,-6584.971889098442,5836.6033018751405,265.0,21642.089166666636,0.0,True,6
3561,470.933,-6603.0,5863.0,258.22176151706367,21645.14619985934,0.0,True,6
3562,471.093,-6664.0,5953.0,234.12132374600066,21655.222827626574,0.0,True,6
3563,471.127,-6676.3804548931275,5971.428946635437,229.0,21657.292222222193,0.0,True,6
3564,471.453,-6786.0,6137.0,211.95908421818183,21676.284258163243,0.0,True,6
3565,471.533,-6811.0,6175.0,207.77726603636364,21680.652824231805,0.0,True,6
3566,471.567,-6821.497488213976,6190.882338429221,206.0,21682.469999999972,0.0,True,6
3567,471.727,-6869.903278735891,6263.470430404527,185.0,21690.69222222219,0.0,True,6
3568,471.833,-6900.0,6309.0,177.0499904,21695.802985087856,0.0,True,6
3569,471.927,-6925.011938797682,6347.463078921277,170.0,21700.136666666636,0.0,True,6
3570,472.033,-6952.0,6389.0,163.10999168,21704.83187500903,0.0,True,6
3571,472.127,-6975.496838542118,6424.500261926405,157.0,21708.85888888886,0.0,True,6
3572,472.193,-6991.0,6448.0,153.6999936,21711.62640657827,0.0,True,6
3573,472.287,-7010.856558046369,6478.710552801687,149.0,21715.48111111108,0.0,True,6
3574,472.413,-7046.0,6536.0,144.2749952,21720.4841783531,0.0,True,6
3575,472.527,-7100.909261478309,6628.470367055752,140.0,21724.81444444441,0.0,True,6
3576,472.593,-7129.0,6677.0,136.46427885714286,21727.222561116774,0.0,True,6
3577,472.807,-7162.797425757057,6746.166148033272,125.0,21734.536666666634,0.0,True,6
3578,472.853,-7167.0,6758.0,122.843744,21736.011924291604,0.0,True,6
3579,473.093,-7193.0,6842.0,111.593744,21743.29293488852,0.0,True,6
3580,473.127,-7195.914141414881,6855.357836463389,110.0,21744.31444444441,0.0,True,6
3581,473.367,-7207.9543024681725,6951.329377577553,108.0,21751.514444444412,0.0,True,6
3582,473.473,-7210.0,6981.0,106.10714057142857,21754.60503659338,0.0,True,6
3583,473.647,-7209.981781914378,7004.994726562274,103.0,21759.525555555523,0.0,True,6
3584,473.753,-7208.0,7020.0,100.3499968,21762.42809502246,0.0,True,6
3585,473.927,-7201.609216969174,7062.927487797943,96.0,21766.99222222219,0.0,True,6
3586,474.073,-7193.0,7103.0,90.15999488,21770.57906214455,0.0,True,6
3587,474.127,-7189.018066452476,7116.083824423167,88.0,21771.881111111077,0.0,False,6
3588,474.313,-7172.0,7156.0,86.8374992,21776.338512058297,0.0,False,6
3589,474.447,-7156.546409286571,7183.429824221122,86.0,21779.525555555523,0.0,False,6
3590,474.533,-7145.0,7200.0,85.64166613333333,21781.56104193614,10.033348266666666,False,6
3591,474.687,-7120.886446202319,7226.750364995726,85.0,21785.19222222219,28.0,False,6
3592,474.773,-7106.0,7240.0,85.0,21787.217043274002,31.01000448,False,6
3593,474.887,-7085.04560571308,7255.674784179313,85.0,21789.914444444414,35.0,False,6
3594,474.953,-7072.0,7264.0,85.66000128,21791.493781337715,36.6500032,False,6
3595,475.087,-7043.137119369269,7279.472353521354,87.0,21794.747777777746,40.0,False,6
3596,475.132,-7033.0,7284.0,87.64285622857143,21795.858149287124,40.96428434285714,False,6
3597,475.332,-6986.0,7300.0,90.49999908571428,21800.91470970924,45.249998628571426,False,6
3598,475.367,-6977.367343975176,7302.472625244559,91.0,21801.825555555526,46.0,False,6
3599,475.532,-6935.0,7313.0,95.1249984,21806.23067832128,50.812498133333335,False,6
3600,475.607,-6914.891007282038,7316.818455726705,97.0,21808.292222222193,53.0,False,6
3601,475.632,-6908.0,7318.0,97.6250048,21808.9875083153,53.729172266666666,False,6
3602,475.847,-6846.519431669773,7327.020574073838,103.0,21815.15888888886,60.0,False,6
3603,475.872,-6840.0,7328.0,103.8035776,21815.90445929852,60.3571456,False,6
3604,476.052,-6787.0,7336.0,109.58928365714286,21821.45700185869,62.92857051428572,False,6
3605,476.127,-6743.632413144101,7341.503464391045,112.0,21823.86999999997,64.0,False,6
3606,476.372,-6558.0,7363.0,121.1874976,21832.18381952641,67.828124,False,6
3607,476.447,-6523.147290134935,7366.631358340914,124.0,21834.89222222219,69.0,False,6
3608,476.752,-6454.0,7373.0,132.34126375086487,21846.780158910828,43.97620874740537,False,6
3609,476.952,-6377.0,7384.0,137.81094145576603,21855.262775677973,27.567175632701876,False,6
3610,477.152,-6298.0,7401.0,143.28061916066721,21863.655951667028,11.158142517998378,False,6
3611,477.288,-6211.242748005985,7430.262801264838,147.0,21869.233055555527,0.0,False,6
3612,477.393,-6154.0,7451.0,145.6875008,21873.466773726148,0.0,False,6
3613,477.528,-6125.968846047792,7461.547638792329,144.0,21878.833055555526,0.0,False,6
3614,477.673,-6105.0,7477.0,141.81406920754415,21884.524590972014,0.0,False,6
3615,477.727,-6086.03171093339,7490.730211961598,141.0,21886.627222222192,0.0,False,6
3616,477.933,-5988.0,7563.0,139.0687488,21894.56823756885,0.0,False,6
3617,478.047,-5954.995186180107,7590.881155625437,138.0,21898.893888888862,0.0,False,6
3618,478.333,-5919.0,7642.0,135.13999872,21909.52802958224,27.88501248,False,6
3619,478.447,-5898.170604404155,7675.549627792011,134.0,21913.78277777775,39.0,False,6
3620,478.593,-5870.0,7726.0,135.3687512,21919.296258143484,41.7375024,False,6
3621,478.767,-5845.318377097315,7787.570422915404,137.0,21925.960555555528,45.0,False,6
3622,478.833,-5838.0,7812.0,137.94285897142856,21928.514644596293,47.35714742857143,False,6
3623,478.993,-5824.0,7873.0,140.22857325714287,21934.778303312214,53.071433142857146,False,6
3624,479.047,-5820.1862351357095,7892.339331212032,141.0,21936.927222222195,55.0,False,6
3625,479.253,-5811.0,7975.0,144.6785737142857,21945.279934040827,61.62143268571429,False,6
3626,479.327,-5810.8683695585805,8020.411570986503,146.0,21948.28277777775,64.0,False,6
3627,479.453,-5813.0,8099.0,146.0,21953.375043941458,69.5125056,False,6
3628,479.487,-5813.549030116681,8114.154671258872,146.0,21954.77166666664,71.0,False,6
3629,479.687,-5817.223889647544,8162.622475007635,153.0,21963.27166666664,78.0,False,6
3630,479.753,-5820.0,8185.0,154.5000029090909,21966.149364393244,81.00000581818182,False,6
3631,480.113,-5847.0,8391.0,162.6818210909091,21982.52464121249,97.36364218181818,False,6
3632,480.127,-5847.837165027905,8397.270136763604,163.0,21983.19388888886,98.0,False,6
3633,480.327,-5856.400334963715,8459.732678504146,176.0,21992.97166666664,100.0,False,6
3634,480.433,-5862.0,8496.0,177.3250016,21998.18275733822,100.0,False,6
3635,480.487,-5865.713243207244,8519.08730177903,178.0,22000.88277777775,100.0,False,6
3636,480.713,-5885.0,8636.0,186.07143314285713,22012.66171943466,100.0,False,6
3637,480.767,-5889.372393027426,8662.816327827642,188.0,22015.504999999972,100.0,False,6
3638,480.893,-5900.0,8729.0,188.7875008,22022.113296039097,100.0,False,6
3639,481.087,-5921.726391486568,8868.30152893915,190.0,22032.39388888886,100.0,False,6
3640,481.153,-5928.0,8912.0,192.4750048,22035.9877881942,100.0,False,6
3641,481.327,-5938.17493344762,8998.458313901774,199.0,22045.660555555525,100.0,False,6
3642,481.487,-5942.666004526367,9059.019604972169,204.0,22054.727222222195,100.0,False,6
3643,481.533,-5944.0,9078.0,205.1500032,22057.379015343908,100.0,False,6
3644,481.727,-5947.699409904069,9181.931987918098,210.0,22068.72722222219,100.0,False,6
3645,481.752,-5947.0,9205.0,210.0,22070.19203297029,91.8749376,False,6
3646,481.887,-5938.332900234367,9361.892489013377,210.0,22078.060555555527,48.0,False,6
3647,481.892,-5938.0,9367.0,209.8750016,22078.34852641449,47.5625056,False,6
3648,482.127,-5926.951613868361,9483.986060912222,204.0,22091.66055555553,27.0,False,6
3649,482.332,-5912.0,9534.0,204.0,22103.303724844423,26.267857371428573,False,6
3650,482.407,-5902.677896151425,9570.070463709266,204.0,22107.527222222194,26.0,False,6
3651,482.532,-5883.0,9641.0,200.8750016,22114.48348576736,26.0,False,6
3652,482.567,-5876.7041856958,9659.987132701044,200.0,22116.416111111084,26.0,False,6
3653,482.752,-5838.0,9754.0,198.14999808,22126.534757701636,39.41251392,False,6
3654,482.932,-5792.0,9840.0,196.35000064,22136.294581825798,52.46249536,False,6
3655,482.967,-5781.892065009793,9856.38330624869,196.0,22138.19388888886,55.0,False,6
3656,483.167,-5718.322184783043,9946.655596843575,196.0,22149.08277777775,69.0,False,6
3657,483.212,-5704.0,9965.0,196.8437488,22151.557413626022,69.2812496,False,6
3658,483.327,-5667.419004911252,10008.571240855023,199.0,22157.927222222195,70.0,False,6
3659,483.392,-5638.0,10039.0,199.65000192,22161.551331359213,73.57501056,False,6
3660,483.527,-5546.045207966594,10125.399117831095,201.0,22169.09388888886,81.0,False,6
3661,483.592,-5506.0,10162.0,201.0,22172.704117017245,86.14584853333334,False,6
3662,483.767,-5450.938005335988,10211.273967556273,201.0,22182.49388888886,100.0,False,6
3663,483.973,-5389.0,10258.0,210.40248797810085,22194.594299255798,100.0,False,6
3664,484.008,-5366.934794354549,10274.731477605781,212.0,22196.68611111108,100.0,False,6
3665,484.168,-5237.527849473882,10372.926169460055,217.0,22206.330555555527,100.0,False,6
3666,484.213,-5207.0,10396.0,217.74999893333333,22209.068771402384,100.0,False,6
3667,484.408,-5131.149796756331,10452.501870865766,221.0,22221.06388888886,100.0,False,6
3668,484.613,-5077.0,10490.0,223.80182267414568,22233.888763732415,100.0,False,6
3669,484.813,-4974.0,10560.0,226.53530906327867,22246.575948819456,100.0,False,6
3670,484.847,-4951.836461599151,10574.53896527979,227.0,22248.745277777747,100.0,False,6
3671,485.033,-4824.0,10656.0,229.906252,22260.677737884846,100.0,False,6
3672,485.167,-4761.33459783386,10693.940391975779,232.0,22269.367499999968,100.0,False,6
3673,485.313,-4701.0,10728.0,235.6500032,22278.935745869047,100.0,False,6
3674,485.327,-4694.128225066126,10731.81429159861,236.0,22279.856388888857,100.0,False,6
3675,485.567,-4554.615475941798,10807.129824923815,238.0,22295.723055555525,100.0,False,6
3676,485.573,-4551.0,10809.0,238.10000213333333,22296.123183645446,100.0,False,6
3677,485.793,-4419.0,10874.0,241.7666688,22310.910998700525,100.0,False,6
3678,485.807,-4410.4937163438535,10877.985168801144,242.0,22311.85638888886,100.0,False,6
3679,486.033,-4271.0,10941.0,243.61428662857142,22327.16356464793,100.0,False,6
3680,486.087,-4237.446283324126,10956.014919472655,244.0,22330.834166666635,100.0,False,6
3681,486.287,-4112.754518372307,11011.366677743978,246.0,22344.5008333333,100.0,False,6
3682,486.293,-4109.0,11013.0,246.1500032,22344.914452430636,100.0,False,6
3683,486.447,-4011.8541128973106,11054.718731035282,250.0,22355.611944444412,100.0,False,6
3684,486.473,-3995.0,11062.0,250.295456,22357.430904843593,100.0,False,6
3685,486.693,-3844.0,11128.0,252.795456,22372.958911618854,100.0,False,6
3686,486.753,-3800.0,11147.0,253.4772741818182,22377.225848051134,100.0,False,6
3687,486.887,-3714.527540603766,11184.496911475351,255.0,22386.77861111108,100.0,False,6
3688,486.933,-3684.0,11198.0,255.41818298181818,22390.065345302595,100.0,False,6
3689,487.173,-3501.0,11279.0,257.60000116363636,22407.280532530694,100.0,False,6
3690,487.327,-3398.673747815059,11324.266148303841,259.0,22418.434166666637,100.0,False,6
3691,487.413,-3344.0,11349.0,259.61428662857145,22424.70778466635,100.0,False,6
3692,487.607,-3217.9184620143233,11408.139032702116,261.0,22438.73416666664,100.0,False,6
3693,487.613,-3214.0,11410.0,260.6999936,22439.156778780743,98.33329777777777,False,6
3694,487.853,-3059.0,11485.0,248.6999936,22455.48847151312,31.666631111111116,False,6
3695,487.967,-2989.4352121663733,11520.840971349071,243.0,22463.034166666635,0.0,True,6
3696,487.993,-2974.0,11529.0,241.56999296,22464.74613701586,0.0,True,6
3697,488.167,-2874.8460438305387,11583.31789895292,232.0,22475.923055555522,0.0,True,6
3698,488.253,-2829.0,11610.0,221.249984,22481.010566729034,0.0,True,6
3699,488.367,-2771.76798020404,11645.20579067039,207.0,22487.423055555526,0.0,True,6
3700,488.452,-2731.0,11671.0,203.1041696,22492.115035223662,0.0,True,6
3701,488.607,-2659.4670554868876,11716.47039237008,196.0,22500.48972222219,0.0,True,6
3702,488.672,-2630.0,11735.0,194.14285165714287,22503.937533927387,0.0,True,6
3703,488.887,-2533.235758675304,11792.393704398544,188.0,22515.111944444412,0.0,False,6
3704,488.912,-2522.0,11798.0,187.218744,22516.39511572585,0.0,False,6
3705,489.032,-2468.0,11821.0,183.468744,22522.494407850307,0.0,False,6
3706,489.047,-2461.229729971958,11823.467473370465,183.0,22523.245277777747,0.0,False,6
3707,489.272,-2358.0,11849.0,177.3749952,22534.176585728525,7.5000064,False,6
3708,489.407,-2292.587304292044,11851.785317060443,174.0,22540.645277777745,12.0,False,6
3709,489.512,-2243.0,11849.0,174.0,22545.70671784329,29.2083648,False,6
3710,489.692,-2159.0,11833.0,174.0,22554.42333277404,58.70832284444444,False,6
3711,489.767,-2113.236321877165,11815.674056231406,174.0,22558.045277777746,71.0,False,6
3712,489.927,-2004.7648296757725,11763.971133455687,174.0,22565.77861111108,75.0,False,6
3713,489.972,-1982.0,11752.0,175.1249984,22567.987406300334,77.69999616,False,6
3714,490.127,-1936.702307034852,11723.627311630973,179.0,22575.723055555525,87.0,False,6
3715,490.272,-1906.0,11698.0,182.61370978868447,22583.087282574474,92.8722784066123,False,6
3716,490.448,-1833.2579376248916,11642.342538760156,187.0,22592.39722222219,100.0,False,6
3717,490.453,-1830.0,11640.0,187.33928137142857,22592.67166067706,100.0,False,6
3718,490.633,-1682.0,11539.0,199.5535670857143,22602.899455734907,100.0,False,6
3719,490.728,-1623.2882292415186,11505.18617752532,206.0,22608.419444444415,100.0,False,6
3720,490.913,-1540.0,11472.0,209.4687488,22619.220831063736,100.0,False,6
3721,491.048,-1465.1466715071322,11444.547972829007,212.0,22627.263888888858,100.0,False,6
3722,491.113,-1427.0,11432.0,214.71966477897757,22631.212460311242,100.0,False,6
3723,491.273,-1332.0,11406.0,221.41423082649504,22641.12426691635,100.0,False,6
3724,491.287,-1323.5887687595366,11403.899919796466,222.0,22642.00222222219,100.0,False,6
3725,491.513,-1185.0,11372.0,227.6500032,22656.390946200023,100.0,False,6
3726,491.607,-1125.3220967376658,11359.181200539892,230.0,22662.446666666638,100.0,False,6
3727,491.733,-1046.0,11343.0,232.52000256,22670.603769210196,100.0,False,6
3728,491.807,-1001.5768630278625,11334.539640152518,234.0,22675.446666666638,100.0,False,6
3729,491.973,-892.0,11314.0,237.458336,22686.508231986492,100.0,False,6
3730,492.253,-642.0,11262.0,243.29166933333335,22705.63878026607,100.0,False,6
3731,492.287,-622.5252646752215,11257.749501673736,244.0,22707.979999999967,100.0,False,6
3732,492.447,-566.8045064709393,11244.276703580532,249.0,22719.046666666636,100.0,False,6
3733,492.493,-548.0,11239.0,249.5750016,22722.245841305416,100.0,False,6
3734,492.687,-429.72345530953766,11203.604903665107,252.0,22735.846666666635,100.0,False,6
3735,492.847,-312.9491296975528,11164.593790076135,256.0,22747.22444444441,100.0,False,6
3736,492.873,-295.0,11158.0,256.14444515555556,22749.079093671084,100.0,False,6
3737,492.993,-216.0,11127.0,256.81111182222224,22757.64999492081,100.0,False,6
3738,493.207,-81.43413624975335,11066.230255796341,258.0,22773.02444444441,100.0,False,6
3739,493.233,-61.0,11055.0,258.39000192,22774.904722085153,100.0,False,6
3740,493.407,100.14116626878214,10956.977053390994,261.0,22787.52444444441,100.0,False,6
3741,493.453,135.0,10935.0,261.0,22790.85196573754,100.0,False,6
3742,493.567,192.50867212729514,10898.284126886105,261.0,22799.124444444413,100.0,False,6
3743,493.767,253.6067113025561,10843.86540631808,267.0,22813.957777777745,100.0,False,6
3744,493.813,284.0,10813.0,267.1916672,22817.375648152665,100.0,False,6
3745,493.993,450.0,10639.0,267.9416672,22830.77240339052,100.0,False,6
3746,494.007,461.544697779278,10626.29966170831,268.0,22831.824444444414,100.0,False,6
3747,494.207,575.9697953638833,10486.171207511507,273.0,22846.991111111078,100.0,False,6
3748,494.407,635.1363276956381,10394.680122873238,273.0,22862.157777777742,100.0,False,6
3749,494.433,642.0,10384.0,273.3714304,22864.142529004712,100.0,False,6
3750,494.687,702.8982450957186,10286.250075815946,277.0,22883.70222222219,100.0,False,6
3751,494.753,722.0,10252.0,277.23571474285717,22888.79923243883,100.0,False,6
3752,494.967,798.3028244563008,10104.260087699267,278.0,22905.32444444441,100.0,False,6
3753,495.032,820.0,10059.0,278.0,22910.33596614654,100.0,False,6
3754,495.212,874.0,9931.0,278.0,22924.228115187198,100.0,False,6
3755,495.247,886.5385562015013,9896.44318550974,278.0,22926.946666666634,100.0,False,6
3756,495.472,974.0,9633.0,281.7500032,22944.56653126925,100.0,False,6
3757,495.487,978.2551140601329,9619.682266392625,282.0,22945.746666666633,100.0,False,6
3758,495.727,1010.9702537076607,9507.766313954402,284.0,22964.679999999964,100.0,False,6
3759,495.892,1030.0,9419.0,284.5892854857143,22977.71185400523,100.0,False,6
3760,496.007,1053.1062779849374,9311.392437930124,285.0,22986.84666666663,100.0,False,6
3761,496.172,1090.0,9137.0,287.2916657777778,23000.08098034371,100.0,False,6
3762,496.367,1118.2696072764916,8992.883513914527,290.0,23015.84666666663,100.0,False,6
3763,496.567,1137.5334497061294,8870.381783495568,292.0,23032.068888888854,100.0,False,6
3764,496.572,1138.0,8867.0,292.0312496,23032.475226407783,100.0,False,6
3765,496.887,1163.837159230611,8627.148001924605,294.0,23058.202222222186,100.0,False,6
3766,496.933,1166.0,8590.0,294.76348699340457,23061.995997326863,100.0,False,6
3767,497.053,1169.0,8492.0,296.75518665146956,23071.937516330585,100.0,False,6
3768,497.128,1168.7963533427626,8429.886842154605,298.0,23078.15166666663,100.0,False,6
3769,497.213,1167.0,8359.0,298.0,23085.18424244352,100.0,False,6
3770,497.408,1158.5894205224415,8195.934047217914,298.0,23101.329444444407,100.0,False,6
3771,497.493,1154.0,8125.0,298.9107136,23108.40930890692,100.0,False,6
3772,497.688,1142.591575765145,7962.839075278446,301.0,23124.740555555516,100.0,False,6
3773,497.713,1141.0,7942.0,301.1792111340808,23126.84076426696,100.0,False,6
3774,497.873,1130.0,7808.0,302.3261653284005,23140.311512636665,100.0,False,6
3775,497.967,1122.8453307594261,7728.562194121479,303.0,23148.223055555514,100.0,False,6
3776,498.073,1114.0,7640.0,303.0,23157.13001805977,100.0,False,6
3777,498.207,1100.1280012127177,7530.106202259026,303.0,23168.423055555515,100.0,False,6
3778,498.233,1096.0,7507.0,303.4875024,23170.62726366166,100.0,False,6
3779,498.367,1064.5809537120836,7373.557492505153,306.0,23182.023055555517,100.0,False,6
3780,498.527,1014.8427981578081,7206.924153300597,305.0,23195.57861111107,100.0,False,6
3781,498.573,1002.0,7167.0,305.1916672,23199.480106218012,100.0,False,6
3782,498.767,956.1377260441599,7040.466225709196,306.0,23215.97861111107,100.0,False,6
3783,498.933,919.0,6943.0,307.0375008,23230.147037711202,100.0,False,6
3784,499.087,879.4659240885214,6828.872338558199,308.0,23243.356388888846,100.0,False,6
3785,499.153,858.0,6765.0,308.8250016,23249.043241799685,100.0,False,6
3786,499.327,787.2832316443786,6551.921730043834,311.0,23264.08972222218,100.0,False,6
3787,499.373,771.0,6502.0,311.1916672,23268.07248055672,100.0,False,6
3788,499.567,727.9101206930244,6363.74501433856,312.0,23284.88972222218,100.0,False,6
3789,499.807,686.3263484890637,6240.548835658492,313.0,23305.756388888847,100.0,False,6
3790,499.873,660.0,6173.0,313.4125008,23311.510796761217,100.0,False,6
3791,499.967,610.5525919739775,6049.56051173227,314.0,23319.7119444444,100.0,False,6
3792,500.093,542.0,5883.0,314.0,23330.697316465936,100.0,False,6
3793,500.207,502.5298257266421,5792.8338644922205,314.0,23340.645277777734,100.0,False,6
3794,500.513,439.0,5660.0,314.69545483636364,23367.443974805003,100.0,False,6
3795,500.647,381.7905129500578,5516.571347733285,315.0,23379.145277777734,100.0,False,6
3796,500.693,364.0,5469.0,314.53999872,23383.15060276111,100.0,False,6
3797,500.847,324.8017572731858,5347.487567480827,313.0,23396.53416666662,100.0,False,6
3798,501.053,301.0,5217.0,313.0,23414.447823347953,100.0,False,6
3799,501.087,297.40015134526345,5190.849343937458,313.0,23417.40083333329,100.0,False,6
3800,501.327,274.0713926675163,4967.4397910209955,312.0,23438.20083333329,100.0,False,6
3801,501.687,262.7924107579546,4576.214445176091,311.0,23469.30083333329,100.0,False,6
3802,501.692,263.0,4571.0,310.9791669333333,23469.731675829775,100.0,False,6
3803,501.912,280.0,4351.0,310.0624992,23488.67401086263,100.0,False,6
3804,501.927,281.39308636858084,4337.1176811650885,310.0,23489.96749999996,100.0,False,6
3805,502.112,299.0,4178.0,310.7708341333333,23505.950490427815,100.0,False,6
3806,502.167,304.0158790346071,4133.718775632611,311.0,23510.70083333329,100.0,False,6
3807,502.352,326.0,3973.0,310.53749952,23526.65163339175,100.0,False,6
3808,502.512,362.0,3788.0,310.13749952,23540.417680749128,100.0,False,6
3809,502.567,373.36441393760003,3735.334333543177,310.0,23545.145277777738,100.0,False,6
3810,502.872,427.0,3539.0,309.23749952,23571.3260463677,100.0,False,6
3811,502.967,448.8063001848379,3470.404570812354,309.0,23579.47861111107,100.0,False,6
3812,503.127,497.1308667151753,3332.873430234714,309.0,23593.211944444407,100.0,False,6
3813,503.132,499.0,3328.0,309.0,23593.641044125776,100.0,False,6
3814,503.332,584.0,3121.0,309.0,23610.802796052725,100.0,False,6
3815,503.407,611.4156118853319,3057.5335983802065,309.0,23617.245277777736,100.0,False,6
3816,503.728,706.2557816472344,2859.3899461345068,309.0,23644.797777777738,104.0,True,6
3817,503.733,708.0,2856.0,308.90000128,23645.22344192804,103.90000128,True,6
3818,503.928,784.7018938574574,2710.488956654706,305.0,23661.742222222183,100.0,False,6
3819,503.993,811.0,2661.0,305.0,23667.24698691468,100.0,False,6
3820,504.033,827.0,2631.0,305.0,23670.636550536405,100.0,False,6
3821,504.088,849.652325537342,2590.218012071944,305.0,23675.29777777774,100.0,False,6
3822,504.328,957.6759641446818,2418.2472008816617,305.0,23695.63111111107,100.0,False,6
3823,504.373,979.0,2387.0,304.8387097958146,23699.43598180907,100.0,False,6
3824,504.593,1088.0,2238.0,304.0501787872198,23718.00891245108,100.0,False,6
3825,504.607,1095.3202318556475,2228.6334520238333,304.0,23719.191111111075,100.0,False,6
3826,504.793,1196.0,2107.0,304.0,23734.90534262468,100.0,False,6
3827,504.887,1249.1306506148858,2048.1680700821626,304.0,23742.835555555517,100.0,False,6
3828,504.893,1253.0,2044.0,303.9624992,23743.34123675338,100.0,False,6
3829,505.193,1491.0,1798.0,302.0874992,23768.514001603045,100.0,False,6
3830,505.207,1498.6274394959655,1790.3367792275792,302.0,23769.67999999996,100.0,False,6
3831,505.447,1581.2926026726243,1711.5161995795536,298.0,23789.54666666663,100.0,False,6
3832,505.453,1584.0,1709.0,297.94999893333335,23790.041559409237,100.0,False,6
3833,505.693,1732.0,1572.0,295.94999893333335,23809.775840201994,100.0,False,6
3834,505.807,1800.5427233372782,1510.6031342620636,295.0,23819.04666666663,100.0,False,6
3835,506.053,1954.0,1379.0,290.69499776,23838.752276495685,100.0,False,6
3836,506.207,2080.48374019491,1272.9173295980445,288.0,23851.04666666663,100.0,True,6
3837,506.233,2101.0,1256.0,287.6749984,23853.12824556542,95.55831146666667,True,6
3838,506.447,2244.0748253234774,1142.3709391067605,285.0,23870.04666666663,59.0,True,6
3839,506.607,2327.739618935109,1078.4150655829224,271.0,23882.091111111076,0.0,True,6
3840,506.633,2340.0,1069.0,273.3111224888889,23884.169291722057,7.222257777777777,True,6
3841,506.967,2498.762440563167,956.5052380425761,303.0,23912.391111111072,100.0,True,6
3842,506.973,2503.0,954.0,301.14996053333334,23912.82862712046,97.49994666666667,True,6
3843,507.207,2697.741867385294,848.2048997901984,229.0,23927.65777777774,0.0,True,6
3844,507.233,2714.0,840.0,227.781244,23929.21816418743,0.0,True,6
3845,507.527,2800.3824058039104,811.3971530041147,214.0,23946.67999999996,0.0,True,6
3846,507.553,2810.0,810.0,213.5124976,23948.210598651145,0.0,True,6
3847,507.687,2878.255453379465,800.0440006962602,211.0,23956.05777777774,0.0,False,6
3848,507.773,2934.0,796.0,209.656248,23961.04279995632,0.0,False,6
3849,508.007,3112.943458197789,805.6309519603816,206.0,23974.36888888885,0.0,False,6
3850,508.053,3147.0,809.0,204.8499968,23976.94032845008,5.750016,False,6
3851,508.287,3299.372696651229,828.2297689429136,199.0,23989.846666666625,35.0,False,6
3852,508.512,3412.0,845.0,198.0624992,24002.230501882008,50.0000128,False,6
3853,508.767,3504.508398139617,856.7034295111271,197.0,24016.11333333329,67.0,False,6
3854,508.852,3542.0,860.0,195.81944533333333,24020.662615973448,65.11111253333333,False,6
3855,509.012,3628.0,866.0,193.5972231111111,24029.145722654474,61.555556977777776,False,6
3856,509.127,3686.1185139535137,869.4007647950173,192.0,24035.31333333329,59.0,False,6
3857,509.287,3767.156028978761,871.3218780284176,196.0,24044.0244444444,59.0,False,6
3858,509.352,3809.0,870.0,196.0,24047.56956153064,59.65000192,False,6
3859,509.487,3909.3787537452977,863.4753263977423,196.0,24054.91333333329,61.0,False,6
3860,509.512,3926.0,862.0,195.6874976,24056.267568871714,60.8437488,False,6
3861,509.647,3994.410922729895,853.3832222181724,194.0,24063.53555555551,60.0,False,6
3862,509.847,4067.7824145983814,832.7597770979321,191.0,24074.14666666662,68.0,False,6
3863,509.852,4070.0,832.0,191.06230446117615,24074.413445243918,67.89096719294174,False,6
3864,510.032,4158.0,798.0,193.30529696380992,24084.11792185703,63.96573031333265,False,6
3865,510.168,4216.674369305122,768.5587024248225,195.0,24091.53416666662,61.0,False,6
3866,510.253,4251.0,748.0,196.27499904,24096.19085180808,72.89999104,False,6
3867,510.368,4297.1020183308265,716.6724308868428,198.0,24102.53416666662,89.0,False,6
3868,510.493,4349.0,678.0,200.08333226666667,24109.513203724517,89.0,False,6
3869,510.713,4446.0,602.0,203.74999893333333,24122.06226600711,89.0,False,6
3870,510.728,4451.999707171076,597.1316784265258,204.0,24122.934166666622,89.0,False,6
3871,511.013,4578.0,490.0,212.0156232,24139.798302864296,98.7968728,False,6
3872,511.048,4604.4310569823365,467.2753580442279,213.0,24141.867499999957,100.0,False,6
3873,511.193,4721.0,367.0,213.0,24150.40736699393,100.0,False,6
3874,511.248,4747.047658278117,344.50586309614226,213.0,24153.70083333329,100.0,False,6
3875,511.473,4786.0,311.0,222.67742326188267,24167.689668728857,100.0,False,6
3876,511.527,4804.776508538979,295.3432009619545,225.0,24171.13833333329,100.0,False,6
3877,511.753,4921.0,199.0,229.42174163478262,24185.882896286235,100.0,False,6
3878,511.933,5007.0,128.0,232.9434807652174,24197.98576519235,100.0,False,6
3879,512.053,5068.0,78.0,235.2913068521739,24206.209530839318,100.0,False,6
3880,512.273,5178.0,-14.0,239.59565467826087,24221.305657035144,100.0,False,6
3881,512.447,5265.708271486134,-89.13545688896914,243.0,24233.23833333329,100.0,False,6
3882,512.633,5361.0,-171.0,243.0,24245.83323199987,100.0,False,6
3883,512.647,5368.240197850103,-177.16584288189037,243.0,24246.738333333295,100.0,False,6
3884,512.873,5485.0,-276.0,229.13181032727272,24260.216639017115,100.0,False,6
3885,513.053,5573.0,-351.0,218.08635578181818,24270.943848794326,100.0,False,6
3886,513.087,5588.8058497254215,-364.53512927952386,216.0,24273.138333333292,100.0,False,6
3887,513.113,5601.0,-375.0,218.88890311111112,24274.852555038116,100.0,False,6
3888,513.413,5757.0,-512.0,252.22223644444443,24296.291012081674,100.0,False,6
3889,513.447,5774.742679694779,-528.2988131490193,256.0,24298.738333333295,100.0,False,6
3890,513.653,5880.0,-629.0,256.0,24313.37870330306,100.0,False,6
3891,513.687,5897.1783797548715,-646.1277758535398,256.0,24315.80499999996,100.0,False,6
3892,513.873,5990.0,-743.0,259.1000021333333,24329.221285159194,100.0,False,6
3893,513.927,6016.322120177214,-772.3576530526799,260.0,24333.138333333296,100.0,False,6
3894,513.973,6038.0,-797.0,260.25555626666664,24336.478241656205,100.0,False,6
3895,514.253,6165.0,-954.0,261.81111182222224,24356.860194841473,100.0,False,6
3896,514.287,6185.488979694881,-982.5746628821638,262.0,24359.338333333297,100.0,False,6
3897,514.487,6318.268710007671,-1176.8503014046398,263.0,24373.949444444403,100.0,False,6
3898,514.513,6331.0,-1196.0,263.3250016,24375.861233230557,100.0,False,6
3899,514.727,6380.530179563739,-1275.9382380336049,266.0,24391.682777777736,100.0,False,6
3900,514.852,6406.0,-1323.0,266.0,24400.910314808694,100.0,False,6
3901,514.927,6430.502047062581,-1367.3490141681764,266.0,24406.460555555517,100.0,False,6
3902,515.032,6470.0,-1440.0,267.05000192,24414.269591088192,100.0,False,6
3903,515.127,6502.511634777687,-1503.540825438964,268.0,24421.3494444444,100.0,False,6
3904,515.232,6536.0,-1573.0,268.0,24429.16649945203,100.0,False,6
3905,515.287,6553.112557588513,-1609.9435295430478,268.0,24433.260555555516,100.0,False,6
3906,515.527,6624.303976071253,-1774.828259517898,268.0,24451.127222222185,100.0,False,6
3907,515.572,6637.0,-1806.0,268.0,24454.47311825851,100.0,False,6
3908,515.772,6691.0,-1945.0,268.0,24469.33291822167,100.0,False,6
3909,515.887,6720.498375233459,-2025.2801174353567,268.0,24477.927222222177,100.0,False,6
3910,515.952,6737.0,-2071.0,268.9285741714286,24482.809675771015,100.0,False,6
3911,516.167,6791.763951047043,-2224.7791226378204,272.0,24499.082777777738,100.0,False,6
3912,516.407,6852.969717356899,-2400.261953966173,275.0,24517.416111111073,100.0,False,6
3913,516.647,6911.259722497418,-2570.3332747945324,274.0,24535.68277777774,100.0,False,6
3914,516.693,6922.0,-2602.0,273.7142852599828,24539.176285445406,100.0,False,6
3915,516.808,6948.308331132285,-2680.077754746313,273.0,24547.891944444404,100.0,False,6
3916,516.893,6970.0,-2746.0,272.3928576,24554.3024066315,100.0,False,6
3917,517.088,7031.205223835339,-2937.541959458402,271.0,24568.96972222218,100.0,False,6
3918,517.113,7039.0,-2962.0,271.1041664,24570.856835682316,100.0,False,6
3919,517.328,7100.02122488905,-3152.3813798795773,272.0,24587.103055555515,100.0,False,6
3920,517.493,7135.0,-3261.0,270.1666673777778,24599.437227072824,100.0,False,6
3921,517.688,7160.0283847700475,-3338.7104384534005,268.0,24613.903055555515,100.0,False,6
3922,517.793,7176.0,-3388.0,267.1250005333333,24621.679068257108,56.25002666666666,False,6
3923,517.928,7205.642154805709,-3479.1454247497545,266.0,24631.636388888848,0.0,False,6
3924,518.033,7231.0,-3557.0,263.36401622548584,24639.323565073035,0.0,False,6
3925,518.167,7261.381628555191,-3650.2209559725843,260.0,24648.897499999963,0.0,False,6
3926,518.253,7280.0,-3708.0,254.1363549090909,24654.784220661437,0.0,False,6
3927,518.493,7329.0,-3865.0,237.77271854545455,24670.169626292765,0.0,False,6
3928,518.607,7350.298193469122,-3936.056773079481,230.0,24677.00861111107,0.0,True,6
3929,518.653,7358.0,-3962.0,225.56427337142858,24679.686769266464,0.0,True,6
3930,518.887,7388.363987212758,-4068.7998910110296,203.0,24692.797499999957,0.0,True,6
3931,518.993,7406.0,-4151.0,199.9083296,24698.684476968403,0.0,True,6
3932,519.113,7431.0,-4280.0,196.4083296,24705.14379411696,0.0,True,6
3933,519.127,7433.580444714449,-4293.447148350243,196.0,24705.864166666623,0.0,True,6
3934,519.367,7459.152776904,-4425.654664020597,169.0,24717.13083333329,0.0,True,6
3935,519.567,7467.279357198869,-4468.444600460904,143.0,24725.075277777734,0.0,True,6
3936,519.633,7471.0,-4489.0,139.14999253333335,24727.51089111722,0.0,True,6
3937,519.807,7483.2903887159455,-4558.553325173946,129.0,24733.675277777733,0.0,True,6
3938,520.007,7496.710825242871,-4640.980751012519,125.0,24740.619722222174,0.0,True,6
3939,520.013,7497.0,-4643.0,124.72999424,24740.821091205118,0.0,True,6
3940,520.193,7502.0,-4701.0,116.62999424,24746.629372361025,0.0,True,6
3941,520.207,7501.990118341679,-4707.042327102944,116.0,24747.06416666662,0.0,True,6
3942,520.413,7497.0,-4810.0,111.2461508923077,24753.194355098574,0.0,True,6
3943,520.693,7490.0,-4849.0,104.78461243076923,24761.110059509352,0.0,True,6
3944,520.727,7487.943691846175,-4854.904968339627,104.0,24762.08638888884,0.0,False,6
3945,520.887,7473.40186283311,-4896.13228128689,104.0,24766.708611111062,0.0,False,6
3946,520.993,7460.0,-4924.0,102.6749984,24769.72709060697,0.0,False,6
3947,521.047,7452.119634310102,-4936.550012452172,102.0,24771.2419444444,0.0,False,6
3948,521.193,7427.0,-4966.0,100.37777635555555,24775.2507153134,15.005568711111112,False,6
3949,521.372,7388.0,-4997.0,98.3888896,24780.086282577584,33.402771200000004,False,6
3950,521.407,7379.4943309173395,-5002.414794079639,98.0,24781.041944444398,37.0,False,6
3951,521.592,7333.0,-5027.0,99.85000192,24786.171726832148,50.8750144,False,6
3952,521.607,7329.516319451284,-5028.630681621071,100.0,24786.597499999953,52.0,False,6
3953,521.872,7254.0,-5057.0,106.6250048,24794.450996948126,54.83928777142857,False,6
3954,521.887,7246.259018777254,-5059.591205541476,107.0,24794.919722222174,55.0,False,6
3955,522.012,7172.0,-5084.0,111.26136145454545,24798.938011517563,57.84090763636364,False,6
3956,522.327,7073.73134042727,-5113.889582268364,122.0,24809.830833333286,65.0,False,6
3957,522.492,7030.0,-5126.0,126.81249813333334,24815.85683285177,71.1874976,False,6
3958,522.807,6902.599956220989,-5162.1171746569,136.0,24827.96416666662,83.0,False,6
3959,522.892,6867.0,-5172.0,139.8958304,24831.37176848707,88.6666624,False,6
3960,523.047,6805.79545314813,-5188.545450864337,147.0,24837.76416666662,99.0,False,6
3961,523.313,6712.0,-5213.0,155.10526274733948,24849.355888761904,99.73684206793995,False,6
3962,523.408,6681.97092634659,-5220.750661126837,158.0,24853.60805555551,100.0,False,6
3963,523.713,6580.0,-5246.0,164.6718736,24867.567246624712,100.0,False,6
3964,523.728,6573.5644837317095,-5247.512379831614,165.0,24868.274722222173,100.0,False,6
3965,523.873,6507.0,-5263.0,170.4374976,24875.233063066855,100.0,False,6
3966,523.968,6466.984035425993,-5272.5263865105535,174.0,24879.874722222175,100.0,False,6
3967,524.053,6423.0,-5283.0,175.770832,24884.06610355153,100.0,False,6
3968,524.208,6302.325915095138,-5311.32852811918,179.0,24891.80805555551,100.0,False,6
3969,524.273,6257.0,-5322.0,180.08333226666667,24895.09591036514,100.0,False,6
3970,524.568,6159.216202867657,-5346.1159894577595,185.0,24910.30805555551,100.0,False,6
3971,524.633,6137.0,-5352.0,186.3598323894888,24913.716680417747,100.0,False,6
3972,524.807,6053.230718402608,-5374.363969023385,190.0,24922.9219444444,100.0,False,6
3973,524.953,5973.0,-5396.0,191.8250016,24930.70518621222,100.0,False,6
3974,524.967,5965.544532558565,-5398.024665662449,192.0,24931.45527777773,100.0,False,6
3975,525.053,5921.0,-5410.0,193.0750016,24936.07922663496,100.0,False,6
3976,525.127,5885.390070035178,-5418.88150584316,194.0,24940.077499999952,100.0,False,6
3977,525.313,5783.0,-5444.0,197.32143085714284,24950.219398003537,100.0,False,6
3978,525.407,5701.616726797802,-5466.579791696078,199.0,24955.555277777734,100.0,False,6
3979,525.533,5589.0,-5499.0,200.5750016,24963.036001685836,100.0,False,6
3980,525.647,5521.423330933101,-5518.96683417546,202.0,24969.0219444444,100.0,False,6
3981,525.847,5466.241806307974,-5535.022500832743,140.0,24976.799722222175,64.0,True,6
3982,525.993,5394.0,-5546.0,192.0125456,24984.772356666374,64.0,True,6
3983,526.007,5384.624017730669,-5547.200274211055,197.0,24985.55527777773,64.0,True,6
3984,526.193,5237.0,-5562.0,190.79999573333333,24995.403089458167,14.399965866666665,True,6
3985,526.247,5199.016034258079,-5563.259467690072,189.0,24998.155277777732,0.0,True,6
3986,526.593,5031.0,-5541.0,180.3499968,25015.273609789394,0.0,True,6
3987,526.687,4997.795709732999,-5532.003837382932,178.0,25019.91083333329,0.0,False,6
3988,526.887,4938.688672532592,-5509.60840203489,178.0,25029.79972222218,0.0,False,6
3989,527.033,4889.0,-5483.0,173.61999616,25036.80054377062,0.0,False,6
3990,527.087,4868.032356287676,-5470.424730770651,172.0,25039.355277777737,0.0,False,6
3991,527.233,4808.0,-5431.0,169.2624976,25046.21084522266,47.4500416,False,6
3992,527.247,4802.451966713478,-5427.053200115935,169.0,25046.866388888848,52.0,False,6
3993,527.413,4740.0,-5378.0,169.0,25054.645636279736,55.32000256,False,6
3994,527.447,4727.762799834028,-5367.175303844311,169.0,25056.25527777774,56.0,False,6
3995,527.593,4677.0,-5318.0,171.92000256,25063.256265871223,61.11000448,False,6
3996,527.647,4658.8739426640705,-5299.199033761015,173.0,25065.86638888885,63.0,False,6
3997,527.773,4618.0,-5254.0,173.48461587692307,25071.980480813883,67.11923495384616,False,6
3998,528.012,4546.0,-5162.0,174.4038459076923,25083.641611844778,74.93269021538461,False,6
3999,528.092,4523.0,-5130.0,174.71153821538462,25087.522676555847,77.54807483076922,False,6
4000,528.167,4502.358363015348,-5100.63030763472,175.0,25091.14416666663,80.0,False,6
4001,528.367,4450.168668576627,-5022.084001946235,175.0,25100.866388888848,92.0,False,6
4002,528.472,4419.0,-4969.0,182.8750144,25106.302911463023,97.2500096,False,6
4003,528.527,4401.141591198499,-4936.868175929146,187.0,25109.17749999996,100.0,False,6
4004,528.692,4349.0,-4839.0,187.0,25117.708547363338,100.0,False,6
4005,528.767,4332.818607400878,-4808.161150658085,187.0,25121.64416666663,100.0,False,6
4006,528.967,4297.31807996436,-4737.676470596734,194.0,25132.421944444402,100.0,False,6
4007,528.972,4296.0,-4735.0,194.0,25132.69119520436,100.0,False,6
4008,529.167,4224.796904430876,-4589.1198585768525,194.0,25143.199722222183,100.0,False,6
4009,529.312,4171.0,-4478.0,200.3437584,25151.293037531414,100.0,False,6
4010,529.327,4166.329434241665,-4468.304785662536,201.0,25152.133055555514,100.0,False,6
4011,529.487,4126.945998157442,-4385.885534078629,201.0,25161.066388888845,29.0,True,6
4012,529.647,4100.756307913561,-4329.428814605412,199.0,25169.910833333295,0.0,True,6
4013,529.732,4087.0,-4299.0,193.25267729354434,25174.343757169303,0.0,True,6
4014,529.928,4055.0457753709757,-4226.31139042836,180.0,25183.96083333329,0.0,True,6
4015,530.133,4013.0,-4137.0,172.6785737142857,25193.710653554863,0.0,True,6
4016,530.208,3993.2068080845224,-4098.392101272201,170.0,25197.183055555513,0.0,True,6
4017,530.353,3955.0,-4027.0,162.7500032,25203.713418722567,0.0,True,6
4018,530.408,3944.084376983333,-4007.4903977044123,160.0,25206.071944444404,0.0,True,6
4019,530.613,3913.0,-3957.0,147.8863674181818,25214.132027915282,0.0,True,6
4020,530.848,3864.2761336317,-3882.1798500561713,134.0,25222.44972222218,0.0,True,6
4021,530.893,3855.0,-3868.0,131.7500032,25223.99833480938,0.0,True,6
4022,531.033,3828.0,-3827.0,124.7500032,25228.71875529347,0.0,True,6
4023,531.128,3810.3456664618934,-3801.3653164630555,120.0,25231.783055555516,0.0,True,6
4024,531.253,3787.0,-3770.0,115.1253480781806,25235.61539355875,0.0,True,6
4025,531.487,3740.4651235883453,-3717.9976554681116,106.0,25242.35361111107,0.0,True,6
4026,531.533,3731.0,-3709.0,104.8499968,25243.651089935964,23.000064,True,6
4027,531.687,3698.6219039105845,-3682.0568554615766,101.0,25247.964722222183,100.0,True,6
4028,531.713,3693.0,-3678.0,101.0,25248.695704086167,100.0,True,6
4029,531.847,3663.1960306203246,-3659.366477490244,101.0,25252.453611111072,100.0,True,6
4030,531.993,3629.0,-3644.0,98.56666453333334,25256.419942141998,39.16661333333333,True,6
4031,532.087,3605.9479972941085,-3637.188073347726,97.0,25258.92027777774,0.0,False,6
4032,532.173,3584.0,-3633.0,95.9249984,25261.183568315915,0.0,False,6
4033,532.327,3542.5609697793984,-3630.242671493576,94.0,25265.186944444406,0.0,False,6
4034,532.393,3525.0,-3631.0,93.44999893333333,25266.888141663403,0.0,False,6
4035,532.567,3480.5338730865938,-3638.6019649816844,92.0,25271.32027777774,0.0,False,6
4036,532.573,3479.0,-3639.0,91.90999808,25271.47124795143,0.0,False,6
4037,532.767,3430.345801470783,-3655.415581549999,89.0,25276.264722222186,0.0,False,6
4038,532.813,3421.0,-3659.0,88.2333312,25277.365487943698,6.1333504,False,6
4039,533.007,3389.1450592356523,-3674.3703237046516,85.0,25281.93138888885,32.0,False,6
4040,533.073,3366.0,-3691.0,85.8250016,25283.51929117386,32.8250016,False,6
4041,533.153,3327.0,-3721.0,86.8250016,25285.474554405948,33.8250016,False,6
4042,533.247,3291.8320095670215,-3751.7855451696632,88.0,25287.79805555552,35.0,False,6
4043,533.473,3252.0,-3801.0,91.22857325714286,25293.51555111723,42.26428982857143,False,6
4044,533.527,3244.9962617097776,-3810.074401930324,92.0,25294.953611111076,44.0,False,6
4045,533.773,3217.0,-3847.0,98.76500352,25301.951648676284,51.99500416,False,6
4046,533.927,3195.475266235644,-3878.4676042251835,103.0,25306.39805555552,57.0,False,6
4047,534.033,3177.0,-3908.0,103.0,25309.397887411324,60.312504,False,6
4048,534.087,3166.1224782635027,-3926.2823068051207,103.0,25310.975833333297,62.0,False,6
4049,534.247,3129.8744226366266,-3988.998156422172,113.0,25315.99805555552,65.0,False,6
4050,534.273,3124.0,-3999.0,114.0214336,25316.85312045441,65.6500032,False,6
4051,534.527,3069.739853464464,-4087.690548422129,124.0,25325.642499999965,72.0,False,6
4052,534.632,3052.0,-4115.0,126.2968792,25329.413450815173,74.6250048,False,6
4053,534.847,3027.50409991833,-4148.949830310923,131.0,25337.286944444408,80.0,False,6
4054,535.012,3010.0,-4171.0,133.578124,25343.3854821257,64.0156312,False,6
4055,535.167,2987.036135672436,-4199.606634020993,136.0,25349.3758333333,49.0,False,6
4056,535.252,2957.0,-4227.0,137.15909003636364,25352.854051197162,40.886369745454544,False,6
4057,535.492,2805.0,-4344.0,140.43181730909092,25362.928710562188,17.977278836363634,False,6
4058,535.607,2764.1507542075997,-4372.456696723803,142.0,25366.731388888853,7.0,False,6
4059,535.767,2753.5023025764613,-4374.2591993715705,96.0,25370.998055555523,7.0,False,6
4060,535.912,2736.0,-4380.0,118.78574445714285,25376.305527223565,3.3749952000000003,False,6
4061,536.047,2701.4568261924364,-4397.388449668752,140.0,25381.88694444441,0.0,False,6
4062,536.092,2687.0,-4404.0,139.87500017777776,25383.689460354573,5.249992533333334,False,6
4063,536.212,2644.0,-4421.0,139.54166684444445,25388.354504499945,19.249992533333334,False,6
4064,536.407,2576.3759585266034,-4443.20867355187,139.0,25395.78694444441,42.0,False,6
4065,536.473,2550.0,-4449.0,139.0,25398.333450178518,42.0,False,6
4066,536.608,2486.4958206700635,-4458.049390799481,139.0,25403.54777777774,42.0,False,6
4067,536.713,2438.0,-4462.0,138.12500053333332,25407.543373116714,51.62499413333333,False,6
4068,536.848,2387.000266596062,-4462.596926129835,137.0,25412.681111111076,64.0,False,6
4069,537.048,2326.3196930861923,-4455.169726013679,143.0,25420.62555555552,70.0,False,6
4070,537.133,2297.0,-4450.0,145.7321408,25424.318640240243,72.4285696,False,6
4071,537.328,2217.3616977525535,-4432.6297975136795,152.0,25432.447777777743,78.0,False,6
4072,537.333,2215.0,-4432.0,151.1875104,25432.616247982387,78.312496,False,6
4073,537.553,2101.0,-4396.0,115.4375104,25438.250709349133,92.062496,False,6
4074,537.648,2056.8614443310275,-4379.28361251195,100.0,25441.336666666633,98.0,False,6
4075,537.848,1977.05685422446,-4342.588561740106,167.0,25450.614444444407,96.0,False,6
4076,537.913,1952.0,-4329.0,168.48063700292096,25453.794086629903,96.59225480116838,False,6
4077,538.193,1838.0,-4253.0,174.85877191089796,25467.461983540376,99.14350876435918,False,6
4078,538.287,1789.3512370941246,-4213.825128997029,177.0,25472.19861111108,100.0,False,6
4079,538.393,1733.0,-4166.0,180.9750048,25477.665069970808,100.0,False,6
4080,538.687,1604.1140055085077,-4047.6021471736426,192.0,25493.53194444441,100.0,False,6
4081,538.813,1547.0,-3993.0,201.4500096,25500.652729694084,100.0,False,6
4082,538.847,1530.4985060924732,-3977.220646709051,204.0,25502.598611111076,100.0,False,6
4083,539.087,1409.3976191890047,-3861.3529975030774,210.0,25516.598611111076,100.0,False,6
4084,539.153,1384.0,-3837.0,212.4750048,25520.547019660386,100.0,False,6
4085,539.327,1341.7075552890183,-3796.2565874161546,219.0,25531.19861111108,100.0,False,6
4086,539.613,1242.0,-3698.0,227.17143222857143,25549.62044584236,100.0,False,6
4087,539.773,1106.0,-3564.0,231.7428608,25560.219319342727,100.0,False,6
4088,539.887,1045.5427530567415,-3504.3834275166596,235.0,25567.75416666663,100.0,False,6
4089,540.127,1000.9854060111695,-3460.449598938119,238.0,25583.620833333298,100.0,False,6
4090,540.193,975.0,-3435.0,238.99000192,25588.029233186888,100.0,False,6
4091,540.327,895.1982908581915,-3356.9378269856447,241.0,25597.00972222219,100.0,False,6
4092,540.473,801.0,-3265.0,241.0,25606.771322365854,100.0,False,6
4093,540.487,793.586916034358,-3257.7863739918735,241.0,25607.720833333296,100.0,False,6
4094,540.727,704.1900289353134,-3171.30785477167,251.0,25624.45416666663,100.0,False,6
4095,540.833,662.0,-3130.0,252.59000192,25631.98016103855,100.0,False,6
4096,541.013,572.0,-3041.0,255.29000192,25644.86564840482,100.0,False,6
4097,541.127,519.8348368905321,-2989.5942225706176,257.0,25653.009722222185,100.0,False,6
4098,541.252,452.0,-2923.0,257.0,25661.910034025244,100.0,False,6
4099,541.327,395.9660409418516,-2868.0282091691624,257.0,25667.287499999966,100.0,False,6
4100,541.452,298.0,-2772.0,260.1249984,25676.37199247137,100.0,False,6
4101,541.567,236.41534575159008,-2711.803600415636,263.0,25684.8208333333,100.0,False,6
4102,541.852,141.0,-2619.0,266.5624992,25705.970910789667,100.0,False,6
4103,541.967,81.35841675655442,-2560.674010169508,268.0,25714.598611111076,100.0,False,6
4104,542.072,24.0,-2504.0,269.458336,25722.525435704185,100.0,False,6
4105,542.152,-18.0,-2462.0,270.5694471111111,25728.596470674776,100.0,False,6
4106,542.327,-158.32080648164794,-2324.8358453772757,273.0,25741.898611111075,100.0,False,6
4107,542.472,-267.0,-2219.0,273.51785782857144,25752.913979493456,100.0,False,6
4108,542.607,-318.1094072103384,-2168.2779166786568,274.0,25763.209722222186,100.0,False,6
4109,542.792,-365.0,-2122.0,275.67800554608374,25777.447832173435,100.0,False,6
4110,543.048,-507.735806918796,-1987.5266833669114,278.0,25797.26472222219,100.0,False,6
4111,543.073,-522.0,-1974.0,278.0,25799.196577992407,100.0,False,6
4112,543.208,-596.027984445974,-1903.2756406659867,278.0,25809.620277777743,100.0,False,6
4113,543.233,-611.0,-1889.0,278.0,25811.550122229084,100.0,False,6
4114,543.368,-699.9440041505939,-1804.6538711640233,278.0,25821.975833333305,100.0,False,6
4115,543.433,-724.0,-1782.0,278.2708330666667,25827.005033451904,100.0,False,6
4116,543.608,-689.153143004006,-1815.7085849043328,279.0,25840.575833333296,100.0,False,6
4117,543.713,-741.0,-1766.0,279.74999954285715,25848.734994228234,100.0,False,6
4118,543.888,-1041.8916173310754,-1477.7929953077064,281.0,25862.431388888857,100.0,False,6
4119,543.893,-1049.0,-1471.0,281.1249984,25862.826329030006,100.0,False,6
4120,544.128,-1190.2343195807696,-1337.5499919094248,287.0,25881.564722222192,100.0,False,7
4121,544.173,-1210.0,-1319.0,287.11249984,25885.164258636352,100.0,False,7
4122,544.333,-1303.0,-1231.0,287.51249984,25897.965225327946,100.0,False,7
4123,544.528,-1409.812672168044,-1129.2176302600262,288.0,25913.564722222192,100.0,False,7
4124,544.553,-1430.0,-1110.0,288.0,25915.56410000624,100.0,False,7
4125,544.713,-1592.0,-956.0,288.0,25928.3586709715,100.0,False,7
4126,544.807,-1662.7419793429722,-888.8875626022442,288.0,25935.884722222192,100.0,False,7
4127,545.047,-1739.4872312505709,-816.5622596028929,289.0,25955.15138888886,100.0,False,7
4128,545.193,-1802.0,-757.0,289.9125008,25966.911243469058,100.0,False,7
4129,545.207,-1809.855191226222,-749.4890043770887,290.0,25968.040277777745,100.0,False,7
4130,545.233,-1825.0,-735.0,290.0722225777778,25970.137688723284,100.0,False,7
4131,545.473,-1965.0,-601.0,290.73888924444447,25989.532909846217,100.0,False,7
4132,545.567,-2014.6253964056461,-553.8040438538559,291.0,25997.140277777748,100.0,False,7
4133,545.773,-2141.0,-434.0,291.5722225777778,26013.827738415694,100.0,False,7
4134,545.927,-2284.8005267596095,-297.20738131363515,292.0,26026.34027777775,100.0,False,7
4135,545.953,-2305.0,-278.0,292.13000064,26028.457505292205,100.0,False,7
4136,546.273,-2435.0,-155.0,293.73000064,26054.596893779573,100.0,False,7
4137,546.327,-2466.2710320911515,-125.45756368343406,294.0,26059.006944444413,100.0,False,7
4138,546.487,-2593.912374926719,-4.780002003025055,294.0,26072.07361111108,5.0,False,7
4139,546.653,-2718.0,113.0,293.16999936,26085.638732048945,0.8499968000000002,False,7
4140,546.687,-2737.8564685472493,131.95121175709372,293.0,26088.35138888886,0.0,False,7
4141,546.927,-2837.1686659726734,227.5409682818092,277.0,26106.818055555526,0.0,True,7
4142,546.993,-2866.0,255.0,277.0,26111.914411972473,0.0,True,7
4143,547.127,-2934.6294717780524,319.713158706239,277.0,26122.20694444441,0.0,True,7
4144,547.233,-3000.0,381.0,268.67141851428573,26130.026988904272,0.0,True,7
4145,547.407,-3126.356143565602,499.2584265523636,255.0,26142.04027777775,0.0,True,7
4146,547.453,-3157.0,528.0,247.17997824,26144.993740268055,0.0,True,7
4147,547.607,-3240.4136255227913,606.6180143318106,221.0,26154.318055555523,0.0,True,7
4148,547.847,-3323.309252723331,686.3861226098488,205.0,26167.98472222219,0.0,True,7
4149,547.872,-3330.0,693.0,204.12499328,26169.39180936198,0.0,True,7
4150,548.047,-3368.338427570771,732.0992567572413,198.0,26178.984722222194,0.0,True,7
4151,548.132,-3389.0,754.0,184.71876,26183.160733900215,0.0,True,7
4152,548.207,-3410.9553213939757,777.5383813864097,173.0,26186.67361111108,0.0,True,7
4153,548.352,-3459.0,831.0,167.82142171428572,26193.309673469845,0.0,True,7
4154,548.487,-3502.4256909305823,884.206744863834,163.0,26199.351388888856,0.0,True,7
4155,548.647,-3548.9380075728727,946.971131409779,158.0,26206.37361111108,0.0,True,7
4156,548.692,-3560.0,963.0,156.3125024,26208.29915781742,0.0,True,7
4157,548.807,-3584.1174051382186,1000.5396827088666,152.0,26213.129166666637,0.0,True,7
4158,549.032,-3620.0,1068.0,147.312496,26222.331649058448,0.0,True,7
4159,549.047,-3622.2805353836243,1072.7970664536101,147.0,26222.929166666636,0.0,True,7
4160,549.212,-3646.0,1132.0,142.18750186666668,26229.363977970675,0.0,True,7
4161,549.287,-3654.927067340963,1167.3447348181617,140.0,26232.262499999968,0.0,False,7
4162,549.447,-3668.8315407762207,1251.9081013985517,139.0,26238.440277777743,0.0,False,7
4163,549.492,-3671.0,1271.0,138.1562512,26240.151588972174,5.624992,False,7
4164,549.607,-3672.8708826953434,1307.6081770970457,136.0,26244.484722222187,20.0,False,7
4165,549.768,-3668.6810376552467,1343.212544824514,136.0,26250.56694444441,32.0,False,7
4166,549.813,-3667.0,1356.0,136.24999964444444,26252.26903069411,35.49999502222222,False,7
4167,550.013,-3656.0,1432.0,137.36111075555556,26259.862495411413,51.05555057777778,False,7
4168,550.128,-3644.055330667737,1492.2204695492687,138.0,26264.36694444441,60.0,False,7
4169,550.353,-3617.0,1610.0,146.4374976,26273.596217505517,71.2499968,False,7
4170,550.448,-3610.072691292908,1637.6381526370678,150.0,26277.70027777774,76.0,False,7
4171,550.653,-3598.0,1684.0,160.2499968,26286.9957929777,81.85714102857143,False,7
4172,550.728,-3590.7157758268336,1715.2294617570685,164.0,26290.455833333297,84.0,False,7
4173,550.928,-3567.045253520601,1823.8729675763957,168.0,26299.789166666633,85.0,False,7
4174,550.973,-3563.0,1845.0,169.6874976,26301.970842283794,84.77500032,False,7
4175,551.233,-3552.0,1949.0,179.4374976,26315.205912326855,83.47500032,False,7
4176,551.328,-3552.6015673569104,2003.841207334518,183.0,26320.122499999965,83.0,False,7
4177,551.573,-3562.0,2165.0,187.39068287817602,26332.87662186807,97.9283217857985,False,7
4178,551.607,-3563.6197035931827,2182.0722641513466,188.0,26334.692499999965,100.0,False,7
4179,551.893,-3582.0,2292.0,195.1500032,26350.587168549842,100.0,False,7
4180,552.093,-3609.0,2398.0,200.1500032,26362.348479049822,100.0,False,7
4181,552.433,-3710.0,2627.0,208.6500032,26382.761985231275,100.0,False,7
4182,552.487,-3722.6942844108457,2650.522073604564,210.0,26386.025833333297,100.0,False,7
4183,552.713,-3768.0,2718.0,215.08500288,26399.749770429753,100.0,False,7
4184,552.887,-3821.883932323811,2792.7874871374775,219.0,26410.35916666663,100.0,False,7
4185,553.033,-3887.0,2873.0,220.21666773333334,26419.27875064185,100.0,False,7
4186,553.127,-3940.4592457758226,2931.8324037952907,221.0,26425.092499999962,100.0,False,7
4187,553.293,-4036.0,3029.0,225.1500032,26435.580712732175,100.0,False,7
4188,553.333,-4054.0,3046.0,226.1500032,26438.140904114323,100.0,False,7
4189,553.447,-4116.5473137558165,3102.0825108338195,229.0,26445.44805555552,100.0,False,7
4190,553.647,-4245.161388364234,3212.2164671810783,232.0,26458.33694444441,100.0,False,7
4191,553.673,-4259.0,3224.0,232.464288,26460.030403125376,100.0,False,7
4192,553.927,-4357.757850058387,3307.877188329543,237.0,26476.77027777774,100.0,False,7
4193,554.033,-4399.0,3344.0,237.6625008,26483.781570494426,100.0,False,7
4194,554.087,-4422.778306167276,3365.177881682003,238.0,26487.348055555518,100.0,False,7
4195,554.287,-4523.398272304236,3456.394778657784,238.0,26500.570277777744,100.0,False,7
4196,554.333,-4547.0,3478.0,239.1500032,26503.66082318403,100.0,False,7
4197,554.512,-4638.0,3562.0,243.6250048,26515.910444219786,100.0,False,7
4198,554.647,-4706.186885325145,3625.8952528890964,247.0,26525.270277777745,100.0,False,7
4199,554.712,-4739.0,3657.0,248.2187536,26529.796393486035,100.0,False,7
4200,554.872,-4820.0,3735.0,251.2187536,26541.005471120363,100.0,False,7
4201,554.967,-4868.562195810602,3782.942643457142,253.0,26547.75916666663,100.0,False,7
4202,555.092,-4931.0,3845.0,256.5156232,26556.777211556408,100.0,False,7
4203,555.287,-5030.647317822798,3943.59273887232,262.0,26571.048055555522,100.0,False,7
4204,555.292,-5034.0,3947.0,262.04545396363636,26571.415126179272,100.0,False,7
4205,555.472,-5177.0,4095.0,263.6818199272727,26584.664445021946,100.0,False,7
4206,555.727,-5318.631556070462,4245.2509917591215,266.0,26603.55916666663,100.0,False,7
4207,555.887,-5378.074700957079,4309.998452727803,269.0,26615.514722222182,100.0,False,7
4208,555.952,-5401.0,4335.0,270.16071771428574,26620.423509732584,100.0,False,7
4209,556.167,-5477.705026236829,4419.2461946579915,274.0,26636.8258333333,100.0,False,7
4210,556.233,-5513.0,4459.0,274.1645887690747,26641.869257105416,100.0,False,7
4211,556.553,-5745.0,4725.0,274.96259337451886,26666.31373198844,100.0,False,7
4212,556.568,-5751.788179207358,4732.890836147379,275.0,26667.45777777774,100.0,False,7
4213,556.768,-5795.859263809204,4785.801005878605,275.0,26682.735555555522,100.0,False,7
4214,556.833,-5814.0,4808.0,276.35416533333336,26687.753308443807,100.0,False,7
4215,557.008,-5897.973776627642,4910.373276591335,280.0,26701.40222222219,100.0,False,7
4216,557.033,-5913.0,4929.0,280.3124992,26703.364215250644,100.0,False,7
4217,557.313,-6099.0,5165.0,283.8124992,26725.51544648907,100.0,False,7
4218,557.408,-6143.647961556376,5222.562065253406,285.0,26733.068888888854,100.0,False,7
4219,557.713,-6243.0,5355.0,286.9062496,26757.382371410906,100.0,False,7
4220,557.728,-6249.34415701293,5363.604618448985,287.0,26758.57999999996,100.0,False,7
4221,557.893,-6328.0,5471.0,287.5892854857143,26771.76428969731,100.0,False,7
4222,558.008,-6382.480700197894,5546.709692284569,288.0,26780.97999999997,100.0,False,7
4223,558.213,-6477.0,5680.0,288.0,26797.417857253786,14.225899294446293,False,7
4224,558.247,-6492.7465801824,5702.240677670136,288.0,26800.099999999966,0.0,False,7
4225,558.333,-6532.0,5758.0,283.93888284444444,26806.800125079866,0.0,False,7
4226,558.513,-6611.0,5874.0,275.43888284444444,26820.400626237,0.0,False,7
4227,558.607,-6661.680641582905,5949.682359507639,271.0,26827.199999999968,0.0,True,7
4228,558.767,-6751.323800300612,6084.367130145019,250.0,26838.311111111085,0.0,True,7
4229,558.813,-6769.0,6111.0,248.083328,26841.443851450764,0.0,True,7
4230,559.007,-6807.154494713197,6168.954304772795,240.0,26854.311111111077,0.0,True,7
4231,559.053,-6819.0,6187.0,235.85998848,26857.23237663947,0.0,True,7
4232,559.207,-6883.668948009877,6285.308570887484,222.0,26866.644444444413,0.0,True,7
4233,559.393,-6969.0,6415.0,206.18998912,26877.279502892357,0.0,True,7
4234,559.407,-6973.450192229906,6421.774120986323,205.0,26878.033333333304,0.0,True,7
4235,559.753,-7027.0,6505.0,175.11817076363636,26894.469912104545,0.7863639272727273,True,7
4236,559.847,-7046.084206960863,6535.819761306837,167.0,26898.444444444413,1.0,True,7
4237,559.993,-7082.0,6595.0,153.00832106666667,26904.323738155766,0.39166613333333333,True,7
4238,560.087,-7105.633331749899,6635.415733036369,144.0,26908.04444444441,0.0,True,7
4239,560.273,-7147.0,6712.0,141.20999808,26915.35491357943,0.0,True,7
4240,560.287,-7149.313524790392,6716.906989302401,141.0,26915.877777777747,0.0,True,7
4241,560.413,-7166.0,6757.0,134.12726574545454,26920.34040151086,0.0,True,7
4242,560.653,-7191.0,6833.0,121.03635665454546,26927.903103893674,0.0,True,7
4243,560.727,-7196.700110333913,6856.156723275087,117.0,26930.177777777746,0.0,True,7
4244,560.873,-7205.0,6901.0,111.15999488,26934.626539140107,0.0,True,7
4245,560.927,-7207.120156834016,6917.221021110718,109.0,26936.233333333304,0.0,True,7
4246,561.052,-7210.0,6954.0,106.15909236363636,26939.842179377003,0.0,True,7
4247,561.292,-7208.0,7021.0,100.70454690909091,26946.373771327653,0.0,True,7
4248,561.367,-7206.249571551809,7040.3331977197295,99.0,26948.333333333303,0.0,True,7
4249,561.492,-7201.0,7073.0,96.18750144,26951.51800712594,0.0,True,7
4250,561.692,-7183.0,7131.0,91.68750144,26956.46728450842,0.0,True,7
4251,561.767,-7175.735669493644,7148.735020297457,90.0,26958.333333333307,0.0,True,7
4252,561.967,-7156.147634449034,7183.758133805083,89.0,26963.27777777775,0.0,False,7
4253,562.032,-7149.0,7194.0,86.1562416,26964.7859393576,0.0,False,7
4254,562.127,-7137.6934576226295,7208.607487470525,82.0,26966.92222222219,0.0,False,7
4255,562.407,-7097.73339004079,7249.09510488066,80.0,26973.144444444413,30.0,False,7
4256,562.652,-7041.0,7280.0,80.0,26978.501456308404,38.14403786245078,False,7
4257,562.768,-7004.88739640221,7292.941759379337,80.0,26981.166666666635,42.0,False,7
4258,562.933,-6957.0,7307.0,84.49999825454546,26985.208596467717,46.49999825454545,False,7
4259,563.193,-6918.0,7315.0,91.59090734545454,26992.01171257778,53.590907345454546,False,7
4260,563.208,-6914.857143805931,7315.5343751277505,92.0,26992.41111111108,54.0,False,7
4261,563.448,-6840.722776698649,7328.053985484668,99.0,26999.01111111108,56.0,False,7
4262,563.513,-6816.0,7332.0,102.48213942857143,27000.958203046546,59.017854171428574,False,7
4263,563.728,-6724.904855380821,7345.582770928441,114.0,27007.877777777743,69.0,False,7
4264,563.893,-6647.0,7355.0,121.42499712,27013.489728089913,73.1249984,False,7
4265,563.928,-6629.7363276393535,7356.744768966587,123.0,27014.71111111108,74.0,False,7
4266,564.053,-6571.0,7362.0,127.16666453333333,27019.16150275739,76.08333226666667,False,7
4267,564.168,-6532.207556587502,7365.128774344453,131.0,27023.444444444413,78.0,False,7
4268,564.213,-6514.0,7367.0,133.2499968,27025.18566793612,78.64285622857143,False,7
4269,564.448,-6371.600001533251,7385.925050277872,145.0,27034.72222222219,82.0,False,7
4270,564.473,-6358.0,7388.0,145.49999872,27035.752383053317,79.37500672,False,7
4271,564.648,-6287.813922257524,7400.59917134703,149.0,27042.99999999997,61.0,False,7
4272,564.888,-6237.983914274028,7417.17232788828,149.0,27052.933333333305,1.0,True,7
4273,564.993,-6208.0,7429.0,147.63363420386162,27057.165706829335,0.8948949387585868,True,7
4274,565.213,-6128.0,7464.0,144.77077079077878,27065.75463533755,0.6746746762137515,True,7
4275,565.293,-6100.0,7480.0,143.72972954965772,27068.78426288997,0.5945945807429024,True,7
4276,565.593,-6006.0,7547.0,139.82582489545382,27079.862452925445,0.29429422272721795,True,7
4277,565.853,-5937.0,7618.0,136.44244086181047,27089.423717929723,0.03403391244695813,True,7
4278,565.887,-5925.471371621766,7634.884296093486,136.0,27090.673333333303,0.0,False,7
4279,566.033,-5875.0,7717.0,133.07999744,27096.03453212703,27.01002368,False,7
4280,566.087,-5862.684594526303,7738.533415240337,132.0,27098.00666666664,37.0,False,7
4281,566.247,-5849.747702500895,7767.8034467552825,131.0,27103.82888888886,46.0,False,7
4282,566.413,-5843.0,7799.0,133.49000192,27109.99876873483,53.47000576,False,7
4283,566.447,-5840.290916221768,7809.421459050413,134.0,27111.273333333305,55.0,False,7
4284,566.613,-5824.0,7872.0,135.7785728,27117.52993756772,56.7785728,False,7
4285,566.727,-5816.456114745344,7911.01887947548,137.0,27121.92888888886,58.0,False,7
4286,566.813,-5813.0,7948.0,139.1500032,27125.330952348457,61.378576457142856,False,7
4287,567.007,-5810.98085703378,8065.906152770793,144.0,27133.128888888856,69.0,False,7
4288,567.013,-5811.0,8069.0,144.0,27133.367950758002,69.2250048,False,7
4289,567.167,-5812.746315102268,8125.053103680388,144.0,27139.528888888857,75.0,False,7
4290,567.373,-5819.0,8177.0,153.0125056,27148.437646454942,90.4500096,False,7
4291,567.487,-5824.475380460863,8223.832327099646,158.0,27153.573333333297,99.0,False,7
4292,567.632,-5833.0,8293.0,162.66072045714284,27160.20161267709,99.0,False,7
4293,567.767,-5841.86508128233,8355.266888976377,167.0,27166.56222222219,99.0,False,7
4294,567.872,-5849.0,8404.0,171.12500754285713,27171.693517880718,99.37500068571428,False,7
4295,568.047,-5861.085221627807,8488.59928302048,178.0,27180.406666666633,100.0,False,7
4296,568.072,-5863.0,8501.0,178.0,27181.639444316625,100.0,False,7
4297,568.207,-5874.307983063737,8568.886799787191,178.0,27188.317777777742,100.0,False,7
4298,568.252,-5878.0,8591.0,179.59374773333334,27190.61107025407,100.0,False,7
4299,568.472,-5896.0,8704.0,187.38542346666668,27202.392147760802,100.0,False,7
4300,568.687,-5922.494859188384,8868.530252440818,195.0,27214.317777777742,100.0,False,7
4301,568.712,-5925.0,8885.0,195.5468792,27215.70936484552,100.0,False,7
4302,569.007,-5938.700504989424,9005.453694051686,202.0,27232.273333333294,100.0,False,7
4303,569.092,-5941.0,9042.0,204.656248,27237.14268121301,100.0,False,7
4304,569.167,-5943.22224164717,9080.712215964473,207.0,27241.4733333333,100.0,False,7
4305,569.333,-5947.0,9179.0,208.37759332573478,27251.137473473773,100.0,False,7
4306,569.393,-5947.0,9214.0,208.87551824025104,27254.6035236727,100.0,False,7
4307,569.408,-5946.871050345578,9222.72796162231,209.0,27255.464722222187,100.0,False,7
4308,569.693,-5936.0,9385.0,201.8750016,27271.42402559152,37.656264,False,7
4309,569.728,-5933.974984962856,9403.628095116328,201.0,27273.331388888848,30.0,True,7
4310,569.928,-5916.701302783243,9511.893177837857,194.0,27284.10916666663,29.0,True,7
4311,569.933,-5916.0,9515.0,194.08749888,27284.381444756113,29.52499328,True,7
4312,570.173,-5870.0,9676.0,198.28749888,27297.74149591555,54.72499328,True,7
4313,570.328,-5842.38724890891,9746.66471893072,201.0,27306.44249999996,71.0,False,7
4314,570.513,-5808.0,9812.0,201.0,27316.766707536724,74.69999872,False,7
4315,570.528,-5804.730373425324,9817.890938302295,201.0,27317.60916666663,75.0,False,7
4316,570.773,-5729.0,9934.0,203.7840901818182,27331.55838427407,85.5795426909091,False,7
4317,570.968,-5616.50814457516,10060.33343040871,206.0,27342.786944444404,94.0,False,7
4318,570.973,-5614.0,10063.0,206.04166613333334,27343.075078822167,94.08333226666667,False,7
4319,571.328,-5501.7625816102345,10166.053760354616,209.0,27363.686944444406,100.0,False,7
4320,571.353,-5492.0,10174.0,209.8333312,27365.168990847527,100.0,False,7
4321,571.513,-5417.0,10235.0,215.16666453333335,27374.783350899193,100.0,False,7
4322,571.568,-5390.759780830836,10256.260981771056,217.0,27378.153611111073,100.0,False,7
4323,571.673,-5341.0,10296.0,219.92479086785474,27384.689111401614,100.0,False,7
4324,571.927,-5214.384319747867,10390.95160006944,227.0,27400.790555555523,100.0,False,7
4325,571.973,-5191.0,10408.0,227.0,27403.687197967283,100.0,False,7
4326,572.167,-5091.532358126905,10479.461721585145,227.0,27415.923888888854,100.0,False,7
4327,572.193,-5078.0,10489.0,227.75833706666666,27417.59163461866,100.0,False,7
4328,572.407,-4964.191265595269,10566.797915766769,234.0,27431.523888888853,100.0,False,7
4329,572.433,-4950.0,10576.0,234.10833386666667,27433.2188952872,100.0,False,7
4330,572.493,-4917.0,10597.0,234.35833386666667,27437.12643483309,100.0,False,7
4331,572.647,-4832.695514102818,10650.467580353223,235.0,27447.190555555517,100.0,False,7
4332,572.713,-4796.0,10673.0,236.32000256,27451.551239433586,100.0,False,7
4333,572.847,-4719.519420817098,10717.773435178486,239.0,27460.46833333329,100.0,False,7
4334,572.993,-4634.0,10765.0,240.09500096,27470.213161411066,100.0,False,7
4335,573.247,-4481.862121017293,10843.230764432248,242.0,27487.35722222218,100.0,False,7
4336,573.273,-4466.0,10851.0,242.57778062222224,27489.138867332327,100.0,False,7
4337,573.433,-4367.0,10898.0,246.13333617777778,27500.2157930177,100.0,False,7
4338,573.607,-4256.28667173905,10948.005679260774,250.0,27512.35722222218,100.0,False,7
4339,573.653,-4227.0,10961.0,250.3833344,27515.566166865767,100.0,False,7
4340,573.833,-4113.0,11011.0,251.8833344,27528.167540928025,100.0,False,7
4341,573.847,-4104.089688777766,11014.862974088008,252.0,27529.157222222184,100.0,False,7
4342,574.013,-3997.0,11061.0,255.1125024,27541.01745652829,100.0,False,7
4343,574.167,-3893.150467309259,11106.131637121942,258.0,27552.09055555552,100.0,False,7
4344,574.292,-3811.0,11142.0,258.0,27561.038144030234,100.0,False,7
4345,574.447,-3709.916733023845,11186.272100367432,258.0,27572.157222222184,100.0,False,7
4346,574.452,-3706.0,11188.0,258.0624992,27572.517974960258,100.0,False,7
4347,574.712,-3461.0,11297.0,261.3125024,27591.452958000515,100.0,False,7
4348,574.847,-3375.377735541568,11335.474198205202,263.0,27601.379444444403,100.0,False,7
4349,575.052,-3276.0,11381.0,263.0,27616.481486383887,100.0,False,7
4350,575.127,-3228.163370381196,11403.111904150986,263.0,27621.83499999996,100.0,False,7
4351,575.212,-3169.0,11431.0,256.8906296,27627.72450564394,73.43751999999999,False,7
4352,575.447,-3000.134946870725,11515.973561921392,240.0,27643.168333333295,0.0,False,7
4353,575.532,-2947.0,11544.0,234.8392896,27648.540535761964,0.0,False,7
4354,575.727,-2852.1660423115754,11596.583364327382,223.0,27660.512777777734,0.0,True,7
4355,575.873,-2788.0,11635.0,213.874992,27669.180131698962,0.0,True,7
4356,575.887,-2781.5189071371965,11638.987546500472,213.0,27669.9794444444,0.0,True,7
4357,576.053,-2702.0,11689.0,199.2240667426522,27678.961869185358,0.0,True,7
4358,576.128,-2666.6846088268057,11711.524474241513,193.0,27682.899722222184,0.0,True,7
4359,576.328,-2575.9919936854258,11768.52046076174,189.0,27693.399722222184,0.0,False,7
4360,576.353,-2565.0,11775.0,189.0,27694.71790644286,0.0,False,7
4361,576.473,-2509.0,11804.0,189.0,27701.050373622955,0.0,False,7
4362,576.528,-2474.400578234952,11816.311467310908,189.0,27703.899722222184,0.0,False,7
4363,576.733,-2323.0,11852.0,182.1666688,27714.09650169298,0.0,False,7
4364,576.888,-2261.0204503020072,11858.189576927158,177.0,27721.59972222218,0.0,False,7
4365,577.113,-2207.0,11844.0,175.46590952727271,27732.465082805025,35.79544436363636,False,7
4366,577.328,-2110.169358462312,11817.281856820719,174.0,27742.866388888844,70.0,False,7
4367,577.353,-2097.0,11812.0,174.13888853333333,27744.079952050593,70.6249984,False,7
4368,577.633,-1950.0,11730.0,175.6944440888889,27757.75067564166,77.6249984,False,7
4369,577.688,-1932.2284458614113,11717.815299768099,176.0,27760.466388888843,79.0,False,7
4370,577.873,-1876.0,11675.0,179.69999872,27769.68901502717,85.47499776,False,7
4371,578.088,-1701.7782694596262,11555.857961400734,184.0,27780.910833333288,93.0,False,7
4372,578.193,-1612.0,11502.0,195.1562432,27786.73339433323,97.5937472,False,7
4373,578.248,-1570.6903468219323,11480.511467040418,201.0,27789.844166666622,100.0,False,7
4374,578.567,-1396.5789079571052,11423.686901488896,210.0,27808.452499999952,100.0,False,7
4375,578.573,-1394.0,11423.0,210.16667022222222,27808.811352763852,100.0,False,7
4376,578.927,-1261.4286632976314,11388.568275236792,220.0,27830.452499999952,100.0,False,7
4377,578.993,-1228.0,11381.0,221.6500032,27834.544488737465,100.0,False,7
4378,579.087,-1171.8020475427286,11368.86117230643,224.0,27840.40805555551,100.0,False,7
4379,579.193,-1105.0,11355.0,226.208336,27847.096000404377,100.0,False,7
4380,579.327,-1029.7320797076693,11340.108473336402,229.0,27855.67472222218,100.0,False,7
4381,579.433,-955.0,11326.0,231.16818443636365,27862.567247897478,100.0,False,7
4382,579.613,-776.0,11292.0,234.8500026181818,27874.4746467752,100.0,False,7
4383,579.767,-642.4964040564781,11261.8524165996,238.0,27884.763611111073,100.0,False,7
4384,579.993,-502.0,11225.0,241.08181992727273,27899.9802440866,100.0,False,7
4385,580.207,-429.5109222112486,11207.526730193678,244.0,27914.58583333329,100.0,False,7
4386,580.407,-339.57385030736424,11175.83934519575,250.0,27928.47472222218,100.0,False,7
4387,580.473,-278.0,11151.0,251.15500224,27933.119045843665,100.0,False,7
4388,580.613,-110.0,11080.0,253.60500224,27943.075352390417,100.0,False,7
4389,580.807,54.12570760139646,10995.046807065495,257.0,27957.030277777736,100.0,False,7
4390,581.047,161.340647495785,10915.468409260233,261.0,27974.430277777738,100.0,False,7
4391,581.072,171.0,10908.0,261.0,27976.239442798167,100.0,False,7
4392,581.207,218.75231212293423,10870.258392726084,261.0,27986.030277777736,100.0,False,7
4393,581.432,304.0,10794.0,266.6250048,28002.758953563545,100.0,False,7
4394,581.487,331.9034232255788,10766.596311345678,268.0,28006.874722222175,100.0,False,7
4395,581.592,389.0,10708.0,268.52500096,28014.728034514246,100.0,False,7
4396,581.852,516.0,10559.0,269.82499968,28034.226982257238,100.0,False,7
4397,581.887,532.1549873388869,10538.18117595725,270.0,28036.874722222175,100.0,False,7
4398,582.047,603.8562224977304,10440.332761916692,274.0,28049.052499999958,100.0,False,7
4399,582.132,640.0,10387.0,274.5795450181818,28055.559905005673,100.0,False,7
4400,582.332,719.0,10258.0,275.9431813818182,28070.9592713985,100.0,False,7
4401,582.392,741.0,10218.0,276.3522740363636,28075.585948153628,100.0,False,7
4402,582.487,774.6548945703108,10153.47244367847,277.0,28082.90805555551,100.0,False,7
4403,582.648,828.1008194572603,10041.018625671666,278.0,28095.340833333288,100.0,False,7
4404,582.693,842.0,10009.0,279.1249984,28098.851954479276,100.0,False,7
4405,582.848,886.6183715856484,9896.684709816605,283.0,28111.063055555507,100.0,False,7
4406,582.853,888.0,9893.0,283.03749952,28111.45844010694,100.0,False,7
4407,583.053,940.0,9745.0,284.53749952,28127.3326426545,100.0,False,7
4408,583.248,981.1311005429799,9608.659527330434,286.0,28142.840833333295,100.0,False,7
4409,583.333,1001.0,9532.0,286.0,28149.58757386303,100.0,False,7
4410,583.528,1053.9850200849528,9307.677189224169,286.0,28165.085277777736,100.0,False,7
4411,583.573,1063.0,9268.0,286.5624992,28168.681547710552,100.0,False,7
4412,583.768,1081.7547678732399,9178.888593376394,289.0,28184.351944444406,100.0,False,7
4413,583.813,1086.0,9157.0,289.5624992,28187.984986547566,100.0,False,7
4414,584.008,1114.3333703422677,9010.399286492593,292.0,28203.818611111074,100.0,False,7
4415,584.133,1133.0,8902.0,293.953124,28214.079901677567,100.0,False,7
4416,584.328,1153.9502706737078,8743.060531390047,297.0,28230.218611111068,100.0,False,7
4417,584.393,1159.0,8690.0,297.48749952,28235.61466293927,100.0,False,7
4418,584.513,1166.0,8592.0,298.38749952,28245.597207873197,100.0,False,7
4419,584.728,1170.5184711187712,8436.787706205301,300.0,28263.551944444396,100.0,False,7
4420,584.813,1167.0,8343.0,300.5323588939727,28270.6755803307,100.0,False,7
4421,585.013,1149.0,8057.0,301.784968999403,28287.493023754123,100.0,False,7
4422,585.207,1144.9841576988824,7989.879400695735,303.0,28303.86777777773,100.0,False,7
4423,585.273,1142.0,7956.0,303.66000128,28309.451114406784,100.0,False,7
4424,585.407,1128.441395594037,7808.713620806836,305.0,28320.812222222175,100.0,False,7
4425,585.613,1097.0,7511.0,306.2875008,28338.365489254847,100.0,False,7
4426,585.727,1080.532422290104,7405.049942933457,307.0,28348.10111111106,100.0,False,7
4427,585.967,1041.783560825802,7276.594924993402,308.0,28368.634444444393,100.0,False,7
4428,586.033,1026.0,7233.0,308.8250016,28374.312074085476,100.0,False,7
4429,586.127,999.0856264063215,7160.192796990028,310.0,28382.412222222167,100.0,False,7
4430,586.253,959.0,7052.0,310.0,28393.26051254504,100.0,False,7
4431,586.367,924.0024283349333,6955.13717475372,310.0,28403.07888888883,100.0,False,7
4432,586.607,854.5154398214207,6754.9443610602175,311.0,28423.81222222217,100.0,False,7
4433,586.767,810.9737202848612,6624.119384215127,313.0,28437.723333333288,100.0,False,7
4434,587.073,730.0,6378.0,313.85000035555555,28464.416755848757,100.0,False,7
4435,587.127,715.9957454484868,6335.110963602777,314.0,28469.123333333282,100.0,False,7
4436,587.273,674.0,6212.0,314.0,28481.840650496622,100.0,False,7
4437,587.327,654.0572704053156,6158.786204750062,314.0,28486.567777777727,100.0,False,7
4438,587.567,545.6356070380446,5893.648126380364,318.0,28507.76777777773,100.0,False,7
4439,587.632,521.0,5837.0,318.0,28513.510297147808,100.0,False,7
4440,587.767,481.30688725888746,5751.3452998308685,318.0,28525.434444444403,100.0,False,7
4441,587.972,431.0,5644.0,318.9318178909091,28543.618276525962,100.0,False,7
4442,588.152,374.0,5498.0,319.7500008727273,28559.64379587518,100.0,False,7
4443,588.207,358.59138171495107,5451.583904571611,320.0,28564.545555555513,100.0,False,7
4444,588.407,313.9421128849437,5282.32740291878,321.0,28582.37888888885,100.0,False,7
4445,588.412,313.0,5278.0,320.97500032,28582.824247401728,100.0,False,7
4446,588.492,299.0,5208.0,320.57500032,28589.945102509224,100.0,False,7
4447,588.607,282.49324866400565,5105.121021289752,320.0,28600.156666666622,100.0,False,7
4448,588.692,273.0,5031.0,319.4687504,28607.677977230374,100.0,False,7
4449,588.927,258.6094484569987,4845.302456496429,318.0,28628.423333333292,100.0,False,7
4450,589.093,260.0,4676.0,318.6887966628674,28643.13629169777,100.0,False,7
4451,589.168,263.98658110334753,4577.697878520544,319.0,28649.778611111065,100.0,False,7
4452,589.253,270.0,4473.0,318.57500032,28657.291931057425,100.0,False,7
4453,589.333,276.0,4402.0,318.17500032,28664.354587186343,100.0,False,7
4454,589.368,278.74812556285474,4372.027212972665,318.0,28667.445277777737,100.0,False,7
4455,589.593,299.0,4172.0,318.0,28687.32569556264,100.0,False,7
4456,589.728,314.5367643304285,4051.3062464877116,318.0,28699.245277777725,100.0,False,7
4457,589.833,328.0,3961.0,317.7083335111111,28708.50479493842,100.0,False,7
4458,590.013,357.0,3807.0,317.2083335111111,28724.353327952096,100.0,False,7
4459,590.088,377.4637522966453,3724.2222830818323,317.0,28730.94527777773,100.0,False,7
4460,590.248,432.31228146496204,3526.942030375693,316.0,28744.98972222218,100.0,False,7
4461,590.293,445.0,3483.0,316.0,28748.940058104276,100.0,False,7
4462,590.488,480.4401342207653,3368.2659534421846,316.0,28766.056388888846,100.0,False,7
4463,590.673,529.0,3252.0,315.2291669333333,28782.25531916816,100.0,False,7
4464,590.728,554.149883634513,3194.417837933747,315.0,28787.05638888884,100.0,False,7
4465,590.953,671.0,2932.0,313.1250005333333,28806.621015643836,100.0,False,7
4466,590.968,675.7986583405507,2921.4328721703064,313.0,28807.923055555508,100.0,False,7
4467,591.193,717.0,2838.0,312.2968752,28827.43345024047,100.0,False,7
4468,591.288,751.1120446056415,2772.237991784616,312.0,28835.656388888845,100.0,False,7
4469,591.393,798.0,2684.0,311.5625002666667,28844.733166488604,100.0,False,7
4470,591.528,857.9420694678249,2578.4183514165625,311.0,28856.389722222182,100.0,False,7
4471,591.673,920.0,2476.0,310.63659146422447,28868.899624549264,100.0,False,7
4472,591.913,1037.0,2306.0,310.0350874153804,28889.54790024291,100.0,False,7
4473,591.927,1047.993359330105,2291.8561571004816,310.0,28890.748055555512,100.0,False,7
4474,592.113,1222.0,2078.0,308.13999872,28906.660890926167,100.0,False,7
4475,592.127,1232.6744256485376,2065.2257273094315,308.0,28907.859166666614,100.0,False,7
4476,592.407,1340.9575703127753,1946.44063042853,308.0,28931.814722222178,100.0,False,7
4477,592.533,1390.0,1899.0,306.24999822222225,28942.480065183987,100.0,False,7
4478,592.767,1532.305951640507,1758.580708745584,303.0,28962.11472222218,100.0,False,7
4479,592.773,1536.0,1755.0,302.94999893333335,28962.6169580265,100.0,False,7
4480,592.933,1631.0,1665.0,301.6166656,28975.992746933833,100.0,False,7
4481,593.007,1676.3558520629897,1623.4192897510343,301.0,28982.18138888884,100.0,False,7
4482,593.093,1730.0,1575.0,301.0,28989.381767486117,100.0,False,7
4483,593.167,1775.92817029139,1533.9290676941937,301.0,28995.559166666626,100.0,False,7
4484,593.293,1854.0,1465.0,298.47999744,29005.99101050948,100.0,False,7
4485,593.367,1900.0916389301053,1424.8812877156056,297.0,29012.05916666662,100.0,False,7
4486,593.533,2003.0,1337.0,291.4666624,29025.486808426907,49.5082944,False,7
4487,593.607,2047.8111352540286,1299.6082336729808,289.0,29031.32583333329,27.0,False,7
4488,593.753,2137.0,1227.0,277.31998976,29042.50048522154,7.289982719999999,False,7
4489,593.807,2171.7163649064996,1199.3999970958475,273.0,29046.49249999996,0.0,True,7
4490,594.007,2302.744036310424,1097.8888298323739,255.0,29060.659166666625,0.0,True,7
4491,594.052,2329.0,1078.0,252.7500032,29063.786758348408,0.0,True,7
4492,594.167,2388.7675973020014,1033.548784164557,247.0,29071.63694444441,0.0,True,7
4493,594.412,2500.0,957.0,232.19792053333333,29086.950157375893,0.0,True,7
4494,594.647,2620.5533214316947,884.3625030221598,218.0,29100.703611111076,0.0,True,7
4495,594.652,2623.0,883.0,217.88750144,29100.995631339658,0.0,True,7
4496,594.832,2714.0,840.0,213.83749568,29111.49178608788,0.0,True,7
4497,595.032,2861.0,802.0,209.33749568,29123.064360976594,0.0,True,7
4498,595.047,2870.8125925283307,800.136759628828,209.0,29123.925833333295,0.0,False,7
4499,595.247,2967.9275019260153,791.5025756769572,205.0,29135.314722222178,0.0,False,7
4500,595.452,3057.0,800.0,201.5833344,29146.765503944687,41.8541536,False,7
4501,595.487,3076.0449531943964,801.9557360561581,201.0,29148.71472222218,49.0,False,7
4502,595.613,3150.0,810.0,201.0,29155.73829486794,54.58449023761184,False,7
4503,595.793,3251.0,823.0,201.0,29165.7922253975,62.562325329732786,False,7
4504,595.848,3281.7779819252814,827.2325674305424,201.0,29168.87055555551,65.0,False,7
4505,595.973,3352.0,837.0,201.31249984,29175.87799412268,67.81249856,False,7
4506,596.213,3486.0,854.0,201.91249984,29189.352687065777,73.21249856,False,7
4507,596.248,3505.484331453898,856.0546002051731,202.0,29191.314999999962,74.0,False,7
4508,596.408,3594.48446464123,863.8383926252213,202.0,29200.29277777774,58.0,False,7
4509,596.493,3642.0,867.0,202.0,29205.104459966595,43.6562608,False,7
4510,596.568,3684.1339173999945,869.254793509181,202.0,29209.27055555552,31.0,False,7
4511,596.673,3743.0,871.0,194.1250048,29214.835105887,27.718752,False,7
4512,596.728,3773.5056619663237,870.911931363653,190.0,29217.714999999964,26.0,False,7
4513,596.893,3860.0,868.0,190.82499968,29226.451883282996,41.67499392,False,7
4514,597.113,3974.0,855.0,191.92499968,29238.24341657588,62.574993920000004,False,7
4515,597.128,3986.4157058225305,852.0255962883253,192.0,29239.0483333333,64.0,False,7
4516,597.273,4125.0,813.0,193.2083328,29246.835840423224,68.8333312,False,7
4517,597.368,4183.088847312247,793.9661792597435,194.0,29251.981666666634,72.0,False,7
4518,597.648,4236.296430820507,757.5487042949027,198.0,29267.381666666635,72.0,False,7
4519,597.673,4244.0,752.0,198.0,29268.75223776994,76.3749888,False,7
4520,597.808,4300.731859347265,713.3801979162312,198.0,29276.18166666663,100.0,False,7
4521,597.893,4341.0,685.0,201.541664,29280.997673858135,100.0,False,7
4522,598.048,4411.646345833157,630.1692683542223,208.0,29290.0483333333,100.0,False,7
4523,598.073,4423.0,621.0,208.89285485714285,29291.532641069334,100.0,False,7
4524,598.313,4533.0,529.0,217.46428342857143,29306.081616997155,100.0,False,7
4525,598.328,4539.870510408106,523.0545982053386,218.0,29307.003888888856,100.0,False,7
4526,598.433,4588.0,481.0,220.0473536074983,29313.49574947175,100.0,False,7
4527,598.687,4706.0934869728735,379.1903531716193,225.0,29329.441388888856,100.0,False,7
4528,598.713,4718.0,369.0,225.464288,29331.09047830589,100.0,False,7
4529,598.933,4823.0,280.0,229.39285942857143,29345.14879593634,100.0,False,7
4530,598.967,4842.610756263567,263.695477162661,230.0,29347.330277777746,100.0,False,7
4531,599.167,4968.46657041429,160.16037833389697,232.0,29360.219166666637,100.0,False,7
4532,599.193,4982.0,149.0,232.6500032,29361.910582393135,100.0,False,7
4533,599.327,5035.971353895729,104.15904401397457,236.0,29370.708055555526,100.0,False,7
4534,599.533,5124.0,30.0,240.5062528,29384.555458571744,100.0,False,7
4535,599.647,5215.909222041067,-47.18316146855271,243.0,29392.30805555553,100.0,False,7
4536,599.793,5331.0,-144.0,244.8250016,29402.272748645275,100.0,False,7
4537,599.967,5378.605408653992,-184.98351791653084,247.0,29414.26361111108,100.0,False,7
4538,600.073,5404.0,-207.0,248.85500224,29421.668626689778,100.0,False,7
4539,600.367,5560.608645159103,-340.107342010799,254.0,29442.4858333333,100.0,False,7
4540,600.373,5564.0,-343.0,254.04090996363635,29442.91194215089,100.0,False,7
4541,600.612,5692.0,-454.0,255.6704541090909,29459.909452724914,100.0,False,7
4542,600.672,5724.0,-483.0,256.07954676363636,29464.195444476,100.0,False,7
4543,600.807,5795.954593108058,-549.4419683258195,257.0,29473.896944444412,100.0,False,7
4544,600.932,5860.0,-610.0,258.73611022222224,29482.951518474965,100.0,False,7
4545,601.167,5976.091423643244,-727.2846664072283,262.0,29500.096944444416,100.0,False,7
4546,601.192,5991.0,-744.0,262.1562512,29501.923109869847,100.0,False,7
4547,601.327,6084.13646746159,-854.0503847612264,263.0,29511.785833333302,100.0,False,7
4548,601.432,6150.0,-935.0,263.0,29519.451289800014,100.0,False,7
4549,601.487,6176.135680308436,-967.8844043035473,263.0,29523.47472222219,100.0,False,7
4550,601.767,6253.620393868946,-1077.2331336807545,265.0,29544.085833333305,100.0,False,7
4551,601.792,6262.0,-1090.0,265.0892864,29545.92954158231,100.0,False,7
4552,601.972,6334.0,-1202.0,265.7321426285714,29559.21420699138,100.0,False,7
4553,602.047,6363.14231929714,-1249.5936565581742,266.0,29564.77472222219,100.0,False,7
4554,602.152,6402.0,-1316.0,266.9813096186559,29572.59391154582,100.0,False,7
4555,602.368,6478.873672565646,-1458.6382962396963,269.0,29588.760555555524,100.0,False,7
4556,602.453,6507.0,-1514.0,269.3541664,29595.12655767162,100.0,False,7
4557,602.608,6556.163105735646,-1616.2067359793646,270.0,29606.760555555516,100.0,False,7
4558,602.633,6565.0,-1636.0,270.1785709714286,29608.644066007455,100.0,False,7
4559,602.888,6666.416361646314,-1881.9539290878947,272.0,29627.916111111077,100.0,False,7
4560,602.913,6674.0,-1901.0,271.87500032,29629.800462941846,100.0,False,7
4561,603.088,6707.02546940544,-1986.5143203761022,271.0,29642.971666666625,100.0,False,7
4562,603.213,6727.0,-2042.0,271.34722204444444,29652.41541358743,100.0,False,7
4563,603.448,6785.651785601919,-2207.682879387919,272.0,29670.17166666663,100.0,False,7
4564,603.533,6808.0,-2271.0,271.44565259130434,29676.54580748414,100.0,False,7
4565,603.633,6833.0,-2342.0,270.7934786782609,29684.009609995916,100.0,False,7
4566,603.893,6896.0,-2526.0,269.09782650434784,29703.237442289963,100.0,False,7
4567,604.073,6939.0,-2653.0,267.9239134608696,29716.45604478863,100.0,False,7
4568,604.293,6990.0,-2807.0,266.4891308521739,29732.630595406565,100.0,False,7
4569,604.368,7007.1780771233025,-2859.964558393958,266.0,29738.149444444414,100.0,False,7
4570,604.553,7049.0,-2991.0,265.2291669333333,29751.77007136182,100.0,False,7
4571,604.608,7061.1759001212795,-3029.5606708867313,265.0,29755.81611111107,100.0,False,7
4572,604.693,7080.0,-3089.0,264.6458336,29762.063373305467,100.0,False,7
4573,604.848,7115.13909981767,-3197.471044071135,264.0,29773.41611111107,100.0,False,7
4574,604.893,7125.0,-3228.0,263.4375008,29776.69482569899,100.0,False,7
4575,605.008,7149.166489674155,-3303.700446605325,262.0,29785.06055555552,100.0,False,7
4576,605.073,7165.0,-3353.0,262.4062496,29789.805638004353,100.0,False,7
4577,605.168,7193.470460371592,-3440.578140792832,263.0,29796.749444444406,100.0,False,7
4578,605.393,7264.0,-3656.0,261.7465177920095,29813.127872447487,100.0,False,7
4579,605.527,7283.435659187836,-3716.715516023766,261.0,29822.77694444441,100.0,True,7
4580,605.673,7299.0,-3767.0,254.91666133333334,29833.152735795138,100.0,True,7
4581,605.767,7315.142516299418,-3818.743583475905,251.0,29839.510277777747,100.0,True,7
4582,605.933,7351.0,-3939.0,232.3249856,29849.78146572981,48.124959999999994,True,7
4583,606.087,7385.171570401486,-4069.4328634740173,215.0,29858.621388888856,0.0,True,7
4584,606.247,7413.270205332988,-4185.847596458937,198.0,29867.42138888885,0.0,True,7
4585,606.253,7414.0,-4189.0,197.4857033142857,29867.737409105157,0.0,True,7
4586,606.527,7429.453344534011,-4268.9992010392025,174.0,29880.95472222219,0.0,True,7
4587,606.553,7431.0,-4278.0,172.0499904,29882.09607397256,0.0,True,7
4588,606.793,7451.0,-4389.0,154.0499904,29891.763575561647,0.0,True,7
4589,606.967,7463.556446302014,-4452.981120687016,141.0,29898.18805555552,0.0,True,7
4590,607.013,7468.0,-4476.0,138.53570742857144,29899.840121356607,0.0,True,7
4591,607.212,7492.0,-4605.0,127.87500342857143,29906.78854009462,0.0,True,7
4592,607.247,7494.714156514251,-4620.677100583437,126.0,29907.988055555517,0.0,True,7
4593,607.392,7500.0,-4665.0,123.2812464,29912.896701268935,0.0,True,7
4594,607.567,7500.166230533021,-4741.468945313005,120.0,29918.65472222219,0.0,True,7
4595,607.732,7497.0,-4810.0,115.05000192,29923.888409259645,0.0,True,7
4596,607.767,7496.17491293492,-4820.126326414436,114.0,29924.988055555525,0.0,False,7
4597,607.967,7489.670166051139,-4853.624123115939,113.0,29931.2658333333,0.0,False,7
4598,608.052,7484.0,-4869.0,113.0,29933.959342943203,0.0,False,7
4599,608.127,7477.113364066343,-4886.199840182774,113.0,29936.28805555552,0.0,False,7
4600,608.312,7453.0,-4935.0,106.39285028571429,29941.62920313227,0.0,False,7
4601,608.407,7437.070035377997,-4955.977506532888,103.0,29944.29916666663,0.0,False,7
4602,608.512,7417.0,-4976.0,102.3437488,29947.269889913176,7.218763200000001,False,7
4603,608.567,7405.595993738803,-4985.462745864455,102.0,29948.832499999964,11.0,False,7
4604,608.712,7371.0,-5008.0,102.72319263128931,29952.969946855348,23.294274731918332,False,7
4605,608.953,7296.0,-5042.0,103.92518674903776,29959.97160755598,43.72817473364203,False,7
4606,608.968,7291.588458585306,-5043.7797400685495,104.0,29960.41694444441,45.0,False,7
4607,609.328,7199.020769027689,-5075.865361557447,111.0,29971.516944444407,55.0,False,7
4608,609.353,7192.0,-5078.0,111.99999744,29972.32700335926,55.87499776,False,7
4609,609.528,7138.821001428655,-5093.733539891941,119.0,29978.128055555517,62.0,False,7
4610,609.573,7125.0,-5098.0,119.80357028571429,29979.64098084399,62.80357028571429,False,7
4611,609.633,7106.0,-5104.0,120.87499885714286,29981.669154514002,63.874998857142856,False,7
4612,609.808,7018.780229895462,-5129.236848451808,124.0,29987.77249999996,67.0,False,7
4613,609.913,6970.0,-5143.0,128.37499733333334,29991.655839525763,71.08333084444445,False,7
4614,610.168,6912.47262466492,-5159.378258464505,139.0,30001.67249999996,81.0,False,7
4615,610.233,6896.0,-5164.0,142.6562464,30004.31427922429,88.7187424,False,7
4616,610.328,6864.513580236308,-5172.761743309499,148.0,30008.250277777737,100.0,False,7
4617,610.593,6752.0,-5203.0,155.36110933333333,30019.791233381442,100.0,False,7
4618,610.633,6736.0,-5207.0,156.47222044444445,30021.579677755744,100.0,False,7
4619,610.688,6708.499423303665,-5213.916019789377,158.0,30024.05027777774,100.0,False,7
4620,610.888,6569.308776227786,-5248.996037698041,164.0,30033.161388888857,100.0,False,7
4621,610.913,6553.0,-5253.0,164.6249984,30034.319206290926,100.0,False,7
4622,611.088,6454.940751987607,-5276.114627266556,169.0,30042.55027777774,100.0,False,7
4623,611.288,6373.342776829228,-5294.1472022704975,174.0,30052.21694444441,100.0,False,7
4624,611.313,6365.0,-5296.0,174.781248,30053.445998391737,100.0,False,7
4625,611.448,6327.0400237289905,-5304.48526605351,179.0,30060.172499999968,100.0,False,7
4626,611.653,6267.0,-5319.0,183.61249856,30070.73253556444,100.0,False,7
4627,611.848,6171.566146991004,-5343.79149719237,188.0,30081.06138888886,100.0,False,7
4628,611.893,6148.0,-5350.0,188.84639428999282,30083.46982823432,100.0,False,7
4629,612.167,6008.367478046874,-5387.106241242501,194.0,30098.251944444415,100.0,False,7
4630,612.213,5986.0,-5393.0,194.0,30100.72625577808,100.0,False,7
4631,612.367,5908.744158990731,-5412.892723134813,194.0,30109.02972222219,100.0,False,7
4632,612.393,5892.0,-5417.0,194.54166933333335,30110.44812272071,100.0,False,7
4633,612.607,5714.701429502147,-5459.782868623849,199.0,30122.29638888886,100.0,False,7
4634,612.613,5710.0,-5461.0,199.09000192,30122.631367429345,100.0,False,7
4635,612.807,5584.141827923994,-5497.845672446935,202.0,30133.518611111085,100.0,False,7
4636,613.073,5457.0,-5536.0,202.0,30148.459143756216,9.749956571428566,False,7
4637,613.087,5450.253184454191,-5537.430129536231,202.0,30149.229722222193,5.0,True,7
4638,613.353,5320.0,-5556.0,193.4499958857143,30163.501321733067,0.24999771428571463,True,7
4639,613.367,5313.024983944981,-5556.785156453992,193.0,30164.240833333304,0.0,True,7
4640,613.533,5225.0,-5563.0,189.67999744,30172.959275368445,0.0,True,7
4641,613.567,5203.722389964377,-5562.4325766947195,189.0,30174.740833333304,0.0,True,7
4642,613.807,5032.222757479059,-5540.11840880069,187.0,30187.20749999997,0.0,False,7
4643,613.852,5005.0,-5534.0,185.50000213333334,30189.469173480724,0.0,False,7
4644,614.167,4881.771115306014,-5480.590177215563,175.0,30204.70749999997,0.0,False,7
4645,614.252,4856.0,-5464.0,174.3928576,30208.79394706823,10.624991999999999,False,7
4646,614.447,4796.956287259036,-5422.801217761845,173.0,30218.163055555528,35.0,False,7
4647,614.532,4769.0,-5401.0,172.6964288,30222.225385458903,43.499993599999996,False,7
4648,614.727,4698.063959322741,-5339.518499508826,172.0,30231.540833333307,63.0,False,7
4649,614.772,4682.0,-5324.0,172.5624992,30233.705558595237,63.0,False,7
4650,614.887,4642.937483168928,-5282.908923528421,174.0,30239.274166666637,63.0,False,7
4651,615.047,4592.522701694588,-5222.912593230951,176.0,30247.096388888862,0.0,False,7
4652,615.052,4591.0,-5221.0,175.94459907655673,30247.33862517508,0.9972166219789712,False,7
4653,615.272,4527.0,-5135.0,173.5069244062895,30257.798127882586,44.875360686788774,False,7
4654,615.408,4490.102202064478,-5080.947625828893,172.0,30264.344166666637,72.0,False,7
4655,615.553,4452.0,-5022.0,175.6249984,30271.551372193117,80.055552,False,7
4656,615.653,4426.0,-4980.0,178.1249984,30276.629364639735,85.61110755555555,False,7
4657,615.768,4397.4469498619665,-4929.867641408238,181.0,30282.444166666635,92.0,False,7
4658,615.853,4377.0,-4892.0,181.2656248,30286.718161943343,94.1249984,False,7
4659,616.088,4321.692010299933,-4785.101823947059,182.0,30298.62194444441,100.0,False,7
4660,616.133,4311.0,-4764.0,183.44642651428572,30300.97060986707,100.0,False,7
4661,616.353,4259.0,-4660.0,190.51785508571427,30312.681484370773,100.0,False,7
4662,616.368,4255.709187700977,-4653.299471323952,191.0,30313.477499999968,100.0,False,7
4663,616.553,4213.0,-4565.0,191.0,30323.21592879135,100.0,False,7
4664,616.728,4152.565151960137,-4439.274595958102,191.0,30332.57749999996,100.0,False,7
4665,616.733,4151.0,-4436.0,191.16071222857144,30332.850956678903,98.21430857142857,False,7
4666,617.008,4094.0631536351293,-4314.416337354525,200.0,30348.13305555552,0.0,False,7
4667,617.153,4068.0,-4257.0,193.47500288,30355.886874143438,0.0,False,7
4668,617.208,4056.49109619081,-4231.582551020663,191.0,30358.74416666663,0.0,False,7
4669,617.333,4030.0,-4173.0,183.187504,30365.061901635167,0.0,False,7
4670,617.368,4023.693557770241,-4159.045546894698,181.0,30366.788611111082,0.0,False,7
4671,617.568,3980.934737644482,-4073.474516250993,170.0,30376.23305555552,0.0,True,7
4672,617.573,3979.0,-4070.0,169.64286171428571,30376.455779196043,0.0,True,7
4673,617.693,3924.0,-3974.0,161.07143314285713,30381.577937782382,0.0,True,7
4674,617.848,3886.6030430507876,-3911.8439260576774,150.0,30387.899722222184,0.0,True,7
4675,618.048,3874.90854114367,-3898.1936392083526,150.0,30396.23305555552,0.0,True,7
4676,618.073,3872.0,-3894.0,150.0,30397.291205529607,0.0,True,7
4677,618.208,3849.967984522401,-3860.4263765703713,150.0,30402.899722222184,0.0,True,7
4678,618.413,3806.0,-3795.0,127.7916736,30410.029054280258,0.0,True,7
4679,618.448,3798.839225151238,-3785.480252778561,124.0,30411.166388888854,0.0,True,7
4680,618.593,3770.0,-3750.0,114.937504,30415.77080506932,0.0,True,7
4681,618.608,3767.0146231742724,-3746.4221487401087,114.0,30416.23305555552,0.0,True,7
4682,618.713,3744.0,-3721.0,110.61290295941708,30419.384114798017,0.0,True,7
4683,618.887,3681.6519980634494,-3673.5416471956537,105.0,30424.370555555517,0.0,True,7
4684,618.993,3649.0,-3652.0,103.0124976,30427.344122767925,0.0,True,7
4685,619.207,3623.7929566449825,-3640.1664240602786,99.0,30433.17055555552,0.0,True,7
4686,619.273,3615.0,-3639.0,97.3499968,30434.904533363075,0.0,True,7
4687,619.447,3574.549884718186,-3633.9822619656393,93.0,30439.370555555517,0.0,True,7
4688,619.633,3521.0,-3632.0,91.13999872,30444.07699953293,0.0,True,7
4689,619.647,3517.3120146907936,-3632.2814197335742,91.0,30444.42611111107,0.0,False,7
4690,619.753,3491.0,-3636.0,89.40999808,30447.040834424817,0.0,False,7
4691,619.847,3470.205104322861,-3640.4488561232984,88.0,30449.314999999962,0.0,False,7
4692,619.993,3434.0,-3654.0,86.1749984,30452.763107170587,12.7750112,False,7
4693,620.087,3400.4226489331586,-3671.3348473342844,85.0,30454.981666666627,21.0,False,7
4694,620.193,3363.0,-3693.0,85.6625008,30457.517816017895,25.416672000000002,False,7
4695,620.512,3310.0,-3737.0,87.6562512,30465.34492869602,38.70834133333334,False,7
4696,620.567,3301.6305473993557,-3745.7043983466674,88.0,30466.714999999964,41.0,False,7
4697,620.767,3267.0854635383043,-3783.0365613101867,91.0,30471.77055555552,43.0,False,7
4698,620.832,3256.0,-3796.0,92.13750336,30473.468162506037,44.13750336,False,7
4699,620.992,3230.0,-3829.0,94.93750336,30477.77910406241,46.93750336,False,7
4700,621.167,3202.980767908298,-3867.717431809275,98.0,30482.65944444441,50.0,False,7
4701,621.232,3193.0,-3883.0,99.89583893333334,30484.509072674944,53.2500096,False,7
4702,621.407,3165.8894407858165,-3926.645375201351,105.0,30489.65944444441,62.0,False,7
4703,621.492,3153.0,-3948.0,108.4531224,30492.315391850363,64.656248,False,7
4704,621.512,3150.0,-3953.0,109.2656328,30492.955685387296,65.281256,False,7
4705,621.727,3110.1720491233073,-4020.444671647588,118.0,30500.148333333298,72.0,False,7
4706,621.892,3081.0,-4071.0,122.86394157397555,30505.9855518815,74.24489611106564,False,7
4707,622.168,3043.172633597855,-4132.839240923241,131.0,30516.1958333333,78.0,False,7
4708,622.253,3016.0,-4164.0,133.1249984,30519.39556040528,76.229168,False,7
4709,622.408,2944.9597613775513,-4238.0247669537475,137.0,30525.32916666663,73.0,False,7
4710,622.413,2943.0,-4240.0,137.08749888,30525.52380920859,72.8125024,False,7
4711,622.753,2877.0,-4295.0,143.03749888,30539.12767888216,60.0625024,False,7
4712,622.808,2865.729092558458,-4301.880798569496,144.0,30541.32916666663,58.0,False,7
4713,623.208,2735.274899329256,-4377.277632966191,142.0,30557.106944444404,0.0,False,7
4714,623.528,2606.5303804275886,-4434.38071587237,141.0,30569.640277777737,69.0,False,7
4715,623.613,2574.0,-4444.0,141.0,30572.959925790765,57.312508799999996,False,7
4716,623.688,2545.8778917216027,-4450.553422717444,141.0,30575.9069444444,47.0,False,7
4717,623.773,2514.0,-4456.0,142.0624992,30579.288922341573,48.0624992,False,7
4718,624.008,2421.9249858703997,-4461.526864740173,145.0,30588.79583333329,51.0,False,7
4719,624.113,2380.0,-4460.0,145.23863621818182,30593.055832007198,52.67045352727273,False,7
4720,624.293,2308.0,-4452.0,145.64772712727273,30600.363254000822,55.534089890909094,False,7
4721,624.448,2245.9938187715807,-4439.346278003871,146.0,30606.64027777773,58.0,False,7
4722,624.493,2228.0,-4435.0,146.0,30608.45885875553,59.9687472,False,7
4723,624.608,2182.217144752624,-4422.9316366981275,146.0,30613.12916666662,65.0,False,7
4724,624.653,2165.0,-4418.0,147.1249984,30614.98571953543,65.89999872,False,7
4725,624.808,2109.4931560689597,-4400.143346158715,151.0,30621.51805555551,69.0,False,7
4726,624.893,2074.0,-4386.0,152.88888746666666,30625.194002387576,69.94444373333333,False,7
4727,625.133,1950.0,-4327.0,158.2222208,30635.851606534572,72.6111104,False,7
4728,625.168,1934.9833422796842,-4318.966651897594,159.0,30637.41805555551,73.0,False,7
4729,625.367,1874.5755856900691,-4280.98367019821,162.0,30646.373055555505,77.0,False,7
4730,625.553,1822.0,-4240.0,164.79000192,30654.891015032674,95.6000128,False,7
4731,625.567,1817.277044699408,-4236.240675145049,165.0,30655.539722222176,97.0,False,7
4732,625.653,1785.0,-4210.0,167.1500032,30659.54962402475,97.92142994285715,False,7
4733,625.847,1684.9288257151522,-4121.761985900546,172.0,30668.917499999956,100.0,False,7
4734,625.893,1663.0,-4102.0,174.5090978909091,30671.25776449931,100.0,False,7
4735,626.287,1548.3554893166338,-3995.3608332067106,196.0,30692.873055555512,100.0,False,7
4736,626.393,1515.0,-3963.0,200.416672,30698.926557242707,100.0,False,7
4737,626.493,1477.0,-3926.0,204.58333866666666,30704.664725290353,100.0,False,7
4738,626.527,1462.500266390454,-3911.9288262033683,206.0,30706.60638888885,100.0,False,7
4739,626.687,1384.0647540951989,-3836.1960431668294,206.0,30715.761944444403,100.0,False,7
4740,626.813,1326.0,-3780.0,212.3000064,30723.302611720053,100.0,False,7
4741,626.927,1282.9268788828238,-3737.9687199409477,218.0,30730.295277777735,100.0,False,7
4742,627.072,1231.0,-3687.0,221.6250048,30739.26001092829,100.0,False,7
4743,627.127,1208.519589854175,-3664.962799827773,223.0,30742.68416666662,100.0,False,7
4744,627.367,1098.8779014883007,-3557.4906706974243,227.0,30757.81749999995,100.0,False,7
4745,627.432,1072.0,-3531.0,228.39286125714287,30761.9921916285,100.0,False,7
4746,627.592,998.0,-3458.0,231.82143268571429,30772.377670324622,100.0,False,7
4747,627.647,950.16520630301,-3411.209335467001,233.0,30775.939722222178,100.0,False,7
4748,627.732,866.0,-3329.0,233.0,30781.425572134624,100.0,False,7
4749,627.807,806.8017263061482,-3271.082657532329,233.0,30786.29527777773,100.0,False,7
4750,628.007,721.3159293436479,-3186.870616519775,240.0,30799.628611111057,100.0,False,7
4751,628.247,660.3831601863736,-3127.105026865142,250.0,30816.29527777772,100.0,False,7
4752,628.272,652.0,-3119.0,250.1557643429696,30818.041879691056,100.0,False,7
4753,628.493,562.0,-3032.0,251.5327101611204,30833.489771533114,100.0,False,7
4754,628.568,525.8380866594823,-2996.2815177725256,252.0,30838.765277777722,100.0,False,7
4755,628.693,462.0,-2933.0,253.7361102222222,30847.61099951626,100.0,False,7
4756,628.928,341.98806359385037,-2816.4809560832155,257.0,30864.465277777726,100.0,False,7
4757,628.973,319.0,-2794.0,257.8437488,30867.735910640364,100.0,False,7
4758,629.133,237.0,-2713.0,260.8437488,30879.47941916558,100.0,False,7
4759,629.408,92.93135097782857,-2571.853065330697,266.0,30899.931944444394,100.0,False,7
4760,629.493,48.0,-2528.0,266.84999936,30906.2820776934,100.0,False,7
4761,629.693,-58.0,-2424.0,268.84999936,30921.27544715485,100.0,False,7
4762,629.753,-90.0,-2392.0,269.44999936,30925.7885943122,100.0,False,7
4763,629.808,-120.0041063612293,-2362.386734712345,270.0,30929.931944444394,100.0,False,7
4764,629.933,-186.0,-2298.0,271.0416661333333,30939.371022321222,100.0,False,7
4765,630.168,-286.0307941159266,-2198.152640829991,273.0,30957.231944444397,100.0,False,7
4766,630.253,-359.0,-2128.0,273.96590836363634,30963.744524065256,100.0,False,7
4767,630.453,-621.0,-1880.0,276.23863563636365,30979.17642453308,100.0,False,7
4768,630.608,-757.4574550172507,-1750.541066069089,278.0,30991.209722222167,100.0,False,7
4769,630.833,-834.0,-1677.0,279.27840872727273,31008.773325836217,100.0,False,7
4770,631.213,-855.0,-1656.0,281.4374996363636,31038.671442848947,100.0,False,7
4771,631.488,-1101.271978946328,-1422.7496958552806,283.0,31060.387499999957,100.0,False,7
4772,631.513,-1120.0,-1405.0,283.24999936,31062.363815096793,100.0,False,8
4773,631.653,-1200.0,-1329.0,284.64999936,31073.44319390434,100.0,False,8
4774,631.688,-1219.2759199033928,-1310.596748427492,285.0,31076.220833333286,100.0,False,8
4775,631.893,-1337.0,-1198.0,286.4642852571429,31092.558906741015,100.0,False,8
4776,631.968,-1377.54251665371,-1159.6075914920075,287.0,31098.543055555503,100.0,False,8
4777,632.113,-1464.0,-1078.0,287.0,31110.103068214074,100.0,False,8
4778,632.167,-1505.8110128416956,-1038.3253934286208,287.0,31114.40777777773,100.0,False,8
4779,632.313,-1626.0,-924.0,287.0,31126.049730950635,100.0,False,8
4780,632.447,-1699.2307265850388,-854.3782627407305,287.0,31136.72999999995,100.0,False,8
4781,632.673,-1788.0,-770.0,287.0,31154.742563647782,100.0,False,8
4782,632.687,-1795.2295057645488,-763.1182134168025,287.0,31155.86333333328,100.0,False,8
4783,632.853,-1893.0,-670.0,289.0750016,31169.214887240076,100.0,False,8
4784,632.927,-1936.9689646444144,-628.1201011687804,290.0,31175.196666666616,100.0,False,8
4785,633.033,-1999.0,-569.0,290.79500096,31183.792428709643,100.0,False,8
4786,633.253,-2127.0,-447.0,292.44500096,31201.71556067492,100.0,False,8
4787,633.327,-2170.5415827814395,-405.87496483767944,293.0,31207.75222222217,100.0,False,8
4788,633.493,-2269.0,-313.0,293.41500032,31221.301885869038,100.0,False,8
4789,633.727,-2407.094454902109,-180.7688819761711,294.0,31240.418888888835,100.0,False,8
4790,633.732,-2410.0,-178.0,294.0,31240.82755409079,100.0,False,8
4791,633.887,-2501.76959443624,-91.05511585108349,294.0,31253.4855555555,100.0,False,8
4792,633.892,-2505.0,-88.0,293.9204555636364,31253.892581463322,98.92046836363636,False,8
4793,634.152,-2710.0,106.0,289.7840878545455,31274.897312086086,42.78404945454545,False,8
4794,634.327,-2892.107812392048,278.63194337852474,287.0,31288.563333333284,5.0,True,8
4795,634.392,-2941.0,325.0,282.4860977777778,31293.49881255058,4.097219555555555,True,8
4796,634.672,-3015.0,395.0,263.04165333333333,31313.739353136396,0.20833066666666675,True,8
4797,634.687,-3022.458426878426,402.02164853063516,262.0,31314.76333333329,0.0,True,8
4798,634.952,-3219.0,587.0,236.3281064,31331.88206091853,0.0,True,8
4799,635.007,-3243.8858040381297,610.4078123358229,231.0,31335.29666666662,0.0,True,8
4800,635.248,-3286.94166392977,650.9944462853767,216.0,31349.756666666628,0.0,True,8
4801,635.253,-3288.0,652.0,215.54167253333333,31350.041140877987,0.0,True,8
4802,635.488,-3362.0578015423607,723.4463968992475,194.0,31362.689999999962,0.0,True,8
4803,635.613,-3421.0,788.0,187.7500032,31369.081122359526,0.0,True,8
4804,635.768,-3506.85922210522,890.3943575064602,180.0,31376.689999999962,0.0,True,8
4805,635.793,-3518.0,904.0,178.6607177142857,31377.87796976599,0.0,True,8
4806,636.048,-3564.156970471675,964.9536882969807,165.0,31389.52333333329,0.0,False,8
4807,636.173,-3579.0,992.0,163.046876,31395.13565895826,0.0,False,8
4808,636.368,-3619.026112902822,1066.0290382323712,160.0,31403.745555555517,0.0,False,8
4809,636.373,-3620.0,1068.0,159.8906264,31403.962130113232,0.0,False,8
4810,636.653,-3659.0,1174.0,153.7656264,31415.85271368743,0.0,False,8
4811,636.688,-3661.650007891028,1188.0104159483224,153.0,31417.345555555516,0.0,False,8
4812,636.693,-3662.0,1190.0,153.0,31417.55929950713,0.0,False,8
4813,636.888,-3671.0393983508866,1262.6650836362262,153.0,31425.845555555516,0.0,False,8
4814,637.033,-3670.0,1324.0,143.0312544,31431.569657991615,0.0,False,8
4815,637.048,-3669.4398192833796,1331.2244835564288,142.0,31432.156666666622,0.0,False,8
4816,637.253,-3656.0,1435.0,142.0,31440.239725862524,37.5833216,False,8
4817,637.288,-3653.664171693751,1449.2853025085724,142.0,31441.62333333329,44.0,False,8
4818,637.573,-3635.0,1535.0,142.7916664888889,31452.91031581457,44.0,False,8
4819,637.648,-3628.4237422683595,1561.9730281533,143.0,31455.923333333292,44.0,False,8
4820,637.853,-3608.0,1644.0,147.39285577142857,31464.316629113502,61.57142308571429,False,8
4821,637.928,-3600.9486985903445,1671.5415491086223,149.0,31467.51222222218,68.0,False,8
4822,638.013,-3592.0,1708.0,152.30555306666668,31471.240150927824,67.76388906666666,False,8
4823,638.233,-3562.0,1846.0,160.86110862222222,31481.28664467987,67.15277795555555,False,8
4824,638.288,-3557.05464142312,1872.8158973771765,163.0,31483.812222222183,67.0,False,8
4825,638.488,-3551.1524945338065,1931.2649231259247,166.0,31493.03444444441,69.0,False,8
4826,638.613,-3551.0,1973.0,168.7855153838968,31498.968530111426,70.3927576919484,False,8
4827,638.813,-3553.0,2068.0,173.24234228002706,31508.715134110626,72.62117114001353,False,8
4828,638.847,-3554.0545538649535,2084.7403306998017,174.0,31510.38611111107,73.0,False,8
4829,638.993,-3561.0,2156.0,177.6500032,31517.61122989615,78.11000448,False,8
4830,639.047,-3564.2238751742166,2182.582599112637,179.0,31520.330555555516,80.0,False,8
4831,639.193,-3575.0,2255.0,183.1062536,31527.852670645905,89.125008,False,8
4832,639.367,-3593.3320426426562,2341.3037107040473,188.0,31537.041666666624,100.0,False,8
4833,639.513,-3614.0,2414.0,192.562504,31544.859293314406,100.0,False,8
4834,639.527,-3616.2592241532584,2420.998495833407,193.0,31545.619444444408,100.0,False,8
4835,639.673,-3643.0,2494.0,196.6500032,31553.68098027237,100.0,False,8
4836,639.813,-3675.0,2563.0,200.1500032,31561.620035189404,100.0,False,8
4837,639.927,-3704.8725254014716,2618.4620159382366,203.0,31568.174999999963,100.0,False,8
4838,640.093,-3754.0,2698.0,206.39545716363637,31577.8540407957,100.0,False,8
4839,640.272,-3814.0,2782.0,210.05682210909092,31588.439535577392,100.0,False,8
4840,640.367,-3848.6663779772557,2825.9161869869326,212.0,31594.086111111068,100.0,False,8
4841,640.572,-3929.0,2919.0,215.4166656,31606.359402224964,100.0,False,8
4842,640.607,-3943.2419388411777,2934.628995656106,216.0,31608.48611111107,100.0,False,8
4843,640.772,-4013.0,3007.0,219.66666524444443,31618.672194738163,100.0,False,8
4844,640.852,-4049.0,3041.0,221.44444302222223,31623.684536997604,100.0,False,8
4845,640.967,-4101.945207850278,3088.5332883968035,224.0,31630.88611111107,100.0,False,8
4846,641.012,-4123.0,3107.0,224.44999936,31633.702405127482,100.0,False,8
4847,641.167,-4196.9997495847065,3170.798394848926,226.0,31643.441666666633,100.0,False,8
4848,641.292,-4258.0,3223.0,229.1249984,31651.43588027333,100.0,False,8
4849,641.367,-4295.043798905581,3254.834724312262,231.0,31656.27499999996,100.0,False,8
4850,641.592,-4405.0,3350.0,234.1163444921381,31670.920558021873,100.0,False,8
4851,641.713,-4464.0,3402.0,235.79224299138323,31678.937568189645,100.0,False,8
4852,641.728,-4472.865713445831,3409.9938225161613,236.0,31679.940555555517,100.0,False,8
4853,641.928,-4627.56818897683,3552.928125527741,244.0,31693.49611111108,100.0,False,8
4854,642.033,-4693.0,3614.0,245.9687488,31700.72899104674,100.0,False,8
4855,642.248,-4748.398498771577,3666.150396421699,250.0,31715.718333333305,100.0,False,8
4856,642.313,-4763.0,3680.0,250.72222151111112,31720.27312805507,100.0,False,8
4857,642.608,-4909.1205453846,3822.1131952307574,254.0,31741.1183333333,100.0,False,8
4858,642.613,-4914.0,3827.0,254.10416533333333,31741.475367298426,100.0,False,8
4859,642.733,-5045.0,3959.0,256.60416533333336,31750.08505812167,100.0,False,8
4860,642.848,-5119.357158806599,4034.292349445784,259.0,31758.38499999997,100.0,False,8
4861,643.008,-5139.1130005855775,4055.2425435585164,261.0,31769.984999999975,100.0,False,8
4862,643.113,-5166.0,4084.0,262.3124992,31777.6543908688,100.0,False,8
4863,643.248,-5231.467608471809,4153.391394886808,264.0,31787.584999999974,100.0,False,8
4864,643.448,-5355.281171844282,4285.075905476719,267.0,31802.418333333302,100.0,False,8
4865,643.453,-5358.0,4288.0,267.0312496,31802.789925314584,100.0,False,8
4866,643.608,-5432.166965592368,4368.7063764087625,268.0,31814.329444444407,100.0,False,8
4867,643.793,-5508.0,4453.0,269.98214217142856,31828.22719141073,100.0,False,8
4868,643.888,-5547.977808042702,4497.702754746628,271.0,31835.40722222219,100.0,False,8
4869,644.033,-5628.0,4589.0,272.5535707428571,31846.410478925183,100.0,False,8
4870,644.168,-5743.685870331096,4723.907093715285,274.0,31856.718333333298,100.0,False,8
4871,644.213,-5777.0,4763.0,274.3266124387097,31860.170943898866,100.0,False,8
4872,644.553,-5885.0,4894.0,276.7943543741936,31886.5266967939,100.0,False,8
4873,644.813,-6011.0,5051.0,278.6814511483871,31907.000909889084,100.0,False,8
4874,645.408,-6294.824898267359,5423.8373477175855,283.0,31954.196111111076,100.0,False,8
4875,645.653,-6406.0,5579.0,283.6140352227939,31973.65957583448,100.0,False,8
4876,645.807,-6475.502052275027,5678.537306981173,284.0,31985.672777777745,100.0,False,8
4877,645.853,-6496.0,5708.0,282.2749952,31989.204010431076,80.83328,False,8
4878,646.047,-6581.482645739978,5830.882412558845,275.0,32004.00611111108,0.0,False,8
4879,646.153,-6636.0,5911.0,275.0,32012.293950919866,0.0,False,8
4880,646.367,-6767.944758063661,6109.573603548508,275.0,32028.45055555552,0.0,True,8
4881,646.433,-6800.0,6158.0,257.6749664,32032.82158828413,0.0,True,8
4882,646.527,-6832.094653222081,6206.324195520309,233.0,32038.806111111076,0.0,True,8
4883,646.727,-6864.383402206371,6254.649376512302,233.0,32051.750555555514,0.0,True,8
4884,646.793,-6879.0,6277.0,224.98569874285715,32055.696155287125,0.0,True,8
4885,647.007,-6945.413014478379,6379.396671726808,199.0,32067.228333333293,0.0,True,8
4886,647.032,-6953.0,6391.0,197.26921747692307,32068.492306045187,0.0,True,8
4887,647.272,-7019.0,6492.0,180.65383286153846,32079.82593326634,0.0,True,8
4888,647.527,-7101.593362878737,6628.57140219376,163.0,32090.772777777744,0.0,True,8
4889,647.572,-7113.0,6648.0,158.2187568,32092.63332310988,0.0,True,8
4890,647.687,-7134.490819832236,6685.430772914715,146.0,32097.261666666633,0.0,True,8
4891,647.972,-7161.0,6744.0,133.69318458181817,32107.63986376124,0.0,True,8
4892,648.127,-7179.323294217454,6794.3777052853775,127.0,32112.783888888855,0.0,True,8
4893,648.152,-7182.0,6802.0,125.25869475786371,32113.5876897527,0.0,True,8
4894,648.328,-7196.597412432188,6849.009710603113,113.0,32119.09305555552,0.0,True,8
4895,648.393,-7201.0,6876.0,112.1875008,32121.1035033111,20.31248,True,8
4896,648.553,-7210.0,6965.0,110.1875008,32126.000123920592,70.31248000000001,True,8
4897,648.648,-7212.104904326097,6990.458919135125,109.0,32128.781944444414,100.0,False,8
4898,648.813,-7210.0,7005.0,102.51785965714286,32133.34076562552,41.07145142857143,False,8
4899,648.928,-7205.104472687633,7033.26375113494,98.0,32136.404166666634,0.0,True,8
4900,649.213,-7181.0,7137.0,94.04166755555555,32143.81886487915,0.0,True,8
4901,649.288,-7171.829385921122,7157.811113845695,93.0,32145.704166666637,0.0,False,8
4902,649.533,-7140.0,7205.0,87.75000137142857,32151.64428556486,0.0,False,8
4903,649.568,-7136.596697479995,7209.828623245554,87.0,32152.4708333333,0.0,False,8
4904,649.888,-7109.402497008813,7240.345019559915,83.0,32159.84861111108,34.0,False,8
4905,649.973,-7090.0,7252.0,83.0,32161.78960476223,36.4791648,False,8
4906,650.128,-7036.214254097363,7280.221588292562,83.0,32165.381944444413,41.0,False,8
4907,650.213,-7010.0,7293.0,85.1249984,32167.430190530267,43.1249984,False,8
4908,650.328,-6988.296925058692,7302.340884202918,88.0,32170.270833333303,46.0,False,8
4909,650.553,-6962.0,7307.0,91.2142848,32175.981021216958,50.017856,False,8
4910,650.608,-6949.765328604285,7309.319774763483,92.0,32177.426388888856,51.0,False,8
4911,650.768,-6905.352486850782,7317.7660427038545,98.0,32181.781944444414,54.0,False,8
4912,650.773,-6904.0,7318.0,98.2187472,32181.922991400144,54.156248,False,8
4913,650.928,-6860.726214838883,7324.739184185176,105.0,32186.44861111108,59.0,False,8
4914,650.933,-6859.0,7325.0,105.1406232,32186.598753388043,59.1249984,False,8
4915,651.213,-6731.0,7344.0,113.0156232,32195.41380495983,66.1249984,False,8
4916,651.248,-6715.4470784716395,7346.103318170375,114.0,32196.58194444441,67.0,False,8
4917,651.633,-6571.0,7362.0,128.4374976,32210.355721116957,74.69999872,False,8
4918,651.648,-6565.70108683597,7362.503632089056,129.0,32210.915277777745,75.0,False,8
4919,651.813,-6507.0,7368.0,135.1874976,32217.166018222615,75.68749973333334,False,8
4920,651.888,-6479.009731905297,7370.7897874148475,138.0,32220.115277777742,76.0,False,8
4921,652.053,-6416.0,7378.0,145.56249706666668,32226.898723423295,74.62500053333333,False,8
4922,652.128,-6388.179630309404,7381.956485763392,149.0,32230.048611111077,74.0,False,8
4923,652.353,-6295.0,7402.0,151.8242692479485,32239.552200499882,34.46023052872076,False,8
4924,652.367,-6287.6106835202645,7404.117444987377,152.0,32240.139722222182,32.0,False,8
4925,652.533,-6193.0,7435.0,149.9249984,32247.04305591003,9.866649599999999,False,8
4926,652.607,-6158.271398599386,7448.6538306332695,149.0,32250.073055555516,0.0,True,8
4927,652.847,-6082.604098590798,7489.854979642064,144.0,32259.673055555515,0.0,False,8
4928,652.933,-6060.0,7505.0,142.46428342857143,32263.02950942473,0.0,False,8
4929,653.127,-6011.882190936468,7540.955998014737,139.0,32270.48416666662,0.0,False,8
4930,653.273,-5976.0,7574.0,137.78333226666666,32276.054271003955,0.0,False,8
4931,653.367,-5952.218900665676,7599.564757089275,137.0,32279.617499999953,0.0,False,8
4932,653.472,-5927.0,7630.0,136.4166656,32283.57176771102,12.2500224,False,8
4933,653.712,-5880.0,7707.0,135.08333226666667,32292.554759490227,40.2500224,False,8
4934,653.727,-5877.02745133417,7713.5976139679715,135.0,32293.117499999953,42.0,False,8
4935,653.967,-5830.431481731355,7844.141585831879,136.0,32302.18416666662,50.0,False,8
4936,653.992,-5827.0,7857.0,136.41666986666667,32303.143310478536,50.52083733333333,False,8
4937,654.207,-5812.91470977354,7949.732123449575,140.0,32311.517499999954,55.0,False,8
4938,654.352,-5811.0,7998.0,141.8125024,32317.259647623137,58.02083733333333,False,8
4939,654.447,-5810.428895875962,8024.630491833998,143.0,32321.050833333287,60.0,False,8
4940,654.767,-5813.851704082386,8111.130849665784,146.0,32334.028611111065,67.0,False,8
4941,654.772,-5814.0,8113.0,146.1246089223523,32334.236684988067,67.49843568940918,False,8
4942,654.953,-5821.0,8189.0,150.63551443607858,32341.903092758675,85.54205774431438,False,8
4943,655.088,-5826.784375674958,8240.225610944146,154.0,32347.760277777725,99.0,False,8
4944,655.213,-5835.0,8303.0,157.1249984,32353.271886886,99.0,False,8
4945,655.368,-5851.687446966482,8424.255098972963,161.0,32360.282499999954,99.0,False,8
4946,655.433,-5858.0,8469.0,163.70833066666665,32363.303537323238,99.27083306666667,False,8
4947,655.608,-5868.059385820122,8536.001383875331,171.0,32371.682499999948,100.0,False,8
4948,655.813,-5877.0,8587.0,179.541664,32381.957223424408,100.0,False,8
4949,655.848,-5879.4604315205825,8601.616150414147,181.0,32383.749166666614,100.0,False,8
4950,655.933,-5887.0,8647.0,183.54999808,32388.139887773843,100.0,False,8
4951,656.048,-5902.354481315549,8740.911781192748,187.0,32394.138055555504,100.0,False,8
4952,656.173,-5919.0,8845.0,188.1718744,32400.683223157783,100.0,False,8
4953,656.368,-5929.433298662292,8919.313722043014,190.0,32411.026944444395,100.0,False,8
4954,656.533,-5934.0,8965.0,195.77499776,32420.02410635797,100.0,False,8
4955,656.568,-5935.538654476216,8979.451813419051,197.0,32421.971388888833,100.0,False,8
4956,656.728,-5943.723518798947,9067.299285199526,204.0,32431.0380555555,100.0,False,8
4957,656.773,-5945.0,9099.0,204.48214217142856,32433.6119886344,94.05357988571429,False,8
4958,657.008,-5941.707778652537,9304.11652109481,207.0,32447.138055555504,63.0,False,8
4959,657.093,-5939.0,9362.0,207.0,32452.042077354195,60.66250176,False,8
4960,657.408,-5925.397373741797,9461.990169367677,207.0,32470.138055555504,52.0,False,8
4961,657.413,-5925.0,9464.0,206.89583466666667,32470.421890035086,51.64583786666667,False,8
4962,657.648,-5897.835641575191,9592.087856694367,202.0,32483.60472222217,35.0,False,8
4963,657.673,-5894.0,9606.0,201.3750016,32484.984817107743,35.0,False,8
4964,657.848,-5862.340141530395,9695.648311963463,197.0,32494.54916666661,35.0,False,8
4965,657.913,-5849.0,9728.0,196.67500032,32498.088660571546,35.64999936,False,8
4966,657.973,-5836.0,9758.0,196.37500032,32501.35351455872,36.24999936,False,8
4967,658.048,-5818.056665031845,9794.55228123885,196.0,32505.4380555555,37.0,False,8
4968,658.153,-5790.0,9844.0,196.26249984,32511.165343983503,46.71249408,False,8
4969,658.353,-5729.0,9934.0,196.76249984,32522.10740873781,65.21249408,False,8
4970,658.448,-5696.7162115053325,9974.645038059836,197.0,32527.32694444439,74.0,False,8
4971,658.733,-5588.0,10089.0,199.84999936,32543.111090623173,80.41249856,False,8
4972,658.848,-5539.7400186557925,10132.588832267953,201.0,32549.66027777772,83.0,False,8
4973,658.873,-5529.0,10142.0,201.8960556704039,32551.10352895672,84.52329463968664,False,8
4974,659.127,-5415.596471043898,10237.481875316567,211.0,32566.01277777772,100.0,False,8
4975,659.407,-5280.824580806072,10342.911894213012,211.0,32582.42388888884,100.0,False,8
4976,659.673,-5139.0,10446.0,216.41852112592593,32598.865476714982,100.0,False,8
4977,659.893,-5016.0,10531.0,220.9000026074074,32613.21546447658,100.0,False,8
4978,660.092,-4912.0,10601.0,224.9537024,32626.562977395606,100.0,False,8
4979,660.352,-4703.0,10727.0,230.25000391111112,32643.63819880543,100.0,False,8
4980,660.487,-4653.580344707747,10756.555277838543,233.0,32652.323888888834,100.0,False,8
4981,660.672,-4588.0,10790.0,231.01785508571427,32664.053977829204,100.0,False,8
4982,660.767,-4503.412000288367,10831.411217415221,230.0,32670.21277777773,100.0,False,8
4983,660.912,-4362.0,10900.0,239.9687632,32679.91699034708,100.0,False,8
4984,660.927,-4351.721849549484,10904.939955664968,241.0,32680.92388888884,100.0,False,8
4985,661.207,-4262.797970004527,10945.277528996095,241.0,32699.66833333328,100.0,False,8
4986,661.232,-4252.0,10950.0,241.6224109232245,32701.363565010182,100.0,False,8
4987,661.433,-4127.0,11005.0,246.6265547207531,32715.165196797218,100.0,False,8
4988,661.448,-4117.194066755532,11009.287210416196,247.0,32716.203611111054,100.0,False,8
4989,661.688,-3966.654527792042,11074.51161744166,251.0,32732.93694444439,100.0,False,8
4990,661.733,-3938.0,11087.0,251.5624992,32736.093084013857,100.0,False,8
4991,661.833,-3874.0,11115.0,252.8124992,32743.124641692946,100.0,False,8
4992,661.848,-3864.8327729614984,11118.98951978068,253.0,32744.181388888832,100.0,False,8
4993,662.088,-3735.3731678967533,11174.289141736954,255.0,32761.181388888832,100.0,False,8
4994,662.233,-3629.0,11221.0,257.7187488,32771.57269836795,100.0,False,8
4995,662.248,-3615.5813884315494,11226.98269064822,258.0,32772.6480555555,100.0,False,8
4996,662.408,-3444.8043054475283,11303.97937607153,258.0,32784.11472222218,100.0,False,8
4997,662.553,-3304.0,11368.0,259.3593744,32794.581236668906,100.0,False,8
4998,662.728,-3207.772195065763,11412.135896699532,261.0,32807.314722222174,100.0,False,8
4999,662.973,-3122.0,11454.0,258.7031256,32825.13056547387,23.437519999999992,False,8
5000,663.048,-3080.997182005304,11474.554835479306,258.0,32830.24805555551,0.0,True,8
5001,663.213,-2975.0,11529.0,238.4062576,32840.653922461206,0.0,True,8
5002,663.368,-2876.8136049255113,11582.598369373916,220.0,32849.80361111107,0.0,True,8
5003,663.433,-2841.0,11603.0,215.45000448,32853.58041250477,0.0,True,8
5004,663.568,-2781.829024696221,11638.544208295034,206.0,32861.24805555551,0.0,True,8
5005,663.768,-2690.234686991774,11696.96910958243,193.0,32871.97027777773,0.0,True,8
5006,663.773,-2687.0,11699.0,192.83333546666665,32872.231807602104,0.0,True,8
5007,663.973,-2535.0,11791.0,186.1666688,32882.5187355471,0.0,True,8
5008,664.008,-2511.487640168336,11803.418258435544,185.0,32884.30361111107,0.0,False,8
5009,664.248,-2396.3822089688324,11843.292572776907,182.0,32896.4369444444,0.0,False,8
5010,664.393,-2345.0,11850.0,178.7777792,32903.521538313056,17.7222144,False,8
5011,664.608,-2278.142506042247,11851.742419862483,174.0,32913.836944444396,44.0,False,8
5012,664.833,-2202.0,11843.0,174.56249984,32924.746598479716,63.12499456,False,8
5013,664.973,-2136.0,11827.0,174.91249984,32931.57307016275,75.02499456,False,8
5014,665.008,-2112.2779042346656,11817.274619709304,175.0,32933.281388888834,78.0,False,8
5015,665.173,-1983.0,11752.0,176.64999936,32941.368737668265,96.14999296,False,8
5016,665.208,-1963.4663563319177,11741.29934483183,177.0,32943.11472222216,100.0,False,8
5017,665.553,-1880.0,11678.0,187.37594291774695,32961.118977508464,100.0,False,8
5018,665.607,-1856.129225531497,11659.475861000743,189.0,32964.06222222217,100.0,False,8
5019,665.753,-1772.0,11598.0,195.843756,32972.18581380817,100.0,False,8
5020,665.927,-1659.1286230151504,11526.868861265119,204.0,32982.1955555555,100.0,False,8
5021,666.033,-1577.0,11487.0,209.83000704,32988.47571182743,100.0,False,8
5022,666.127,-1492.3492854026692,11454.45638955392,215.0,32994.13999999994,100.0,False,8
5023,666.213,-1417.0,11429.0,217.58000384,32999.385535871756,100.0,False,8
5024,666.327,-1336.2353217995683,11404.327876918293,221.0,33006.41777777772,100.0,False,8
5025,666.672,-1171.0,11369.0,226.7500032,33028.153594615986,100.0,False,8
5026,666.687,-1163.439566348517,11367.446357637844,227.0,33029.117777777734,100.0,False,8
5027,666.847,-1077.796614410206,11349.471744076865,233.0,33039.473333333284,100.0,False,8
5028,666.972,-1005.0,11335.0,233.0,33047.52257960744,100.0,False,8
5029,667.087,-933.2004183050457,11321.863863081924,233.0,33055.00666666661,100.0,False,8
5030,667.132,-902.0,11316.0,234.46249792,33057.98788153047,100.0,False,8
5031,667.487,-612.4238688379085,11254.800995899597,246.0,33082.33999999994,100.0,False,8
5032,667.492,-609.0,11254.0,246.09722097777777,33082.688656239305,100.0,False,8
5033,667.847,-422.4998369057687,11201.80371073976,253.0,33107.63999999994,100.0,False,8
5034,667.872,-408.0,11197.0,253.0,33109.39907922824,100.0,False,8
5035,668.007,-320.3828995991886,11166.82969553248,253.0,33118.88444444438,100.0,False,8
5036,668.093,-262.0,11145.0,253.0,33124.90570837166,100.0,False,8
5037,668.168,-212.0549481647494,11124.81805998929,253.0,33130.199166666614,100.0,False,8
5038,668.313,-118.0,11083.0,257.6607122285714,33140.67755447475,100.0,False,8
5039,668.448,-32.62600959956189,11040.511824982452,262.0,33150.57694444439,100.0,False,8
5040,668.493,-3.0,11024.0,262.4218744,33153.87828258623,100.0,False,8
5041,668.768,194.98776215942974,10889.666087518694,265.0,33174.13249999995,100.0,False,8
5042,668.793,213.0,10875.0,265.49999872,33175.99060181674,100.0,False,8
5043,668.968,335.8297326711669,10761.812721303475,269.0,33189.07694444439,100.0,False,8
5044,669.133,438.0,10653.0,270.64999936,33201.494462579605,100.0,False,8
5045,669.168,456.9767266315037,10631.400917977939,271.0,33204.13249999995,100.0,False,8
5046,669.328,531.7117601429499,10539.269943769417,272.0,33216.22138888884,100.0,False,8
5047,669.533,606.0,10437.0,275.4166656,33231.93118737175,100.0,False,8
5048,669.568,616.9911708895131,10421.30275499906,276.0,33234.62138888883,100.0,False,8
5049,669.873,705.0,10282.0,276.9531248,33258.08409035107,100.0,False,8
5050,669.888,710.1326255749462,10272.876588876938,277.0,33259.24361111106,100.0,False,8
5051,670.073,778.0,10146.0,279.3124992,33273.60929234899,100.0,False,8
5052,670.128,796.2364075741614,10109.869894824762,280.0,33277.91027777773,100.0,False,8
5053,670.313,856.0,9975.0,283.0833322666667,33292.486768514005,100.0,False,8
5054,670.368,877.7662137333836,9917.543913017736,284.0,33296.843611111064,100.0,False,8
5055,670.553,952.0,9706.0,285.98214217142856,33311.56067228793,100.0,False,8
5056,670.648,974.3870770195074,9638.5373725174,287.0,33319.165833333274,100.0,False,8
5057,670.848,994.5583119149904,9561.789861349742,290.0,33335.276944444384,100.0,False,8
5058,670.913,1004.0,9521.0,290.2708330666667,33340.51925096041,100.0,False,8
5059,671.088,1042.034242743369,9354.456756033725,291.0,33354.67694444438,100.0,False,8
5060,671.253,1079.0,9188.0,294.29999872,33368.18520089715,100.0,False,8
5061,671.288,1085.1215919385963,9159.340744611818,295.0,33371.06583333327,100.0,False,8
5062,671.633,1125.0,8945.0,298.8333326222222,33399.70863437328,100.0,False,8
5063,671.648,1126.824122241343,8934.007907640844,299.0,33400.96583333328,100.0,False,8
5064,671.853,1152.0,8764.0,302.203124,33418.24929803048,100.0,False,8
5065,671.968,1160.5310504750455,8667.205000729911,304.0,33427.988055555485,100.0,False,8
5066,671.993,1162.0,8647.0,304.0781248,33430.10664954876,100.0,False,8
5067,672.213,1169.0,8462.0,304.7656248,33448.75988117115,100.0,False,8
5068,672.288,1166.7646997009754,8369.122615766657,305.0,33455.09916666661,100.0,False,8
5069,672.447,1157.2990441543961,8162.650014814888,304.0,33468.525833333275,100.0,False,8
5070,672.453,1157.0,8157.0,304.12500266666666,33469.03584898371,100.0,False,8
5071,672.687,1148.5555901411701,8045.389423397539,309.0,33489.125833333266,100.0,False,8
5072,672.753,1145.0,8004.0,309.18333368888887,33494.80534087101,100.0,False,8
5073,673.047,1117.2429476519678,7665.2734320315485,310.0,33520.125833333266,100.0,False,8
5074,673.093,1112.0,7617.0,310.46000128,33524.10496737836,100.0,False,8
5075,673.247,1092.7346671901148,7485.981416106125,312.0,33537.459166666595,100.0,False,8
5076,673.252,1092.0,7482.0,312.0178569142857,33537.89323255471,100.0,False,8
5077,673.452,1052.0,7316.0,312.7321426285714,33555.27676161488,100.0,False,8
5078,673.527,1027.583446814325,7240.254885318299,313.0,33561.803611111056,100.0,False,8
5079,673.752,940.0,7000.0,313.7031256,33581.40958341403,100.0,False,8
5080,673.847,913.0324715411672,6925.787470815528,314.0,33589.714722222154,100.0,False,8
5081,674.087,864.0105566603442,6784.774625267858,316.0,33610.78138888882,100.0,False,8
5082,674.132,853.0,6752.0,316.22499968,33614.73862698619,100.0,False,8
5083,674.287,810.3235213228509,6623.056511507119,317.0,33628.39249999994,100.0,False,8
5084,674.292,809.0,6619.0,317.0340131552596,33628.834039846464,100.0,False,8
5085,674.533,743.0,6416.0,318.673469529918,33650.20553235446,100.0,False,8
5086,674.728,653.910792125652,6155.533764084431,320.0,33667.592499999926,100.0,False,8
5087,674.753,645.0,6130.0,320.1041664,33669.82599710532,100.0,False,8
5088,675.033,593.0,5998.0,321.2708330666667,33694.9096284995,100.0,False,8
5089,675.353,474.0,5737.0,322.6041664,33723.662320347474,100.0,False,8
5090,675.448,438.5855410241374,5659.267982672209,323.0,33732.19249999993,100.0,False,8
5091,675.513,416.0,5607.0,323.0,33738.02717421063,100.0,False,8
5092,675.793,336.0,5374.0,323.0,33763.14791674241,100.0,False,8
5093,675.848,323.78898775972283,5325.539980010905,323.0,33768.08138888882,100.0,False,8
5094,675.993,297.0,5198.0,323.0,33781.09005329198,100.0,False,8
5095,676.008,294.6452335721453,5185.522549524574,323.0,33782.43694444439,100.0,False,8
5096,676.193,272.0,5020.0,323.46249984,33799.07358359844,100.0,False,8
5097,676.408,260.4551628008588,4707.873766968813,324.0,33818.43694444439,100.0,False,8
5098,676.433,260.0,4678.0,324.0,33820.6881691615,100.0,False,8
5099,676.728,266.8741790196174,4509.060244533285,324.0,33847.236944444376,100.0,False,8
5100,676.833,273.0,4444.0,323.7083335111111,33856.66971677802,100.0,False,8
5101,676.953,282.0,4336.0,323.3750001777778,33867.43764722679,100.0,False,8
5102,677.088,296.93508566310044,4192.382672593522,323.0,33879.53694444438,100.0,False,8
5103,677.273,322.0,3998.0,322.2291669333333,33896.091116630385,100.0,False,8
5104,677.328,329.25434902381227,3950.696752855437,322.0,33901.00361111105,100.0,False,8
5105,677.528,355.86514849253666,3812.936245111232,321.0,33918.83694444438,100.0,False,8
5106,677.633,374.0,3736.0,321.0,33928.20243481525,100.0,False,8
5107,677.688,385.0899680532594,3691.5308860908726,321.0,33933.103611111044,100.0,False,8
5108,677.848,423.30769450491385,3551.5608545367645,320.0,33947.32583333326,100.0,False,8
5109,677.873,430.0,3530.0,319.8437504,33949.54302782149,100.0,False,8
5110,677.913,441.0,3496.0,319.5937504,33953.08768045691,100.0,False,8
5111,678.008,466.03837110908665,3419.9184061210135,319.0,33961.50361111105,100.0,False,8
5112,678.113,499.0,3329.0,319.0,33970.8196084067,100.0,False,8
5113,678.288,585.400973821634,3123.558874170329,319.0,33986.31472222216,100.0,False,8
5114,678.448,665.8160350729769,2944.1507063586832,316.0,34000.3591666666,100.0,False,8
5115,678.473,675.0,2924.0,315.9107145142857,34002.55043783403,100.0,False,8
5116,678.728,728.4839238708322,2814.759803989038,315.0,34024.8591666666,100.0,False,8
5117,678.793,746.0,2782.0,314.45682475685334,34030.51410973686,100.0,False,8
5118,679.033,846.0,2599.0,312.45125265359474,34051.297000925624,100.0,False,8
5119,679.087,870.1586316461306,2557.7571908920645,312.0,34055.97249999993,100.0,False,8
5120,679.193,918.0,2480.0,312.0,34065.15643322676,100.0,False,8
5121,679.367,1001.5523671726258,2354.4454532189097,312.0,34080.23916666659,100.0,False,8
5122,679.433,1035.0,2308.0,312.0,34085.95788440593,100.0,False,8
5123,679.567,1105.906840423927,2216.233467639763,312.0,34097.57249999994,100.0,False,8
5124,679.633,1142.0,2172.0,312.0,34103.30143865873,100.0,False,8
5125,679.872,1279.0,2015.0,312.0,34124.01563175605,100.0,False,8
5126,679.887,1288.0688686245517,2005.137182584425,312.0,34125.30583333326,100.0,False,8
5127,680.087,1414.960589951954,1872.7061343163205,308.0,34142.41694444438,100.0,False,8
5128,680.247,1524.3316735218652,1765.6219794103283,308.0,34156.10583333326,100.0,False,8
5129,680.447,1659.8701418136486,1638.0874423125686,304.0,34172.99472222215,100.0,False,8
5130,680.572,1741.0,1564.0,302.26388977777776,34183.46041153684,100.0,False,8
5131,680.752,1854.0,1464.0,299.7638862222222,34198.38794183316,100.0,False,8
5132,680.807,1888.6949414259107,1434.0580296233518,299.0,34202.89472222216,100.0,False,8
5133,680.992,2006.0,1335.0,292.83332693333335,34217.8722870631,100.0,False,8
5134,681.047,2040.5030823209906,1306.3116557724234,291.0,34222.294722222156,100.0,True,8
5135,681.288,2188.03900916957,1186.3455363150154,284.0,34241.30694444438,0.0,True,8
5136,681.293,2191.0,1184.0,283.4687568,34241.68228202533,0.0,True,8
5137,681.493,2306.0,1095.0,262.2187568,34255.8882405379,0.0,True,8
5138,681.608,2369.5885686035444,1047.2855814680752,250.0,34263.5291666666,0.0,True,8
5139,681.753,2448.0,991.0,239.5277824,34272.7441733929,0.0,True,8
5140,681.953,2554.0,922.0,225.08333795555555,34285.00827641238,0.0,True,8
5141,681.968,2561.7365935329594,917.3160347758109,224.0,34285.929166666596,0.0,True,8
5142,682.093,2626.0,881.0,221.91666773333333,34293.61475752827,0.0,True,8
5143,682.208,2688.9105156655924,851.4408025291754,220.0,34300.59583333327,0.0,True,8
5144,682.413,2803.0,812.0,212.9531272,34312.598420720155,0.0,True,8
5145,682.528,2860.8925995684995,800.8574835213526,209.0,34319.17361111105,0.0,False,8
5146,682.653,2925.0,796.0,205.25000192,34326.2417746828,0.0,False,8
5147,682.728,2967.5547402065204,795.7103057871205,203.0,34330.45138888882,0.0,False,8
5148,682.853,3042.0,799.0,201.4375008,34337.42456094113,0.0,False,8
5149,682.968,3109.0963928152482,805.2160898789015,200.0,34343.78472222216,0.0,False,8
5150,683.053,3158.0,811.0,198.72500096,34348.447246109296,17.84998656,False,8
5151,683.168,3223.5332224407875,819.6383638143448,197.0,34354.7291666666,42.0,False,8
5152,683.313,3305.0,831.0,197.0,34362.66116912881,50.803567542857145,False,8
5153,683.448,3379.5265164661173,840.9949500080788,197.0,34370.05138888882,59.0,False,8
5154,683.633,3480.0,853.0,197.0,34380.17630089323,54.3750016,False,8
5155,683.688,3509.6205779172933,855.9744802760258,197.0,34383.184722222155,53.0,False,8
5156,683.848,3596.2364666110648,863.7491294305212,196.0,34391.895833333256,53.0,False,8
5157,683.853,3599.0,864.0,195.8906264,34392.164526118955,52.7812528,False,8
5158,683.913,3632.0,867.0,194.5781264,34395.367097103604,50.1562528,False,8
5159,684.168,3751.081226618703,873.3428786176808,189.0,34408.69583333326,39.0,False,8
5160,684.253,3812.0,870.0,189.0,34413.1456819797,42.541664,False,8
5161,684.408,3959.2388706820634,856.1765948706181,189.0,34421.295833333264,49.0,False,8
5162,684.433,3979.0,854.0,189.06944426666666,34422.61497395423,47.81944746666667,False,8
5163,684.768,4082.711366357759,829.722642392321,190.0,34440.295833333264,32.0,False,8
5164,684.813,4098.0,823.0,189.25000106666667,34442.63721891621,33.6874976,False,8
5165,684.993,4182.0,786.0,186.25000106666667,34451.92341162643,40.4374976,False,8
5166,685.008,4188.522270520804,782.8518513827191,186.0,34452.69583333326,41.0,False,8
5167,685.173,4251.0,748.0,186.5156248,34461.19038233817,60.0781176,False,8
5168,685.328,4310.976174770056,706.475001666126,187.0,34469.318055555486,78.0,False,8
5169,685.333,4313.0,705.0,187.1065788215599,34469.58492264038,78.10194495975296,False,8
5170,685.573,4415.0,627.0,192.2224277393013,34482.73924534458,82.99536566367952,False,8
5171,685.953,4572.0,495.0,200.32252185905858,34504.91127406221,90.74328177822994,False,8
5172,686.113,4638.0,438.0,203.7330878042195,34514.50646925358,94.00556224751432,False,8
5173,686.273,4706.0,379.0,207.14365374938046,34524.14849672858,97.2678427167987,False,8
5174,686.407,4766.308311127076,327.41477992912064,210.0,34532.25972222215,100.0,False,8
5175,686.452,4787.0,310.0,211.5468728,34534.99100779317,100.0,False,8
5176,686.672,4890.0,225.0,219.1093816,34548.45823777771,100.0,False,8
5177,686.727,4916.154431621284,203.2825413822009,221.0,34551.9041666666,100.0,False,8
5178,686.972,5035.0,105.0,229.4218728,34567.67124657564,100.0,False,8
5179,686.992,5045.0,97.0,230.1093816,34568.967463149704,100.0,False,8
5180,687.047,5075.200452574385,72.4441571066517,232.0,34572.52638888883,100.0,False,8
5181,687.287,5237.502163207179,-64.77383427396491,233.0,34588.059722222155,100.0,False,8
5182,687.352,5273.0,-95.0,234.85714834285713,34592.35001148256,100.0,False,8
5183,687.567,5348.87977855898,-159.5003695325655,241.0,34606.804166666596,100.0,False,8
5184,687.693,5395.0,-199.0,243.24199362824635,34615.3687825954,100.0,False,8
5185,687.848,5473.951811602823,-266.96822310067085,246.0,34626.005833333256,100.0,False,8
5186,687.913,5508.0,-296.0,247.29999872,34630.50695873673,100.0,False,8
5187,688.048,5573.695596270408,-351.1077259733008,250.0,34639.89472222215,100.0,False,8
5188,688.133,5617.0,-388.0,250.0,34645.79174659691,100.0,False,8
5189,688.328,5729.737994876401,-487.8259984616386,250.0,34659.3391666666,100.0,False,8
5190,688.393,5763.0,-518.0,250.9027768888889,34663.89469811748,100.0,False,8
5191,688.653,5865.0,-615.0,254.513888,34682.33146550156,100.0,False,8
5192,688.688,5880.062479522374,-630.0777665621678,255.0,34684.8391666666,100.0,False,8
5193,688.928,6000.109254801253,-754.9402115868328,260.0,34702.17249999993,100.0,False,8
5194,689.013,6042.0,-802.0,260.6071424,34708.33853218422,100.0,False,8
5195,689.153,6107.0,-880.0,261.6071424,34718.52603006811,100.0,False,8
5196,689.208,6132.15446668542,-911.4465993713445,262.0,34722.5502777777,100.0,False,8
5197,689.313,6179.0,-972.0,263.1666659555556,34730.2703522848,100.0,False,8
5198,689.513,6263.0,-1091.0,265.3888881777778,34745.0757915194,100.0,False,8
5199,689.568,6289.0909231807545,-1131.293048436747,266.0,34749.150277777706,100.0,False,8
5200,689.813,6410.0,-1330.0,266.8749997714286,34767.31288657349,100.0,False,8
5201,689.848,6423.540612365067,-1353.2807878236792,267.0,34769.91694444437,100.0,False,8
5202,690.128,6498.0412999629025,-1493.2070590420672,269.0,34790.8391666666,100.0,False,8
5203,690.213,6521.0,-1541.0,269.0,34797.194430025396,100.0,False,8
5204,690.408,6581.474914650885,-1672.5351377281836,269.0,34811.761388888815,100.0,False,8
5205,690.413,6583.0,-1676.0,269.0,34812.1345568605,100.0,False,8
5206,690.608,6639.081668757689,-1810.4372357363259,269.0,34826.70583333325,100.0,False,8
5207,690.633,6646.0,-1828.0,269.3124992,34828.585596617966,100.0,False,8
5208,690.813,6694.0,-1955.0,271.5624992,34842.19444680527,100.0,False,8
5209,690.848,6702.577999241153,-1978.13030508467,272.0,34844.839166666585,100.0,False,8
5210,691.013,6746.0,-2097.0,271.4107145142857,34857.271462039906,100.0,False,8
5211,691.128,6792.435806933255,-2226.60472478563,271.0,34865.91694444437,100.0,False,8
5212,691.213,6827.0,-2324.0,270.7343752,34872.302963994574,100.0,False,8
5213,691.448,6891.428601005489,-2510.652458916839,270.0,34889.91694444437,100.0,False,8
5214,691.648,6927.151931891071,-2617.4783005312383,268.0,34904.80583333326,100.0,False,8
5215,691.653,6928.0,-2620.0,267.95000064,34905.17641928625,100.0,False,8
5216,691.848,6959.367557255854,-2712.69998416368,266.0,34919.583611111026,100.0,False,8
5217,692.008,6987.858466209686,-2800.538852671186,266.0,34931.40583333325,100.0,False,8
5218,692.033,6993.0,-2817.0,265.8958336,34933.25053764036,100.0,False,8
5219,692.093,7006.0,-2859.0,265.6458336,34937.67368200238,100.0,False,8
5220,692.248,7041.095574642271,-2969.1589701181206,265.0,34949.07249999992,100.0,False,8
5221,692.408,7076.9278103891465,-3079.664993762227,264.0,34960.805833333245,100.0,False,8
5222,692.413,7078.0,-3083.0,264.0,34961.17272615859,100.0,False,8
5223,692.567,7111.2906569125635,-3187.119273773972,264.0,34972.46583333325,100.0,False,8
5224,692.593,7118.0,-3208.0,263.7562488,34974.3618399009,100.0,False,8
5225,692.887,7210.543047451871,-3493.503181203596,261.0,34995.665833333245,100.0,False,8
5226,692.893,7212.0,-3498.0,261.0,34996.103447916816,100.0,False,8
5227,693.167,7251.585025297607,-3620.5033215022186,261.0,35015.96583333325,100.0,False,8
5228,693.232,7261.0,-3649.0,256.58927268571426,35020.43714996977,76.7856457142857,False,8
5229,693.447,7306.5448739766925,-3789.2419039313218,242.0,35034.78805555546,0.0,True,8
5230,693.452,7308.0,-3794.0,242.0,35035.1267306043,0.0,True,8
5231,693.607,7358.60027504935,-3964.9573207586404,242.0,35045.54361111102,0.0,True,8
5232,693.632,7365.0,-3987.0,237.4687152,35047.111585986524,0.0,True,8
5233,693.767,7383.975914361916,-4054.19047137046,213.0,35055.01027777769,0.0,True,8
5234,693.952,7391.0,-4088.0,198.35415146666668,35065.10894686665,0.0,True,8
5235,694.007,7395.627769184672,-4108.978654693086,194.0,35067.94361111101,0.0,True,8
5236,694.232,7421.0,-4226.0,174.71426925714286,35078.70258113404,0.0,True,8
5237,694.287,7425.8428608342065,-4251.468178916751,170.0,35081.165833333245,0.0,True,8
5238,694.473,7440.0,-4333.0,153.34328803029203,35089.05112293632,0.0,True,8
5239,694.488,7441.393434452431,-4340.5236797837215,152.0,35089.65249999991,0.0,True,8
5240,694.648,7458.8569630346565,-4430.093490930003,138.0,35095.78583333324,0.0,True,8
5241,694.693,7464.0,-4456.0,136.65000192,35097.46780187852,0.0,True,8
5242,694.848,7481.485321550794,-4543.843028152143,132.0,35103.11916666657,0.0,True,8
5243,695.013,7496.0,-4628.0,124.92857417142856,35108.720519597206,0.0,True,8
5244,695.128,7501.21681897679,-4676.429776859418,120.0,35112.45249999991,0.0,True,8
5245,695.328,7502.469789884228,-4742.788752518713,113.0,35118.73027777768,0.0,True,8
5246,695.393,7502.0,-4761.0,111.81818298181818,35120.70036885125,0.0,True,8
5247,695.613,7497.0,-4815.0,107.81818298181818,35127.1179364743,0.0,True,8
5248,695.768,7487.280369519529,-4857.286160298604,105.0,35131.56361111102,0.0,False,8
5249,695.853,7480.0,-4880.0,104.3928576,35133.99987446006,0.0,False,8
5250,696.033,7460.0,-4923.0,103.10714331428571,35139.14733321183,0.0,False,8
5251,696.048,7457.8934939034125,-4926.356992862435,103.0,35139.574722222125,0.0,False,8
5252,696.208,7430.918854528118,-4960.1985738393505,102.0,35144.108055555465,17.0,False,8
5253,696.293,7415.0,-4976.0,101.57500032,35146.47912626316,23.16249536,False,8
5254,696.533,7360.0,-5014.0,100.37500032,35153.097313291044,40.56249536,False,8
5255,696.608,7331.694053465392,-5027.015937463037,100.0,35155.219166666575,46.0,False,8
5256,696.793,7253.0,-5058.0,104.6249984,35160.616755104464,52.16666453333333,False,8
5257,696.848,7235.682244717631,-5064.456781073253,106.0,35162.28583333324,54.0,False,8
5258,697.128,7183.655525058346,-5081.033941948246,114.0,35171.15249999991,59.0,False,8
5259,697.213,7163.0,-5087.0,114.0,35173.81091058538,63.7812464,False,8
5260,697.288,7140.338999045042,-5093.586161976779,114.0,35176.219166666575,68.0,False,8
5261,697.413,7098.0,-5106.0,120.6406216,35180.5390608904,71.1249984,False,8
5262,697.593,7037.0,-5124.0,130.2031216,35187.28529967902,75.6249984,False,8
5263,697.608,7030.824512183065,-5125.767219972351,131.0,35187.86361111101,76.0,False,8
5264,697.833,6926.0,-5155.0,141.4464256,35196.81157877733,83.2321408,False,8
5265,697.888,6906.211398345349,-5160.511872578779,144.0,35199.06361111102,85.0,False,8
5266,698.048,6867.134578269055,-5171.487010779907,150.0,35205.73027777768,85.0,False,8
5267,698.213,6798.0,-5190.0,152.74999893333333,35212.722474572976,95.312496,False,8
5268,698.288,6746.1515031824,-5203.640373594671,154.0,35215.996944444356,100.0,False,8
5269,698.413,6653.0,-5228.0,159.35714011428573,35221.6396965624,100.0,False,8
5270,698.568,6580.440662651399,-5246.799580254661,166.0,35228.90805555547,100.0,False,8
5271,698.893,6497.0,-5266.0,174.93749824,35244.83963899096,100.0,False,8
5272,698.968,6463.483669166895,-5273.238593186815,177.0,35248.574722222125,100.0,False,8
5273,699.073,6411.0,-5285.0,178.75732251634278,35253.816438702284,100.0,False,8
5274,699.173,6362.0,-5297.0,180.43096402822215,35258.854930026355,100.0,False,8
5275,699.207,6345.313404037825,-5301.01864020512,181.0,35260.59111111102,100.0,False,8
5276,699.353,6273.0,-5318.0,185.25833706666666,35268.1787816727,100.0,False,8
5277,699.447,6225.748292602458,-5329.443886360011,188.0,35273.12444444436,100.0,False,8
5278,699.553,6172.0,-5343.0,189.59000192,35278.72202053871,100.0,False,8
5279,699.647,6124.128373715092,-5355.66534394862,191.0,35283.73555555547,100.0,False,8
5280,699.772,6060.0,-5373.0,193.18749888,35290.515822083384,100.0,False,8
5281,699.952,5966.0,-5398.0,196.33750336,35300.4647375926,100.0,False,8
5282,700.047,5914.957647228545,-5411.615202637113,198.0,35305.73555555547,100.0,False,8
5283,700.152,5859.0,-5426.0,199.05000192,35311.5682160986,100.0,False,8
5284,700.247,5810.504819322785,-5437.341952695586,200.0,35316.84666666658,100.0,False,8
5285,700.432,5708.0,-5462.0,199.33928502857142,35327.110471786,100.0,False,8
5286,700.527,5640.237323040128,-5481.625811771211,199.0,35332.32444444437,100.0,True,8
5287,700.752,5471.0,-5532.0,195.2499968,35344.439746428834,37.49994666666667,True,8
5288,700.887,5401.970946963093,-5546.886470853428,193.0,35351.62444444436,0.0,True,8
5289,701.013,5340.0,-5554.0,191.11940287101817,35358.304930500526,0.0,True,8
5290,701.088,5294.867385179648,-5557.129885483281,190.0,35362.232777777695,0.0,False,8
5291,701.353,5117.0,-5558.0,184.03750144,35375.67870226597,0.0,False,8
5292,701.488,5049.641205795442,-5548.353406774311,181.0,35382.34388888882,0.0,False,8
5293,701.733,4959.0,-5517.0,176.71250112,35394.21210342547,27.562492799999998,False,8
5294,701.888,4905.769577743006,-5492.469344922283,174.0,35401.67722222215,45.0,False,8
5295,702.073,4840.0,-5454.0,174.0,35410.618643895476,51.9374976,False,8
5296,702.128,4818.632741525766,-5439.49179793428,174.0,35413.277222222154,54.0,False,8
5297,702.273,4761.0,-5396.0,174.0,35420.28427860221,55.8124992,False,8
5298,702.288,4755.29999833326,-5391.275243107999,174.0,35421.01055555548,56.0,False,8
5299,702.453,4696.0,-5337.0,174.68749973333334,35429.02498269385,56.0,False,8
5300,702.528,4670.395648096894,-5311.053462021208,175.0,35432.67722222215,56.0,False,8
5301,702.673,4623.0,-5259.0,175.9062496,35439.7606614988,76.8437408,False,8
5302,702.688,4618.257526492892,-5253.5089046493495,176.0,35440.49944444436,79.0,False,8
5303,702.853,4567.0,-5190.0,178.47499904,35448.725319869875,87.66249664,False,8
5304,703.088,4488.83013433202,-5076.049222447126,182.0,35460.72166666658,100.0,False,8
5305,703.328,4403.319555720401,-4932.998825397204,188.0,35473.25499999992,100.0,False,8
5306,703.633,4319.0,-4782.0,192.2361102222222,35489.56147542296,100.0,False,8
5307,703.688,4307.643408736397,-4760.463781847216,193.0,35492.55499999992,100.0,False,8
5308,703.928,4270.3132530375615,-4684.253457531815,199.0,35505.82166666658,100.0,False,8
5309,704.093,4241.0,-4623.0,201.578124,35515.13380872835,100.0,False,8
5310,704.248,4205.106833824708,-4549.317633665575,204.0,35523.95499999993,100.0,False,8
5311,704.353,4177.0,-4491.0,203.56250026666666,35529.93559758883,66.75002026666667,False,8
5312,704.488,4137.519965282921,-4407.4553492024825,203.0,35537.488333333255,24.0,True,8
5313,704.553,4120.0,-4370.0,199.7500032,35540.999620795905,18.428576914285713,True,8
5314,704.768,4076.59299017796,-4275.76092540129,189.0,35552.18833333325,0.0,True,8
5315,704.893,4055.0,-4228.0,184.62500224,35558.59157757349,0.0,True,8
5316,704.968,4041.7115253781667,-4198.426571092337,182.0,35562.29944444436,0.0,True,8
5317,705.093,4015.0,-4142.0,173.66667093333334,35568.133264051736,0.0,True,8
5318,705.328,3940.8036692285214,-4003.4603724508984,158.0,35578.099444444364,0.0,True,8
5319,705.353,3935.0,-3993.0,156.5416704,35579.10200693556,0.0,True,8
5320,705.653,3902.0,-3940.0,139.0416704,35590.48885633376,0.0,True,8
5321,705.688,3896.174492056312,-3931.3501477647096,137.0,35591.79944444436,0.0,True,8
5322,705.853,3861.0,-3878.0,134.41379254999427,35598.00068835127,0.0,True,8
5323,706.007,3830.837708621233,-3830.40345552544,132.0,35603.49611111103,0.0,True,8
5324,706.033,3825.0,-3822.0,130.56999296,35604.366927778145,0.0,True,8
5325,706.352,3737.0,-3715.0,113.02498944,35614.05096454326,0.0,True,8
5326,706.407,3725.195057970259,-3702.1640514665464,110.0,35615.71833333325,0.0,True,8
5327,706.647,3692.6693784968693,-3672.8945177413348,110.0,35623.05166666659,0.0,True,8
5328,706.852,3659.0,-3656.0,99.01786057142857,35628.50316158346,0.0,True,8
5329,706.892,3650.0,-3652.0,96.87500342857143,35629.53376337582,0.0,True,8
5330,706.927,3641.9541138789687,-3648.6554958549996,95.0,35630.440555555484,0.0,True,8
5331,707.087,3604.0762653156567,-3636.3227988080416,94.0,35634.61833333326,0.0,False,8
5332,707.112,3598.0,-3635.0,93.79166506666667,35635.264575232984,0.0,False,8
5333,707.327,3543.3558718263444,-3630.940194336893,92.0,35640.75166666659,0.0,False,8
5334,707.332,3542.0,-3631.0,92.0,35640.879782913995,0.0,False,8
5335,707.633,3459.0,-3645.0,92.0,35648.58436255813,0.0,False,8
5336,707.648,3455.562786203859,-3645.969062808904,92.0,35648.954999999914,0.0,False,8
5337,707.808,3424.577227907099,-3657.3324120414163,87.0,35652.82166666658,17.0,False,8
5338,707.893,3409.0,-3665.0,87.0,35654.869453436084,19.8333312,False,8
5339,708.048,3378.764319446895,-3682.7805632258555,87.0,35658.621666666586,25.0,False,8
5340,708.208,3344.6502903245687,-3707.4266902164713,88.0,35662.5327777777,40.0,False,8
5341,708.233,3339.0,-3712.0,88.35714194285714,35663.15228829085,40.17857097142857,False,8
5342,708.453,3287.0,-3760.0,91.49999908571428,35668.755827108034,41.74999954285714,False,8
5343,708.488,3278.9530829866226,-3768.6371688990066,92.0,35669.688333333266,42.0,False,8
5344,708.728,3227.6629397926836,-3833.3080394744925,100.0,35676.35499999992,51.0,False,8
5345,708.893,3203.0,-3868.0,101.76785645714286,35680.98273071155,56.89285485714286,False,8
5346,709.008,3192.7952258541654,-3883.1652847403006,103.0,35684.36611111104,61.0,False,8
5347,709.153,3180.0,-3904.0,110.8541632,35688.9572716791,66.4374976,False,8
5348,709.248,3165.697383121103,-3927.710264588119,116.0,35692.09944444438,70.0,False,8
5349,709.393,3140.0,-3971.0,120.8333312,35697.031562862714,74.8333312,False,8
5350,709.488,3125.3681031456563,-3996.452944567922,124.0,35700.36611111104,78.0,False,8
5351,709.573,3111.0,-4021.0,126.1249984,35703.4256843576,77.2272733090909,False,8
5352,709.873,3040.0,-4132.0,133.6249984,35714.734018509116,74.50000058181818,False,8
5353,709.928,3028.085570671246,-4148.488515603351,135.0,35716.86611111104,74.0,False,8
5354,710.213,2970.0,-4214.0,142.1249984,35728.16293762793,68.6562512,False,8
5355,710.248,2961.1704572404224,-4222.616407630486,143.0,35729.57722222216,68.0,False,8
5356,710.453,2898.0,-4278.0,145.27777706666666,35737.97187253437,29.27778986666667,False,8
5357,710.608,2833.534551372918,-4323.358720772318,147.0,35744.277222222154,0.0,False,8
5358,710.753,2777.0,-4359.0,143.3750016,35750.04235624205,0.0,False,8
5359,710.768,2772.2531848781764,-4361.833721920349,143.0,35750.63277777772,0.0,False,8
5360,710.993,2714.0,-4392.0,140.5000007111111,35759.370340736685,0.0,False,8
5361,711.128,2667.1332329074653,-4412.6573454917525,139.0,35764.53277777771,0.0,False,8
5362,711.213,2636.0,-4425.0,138.52777813333333,35767.75969233917,13.694434133333333,False,8
5363,711.488,2536.201131593911,-4451.664485703064,137.0,35778.23277777771,58.0,False,8
5364,711.493,2534.0,-4452.0,137.09090792727272,35778.42744294461,58.0,False,8
5365,711.733,2418.0,-4462.0,141.4545442909091,35787.982136075385,58.0,False,8
5366,711.928,2356.1004617314147,-4459.301904148138,145.0,35795.95499999993,58.0,False,8
5367,712.033,2322.0,-4454.0,147.09999872,35800.29754224977,63.77499648,False,8
5368,712.128,2284.07073372905,-4447.014902405901,149.0,35804.23277777771,69.0,False,8
5369,712.253,2231.0,-4436.0,149.0,35809.397289248285,51.0312592,False,8
5370,712.288,2217.2935502985215,-4432.885474994094,149.0,35810.85499999994,46.0,False,8
5371,712.528,2121.769514889788,-4404.328120658351,154.0,35821.1216666666,80.0,False,8
5372,712.553,2108.0,-4399.0,155.04602326709818,35822.22962441156,80.31380698012946,False,8
5373,712.753,1982.0,-4345.0,163.41423082649504,35831.357205765235,82.82426924794852,False,8
5374,712.767,1975.29095093673,-4341.890440438237,164.0,35832.00944444438,83.0,False,8
5375,712.967,1921.8703841132665,-4312.2488971243165,171.0,35841.50944444438,85.0,False,8
5376,713.052,1899.0,-4296.0,174.7187472,35845.67207515228,92.968744,False,8
5377,713.127,1872.0939088741623,-4276.551932910309,178.0,35849.420555555495,100.0,False,8
5378,713.292,1802.0,-4224.0,182.6406232,35857.94672825844,100.0,False,8
5379,713.447,1742.9075641898714,-4174.606968853228,187.0,35866.04277777772,100.0,False,8
5380,713.492,1722.0,-4156.0,187.0,35868.36389849392,100.0,False,8
5381,713.607,1655.2846741900983,-4094.9827155525236,187.0,35874.35388888883,100.0,False,8
5382,713.792,1542.0,-3989.0,197.9843864,35884.78771435315,100.0,False,8
5383,713.927,1492.2804539123076,-3941.705692919935,206.0,35892.66499999995,100.0,False,8
5384,714.168,1438.6603312359061,-3889.1050478221027,210.0,35906.723333333284,100.0,False,8
5385,714.213,1423.0,-3874.0,211.34999808,35909.38814094321,100.0,False,8
5386,714.333,1371.0,-3824.0,214.94999808,35916.588160287196,100.0,False,8
5387,714.368,1353.6411928964806,-3807.1644848884116,216.0,35918.723333333284,100.0,False,8
5388,714.568,1242.9243551061422,-3698.4751653769813,225.0,35931.22333333327,100.0,False,8
5389,714.633,1211.0,-3667.0,227.4374976,35935.367643162215,100.0,False,8
5390,714.728,1170.9786415217527,-3627.502847925595,231.0,35941.48999999993,100.0,False,8
5391,714.973,1081.0,-3539.0,236.3593736,35957.629710259454,100.0,False,8
5392,715.048,1046.097426755059,-3504.994727148242,238.0,35962.6455555555,100.0,False,8
5393,715.133,1005.0,-3465.0,240.1249984,35968.364569760175,100.0,False,8
5394,715.248,953.2600365244726,-3414.5262955196968,243.0,35976.1455555555,100.0,False,8
5395,715.433,859.0,-3322.0,244.84999936,35988.72217012166,100.0,False,8
5396,715.633,719.0,-3184.0,246.84999936,36002.53754538417,100.0,False,8
5397,715.648,710.4504655692181,-3175.619692103487,247.0,36003.58999999994,100.0,False,8
5398,715.808,647.2339876515555,-3114.4145403556895,255.0,36014.92333333327,100.0,False,8
5399,715.953,596.0,-3065.0,256.03571382857143,36025.20932214141,100.0,False,8
5400,716.088,528.7793916227773,-2999.274559687506,257.0,36034.91222222216,100.0,False,8
5401,716.133,503.0,-2974.0,258.37499804444445,36038.201675607284,100.0,False,8
5402,716.448,294.25837710455727,-2769.1925306518774,268.0,36061.712222222166,100.0,False,8
5403,716.453,291.0,-2766.0,268.0,36062.0846496849,100.0,False,8
5404,716.608,194.18646404038736,-2671.263872149546,268.0,36073.623333333264,100.0,False,8
5405,716.853,64.0,-2544.0,273.2499986285714,36092.2474171963,100.0,False,8
5406,716.888,48.54768989958823,-2528.8596819911963,274.0,36094.934444444385,100.0,False,8
5407,717.128,-38.16233343964741,-2443.5950695910087,278.0,36113.467777777725,100.0,False,8
5408,717.288,-117.9226927988941,-2364.872488485027,280.0,36125.91222222216,100.0,False,8
5409,717.313,-134.0,-2349.0,280.4687488,36127.870503200626,100.0,False,8
5410,717.448,-235.5205415770894,-2248.7781699688044,283.0,36138.48999999995,100.0,False,8
5411,717.513,-280.0,-2205.0,283.0,36143.59196322449,100.0,False,8
5412,717.768,-393.17892317633135,-2095.2962293986916,283.0,36163.6455555555,100.0,False,8
5413,717.793,-405.0,-2084.0,283.6249984,36165.63831704171,100.0,False,8
5414,718.048,-554.1064974866485,-1942.39303670775,290.0,36186.20111111106,100.0,False,8
5415,718.093,-580.0,-1918.0,290.22499968,36189.840278977936,100.0,False,8
5416,718.248,-665.8531928881151,-1837.4812257695464,291.0,36202.367777777734,100.0,False,8
5417,718.293,-698.0,-1807.0,291.0,36205.99908276816,100.0,False,8
5418,718.448,-840.122756359173,-1670.960534383521,291.0,36218.53444444439,100.0,False,8
5419,718.473,-862.0,-1650.0,291.520832,36220.57286529652,100.0,False,8
5420,718.688,-1006.3248126990771,-1512.1753130890843,296.0,36238.26777777773,100.0,False,8
5421,718.833,-1076.0,-1446.0,297.03571382857143,36250.25100389565,100.0,False,8
5422,718.968,-1129.9014326491056,-1394.9973393185755,298.0,36261.4455555555,100.0,False,9
5423,719.128,-1181.7640424960528,-1346.1888842682627,300.0,36274.778888888846,100.0,False,9
5424,719.353,-1318.0,-1217.0,301.2534822079905,36293.6216809319,100.0,False,9
5425,719.487,-1443.4272300937746,-1097.6081763943,302.0,36304.89499999996,100.0,False,9
5426,719.512,-1464.0,-1078.0,302.25000192,36307.00260968965,100.0,False,9
5427,719.687,-1556.7483267066896,-989.3098454561379,304.0,36321.78388888885,100.0,False,9
5428,719.852,-1622.0,-927.0,304.4583331555556,36335.729995683185,100.0,False,9
5429,720.047,-1739.931321696084,-815.3106913776163,305.0,36352.28388888885,100.0,False,9
5430,720.132,-1794.0,-764.0,306.27499904,36359.550461538325,100.0,False,9
5431,720.247,-1863.2416230719268,-698.0032419709224,308.0,36369.394999999946,100.0,False,9
5432,720.372,-1942.0,-623.0,307.2187504,36380.05612757898,100.0,False,9
5433,720.407,-1966.4390980887536,-599.8289651564446,307.0,36383.039444444395,100.0,False,9
5434,720.573,-2091.0,-482.0,307.0,36397.19568112552,100.0,False,9
5435,720.688,-2174.8330518541256,-402.41121856266864,307.0,36407.002499999944,100.0,False,9
5436,720.888,-2321.6197580967782,-262.6415062797873,307.0,36424.058055555506,100.0,False,9
5437,720.953,-2376.0,-211.0,307.32499968,36429.61320433032,100.0,False,9
5438,721.088,-2501.055669674957,-92.49441734129373,308.0,36441.169166666616,100.0,False,9
5439,721.288,-2694.962322182845,90.97276225739748,306.0,36458.169166666616,100.0,False,9
5440,721.333,-2733.0,127.0,302.4375050666667,36461.87383893086,81.25002666666667,False,9
5441,721.528,-2871.152879093189,258.07042248400967,287.0,36477.30249999995,0.0,True,9
5442,721.768,-2992.1801461894916,373.1382263169975,266.0,36495.035833333284,0.0,True,9
5443,721.813,-3011.0,391.0,262.6250048,36498.23452439871,0.0,True,9
5444,722.008,-3079.9682229482833,456.2914279248195,248.0,36511.569166666624,0.0,True,9
5445,722.113,-3119.0,493.0,238.25000594285714,36518.2685233002,0.0,True,9
5446,722.288,-3197.8757029367453,567.0062149469392,222.0,36528.83583333329,0.0,True,9
5447,722.333,-3221.0,589.0,218.0625056,36531.48431933933,0.0,True,9
5448,722.448,-3285.425679509115,651.077556050677,208.0,36538.08027777773,0.0,True,9
5449,722.633,-3380.0,744.0,196.18055964444446,36547.90437659096,0.0,True,9
5450,722.808,-3420.0767809147515,785.7771232271499,185.0,36556.58027777773,0.0,True,9
5451,722.913,-3441.0,810.0,176.4687552,36561.627678331,0.0,True,9
5452,722.968,-3455.2585710997055,826.8228708248889,172.0,36564.22472222216,0.0,True,9
5453,723.128,-3504.0784662922492,886.1149735624593,166.0,36571.60249999995,0.0,True,9
5454,723.153,-3511.0,895.0,165.2708352,36572.733433538655,0.0,True,9
5455,723.273,-3542.0,938.0,161.7708352,36578.08153900629,0.0,True,9
5456,723.368,-3571.211972773819,984.9796274098763,159.0,36582.20249999994,0.0,True,9
5457,723.553,-3629.0,1088.0,153.34722417777778,36589.91432784429,0.0,True,9
5458,723.728,-3656.4750841569253,1146.1562650793976,148.0,36597.002499999944,0.0,True,9
5459,724.033,-3666.0,1213.0,143.234376,36609.13995299766,0.0,True,9
5460,724.048,-3666.5345490048685,1218.1211114071298,143.0,36609.71361111106,0.0,False,9
5461,724.193,-3671.0,1274.0,136.47500288,36615.12575529658,0.0,False,9
5462,724.248,-3670.858366759837,1294.6600998659942,134.0,36617.1580555555,0.0,False,9
5463,724.293,-3670.0,1312.0,134.0,36618.82299466872,7.232132571428572,False,9
5464,724.528,-3657.2599788113253,1418.8747719054359,134.0,36627.58027777773,45.0,False,9
5465,724.633,-3650.0,1463.0,135.57499904,36631.560426448166,51.29999616,False,9
5466,724.728,-3643.57372807516,1496.8066792924603,137.0,36635.19138888884,57.0,False,9
5467,724.888,-3632.8096120700257,1543.1426332033489,139.0,36641.36916666661,57.0,False,9
5468,725.013,-3623.0,1585.0,141.3437488,36646.30233824512,65.5937456,False,9
5469,725.048,-3619.968550326224,1598.273655453744,142.0,36647.68027777772,68.0,False,9
5470,725.113,-3614.0,1624.0,142.32499968,36650.222189676366,68.97499904,False,9
5471,725.248,-3600.14578977654,1677.1997496351903,143.0,36655.62472222217,71.0,False,9
5472,725.373,-3587.0,1728.0,153.62499456,36661.13798436086,73.49999872,False,9
5473,725.448,-3579.5836328892137,1760.0434691847572,160.0,36664.51361111105,75.0,False,9
5474,725.553,-3570.0,1806.0,160.0,36669.169995486285,73.87500068571428,False,9
5475,725.728,-3557.2692671363175,1882.779549623416,160.0,36676.9580555555,72.0,False,9
5476,725.733,-3557.0,1885.0,160.15945133169626,36677.18641991838,72.06833628501268,False,9
5477,726.013,-3551.0,2013.0,169.08884020286405,36690.51336258069,75.89521722979887,False,9
5478,726.167,-3554.039951743247,2087.173197979941,174.0,36698.17638888884,78.0,False,9
5479,726.292,-3560.0,2149.0,178.06249792,36704.529284333956,79.24999936,False,9
5480,726.352,-3564.0,2179.0,180.01250624,36707.62098980525,79.85000192,False,9
5481,726.532,-3578.0,2268.0,185.86249792,36717.080628702446,81.64999936,False,9
5482,726.567,-3581.2607010839315,2285.5301684292253,187.0,36718.954166666605,82.0,False,9
5483,726.752,-3603.0,2380.0,192.65278364444444,36729.04197565559,91.2500096,False,9
5484,726.927,-3633.7264371131864,2470.6235633562046,198.0,36738.75416666661,100.0,False,9
5485,726.992,-3646.0,2502.0,198.90027918877118,36742.3762438283,100.0,False,9
5486,727.288,-3718.3915345392734,2643.333642700501,203.0,36759.1105555555,100.0,False,9
5487,727.313,-3730.0,2661.0,203.80356937142858,36760.560997607536,100.0,False,9
5488,727.493,-3832.0,2806.0,209.58928365714286,36771.16907610638,100.0,False,9
5489,727.568,-3860.7041114781164,2844.803121410298,212.0,36775.59944444439,100.0,False,9
5490,727.808,-3908.1658204435025,2897.654850949731,212.0,36789.732777777725,100.0,False,9
5491,727.833,-3916.0,2906.0,212.34722133333332,36791.21686107761,100.0,False,9
5492,727.993,-3982.0,2976.0,214.56944355555555,36800.795279221406,100.0,False,9
5493,728.168,-4058.7891075803013,3049.5309035921928,217.0,36811.43277777772,100.0,False,9
5494,728.213,-4079.0,3068.0,217.9843736,36814.195628194255,100.0,False,9
5495,728.373,-4153.0,3134.0,221.4843736,36824.11177615958,100.0,False,9
5496,728.488,-4207.363262323,3181.0110899250926,224.0,36831.343888888834,100.0,False,9
5497,728.768,-4342.561783314262,3295.89054891835,231.0,36849.31055555551,100.0,False,9
5498,728.773,-4345.0,3298.0,231.0937488,36849.63455753922,100.0,False,9
5499,728.928,-4420.919141876019,3364.4626319676986,234.0,36859.7105555555,100.0,False,9
5500,728.973,-4443.0,3384.0,234.16071405714285,36862.63733557398,100.0,False,9
5501,729.173,-4540.0,3471.0,234.87499977142858,36875.680430778855,100.0,False,9
5502,729.208,-4556.257615420642,3485.9233277871826,235.0,36877.988333333284,100.0,False,9
5503,729.353,-4627.0,3552.0,238.1718736,36887.65041857383,100.0,False,9
5504,729.528,-4739.335639222918,3658.062658210911,242.0,36899.49944444439,100.0,False,9
5505,729.553,-4754.0,3672.0,242.2864576,36901.20595798761,100.0,False,9
5506,729.933,-4911.0,3825.0,246.64062426666666,36927.568713936125,100.0,False,9
5507,730.153,-5018.0,3932.0,249.1614576,36943.145962217124,100.0,False,9
5508,730.353,-5116.0,4032.0,251.45312426666666,36957.35527322354,100.0,False,9
5509,730.488,-5181.783656790666,4099.818393419143,253.0,36966.96611111106,100.0,False,9
5510,730.573,-5223.0,4143.0,254.0624992,36973.02545500985,100.0,False,9
5511,730.793,-5329.0,4257.0,256.8124992,36988.73770390745,100.0,False,9
5512,730.808,-5336.270009205879,4264.854318411345,257.0,36989.810555555494,100.0,False,9
5513,731.013,-5436.0,4373.0,257.7321426285714,37004.49354808791,100.0,False,9
5514,731.088,-5472.08918732956,4412.8838731227515,258.0,37009.87722222216,100.0,False,9
5515,731.233,-5541.0,4490.0,258.72499968,37020.30522280627,100.0,False,9
5516,731.288,-5566.830909046523,4519.015384800769,259.0,37024.26611111105,100.0,False,9
5517,731.393,-5618.0,4577.0,259.52499968,37031.83496835898,100.0,False,9
5518,731.488,-5670.46509512611,4637.603459045308,260.0,37038.7105555555,100.0,False,9
5519,731.633,-5759.0,4742.0,261.8124992,37049.28660090691,100.0,False,9
5520,731.728,-5819.649894744867,4815.0463565459295,263.0,37056.24388888883,100.0,False,9
5521,731.928,-5945.585188670955,4969.791282961318,264.0,37070.9105555555,100.0,False,9
5522,732.033,-5991.0,5026.0,264.0,37078.610164254,100.0,False,9
5523,732.128,-6016.629134200677,5057.8915344794805,264.0,37085.57722222217,100.0,False,9
5524,732.288,-6047.249704019052,5096.9974117947495,264.0,37097.310555555494,100.0,False,9
5525,732.313,-6055.0,5107.0,264.0,37099.14050698119,100.0,False,9
5526,732.448,-6112.808110930958,5181.858266586705,264.0,37109.04388888883,100.0,False,9
5527,732.553,-6164.0,5249.0,266.63598377451416,37116.8743629003,100.0,False,9
5528,732.687,-6224.521174287258,5330.174568970179,270.0,37126.968888888834,100.0,False,9
5529,732.772,-6262.0,5381.0,270.3541664,37133.37323619315,93.6250048,False,9
5530,732.927,-6331.114096494686,5475.110099748662,271.0,37145.0355555555,82.0,False,9
5531,732.992,-6360.0,5515.0,270.6388878222222,37149.910304242134,67.19440071111111,False,9
5532,733.212,-6455.0,5649.0,269.4166670222222,37166.34517892318,17.083347911111108,False,9
5533,733.287,-6484.931243454216,5691.439350403385,269.0,37171.935555555494,0.0,False,9
5534,733.432,-6548.0,5782.0,265.97916266666664,37182.71933215395,0.0,False,9
5535,733.527,-6603.389155850293,5863.34243721186,264.0,37189.5355555555,0.0,True,9
5536,733.692,-6704.0,6013.0,246.12500693333334,37200.60455883437,0.0,True,9
5537,733.767,-6737.350157911993,6063.202098248432,238.0,37205.40222222217,0.0,True,9
5538,733.968,-6796.744983018999,6154.080336633512,220.0,37217.685555555494,0.0,True,9
5539,733.973,-6798.0,6156.0,219.69444835555555,37217.97904351902,0.0,True,9
5540,734.328,-6871.165823097399,6266.936994208433,198.0,37237.4855555555,0.0,True,9
5541,734.473,-6907.0,6321.0,188.57500416,37244.99682539972,0.0,True,9
5542,734.528,-6922.92120770616,6345.0353738876,185.0,37247.76333333328,0.0,True,9
5543,734.693,-6973.0,6421.0,177.6666695111111,37255.740566503184,0.0,True,9
5544,734.888,-7017.778772881952,6490.854075597007,169.0,37264.66333333327,0.0,True,9
5545,735.013,-7043.0,6531.0,161.70833706666667,37270.17335455718,0.0,True,9
5546,735.128,-7066.585748335973,6568.7146280404,155.0,37274.996666666615,0.0,True,9
5547,735.233,-7089.0,6606.0,144.5000064,37279.11701856609,0.0,True,9
5548,735.288,-7101.27160259313,6627.384915327545,139.0,37281.17444444439,0.0,True,9
5549,735.513,-7150.0,6720.0,126.946432,37288.974438888516,0.0,True,9
5550,735.568,-7159.172015178657,6740.219062953935,124.0,37290.818888888825,0.0,True,9
5551,735.808,-7185.567425866748,6814.221371528159,120.0,37298.818888888825,0.0,True,9
5552,735.913,-7193.0,6840.0,120.0,37302.32020721173,0.0,True,9
5553,735.968,-7196.178440136249,6851.968398776975,120.0,37304.15222222217,0.0,True,9
5554,736.173,-7204.0,6898.0,120.0,37310.97416472071,0.0,True,9
5555,736.208,-7204.7869724704215,6909.112192586308,120.0,37312.15222222217,0.0,True,9
5556,736.448,-7206.35944766291,7008.265605091256,120.0,37320.15222222217,0.0,True,9
5557,736.553,-7206.0,7042.0,113.96250368,37323.24144903915,0.0,True,9
5558,736.848,-7199.85556534252,7084.8671355981905,97.0,37330.929999999935,0.0,True,9
5559,736.913,-7194.0,7099.0,97.0,37332.660205305045,0.0,True,9
5560,737.048,-7174.5401825604395,7142.81025497092,97.0,37336.318888888825,0.0,False,9
5561,737.193,-7153.0,7188.0,97.0,37340.24580742644,0.0,False,9
5562,737.208,-7151.387168655784,7191.072593803436,97.0,37340.62999999995,0.0,False,9
5563,737.368,-7140.371661915792,7206.957164065994,86.0,37344.45222222217,0.0,False,9
5564,737.453,-7133.0,7214.0,86.0,37346.46415130999,10.0937424,False,9
5565,737.688,-7094.128620314015,7249.384792538224,86.0,37352.096666666606,38.0,False,9
5566,737.753,-7078.0,7260.0,86.0,37353.65359493309,38.0,False,9
5567,737.848,-7049.98842024798,7274.75667485435,86.0,37355.91888888883,38.0,False,9
5568,738.013,-6999.0,7296.0,86.0,37359.83316678407,42.94999808,False,9
5569,738.048,-6990.204644121869,7299.260729533174,86.0,37360.69666666661,44.0,False,9
5570,738.433,-6915.0,7316.0,98.8333312,37371.364684480606,56.031248,False,9
5571,738.528,-6885.826614167508,7320.797697049539,102.0,37374.29666666662,59.0,False,9
5572,738.633,-6847.0,7327.0,106.46249728,37377.66748810062,61.88749824,False,9
5573,738.928,-6709.591479896452,7347.1017721555245,119.0,37387.51888888884,70.0,False,9
5574,739.013,-6671.0,7352.0,119.0,37390.297675030364,73.1874976,False,9
5575,739.088,-6639.111948001965,7355.657118438371,119.0,37392.80777777772,76.0,False,9
5576,739.328,-6546.856751896453,7364.392714909225,132.0,37401.607777777725,76.0,False,9
5577,739.372,-6530.0,7366.0,133.98994009079647,37403.29726248767,76.66331336359882,False,9
5578,739.527,-6469.723331055254,7372.00604356204,141.0,37409.401944444384,79.0,False,9
5579,739.672,-6412.0,7379.0,144.22222648888888,37415.35359943281,59.666641066666664,False,9
5580,739.852,-6339.0,7391.0,148.2222208,37422.86829644561,35.6666752,False,9
5581,739.887,-6324.963222175221,7393.968569910117,149.0,37424.30194444438,31.0,False,9
5582,740.052,-6260.0,7411.0,146.59375093333333,37430.929760411964,20.343754133333334,False,9
5583,740.232,-6192.0,7435.0,143.9687472,37437.96215930418,8.7187376,False,9
5584,740.353,-6149.0,7454.0,142.2041648,37442.68775219523,0.9041584000000004,False,9
5585,740.367,-6144.096430592204,7456.385489950736,142.0,37443.23527777771,0.0,False,9
5586,740.613,-6061.0,7504.0,140.4672898388796,37452.84967544569,0.0,False,9
5587,740.688,-6038.08563269353,7519.760302479024,140.0,37455.71861111105,0.0,False,9
5588,740.813,-6001.0,7550.0,136.093752,37460.40918406102,0.0,False,9
5589,740.848,-5990.288922295729,7560.30073466029,135.0,37461.71861111105,0.0,False,9
5590,741.113,-5914.0,7650.0,135.0,37471.66039063985,0.0,False,9
5591,741.128,-5910.931467281105,7654.181508989002,135.0,37472.21861111105,0.0,False,9
5592,741.328,-5882.866535935346,7700.638381736275,133.0,37479.60749999994,46.0,False,9
5593,741.373,-5877.0,7713.0,133.22499968,37481.26999276246,46.0,False,9
5594,741.528,-5854.634823051619,7766.000639992431,134.0,37487.05194444438,46.0,False,9
5595,741.593,-5846.0,7790.0,135.4218736,37489.53719462041,47.8281232,False,9
5596,741.833,-5823.0,7879.0,140.6718736,37498.986917368675,54.5781232,False,9
5597,741.848,-5821.969896461672,7884.705535680873,141.0,37499.58527777772,55.0,False,9
5598,742.088,-5811.630614131027,7979.095803888697,145.0,37509.251944444375,67.0,False,9
5599,742.368,-5813.169007323685,8096.192625512144,149.0,37520.84083333328,73.0,False,9
5600,742.613,-5822.0,8203.0,158.6249974857143,37531.71656243973,88.74999588571428,False,9
5601,742.648,-5823.773360439196,8218.566060169314,160.0,37533.285277777715,91.0,False,9
5602,742.853,-5836.0,8311.0,162.04999936,37542.43817420064,95.61249856,False,9
5603,743.013,-5846.0,8384.0,163.64999936,37549.824948645095,99.21249856,False,9
5604,743.048,-5848.266329949328,8400.101429664392,164.0,37551.507499999934,100.0,False,9
5605,743.273,-5864.0,8506.0,175.7613602909091,37562.89534369271,100.0,False,9
5606,743.433,-5877.0,8586.0,184.12499665454544,37571.40505288336,100.0,False,9
5607,743.488,-5881.628310664563,8614.045323267825,187.0,37574.3630555555,100.0,False,9
5608,743.633,-5894.0,8689.0,190.6249984,37582.24182077928,100.0,False,9
5609,743.893,-5916.0,8827.0,197.1249984,37596.61322993002,100.0,False,9
5610,743.928,-5918.847265037639,8845.987276130167,198.0,37598.563055555496,100.0,False,9
5611,744.088,-5931.096854139252,8933.990348929225,202.0,37607.540833333274,100.0,False,9
5612,744.133,-5934.0,8959.0,203.1249984,37610.10347719253,100.0,False,9
5613,744.248,-5940.110088663329,9023.412905042078,206.0,37616.69638888883,100.0,False,9
5614,744.293,-5942.0,9049.0,205.75892891428572,37619.26490333048,97.83036022857142,False,9
5615,744.433,-5946.0,9130.0,205.00892891428572,37627.20348805918,91.08036022857144,False,9
5616,744.633,-5946.0,9245.0,203.93750034285713,37638.4068518743,81.43750308571428,False,9
5617,744.873,-5937.0,9381.0,202.65178605714286,37651.647220935,69.86607451428571,False,9
5618,745.193,-5899.0,9587.0,200.93750034285713,37669.26029235708,54.43750308571429,False,9
5619,745.368,-5874.023941524615,9670.071309371657,200.0,37678.91861111105,46.0,True,9
5620,745.528,-5847.291956233177,9732.972676410984,199.0,37687.76305555549,52.0,False,9
5621,745.593,-5834.0,9761.0,199.0,37691.356380242054,51.67500032,False,9
5622,745.728,-5801.148717810192,9824.437215176971,199.0,37698.81861111104,51.0,False,9
5623,745.773,-5787.0,9848.0,199.0,37701.30591147422,57.58927634285714,False,9
5624,746.008,-5691.481358365446,9981.111957694984,199.0,37714.29638888883,92.0,False,9
5625,746.012,-5690.0,9983.0,199.01673534398822,37714.517558969106,92.13388275190582,False,9
5626,746.247,-5621.70469761578,10059.902114179526,200.0,37727.5741666666,100.0,False,9
5627,746.392,-5562.0,10113.0,204.35000576,37735.82702548057,100.0,False,9
5628,746.447,-5530.663153113781,10139.895825438116,206.0,37739.01861111105,100.0,False,9
5629,746.612,-5427.0,10227.0,210.49999825454546,37748.823690435034,100.0,False,9
5630,746.887,-5327.846002776509,10305.308944008397,218.0,37765.66305555549,100.0,False,9
5631,746.953,-5303.0,10324.0,219.09543693641538,37769.72575239865,100.0,False,9
5632,747.128,-5219.751441160785,10386.264069350464,222.0,37780.524722222166,100.0,False,9
5633,747.253,-5155.0,10434.0,222.44642834285713,37788.25343461562,100.0,False,9
5634,747.408,-5077.097607604359,10490.01702423733,223.0,37797.8691666666,100.0,False,9
5635,747.453,-5054.0,10506.0,223.44999936,37800.67133763399,100.0,False,9
5636,747.553,-5002.0,10541.0,224.44999936,37806.91733664888,100.0,False,9
5637,747.608,-4975.135473408874,10559.05864445032,225.0,37810.3691666666,100.0,False,9
5638,747.793,-4875.0,10624.0,227.77499904,37822.07867040034,100.0,False,9
5639,747.808,-4863.7057442715195,10630.897036321867,228.0,37823.03583333327,100.0,False,9
5640,748.053,-4651.0,10756.0,232.37499885714286,37838.86038381833,100.0,False,9
5641,748.088,-4631.995654691507,10766.98557415414,233.0,37841.15805555548,100.0,False,9
5642,748.248,-4592.972789324584,10788.651805932703,239.0,37851.78027777771,100.0,False,9
5643,748.353,-4557.0,10806.0,240.1249993142857,37858.82303398462,100.0,False,9
5644,748.528,-4432.043466834952,10865.628261916454,242.0,37870.602499999935,100.0,False,9
5645,748.733,-4252.0,10950.0,242.0,37884.30281411891,100.0,False,9
5646,748.968,-4106.015560362576,11014.302316820618,242.0,37900.180277777705,100.0,False,9
5647,749.113,-4025.0,11049.0,247.79999744,37910.242599882666,100.0,False,9
5648,749.168,-3992.801582287266,11062.90800858721,250.0,37914.069166666595,100.0,False,9
5649,749.328,-3894.7504563478096,11105.594081886216,250.0,37925.180277777705,100.0,False,9
5650,749.453,-3816.0,11140.0,251.5624992,37933.93026600628,100.0,False,9
5651,749.568,-3742.710474468968,11172.041945172678,253.0,37942.04694444437,100.0,False,9
5652,749.728,-3636.2692266070776,11218.74800487674,256.0,37953.424722222146,100.0,False,9
5653,749.773,-3604.0,11233.0,256.0,37956.62480816449,100.0,False,9
5654,749.888,-3516.990918248742,11271.60793429903,256.0,37964.80249999993,100.0,False,9
5655,749.953,-3469.0,11293.0,256.2708330666667,37969.43526348472,100.0,False,9
5656,750.128,-3353.2241200366598,11345.020935843711,257.0,37981.935833333264,100.0,False,9
5657,750.213,-3299.0,11370.0,257.3035712,37988.00926646027,75.1071616,False,9
5658,750.393,-3182.0,11425.0,257.94642834285713,38000.918588376866,22.392875885714282,False,9
5659,750.408,-3172.219680847581,11429.51154349072,258.0,38002.00249999993,18.0,True,9
5660,750.433,-3156.0,11437.0,258.0,38003.812047489555,15.75000576,True,9
5661,750.608,-3049.101262204966,11489.416906240498,258.0,38016.33583333326,0.0,True,9
5662,750.693,-3000.0,11515.0,245.2500096,38022.00275855682,0.0,True,9
5663,750.768,-2957.714831229186,11537.682608650002,234.0,38026.73583333327,0.0,True,9
5664,750.933,-2868.0,11588.0,211.72500864,38036.30530933883,0.0,True,9
5665,750.968,-2849.5220687829246,11598.762316996414,207.0,38038.23583333327,0.0,True,9
5666,751.128,-2767.8719005594703,11648.070094437388,192.0,38046.76916666661,0.0,True,9
5667,751.233,-2720.0,11678.0,189.3750016,38052.2132330833,0.0,True,9
5668,751.433,-2633.0,11733.0,184.3750016,38062.36791374488,0.0,True,9
5669,751.448,-2624.3913634641394,11738.203111518864,184.0,38063.12472222216,0.0,False,9
5670,751.613,-2520.0,11799.0,180.70000128,38071.396916176425,0.0,False,9
5671,751.648,-2504.07415820213,11807.65057967655,180.0,38073.12472222216,0.0,False,9
5672,751.873,-2443.0,11830.0,174.3750016,38083.967505811815,0.0,False,9
5673,751.928,-2422.1731628452767,11834.588719923953,173.0,38086.58027777771,0.0,False,9
5674,752.133,-2325.0,11851.0,170.4375008,38096.26152217698,4.270832,False,9
5675,752.168,-2309.712130953674,11852.407799060768,170.0,38097.91361111104,5.0,False,9
5676,752.328,-2236.0049816528053,11848.596860267946,170.0,38105.469166666604,5.0,False,9
5677,752.333,-2233.0,11848.0,170.0,38105.704685792094,7.4374687999999995,False,9
5678,752.488,-2116.379291649341,11814.5238781662,170.0,38113.024722222166,83.0,False,9
5679,752.572,-2060.0,11795.0,171.8947319794199,38117.09103518844,83.4210515509822,False,9
5680,752.887,-1974.5777334073111,11748.704709483041,179.0,38132.86388888882,85.0,False,9
5681,752.952,-1957.0,11735.0,180.6250048,38136.138840402666,90.6875168,False,9
5682,753.047,-1923.3506841799215,11709.362888127825,183.0,38140.997222222155,99.0,False,9
5683,753.272,-1821.0,11633.0,193.62500906666668,38153.27822579592,99.62500053333333,False,9
5684,753.407,-1760.7636537825824,11588.982753810255,200.0,38160.997222222155,100.0,False,9
5685,753.452,-1740.0,11575.0,201.76156212733122,38163.60809084911,100.0,False,9
5686,753.653,-1642.0,11518.0,209.62989166925553,38175.420103308425,100.0,False,9
5687,753.688,-1625.2968246953467,11509.255238127882,211.0,38177.46694444437,100.0,False,9
5688,753.873,-1524.0,11465.0,211.0,38188.28714163155,100.0,False,9
5689,753.888,-1512.5038771812356,11460.964871801498,211.0,38189.189166666605,100.0,False,9
5690,754.113,-1299.0,11397.0,224.12499626666667,38203.24162327629,100.0,False,9
5691,754.128,-1285.9415068034261,11393.504719740067,225.0,38204.189166666605,100.0,False,9
5692,754.368,-1122.1057418468008,11356.862394831576,228.0,38219.3891666666,100.0,False,9
5693,754.553,-1034.0,11341.0,232.6249984,38231.37342557177,100.0,False,9
5694,754.608,-1011.8110225686487,11336.854216667081,234.0,38234.98916666659,100.0,False,9
5695,754.873,-903.0,11316.0,239.7968736,38252.70850032139,100.0,False,9
5696,754.928,-869.2315870746886,11309.715577924242,241.0,38256.41138888881,100.0,False,9
5697,755.033,-797.0,11296.0,242.3124992,38263.48772617892,100.0,False,9
5698,755.088,-759.3124823098867,11288.345049234154,243.0,38267.21138888881,100.0,False,9
5699,755.333,-596.0,11251.0,246.0624992,38284.01011007333,100.0,False,9
5700,755.488,-492.8311522800028,11223.15783185021,248.0,38294.766944444375,100.0,False,9
5701,755.493,-489.0,11222.0,248.078124,38295.115139160465,100.0,False,9
5702,755.753,-263.0,11145.0,252.140624,38313.34779467793,100.0,False,9
5703,755.808,-227.52696741495757,11131.591544553066,253.0,38317.255833333256,100.0,False,9
5704,756.053,-118.0,11083.0,257.7638876444444,38334.91094548747,100.0,False,9
5705,756.168,-56.588779209115614,11052.946432957862,260.0,38343.255833333256,100.0,False,9
5706,756.373,83.0,10971.0,261.7083328,38358.160510004,100.0,False,9
5707,756.408,111.44309139637437,10950.915676839295,262.0,38360.722499999916,100.0,False,9
5708,756.553,236.0,10855.0,264.4166656,38371.40981697898,100.0,False,9
5709,756.648,310.2878244103795,10792.554089084511,266.0,38378.45583333325,100.0,False,9
5710,756.968,506.8132357717476,10594.1719530864,269.0,38402.366944444366,100.0,False,9
5711,757.168,590.1999134106198,10478.152313537963,272.0,38417.478055555475,100.0,False,9
5712,757.608,751.2633422412034,10199.397887107978,277.0,38451.333611111026,100.0,False,9
5713,757.613,753.0,10196.0,277.0535707428571,38451.72201331207,100.0,False,9
5714,757.853,833.0,10028.0,279.62499931428573,38470.40256096347,100.0,False,9
5715,757.888,843.7980981763451,10003.12358122402,280.0,38473.11138888881,100.0,False,9
5716,758.033,886.0,9899.0,278.1875008,38484.30026554204,100.0,False,9
5717,758.048,890.1615347354718,9888.04570564547,278.0,38485.46694444436,100.0,False,9
5718,758.273,948.0,9720.0,283.6249984,38503.28537228475,100.0,False,9
5719,758.368,969.6689934902167,9647.959628825662,286.0,38510.88916666659,100.0,False,9
5720,758.453,988.0,9583.0,287.27499904,38517.701831134924,100.0,False,9
5721,758.568,1011.6787421203179,9494.236677468756,289.0,38526.944722222135,100.0,False,9
5722,758.653,1028.0,9428.0,290.0624992,38533.80656415752,100.0,False,9
5723,758.728,1041.3739379824908,9369.122140204288,291.0,38539.87805555547,100.0,False,9
5724,758.833,1059.0,9286.0,291.8749994666667,38548.39844837898,100.0,False,9
5725,758.968,1080.9841295996825,9178.034184233156,293.0,38559.411388888795,100.0,False,9
5726,758.993,1085.0,9158.0,293.35714194285714,38561.461523110294,100.0,False,9
5727,759.172,1113.0,9014.0,295.9142820571429,38576.22760471259,100.0,False,9
5728,759.248,1123.9536600782608,8951.681523238834,297.0,38582.5113888888,100.0,False,9
5729,759.408,1144.5003509603634,8819.308017322459,298.0,38595.75583333324,100.0,False,9
5730,759.492,1153.0,8753.0,298.87682440156635,38602.75505327688,100.0,False,9
5731,759.632,1163.0,8637.0,300.3382055301367,38614.5048338833,100.0,False,9
5732,759.872,1166.0,8318.0,302.84342574099736,38634.799952721776,100.0,False,9
5733,759.887,1165.8861078818627,8302.3217782807,303.0,38636.07166666657,100.0,False,9
5734,760.168,1159.385784994631,8163.81378352345,306.0,38659.95666666658,100.0,False,9
5735,760.313,1150.0,8063.0,306.72499968,38672.3119225047,100.0,False,9
5736,760.368,1145.063031268666,8003.836750471531,307.0,38677.01222222214,100.0,False,9
5737,760.568,1123.2399664233615,7733.591487236732,309.0,38694.1788888888,100.0,False,9
5738,760.613,1119.0,7686.0,309.1249998222222,38698.04874885999,100.0,False,9
5739,760.833,1100.0,7533.0,309.73611093333335,38716.99036072755,100.0,False,9
5740,760.928,1086.1689062860557,7460.43419986453,310.0,38725.1788888888,100.0,False,9
5741,761.133,1043.0,7285.0,310.6406248,38742.86778502686,100.0,False,9
5742,761.248,1012.7502151977158,7196.457889630925,311.0,38752.82333333325,100.0,False,9
5743,761.353,978.0,7103.0,311.8749994666667,38761.94256341006,100.0,False,9
5744,761.488,919.1303680984145,6940.258700479407,313.0,38773.689999999915,100.0,False,9
5745,761.593,877.0,6822.0,313.26249984,38782.82675413291,100.0,False,9
5746,761.888,819.4869565692836,6651.876749896023,314.0,38808.578888888806,100.0,False,9
5747,761.973,799.0,6589.0,315.5937488,38816.06071497213,100.0,False,9
5748,762.048,775.2578088201265,6516.451951289825,317.0,38822.66777777769,100.0,False,9
5749,762.208,717.9562647818498,6341.417490885534,317.0,38836.75666666658,100.0,False,9
5750,762.233,711.0,6320.0,317.35714194285714,38838.971135691085,100.0,False,9
5751,762.488,654.8544370705138,6157.6748881639105,321.0,38861.723333333255,100.0,False,9
5752,762.493,653.0,6153.0,320.97500032,38862.16851022506,100.0,False,9
5753,762.688,548.6845505516071,5902.212727107638,320.0,38879.501111111036,100.0,False,9
5754,762.773,508.0,5808.0,321.0624992,38887.09798521959,100.0,False,9
5755,762.848,482.3236714361217,5750.759591709004,322.0,38893.81222222214,100.0,False,9
5756,763.048,446.8366771432486,5679.430635212294,322.0,38911.70111111103,100.0,False,9
5757,763.113,432.0,5645.0,322.0,38917.51975017933,100.0,False,9
5758,763.328,365.06540140355776,5470.334889627736,322.0,38936.74555555548,100.0,False,9
5759,763.353,358.0,5449.0,321.6875008,38938.970887821575,100.0,False,9
5760,763.488,326.3123250437637,5336.652876992697,320.0,38950.967777777696,100.0,False,9
5761,763.533,317.0,5295.0,320.2812496,38954.97577053278,100.0,False,9
5762,763.648,294.48964882427447,5172.0294998814525,321.0,38965.23444444436,100.0,False,9
5763,763.873,262.0,4905.0,321.0,38985.2895124341,100.0,False,9
5764,763.928,258.2800677086854,4847.336705590203,321.0,38990.20111111103,100.0,False,9
5765,764.128,258.63998496255476,4664.280806712664,322.0,39008.089999999924,100.0,False,9
5766,764.273,266.0,4535.0,321.0937504,39021.017328085174,100.0,False,9
5767,764.288,266.95204559761567,4521.269399402853,321.0,39022.35666666659,100.0,False,9
5768,764.448,279.33152668219566,4370.649254939679,322.0,39036.66777777769,100.0,False,9
5769,764.673,299.0,4175.0,320.3928576,39056.6732932086,100.0,False,9
5770,764.728,303.26951486560836,4135.952984598675,320.0,39061.55666666657,100.0,False,9
5771,764.968,322.0804826680149,3992.2301521807585,320.0,39082.88999999991,100.0,False,9
5772,765.053,333.0,3930.0,320.1931816727273,39090.46418483034,100.0,False,9
5773,765.353,399.0,3636.0,320.8749998545455,39117.23254175903,100.0,False,9
5774,765.408,417.26890076574807,3573.532451207824,321.0,39122.12333333325,100.0,False,9
5775,765.653,510.0,3299.0,319.25000045714285,39143.83559529779,100.0,False,9
5776,765.688,521.3527979982777,3267.778579670596,319.0,39146.934444444356,100.0,False,9
5777,766.048,608.1260360018634,3062.8832248454987,319.0,39178.83444444435,100.0,False,9
5778,766.192,652.0,2972.0,319.0,39191.63073071129,100.0,False,9
5779,766.327,703.8615667439174,2865.3843420747985,319.0,39203.55694444435,100.0,False,9
5780,766.372,722.0,2829.0,318.0357156571429,39207.49849330461,100.0,False,9
5781,766.552,795.0,2689.0,314.1785673142857,39223.13019436944,100.0,False,9
5782,766.607,817.5963268283851,2647.545110134325,313.0,39227.901388888786,100.0,False,9
5783,766.653,837.0,2613.0,313.0,39231.89478793209,100.0,False,9
5784,766.853,927.0,2465.0,313.0,39249.28451297346,100.0,False,9
5785,766.928,959.0936769465501,2414.9245119727652,313.0,39255.810555555465,100.0,False,9
5786,767.073,1035.0,2308.0,313.0,39268.43120976086,100.0,False,9
5787,767.248,1192.7003235503173,2114.1604013248775,313.0,39283.63277777769,100.0,False,9
5788,767.313,1244.0,2053.0,312.1875008,39289.258619397675,100.0,False,9
5789,767.408,1297.3173922582923,1990.5584045001458,311.0,39297.4549999999,100.0,False,9
5790,767.568,1336.7930623135358,1948.9239846518108,309.0,39311.18833333324,100.0,False,9
5791,767.713,1398.0,1890.0,309.0,39323.648772488115,100.0,False,9
5792,767.768,1433.9630956244464,1855.1482152158196,309.0,39328.35499999991,100.0,False,9
5793,768.013,1626.0,1669.0,305.59722311111113,39349.088463844964,100.0,False,9
5794,768.128,1676.0224952744854,1621.5069313315203,304.0,39358.7549999999,100.0,False,9
5795,768.328,1759.220350022907,1548.290185505347,302.0,39375.532777777684,100.0,False,9
5796,768.333,1763.0,1545.0,301.9687504,39375.95188622743,100.0,False,9
5797,768.488,1920.9363985717043,1407.8451639946927,301.0,39388.91055555547,100.0,False,9
5798,768.573,2003.0,1337.0,299.671876,39395.93634427263,89.6406328,False,9
5799,768.808,2117.191613595446,1241.1073035716547,296.0,39415.22166666658,61.0,True,9
5800,769.013,2187.0,1187.0,292.5833344,39432.0294251282,8.895849599999996,True,9
5801,769.048,2204.8263194159053,1173.065509892126,292.0,39434.68833333324,0.0,True,9
5802,769.253,2329.0,1077.0,257.4062608,39448.52783920133,0.0,True,9
5803,769.368,2391.248765267344,1031.8075962320074,238.0,39455.843888888805,0.0,True,9
5804,769.413,2415.0,1015.0,236.50000213333334,39458.73317930181,0.0,True,9
5805,769.533,2478.0,971.0,232.50000213333334,39466.4758853112,0.0,True,9
5806,769.608,2513.797815454823,946.2585401740349,230.0,39471.17722222213,0.0,True,9
5807,769.873,2649.0,869.0,212.6093792,39486.666584708306,0.0,True,9
5808,769.928,2691.148820509444,851.4948977172429,209.0,39489.75499999992,0.0,True,9
5809,770.053,2790.0,815.0,205.35416853333334,39496.67478282872,0.0,True,9
5810,770.408,2922.709360678587,795.9594334896286,195.0,39515.75499999992,0.0,False,9
5811,770.413,2925.0,796.0,194.89583466666667,39516.020836498734,0.0,False,9
5812,770.613,3036.0,799.0,190.729168,39526.591127176434,0.0,False,9
5813,770.648,3054.269501172901,800.0613749658751,190.0,39528.421666666574,0.0,False,9
5814,770.853,3167.0,812.0,187.4375008,39539.016475906625,18.5781192,False,9
5815,770.968,3270.0930704252028,825.6376553272871,186.0,39544.954999999914,29.0,False,9
5816,771.033,3324.0,833.0,186.32499968,39548.32963056541,34.524994559999996,False,9
5817,771.368,3436.8988876056237,849.3202882636002,188.0,39565.843888888805,63.0,False,9
5818,771.493,3500.0,855.0,188.0,39572.36574822427,64.5624992,False,9
5819,771.528,3525.0508478023444,857.0665859421017,188.0,39574.199444444355,65.0,False,9
5820,771.733,3699.0,870.0,189.2812496,39585.040423625454,62.4375008,False,9
5821,771.848,3759.5040249154627,872.7551282021619,190.0,39591.08833333323,61.0,False,9
5822,772.048,3806.6675669370616,870.303208200698,187.0,39601.47722222212,62.0,False,9
5823,772.133,3833.0,869.0,187.7083328,39605.93381786479,60.9375008,False,9
5824,772.288,3900.0746280153053,866.2534361525951,189.0,39614.07722222213,59.0,False,9
5825,772.372,3956.0,858.0,188.16000256,39618.431806920926,66.13997824,False,9
5826,772.488,4057.6157858995166,835.1000916693023,187.0,39624.46611111102,76.0,False,9
5827,772.512,4077.0,830.0,187.675,39625.73487856865,76.15,False,9
5828,772.808,4211.315331237433,772.7530206992286,196.0,39641.888333333234,78.0,False,9
5829,772.912,4248.0,749.0,198.08521403599272,39647.71064929484,83.73433859897997,False,9
5830,773.132,4351.0,678.0,202.49623859468122,39660.21042718868,95.86465613537338,False,9
5831,773.207,4402.261755193013,637.6494798827737,204.0,39664.498333333235,100.0,False,9
5832,773.373,4518.0,542.0,206.4776114840726,39674.03173993116,100.0,False,9
5833,773.408,4534.098301716155,528.5005542742244,207.0,39676.05583333323,100.0,False,9
5834,773.688,4592.647308635339,476.8256252348277,212.0,39692.54472222213,100.0,False,9
5835,773.753,4626.0,448.0,215.6562464,39696.499352605184,100.0,False,9
5836,773.848,4699.108127781113,385.38307044843606,221.0,39702.36694444434,100.0,False,9
5837,773.933,4764.0,330.0,222.91249856,39707.69089103154,100.0,False,9
5838,774.248,4861.202686242632,248.24494724845988,230.0,39727.9224999999,100.0,False,9
5839,774.273,4870.0,241.0,230.39772625454546,39729.54954411085,100.0,False,9
5840,774.473,4966.0,162.0,233.57954443636365,39742.66441471652,100.0,False,9
5841,774.688,5074.498286280823,72.49962107451798,237.0,39756.88916666656,100.0,False,9
5842,774.713,5086.0,63.0,237.37499904,39758.54776582538,100.0,False,9
5843,774.888,5163.613721547311,-1.4369565171026613,240.0,39770.2224999999,100.0,False,9
5844,774.953,5209.0,-40.0,241.6249984,39774.621878036254,100.0,False,9
5845,775.113,5364.0,-173.0,245.6249984,39785.58814797459,100.0,False,9
5846,775.128,5376.895611543427,-184.04756556147169,246.0,39786.622499999896,100.0,False,9
5847,775.488,5533.632090241932,-316.43052543213145,251.0,39811.7224999999,100.0,False,9
5848,775.633,5597.0,-372.0,252.510416,39821.96743083495,100.0,False,9
5849,775.968,5822.422338455919,-575.3116091513141,256.0,39845.85583333322,100.0,False,9
5850,776.053,5861.0,-611.0,257.0624992,39851.94128707703,100.0,False,9
5851,776.128,5882.316530866065,-631.3305878045817,258.0,39857.32249999989,100.0,False,9
5852,776.293,5912.0,-662.0,259.0312496,39869.212793279235,100.0,False,9
5853,776.448,5969.350367415343,-720.0998938499253,260.0,39880.433611111,100.0,False,9
5854,776.633,6078.0,-844.0,261.84999936,39893.8908630831,100.0,False,9
5855,776.648,6088.653670305405,-857.4024345526501,262.0,39894.989166666564,100.0,False,9
5856,776.873,6246.0,-1067.0,265.2142848,39911.60307849929,100.0,False,9
5857,776.928,6262.481513855908,-1089.6223806076662,266.0,39915.67805555546,100.0,False,9
5858,777.093,6279.0,-1116.0,266.6874997333333,39927.90423551334,100.0,False,9
5859,777.168,6300.570827011419,-1150.3537575492269,267.0,39933.47805555546,100.0,False,9
5860,777.353,6381.0,-1280.0,268.5416661333333,39947.2932676739,100.0,False,9
5861,777.408,6402.920622473319,-1317.3994367818805,269.0,39951.411388888795,100.0,False,9
5862,777.633,6482.0,-1464.0,269.8035712,39968.28585608934,100.0,False,9
5863,777.688,6500.637691744436,-1501.2530674924735,270.0,39972.411388888795,100.0,False,9
5864,777.853,6554.0,-1613.0,270.0,39984.78462156557,100.0,False,9
5865,777.888,6564.225110973032,-1635.119445515201,270.0,39987.411388888795,100.0,False,9
5866,778.033,6609.0,-1738.0,270.4531248,39998.3070651693,100.0,False,9
5867,778.208,6694.158929146563,-1954.6827173498798,271.0,40011.50027777768,100.0,False,9
5868,778.273,6724.0,-2033.0,271.5416661333333,40016.41741777373,100.0,False,9
5869,778.448,6782.200613335821,-2191.792120087911,273.0,40029.70027777768,100.0,False,9
5870,778.693,6831.0,-2335.0,274.36111075555556,40048.398025919116,100.0,False,9
5871,778.808,6852.0435206951925,-2395.755049092691,275.0,40057.20027777768,100.0,False,9
5872,779.012,6891.0,-2509.0,275.8499989333333,40072.8386613567,100.0,False,9
5873,779.048,6898.884980602863,-2532.5382231061135,276.0,40075.600277777674,100.0,False,9
5874,779.208,6937.473091754943,-2649.598053024647,276.0,40087.86694444434,100.0,False,9
5875,779.312,6963.0,-2727.0,275.25714285714287,40095.80204449751,100.0,False,9
5876,779.472,7001.0,-2842.0,274.1142857142857,40107.96264354212,100.0,False,9
5877,779.488,7004.730874064555,-2853.5450271459313,274.0,40109.17805555546,100.0,False,9
5878,779.632,7038.0,-2958.0,273.48387061255613,40120.11303569235,100.0,False,9
5879,779.767,7069.389890030491,-3054.2116571031806,273.0,40130.33555555546,100.0,False,9
5880,779.813,7080.0,-3087.0,272.5422877207998,40133.80761988324,100.0,False,9
5881,779.968,7115.185197837663,-3198.375963339192,271.0,40145.46638888879,100.0,False,9
5882,780.033,7130.0,-3245.0,270.4583338666667,40150.33799874697,100.0,False,9
5883,780.193,7167.0,-3359.0,269.1250005333333,40162.28352067794,100.0,False,9
5884,780.208,7170.480888648108,-3369.6796256922903,269.0,40163.39972222212,100.0,False,9
5885,780.448,7225.523889501463,-3538.335855321405,266.0,40181.13305555546,0.0,False,9
5886,780.473,7231.0,-3555.0,265.31250176,40182.95718724845,0.0,False,9
5887,780.733,7290.0,-3737.0,258.16250176,40201.58210815453,0.0,False,9
5888,780.848,7326.275381407385,-3856.4634232042667,255.0,40209.46638888879,0.0,True,9
5889,780.973,7362.0,-3977.0,246.56250432,40217.73368111548,0.0,True,9
5890,781.248,7388.792605063223,-4078.233695437233,228.0,40234.79972222213,0.0,True,9
5891,781.273,7391.0,-4088.0,225.25000704,40236.27333355487,0.0,True,9
5892,781.448,7412.368321129109,-4183.810010948272,206.0,40246.24416666657,0.0,True,9
5893,781.573,7427.0,-4257.0,198.9687536,40253.04159457845,0.0,True,9
5894,781.653,7434.0,-4298.0,194.4687536,40257.240516428734,0.0,True,9
5895,781.768,7443.878238742526,-4353.723098325535,188.0,40262.955277777684,0.0,True,9
5896,781.893,7455.0,-4412.0,168.46876,40268.70508240811,0.0,True,9
5897,781.928,7458.2076952859625,-4428.129831285038,163.0,40270.199722222125,0.0,True,9
5898,782.073,7471.0,-4491.0,144.875008,40275.828326041636,0.0,True,9
5899,782.128,7474.90115132381,-4510.732103873953,138.0,40277.8663888888,0.0,True,9
5900,782.368,7486.129265402892,-4573.314770179349,131.0,40286.599722222134,0.0,True,9
5901,782.473,7491.0,-4603.0,126.27500288,40290.21929717691,0.0,True,9
5902,782.568,7495.868156486648,-4633.803579784338,122.0,40293.3774999999,0.0,True,9
5903,782.593,7497.0,-4642.0,121.12500224,40294.19110321003,0.0,True,9
5904,782.768,7501.93136138604,-4697.452324303873,115.0,40299.76638888879,0.0,True,9
5905,782.773,7502.0,-4699.0,115.0,40299.926656507945,0.0,True,9
5906,782.968,7501.699070658571,-4758.042844991052,115.0,40306.15527777768,0.0,True,9
5907,783.053,7500.0,-4783.0,110.2187536,40308.68812362732,0.0,True,9
5908,783.128,7497.790381932481,-4804.635911075482,106.0,40310.8663888888,0.0,False,9
5909,783.273,7491.0,-4845.0,104.55000064,40315.06538141951,0.0,False,9
5910,783.328,7487.224665293008,-4859.573129986411,104.0,40316.64416666656,0.0,False,9
5911,783.473,7474.0,-4896.0,102.1875008,40320.75593729089,0.0,False,9
5912,783.488,7472.355043224943,-4899.602769383443,102.0,40321.1774999999,0.0,False,9
5913,783.653,7451.0,-4937.0,100.82142902857143,40325.771014780505,1.1785709714285715,False,9
5914,783.753,7434.0,-4958.0,100.10714331428571,40328.53967208063,1.8928566857142857,False,9
5915,783.768,7430.4803594448285,-4961.362609624366,100.0,40328.95527777767,2.0,False,9
5916,784.033,7339.0,-5024.0,100.0,40336.31490489123,46.48213211428571,False,9
5917,784.048,7334.646226734479,-5026.564343992924,100.0,40336.73305555545,49.0,False,9
5918,784.288,7290.980793290836,-5046.814337846285,102.0,40343.533055555454,55.0,False,9
5919,784.493,7250.0,-5059.0,107.7656232,40349.81845400657,58.203124,False,9
5920,784.553,7232.0,-5065.0,109.4531232,40351.69184174556,59.140624,False,9
5921,784.608,7215.301136006863,-5070.447657077193,111.0,40353.39972222211,60.0,False,9
5922,784.768,7167.404677348308,-5085.234741646569,112.0,40358.377499999886,60.0,False,9
5923,784.893,7129.0,-5097.0,116.99999744,40362.499600695926,64.37499776,False,9
5924,784.968,7105.224871021297,-5104.394708948057,120.0,40365.04416666656,67.0,False,9
5925,785.073,7071.0,-5115.0,121.9687488,40368.65590493505,67.43749973333334,False,9
5926,785.448,6939.603454815386,-5153.140091547296,129.0,40382.244166666555,69.0,False,9
5927,785.648,6863.72625555304,-5173.646968332244,142.0,40390.133055555445,89.0,False,9
5928,785.928,6752.110526512611,-5202.734267402828,146.0,40401.488611110995,100.0,False,9
5929,786.092,6684.0,-5220.0,154.88331946666668,40408.66688783349,100.0,False,9
5930,786.168,6651.751148002517,-5228.058574233483,159.0,40412.088611111,100.0,False,9
5931,786.373,6562.0,-5250.0,164.1249984,40421.50633848955,100.0,False,9
5932,786.488,6509.22233517243,-5262.465389351231,167.0,40426.93305555545,100.0,False,9
5933,786.593,6460.0,-5274.0,171.19999744,40431.98803130703,100.0,False,9
5934,786.688,6415.310728498899,-5284.468884092816,175.0,40436.65527777767,100.0,False,9
5935,786.693,6413.0,-5285.0,175.1874976,40436.9036557721,100.0,False,9
5936,786.848,6341.478147075856,-5300.98587812584,181.0,40444.69972222211,100.0,False,9
5937,786.893,6316.0,-5307.0,181.22499968,40446.96688905012,100.0,False,9
5938,787.048,6202.886443677748,-5335.431422232757,182.0,40454.81083333322,100.0,False,9
5939,787.173,6116.0,-5358.0,185.74999808,40461.29555279692,100.0,False,9
5940,787.248,6077.514882517409,-5368.142184792407,188.0,40465.25527777767,100.0,False,9
5941,787.553,5982.0,-5394.0,194.09999872,40481.81666208488,100.0,False,9
5942,787.648,5945.1009454640935,-5403.650473317997,196.0,40487.03305555544,100.0,False,9
5943,787.813,5845.0,-5429.0,197.37499946666668,40496.10065917106,100.0,False,9
5944,787.888,5770.780178728736,-5447.424564875643,198.0,40500.233055555436,100.0,False,9
5945,787.973,5685.0,-5469.0,198.38636334545455,40504.92809040133,88.0227362909091,False,9
5946,788.328,5546.791133075451,-5511.897937450649,200.0,40524.677499999874,38.0,True,9
5947,788.473,5492.0,-5526.0,200.0,40532.81520131693,18.321437257142854,True,9
5948,788.533,5460.0,-5533.0,200.0,40536.15272562565,10.178580114285712,True,9
5949,788.608,5419.695716840553,-5541.125925515659,200.0,40540.233055555436,0.0,True,9
5950,788.773,5333.0,-5555.0,192.265628,40548.85176930005,0.0,True,9
5951,788.928,5252.696892199611,-5561.541060931363,185.0,40556.677499999874,0.0,False,9
5952,788.953,5240.0,-5562.0,184.25000192,40557.93035416257,0.0,False,9
5953,789.128,5153.688668005746,-5560.582105477419,179.0,40566.62194444433,0.0,False,9
5954,789.333,5057.0,-5547.0,175.5833344,40576.604177837056,5.9791648,False,9
5955,789.368,5040.808320931425,-5543.195703329634,175.0,40578.288611110984,7.0,False,9
5956,789.513,4975.0,-5523.0,173.44642925714285,40585.208421075324,19.946422857142856,False,9
5957,789.648,4916.393214922884,-5498.255950741033,172.0,40591.66638888877,32.0,False,9
5958,789.713,4889.0,-5484.0,172.56874944,40594.813276550325,35.73749632,False,9
5959,789.953,4792.0,-5419.0,174.66874944,40606.64372113629,49.53749632,False,9
5960,790.113,4731.0,-5370.0,176.06874944,40614.69815420087,58.73749632,False,9
5961,790.273,4674.0,-5315.0,177.46874944,40622.72911522437,67.93749632,False,9
5962,790.433,4620.0,-5257.0,178.86874944,40630.699976529504,77.13749632,False,9
5963,790.448,4615.146244167877,-5251.321510888534,179.0,40631.44416666654,78.0,False,9
5964,790.633,4558.0,-5178.0,179.0,40640.631365643785,98.34999296,False,9
5965,790.648,4553.496534674735,-5171.902726032076,179.0,40641.38861111099,100.0,False,9
5966,790.833,4499.0,-5095.0,185.47499776,40650.93499817034,100.0,False,9
5967,790.848,4494.641893479715,-5088.571924791001,186.0,40651.72194444432,100.0,False,9
5968,791.033,4442.0,-5007.0,189.23749888,40661.562621917576,100.0,False,9
5969,791.248,4385.858401750932,-4908.6120393889705,193.0,40673.16638888877,100.0,False,9
5970,791.393,4349.0,-4839.0,194.2083328,40680.994015534816,100.0,False,9
5971,791.488,4324.551072735934,-4791.567081663418,195.0,40686.16638888877,100.0,False,9
5972,791.593,4300.0,-4743.0,196.74999893333333,40691.952451068195,100.0,False,9
5973,791.773,4257.0,-4655.0,199.74999893333333,40702.026739110326,100.0,False,9
5974,791.848,4216.238439833382,-4570.949173411856,201.0,40706.26638888876,100.0,False,9
5975,791.973,4137.0,-4407.0,203.49999872,40713.38173127764,100.0,False,9
5976,792.048,4105.411332759946,-4340.789044400601,205.0,40717.65527777765,100.0,False,9
5977,792.288,4068.0902870886,-4257.64846691235,201.0,40731.05527777765,0.0,True,9
5978,792.332,4063.0,-4246.0,196.96669013333334,40733.358051706295,0.0,True,9
5979,792.528,4037.8728116638026,-4189.491506772211,179.0,40742.98861111098,0.0,True,9
5980,792.652,4017.0,-4145.0,170.32001792,40748.71537567623,0.0,True,9
5981,792.728,4001.495097036377,-4113.0399767197505,165.0,40752.15527777765,0.0,True,9
5982,792.852,3974.0,-4059.0,161.91103770215804,40757.72210231569,0.0,True,9
5983,793.009,3940.7756859307783,-4001.3335511936975,158.0,40764.48805555543,0.0,True,9
5984,793.073,3927.0,-3979.0,152.21105713815248,40767.07707332798,0.0,True,9
5985,793.208,3896.6192432722833,-3931.4348853710408,140.0,40772.22694444432,0.0,True,9
5986,793.333,3869.0,-3889.0,133.40278115555554,40776.64205150465,0.0,True,9
5987,793.513,3833.0,-3834.0,123.90278115555556,40782.550298490445,0.0,True,9
5988,793.568,3822.45660386389,-3818.6336240533815,121.0,40784.326944444314,0.0,True,9
5989,793.713,3795.0,-3781.0,115.5625024,40788.96321571013,0.0,True,9
5990,793.728,3792.1326145175894,-3777.2969538399443,115.0,40789.43805555542,0.0,True,9
5991,793.928,3753.0115403899404,-3731.0853329371316,112.0,40795.66027777766,0.0,True,9
5992,793.933,3752.0,-3730.0,111.843752,40795.81236413946,0.0,True,9
5993,794.088,3719.7084373172315,-3698.2052817531376,107.0,40800.4158333332,0.0,True,9
5994,794.133,3710.0,-3690.0,105.75000177777778,40801.69809267047,0.0,True,9
5995,794.448,3639.1219407135504,-3647.4851451923246,97.0,40810.1158333332,0.0,True,9
5996,794.453,3638.0,-3647.0,96.92857234285714,40810.24635894777,0.0,True,9
5997,794.613,3599.0,-3635.0,94.64285805714286,40814.39887268726,0.0,True,9
5998,794.728,3556.684305141805,-3632.2871175976247,93.0,40817.349166666536,0.0,False,9
5999,794.853,3513.0,-3633.0,92.10714331428571,40820.519844163005,0.0,False,9
6000,795.008,3489.408196536852,-3635.6485319550643,91.0,40824.426944444305,0.0,False,9
6001,795.093,3478.0,-3639.0,90.78750016,40826.573683449795,4.8874963199999995,False,9
6002,795.373,3415.0,-3662.0,90.08750016,40833.57914172877,20.987496319999998,False,9
6003,795.408,3407.540225442054,-3665.799449419872,90.0,40834.426944444305,23.0,False,9
6004,795.553,3378.0,-3684.0,87.734376,40837.86064178898,29.796872,False,9
6005,795.728,3334.6789858759844,-3714.2087922386518,85.0,40841.98249999987,38.0,False,9
6006,795.833,3304.0,-3742.0,86.49999908571428,40844.53443902836,36.875000685714284,False,9
6007,795.993,3254.0,-3798.0,88.78571337142857,40848.52545583714,35.16071497142857,False,9
6008,796.008,3250.0241147353595,-3802.70209880226,89.0,40848.90472222208,35.0,False,9
6009,796.368,3201.676656761969,-3868.303491507227,94.0,40858.30472222209,45.0,False,9
6010,796.493,3191.0,-3886.0,97.1249984,40861.74174167219,45.0,False,9
6011,796.568,3184.035137103061,-3897.583960290848,99.0,40863.80472222209,45.0,False,9
6012,796.808,3153.566809304747,-3948.543151486404,99.0,40870.40472222208,68.0,False,9
6013,796.873,3139.0,-3973.0,102.52082986666667,40872.318452216015,69.89583146666666,False,9
6014,797.048,3087.6963192077915,-4059.5094662141137,112.0,40877.87138888876,75.0,False,9
6015,797.093,3077.0,-4078.0,115.3749952,40879.41241360028,75.0,False,9
6016,797.248,3056.962364879062,-4115.424975232357,127.0,40884.926944444305,75.0,False,9
6017,797.448,3045.7928270496977,-4132.152677366165,127.0,40891.98249999987,82.0,False,9
6018,797.553,3013.0,-4167.0,134.2187456,40895.971557919576,80.0312512,False,9
6019,797.608,2987.186870117731,-4193.900672293404,138.0,40898.1158333332,79.0,False,9
6020,797.713,2932.0,-4250.0,139.9687488,40902.25836374328,72.437504,False,9
6021,797.928,2862.4995047807465,-4308.988718405819,144.0,40910.9158333332,59.0,False,9
6022,798.093,2818.0,-4336.0,145.64999936,40917.683065465026,34.66250944,False,9
6023,798.273,2754.0,-4373.0,147.44999936,40925.11047768923,8.112509440000004,False,9
6024,798.328,2733.264840570339,-4383.569191896073,148.0,40927.36027777764,0.0,False,9
6025,798.513,2665.0,-4414.0,146.01785782857144,40934.85317265465,0.0,False,9
6026,798.608,2634.7351343419928,-4426.1695438833585,145.0,40938.63805555542,0.0,False,9
6027,798.712,2590.0,-4439.0,143.7,40942.723358158764,0.0,False,9
6028,798.872,2476.0,-4460.0,141.7,40948.95625219103,0.0,False,9
6029,798.928,2440.0746537099617,-4464.313199970924,141.0,40951.171388888746,0.0,False,9
6030,799.248,2313.5748824042407,-4454.378422319257,145.0,40964.06027777764,0.0,False,9
6031,799.392,2277.0,-4446.0,142.12,40969.71808507244,48.24,False,9
6032,799.448,2264.3788833477215,-4443.268879781408,141.0,40971.893611110965,67.0,False,9
6033,799.729,2200.24346912618,-4428.353587423803,140.0,40982.821388888755,0.0,False,9
6034,799.733,2199.0,-4428.0,140.15770605701366,40982.98224503218,1.11827931336962,False,9
6035,799.993,2100.0,-4396.0,150.40859976290184,40993.872858121,73.80643468239492,False,9
6036,800.008,2094.148920246335,-4393.837595543124,151.0,40994.523888888754,78.0,False,9
6037,800.173,2029.0,-4367.0,157.87499733333334,41001.83728479648,79.37499946666667,False,9
6038,800.248,1995.1170075839873,-4350.979697370842,161.0,41005.25722222209,80.0,False,9
6039,800.333,1955.0,-4330.0,163.97499776,41009.20710895528,81.91249856,False,9
6040,800.613,1833.0,-4249.0,173.77499776,41022.89103681507,88.21249856,False,9
6041,800.648,1820.3093071860383,-4239.483108296086,175.0,41024.70166666653,89.0,False,9
6042,801.013,1696.0,-4132.0,187.2617166,41045.00381582735,92.1367182,False,9
6043,801.233,1579.0,-4024.0,194.6523416,41058.49238521134,94.0273432,False,9
6044,801.553,1481.0,-3931.0,205.4023416,41078.92242652488,96.7773432,False,9
6045,801.813,1373.0,-3826.0,214.1367166,41095.150138230005,99.0117182,False,9
6046,801.928,1285.149171682491,-3740.0198870618333,218.0,41102.21277777765,100.0,False,9
6047,802.013,1228.0,-3684.0,220.1249984,41107.38826320533,100.0,False,9
6048,802.088,1197.426177821051,-3653.9628776928175,222.0,41112.0794444443,100.0,False,9
6049,802.313,1158.0,-3615.0,228.18749824,41127.58486076031,100.0,False,9
6050,802.488,1077.5793156129375,-3536.3022348143945,233.0,41137.96833333321,100.0,False,9
6051,802.513,1066.0,-3525.0,225.14287725714286,41139.1482438549,97.5000064,False,9
6052,802.768,968.7450164220203,-3430.3267319529436,145.0,41149.24611111097,72.0,False,9
6053,802.833,943.0,-3405.0,159.35415253333335,41152.68823662761,75.79166293333333,False,9
6054,803.073,833.0,-3296.0,212.35415253333335,41169.59406675906,89.79166293333333,False,9
6055,803.248,745.7834667202486,-3210.951514257649,251.0,41182.71277777765,100.0,False,9
6056,803.313,713.0,-3179.0,252.94999808,41187.40463002669,100.0,False,9
6057,803.448,644.940475713095,-3112.355600115247,257.0,41196.990555555414,100.0,False,9
6058,803.513,612.0,-3080.0,257.8124992,41201.64672266941,100.0,False,9
6059,803.688,522.3407733799777,-2991.826407593831,260.0,41214.32388888876,100.0,False,9
6060,803.733,499.0,-2969.0,260.8035702857143,41217.60921635329,100.0,False,9
6061,803.933,394.0,-2867.0,264.3749988571429,41232.335359682824,100.0,False,9
6062,803.968,375.5567421939481,-2849.0342997029566,265.0,41234.93499999987,100.0,False,9
6063,804.113,299.0,-2774.0,268.020832,41245.77771628804,100.0,False,9
6064,804.208,248.54307151672177,-2723.954504202626,270.0,41252.93499999987,100.0,False,9
6065,804.293,203.0,-2679.0,271.2142848,41259.36970602478,100.0,False,9
6066,804.473,105.0,-2584.0,273.7857133714286,41273.09577373233,100.0,False,9
6067,804.488,96.77924017058248,-2575.982914674773,274.0,41274.24611111099,100.0,False,9
6068,804.733,-36.0,-2445.0,276.7222215111111,41293.163133363036,100.0,False,9
6069,804.848,-94.27903028819303,-2387.674692120533,278.0,41302.046111110976,100.0,False,9
6070,804.933,-146.0,-2337.0,278.0,41308.591982747894,100.0,False,9
6071,805.168,-339.38914216465724,-2148.149732970104,278.0,41326.75722222209,100.0,False,9
6072,805.193,-356.0,-2132.0,278.0,41328.717941560855,100.0,False,9
6073,805.488,-463.0715889316383,-2029.535826106056,278.0,41351.46833333321,100.0,False,9
6074,805.552,-490.0,-2004.0,270.6,41355.88569668478,100.0,False,9
6075,805.732,-590.0,-1909.0,249.7875296,41367.523081712934,100.0,False,9
6076,805.808,-628.5769119714256,-1872.5645578119268,241.0,41372.89055555542,100.0,False,9
6077,805.872,-663.0,-1840.0,251.4,41377.73512169972,100.0,False,9
6078,806.128,-850.435814210547,-1661.0079944978202,293.0,41398.93499999988,100.0,False,9
6079,806.213,-906.0,-1608.0,293.0,41405.8636165269,100.0,False,9
6080,806.289,-946.9595772702999,-1569.074387589344,293.0,41412.038611110984,100.0,False,9
6081,806.488,-1021.0807749703298,-1499.288749370639,296.0,41428.40083333322,100.0,False,9
6082,806.613,-1071.0,-1452.0,296.0,41438.668587691835,100.0,False,10
6083,806.688,-1105.934186110935,-1418.6955146497576,296.0,41444.845277777655,100.0,False,10
6084,806.793,-1178.0,-1350.0,297.12499931428573,41453.54130597203,100.0,False,10
6085,806.953,-1359.0,-1178.0,298.83928502857145,41466.85372070523,100.0,False,10
6086,806.968,-1372.646897099305,-1165.0322005927912,299.0,41468.1008333332,100.0,False,10
6087,807.168,-1453.388630710353,-1088.1997272491733,299.0,41484.71194444432,100.0,False,10
6088,807.328,-1497.9424684398625,-1045.6428549992786,299.0,41498.00083333321,100.0,False,10
6089,807.373,-1528.0,-1017.0,299.2499996444445,41501.746977742296,100.0,False,10
6090,807.613,-1759.0,-797.0,300.5833329777778,41521.80629705021,100.0,False,10
6091,807.688,-1797.365999317235,-760.4445460510415,301.0,41528.1008333332,100.0,False,10
6092,807.848,-1827.6533057834026,-731.5559379186471,303.0,41541.567499999874,100.0,False,10
6093,807.893,-1844.0,-716.0,303.22499968,41545.362554796,100.0,False,10
6094,808.048,-1936.290654116779,-628.2403551685545,304.0,41558.456388888764,100.0,False,10
6095,808.093,-1966.0,-600.0,304.1249998222222,41562.26338537742,100.0,False,10
6096,808.408,-2159.1019496695903,-416.7400085851708,305.0,41588.956388888764,100.0,False,10
6097,808.413,-2162.0,-414.0,305.0,41589.380058059454,100.0,False,10
6098,808.568,-2250.781670875963,-330.2227710771035,305.0,41602.51194444431,100.0,False,10
6099,808.653,-2310.0,-274.0,305.0,41609.71486510793,100.0,False,10
6100,808.768,-2410.8243879577785,-177.6392339866918,305.0,41619.456388888764,100.0,False,10
6101,808.893,-2536.0,-58.0,304.2187504,41630.02342009176,21.875039999999995,False,10
6102,808.928,-2571.653845584194,-24.05415655594683,304.0,41632.96749999987,0.0,False,10
6103,809.168,-2814.566587817505,205.934295340504,298.0,41652.83416666654,0.0,False,10
6104,809.273,-2894.0,281.0,291.437504,41661.223244092165,0.0,False,10
6105,809.408,-2960.892299712132,344.27127685596673,283.0,41671.700833333205,0.0,True,10
6106,809.608,-3025.4713494097564,405.14092266388195,265.0,41686.423055555424,0.0,True,10
6107,809.633,-3036.0,415.0,261.9791744,41688.14364557342,0.0,True,10
6108,809.813,-3128.0,501.0,240.2291744,41699.86777589907,0.0,True,10
6109,809.848,-3147.827526506331,519.6020629754155,236.0,41702.15638888876,0.0,True,10
6110,810.008,-3242.889708494268,609.2223155264849,236.0,41712.64527777766,0.0,True,10
6111,810.113,-3296.0,660.0,220.68750933333334,41718.8392276298,0.0,True,10
6112,810.248,-3345.7820939364337,708.8639813156752,201.0,41726.045277777666,0.0,True,10
6113,810.453,-3402.0,768.0,185.11250496,41735.99745050153,0.0,True,10
6114,810.648,-3464.3073509937017,837.8187278067265,170.0,41744.93416666656,0.0,True,10
6115,810.733,-3490.0,869.0,167.5208352,41748.834252697954,0.0,True,10
6116,810.793,-3507.0,891.0,165.7708352,41751.58231717642,0.0,True,10
6117,810.888,-3536.7279407929714,932.4877190351222,163.0,41755.800833333225,0.0,True,10
6118,811.048,-3589.306978263651,1012.1692980771716,152.0,41762.55638888877,0.0,True,10
6119,811.093,-3601.0,1031.0,151.55000064,41764.44745657136,0.0,True,10
6120,811.248,-3629.0957170290276,1081.0139476353802,150.0,41770.88972222211,0.0,True,10
6121,811.513,-3651.0,1146.0,138.64285988571427,41781.05140758911,0.0,True,10
6122,811.528,-3652.1975782416716,1150.6620281441944,138.0,41781.623055555436,0.0,False,10
6123,811.728,-3667.337063286026,1222.5738645205556,138.0,41789.28972222211,0.0,False,10
6124,811.793,-3670.0,1247.0,137.07142948571428,41791.740536324156,6.4999936,False,10
6125,811.853,-3671.0,1270.0,136.21428662857141,41793.976700042185,12.4999936,False,10
6126,812.008,-3665.7591720459395,1350.35271149972,134.0,41799.71194444432,28.0,False,10
6127,812.172,-3655.0,1437.0,134.0,41805.79930429155,43.03330986666667,False,10
6128,812.248,-3650.8640795462184,1465.286387920214,134.0,41808.64527777766,50.0,False,10
6129,812.568,-3634.2925406789227,1540.7819364106024,138.0,41820.91194444432,59.0,False,10
6130,812.572,-3634.0,1542.0,138.11617516778097,41821.06910082807,59.26554324064219,False,10
6131,812.753,-3617.0,1612.0,143.3734435514539,41828.305137514326,71.28215668903746,False,10
6132,812.809,-3609.42803199873,1642.0756632402693,145.0,41830.61888888877,75.0,False,10
6133,812.969,-3583.8967683102646,1743.0939594802392,154.0,41837.46333333322,77.0,False,10
6134,813.013,-3578.0,1768.0,155.65690332200077,41839.40676078183,77.0,False,10
6135,813.208,-3560.7146409009965,1853.8858903747775,163.0,41848.2847222221,77.0,False,10
6136,813.433,-3553.0,1929.0,168.6249984,41858.85702585944,78.6071424,False,10
6137,813.488,-3552.0507161275714,1948.2031909639848,170.0,41861.50694444432,79.0,False,10
6138,813.713,-3552.0,2034.0,176.24999822222222,41872.645374333704,80.24999964444444,False,10
6139,813.848,-3555.3558242115296,2097.679343881408,180.0,41879.50694444432,81.0,False,10
6140,813.893,-3558.0,2124.0,181.31249813333332,41881.81786120475,82.1249984,False,10
6141,814.088,-3580.451192036964,2272.590033275352,187.0,41891.97361111098,87.0,False,10
6142,814.193,-3593.0,2341.0,190.281248,41897.54523760863,86.3437504,False,10
6143,814.248,-3598.3983369513394,2367.0492750532762,192.0,41900.50694444432,86.0,False,10
6144,814.513,-3624.0,2444.0,198.6249984,41915.20867176908,97.5937472,False,10
6145,814.568,-3633.491033679329,2467.7527319190276,200.0,41918.2847222221,100.0,False,10
6146,814.753,-3676.0,2566.0,201.3214281142857,41928.61754755267,100.0,False,10
6147,814.848,-3701.5201483264027,2614.7255722201094,202.0,41933.9958333332,100.0,False,10
6148,815.053,-3765.0,2715.0,207.9791648,41945.874798105986,100.0,False,10
6149,815.088,-3777.14006279349,2732.1299286424755,209.0,41947.92916666654,100.0,False,10
6150,815.273,-3844.0,2820.0,212.30357028571427,41958.88764926749,100.0,False,10
6151,815.368,-3875.6113915721235,2859.6871105525574,214.0,41964.57361111099,100.0,False,10
6152,815.433,-3905.0,2893.0,215.08333226666667,41968.48523127049,100.0,False,10
6153,815.608,-4034.8582695513987,3025.569963101788,218.0,41979.10694444431,100.0,False,10
6154,815.673,-4078.0,3068.0,219.29999872,41983.088689677505,100.0,False,10
6155,815.808,-4134.515626857762,3121.277642705986,222.0,41991.440277777656,100.0,False,10
6156,816.053,-4213.0,3185.0,226.76388764444445,42006.96614270256,100.0,False,10
6157,816.168,-4298.730857113064,3257.990648123452,229.0,42014.34027777765,100.0,False,10
6158,816.273,-4379.0,3327.0,230.9687488,42021.09488840742,100.0,False,10
6159,816.328,-4412.274108247157,3355.8034889196824,232.0,42024.65138888876,100.0,False,10
6160,816.568,-4491.516755392183,3426.3878495314143,236.0,42040.384722222094,100.0,False,10
6161,816.753,-4554.0,3484.0,239.96428434285716,42052.793291970665,100.0,False,10
6162,816.848,-4600.03697126901,3526.303988359695,242.0,42059.20694444432,100.0,False,10
6163,816.913,-4633.0,3557.0,242.4062496,42063.597372118544,100.0,False,10
6164,817.053,-4701.0,3622.0,243.2812496,42073.06416776731,100.0,False,10
6165,817.168,-4758.3076165305,3676.79950703699,244.0,42080.89583333321,100.0,False,10
6166,817.333,-4839.0,3754.0,246.74999893333333,42092.24321017758,100.0,False,10
6167,817.408,-4872.393739348995,3786.254650779949,248.0,42097.42916666654,100.0,False,10
6168,817.533,-4938.0,3851.0,249.24999936,42106.09867855087,100.0,False,10
6169,817.608,-4995.941354869617,3909.391693887187,250.0,42111.31805555543,100.0,False,10
6170,817.733,-5096.0,4011.0,251.24999936,42120.04940514726,100.0,False,10
6171,817.808,-5133.6460170333285,4049.3330753369564,252.0,42125.31805555543,100.0,False,10
6172,818.088,-5210.194913469202,4130.01161992863,256.0,42145.22916666654,100.0,False,10
6173,818.093,-5213.0,4133.0,256.0624992,42145.588013279325,100.0,False,10
6174,818.333,-5390.0,4322.0,259.0624992,42162.92232275376,100.0,False,10
6175,818.408,-5424.126685667227,4359.110733932696,260.0,42168.34027777765,100.0,False,10
6176,818.632,-5477.0,4419.0,260.0,42184.50868731494,100.0,False,10
6177,818.648,-5482.563857036184,4425.172759944342,260.0,42185.67361111099,100.0,False,10
6178,818.848,-5579.603022732853,4532.635426069668,264.0,42200.34027777765,100.0,False,10
6179,818.872,-5594.0,4549.0,263.85,42202.09436213416,100.0,False,10
6180,819.008,-5685.52434106447,4655.232718629491,263.0,42212.02916666654,100.0,False,10
6181,819.172,-5785.0,4773.0,266.4166613333333,42224.227995144436,100.0,False,10
6182,819.248,-5812.514922512273,4805.931964521744,268.0,42229.89583333321,100.0,False,10
6183,819.449,-5852.540888706553,4855.10476815885,267.0,42244.80333333321,100.0,False,10
6184,819.473,-5859.0,4863.0,267.0,42246.58110192222,100.0,False,10
6185,819.609,-5906.441870502561,4920.67548035632,267.0,42256.66999999988,100.0,False,10
6186,819.813,-6018.0,5060.0,268.91849491290384,42271.950646336016,100.0,False,10
6187,819.928,-6106.003846534468,5174.188198554235,270.0,42280.594999999885,100.0,False,10
6188,820.013,-6164.0,5250.0,270.23611093333335,42286.981609578914,100.0,False,10
6189,820.288,-6245.456462207914,5357.526750604399,271.0,42307.694999999876,100.0,False,10
6190,820.353,-6264.0,5383.0,271.64999936,42312.62834811257,100.0,False,10
6191,820.688,-6412.681543988424,5589.785854675095,275.0,42338.25055555544,100.0,False,10
6192,820.693,-6415.0,5593.0,275.0,42338.63414732106,100.0,False,10
6193,820.873,-6495.0,5705.0,275.0,42352.42811071842,100.0,False,10
6194,820.913,-6512.0,5730.0,275.0,42355.454605609426,100.0,False,10
6195,820.928,-6518.66688274944,5739.833601222129,275.0,42356.58388888877,100.0,False,10
6196,821.168,-6649.2531696913065,5932.444740809818,261.0,42373.983888888775,0.0,True,10
6197,821.293,-6709.0,6021.0,246.41667413333334,42382.074813743675,0.0,True,10
6198,821.528,-6777.064747503654,6123.475902262874,219.0,42395.88388888877,0.0,True,10
6199,821.733,-6825.0,6196.0,203.6250048,42407.411257994376,0.0,True,10
6200,821.768,-6835.063061994835,6211.042602373219,201.0,42409.28388888878,0.0,True,10
6201,821.893,-6873.0,6268.0,190.7321481142857,42415.68678329744,0.0,True,10
6202,822.013,-6906.0,6319.0,180.87500525714285,42421.482327931895,0.0,True,10
6203,822.048,-6915.501676088988,6333.341879022428,178.0,42423.128333333225,0.0,True,10
6204,822.173,-6949.0,6383.0,168.6250048,42428.84675948403,0.0,True,10
6205,822.248,-6967.851250187866,6411.720348660598,163.0,42432.18388888877,0.0,True,10
6206,822.448,-7013.901565630044,6484.266449304484,154.0,42440.739444444334,0.0,True,10
6207,822.453,-7015.0,6486.0,153.64583786666665,42440.94301254912,0.0,True,10
6208,822.633,-7055.0,6550.0,140.89583786666665,42447.8885216225,0.0,True,10
6209,822.688,-7069.2199558976845,6573.980708396014,137.0,42449.872777777666,0.0,True,10
6210,822.973,-7143.0,6705.0,121.95833671111112,42459.280110547654,0.0,True,10
6211,823.048,-7152.002561963436,6722.046287731069,118.0,42461.67277777767,0.0,True,10
6212,823.248,-7162.585641286028,6748.859023227964,114.0,42468.006111111,0.0,True,10
6213,823.253,-7163.0,6750.0,113.8593768,42468.16006546095,0.0,True,10
6214,823.493,-7190.0,6829.0,107.1093768,42475.229632929855,0.0,True,10
6215,823.568,-7196.049068984568,6852.9383792502,105.0,42477.339444444326,0.0,False,10
6216,823.673,-7202.0,6884.0,103.50000091428572,42480.22693909696,0.0,False,10
6217,824.033,-7210.0,6982.0,98.35714377142857,42489.54902247268,0.0,False,10
6218,824.193,-7208.0,7024.0,96.07142948571429,42493.569881996256,0.0,False,10
6219,824.373,-7201.0,7069.0,93.50000091428572,42498.1438504972,0.0,False,10
6220,824.408,-7199.112516222677,7077.662706607312,93.0,42499.03944444434,0.0,False,10
6221,824.608,-7185.040856452404,7126.533013569986,92.0,42504.15055555545,0.0,False,10
6222,824.653,-7181.0,7137.0,91.10000128,42505.26986310788,0.0,False,10
6223,824.808,-7164.516788141916,7170.996572525565,88.0,42509.03944444434,0.0,False,10
6224,824.853,-7159.0,7180.0,87.67857188571429,42510.12414159451,4.339279542857143,False,10
6225,824.953,-7145.0,7199.0,86.96428617142857,42512.523078802755,13.982136685714284,False,10
6226,825.088,-7117.038386052462,7228.210991768937,86.0,42515.728333333216,27.0,False,10
6227,825.232,-7084.0,7257.0,85.6,42519.09863745261,30.2,False,10
6228,825.448,-7047.16591162445,7279.299323673059,85.0,42524.228333333216,35.0,False,10
6229,825.632,-7014.0,7291.0,90.52,42528.87190420262,48.8,False,10
6230,825.648,-7010.516100948108,7292.171062809064,91.0,42529.28388888878,50.0,False,10
6231,825.873,-6954.0,7309.0,92.86980589381601,42535.17863154973,50.0,False,10
6232,825.973,-6928.0,7314.0,93.70083097189247,42537.783998001934,50.0,False,10
6233,826.009,-6918.902318575064,7315.645655307133,94.0,42538.70999999989,50.0,False,10
6234,826.173,-6876.0,7323.0,94.0,42542.84878210444,50.0,False,10
6235,826.329,-6821.724790483877,7330.8206844415945,94.0,42547.06555555544,50.0,False,10
6236,826.529,-6730.906241996712,7342.211989648155,113.0,42553.34333333322,50.0,False,10
6237,826.728,-6617.242670015388,7355.040498040639,122.0,42560.08722222211,74.0,False,10
6238,826.968,-6490.791393625768,7369.465927395161,127.0,42568.55388888877,74.0,False,10
6239,827.233,-6393.0,7382.0,144.03571017142858,42579.215330721854,75.89285668571429,False,10
6240,827.248,-6388.7774815429975,7382.602960242173,145.0,42579.83166666655,76.0,False,10
6241,827.488,-6336.097201122514,7391.684082865436,147.0,42589.63166666655,1.0,False,10
6242,827.593,-6306.0,7399.0,145.25000106666667,42593.82940887168,0.5625002666666666,False,10
6243,827.728,-6254.672637553013,7413.0249812904985,143.0,42599.16499999988,0.0,False,10
6244,827.753,-6245.0,7416.0,142.8437504,42600.15044818021,0.0,False,10
6245,827.973,-6166.0,7446.0,141.4687504,42608.78832295767,0.0,False,10
6246,828.133,-6111.0,7474.0,140.4687504,42614.97724817379,0.0,False,10
6247,828.208,-6081.4964326082645,7492.730854039994,140.0,42617.83166666655,0.0,False,10
6248,828.408,-6002.520213109378,7549.855376322374,135.0,42625.33166666655,0.0,False,10
6249,828.413,-6001.0,7551.0,135.0,42625.519069306305,0.0,False,10
6250,828.568,-5966.888330488008,7577.78594301886,135.0,42631.33166666655,0.0,False,10
6251,828.773,-5931.0,7626.0,133.86111146666667,42638.91810836266,25.624992,False,10
6252,828.928,-5883.919680633259,7706.828346480473,133.0,42644.63166666655,45.0,False,10
6253,829.013,-5862.0,7747.0,133.0,42647.77613974654,49.2499968,False,10
6254,829.088,-5849.324794538855,7772.071603809049,133.0,42650.542777777664,53.0,False,10
6255,829.288,-5839.626793358471,7804.572068590376,133.0,42657.931666666555,53.0,False,10
6256,829.373,-5835.0,7826.0,136.30555306666668,42661.24295061732,56.77777493333333,False,10
6257,829.553,-5820.0,7895.0,143.30555306666668,42668.634600221456,64.77777493333333,False,10
6258,829.648,-5814.361545114502,7933.915134114153,147.0,42672.63166666655,69.0,False,10
6259,829.873,-5810.0,8027.0,151.49999872,42682.27670582333,71.24999936,False,10
6260,829.953,-5811.0,8061.0,153.09999872,42685.741000921815,72.04999936,False,10
6261,830.048,-5813.237182872211,8101.895269421559,155.0,42689.85388888877,73.0,False,10
6262,830.208,-5819.154389749455,8172.032801376728,157.0,42696.83166666655,87.0,False,10
6263,830.293,-5823.0,8210.0,160.3392832,42700.6821955256,90.9464256,False,10
6264,830.488,-5833.677325562691,8299.615950361123,168.0,42709.898333333214,100.0,False,10
6265,830.493,-5834.0,8302.0,168.156248,42710.139693803125,100.0,False,10
6266,830.653,-5845.0,8378.0,173.156248,42717.989504714686,100.0,False,10
6267,830.808,-5853.365224141916,8437.99229708038,178.0,42725.72055555544,100.0,False,10
6268,830.913,-5864.0,8507.0,180.09999872,42730.97420174419,100.0,False,10
6269,831.008,-5880.050321757859,8605.771125077414,182.0,42735.83166666655,100.0,False,10
6270,831.053,-5887.0,8648.0,183.87499733333334,42738.195090775655,100.0,False,10
6271,831.368,-5903.716871603023,8746.7106722117,197.0,42755.53166666656,100.0,False,10
6272,831.393,-5905.0,8755.0,197.4687488,42756.91947502711,100.0,False,10
6273,831.528,-5914.775965090195,8820.069233933984,200.0,42764.42055555545,100.0,False,10
6274,831.673,-5927.0,8907.0,201.8124992,42772.54899440806,100.0,False,10
6275,831.768,-5933.797407830568,8960.830408115322,203.0,42777.95388888878,100.0,False,10
6276,831.952,-5943.0,9064.0,206.94285714285715,42788.6425688835,100.0,False,10
6277,831.992,-5944.0,9087.0,207.8,42790.96973861006,100.0,False,10
6278,832.048,-5944.956332376563,9110.289545594758,209.0,42794.209444444336,100.0,False,10
6279,832.328,-5944.997200642933,9138.688124578292,206.0,42810.23166666656,100.0,False,10
6280,832.332,-5945.0,9140.0,206.07452942093096,42810.46297784985,98.63362728293258,False,10
6281,832.489,-5945.457690694407,9223.685310502739,209.0,42819.57861111101,45.0,False,10
6282,832.593,-5944.0,9289.0,206.87272727272727,42825.494453784864,45.236363636363635,False,10
6283,832.793,-5934.0,9399.0,202.78181818181818,42836.553322684675,45.69090909090909,False,10
6284,832.929,-5922.872582702684,9473.141227768554,200.0,42844.023055555444,46.0,False,10
6285,832.993,-5917.0,9508.0,199.2,42847.539600203105,50.0,False,10
6286,833.033,-5913.0,9530.0,198.7,42849.738516705795,52.5,False,10
6287,833.089,-5904.556983309065,9564.590781896986,198.0,42852.82305555545,56.0,False,10
6288,833.368,-5826.585209782942,9773.50377328621,200.0,42868.32305555545,59.0,False,10
6289,833.413,-5816.0,9798.0,200.5624992,42870.85246983201,63.6406184,False,10
6290,833.688,-5771.769101389846,9876.044380408544,204.0,42886.45638888878,92.0,False,10
6291,833.773,-5751.0,9904.0,204.84999936,42891.295253060845,95.39999744,False,10
6292,833.888,-5712.224494985951,9955.46288722026,206.0,42897.90083333322,100.0,False,10
6293,833.913,-5703.0,9967.0,206.6249984,42899.356025143265,100.0,False,10
6294,834.113,-5625.0,10053.0,211.6249984,42911.20042016149,100.0,False,10
6295,834.168,-5602.791312250418,10074.952597325526,213.0,42914.46749999988,100.0,False,10
6296,834.293,-5546.0,10127.0,213.0,42921.8692091541,100.0,False,10
6297,834.328,-5526.36616908453,10144.00428439083,213.0,42923.93416666656,100.0,False,10
6298,834.528,-5386.234989915178,10259.047822034629,213.0,42935.767499999885,100.0,False,10
6299,834.593,-5338.0,10297.0,215.70833066666665,42939.73332205399,100.0,False,10
6300,834.768,-5209.26574223172,10394.446378727403,223.0,42950.634166666554,100.0,False,10
6301,835.008,-5046.303370256987,10510.800430631007,224.0,42965.56749999989,100.0,False,10
6302,835.053,-5020.0,10529.0,225.1249984,42968.41675827271,100.0,False,10
6303,835.213,-4935.0,10586.0,229.1249984,42978.71275019646,100.0,False,10
6304,835.328,-4872.957348373132,10625.391353334771,232.0,42986.189722222116,100.0,False,10
6305,835.433,-4815.0,10661.0,233.49999908571428,42993.044106121786,100.0,False,10
6306,835.608,-4716.967742184952,10719.272296493516,236.0,43004.545277777666,100.0,False,10
6307,835.653,-4691.0,10734.0,236.5624992,43007.52366689408,100.0,False,10
6308,835.893,-4550.0,10809.0,239.5624992,43023.55495639039,100.0,False,10
6309,836.008,-4486.213795640014,10841.088497175891,241.0,43031.32305555545,100.0,False,10
6310,836.053,-4453.0,10857.0,241.5624992,43034.377901676344,100.0,False,10
6311,836.273,-4231.0,10959.0,244.3124992,43049.42282462002,100.0,False,10
6312,836.408,-4170.226659489094,10986.3383099474,246.0,43058.656388888776,100.0,False,10
6313,836.568,-4133.037246573639,11002.12623613197,246.0,43069.58972222211,100.0,False,10
6314,836.573,-4131.0,11003.0,246.09999872,43069.93376908383,100.0,False,10
6315,836.768,-4011.770402763489,11054.404839559593,250.0,43083.478611111,100.0,False,10
6316,836.873,-3939.0,11086.0,250.87499946666668,43090.812996976776,100.0,False,10
6317,837.008,-3852.680570609916,11123.764096631843,252.0,43100.278611111,100.0,False,10
6318,837.073,-3811.0,11142.0,252.8124992,43104.85539407845,100.0,False,10
6319,837.168,-3747.7287461063147,11169.592854062073,254.0,43111.56749999989,100.0,False,10
6320,837.353,-3612.0,11229.0,255.3214281142857,43124.7146954527,100.0,False,10
6321,837.448,-3532.34667097439,11264.360009378124,256.0,43131.478611111,100.0,False,10
6322,837.533,-3464.0,11295.0,256.3035712,43137.52788954682,100.0,False,10
6323,837.728,-3338.1559315854925,11352.549274619028,257.0,43151.46749999988,100.0,False,10
6324,837.733,-3335.0,11354.0,257.07499904,43151.82810209018,100.0,False,10
6325,837.928,-3207.3722255026582,11412.97643099735,260.0,43165.911944444335,100.0,False,10
6326,837.973,-3178.0,11427.0,257.7500032,43169.099314332794,79.97502848,False,10
6327,838.033,-3139.0,11446.0,254.7500032,43173.298519941134,53.27502848,False,10
6328,838.128,-3073.621891969597,11478.562183277505,250.0,43179.800833333225,11.0,True,10
6329,838.352,-2919.0,11559.0,234.0,43194.30746052496,2.2,True,10
6330,838.408,-2887.225348983588,11576.542888484371,230.0,43197.689722222116,0.0,True,10
6331,838.728,-2746.7402669258904,11661.763222639405,199.0,43215.378611110995,0.0,True,10
6332,838.772,-2727.0,11674.0,198.12000512,43217.768465199595,0.0,True,10
6333,838.928,-2653.4661963270933,11719.543380160427,195.0,43226.21194444434,0.0,True,10
6334,838.972,-2634.0,11732.0,193.78117031023518,43228.54439589803,0.0,True,10
6335,839.173,-2545.0,11786.0,188.21329696856233,43238.90406679308,0.0,True,10
6336,839.289,-2461.120474182935,11820.299537464276,185.0,43244.76333333322,0.0,True,10
6337,839.373,-2402.0,11841.0,183.1625,43248.97337546824,0.0,True,10
6338,839.609,-2312.5357436465883,11859.33106100766,178.0,43260.585555555444,0.0,False,10
6339,839.813,-2252.0,11850.0,172.9,43270.234218310274,42.7125,False,10
6340,839.929,-2198.094755937734,11842.21971790495,170.0,43275.696666666554,67.0,False,10
6341,839.993,-2168.0,11836.0,170.68817188515052,43278.732513129056,69.98207816898565,False,10
6342,840.053,-2141.0,11828.0,171.33333302747917,43281.5928803838,72.7777764524097,False,10
6343,840.208,-2047.9448767747479,11784.572937023273,173.0,43289.104166666555,80.0,False,10
6344,840.393,-1930.0,11716.0,179.9374976,43298.38832645051,85.39583146666666,False,10
6345,840.448,-1903.7113614386128,11699.031959626867,182.0,43301.23749999989,87.0,False,10
6346,840.728,-1818.2654912031255,11631.10135438489,193.0,43316.248611111005,89.0,False,10
6347,840.853,-1765.0,11593.0,193.0,43322.91926782891,90.5624992,False,10
6348,840.888,-1746.4015930642265,11580.60643756985,193.0,43324.82638888879,91.0,False,10
6349,841.093,-1610.0,11501.0,204.1041632,43336.51494489463,98.6874976,False,10
6350,841.128,-1583.6236708490385,11488.872432796497,206.0,43338.559722222126,100.0,False,10
6351,841.368,-1392.784234695701,11423.149168642867,214.0,43352.82638888879,100.0,False,10
6352,841.453,-1341.0,11408.0,217.1874976,43358.005133770086,100.0,False,10
6353,841.528,-1306.1136297563014,11398.327264947478,220.0,43362.60416666657,100.0,False,10
6354,841.773,-1220.0,11379.0,222.04166613333334,43377.67788412198,100.0,False,10
6355,841.888,-1153.3893548534147,11365.05669023896,223.0,43384.90416666657,100.0,False,10
6356,842.013,-1070.0,11348.0,228.20833066666665,43392.925281481774,100.0,False,10
6357,842.128,-995.2127193854859,11333.31383577835,233.0,43400.4374999999,100.0,False,10
6358,842.233,-930.0,11321.0,235.6249984,43407.39184977749,100.0,False,10
6359,842.448,-794.7061207385852,11295.593225201193,241.0,43421.859722222114,100.0,False,10
6360,842.473,-773.0,11291.0,241.34090821818182,43423.55443173053,100.0,False,10
6361,842.653,-588.0,11249.0,243.79545367272726,43435.82791619912,100.0,False,10
6362,842.888,-466.19966651756,11216.47336121623,247.0,43452.04861111101,100.0,False,10
6363,843.013,-416.0,11199.0,250.1249984,43460.77196562184,100.0,False,10
6364,843.088,-378.6094043969938,11185.408370744019,252.0,43466.04861111101,100.0,False,10
6365,843.488,-107.78928343107245,11077.29734665166,258.0,43494.71527777768,100.0,False,10
6366,843.613,-25.0,11036.0,259.1718744,43503.74761275445,100.0,False,10
6367,843.808,92.83464492463803,10965.635912401962,261.0,43517.915277777676,100.0,False,10
6368,843.913,156.0,10919.0,262.4999990857143,43525.61046001069,100.0,False,10
6369,844.088,266.40568167320396,10821.765622242927,265.0,43538.526388888786,100.0,False,10
6370,844.328,428.2326781243512,10648.783973098512,268.0,43556.393055555454,100.0,False,10
6371,844.488,527.6652680196179,10530.651268368656,271.0,43568.4374999999,100.0,False,10
6372,844.733,635.0,10393.0,272.8641299478261,43587.08702163996,100.0,False,10
6373,845.012,707.0,10277.0,274.98695457391307,43608.621397869894,100.0,False,10
6374,845.272,801.0,10100.0,276.96521739130435,43628.85531766765,100.0,False,10
6375,845.408,844.2950805530736,10004.288066856127,278.0,43639.48194444434,100.0,False,10
6376,845.472,863.0,9959.0,279.28,43644.492868194415,100.0,False,10
6377,845.608,900.3968946165766,9860.648868880951,282.0,43655.14861111101,100.0,False,10
6378,845.773,942.0,9738.0,282.0,43668.0628457374,100.0,False,10
6379,845.809,950.6181653934158,9710.847404575587,282.0,43670.89361111101,100.0,False,10
6380,845.953,983.0,9601.0,283.8,43682.29116116684,100.0,False,10
6381,846.053,1003.0,9524.0,285.05,43690.273088876595,100.0,False,10
6382,846.209,1033.2668393914116,9404.101710610978,287.0,43702.7824999999,100.0,False,10
6383,846.213,1034.0,9401.0,287.05,43703.1040493842,100.0,False,10
6384,846.449,1073.354144163123,9215.16514215667,290.0,43722.11583333324,100.0,False,10
6385,846.453,1074.0,9212.0,290.0,43722.43773449169,100.0,False,10
6386,846.609,1099.1481938875804,9088.480241147976,290.0,43735.00472222213,100.0,False,10
6387,846.693,1112.0,9021.0,292.1132066965709,43741.844712555394,100.0,False,10
6388,846.768,1122.8016630652469,8959.81053610627,294.0,43747.98972222213,100.0,False,10
6389,846.993,1150.0,8778.0,296.4999992888889,43766.561109894,100.0,False,10
6390,847.128,1160.6323543439146,8672.228685278369,298.0,43777.789722222136,100.0,False,10
6391,847.153,1162.0,8647.0,298.22727214545455,43779.87543043813,100.0,False,10
6392,847.393,1166.0,8330.0,300.40909032727274,43799.9954784891,100.0,False,10
6393,847.568,1162.5633300218296,8200.519468540695,302.0,43814.70083333325,100.0,False,10
6394,847.808,1152.2538303342685,8097.253055345943,303.0,43834.900833333246,100.0,False,10
6395,847.813,1152.0,8094.0,303.078124,43835.32485148756,100.0,False,10
6396,847.973,1142.0,7958.0,305.578124,43848.98635349373,100.0,False,10
6397,848.128,1124.8309727778667,7750.911412079621,308.0,43862.27861111103,100.0,False,10
6398,848.153,1122.0,7720.0,308.0,43864.41825649458,100.0,False,10
6399,848.368,1099.8688420714864,7529.254043751176,308.0,43882.81194444436,100.0,False,10
6400,848.453,1089.0,7467.0,308.63749952,43890.12298614574,100.0,False,10
6401,848.653,1048.0,7303.0,310.13749952,43907.41901743006,100.0,False,10
6402,848.768,999.8144678749118,7164.329517923199,311.0,43917.36749999992,100.0,False,10
6403,848.853,966.0,7072.0,311.0,43924.713892896296,100.0,False,10
6404,848.928,945.6957947017224,7016.813916590294,311.0,43931.18972222213,100.0,False,10
6405,849.088,918.9466535475223,6943.655147539652,311.0,43945.011944444355,100.0,False,10
6406,849.093,918.0,6941.0,311.09999872,43945.44638464309,100.0,False,10
6407,849.288,872.6879843012687,6810.978726545906,315.0,43962.511944444355,100.0,False,10
6408,849.433,822.0,6660.0,315.9062496,43975.23728341941,100.0,False,10
6409,849.448,815.6818162821066,6640.93145031385,316.0,43976.5563888888,100.0,False,10
6410,849.673,718.0,6342.0,317.4062496,43996.41943402836,100.0,False,10
6411,849.768,701.1698441204333,6287.794002040553,318.0,44004.82305555548,100.0,False,10
6412,849.953,679.0,6225.0,318.46249984,44021.18901385453,100.0,False,10
6413,850.168,571.0172863367966,5952.030226016998,319.0,44040.267499999914,100.0,False,10
6414,850.213,548.0,5896.0,319.5624992,44044.277464304556,100.0,False,10
6415,850.328,497.4074500539614,5777.943508934179,321.0,44054.53416666658,100.0,False,10
6416,850.648,405.55744923148546,5583.0960979841575,320.0,44082.97861111103,100.0,False,10
6417,850.693,395.0,5557.0,320.2812496,44086.995037493514,100.0,False,10
6418,850.968,338.51974138877017,5384.524230535182,322.0,44111.60083333324,100.0,False,10
6419,851.093,315.0,5286.0,321.2187504,44122.72343209415,100.0,False,10
6420,851.153,304.0,5233.0,320.8437504,44128.0459463664,100.0,False,10
6421,851.288,283.6704029674483,5113.887599524489,320.0,44140.045277777695,100.0,False,10
6422,851.393,272.0,5021.0,320.52499968,44149.40813500754,100.0,False,10
6423,851.488,264.30890866254003,4935.814928225559,321.0,44157.87861111104,100.0,False,10
6424,851.572,260.0,4861.0,320.4750016,44165.3508973905,100.0,False,10
6425,851.648,258.2769162671218,4794.738995831917,320.0,44172.10083333326,100.0,False,10
6426,851.812,261.0,4646.0,319.54444515555554,44186.641356364475,100.0,False,10
6427,852.008,273.4681748262425,4435.0039173254745,319.0,44204.00083333325,100.0,False,10
6428,852.052,277.0,4391.0,319.0,44207.89974629138,100.0,False,10
6429,852.213,291.0,4249.0,319.0,44222.171161094055,100.0,False,10
6430,852.329,301.5472835452465,4148.8490061140255,319.0,44232.44499999992,100.0,False,10
6431,852.393,309.0,4090.0,318.8222222222222,44238.10792585689,100.0,False,10
6432,852.689,363.7608631880019,3783.045124691089,318.0,44264.24499999992,100.0,False,10
6433,852.753,376.0,3726.0,317.68,44269.88296554383,100.0,False,10
6434,852.889,399.9659552061766,3626.3989750891037,317.0,44281.85611111103,100.0,False,10
6435,853.049,431.35828137898096,3522.6238463699037,317.0,44295.94499999992,100.0,False,10
6436,853.093,443.0,3488.0,316.725,44299.81229162551,100.0,False,10
6437,853.209,480.1928653285454,3383.1316686349146,316.0,44309.98944444436,100.0,False,10
6438,853.393,547.0,3208.0,315.23333333333335,44326.089306821974,100.0,False,10
6439,853.449,565.3371012601419,3163.25417164375,315.0,44330.98944444436,100.0,False,10
6440,853.608,612.9218801981997,3055.7372242617844,315.0,44344.90194444437,100.0,False,10
6441,853.693,639.0,2999.0,314.2916672,44352.305969829686,100.0,False,10
6442,853.848,690.7969097280795,2888.430974075444,313.0,44365.76861111104,100.0,False,10
6443,853.933,731.0,2810.0,313.0,44373.1596896486,100.0,False,10
6444,854.128,863.3164647530514,2571.846513397812,313.0,44390.113055555485,100.0,False,10
6445,854.193,900.0,2508.0,312.67500032,44395.748557755694,100.0,False,10
6446,854.528,993.0721535653639,2366.6454640924994,311.0,44424.66861111105,100.0,False,10
6447,854.533,995.0,2364.0,310.9791669333333,44425.09892955536,100.0,False,10
6448,854.733,1097.0,2226.0,310.1458336,44442.28194612409,100.0,False,10
6449,855.008,1251.250363146609,2045.1148364604624,309.0,44465.868611111044,100.0,False,10
6450,855.033,1266.0,2029.0,309.0,44468.014477320365,100.0,False,10
6451,855.208,1372.1144437925714,1916.6733066066831,309.0,44483.035277777715,100.0,False,10
6452,855.253,1398.0,1890.0,308.83928594285715,44486.89294318088,100.0,False,10
6453,855.488,1519.9550912718723,1769.0417487821387,308.0,44506.99083333327,100.0,False,10
6454,855.613,1612.0,1683.0,306.75000064,44517.63684906317,100.0,False,10
6455,855.688,1684.382505648282,1616.4858499843476,306.0,44523.99083333327,100.0,False,10
6456,855.793,1786.0,1524.0,304.5000009142857,44532.82834230417,100.0,False,10
6457,855.968,1883.335163637478,1437.643361719128,302.0,44547.47972222215,100.0,False,10
6458,856.128,1940.0538702272713,1390.3284803067666,301.0,44560.85749999994,100.0,False,10
6459,856.173,1963.0,1371.0,299.1718776,44564.57044734518,100.0,False,10
6460,856.333,2064.0,1286.0,292.6718776,44577.53210281988,100.0,False,10
6461,856.448,2135.880490611389,1227.4529507630903,288.0,44586.45749999993,100.0,True,10
6462,856.573,2211.0,1168.0,275.94643474285715,44595.71700323469,100.0,True,10
6463,856.728,2302.2818515330387,1097.3876247902078,261.0,44606.757499999934,100.0,True,10
6464,856.773,2328.0,1078.0,258.97500288,44609.92051890046,77.500032,True,10
6465,856.928,2413.447582482518,1015.7367535871415,252.0,44620.757499999934,0.0,True,10
6466,856.993,2449.0,991.0,252.0,44625.347293476254,0.0,True,10
6467,857.153,2537.0,933.0,252.0,44636.63623828713,0.0,True,10
6468,857.208,2566.6980901264283,914.6302383274152,252.0,44640.357499999925,0.0,True,10
6469,857.373,2654.0,866.0,233.85000704,44650.95374720139,0.0,True,10
6470,857.408,2672.352985059546,857.3035095145424,230.0,44653.13527777771,0.0,True,10
6471,857.533,2738.0,831.0,225.62500224,44660.80193947404,0.0,True,10
6472,857.808,2889.0735419511675,798.6968538962444,216.0,44677.13527777771,0.0,False,10
6473,857.873,2927.0,796.0,214.14285897142858,44680.936935841135,0.0,False,10
6474,858.088,3057.9003357845304,799.589475677007,208.0,44693.31305555548,0.0,False,10
6475,858.113,3073.0,801.0,207.1666688,44694.72338159436,0.0,False,10
6476,858.212,3132.0,808.0,203.8666752,44700.24597521941,0.0,False,10
6477,858.328,3200.339518081965,816.5365071624733,200.0,44706.646388888825,0.0,False,10
6478,858.512,3302.0,830.0,198.275,44716.73456167498,24.15,False,10
6479,858.648,3369.989844654478,840.215837437196,197.0,44724.15749999993,42.0,False,10
6480,858.692,3400.0,844.0,196.78109573129416,44726.555355720106,44.4079469557642,False,10
6481,858.849,3544.1415014121944,859.1323062649045,196.0,44735.10083333327,53.0,False,10
6482,858.873,3563.0,861.0,196.0,44736.40668124122,53.75,False,10
6483,859.009,3633.051670031973,867.6601351263298,196.0,44743.81194444437,58.0,False,10
6484,859.169,3668.5649868181968,869.4108116715155,196.0,44752.52305555549,49.0,False,10
6485,859.233,3692.0,870.0,194.0,44755.94000468963,47.8,False,10
6486,859.329,3739.090001641524,870.9161149035107,191.0,44761.01194444437,46.0,False,10
6487,859.433,3797.0,871.0,190.74,44766.50432747342,48.6,False,10
6488,859.613,3891.0,866.0,190.29,44776.00716700591,53.1,False,10
6489,859.729,3951.154825471326,858.3440729338121,190.0,44782.123055555494,56.0,False,10
6490,859.773,3973.0,855.0,190.0,44784.44089225137,57.1,False,10
6491,860.089,4122.044112955885,815.6936088906772,190.0,44801.123055555494,65.0,False,10
6492,860.133,4150.0,802.0,190.5511481518299,44803.46923571985,68.21503088567437,False,10
6493,860.353,4313.0,705.0,193.30688891097935,44815.30720854267,84.29018531404623,False,10
6494,860.568,4413.290079492659,631.426946981605,196.0,44827.20194444437,100.0,False,10
6495,860.733,4472.0,581.0,200.94999808,44836.61845286131,100.0,False,10
6496,860.968,4568.6100974308965,498.12169524188164,208.0,44850.31305555548,100.0,False,10
6497,861.173,4650.0,428.0,211.4166656,44862.36399256937,100.0,False,10
6498,861.208,4662.362999609943,417.28333495193334,212.0,44864.44638888881,100.0,False,10
6499,861.493,4760.0,333.0,218.2343736,44881.74775631573,100.0,False,10
6500,861.528,4774.880803364188,320.46252877328465,219.0,44883.91305555549,100.0,False,10
6501,861.688,4851.762382147173,256.42828672062683,225.0,44893.91305555549,100.0,False,10
6502,861.733,4874.0,238.0,225.74999893333333,44896.74781165806,100.0,False,10
6503,861.928,4969.576540492755,159.00350113152075,229.0,44909.17972222215,100.0,False,10
6504,861.933,4972.0,157.0,229.1249984,44909.50346593297,100.0,False,10
6505,862.053,5030.0,109.0,232.1249984,44917.355313105276,100.0,False,10
6506,862.328,5167.394171294604,-5.412070830558236,239.0,44935.73527777771,100.0,False,10
6507,862.353,5180.0,-16.0,239.37499904,44937.410972749654,100.0,False,10
6508,862.528,5268.4536010972515,-90.8306946277683,242.0,44949.17972222215,100.0,False,10
6509,862.533,5271.0,-93.0,242.07142765714286,44949.51835654625,100.0,False,10
6510,862.793,5405.0,-208.0,245.78571337142859,44967.28656378559,100.0,False,10
6511,862.808,5412.776787607712,-214.68037600160523,246.0,44968.31305555548,100.0,False,10
6512,862.993,5509.0,-297.0,246.77083306666665,44980.97366025169,100.0,False,10
6513,863.048,5537.790598481576,-321.34985201203534,247.0,44984.779722222156,100.0,False,10
6514,863.193,5614.0,-386.0,251.34999808,44994.951239801594,100.0,False,10
6515,863.248,5642.93175478045,-411.2029218249831,253.0,44998.83527777772,100.0,False,10
6516,863.448,5748.201748124776,-506.28527214857365,255.0,45013.001944444375,100.0,False,10
6517,863.648,5853.568337189761,-606.753425680889,256.0,45027.22416666661,100.0,False,10
6518,864.088,6058.964029468429,-821.6894160673503,260.0,45059.001944444375,100.0,False,10
6519,864.093,6061.0,-824.0,260.04999936,45059.3651025922,100.0,False,10
6520,864.288,6137.43846122305,-915.2937061046842,262.0,45073.55749999994,100.0,False,10
6521,864.393,6196.0,-996.0,262.5833329777778,45081.23944226939,100.0,False,10
6522,864.553,6311.0,-1165.0,263.47222186666664,45092.98983262126,100.0,False,10
6523,864.648,6352.471177331101,-1227.296423502549,264.0,45099.957499999946,100.0,False,10
6524,864.808,6374.757027318624,-1265.2492047949145,264.0,45111.69083333327,100.0,False,10
6525,864.912,6402.0,-1317.0,265.48571428571427,45119.39148091286,100.0,False,10
6526,865.088,6488.322640136888,-1480.5236230740186,268.0,45132.535277777715,100.0,False,10
6527,865.192,6533.0,-1566.0,268.5761773874664,45140.325089499514,100.0,False,10
6528,865.449,6581.094514785228,-1671.5203405508587,270.0,45159.61027777771,100.0,False,10
6529,865.473,6588.0,-1689.0,270.0,45161.410073985535,100.0,False,10
6530,865.729,6710.268162009818,-2002.713327231306,270.0,45180.61027777771,100.0,False,10
6531,865.813,6744.0,-2090.0,270.42,45186.9282225581,100.0,False,10
6532,865.929,6773.093862681586,-2166.136329333523,271.0,45195.66583333326,100.0,False,10
6533,866.249,6818.654089989081,-2300.0564305500056,272.0,45219.84361111105,100.0,False,10
6534,866.253,6820.0,-2304.0,272.0375,45220.14765445248,100.0,False,10
6535,866.433,6894.0,-2520.0,273.725,45233.8874004526,100.0,False,10
6536,866.569,6929.527966927004,-2623.9257728935963,275.0,45244.28805555549,100.0,False,10
6537,866.729,6946.601483213657,-2674.8695318595087,275.0,45256.51027777771,100.0,False,10
6538,866.853,6967.0,-2737.0,275.62155378501393,45266.01924366645,100.0,False,10
6539,867.033,7010.0,-2869.0,276.523809279389,45279.88303728876,100.0,False,10
6540,867.128,7029.431271392894,-2929.9025176834816,277.0,45287.21111111104,100.0,False,10
6541,867.213,7052.0,-3001.0,277.3035712,45293.77252908399,100.0,False,10
6542,867.393,7127.0,-3236.0,277.94642834285713,45307.675072862156,100.0,False,10
6543,867.408,7132.173496380847,-3252.165711924292,278.0,45308.83333333327,100.0,False,10
6544,867.608,7169.8182663207435,-3368.898097055312,278.0,45324.27777777771,100.0,False,10
6545,867.808,7193.091893879759,-3439.238905169171,278.0,45339.722222222146,80.0,False,10
6546,867.813,7194.0,-3442.0,277.92857234285714,45340.105981074375,78.57144685714286,False,10
6547,868.073,7256.0,-3632.0,274.2142866285714,45359.89435610034,4.285732571428577,False,10
6548,868.088,7259.556507529755,-3643.0871711135783,274.0,45361.03333333325,0.0,False,10
6549,868.173,7279.0,-3704.0,272.229168,45367.4894664709,0.0,False,10
6550,868.328,7313.49201398587,-3812.1151563511703,269.0,45378.96666666659,0.0,True,10
6551,868.373,7324.0,-3847.0,263.375008,45382.118128512884,0.0,True,10
6552,868.528,7363.178660433445,-3986.926993282903,244.0,45392.52222222215,0.0,True,10
6553,868.733,7407.0,-4156.0,235.21428845714286,45406.00824588277,0.0,True,10
6554,868.808,7415.373184332979,-4190.825204826558,232.0,45410.56666666659,0.0,True,10
6555,869.033,7427.0,-4255.0,205.00000768,45422.469372132866,0.0,True,10
6556,869.208,7442.529987192052,-4345.410343130093,184.0,45431.011111111045,0.0,True,10
6557,869.213,7443.0,-4348.0,183.7500032,45431.25769173095,0.0,True,10
6558,869.408,7460.838442570491,-4439.258338146714,174.0,45440.67777777772,0.0,True,10
6559,869.433,7463.0,-4450.0,171.32955229090908,45441.76785372438,0.0,True,10
6560,869.733,7486.0,-4570.0,139.28409774545455,45452.45828335974,0.0,True,10
6561,869.848,7493.141088190923,-4616.867172828656,127.0,45456.19999999994,0.0,True,10
6562,869.973,7499.0,-4662.0,123.52777955555555,45460.31181735922,0.0,True,10
6563,870.208,7502.820046035919,-4713.975810308461,117.0,45467.899999999936,0.0,True,10
6564,870.253,7503.0,-4724.0,115.42500224,45469.27233808969,0.0,True,10
6565,870.513,7499.0,-4799.0,106.32500224,45476.72099863904,0.0,True,10
6566,870.608,7491.531115219426,-4834.8521102734785,103.0,45479.344444444374,0.0,True,10
6567,870.753,7477.0,-4887.0,99.89285851428572,45483.2947587425,0.0,True,10
6568,870.888,7466.47795527287,-4915.28253303311,97.0,45486.88888888882,0.0,False,10
6569,871.113,7446.0,-4943.0,94.1875008,45492.65194655783,15.187495680000001,False,10
6570,871.253,7423.0,-4969.0,92.4375008,45496.21107246989,24.63749568,False,10
6571,871.288,7416.370212737658,-4975.168501966111,92.0,45497.11111111104,27.0,False,10
6572,871.448,7382.371406382662,-4999.708381177375,94.0,45501.28888888881,48.0,False,10
6573,871.532,7363.0,-5011.0,96.0999936,45503.54624296907,50.0999936,False,10
6574,871.608,7344.811376777583,-5020.488667234533,98.0,45505.64444444438,52.0,False,10
6575,871.792,7298.0,-5041.0,101.86859428067021,45510.99540546385,55.62680713812833,False,10
6576,871.953,7254.0,-5057.0,105.25361293065865,45515.9922822003,58.80026212249248,False,10
6577,872.193,7185.0,-5080.0,110.29960547066327,45523.83596482746,63.530880128746816,False,10
6578,872.369,7120.001899581769,-5099.521832815712,114.0,45529.742777777705,67.0,False,10
6579,872.413,7105.0,-5104.0,116.2,45531.2395048731,68.1,False,10
6580,872.569,7061.174716464019,-5117.300381574049,124.0,45536.631666666595,72.0,False,10
6581,872.673,7032.0,-5126.0,127.03333333333333,45540.33487949161,73.3,False,10
6582,872.809,6986.670394204411,-5139.024428759739,131.0,45545.36499999993,75.0,False,10
6583,872.973,6925.0,-5156.0,138.61428571428573,45551.8084404815,88.47142857142858,False,10
6584,873.089,6879.718539117501,-5167.902857446524,144.0,45556.56499999993,98.0,False,10
6585,873.193,6839.0,-5179.0,148.0857142857143,45560.942338337,98.74285714285715,False,10
6586,873.273,6808.0,-5188.0,151.22857142857143,45564.384820484614,99.31428571428572,False,10
6587,873.369,6769.527706091036,-5198.484381361221,155.0,45568.62055555549,100.0,False,10
6588,873.553,6692.0,-5218.0,161.15041673084494,45577.064962210934,100.0,False,10
6589,873.728,6615.2164009692715,-5237.278397175811,167.0,45585.2741666666,100.0,False,10
6590,873.833,6568.0,-5249.0,167.87499946666668,45590.184974985284,100.0,False,10
6591,873.968,6506.179400095594,-5264.048318281455,169.0,45596.54083333326,100.0,False,10
6592,874.053,6466.0,-5273.0,170.8214272,45600.60827134055,100.0,False,10
6593,874.113,6437.0,-5279.0,172.1071414857143,45603.510219670396,100.0,False,10
6594,874.248,6372.935552421311,-5293.733618490444,175.0,45610.151944444384,100.0,False,10
6595,874.293,6351.0,-5299.0,176.9687472,45612.40247128099,100.0,False,10
6596,874.408,6292.276986577196,-5313.15117946837,182.0,45618.24083333327,100.0,False,10
6597,874.673,6152.0,-5348.0,187.7968736,45632.14079933168,100.0,False,10
6598,874.728,6124.7191298157995,-5355.189288904486,189.0,45635.04083333326,100.0,False,10
6599,874.888,6049.253031246595,-5375.940441445818,189.0,45643.44083333327,100.0,False,10
6600,875.033,5979.0,-5395.0,189.0,45650.99394478054,100.0,False,10
6601,875.168,5909.102002456462,-5413.150272065097,189.0,45658.140833333266,100.0,False,10
6602,875.273,5853.0,-5427.0,192.14999808,45663.88031910245,100.0,False,10
6603,875.453,5756.0,-5450.0,197.54999808,45674.01922705112,100.0,False,10
6604,875.568,5695.34462962845,-5466.198272689898,201.0,45680.474166666594,100.0,False,10
6605,875.613,5672.0,-5473.0,200.55000064,45682.98362593411,100.0,False,10
6606,875.768,5590.254726084744,-5498.560092988013,199.0,45691.52972222214,100.0,False,10
6607,875.793,5575.0,-5503.0,198.3750016,45692.88701737748,91.2500224,False,10
6608,875.973,5453.0,-5535.0,193.8750016,45702.49452381872,28.250022400000002,False,10
6609,876.048,5413.828210965415,-5544.6392537004685,192.0,45706.463055555476,2.0,True,10
6610,876.313,5277.0,-5560.0,189.05555626666666,45720.40073875165,0.5277781333333332,True,10
6611,876.408,5179.250431569095,-5561.057910815232,188.0,45725.26305555548,0.0,False,10
6612,876.433,5156.0,-5561.0,187.10714514285715,45726.525589443,0.0,False,10
6613,876.688,5056.6493220351895,-5552.409426052383,178.0,45739.107499999925,0.0,False,10
6614,876.833,5024.0,-5539.0,176.96428617142857,45746.213784723164,0.0,False,10
6615,876.968,4969.339692899635,-5520.039596839322,176.0,45752.79638888882,0.0,False,10
6616,877.093,4908.0,-5494.0,175.06250048,45758.83880145183,0.0,False,10
6617,877.333,4793.0,-5421.0,173.26250048,45770.34238394712,0.0,False,10
6618,877.368,4779.132553023345,-5410.785731590891,173.0,45772.01861111104,0.0,False,10
6619,877.673,4684.0,-5326.0,173.0,45786.66859311932,67.6718608,False,10
6620,877.688,4679.138492028756,-5320.987619660089,173.0,45787.39638888881,71.0,False,10
6621,877.853,4624.0,-5261.0,174.83333262222223,45795.46341244837,75.1249984,False,10
6622,878.048,4564.4480002046475,-5187.486982796181,177.0,45805.09638888881,80.0,False,10
6623,878.072,4556.0,-5176.0,177.3,45806.28546163764,83.0,False,10
6624,878.208,4500.488847311658,-5096.542492879323,179.0,45813.05194444436,100.0,False,10
6625,878.312,4459.0,-5034.0,180.61993801768236,45818.29260533331,100.0,False,10
6626,878.529,4396.996971275496,-4931.607983283951,184.0,45829.45861111104,100.0,False,10
6627,878.729,4358.16802744326,-4857.885497305666,191.0,45840.06972222215,100.0,False,10
6628,878.773,4350.0,-4842.0,191.61111111111111,45842.43327247168,100.0,False,10
6629,879.053,4297.0,-4736.0,195.5,45857.68385746113,100.0,False,10
6630,879.089,4288.726781297715,-4719.274239395187,196.0,45859.669722222156,100.0,False,10
6631,879.233,4253.0,-4647.0,197.8,45867.6692693955,100.0,False,10
6632,879.473,4194.0,-4527.0,200.8,45881.10883394243,100.0,False,10
6633,879.489,4189.499640985281,-4517.616196411039,201.0,45882.003055555484,100.0,False,10
6634,879.649,4141.538563712106,-4416.018692627914,199.0,45890.847499999916,55.0,True,10
6635,879.673,4135.0,-4402.0,197.6909090909091,45892.127482182215,52.0,True,10
6636,879.913,4082.0,-4287.0,184.6,45904.09604318411,22.0,True,10
6637,880.089,4044.8446836703174,-4208.066633899807,175.0,45912.23638888881,0.0,True,10
6638,880.233,4017.0,-4147.0,167.77743091612672,45918.630201132415,0.0,True,10
6639,880.273,4010.0,-4131.0,165.77116172616192,45920.3695482872,0.0,True,10
6640,880.408,3982.7118708484286,-4076.304509304054,159.0,45926.32555555548,0.0,True,10
6641,880.513,3961.0,-4037.0,159.0,45931.05721113745,0.0,True,10
6642,880.608,3943.342802558392,-4006.4826040382854,159.0,45935.15888888881,0.0,True,10
6643,880.768,3910.195973739373,-3953.2272221916674,138.0,45941.29222222214,0.0,True,10
6644,880.793,3903.0,-3942.0,136.958336,45942.211414657926,0.0,True,10
6645,880.993,3836.0,-3839.0,128.62500266666666,45949.31567942789,0.0,True,10
6646,881.008,3832.4050573631657,-3833.503576978413,128.0,45949.82555555548,0.0,True,10
6647,881.168,3814.048054374006,-3805.64078640311,118.0,45955.06999999992,0.0,True,10
6648,881.313,3804.0,-3792.0,113.7708352,45959.61235536011,0.0,True,10
6649,881.408,3790.9235220671285,-3774.4088089833017,111.0,45962.469999999914,0.0,True,10
6650,881.553,3759.0,-3737.0,105.82143085714286,45966.6287529157,0.0,True,10
6651,881.688,3713.649698247121,-3695.066449724635,101.0,45970.32555555548,0.0,True,10
6652,881.773,3685.0,-3672.0,98.5208352,45972.58745100697,0.0,True,10
6653,881.928,3643.366140180713,-3646.1381553957235,94.0,45976.59222222214,0.0,True,10
6654,882.128,3605.9114389480583,-3636.4597204241377,90.0,45981.59222222214,0.0,True,10
6655,882.213,3592.0,-3634.0,89.57500032,45983.70966434934,0.0,True,10
6656,882.328,3574.711315370619,-3631.5659360635136,89.0,45986.536666666594,0.0,False,10
6657,882.553,3538.0,-3631.0,85.62500096,45991.76330501211,3.3749990399999996,False,10
6658,882.728,3496.1296030366107,-3636.0916456426166,83.0,45995.75888888881,6.0,False,10
6659,882.813,3476.0,-3640.0,83.42499968,45997.731645481064,12.374995199999999,False,10
6660,882.928,3451.9579878878985,-3646.5606201078663,84.0,46000.42555555547,21.0,False,10
6661,883.073,3419.0,-3661.0,84.72499968,46003.844965481156,28.97499648,False,10
6662,883.128,3402.938361585175,-3669.721406142537,85.0,46005.1477777777,32.0,False,10
6663,883.253,3363.0,-3694.0,85.52083306666667,46008.119675568756,36.6874976,False,10
6664,883.368,3330.065091406065,-3717.2692032259747,86.0,46010.881111111026,41.0,False,10
6665,883.608,3274.7753944226192,-3767.756744342975,88.0,46016.747777777695,47.0,False,10
6666,883.968,3214.150104373954,-3849.4708287693793,91.0,46025.847777777686,53.0,False,10
6667,884.113,3191.0,-3885.0,101.8749952,46029.983350240116,62.062496,False,10
6668,884.128,3188.6359593064108,-3888.7622152365166,103.0,46030.42555555547,63.0,False,10
6669,884.273,3166.0,-3926.0,106.1718736,46034.821542714795,64.8124992,False,10
6670,884.448,3138.689301054171,-3973.2079598270584,110.0,46040.20333333324,67.0,False,10
6671,884.533,3125.0,-3997.0,110.0,46042.74684548078,69.54999808,False,10
6672,884.648,3105.773783223713,-4030.0602767399128,110.0,46046.314444444346,73.0,False,10
6673,884.752,3087.0,-4061.0,118.23333333333333,46049.920223741065,76.46666666666667,False,10
6674,884.888,3060.0898507077063,-4102.597699737059,129.0,46054.91444444435,81.0,False,10
6675,884.932,3052.0,-4115.0,129.32917519468134,46056.516278815325,80.01247441595602,False,10
6676,885.213,2990.0,-4194.0,131.43142135563832,46066.715958774046,73.70573593308504,False,10
6677,885.289,2950.030145789605,-4231.746790699846,132.0,46069.617777777676,72.0,False,10
6678,885.373,2903.0,-4274.0,137.775,46072.927279961485,70.95,False,10
6679,885.449,2869.765888571269,-4302.472928375742,143.0,46075.97333333324,70.0,False,10
6680,885.769,2792.8633811767586,-4351.142627652131,145.0,46088.86222222213,0.0,False,10
6681,885.813,2780.0,-4358.0,144.45,46090.61031165166,0.0,False,10
6682,885.993,2717.0,-4391.0,142.2,46097.698914928435,0.0,False,10
6683,886.009,2711.3303528028064,-4393.748788085868,142.0,46098.32888888879,0.0,False,10
6684,886.153,2659.0,-4416.0,142.0,46104.00750845003,13.2,False,10
6685,886.249,2616.3416105036285,-4429.550694871193,142.0,46107.795555555465,22.0,False,10
6686,886.493,2501.0,-4457.0,142.0,46117.41849219515,45.528571428571425,False,10
6687,886.529,2488.251895690671,-4459.558070571647,142.0,46118.83999999991,49.0,False,10
6688,886.689,2447.1063087426087,-4466.005789819904,142.0,46125.151111111016,59.0,False,10
6689,886.849,2396.9874730945908,-4462.852861403669,140.0,46131.373333333235,59.0,False,10
6690,886.893,2375.0,-4460.0,140.0,46133.07196836964,59.5523011073336,False,10
6691,887.088,2251.0846441707217,-4440.098989138799,140.0,46140.66777777768,62.0,False,10
6692,887.113,2239.0,-4438.0,141.041664,46141.67632185714,62.6249984,False,10
6693,887.328,2193.1761304044076,-4427.818830002951,150.0,46150.66777777768,68.0,False,10
6694,887.413,2169.0,-4419.0,151.3522717090909,46154.31046524223,69.35227170909091,False,10
6695,887.693,2017.0,-4362.0,155.80681716363637,46166.55038989597,73.80681716363637,False,10
6696,887.768,1988.4168066447548,-4349.898690335165,157.0,46169.85666666657,75.0,False,10
6697,888.033,1927.0,-4314.0,161.73214171428572,46181.750405100334,78.78571337142857,False,10
6698,888.048,1922.5070675304808,-4311.050598827862,162.0,46182.45666666658,79.0,False,10
6699,888.293,1826.0,-4243.0,175.12499657142857,46194.50046000899,97.3749952,False,10
6700,888.328,1809.2089705133747,-4229.632524226155,177.0,46196.22333333324,100.0,False,10
6701,888.488,1725.284756249944,-4158.037510047763,177.0,46204.08999999991,100.0,False,10
6702,888.593,1679.0,-4117.0,183.12499626666667,46209.554336283065,100.0,False,10
6703,888.728,1638.5741480631757,-4080.078156059177,191.0,46216.82333333323,100.0,False,10
6704,888.893,1594.0,-4038.0,193.74999893333333,46225.7243343178,100.0,False,10
6705,888.968,1564.995541845549,-4010.8479860661914,195.0,46229.82333333323,100.0,False,10
6706,889.053,1529.0,-3977.0,197.97499776,46234.53127886103,100.0,False,10
6707,889.168,1481.7824131342434,-3931.810868111462,202.0,46241.045555555465,100.0,False,10
6708,889.353,1406.0,-3858.0,211.2499968,46251.93372237118,100.0,False,10
6709,889.368,1399.6069828194,-3851.7592501809418,212.0,46252.82333333325,100.0,False,10
6710,889.553,1320.0,-3774.0,214.3124992,46263.8234084554,100.0,False,10
6711,889.608,1297.9269109319468,-3752.4790113938643,215.0,46267.156666666575,100.0,False,10
6712,889.768,1233.0095630353835,-3689.230341296675,223.0,46277.06777777769,100.0,False,10
6713,889.833,1196.0,-3653.0,224.08333226666667,46281.142694685885,100.0,False,10
6714,890.008,1063.6297687487952,-3522.980867876227,227.0,46292.20111111102,100.0,False,10
6715,890.073,1024.0,-3484.0,227.97499904,46296.32978079401,100.0,False,10
6716,890.208,980.1969565372668,-3440.833437942376,230.0,46304.9788888888,100.0,False,10
6717,890.368,952.3743688452292,-3413.3530687885045,235.0,46315.42333333325,100.0,False,10
6718,890.373,951.0,-3412.0,235.0,46315.74932517488,100.0,False,10
6719,890.528,891.8442291919744,-3353.848890612549,235.0,46325.86777777769,100.0,False,10
6720,890.613,837.0,-3300.0,237.656248,46331.5584188065,100.0,False,10
6721,890.793,681.0,-3147.0,243.281248,46343.89345221491,100.0,False,10
6722,890.848,649.6897021652845,-3116.4346485746755,245.0,46347.64555555547,100.0,False,10
6723,891.048,608.3296324606597,-3076.830287512024,245.0,46361.25666666658,100.0,False,10
6724,891.113,591.0,-3060.0,247.92499712,46365.787316140006,100.0,False,10
6725,891.248,533.8714340309488,-3003.929737662172,254.0,46375.367777777705,100.0,False,10
6726,891.452,420.0,-2892.0,258.3714230857143,46390.05667660353,100.0,False,10
6727,891.528,380.2050572594099,-2853.1541517907303,260.0,46395.589999999924,100.0,False,10
6728,891.613,337.0,-2811.0,261.32398680602853,46401.81734688993,100.0,False,10
6729,891.813,233.0,-2709.0,264.43925222464844,46416.56954498323,100.0,False,10
6730,891.849,211.45672034938724,-2687.9046359557506,265.0,46419.21916666659,100.0,False,10
6731,892.089,56.66674775697606,-2536.4634216225695,265.0,46436.88583333325,100.0,False,10
6732,892.113,44.0,-2524.0,265.6,46438.67216947276,100.0,False,10
6733,892.289,-27.587570409595738,-2452.962448903484,270.0,46451.88583333325,100.0,False,10
6734,892.373,-62.0,-2419.0,270.525,46458.21202668421,100.0,False,10
6735,892.593,-181.0,-2303.0,271.9,46474.84609299795,100.0,False,10
6736,892.609,-191.54714883737748,-2292.72238752917,272.0,46476.06361111102,100.0,False,10
6737,892.953,-443.0,-2048.0,275.8222222222222,46502.43710863126,100.0,False,10
6738,892.969,-452.06295454435764,-2039.2864334642543,276.0,46503.66361111103,100.0,False,10
6739,893.129,-522.1608270803221,-1972.8454436652578,276.0,46515.93027777769,100.0,False,10
6740,893.293,-588.0,-1911.0,277.8222222222222,46528.64349026498,100.0,False,10
6741,893.489,-700.3090777124721,-1804.042367423956,280.0,46543.93027777769,100.0,False,10
6742,893.533,-736.0,-1770.0,280.0,46547.353697009894,100.0,False,10
6743,893.728,-924.2463091962142,-1590.5717897882232,280.0,46562.51916666656,100.0,False,10
6744,893.733,-928.0,-1587.0,280.02499968,46562.909074581155,100.0,False,10
6745,894.073,-1041.0,-1480.0,281.72499968,46589.54395042188,100.0,False,10
6746,894.128,-1064.3399473707182,-1457.668156855657,282.0,46593.852499999906,100.0,False,10
6747,894.353,-1200.0,-1328.0,282.0,46611.47286046042,100.0,False,11
6748,894.368,-1210.2290310556068,-1318.3126828997392,282.0,46612.65249999991,100.0,False,11
6749,894.593,-1372.0,-1166.0,284.4107136,46630.44990387422,100.0,False,11
6750,894.648,-1410.6839763422665,-1129.4530363928284,285.0,46634.81916666658,100.0,False,11
6751,894.993,-1636.0,-915.0,286.5681815272727,46662.32278498841,100.0,False,11
6752,895.088,-1692.471030920525,-861.099996359932,287.0,46669.89694444435,100.0,False,11
6753,895.288,-1802.8672789252591,-755.6775898479493,287.0,46685.8413888888,100.0,False,11
6754,895.393,-1855.0,-706.0,287.74999954285715,46694.25531955712,100.0,False,11
6755,895.568,-1932.469892195325,-632.4171650885086,289.0,46708.31916666658,100.0,False,11
6756,895.768,-2019.3137014584674,-550.0567284507322,289.0,46724.37472222214,100.0,False,11
6757,895.833,-2053.0,-518.0,289.2321426285714,46729.60371487099,100.0,False,11
6758,896.013,-2158.0,-418.0,289.8749997714286,46744.11034044079,100.0,False,11
6759,896.048,-2178.632671068222,-398.43449499933905,290.0,46746.93027777769,100.0,False,11
6760,896.213,-2275.0,-307.0,290.0,46760.21579900033,100.0,False,11
6761,896.328,-2342.187463065424,-242.25541206887607,290.0,46769.48583333325,100.0,False,11
6762,896.353,-2356.0,-229.0,290.0781248,46771.50372941702,100.0,False,11
6763,896.648,-2527.4472240867203,-67.3170140960854,291.0,46795.35249999992,100.0,False,11
6764,896.653,-2532.0,-63.0,290.9464292571429,46795.75624486257,98.21430857142857,False,11
6765,896.833,-2718.0,114.0,289.01785782857144,46810.25459839236,33.92859428571428,False,11
6766,896.928,-2774.6096824697497,167.86568491494424,288.0,46817.752499999915,0.0,False,11
6767,897.173,-2832.0,222.0,278.4722247111111,46836.4004246986,0.0,False,11
6768,897.288,-2894.2553003366415,280.74587387022336,274.0,46845.152499999924,0.0,True,11
6769,897.333,-2921.0,306.0,274.0,46848.61450313838,0.0,True,11
6770,897.448,-2987.9033556227682,369.22516506318686,274.0,46857.3302777777,0.0,True,11
6771,897.693,-3120.0,494.0,243.375008,46873.50204277056,0.0,True,11
6772,897.768,-3156.091844374505,527.9415924388435,234.0,46878.1302777777,0.0,True,11
6773,897.872,-3205.0,574.0,225.45714285714286,46884.45008311453,0.0,True,11
6774,898.048,-3291.4547558596128,656.3394095705395,211.0,46894.541388888814,0.0,True,11
6775,898.112,-3320.0,684.0,203.90858600041415,46897.86854563109,0.0,True,11
6776,898.409,-3422.4761540940785,789.4664143564265,171.0,46911.688888888806,0.0,True,11
6777,898.493,-3453.0,825.0,169.25,46915.58291661396,0.0,True,11
6778,898.649,-3517.0554824941564,904.3568387530804,166.0,46922.75555555547,0.0,True,11
6779,898.713,-3541.0,936.0,162.8,46925.5878286909,0.0,True,11
6780,898.849,-3581.487240721114,994.6306530219128,156.0,46931.42222222214,0.0,True,11
6781,899.049,-3620.097687762566,1066.9707017307808,149.0,46939.699999999924,0.0,True,11
6782,899.113,-3630.0,1091.0,147.13333333333333,46942.26367174933,0.0,True,11
6783,899.289,-3651.9406236100854,1160.5915216855194,142.0,46949.166666666584,0.0,False,11
6784,899.553,-3670.0,1249.0,140.11428571428573,46959.44244284404,0.0,False,11
6785,899.569,-3670.5061441026987,1252.4198795279501,140.0,46960.055555555475,0.0,False,11
6786,899.809,-3671.0687616596056,1293.9017462146714,136.0,46969.12222222214,39.0,False,11
6787,899.813,-3671.0,1295.0,136.0,46969.27296183877,39.38,False,11
6788,900.009,-3665.0493208380394,1370.1052943783607,136.0,46976.6777777777,58.0,False,11
6789,900.053,-3663.0,1388.0,136.4125,46978.34584330303,58.825,False,11
6790,900.253,-3650.0,1466.0,138.2875,46986.00371095275,62.575,False,11
6791,900.329,-3643.036819075765,1499.418934788632,139.0,46989.03333333325,64.0,False,11
6792,900.528,-3620.713240808788,1595.4436800229867,150.0,46997.324999999924,69.0,False,11
6793,900.613,-3612.0,1631.0,152.1249984,47000.95616182283,72.035712,False,11
6794,900.808,-3595.3736372024987,1695.4409174796017,157.0,47009.536111111025,79.0,False,11
6795,900.913,-3586.0,1733.0,162.2499968,47014.38488662845,78.56250026666666,False,11
6796,901.048,-3572.1095279294163,1792.5214735084373,169.0,47020.8027777777,78.0,False,11
6797,901.113,-3566.0,1823.0,170.6249984,47023.93732142661,78.0,False,11
6798,901.293,-3554.0,1907.0,175.1249984,47032.75701204207,78.0,False,11
6799,901.328,-3552.5974093429486,1922.7720616442903,176.0,47034.49166666658,78.0,False,11
6800,901.493,-3551.0,2004.0,179.0937488,47042.75148643147,78.0,False,11
6801,901.648,-3559.463083765945,2121.4388632888367,182.0,47050.66944444437,78.0,False,11
6802,901.793,-3571.0,2230.0,185.6249984,47058.2448702977,85.6527744,False,11
6803,902.008,-3585.53890228695,2320.38888982055,191.0,47069.76944444436,97.0,False,11
6804,902.233,-3605.0,2387.0,197.4285696,47082.17746447092,99.4107136,False,11
6805,902.288,-3611.641289138419,2409.053166443345,199.0,47085.24722222214,100.0,False,11
6806,902.473,-3651.0,2512.0,201.890624,47095.6546439003,100.0,False,11
6807,902.608,-3713.562178958403,2630.914795986038,204.0,47103.38055555547,100.0,False,11
6808,902.653,-3732.0,2664.0,205.57499776,47105.988035904986,100.0,False,11
6809,902.808,-3767.3050486302413,2721.5553196365863,211.0,47115.102777777705,100.0,False,11
6810,902.953,-3792.0,2753.0,214.2222208,47123.84393981294,100.0,False,11
6811,903.168,-3871.2365521594643,2854.8325773366546,219.0,47137.0027777777,100.0,False,11
6812,903.173,-3874.0,2858.0,219.02499968,47137.30804024896,100.0,False,11
6813,903.368,-4013.5725333132386,3004.8710219768705,220.0,47149.22499999993,100.0,False,11
6814,903.453,-4069.0,3060.0,221.517856,47154.487399746664,100.0,False,11
6815,903.648,-4147.472243469166,3132.260936621708,225.0,47166.72499999993,100.0,False,11
6816,903.848,-4211.841236774183,3184.2033747653477,229.0,47179.44722222215,100.0,False,11
6817,903.853,-4214.0,3186.0,229.08333226666667,47179.76780944086,100.0,False,11
6818,904.088,-4338.500776713575,3291.7015300376283,233.0,47194.98055555548,100.0,False,11
6819,904.133,-4362.0,3312.0,233.74999893333333,47197.924719789036,100.0,False,11
6820,904.328,-4451.362044095939,3390.5998697168425,237.0,47210.78055555548,100.0,False,11
6821,904.552,-4558.0,3488.0,239.4,47225.68756107845,100.0,False,11
6822,904.608,-4590.80444119648,3518.4297111356263,240.0,47229.44722222215,100.0,False,11
6823,904.752,-4676.0,3598.0,242.39004212847593,47239.18472731998,100.0,False,11
6824,904.849,-4719.4051047183475,3638.854819621808,244.0,47245.781666666604,100.0,False,11
6825,904.993,-4775.0,3692.0,245.8,47255.61663995856,100.0,False,11
6826,905.009,-4781.896662421716,3698.662022886264,246.0,47256.71499999994,100.0,False,11
6827,905.289,-4920.002898003724,3834.0174306303334,249.0,47276.08166666659,100.0,False,11
6828,905.293,-4922.0,3836.0,249.0,47276.358139916585,100.0,False,11
6829,905.433,-4991.0,3905.0,249.0,47286.03510305924,100.0,False,11
6830,905.449,-4998.865514235135,3912.934238420773,249.0,47287.14833333326,100.0,False,11
6831,905.609,-5077.713318641918,3993.251482141059,253.0,47298.39277777771,100.0,False,11
6832,905.713,-5129.0,4046.0,254.15555555555557,47305.78245256639,100.0,False,11
6833,905.953,-5247.0,4169.0,256.8222222222222,47322.95174149374,100.0,False,11
6834,905.969,-5254.819092244274,4177.330278943578,257.0,47324.09277777771,100.0,False,11
6835,906.113,-5325.0,4253.0,257.0,47334.33343065654,100.0,False,11
6836,906.289,-5410.991736040968,4346.1184379943215,257.0,47346.93722222216,100.0,False,11
6837,906.353,-5442.0,4380.0,259.4,47351.59524809112,100.0,False,11
6838,906.433,-5481.0,4423.0,262.4,47357.45412212054,100.0,False,11
6839,906.449,-5489.198172461312,4432.112935129941,263.0,47358.626111111036,100.0,False,11
6840,906.833,-5704.0,4677.0,263.8727272727273,47386.773337308114,100.0,False,11
6841,906.889,-5727.106583616024,4704.0478558088535,264.0,47390.89277777771,100.0,False,11
6842,907.073,-5789.0,4778.0,265.84,47404.481060560836,100.0,False,11
6843,907.089,-5794.378592240974,4784.496914036577,266.0,47405.670555555495,100.0,False,11
6844,907.248,-5851.9260548198345,4854.468272009948,269.0,47417.55138888882,100.0,False,11
6845,907.253,-5854.0,4857.0,269.0,47417.925020476716,100.0,False,11
6846,907.408,-5927.5682911370595,4947.041759743638,269.0,47429.50694444438,100.0,False,11
6847,907.513,-5977.0,5008.0,270.3124992,47437.4078784874,100.0,False,11
6848,907.568,-6000.179012951764,5036.813048194269,271.0,47441.55138888882,100.0,False,11
6849,907.833,-6125.0,5198.0,271.0,47461.495540557764,100.0,False,11
6850,907.848,-6136.258651480951,5212.955757611367,271.0,47462.62916666661,100.0,False,11
6851,908.008,-6267.027966393985,5387.9981821914835,273.0,47474.76249999994,100.0,False,11
6852,908.013,-6270.0,5392.0,273.0,47475.14232196222,100.0,False,11
6853,908.293,-6332.0,5478.0,273.0,47496.3957877636,100.0,False,11
6854,908.328,-6342.9975555731435,5493.298531901681,273.0,47499.0291666666,100.0,False,11
6855,908.533,-6438.0,5625.0,269.796876,47514.30886831443,35.93751999999999,False,11
6856,908.648,-6488.472279951177,5696.441397235449,268.0,47522.85138888883,0.0,False,11
6857,908.753,-6532.0,5759.0,266.5000009142857,47530.66685910351,0.0,False,11
6858,908.928,-6603.6985285502615,5863.535827559647,264.0,47543.38472222217,0.0,True,11
6859,908.993,-6631.0,5904.0,256.6875072,47547.8553382698,0.0,True,11
6860,909.168,-6707.475603370281,6019.265402962407,237.0,47559.18472222217,0.0,True,11
6861,909.293,-6755.0,6091.0,226.0625056,47566.639729934264,0.0,True,11
6862,909.568,-6831.320191933568,6204.458627183454,202.0,47581.62916666661,0.0,True,11
6863,909.573,-6833.0,6207.0,201.531256,47581.89279968635,0.0,True,11
6864,909.728,-6895.110842170392,6302.043166824058,187.0,47589.940277777714,0.0,True,11
6865,909.853,-6942.0,6374.0,182.7031272,47596.292090367046,0.0,True,11
6866,910.048,-6983.536123981229,6436.657314446875,176.0,47605.584722222164,0.0,True,11
6867,910.233,-7013.0,6482.0,154.85715017142857,47613.13443960449,0.0,True,11
6868,910.328,-7033.538367865562,6514.8588354319,144.0,47616.78472222216,0.0,True,11
6869,910.393,-7048.0,6538.0,141.07500288,47619.25835873018,0.0,True,11
6870,910.528,-7075.830041477218,6581.862409226974,135.0,47624.28472222216,0.0,True,11
6871,910.733,-7120.0,6660.0,127.3125024,47631.428280284934,0.0,True,11
6872,910.848,-7150.804698027254,6724.936848306044,123.0,47635.218055555495,0.0,True,11
6873,910.913,-7165.0,6756.0,121.05000192,47637.300629580626,0.0,True,11
6874,911.212,-7182.0,6802.0,112.08000768,47646.4608031283,0.0,True,11
6875,911.248,-7182.870973042889,6806.85174036935,111.0,47647.55138888884,0.0,True,11
6876,911.409,-7187.961687707864,6837.0624844540735,109.0,47652.42611111105,0.0,True,11
6877,911.569,-7194.956777035825,6880.870614432446,108.0,47657.22611111106,0.0,True,11
6878,911.729,-7203.246082021262,6936.773310880936,102.0,47661.75944444438,0.0,True,11
6879,911.969,-7207.382911121066,7015.514391172015,101.0,47668.49277777772,0.0,True,11
6880,912.113,-7204.0,7057.0,97.12307692307692,47672.21288852318,0.0,True,11
6881,912.433,-7182.0,7135.0,88.50769230769231,47679.74566300782,0.0,True,11
6882,912.489,-7176.7365545982475,7147.281847299257,87.0,47681.059444444385,0.0,False,11
6883,912.573,-7168.0,7165.0,86.475,47683.03786857212,8.925,False,11
6884,912.793,-7139.0,7207.0,85.1,47688.238367113794,32.3,False,11
6885,912.809,-7136.553044352025,7209.826179342189,85.0,47688.61499999995,34.0,False,11
6886,912.969,-7109.719781226947,7236.379134053736,85.0,47692.39277777773,39.0,False,11
6887,912.973,-7109.0,7237.0,85.06,47692.488956462345,39.08,False,11
6888,913.169,-7071.086709408019,7264.6583220053,88.0,47697.28166666662,43.0,False,11
6889,913.213,-7062.0,7270.0,87.78,47698.34194667138,43.22,False,11
6890,913.369,-7028.165439531799,7286.24996277009,87.0,47702.11499999995,44.0,False,11
6891,913.433,-7013.0,7292.0,89.05714285714286,47703.751382272385,44.68571428571428,False,11
6892,913.633,-6962.0,7307.0,95.48571428571428,47709.144798313355,46.82857142857143,False,11
6893,913.649,-6958.178963756465,7307.963951134609,96.0,47709.58166666662,47.0,False,11
6894,913.793,-6920.0,7316.0,99.6,47713.56544259947,53.3,False,11
6895,913.809,-6913.848216592932,7317.049486801092,100.0,47714.02611111106,54.0,False,11
6896,914.013,-6815.0,7332.0,107.67397965161537,47720.30396774883,57.836989825807684,False,11
6897,914.128,-6781.508316061502,7337.242112951187,112.0,47723.95055555551,60.0,False,11
6898,914.368,-6760.304227646004,7341.108527633786,115.0,47731.61722222218,65.0,False,11
6899,914.513,-6699.0,7348.0,121.041664,47736.71729911059,69.4305536,False,11
6900,914.633,-6615.0,7357.0,126.041664,47741.16122196507,73.09722026666667,False,11
6901,914.728,-6560.089325825568,7362.716072685664,130.0,47744.61722222218,76.0,False,11
6902,914.928,-6491.14520293105,7369.346335897301,130.0,47751.8394444444,73.0,False,11
6903,915.073,-6453.0,7373.0,138.4583296,47757.58552465563,73.0,False,11
6904,915.168,-6429.185836136566,7375.389866022707,144.0,47761.439444444404,73.0,False,11
6905,915.368,-6377.548941002233,7382.124343342446,144.0,47769.439444444404,73.0,False,11
6906,915.493,-6327.0,7394.0,143.55357165714287,47774.428284651905,40.41073097142857,False,11
6907,915.648,-6241.079970142044,7418.452095587468,143.0,47780.56166666662,0.0,False,11
6908,915.733,-6201.0,7431.0,141.7857152,47783.86806452276,0.0,False,11
6909,915.928,-6155.732015753555,7449.242926262963,139.0,47791.372777777724,0.0,False,11
6910,916.013,-6138.0,7459.0,139.0,47794.66086338526,0.0,False,11
6911,916.088,-6117.691947034348,7470.497599330773,139.0,47797.5505555555,0.0,False,11
6912,916.288,-6049.973323642164,7511.850910018138,136.0,47805.10611111106,0.0,False,11
6913,916.333,-6036.0,7522.0,135.10000128,47806.77235627308,0.0,False,11
6914,916.473,-5997.0,7555.0,132.30000128,47811.89295918684,0.0,False,11
6915,916.488,-5993.015054397354,7558.712470883614,132.0,47812.43944444439,0.0,False,11
6916,916.653,-5951.0,7602.0,131.4843752,47818.43409459294,0.0,False,11
6917,916.808,-5916.044831432928,7646.508639778221,131.0,47824.08388888884,0.0,False,11
6918,916.813,-5915.0,7648.0,131.03571382857143,47824.26713910827,0.8928457142857144,False,11
6919,917.053,-5871.0,7724.0,132.74999954285715,47833.128939237184,43.749988571428574,False,11
6920,917.088,-5865.550492815063,7735.986583812064,133.0,47834.428333333286,50.0,False,11
6921,917.288,-5839.155294538059,7808.81716663977,135.0,47841.928333333286,55.0,False,11
6922,917.393,-5829.0,7848.0,138.9374976,47846.01521179035,56.9687488,False,11
6923,917.448,-5824.749680068113,7868.537754600408,141.0,47848.19499999995,58.0,False,11
6924,917.473,-5823.0,7878.0,141.4687488,47849.1933535866,58.4687488,False,11
6925,917.768,-5810.054274070126,7997.337469014502,147.0,47861.261666666614,64.0,False,11
6926,917.772,-5810.0,7999.0,147.0749952,47861.42727080523,64.3249792,False,11
6927,917.928,-5810.517113568012,8064.3610818535135,150.0,47867.92833333327,77.0,False,11
6928,917.953,-5811.0,8075.0,150.62111666926376,47868.983359552265,80.57142084826667,False,11
6929,918.089,-5815.305228023829,8133.83926691526,154.0,47874.8155555555,100.0,False,11
6930,918.153,-5818.0,8162.0,156.05714285714285,47877.63630065326,99.54285714285714,False,11
6931,918.313,-5826.0,8234.0,161.2,47884.897829769645,98.4,False,11
6932,918.369,-5829.167885521237,8260.270738643032,163.0,47887.493333333274,98.0,False,11
6933,918.529,-5839.009677867938,8337.446558374928,171.0,47895.09333333328,98.0,False,11
6934,918.613,-5844.0,8375.0,175.62,47899.28160253145,98.84,False,11
6935,918.729,-5850.706424741102,8423.406147827602,182.0,47905.20444444439,100.0,False,11
6936,918.793,-5857.0,8464.0,182.6,47908.47023169721,100.0,False,11
6937,918.953,-5882.0,8616.0,184.1,47916.646172066525,100.0,False,11
6938,919.049,-5892.21144737253,8678.005871272126,185.0,47921.64888888883,100.0,False,11
6939,919.209,-5898.227691643812,8715.485276760299,192.0,47930.18222222217,100.0,False,11
6940,919.353,-5905.0,8755.0,194.57142857142858,47937.98775363958,100.0,False,11
6941,919.489,-5915.982840592193,8820.38287046002,197.0,47945.50444444439,100.0,False,11
6942,919.533,-5920.0,8852.0,198.1,47947.97607996664,100.0,False,11
6943,919.849,-5946.8205928436755,9184.848982012094,206.0,47966.10444444438,100.0,False,11
6944,919.853,-5947.0,9188.0,206.0,47966.334093301935,99.82,False,11
6945,920.049,-5948.891206406223,9277.097564087238,206.0,47977.54888888882,91.0,True,11
6946,920.253,-5941.0,9336.0,204.54285714285714,47989.13528433273,56.75714285714286,True,11
6947,920.329,-5936.709556393068,9376.798153729136,204.0,47993.41555555549,44.0,False,11
6948,920.413,-5931.0,9426.0,202.94560697690858,47998.11863105952,44.35146434103047,False,11
6949,920.513,-5922.0,9481.0,201.69037718751406,48003.69098290116,44.769874270828645,False,11
6950,920.568,-5914.337928147252,9515.662703166268,201.0,48006.75972222217,45.0,False,11
6951,920.768,-5872.306975548181,9663.604864354375,201.0,48017.92638888884,44.0,False,11
6952,920.833,-5859.0,9704.0,200.53571474285715,48021.529129752846,46.78571154285714,False,11
6953,921.048,-5822.282112704054,9792.952634854482,199.0,48033.404166666616,56.0,False,11
6954,921.208,-5790.68730794518,9844.318520780327,201.0,48042.33749999995,71.0,False,11
6955,921.253,-5779.0,9862.0,201.18749973333334,48044.85386281289,71.37499946666667,False,11
6956,921.448,-5715.840215306364,9950.91886598593,202.0,48055.80416666661,73.0,False,11
6957,921.473,-5707.0,9962.0,202.520832,48057.22325452595,75.8124928,False,11
6958,921.553,-5678.0,9996.0,204.18749866666667,48061.79106769616,84.8124928,False,11
6959,921.688,-5624.95802756058,10053.092091188664,207.0,48069.60416666661,100.0,False,11
6960,921.753,-5598.0,10080.0,209.031248,48073.41864066574,100.0,False,11
6961,921.848,-5557.323261775915,10118.103942290953,212.0,48079.026388888844,100.0,False,11
6962,922.048,-5466.796557967426,10194.915158675012,213.0,48090.85972222217,100.0,False,11
6963,922.113,-5436.0,10220.0,214.44444302222223,48094.771069586015,100.0,False,11
6964,922.313,-5340.0,10296.0,218.88888746666666,48107.04405918247,100.0,False,11
6965,922.408,-5299.061056055155,10327.356238861023,221.0,48112.95972222218,100.0,False,11
6966,922.513,-5242.0,10370.0,222.83749888,48119.55203512726,100.0,False,11
6967,922.673,-5110.0,10467.0,225.63749888,48129.69759850479,100.0,False,11
6968,922.808,-5023.150018652855,10527.894330632695,228.0,48138.29305555551,100.0,False,11
6969,922.968,-4944.461387111676,10579.414959597701,230.0,48148.515277777726,100.0,False,11
6970,922.973,-4942.0,10581.0,230.0624992,48148.83630876754,100.0,False,11
6971,923.233,-4811.0,10663.0,233.3124992,48165.70034497671,100.0,False,11
6972,923.288,-4781.267445424943,10680.927472925097,234.0,48169.31527777773,100.0,False,11
6973,923.573,-4618.0,10774.0,238.74999893333333,48188.295555127435,100.0,False,11
6974,923.613,-4595.0,10786.0,239.4166656,48190.972718399964,100.0,False,11
6975,923.648,-4574.6465259333745,10796.505663766966,240.0,48193.31527777773,100.0,False,11
6976,923.808,-4478.66817116313,10844.918159330138,241.0,48204.02638888883,100.0,False,11
6977,923.893,-4427.0,10870.0,241.3541664,48209.72198188247,100.0,False,11
6978,924.048,-4332.416392481895,10914.017999029624,242.0,48220.15972222216,100.0,False,11
6979,924.073,-4317.0,10921.0,242.4166656,48221.85665370322,100.0,False,11
6980,924.288,-4182.065453153241,10980.22560103231,246.0,48236.55972222217,100.0,False,11
6981,924.412,-4104.0,11014.0,246.61999872,48245.04289508356,100.0,False,11
6982,924.488,-4056.4871524619743,11034.633495153548,247.0,48250.28194444439,100.0,False,11
6983,924.613,-3978.0,11069.0,249.42382190339225,48259.01590567574,100.0,False,11
6984,924.793,-3863.0,11120.0,252.91412723131342,48271.77724851268,100.0,False,11
6985,924.849,-3828.4495392261915,11135.012129809496,254.0,48275.752499999944,100.0,False,11
6986,924.993,-3740.0,11173.0,254.8,48285.975957188246,100.0,False,11
6987,925.209,-3592.8725000570644,11237.719838341303,256.0,48301.352499999935,100.0,False,11
6988,925.213,-3590.0,11239.0,256.03333333333336,48301.638287083,100.0,False,11
6989,925.373,-3474.0,11291.0,257.3666666666667,48313.09938852406,100.0,False,11
6990,925.449,-3423.0361042329605,11313.80559223479,258.0,48318.55249999993,100.0,False,11
6991,925.553,-3356.0,11344.0,258.43333333333334,48326.016856407296,100.0,False,11
6992,925.689,-3266.092684957645,11385.548165869626,259.0,48335.81916666661,100.0,False,11
6993,925.833,-3174.0,11429.0,258.48571428571427,48346.306457272745,75.82857142857144,False,11
6994,925.969,-3092.6622247679247,11468.28357150846,258.0,48355.885833333276,53.0,True,11
6995,926.013,-3060.0,11485.0,252.72,48358.833058728065,41.339999999999996,True,11
6996,926.169,-2911.015695494521,11564.924476805805,234.0,48368.885833333276,0.0,True,11
6997,926.233,-2865.0,11590.0,232.4,48372.998598276434,0.0,True,11
6998,926.453,-2813.0,11620.0,226.9,48386.9523244196,0.0,True,11
6999,926.529,-2784.757354993041,11637.838565777773,225.0,48391.385833333276,0.0,True,11
7000,926.673,-2708.0,11686.0,201.24,48399.1317617427,0.0,True,11
7001,926.729,-2676.183202751557,11705.608291245198,192.0,48402.05249999995,0.0,True,11
7002,927.049,-2499.708088333233,11808.140508096434,186.0,48418.58583333327,0.0,True,11
7003,927.053,-2498.0,11809.0,185.92476490537632,48418.78933072774,0.0,True,11
7004,927.368,-2391.004590213497,11843.713355618796,180.0,48434.535833333284,0.0,False,11
7005,927.373,-2389.0,11844.0,179.9375008,48434.7819498973,0.61249216,False,11
7006,927.633,-2265.0,11851.0,176.6875008,48447.43899359551,32.46249216,False,11
7007,927.768,-2202.878878350578,11844.472444495264,175.0,48453.98027777772,49.0,False,11
7008,927.873,-2151.0,11831.0,175.0,48459.078334870865,62.124992,False,11
7009,927.928,-2120.621850433083,11820.147920075555,175.0,48461.7580555555,69.0,False,11
7010,928.073,-2042.0,11786.0,176.2083328,48468.86552548723,70.8124992,False,11
7011,928.168,-2008.0058818262903,11768.758250347344,177.0,48473.558055555506,72.0,False,11
7012,928.333,-1948.0,11728.0,180.29999872,48481.81244816592,77.77499776,False,11
7013,928.368,-1926.4129011983284,11712.357090342586,181.0,48483.61361111105,79.0,False,11
7014,928.613,-1730.0,11569.0,191.02272465454544,48496.87463196853,90.69317876363637,False,11
7015,928.808,-1643.0849699127614,11514.497967448122,199.0,48507.93583333328,100.0,False,11
7016,928.993,-1577.0,11487.0,206.70833066666665,48518.63893403261,100.0,False,11
7017,929.048,-1550.1168024614433,11476.483993917944,209.0,48521.86916666661,100.0,False,11
7018,929.213,-1456.0,11442.0,213.1249984,48531.7054409406,100.0,False,11
7019,929.408,-1341.6298026533789,11407.929154670042,218.0,48543.669166666616,100.0,False,11
7020,929.493,-1291.0,11395.0,220.70454341818183,48549.0216184235,100.0,False,11
7021,929.593,-1231.0,11381.0,223.8863616,48555.4256407807,100.0,False,11
7022,929.773,-1120.0,11358.0,229.61363432727273,48567.13372653838,100.0,False,11
7023,929.848,-1061.8338965445894,11346.566467185085,232.0,48572.024722222166,100.0,False,11
7024,930.088,-854.588166386616,11306.6879793806,236.0,48587.7580555555,100.0,False,11
7025,930.093,-851.0,11306.0,236.0937488,48588.08922041005,100.0,False,11
7026,930.408,-692.6874650174367,11274.938468984785,242.0,48609.26916666661,100.0,False,11
7027,930.533,-627.0,11259.0,245.1249984,48617.80178777459,100.0,False,11
7028,930.568,-605.7925935075197,11253.51602530453,246.0,48620.20249999994,100.0,False,11
7029,930.713,-509.0,11227.0,247.8124992,48630.20214266011,100.0,False,11
7030,930.808,-444.8815396375761,11207.944044348864,249.0,48636.80249999995,100.0,False,11
7031,930.912,-376.0,11186.0,250.2972974699107,48644.07371117396,100.0,False,11
7032,931.093,-257.0,11143.0,252.55509322978372,48656.84342110294,100.0,False,11
7033,931.289,-99.58278948918083,11073.431612859526,255.0,48670.87333333328,100.0,False,11
7034,931.373,-38.0,11043.0,256.68,48676.95512323556,100.0,False,11
7035,931.689,123.79066372807166,10943.2018170158,263.0,48700.0955555555,100.0,False,11
7036,931.733,145.0,10928.0,263.22,48703.32591368779,100.0,False,11
7037,931.913,248.0,10845.0,264.12,48716.54974498857,100.0,False,11
7038,932.089,416.31972913705283,10673.079308640112,265.0,48729.53999999995,100.0,False,11
7039,932.153,466.0,10620.0,265.96,48734.28568678332,100.0,False,11
7040,932.289,520.9016701933358,10558.530625699272,268.0,48744.428888888826,100.0,False,11
7041,932.473,551.0,10513.0,271.06666666666666,48758.32932286475,100.0,False,11
7042,932.529,569.064419099863,10486.435481894827,272.0,48762.56222222216,100.0,False,11
7043,932.793,686.0,10313.0,272.0,48782.442770583206,100.0,False,11
7044,932.889,720.2541230363629,10257.637467092149,272.0,48789.76222222217,100.0,False,11
7045,933.053,781.0,10140.0,276.1,48802.46570067445,100.0,False,11
7046,933.233,875.0,9927.0,280.6,48816.60210186198,100.0,False,11
7047,933.249,881.4865435346452,9911.913283511982,281.0,48817.86222222216,100.0,False,11
7048,933.633,948.0,9719.0,284.84,48848.25774916106,100.0,False,11
7049,933.649,952.1023988396161,9704.372367007656,285.0,48849.52888888883,100.0,False,11
7050,933.853,1016.0,9474.0,286.45714285714286,48865.7684611804,100.0,False,11
7051,933.929,1032.3769970237402,9410.852936042284,287.0,48871.85111111104,100.0,False,11
7052,934.128,1052.4874810226852,9315.700283004335,290.0,48887.88166666661,100.0,False,11
7053,934.233,1065.0,9254.0,291.3124992,48896.38627554638,100.0,False,11
7054,934.288,1073.4551747964852,9213.757259981907,292.0,48900.85944444439,100.0,False,11
7055,934.413,1095.0,9111.0,293.5624992,48911.083398346804,100.0,False,11
7056,934.528,1112.5084619958536,9020.903282105153,295.0,48920.526111111045,100.0,False,11
7057,934.713,1137.0,8870.0,295.92499968,48935.734548784254,100.0,False,11
7058,934.728,1138.9133411387277,8856.139367348771,296.0,48936.97055555548,100.0,False,11
7059,934.913,1160.0,8674.0,297.5416661333333,48952.26494404208,100.0,False,11
7060,934.968,1164.0940160281225,8623.191272974795,298.0,48956.83722222215,100.0,False,11
7061,935.353,1164.0,8290.0,301.4999994181818,48989.13525161876,100.0,False,11
7062,935.408,1160.9507044184502,8232.486918685974,302.0,48993.748333333264,100.0,False,11
7063,935.608,1146.0350839492519,8010.786873339309,302.0,49010.526111111045,100.0,False,11
7064,935.653,1143.0,7968.0,302.74999893333336,49014.33567972167,100.0,False,11
7065,935.968,1126.781823502783,7756.288319569939,308.0,49041.32611111105,100.0,False,11
7066,936.073,1119.0,7683.0,308.0,49050.33021692834,100.0,False,11
7067,936.313,1091.0,7480.0,308.0,49070.86983576005,100.0,False,11
7068,936.448,1066.67968741992,7367.837798020011,308.0,49082.39277777771,100.0,False,11
7069,936.573,1037.0,7266.0,308.0,49093.04145663945,100.0,False,11
7070,936.673,1008.0,7184.0,308.0,49101.594047405655,100.0,False,11
7071,936.728,991.3937997470325,7138.620335324335,308.0,49106.34833333327,100.0,False,11
7072,936.893,941.0,7002.0,313.49999786666666,49120.81441608527,100.0,False,11
7073,936.968,918.6499510868717,6940.349006017824,316.0,49127.414999999935,100.0,False,11
7074,937.073,888.0,6854.0,316.0,49136.6323574078,100.0,False,11
7075,937.248,838.4080533580357,6708.30459290687,316.0,49151.99277777772,100.0,False,11
7076,937.293,826.0,6671.0,316.3749994666667,49155.95913033506,100.0,False,11
7077,937.452,782.0,6537.0,317.69999786666665,49170.01294789676,100.0,False,11
7078,937.488,771.0949455865726,6503.770778842926,318.0,49173.19277777772,100.0,False,11
7079,937.793,670.0,6201.0,318.0,49200.08978846493,100.0,False,11
7080,937.889,642.4064860450304,6123.38228422901,318.0,49208.61444444438,100.0,False,11
7081,938.213,552.0,5903.0,322.5,49237.68019029255,100.0,False,11
7082,938.249,539.0585926469341,5875.13221333814,323.0,49240.91444444438,100.0,False,11
7083,938.393,483.0,5757.0,323.0,49253.838253673006,100.0,False,11
7084,938.449,461.56971331325195,5710.612005119186,323.0,49258.85888888882,100.0,False,11
7085,938.573,417.0,5610.0,322.69,49269.96596462674,100.0,False,11
7086,938.833,342.0,5395.0,322.04,49293.20852665629,100.0,False,11
7087,938.849,337.4628559282664,5376.989435672635,322.0,49294.636666666614,100.0,False,11
7088,939.033,289.0,5149.0,321.6592592592593,49311.042046676666,100.0,False,11
7089,939.333,266.0,4954.0,321.10370370370373,49337.7180191986,100.0,False,11
7090,939.633,260.0,4685.0,320.54814814814813,49364.34298714707,100.0,False,11
7091,939.873,271.0,4469.0,320.10370370370373,49385.66022925018,100.0,False,11
7092,939.929,275.00070228212945,4418.32892879951,320.0,49390.6366666666,100.0,False,11
7093,940.093,288.0,4274.0,320.0,49405.21577407546,100.0,False,11
7094,940.273,306.0,4115.0,320.0,49421.21949959762,100.0,False,11
7095,940.369,329.75882269347625,3967.261109755045,320.0,49429.747777777724,100.0,False,11
7096,940.473,355.0,3819.0,319.71030645832974,49438.98064099625,100.0,False,11
7097,940.713,374.0,3733.0,319.04178290062924,49460.23540111474,100.0,False,11
7098,940.728,376.8674711731731,3723.512582460251,319.0,49461.5591666666,100.0,False,11
7099,941.033,481.0,3378.0,316.9204549818182,49488.35557305186,100.0,False,11
7100,941.168,510.9709181684825,3287.2123172208244,316.0,49500.18138888883,100.0,False,11
7101,941.368,555.1270861109267,3186.4302066147284,315.0,49517.68138888884,100.0,False,11
7102,941.393,565.0,3165.0,314.8437504,49519.86446412868,100.0,False,11
7103,941.528,636.2983114644057,3011.980515233613,314.0,49531.6369444444,100.0,False,11
7104,941.713,736.0,2801.0,313.4218752,49547.75100146372,100.0,False,11
7105,941.848,765.758245811634,2740.9726037079718,313.0,49559.45916666661,100.0,False,11
7106,941.993,793.0,2693.0,311.6406256,49571.9581906464,100.0,False,11
7107,942.168,866.7321697945498,2562.8530071426476,310.0,49587.01472222217,100.0,False,11
7108,942.173,869.0,2559.0,310.02499968,49587.44589274922,100.0,False,11
7109,942.368,958.2790722077849,2417.532004371749,311.0,49604.29249999995,100.0,False,11
7110,942.393,971.0,2399.0,311.0,49606.45284233574,100.0,False,11
7111,942.608,1097.2889102132035,2228.7586048487406,311.0,49625.025833333275,100.0,False,11
7112,942.753,1180.0,2126.0,310.5468752,49637.55260054051,100.0,False,11
7113,942.928,1264.4746143327209,2029.9277580063363,310.0,49652.58138888884,100.0,False,11
7114,942.993,1301.0,1991.0,308.3750016,49658.10836315046,100.0,False,11
7115,943.128,1395.0456431155321,1893.6842785504953,305.0,49669.52583333329,100.0,False,11
7116,943.293,1520.0,1769.0,304.3125002666667,49683.46751787065,100.0,False,11
7117,943.368,1570.3632619453906,1720.7923327626868,304.0,49689.79249999995,100.0,False,11
7118,943.573,1692.0,1609.0,298.0208352,49706.840748714065,14.58336,False,11
7119,943.608,1711.6087879645295,1591.0254776887373,297.0,49709.59249999994,0.0,True,11
7120,943.733,1788.0,1522.0,281.375008,49718.89336968721,0.0,True,11
7121,943.913,1946.0,1386.0,258.875008,49731.397252514435,0.0,True,11
7122,943.928,1958.2941003593812,1375.558020213328,257.0,49732.43694444439,0.0,True,11
7123,944.128,2089.527608525559,1265.839060481148,248.0,49746.21472222217,0.0,True,11
7124,944.333,2177.0,1195.0,237.2105277713955,49759.68411033845,0.0,True,11
7125,944.489,2221.3115696613977,1160.1037016616085,229.0,49769.178333333286,0.0,True,11
7126,944.673,2274.0,1120.0,210.14,49779.31606177965,0.0,True,11
7127,944.889,2371.784731098567,1046.145030578705,188.0,49790.06722222218,0.0,True,11
7128,944.953,2399.0,1026.0,183.37777777777777,49793.089517436354,0.0,True,11
7129,945.193,2494.0,961.0,166.04444444444445,49803.8400703122,0.0,True,11
7130,945.249,2528.474176071729,939.6658234480483,162.0,49806.26722222217,0.0,True,11
7131,945.393,2623.0,883.0,155.4,49812.39301635341,0.0,True,11
7132,945.489,2658.1720267354,862.938809068446,151.0,49816.33388888884,0.0,True,11
7133,945.649,2679.09999886148,854.5332646011979,141.0,49822.6005555555,0.0,True,11
7134,945.713,2692.0,850.0,138.94285714285715,49825.030502562746,0.0,True,11
7135,945.929,2763.9030593531925,824.6470526919783,132.0,49832.867222222165,0.0,True,11
7136,945.993,2787.0,818.0,129.44,49835.042361164626,0.0,True,11
7137,946.173,2848.0,806.0,122.24,49840.80580834759,0.0,True,11
7138,946.329,2899.208584236681,800.5184893359468,116.0,49845.756111111055,0.0,True,11
7139,946.353,2907.0,800.0,116.0,49846.52866681466,0.0,True,11
7140,946.569,2976.1214629824954,798.9354534279089,116.0,49853.48944444439,0.0,True,11
7141,946.673,3009.0,800.0,112.96666666666667,49856.67733436088,0.0,True,11
7142,946.809,3051.6215273113785,802.4538483386019,109.0,49860.756111111055,0.0,False,11
7143,946.833,3059.0,803.0,109.0,49861.48104509167,0.0,False,11
7144,947.013,3113.0,808.0,109.0,49866.953346714785,0.0,False,11
7145,947.089,3135.7945519903983,810.4110197901464,109.0,49869.23388888883,0.0,False,11
7146,947.253,3185.0,816.0,107.28810043749806,49874.046175224226,0.0,False,11
7147,947.568,3277.1088357335607,827.481069085821,104.0,49883.07166666661,0.0,False,11
7148,947.728,3322.6360424069135,833.6664782780256,104.0,49887.69388888884,0.0,False,11
7149,947.888,3367.405700872261,839.7199795791895,104.0,49892.31611111107,0.0,False,11
7150,948.048,3411.46825135213,845.4343043583066,104.0,49896.93833333328,0.0,False,11
7151,948.153,3440.0,849.0,101.3750016,49899.827142498965,1.1249993142857142,False,11
7152,948.313,3483.0,854.0,97.3750016,49904.08127438977,2.8392850285714286,False,11
7153,948.328,3487.029374818347,854.4030901294132,97.0,49904.482777777725,3.0,False,11
7154,948.533,3542.0,859.0,97.0,49910.01767986147,8.124998399999999,False,11
7155,948.608,3561.8270081197993,860.7176879580064,97.0,49912.02722222217,10.0,False,11
7156,948.753,3600.0,864.0,95.7916672,49915.856083640974,13.020832,False,11
7157,948.848,3625.306452157868,865.8090283562292,95.0,49918.36055555551,15.0,False,11
7158,948.993,3664.0,868.0,95.4531248,49922.217163205525,15.4531248,False,11
7159,949.168,3709.937896883573,869.6737802481679,96.0,49926.89388888884,16.0,False,11
7160,949.233,3727.0,870.0,96.0,49928.626490078386,15.864583466666666,False,11
7161,949.433,3780.0,870.0,96.0,49933.94273436036,15.4479168,False,11
7162,949.593,3823.0,869.0,96.0,49938.215497511046,15.114583466666666,False,11
7163,949.648,3837.574975713869,868.3353011438647,96.0,49939.69388888884,15.0,False,11
7164,949.733,3860.0,867.0,96.5312496,49941.98829055582,15.5312496,False,11
7165,949.808,3879.964806576323,865.5781559525982,97.0,49944.00499999996,16.0,False,11
7166,949.968,3922.943552669394,861.5409200285928,96.0,49948.271666666624,16.0,False,11
7167,950.013,3935.0,860.0,96.8437488,49949.49725288949,16.0,False,11
7168,950.128,3965.6990321398307,855.1952651910525,99.0,49952.67166666662,16.0,False,11
7169,950.193,3983.0,852.0,99.0,49954.46059252658,16.0,False,11
7170,950.328,4018.8399718623336,844.3429822748484,99.0,49958.17166666662,16.0,False,11
7171,950.393,4036.0,840.0,99.23214262857142,49959.967963970485,16.232142628571427,False,11
7172,950.608,4092.16310151001,822.170226150655,100.0,49965.9494444444,17.0,False,11
7173,950.712,4119.0,812.0,100.32398760353647,49968.8565354849,17.32398760353647,False,11
7174,950.833,4150.0,799.0,100.70093451981249,49972.25020855313,17.70093451981249,False,11
7175,950.929,4174.6227489779285,787.418493307753,101.0,49974.95527777773,18.0,False,11
7176,951.089,4214.431358052012,766.23209008434,102.0,49979.48861111107,20.0,False,11
7177,951.113,4220.0,763.0,102.08571428571429,49980.17082109691,20.085714285714285,False,11
7178,951.273,4258.0,739.0,102.65714285714286,49984.73438237628,20.65714285714286,False,11
7179,951.369,4290.563953623605,717.261757778837,103.0,49987.49972222217,21.0,False,11
7180,951.473,4330.0,690.0,104.3,49990.52503778036,22.95,False,11
7181,951.529,4350.234121640232,675.4006396795717,105.0,49992.16638888884,24.0,False,11
7182,951.729,4409.8151385966,629.6387152956603,106.0,49998.055277777734,30.0,False,11
7183,951.853,4396.0,641.0,105.31111111111112,50001.61745162371,29.655555555555555,False,11
7184,952.033,4312.0,708.0,104.31111111111112,50006.77473167355,29.155555555555555,False,11
7185,952.089,4302.065648946923,714.9759381354601,104.0,50008.45527777773,29.0,False,11
7186,952.293,4337.0,683.0,112.5,50014.88956144567,40.05,False,11
7187,952.329,4345.868518966169,676.2882866286802,114.0,50016.055277777734,42.0,False,11
7188,952.473,4383.0,650.0,116.4,50020.77492774636,38.4,False,11
7189,952.569,4407.135185591532,631.0649976385037,118.0,50023.9219444444,36.0,False,11
7190,952.653,4428.0,614.0,118.0,50026.651653887035,38.625,False,11
7191,952.889,4486.990925726599,565.835541942289,118.0,50034.410833333284,46.0,False,11
7192,952.893,4488.0,565.0,118.12857142857143,50034.54788123713,46.02857142857143,False,11
7193,953.093,4539.0,522.0,124.55714285714286,50041.6224474303,47.457142857142856,False,11
7194,953.169,4558.742853858374,504.9170571409721,127.0,50044.28861111107,48.0,False,11
7195,953.293,4592.0,476.0,125.22857142857143,50048.51674137634,48.0,False,11
7196,953.449,4637.12842397194,437.4908227805802,123.0,50053.85527777774,48.0,False,11
7197,953.573,4673.0,407.0,127.65,50058.3400745527,48.0,False,11
7198,953.689,4704.8109169632,379.7717081717782,132.0,50062.65527777774,48.0,False,11
7199,953.849,4746.710566292886,343.8191835924601,136.0,50068.69972222218,48.0,False,11
7200,953.933,4769.0,325.0,137.2275572472575,50071.94959663125,48.52609596311035,False,11
7201,954.113,4822.0,281.0,139.85803706280925,50079.10658633632,49.65344445548968,False,11
7202,954.328,4919.143185892182,200.57603061388778,143.0,50087.726666666626,51.0,False,11
7203,954.393,4944.0,180.0,143.27083306666665,50090.31725986539,51.0,False,11
7204,954.568,4984.670957097071,146.35113701848053,144.0,50097.32666666663,51.0,False,11
7205,954.753,5019.0,118.0,146.3124992,50104.98338656366,52.1562496,False,11
7206,954.888,5060.682404627334,83.57584846465697,148.0,50110.482222222185,53.0,False,11
7207,954.973,5089.0,60.0,145.45000192,50113.81937307304,53.0,False,11
7208,955.088,5125.487085764548,29.236655308954944,142.0,50118.371111111075,53.0,False,11
7209,955.153,5146.0,12.0,146.4687456,50121.08614976758,53.4062496,False,11
7210,955.248,5176.552561242857,-13.367296307470871,153.0,50125.17111111108,54.0,False,11
7211,955.373,5217.0,-47.0,154.5624992,50130.5835217461,54.3906248,False,11
7212,955.568,5279.07717695727,-100.20450314229716,157.0,50139.126666666634,55.0,False,11
7213,955.613,5294.0,-113.0,157.37499946666668,50141.12071382762,55.374999466666665,False,11
7214,955.713,5328.0,-142.0,158.2083328,50145.57674415552,56.2083328,False,11
7215,955.808,5358.8052610167415,-168.2263339840017,159.0,50149.726666666626,57.0,False,11
7216,955.893,5389.0,-194.0,158.0133936,50153.3299545098,56.620536,False,11
7217,956.213,5536.0,-320.0,154.29910788571428,50165.96525129753,55.19196457142857,False,11
7218,956.653,5662.0,-427.0,149.19196502857142,50182.561030514975,53.227678857142855,False,11
7219,956.733,5691.0,-453.0,148.2633936,50186.02338814802,52.870536,False,11
7220,956.928,5793.237486732687,-546.8026950244666,146.0,50195.148888888856,52.0,False,11
7221,957.073,5864.0,-613.0,161.15908421818182,50202.56518519203,59.57954210909091,False,11
7222,957.368,5935.051272054238,-684.6531533033108,192.0,50218.615555555516,75.0,False,11
7223,957.433,5953.0,-704.0,193.21117941313963,50222.13162893725,75.0,False,11
7224,957.529,5986.26963372623,-739.9946190962953,195.0,50227.336388888856,75.0,False,11
7225,957.633,6026.0,-784.0,196.625,50233.05840715887,75.0,False,11
7226,957.753,6069.0,-834.0,198.5,50239.75285314578,75.0,False,11
7227,957.849,6100.912943668928,-872.0687034631256,200.0,50245.11416666664,75.0,False,11
7228,958.049,6171.295885977601,-962.6519000042293,202.0,50256.336388888856,76.0,False,11
7229,958.053,6173.0,-965.0,202.1125,50256.5647855054,76.025,False,11
7230,958.333,6303.0,-1153.0,209.9875,50272.96517251377,77.775,False,11
7231,958.369,6314.715505570288,-1170.2663406089812,211.0,50275.091944444415,78.0,False,11
7232,958.569,6348.785514949894,-1221.459135580138,213.0,50286.925277777744,79.0,False,11
7233,958.753,6396.0,-1306.0,216.06666666666666,50297.98290406799,79.76666666666667,False,11
7234,958.809,6421.28697480524,-1352.0889649097082,217.0,50301.3919444444,80.0,False,11
7235,958.933,6484.0,-1468.0,220.1,50309.01705098749,80.0,False,11
7236,959.009,6514.370470483218,-1526.3687444146938,222.0,50313.72527777775,80.0,False,11
7237,959.353,6589.0,-1690.0,225.12727272727273,50335.259115183464,80.78181818181818,False,11
7238,959.449,6604.327308517127,-1726.4008430491024,226.0,50341.34749999996,81.0,False,11
7239,959.649,6637.138525146625,-1807.597716456463,231.0,50354.1808333333,80.0,False,11
7240,959.673,6642.0,-1820.0,231.6,50355.74346858825,80.0,False,11
7241,959.873,6689.0,-1942.0,236.6,50368.95812827813,80.0,False,11
7242,959.929,6702.325117959913,-1976.8893246333496,238.0,50372.69194444441,80.0,False,11
7243,960.093,6740.0,-2078.0,240.46,50383.670913417096,80.0,False,11
7244,960.129,6747.94997937312,-2100.5056448329588,241.0,50386.0808333333,80.0,False,11
7245,960.253,6775.0,-2179.0,241.0,50394.368511226116,79.55714285714286,False,11
7246,960.409,6810.6094088632835,-2279.2391850078784,241.0,50404.82527777774,79.0,False,11
7247,960.513,6833.0,-2342.0,242.4857142857143,50411.859817403776,78.62857142857143,False,11
7248,960.689,6867.529667277809,-2441.286562522294,245.0,50423.8808333333,78.0,False,11
7249,960.753,6886.0,-2496.0,246.07112942028334,50428.288392562914,78.0,False,11
7250,960.928,6954.3145893236815,-2700.9241551202726,249.0,50440.41166666664,78.0,False,11
7251,960.933,6956.0,-2706.0,249.0,50440.75860682108,76.91668053333333,False,11
7252,961.288,7010.079121254037,-2871.0646642451457,249.0,50465.31166666663,0.0,False,11
7253,961.393,7025.0,-2917.0,247.09091025454546,50472.430031661264,0.0,False,11
7254,961.613,7071.0,-3059.0,243.09091025454546,50487.1167351858,0.0,False,11
7255,961.728,7094.149008183073,-3133.515798933537,241.0,50494.76722222219,0.0,False,11
7256,961.753,7099.0,-3149.0,240.75000064,50496.43029752927,0.0,False,11
7257,961.928,7132.6381575169835,-3252.879144729719,239.0,50508.04499999997,0.0,False,11
7258,961.993,7148.0,-3300.0,237.55555697777777,50512.32336196846,0.0,False,11
7259,962.193,7204.0,-3473.0,233.11111253333334,50525.2774556408,0.0,False,11
7260,962.288,7222.351147524489,-3529.480065661322,231.0,50531.14499999996,0.0,True,11
7261,962.593,7264.0,-3658.0,208.1250048,50548.565758259894,0.0,True,11
7262,962.648,7278.16947761773,-3702.493525046791,204.0,50551.54499999997,0.0,True,11
7263,962.773,7314.0,-3816.0,195.87500416,50558.177690972705,0.0,True,11
7264,962.848,7331.537950035704,-3872.8743959008107,191.0,50562.15611111108,0.0,True,11
7265,963.008,7357.70460826754,-3962.022344454502,191.0,50570.644999999975,0.0,True,11
7266,963.233,7380.0,-4044.0,173.50000497777776,50581.102417460774,0.0,True,11
7267,963.368,7389.339317136062,-4079.891539338386,163.0,50586.94499999998,0.0,True,11
7268,963.608,7403.628767318219,-4142.249325777729,152.0,50597.07833333331,0.0,True,11
7269,963.613,7404.0,-4144.0,151.71428937142858,50597.279785918494,0.0,True,11
7270,963.812,7420.0,-4223.0,140.34287177142858,50604.906391498196,0.0,True,11
7271,963.888,7424.886314971772,-4249.401394425677,136.0,50607.65611111109,0.0,True,11
7272,964.073,7437.0,-4317.0,126.78291923881434,50614.0282677918,0.0,True,11
7273,964.169,7447.426116053247,-4370.5826926951395,122.0,50617.17888888887,0.0,True,11
7274,964.233,7454.0,-4404.0,119.86666666666666,50619.22591500681,0.0,True,11
7275,964.529,7467.511909874175,-4473.55854211841,110.0,50628.17888888887,0.0,True,11
7276,964.613,7471.0,-4491.0,106.64,50630.58877812412,0.0,True,11
7277,964.729,7477.40817872631,-4522.563992098187,102.0,50633.84555555554,0.0,True,11
7278,964.793,7481.0,-4541.0,101.04,50635.620144881395,0.0,True,11
7279,964.929,7487.617100584034,-4578.371566111626,99.0,50639.34555555554,0.0,True,11
7280,965.033,7492.0,-4606.0,97.88571428571429,50642.16183796314,0.0,True,11
7281,965.209,7498.323792883975,-4651.885162960236,96.0,50646.8122222222,0.0,False,11
7282,965.233,7499.0,-4658.0,95.4,50647.427822571204,0.0,False,11
7283,965.393,7502.0,-4699.0,91.4,50651.42923324414,0.0,False,11
7284,965.449,7502.278271144395,-4714.884715664672,90.0,50652.8122222222,0.0,False,11
7285,965.713,7499.0,-4791.0,88.68,50659.28666073474,0.0,False,11
7286,965.849,7495.768872595017,-4815.218017793444,88.0,50662.58999999998,0.0,False,11
7287,965.953,7492.0,-4833.0,87.48,50665.100599707235,3.64,False,11
7288,966.049,7487.091955978789,-4853.378744868692,87.0,50667.42333333331,7.0,False,11
7289,966.213,7475.0,-4892.0,87.68333333333334,50671.43444538549,22.71666666666667,False,11
7290,966.289,7467.4797635703235,-4908.429053056203,88.0,50673.28999999998,30.0,False,11
7291,966.433,7450.0,-4937.0,88.0,50676.77672277554,35.4,False,11
7292,966.609,7422.726106016651,-4968.321311042275,88.0,50681.112222222204,42.0,False,11
7293,966.613,7422.0,-4969.0,88.08888888888889,50681.213600256495,42.077777777777776,False,11
7294,966.913,7356.0,-5015.0,94.75555555555556,50689.16403750684,47.91111111111111,False,11
7295,966.969,7342.862433010878,-5021.861722171907,96.0,50690.71222222221,49.0,False,11
7296,967.133,7298.0,-5041.0,101.74,50695.36904318581,51.46,False,11
7297,967.169,7284.785227690491,-5045.909162829212,103.0,50696.43444444443,52.0,False,11
7298,967.369,7201.374491276736,-5074.541643625686,111.0,50702.6011111111,55.0,False,11
7299,967.373,7200.0,-5075.0,111.0,50702.724325114046,55.0,False,11
7300,967.608,7146.876365761831,-5091.984144758937,111.0,50709.97027777776,55.0,False,11
7301,967.733,7117.0,-5101.0,114.64583146666666,50714.11210779431,57.083332266666666,False,11
7302,967.913,7057.0,-5119.0,119.89583146666666,50720.47445716594,60.083332266666666,False,11
7303,968.088,7003.6315954251495,-5134.12091462431,125.0,50726.63694444443,63.0,False,11
7304,968.173,6968.0,-5144.0,125.0,50729.573222852734,63.0,False,11
7305,968.288,6902.1942656937,-5162.262993440614,125.0,50733.581388888866,63.0,False,11
7306,968.353,6867.0,-5172.0,127.32142628571428,50735.92643590263,63.0,False,11
7307,968.568,6798.527691395206,-5190.616738384964,135.0,50744.081388888866,63.0,False,11
7308,968.753,6751.0,-5203.0,142.92856868571428,50751.545237784405,61.678571885714284,False,11
7309,968.848,6715.724288164589,-5212.166120994412,147.0,50755.5147222222,61.0,False,11
7310,969.013,6646.0,-5230.0,152.30356937142858,50762.604983098936,61.0,False,11
7311,969.128,6600.918503349133,-5241.019376711863,156.0,50767.648055555546,61.0,False,11
7312,969.213,6563.0,-5250.0,157.69999872,50771.41083058162,61.0,False,11
7313,969.328,6498.456466548258,-5265.012547458079,160.0,50776.53694444442,61.0,False,11
7314,969.433,6442.0,-5278.0,160.74999954285715,50781.23674698874,59.500000914285714,False,11
7315,969.608,6381.746108672637,-5291.6382374023315,162.0,50789.13694444443,57.0,False,11
7316,969.693,6354.0,-5298.0,163.18055466666667,50793.02159493233,57.0,False,11
7317,969.933,6246.0,-5324.0,166.513888,50804.18055480356,57.0,False,11
7318,969.968,6224.855901904375,-5329.377333399797,167.0,50805.836944444425,57.0,False,11
7319,970.128,6116.058816564276,-5357.758885179418,172.0,50813.481388888875,57.0,False,11
7320,970.153,6100.0,-5362.0,171.88636392727273,50814.67574541709,53.76137192727273,False,11
7321,970.568,5894.093264136477,-5416.486826802681,170.0,50834.25916666664,0.0,False,11
7322,970.573,5892.0,-5417.0,169.91689855590445,50834.49051972016,0.0,False,11
7323,970.929,5738.046380731217,-5453.307380174139,164.0,50850.7047222222,0.0,False,11
7324,970.953,5724.0,-5457.0,163.8,50851.789479478684,0.0,False,11
7325,971.169,5567.030617093736,-5500.998358517214,162.0,50861.504722222206,0.0,False,11
7326,971.329,5449.411706127037,-5533.465358800103,159.0,50868.57138888887,0.0,False,11
7327,971.393,5414.0,-5542.0,158.0,50871.347178568685,0.0,False,11
7328,971.593,5328.0,-5555.0,154.875,50879.87125153247,0.0,False,11
7329,971.649,5294.538463380237,-5557.344149217851,154.0,50882.260277777765,0.0,False,11
7330,971.809,5186.2185378890335,-5561.951331993088,154.0,50889.10472222221,0.0,False,11
7331,971.813,5184.0,-5562.0,153.96666666666667,50889.275178083684,0.35,False,11
7332,972.049,5106.854508426151,-5558.662530843799,152.0,50899.23805555554,21.0,False,11
7333,972.209,5068.673971970814,-5548.995381393421,150.0,50905.9047222222,32.0,False,11
7334,972.233,5061.0,-5547.0,150.0857142857143,50906.90701348454,32.25714285714286,False,11
7335,972.453,4974.0,-5522.0,150.87142857142857,50916.138772473074,34.614285714285714,False,11
7336,972.489,4959.893116580073,-5516.7230108784115,151.0,50917.649166666655,35.0,False,11
7337,972.633,4906.0,-5492.0,151.0,50923.68155103062,39.2,False,11
7338,972.729,4870.51191511807,-5471.889050340869,151.0,50927.71583333332,42.0,False,11
7339,972.873,4819.0,-5438.0,151.8,50933.80953521197,43.6,False,11
7340,973.073,4752.0,-5386.0,152.9111111111111,50942.33278544231,45.82222222222222,False,11
7341,973.089,4746.26665014543,-5381.067590090776,153.0,50943.015833333324,46.0,False,11
7342,973.313,4664.0,-5304.0,154.24444444444444,50952.600812218516,49.111111111111114,False,11
7343,973.449,4627.089081149071,-5264.2699460904205,155.0,50958.51583333331,51.0,False,11
7344,973.633,4585.0,-5212.0,157.76,50966.6981197656,52.38,False,11
7345,973.849,4526.691843522636,-5134.734161027072,161.0,50976.4047222222,54.0,False,11
7346,973.913,4511.0,-5113.0,161.0,50979.26303656964,54.266666666666666,False,11
7347,974.089,4472.878443970684,-5056.402615263226,161.0,50987.13805555554,55.0,False,11
7348,974.153,4452.0,-5022.0,162.28643174707722,50990.04267319929,55.0,False,11
7349,974.288,4391.679258530015,-4918.793366398671,165.0,50996.25888888887,55.0,False,11
7350,974.313,4382.0,-4902.0,165.6249984,50997.42557771687,54.87500032,False,11
7351,974.488,4344.465425142477,-4834.915879131565,170.0,51005.703333333324,54.0,False,11
7352,974.713,4325.0,-4793.0,172.1093744,51016.47981224266,54.0,False,11
7353,974.808,4306.185900740299,-4754.783505288642,173.0,51021.081111111096,54.0,False,11
7354,974.893,4287.0,-4716.0,173.9107136,51025.22763992869,37.6071552,False,11
7355,975.088,4244.982252731708,-4630.49736641286,176.0,51034.769999999975,0.0,False,11
7356,975.133,4236.0,-4612.0,175.4375008,51036.95386998882,0.0,False,11
7357,975.248,4214.131222954404,-4566.491735037488,174.0,51042.50333333331,0.0,False,11
7358,975.313,4198.0,-4533.0,173.5937504,51045.624340302835,0.0,False,11
7359,975.513,4130.0,-4392.0,172.3437504,51055.17148121724,0.0,False,11
7360,975.568,4117.203850059538,-4364.468803133609,172.0,51057.7922222222,0.0,False,11
7361,975.673,4099.0,-4324.0,170.42500096,51062.792924948604,0.0,False,11
7362,975.768,4080.8998211032504,-4284.432689039055,169.0,51067.18111111109,0.0,False,11
7363,975.993,4036.0,-4187.0,158.18269538461539,51076.59688558111,0.0,False,11
7364,976.153,4004.0,-4119.0,150.49038769230768,51082.715591795495,0.0,False,11
7365,976.288,3949.385409231389,-4018.257938985698,144.0,51087.98111111109,0.0,True,11
7366,976.333,3933.0,-3989.0,144.0,51089.76068811874,0.0,True,11
7367,976.488,3901.2942583073627,-3935.8312458913665,144.0,51095.98111111109,0.0,True,11
7368,976.673,3882.0,-3910.0,144.0,51103.41853710645,0.0,True,11
7369,976.688,3879.5650607886673,-3906.428467667966,144.0,51103.98111111109,0.0,True,11
7370,977.008,3806.0999498782294,-3794.9168233652977,117.0,51114.3811111111,0.0,True,11
7371,977.052,3797.0,-3782.0,115.46767011905914,51115.737455896466,0.0,True,11
7372,977.209,3770.5166200057333,-3747.9933617150627,110.0,51120.52277777776,0.0,True,11
7373,977.449,3736.279289811037,-3714.9337850740403,104.0,51127.456111111096,0.0,True,11
7374,977.473,3732.0,-3711.0,103.5,51128.130951136845,0.0,True,11
7375,977.633,3700.0,-3683.0,100.16666666666667,51132.55176862932,0.0,True,11
7376,977.689,3688.3729522378344,-3674.487719696275,99.0,51134.05611111109,0.0,True,11
7377,977.713,3683.0,-3671.0,98.4,51134.69324009883,0.0,True,11
7378,977.889,3632.882322277849,-3646.950177642588,94.0,51139.27833333332,0.0,True,11
7379,978.013,3598.0,-3635.0,94.0,51142.531078918764,0.0,True,11
7380,978.089,3580.4848056739233,-3630.7774753382496,94.0,51144.50055555554,0.0,False,11
7381,978.393,3524.0,-3632.0,89.25,51152.0244314388,0.0,False,11
7382,978.409,3520.388158245372,-3632.4381147059435,89.0,51152.41166666665,0.0,False,11
7383,978.593,3475.0,-3640.0,86.7,51156.82278253729,0.0,False,11
7384,978.649,3461.9884037821907,-3643.6668212810705,86.0,51158.14499999999,0.0,False,11
7385,978.753,3439.0,-3652.0,85.25714285714285,51160.57188456424,0.0,False,11
7386,978.929,3401.0282281841196,-3669.2735816218346,84.0,51164.678333333315,0.0,False,11
7387,978.953,3396.0,-3672.0,84.26666666666667,51165.24991987299,0.0,False,11
7388,979.289,3330.706640120615,-3718.4039920260466,88.0,51173.47833333332,0.0,False,11
7389,979.293,3330.0,-3719.0,88.0,51173.57696689492,0.5249999999999999,False,11
7390,979.449,3303.856815624665,-3742.6059599139703,88.0,51177.38944444443,21.0,False,11
7391,979.689,3269.025283181828,-3780.3005598589407,83.0,51182.92277777777,30.0,False,11
7392,979.929,3237.1945527256394,-3820.8239303381374,86.0,51188.65611111109,35.0,False,11
7393,980.073,3218.0,-3847.0,87.35,51192.2574339416,37.25,False,11
7394,980.249,3193.7366668688833,-3882.233904852596,89.0,51196.567222222206,40.0,False,11
7395,980.273,3190.0,-3888.0,88.31428571428572,51197.12099850786,38.285714285714285,False,11
7396,980.529,3144.3080582690345,-3963.1271786321518,81.0,51202.86722222221,20.0,False,11
7397,980.593,3135.0,-3979.0,84.2,51204.464154070825,25.6,False,11
7398,980.849,3112.516714010407,-4018.985670953473,97.0,51211.489444444436,48.0,False,11
7399,980.953,3102.0,-4037.0,99.6163511481354,51214.4208671481,49.96226336110154,False,11
7400,981.008,3094.961011572208,-4048.7181997398484,101.0,51215.95027777777,51.0,False,11
7401,981.193,3066.0,-4095.0,99.8437504,51220.90123010943,49.2656256,False,11
7402,981.328,3043.4772413103883,-4127.914648458727,99.0,51224.750277777755,48.0,False,11
7403,981.353,3039.0,-4134.0,100.99999488,51225.515631423725,48.0,False,11
7404,981.528,3004.8763140196456,-4176.363779035255,115.0,51231.139166666646,48.0,False,11
7405,981.553,3000.0,-4182.0,114.5833344,51231.92685360281,48.0,False,11
7406,981.768,2954.439451916688,-4228.709679589103,111.0,51238.539166666655,48.0,False,11
7407,981.773,2953.0,-4230.0,111.08749888,51238.69599995416,47.77500288,False,11
7408,982.093,2837.0,-4323.0,116.68749888,51249.16159030612,33.37500288,False,11
7409,982.168,2819.500425403981,-4335.074520934728,118.0,51251.650277777764,30.0,False,11
7410,982.353,2787.0,-4353.0,118.5781248,51257.770724571645,30.0,False,11
7411,982.488,2750.1135443392527,-4372.983632248747,119.0,51262.22805555553,30.0,False,11
7412,982.613,2711.0,-4393.0,119.0,51266.352879416576,30.0,False,11
7413,982.793,2656.0,-4417.0,119.0,51272.30733355688,30.0,False,11
7414,982.808,2651.4044298999897,-4418.781958227296,119.0,51272.80583333332,30.0,False,11
7415,982.968,2601.9252953122177,-4435.786185401159,120.0,51278.139166666646,30.0,False,11
7416,983.053,2575.0,-4443.0,120.0,51280.97097428425,30.3035712,False,11
7417,983.213,2523.0,-4453.0,120.0,51286.30217108899,30.87499977142857,False,11
7418,983.248,2511.534933332749,-4454.699814892096,120.0,51287.47249999999,31.0,False,11
7419,983.453,2444.0,-4461.0,120.8541664,51294.35932331598,31.0,False,11
7420,983.488,2432.38486614412,-4461.301965597315,121.0,51295.539166666655,31.0,False,11
7421,983.672,2371.0,-4459.0,121.65480441959959,51301.75905157042,31.0,False,11
7422,983.769,2338.561645787049,-4455.183579060154,122.0,51305.06194444443,31.0,False,11
7423,983.833,2317.0,-4452.0,122.17777777777778,51307.25331395713,32.06666666666667,False,11
7424,984.073,2236.0,-4437.0,122.84444444444445,51315.484774765675,36.06666666666667,False,11
7425,984.129,2218.2379777303095,-4432.824109907374,123.0,51317.361944444434,37.0,False,11
7426,984.273,2170.0,-4419.0,120.12,51322.104579288294,37.0,False,11
7427,984.329,2146.814552431959,-4411.162440138087,119.0,51323.97305555554,37.0,False,11
7428,984.613,2015.0,-4360.0,125.2125,51333.88855624104,41.4375,False,11
7429,984.649,2002.6674416335352,-4354.610500233764,126.0,51335.17305555554,42.0,False,11
7430,985.013,1927.0,-4312.0,130.13636363636363,51348.36746156575,46.13636363636363,False,11
7431,985.089,1910.3619881378365,-4301.204740643986,131.0,51351.18416666666,47.0,False,11
7432,985.353,1842.0,-4254.0,135.71428571428572,51361.14983538509,31.914285714285715,False,11
7433,985.369,1837.4568959387138,-4250.579688874125,136.0,51361.76194444443,31.0,False,11
7434,985.609,1765.3332848938855,-4192.419079299089,139.0,51371.028611111105,52.0,False,11
7435,985.653,1752.0,-4181.0,139.22,51372.73492650506,52.22,False,11
7436,985.809,1705.1894400316419,-4139.478045608919,140.0,51378.80638888887,53.0,False,11
7437,985.833,1698.0,-4133.0,140.3,51379.74658016463,52.8,False,11
7438,986.013,1644.0,-4084.0,142.55,51386.88004404101,51.3,False,11
7439,986.049,1633.2047400280617,-4074.1789684682776,143.0,51388.33972222221,51.0,False,11
7440,986.213,1584.0,-4029.0,147.78333333333333,51395.14679129017,54.416666666666664,False,11
7441,986.289,1561.0975274463833,-4007.3313239447266,150.0,51398.33972222221,56.0,False,11
7442,986.449,1512.2435358598236,-3960.1995867745045,152.0,51405.09527777776,57.0,False,11
7443,986.453,1511.0,-3959.0,152.08,51405.26587454886,57.0,False,11
7444,986.633,1455.0,-3905.0,155.68,51413.05738231758,57.0,False,11
7445,986.649,1450.2528376890978,-3900.406665891864,156.0,51413.76194444443,57.0,False,11
7446,986.849,1387.6147788194755,-3839.567367474061,161.0,51422.70638888888,58.0,False,11
7447,986.853,1386.0,-3838.0,161.025,51422.886362268924,58.0,False,11
7448,987.133,1249.0,-3705.0,162.775,51435.526748159304,58.0,False,11
7449,987.329,1192.533218571894,-3649.277510435339,164.0,51444.573055555535,58.0,False,11
7450,987.533,1151.0,-3608.0,169.95,51454.247346273565,57.15,False,11
7451,987.569,1142.0207823939943,-3599.218344835991,171.0,51455.97305555554,57.0,False,11
7452,987.793,1076.0,-3535.0,173.24561367488903,51466.806589715954,55.877193162555486,False,11
7453,987.968,1015.7478749468869,-3475.725390168461,175.0,51475.36888888887,55.0,False,11
7454,987.973,1014.0,-3474.0,175.07499904,51475.61462236055,55.0,False,11
7455,988.168,945.8380480770242,-3406.674774763097,178.0,51485.25777777776,55.0,False,11
7456,988.193,937.0,-3398.0,178.3124992,51486.5059098498,55.1562496,False,11
7457,988.413,858.0,-3321.0,181.0624992,51497.61180990332,56.5312496,False,11
7458,988.488,830.8548424751451,-3294.4386558037913,182.0,51501.43555555555,57.0,False,11
7459,988.693,756.0,-3221.0,184.5624992,51511.96377726046,57.0,False,11
7460,988.728,743.0395080900194,-3208.339688484632,185.0,51513.76888888888,57.0,False,11
7461,988.888,683.3142172868988,-3150.112589020214,186.0,51522.03555555554,57.0,False,11
7462,988.913,674.0,-3141.0,186.0,51523.32657926371,57.0,False,11
7463,989.053,622.0,-3090.0,186.0,51530.55544567235,57.0,False,11
7464,989.088,608.9874134375947,-3077.2891029102816,186.0,51532.36888888887,57.0,False,11
7465,989.248,549.3427717975964,-3019.176642639406,188.0,51540.72444444444,57.0,False,11
7466,989.273,540.0,-3010.0,188.6249984,51542.048489481516,57.0,False,11
7467,989.448,474.36901674458244,-2944.8528260661647,193.0,51551.446666666656,57.0,False,11
7468,989.533,442.0,-2913.0,193.7968744,51556.047877236924,57.2656248,False,11
7469,989.693,380.0,-2853.0,195.2968744,51564.75904515515,57.7656248,False,11
7470,989.768,350.82244981996655,-2824.6899328573445,196.0,51568.86888888887,58.0,False,11
7471,989.893,302.0,-2777.0,197.04166613333334,51575.75744536317,58.0,False,11
7472,990.073,231.0,-2707.0,198.54166613333334,51585.72826392285,58.0,False,11
7473,990.128,209.40211316124356,-2685.69037006508,199.0,51588.76888888888,58.0,False,11
7474,990.288,146.81136020101732,-2624.0517130169674,199.0,51597.61333333331,58.0,False,11
7475,990.373,113.0,-2591.0,199.90747283301872,51602.354453056425,57.697509055660426,False,11
7476,990.553,41.0,-2521.0,201.82918145575664,51612.47940371011,57.05693951474779,False,11
7477,990.569,34.91277069693733,-2515.036984435204,202.0,51613.38055555553,57.0,False,11
7478,990.733,-31.0,-2450.0,202.82,51622.624722376466,57.0,False,11
7479,990.769,-50.142045879674036,-2431.1480003395027,203.0,51624.65833333331,57.0,False,11
7480,991.013,-201.0,-2283.0,204.1090909090909,51638.497409253745,56.445454545454545,False,11
7481,991.209,-257.15578854304886,-2227.9778058389425,205.0,51649.71388888887,56.0,False,11
7482,991.393,-299.0,-2187.0,206.6727272727273,51660.34454820615,55.58181818181818,False,11
7483,991.593,-382.0,-2106.0,208.4909090909091,51671.988632726585,55.127272727272725,False,11
7484,991.649,-405.99708862233996,-2083.081367117433,209.0,51675.25833333332,55.0,False,11
7485,991.773,-458.0,-2034.0,209.775,51682.51249451068,55.0,False,11
7486,991.953,-535.0,-1961.0,210.9,51693.073667613426,55.0,False,11
7487,991.969,-542.4736546044292,-1953.9028530917897,211.0,51694.013888888876,55.0,False,11
7488,992.209,-666.0564904745496,-1836.4367522596685,212.0,51708.14722222221,55.0,False,11
7489,992.273,-697.0,-1807.0,212.26666666666668,51711.9271489282,55.0,False,11
7490,992.449,-771.8139140697031,-1735.7741595268785,213.0,51722.347222222204,55.0,False,11
7491,992.573,-823.0,-1687.0,213.62,51729.71127517462,55.0,False,11
7492,992.649,-856.0999132994959,-1655.447433908214,214.0,51734.236111111095,55.0,False,11
7493,992.813,-930.0,-1585.0,214.82,51744.02954751508,55.0,False,11
7494,992.849,-946.0993657705976,-1569.6605685380564,215.0,51746.18055555553,55.0,False,11
7495,993.073,-1055.0,-1466.0,215.0,51759.557307388444,51.43636363636364,False,11
7496,993.289,-1191.9945035819815,-1335.8966759223854,215.0,51772.458333333314,48.0,False,12
7497,993.293,-1194.0,-1334.0,215.0,51772.697384358704,47.888888888888886,False,12
7498,993.613,-1290.0,-1244.0,215.0,51791.815650072866,39.0,False,12
7499,993.649,-1303.4252135274176,-1231.2687047072222,215.0,51793.958333333314,38.0,False,12
7500,993.813,-1376.0,-1162.0,213.63333333333333,51803.68582947644,12.033333333333333,False,12
7501,993.889,-1408.6158099606016,-1130.686198937679,213.0,51808.15833333331,0.0,False,12
7502,993.993,-1452.0,-1089.0,211.7,51814.23143014616,0.0,False,12
7503,994.289,-1576.3270169462135,-970.5853812095952,208.0,51831.26944444442,0.0,False,12
7504,994.293,-1578.0,-969.0,207.92452833226534,51831.498045940476,0.0,False,12
7505,994.448,-1642.5908656361353,-907.8719402680157,205.0,51840.32361111109,0.0,False,12
7506,994.473,-1653.0,-898.0,204.7916672,51841.740218383246,0.2083328,False,12
7507,994.673,-1735.0,-820.0,203.12500053333332,51853.01368012553,1.8749994666666667,False,12
7508,994.688,-1740.8173918660611,-814.478490582095,203.0,51853.856944444415,2.0,False,12
7509,994.848,-1799.989375867215,-758.5157077863842,202.0,51862.83472222219,2.0,False,12
7510,994.953,-1848.0,-713.0,201.3437504,51868.69816709733,8.2343712,False,12
7511,995.133,-1952.0,-614.0,200.2187504,51878.68341471876,18.921871200000002,False,12
7512,995.168,-1970.0278407870744,-596.8255921169955,200.0,51880.612499999974,21.0,False,12
7513,995.368,-2048.2448624967387,-522.2797309562466,197.0,51891.556944444426,21.0,False,12
7514,995.593,-2117.0,-457.0,195.31250048,51903.71825179571,28.87499776,False,12
7515,995.768,-2174.9183599945354,-402.3685114011432,194.0,51913.112499999974,35.0,False,12
7516,995.913,-2227.0,-353.0,193.48214308571428,51920.87770823638,35.0,False,12
7517,996.048,-2279.3560561956933,-302.9047512539035,193.0,51928.12361111109,35.0,False,12
7518,996.093,-2297.0,-286.0,193.3214281142857,51930.54866265079,38.053567085714285,False,12
7519,996.273,-2367.0,-219.0,194.6071424,51940.296991210955,50.2678528,False,12
7520,996.328,-2388.3941394728445,-198.53627037566434,195.0,51943.29027777775,54.0,False,12
7521,996.493,-2453.0,-137.0,196.37499946666668,51952.30950513006,54.0,False,12
7522,996.568,-2482.788700391526,-108.95518567374735,197.0,51956.42361111108,54.0,False,12
7523,996.733,-2549.0,-47.0,197.82499968,51965.49715821605,52.35000064,False,12
7524,996.768,-2563.0767861351387,-33.786337107177104,198.0,51967.42361111108,52.0,False,12
7525,997.089,-2692.5494635128443,88.61660217230191,199.0,51985.16777777775,53.0,False,12
7526,997.289,-2773.4293987536407,165.81572359275333,202.0,51996.38999999997,43.0,False,12
7527,997.529,-2868.9459469728904,256.9778291268385,198.0,52009.58999999997,43.0,True,12
7528,997.693,-2933.0,318.0,198.0,52018.64086131216,7.739999999999999,True,12
7529,997.729,-2946.9285485357213,331.25689030787134,198.0,52020.58999999997,0.0,True,12
7530,997.933,-3025.0,405.0,189.5,52031.27050731606,0.0,True,12
7531,997.969,-3038.6399921700477,417.6219959833775,188.0,52033.12333333331,0.0,True,12
7532,998.133,-3100.0,474.0,183.08,52041.46587703921,0.0,True,12
7533,998.169,-3113.187707123556,486.3380013286661,182.0,52043.23444444442,0.0,True,12
7534,998.329,-3169.9346117060527,540.3258903644693,170.0,52050.789999999964,0.0,True,12
7535,998.353,-3178.0,548.0,169.5,52051.906111323406,0.0,True,12
7536,998.533,-3238.0,605.0,165.75,52060.17860310836,0.0,True,12
7537,998.569,-3251.933281608673,618.3576870594903,165.0,52061.789999999964,0.0,True,12
7538,998.753,-3327.0,691.0,158.1,52069.782884353786,0.0,True,12
7539,998.809,-3344.6637207340423,708.3014030289448,156.0,52072.18999999997,0.0,True,12
7540,999.049,-3397.149996034,762.1034579032878,152.0,52082.323333333305,0.0,True,12
7541,999.093,-3408.0,774.0,148.975,52084.039969350226,0.0,True,12
7542,999.353,-3482.0,859.0,131.1,52093.32287822715,0.0,True,12
7543,999.369,-3485.838303326521,863.6552300782618,130.0,52093.87888888885,0.0,True,12
7544,999.609,-3529.132241592131,920.6685652377771,124.0,52102.14555555553,0.0,True,12
7545,999.673,-3540.0,936.0,122.93333333333334,52104.3135431455,0.0,True,12
7546,999.849,-3572.3607601960366,982.864174551781,120.0,52110.14555555553,0.0,True,12
7547,999.953,-3590.0,1012.0,117.66,52113.45295165277,0.0,True,12
7548,1000.033,-3602.0,1035.0,115.86,52115.92428526071,0.0,True,12
7549,1000.249,-3637.210545294401,1115.1338616510864,111.0,52122.47888888886,0.0,False,12
7550,1000.393,-3656.0,1169.0,109.56,52126.84575457781,0.0,False,12
7551,1000.449,-3661.075821262931,1187.6051609176257,109.0,52128.53444444442,0.0,False,12
7552,1000.813,-3670.0,1287.0,107.18,52139.35488274043,0.0,False,12
7553,1000.849,-3669.7598037871844,1296.6718897743735,107.0,52140.42333333331,0.0,False,12
7554,1001.009,-3666.9868463518123,1340.5224564991709,107.0,52145.178888888855,18.0,False,12
7555,1001.248,-3659.189469682401,1405.6809022718865,107.0,52152.28249999997,25.0,False,12
7556,1001.253,-3659.0,1407.0,107.0312496,52152.43186607362,25.0624992,False,12
7557,1001.408,-3652.5988924985813,1446.9817358700836,108.0,52157.08249999996,27.0,False,12
7558,1001.608,-3642.6920784283584,1497.7513439780437,109.0,52163.13805555552,32.0,False,12
7559,1001.673,-3639.0,1515.0,109.8124992,52165.1311484832,32.0,False,12
7560,1001.768,-3633.149345655988,1541.0776249789758,111.0,52168.07138888886,32.0,False,12
7561,1001.833,-3628.0,1563.0,111.8124992,52170.103705781876,33.083332266666666,False,12
7562,1002.008,-3607.7056127633114,1646.1320551207561,114.0,52175.67138888885,36.0,False,12
7563,1002.093,-3599.0,1681.0,115.18055466666667,52178.43778933489,36.236110933333336,False,12
7564,1002.368,-3585.3796866490156,1733.6614196527157,119.0,52187.57138888886,37.0,False,12
7565,1002.413,-3583.0,1744.0,119.18749973333334,52189.06718369249,37.74999893333333,False,12
7566,1002.608,-3569.5986799426564,1807.4511566180695,120.0,52195.57138888886,41.0,False,12
7567,1002.633,-3568.0,1816.0,120.24999936,52196.41504888747,40.93750016,False,12
7568,1002.833,-3558.0,1882.0,122.24999936,52203.25760271847,40.43750016,False,12
7569,1003.008,-3552.7200713865855,1941.9720796830238,124.0,52209.34916666664,40.0,False,12
7570,1003.053,-3552.0,1957.0,124.49999928888889,52210.92792775958,40.0,False,12
7571,1003.213,-3552.0,2013.0,126.27777706666667,52216.58281042744,40.0,False,12
7572,1003.368,-3556.692889762683,2096.090817272156,128.0,52222.14916666664,40.0,False,12
7573,1003.433,-3559.0,2128.0,128.73696083257482,52224.513785889576,39.557823500455115,False,12
7574,1003.809,-3571.7978184148837,2228.7891728638147,133.0,52238.44166666664,37.0,False,12
7575,1003.813,-3572.0,2230.0,133.025,52238.590401440626,36.95,False,12
7576,1003.969,-3581.9129347074945,2286.0655413151035,134.0,52244.39722222219,35.0,False,12
7577,1003.993,-3584.0,2296.0,134.0782608695652,52245.293741032205,35.23478260869565,False,12
7578,1004.313,-3626.0,2446.0,135.12173913043478,52257.34830462953,38.36521739130435,False,12
7579,1004.633,-3676.0,2563.0,136.16521739130434,52269.56878532916,41.495652173913044,False,12
7580,1004.889,-3708.184781273907,2624.42683111877,137.0,52279.4083333333,44.0,False,12
7581,1005.073,-3737.0,2670.0,138.53333333333333,52286.51084251373,44.0,False,12
7582,1005.129,-3748.1341769167616,2686.527705684123,139.0,52288.674999999974,44.0,False,12
7583,1005.289,-3784.7019503148485,2738.735080746728,139.0,52294.85277777775,44.0,False,12
7584,1005.333,-3795.0,2753.0,139.0,52296.54273140356,44.94285714285714,False,12
7585,1005.553,-3847.0,2822.0,139.0,52305.02924127862,49.65714285714286,False,12
7586,1005.569,-3850.934996074136,2826.9902531757434,139.0,52305.663888888856,50.0,False,12
7587,1005.729,-3891.9306784516684,2876.772128992721,146.0,52312.15277777774,50.0,False,12
7588,1005.733,-3893.0,2878.0,146.03636363636363,52312.31704712326,50.03636363636364,False,12
7589,1005.973,-3959.0,2950.0,148.21818181818182,52322.30169729555,52.21818181818182,False,12
7590,1006.033,-3975.0,2968.0,148.76363636363635,52324.816536447936,52.763636363636365,False,12
7591,1006.169,-4024.0180497473493,3016.746344838964,150.0,52330.486111111066,54.0,False,12
7592,1006.373,-4106.0,3091.0,150.0,52338.95897591459,54.0,False,12
7593,1006.409,-4116.835531309092,3100.6758614681785,150.0,52340.486111111066,54.0,False,12
7594,1006.713,-4185.0,3160.0,157.6,52353.88430315394,54.0,False,12
7595,1006.769,-4201.727810846377,3174.488380431438,159.0,52356.386111111075,54.0,False,12
7596,1006.929,-4257.586170274473,3222.7865562139687,161.0,52363.54166666663,54.0,False,12
7597,1006.953,-4266.0,3230.0,161.17142857142858,52364.61945713298,54.25714285714286,False,12
7598,1007.073,-4307.0,3265.0,162.02857142857144,52370.03083495899,55.542857142857144,False,12
7599,1007.209,-4351.193556234414,3303.367687301909,163.0,52376.2194444444,57.0,False,12
7600,1007.253,-4369.0,3319.0,163.55,52378.23618603243,57.0,False,12
7601,1007.533,-4517.0,3450.0,167.05,52391.26394448767,57.0,False,12
7602,1007.609,-4542.337979701731,3472.7240048922863,168.0,52394.886111111075,57.0,False,12
7603,1007.848,-4583.098889640194,3510.8162135431567,175.0,52406.50416666662,57.0,False,12
7604,1007.893,-4595.0,3522.0,175.3214281142857,52408.70615592865,57.160714057142854,False,12
7605,1008.073,-4660.0,3583.0,176.6071424,52417.54590957893,57.8035712,False,12
7606,1008.128,-4680.4238875558285,3602.352017077496,177.0,52420.2708333333,58.0,False,12
7607,1008.368,-4766.007042130504,3684.3892210148315,180.0,52432.2708333333,58.0,False,12
7608,1008.393,-4775.0,3693.0,180.0,52433.51853107795,57.82142902857143,False,12
7609,1008.593,-4848.0,3763.0,180.0,52443.48910796034,56.3928576,False,12
7610,1008.648,-4868.142602172226,3782.653611360993,180.0,52446.2708333333,56.0,False,12
7611,1008.753,-4906.0,3820.0,181.90908974545454,52451.65223978962,56.23863621818182,False,12
7612,1008.953,-4979.0,3893.0,185.5454533818182,52462.13075862349,56.69318167272727,False,12
7613,1009.088,-5048.311628994161,3963.1992560525746,188.0,52469.24861111108,57.0,False,12
7614,1009.193,-5104.0,4020.0,189.3124992,52474.7896258345,57.0,False,12
7615,1009.248,-5130.47531491221,4047.1786577904327,190.0,52477.693055555515,57.0,False,12
7616,1009.528,-5237.97356105876,4159.492340529964,191.0,52492.54861111108,58.0,False,12
7617,1009.693,-5289.0,4214.0,194.43749866666667,52501.517113978814,57.31250026666667,False,12
7618,1009.768,-5310.267873400608,4236.968898440544,196.0,52505.615277777746,57.0,False,12
7619,1010.008,-5373.977244200379,4306.454321605189,197.0,52518.74861111108,56.0,False,12
7620,1010.073,-5393.0,4327.0,197.6074761584999,52522.33702651753,55.79750794716669,False,12
7621,1010.293,-5475.0,4416.0,199.66355133478905,52534.576592038255,55.11214955507032,False,12
7622,1010.329,-5495.206780192731,4438.56909237519,200.0,52536.581944444406,55.0,False,12
7623,1010.493,-5593.0,4549.0,200.5857142857143,52545.7165703886,53.82857142857143,False,12
7624,1010.609,-5620.930697839228,4580.493217946605,201.0,52552.21527777774,53.0,False,12
7625,1010.733,-5638.0,4600.0,202.32857142857142,52559.223743834154,53.0,False,12
7626,1010.889,-5689.527331176085,4659.647907503269,204.0,52568.081944444406,53.0,False,12
7627,1011.013,-5741.0,4720.0,204.0,52575.108139132615,52.114285714285714,False,12
7628,1011.169,-5805.527645902268,4797.1870152277115,204.0,52583.948611111075,51.0,False,12
7629,1011.253,-5844.0,4844.0,204.525,52588.72087383372,51.0,False,12
7630,1011.329,-5882.573977740331,4891.371070973661,205.0,52593.059722222184,51.0,False,12
7631,1011.493,-5967.0,4996.0,207.05,52602.525301550835,50.31666666666667,False,12
7632,1011.569,-5998.523060057995,5035.354495822391,208.0,52606.92638888885,50.0,False,12
7633,1011.913,-6102.0,5168.0,208.0,52626.803155453366,50.0,False,12
7634,1011.929,-6107.147872876684,5174.774351995549,208.0,52627.726388888856,50.0,False,12
7635,1012.089,-6162.711600393197,5248.592533910458,208.0,52636.97083333331,49.0,False,12
7636,1012.289,-6234.021568720118,5344.256158800722,210.0,52648.63749999997,44.0,False,12
7637,1012.333,-6248.0,5363.0,209.52857142857144,52651.19029667605,37.08571428571429,False,12
7638,1012.569,-6313.431990399162,5450.864314496781,207.0,52664.737499999974,0.0,False,12
7639,1012.673,-6344.0,5493.0,205.5142857142857,52670.63509301137,0.0,False,12
7640,1012.849,-6401.738297213413,5574.226429467661,203.0,52680.52638888886,0.0,False,12
7641,1012.853,-6403.0,5576.0,202.96666666666667,52680.75009683278,0.0,False,12
7642,1013.033,-6462.0,5659.0,201.46666666666667,52690.76735121745,0.0,False,12
7643,1013.209,-6554.289027162647,5791.5262543651925,200.0,52700.52638888886,0.0,False,12
7644,1013.273,-6583.0,5833.0,199.68,52704.07976913899,0.0,False,12
7645,1013.409,-6620.479866772854,5887.521977269468,199.0,52711.581944444406,0.0,False,12
7646,1013.653,-6656.0,5941.0,194.425,52724.55484474794,0.0,False,12
7647,1013.813,-6704.0,6013.0,191.425,52732.910835174334,0.0,False,12
7648,1013.889,-6726.931543056725,6047.767070222594,190.0,52736.91527777775,0.0,True,12
7649,1014.053,-6773.0,6118.0,190.0,52745.59664135866,0.0,True,12
7650,1014.089,-6782.510082973382,6132.371550118063,190.0,52747.4708333333,0.0,True,12
7651,1014.289,-6835.140544880137,6211.13939106214,181.0,52757.52638888886,0.0,True,12
7652,1014.353,-6857.0,6244.0,178.32590576919785,52760.59728001716,0.0,True,12
7653,1014.573,-6945.0,6377.0,169.13370685081549,52770.68504746698,0.0,True,12
7654,1014.648,-6964.301260022101,6406.179849616765,166.0,52774.08027777774,0.0,True,12
7655,1014.888,-6993.656071362878,6451.548551675247,161.0,52784.81361111108,0.0,True,12
7656,1014.933,-7002.0,6465.0,159.08750272,52786.73971116581,0.0,True,12
7657,1015.253,-7086.0,6602.0,145.48750272,52799.50236672147,0.0,True,12
7658,1015.288,-7091.967951362567,6611.722370267247,144.0,52800.81361111108,0.0,True,12
7659,1015.568,-7112.547670466423,6646.520238620988,128.0,52810.769166666636,0.0,True,12
7660,1015.613,-7117.0,6655.0,126.593752,52812.291873461916,0.0,True,12
7661,1015.853,-7152.0,6725.0,119.093752,52820.13264174815,0.0,True,12
7662,1015.888,-7156.795469810429,6735.650225145854,118.0,52821.25805555553,0.0,True,12
7663,1016.053,-7176.0,6784.0,115.25000106666667,52826.527494956565,0.0,True,12
7664,1016.248,-7192.292131082501,6839.898439049565,112.0,52832.45805555553,0.0,True,12
7665,1016.273,-7194.0,6847.0,111.00249615999938,52833.17518124277,0.0,True,12
7666,1016.433,-7203.0,6892.0,104.61845524085071,52837.53124494266,0.0,True,12
7667,1016.594,-7208.0,6936.0,98.19451661957373,52841.7070150393,0.0,True,12
7668,1016.649,-7208.987632042692,6950.901388127668,96.0,52843.15138888886,0.0,False,12
7669,1016.873,-7209.0,7011.0,96.0,52849.11986391316,0.0,False,12
7670,1016.929,-7207.729948406938,7025.791611096609,96.0,52850.61805555552,0.0,False,12
7671,1017.033,-7204.0,7053.0,96.0,52853.39713346065,0.0,False,12
7672,1017.089,-7201.282408514841,7067.512495993817,96.0,52854.884722222196,0.0,False,12
7673,1017.233,-7193.0,7103.0,94.8,52858.66642754359,0.0,False,12
7674,1017.329,-7187.789716964743,7123.287388322122,94.0,52861.15138888886,0.0,False,12
7675,1017.513,-7166.0,7168.0,92.62,52865.8310942425,0.0,False,12
7676,1017.673,-7121.0,7227.0,91.42,52869.85163808451,0.0,False,12
7677,1017.729,-7109.44698489533,7240.612733833589,91.0,52871.26249999997,0.0,False,12
7678,1017.929,-7090.99174465349,7254.053838925204,91.0,52876.31805555553,4.0,False,12
7679,1018.013,-7081.0,7259.0,91.0,52878.44988150896,12.925,False,12
7680,1018.089,-7068.423556525962,7266.038501479193,91.0,52880.362499999974,21.0,False,12
7681,1018.253,-7028.0,7286.0,88.95,52884.38265581643,21.0,False,12
7682,1018.329,-7001.7484806297725,7294.851164621017,88.0,52886.22916666663,21.0,False,12
7683,1018.493,-6941.0,7311.0,88.58571428571429,52890.22570333627,27.442857142857143,False,12
7684,1018.609,-6911.166540614325,7317.829861490909,89.0,52893.15138888886,32.0,False,12
7685,1018.929,-6858.721342877863,7325.138821931149,97.0,52901.77361111107,42.0,False,12
7686,1018.953,-6853.0,7326.0,97.0,52902.421742416045,42.2,False,12
7687,1019.073,-6821.0,7331.0,97.0,52905.64165295333,43.2,False,12
7688,1019.169,-6798.3559314137365,7334.378844217046,97.0,52908.240277777746,44.0,False,12
7689,1019.273,-6766.0,7339.0,98.85714285714286,52911.1059962242,44.0,False,12
7690,1019.449,-6669.872093920972,7352.39657482197,102.0,52916.17361111108,44.0,False,12
7691,1019.473,-6657.0,7354.0,103.02857142857142,52916.89947480825,44.25714285714286,False,12
7692,1019.729,-6550.670561487531,7363.4655859152135,114.0,52925.04027777775,47.0,False,12
7693,1019.813,-6522.0,7366.0,115.05,52927.757626314924,42.8,False,12
7694,1019.969,-6471.831320398589,7371.739636338905,117.0,52932.84027777775,35.0,False,12
7695,1020.033,-6451.0,7374.0,117.53333333333333,52934.94782989335,25.666666666666668,False,12
7696,1020.093,-6431.0,7376.0,118.03333333333333,52936.935735953215,16.916666666666668,False,12
7697,1020.209,-6392.922963609236,7381.03404315308,119.0,52940.77361111107,0.0,False,12
7698,1020.409,-6329.466794329684,7393.301436159045,118.0,52947.329166666634,0.0,False,12
7699,1020.433,-6322.0,7395.0,117.88,52948.112545334065,0.0,False,12
7700,1020.609,-6267.044153983259,7409.477485006595,117.0,52953.829166666634,0.0,False,12
7701,1020.633,-6259.0,7412.0,116.8,52954.60189654995,0.0,False,12
7702,1020.849,-6182.397913167908,7440.018343386857,115.0,52961.49583333329,0.0,False,12
7703,1020.873,-6175.0,7443.0,114.93314764422995,52962.25997796215,0.0,False,12
7704,1021.153,-6107.0,7476.0,114.15320349357933,52971.1439796138,0.0,False,12
7705,1021.208,-6092.301460629263,7485.048614105382,114.0,52972.86416666662,0.0,False,12
7706,1021.448,-6022.070150276672,7534.1787011969955,111.0,52980.26416666663,0.0,False,12
7707,1021.493,-6011.0,7543.0,110.7187504,52981.643641478644,0.0,False,12
7708,1021.608,-5987.235588877142,7563.970975478096,110.0,52985.15305555552,0.0,False,12
7709,1021.793,-5956.0,7598.0,108.45833386666666,52990.70612958321,0.0,False,12
7710,1021.848,-5946.162529051362,7609.861635990374,108.0,52992.35305555552,0.0,False,12
7711,1022.113,-5899.0,7675.0,108.0,53000.30539086393,10.410711771428572,False,12
7712,1022.128,-5896.743587539303,7678.746818833975,108.0,53000.75305555551,11.0,False,12
7713,1022.133,-5896.0,7680.0,107.98611128888889,53000.9021779289,11.277774222222222,False,12
7714,1022.393,-5862.0,7749.0,107.26388906666666,53008.6093554141,25.722218666666667,False,12
7715,1022.488,-5852.018695335188,7775.123020503577,107.0,53011.45305555551,31.0,False,12
7716,1022.573,-5844.0,7799.0,108.0624992,53014.02344926214,33.1249984,False,12
7717,1022.648,-5837.485252743474,7820.626106280729,109.0,53016.29749999996,35.0,False,12
7718,1022.873,-5822.0,7888.0,109.0,53023.09784346263,35.8035712,False,12
7719,1022.928,-5819.49867178021,7904.784101861719,109.0,53024.775277777735,36.0,False,12
7720,1023.113,-5814.0,7961.0,110.98214217142858,53030.493575183136,37.98214217142857,False,12
7721,1023.208,-5811.886020639253,7988.603275875273,112.0,53033.48638888885,39.0,False,12
7722,1023.293,-5811.0,8017.0,113.41078769415108,53036.20069500149,39.0,False,12
7723,1023.449,-5813.192230136981,8086.789482119811,116.0,53041.251944444404,39.0,False,12
7724,1023.533,-5815.0,8121.0,116.6,53043.993058600536,38.7,False,12
7725,1023.729,-5818.4735824633135,8169.7594518538035,118.0,53050.42972222218,38.0,False,12
7726,1023.853,-5822.0,8200.0,118.62,53054.515118634576,38.62,False,12
7727,1023.929,-5825.184161649361,8224.31523388631,119.0,53057.04083333329,39.0,False,12
7728,1024.013,-5829.0,8253.0,119.9,53059.86222260732,38.4,False,12
7729,1024.209,-5836.723137990808,8314.459946981224,122.0,53066.529722222185,37.0,False,12
7730,1024.293,-5841.0,8347.0,122.2625,53069.39699961056,34.9,False,12
7731,1024.529,-5856.77522215395,8459.458875156595,123.0,53077.46305555552,29.0,False,12
7732,1024.533,-5857.0,8461.0,123.0,53077.59963242526,28.9,False,12
7733,1024.809,-5867.382849993387,8526.811588364417,123.0,53087.029722222185,22.0,False,12
7734,1024.873,-5870.0,8543.0,123.26666666666667,53089.23108407344,22.0,False,12
7735,1025.049,-5879.2725245961965,8601.47935991119,124.0,53095.29638888885,22.0,False,12
7736,1025.113,-5883.0,8624.0,123.77142857142857,53097.48999125599,19.714285714285715,False,12
7737,1025.329,-5895.704729255772,8696.925185028538,123.0,53104.863055555514,12.0,False,12
7738,1025.353,-5897.0,8705.0,123.0,53105.683516122124,12.0,False,12
7739,1025.533,-5906.0,8766.0,123.0,53111.843564532246,12.0,False,12
7740,1025.609,-5910.038726530755,8791.68666178108,123.0,53114.42972222218,12.0,False,12
7741,1025.793,-5920.0,8853.0,122.16363636363636,53120.632708551886,6.9818181818181815,False,12
7742,1025.993,-5929.0,8919.0,121.25454545454545,53127.33315240804,1.5272727272727273,False,12
7743,1026.049,-5931.347730974149,8939.38185653915,121.0,53129.21861111108,0.0,False,12
7744,1026.253,-5939.0,9019.0,121.0,53136.11641199079,0.0,False,12
7745,1026.369,-5942.097340371269,9062.976790041266,121.0,53139.97416666662,0.0,False,12
7746,1026.529,-5944.77355090098,9121.248113285606,117.0,53145.174166666635,20.0,False,12
7747,1026.809,-5945.145991617872,9216.185341691507,117.0,53154.274166666626,4.0,False,12
7748,1027.169,-5941.635601820154,9314.156165650595,115.0,53165.77416666664,0.0,False,12
7749,1027.213,-5941.0,9324.0,114.63333333333334,53167.16055593219,0.0,False,12
7750,1027.409,-5937.613318317319,9362.306209897331,113.0,53173.307499999966,0.0,False,12
7751,1027.573,-5933.0,9399.0,113.0,53178.466683689156,0.0,False,12
7752,1027.649,-5930.025492862875,9420.5120257787,113.0,53180.84083333329,0.0,False,12
7753,1027.833,-5921.0,9479.0,111.16,53186.516329601465,0.0,False,12
7754,1027.849,-5920.132950713187,9483.93240745895,111.0,53187.00749999996,0.0,False,12
7755,1028.033,-5909.0,9539.0,110.48746527242959,53192.64234603649,7.17548618598575,False,12
7756,1028.193,-5897.0,9587.0,110.04178290062923,53197.52068300966,13.41503939119075,False,12
7757,1028.208,-5895.8555607403305,9591.27915580103,110.0,53197.97694444441,14.0,False,12
7758,1028.393,-5880.0,9644.0,109.22916693333333,53203.586449693496,3.2083370666666666,False,12
7759,1028.448,-5873.20143252566,9662.88844415771,109.0,53205.24361111109,0.0,False,12
7760,1028.673,-5840.0,9745.0,107.97727301818182,53211.961017385285,0.0,False,12
7761,1028.888,-5818.911914560509,9788.294444371746,107.0,53218.32138888886,0.0,False,12
7762,1028.993,-5808.0,9808.0,106.47500032,53221.41853419483,0.0,False,12
7763,1029.088,-5795.9400853960515,9829.577613400648,106.0,53224.21027777775,0.0,False,12
7764,1029.193,-5778.0,9859.0,105.47500032,53227.27901806336,0.0,False,12
7765,1029.288,-5755.418990479189,9892.083040532467,105.0,53230.043611111076,0.0,False,12
7766,1029.473,-5707.0,9958.0,104.48611128888889,53235.40324488268,10.791662933333333,False,12
7767,1029.648,-5680.265448835485,9991.504573366083,104.0,53240.44361111107,21.0,False,12
7768,1029.849,-5660.172957881994,10012.410850226177,103.0,53246.19444444441,0.0,False,12
7769,1029.893,-5654.0,10019.0,102.84285714285714,53247.44605489008,0.0,False,12
7770,1030.113,-5611.0,10064.0,102.05714285714286,53253.674888842375,0.0,False,12
7771,1030.129,-5606.760891667359,10068.094492787633,102.0,53254.12777777774,0.0,False,12
7772,1030.289,-5557.324093884907,10113.469323372068,102.0,53258.66111111107,0.0,False,12
7773,1030.353,-5540.0,10129.0,102.0,53260.47815416529,0.0,False,12
7774,1030.489,-5513.72668817779,10152.277136224657,102.0,53264.32777777774,0.0,False,12
7775,1030.693,-5487.0,10175.0,100.54285714285714,53269.99942370274,0.0,False,12
7776,1030.769,-5475.048823604331,10184.951853209728,100.0,53272.10555555552,0.0,False,12
7777,1031.009,-5429.44734363434,10222.345971237137,100.0,53278.77222222218,0.0,False,12
7778,1031.329,-5355.148425214305,10282.021148448037,99.0,53287.57222222218,0.0,False,12
7779,1031.553,-5304.0,10322.0,97.75555555555556,53293.61590261117,0.0,False,12
7780,1031.689,-5273.764710655105,10345.159115696468,97.0,53297.27222222218,0.0,False,12
7781,1031.793,-5253.0,10361.0,97.0,53300.074790250874,0.0,False,12
7782,1031.969,-5225.525643032411,10382.096026572126,97.0,53304.81666666662,0.0,False,12
7783,1032.133,-5179.0,10416.0,96.54444444444445,53309.21125193164,7.28888888888889,False,12
7784,1032.313,-5089.0,10480.0,96.04444444444445,53313.994360886005,15.28888888888889,False,12
7785,1032.329,-5082.753721740761,10484.434971220415,96.0,53314.41666666663,16.0,False,12
7786,1032.713,-5020.0,10528.0,94.25454545454545,53324.44427471966,2.0363636363636366,False,12
7787,1032.769,-5003.4912635340215,10539.028684813495,94.0,53325.90555555551,0.0,False,12
7788,1032.953,-4942.0,10580.0,94.0,53330.71538589425,0.0,False,12
7789,1033.009,-4932.008493597647,10586.600442331815,94.0,53332.17222222219,0.0,False,12
7790,1033.169,-4919.131397648008,10594.938021931704,93.0,53336.30555555552,0.0,False,12
7791,1033.193,-4916.0,10597.0,92.94,53336.92302489201,0.0,False,12
7792,1033.433,-4864.0,10631.0,92.34,53343.06784711097,0.0,False,12
7793,1033.569,-4833.595764029481,10649.275064411586,92.0,53346.52777777774,0.0,False,12
7794,1033.613,-4824.0,10655.0,91.9,53347.643915925364,1.8,False,12
7795,1033.873,-4768.0,10689.0,91.30909090909091,53354.21155013252,12.436363636363637,False,12
7796,1034.009,-4738.454781120769,10706.269222633151,91.0,53357.649999999965,18.0,False,12
7797,1034.193,-4698.0,10729.0,91.0,53362.31411742218,6.171428571428571,False,12
7798,1034.289,-4676.696687433039,10740.647018127169,91.0,53364.727777777734,0.0,False,12
7799,1034.333,-4667.0,10746.0,90.725,53365.825741215434,0.0,False,12
7800,1034.513,-4628.0,10768.0,89.6,53370.27028094222,0.0,False,12
7801,1034.609,-4607.198600663717,10779.296046499125,89.0,53372.63888888885,0.0,False,12
7802,1034.768,-4572.499158931458,10797.242662690714,89.0,53376.56972222219,0.0,False,12
7803,1034.793,-4567.0,10800.0,88.91071451428571,53377.184706234184,0.0,False,12
7804,1035.033,-4514.0,10826.0,88.05357165714285,53383.04753954007,0.0,False,12
7805,1035.048,-4510.734108559421,10827.65209746123,88.0,53383.41416666664,0.0,False,12
7806,1035.213,-4475.0,10846.0,88.0,53387.45110348491,0.0,False,12
7807,1035.248,-4467.285841417863,10849.8257032648,88.0,53388.30305555553,0.0,False,12
7808,1035.353,-4444.0,10861.0,87.47500032,53390.84365392613,0.0,False,12
7809,1035.448,-4423.343625674721,10870.497490721444,87.0,53393.13638888886,0.0,False,12
7810,1035.533,-4405.0,10879.0,87.0,53395.19313138195,0.0,False,12
7811,1035.608,-4388.7535311794645,10886.870599898544,87.0,53397.00305555553,0.0,False,12
7812,1035.713,-4366.0,10898.0,86.3437504,53399.5167474787,0.0,False,12
7813,1035.768,-4354.130485372626,10903.596472776453,86.0,53400.82527777775,0.0,False,12
7814,1036.008,-4302.437849990833,10926.621421928303,85.0,53406.49194444441,18.0,False,12
7815,1036.033,-4297.0,10929.0,85.0,53407.08236005512,16.2291712,False,12
7816,1036.248,-4250.233753251452,10949.584221619762,85.0,53412.15861111108,1.0,False,12
7817,1036.273,-4245.0,10952.0,84.91103223596464,53412.74521688656,0.9110322359646373,False,12
7818,1036.354,-4228.0,10960.0,84.62277617031201,53414.63898992739,0.6227761703120103,False,12
7819,1036.529,-4182.0047183644265,10980.641606727322,84.0,53418.71527777774,0.0,False,12
7820,1036.633,-4156.0,10992.0,84.0,53421.14399336818,0.0,False,12
7821,1036.809,-4123.7068501076765,11005.814053942362,84.0,53425.24861111108,0.0,False,12
7822,1036.993,-4093.0,11019.0,83.34285714285714,53429.49886123702,0.0,False,12
7823,1037.089,-4072.88916728055,11027.891349484631,83.0,53431.704166666634,0.0,False,12
7824,1037.153,-4059.0,11034.0,82.84,53433.17091550195,0.0,False,12
7825,1037.353,-4017.0,11052.0,82.34,53437.735593633566,0.0,False,12
7826,1037.489,-3989.0435564898653,11063.905131462347,82.0,53440.81527777774,0.0,False,12
7827,1037.553,-3975.0,11070.0,81.6,53442.25679040341,0.0,False,12
7828,1037.649,-3952.1179390467278,11080.137763696068,81.0,53444.41527777775,0.0,False,12
7829,1037.873,-3897.0,11105.0,81.0,53449.46509756883,4.2,False,12
7830,1037.969,-3877.3835180003416,11113.756280758682,81.0,53451.615277777746,6.0,False,12
7831,1038.129,-3850.49426485899,11125.579484566855,80.0,53455.17083333331,0.0,False,12
7832,1038.273,-3831.0,11134.0,80.0,53458.374251966074,0.0,False,12
7833,1038.449,-3812.182660408185,11141.93650081587,80.0,53462.28194444442,0.0,False,12
7834,1038.553,-3798.0,11148.0,79.675,53464.574852938356,0.0,False,12
7835,1038.769,-3754.0709598956455,11167.20335473753,79.0,53469.30416666664,0.0,False,12
7836,1038.833,-3741.0,11173.0,78.84,53470.69927000986,0.0,False,12
7837,1039.073,-3694.0,11194.0,78.24,53475.904462732564,0.0,False,12
7838,1039.169,-3667.7101832131398,11205.43902283869,78.0,53477.97083333331,0.0,False,12
7839,1039.353,-3611.0,11230.0,77.23333333333333,53481.90687720431,0.0,False,12
7840,1039.409,-3595.830716576691,11236.680072295278,77.0,53483.10416666664,0.0,False,12
7841,1039.569,-3558.6043455224526,11253.409345472588,77.0,53486.52638888886,0.0,False,12
7842,1039.713,-3533.0,11265.0,76.6,53489.584395237456,0.0,False,12
7843,1039.929,-3508.615332717646,11275.877582758983,76.0,53494.126388888864,0.0,False,12
7844,1040.113,-3479.0,11289.0,75.08,53497.960003727116,0.0,False,12
7845,1040.129,-3475.206258613308,11290.68649448534,75.0,53498.293055555536,0.0,False,12
7846,1040.313,-3425.0,11313.0,75.0,53502.12607713684,0.0,False,12
7847,1040.329,-3421.3386180570346,11314.618371475144,75.0,53502.45972222219,0.0,False,12
7848,1040.609,-3381.344367853293,11332.190043564162,75.0,53508.293055555536,0.0,False,12
7849,1040.693,-3369.0,11338.0,74.58,53510.02737353288,0.0,False,12
7850,1040.809,-3348.0753075176644,11348.19012356353,74.0,53512.404166666645,0.0,False,12
7851,1040.893,-3332.0,11356.0,73.475,53514.10947087628,0.0,False,12
7852,1040.969,-3317.8417317855315,11362.741403449934,73.0,53515.648611111086,0.0,False,12
7853,1041.153,-3284.0,11378.0,73.0,53519.387314588166,0.0,False,12
7854,1041.253,-3265.0,11386.0,73.0,53521.41219174558,0.0,False,12
7855,1041.289,-3258.3349632204386,11389.011250091626,73.0,53522.13749999998,0.0,False,12
7856,1041.493,-3222.0,11407.0,72.14644374321172,53526.21796648651,0.0,False,12
7857,1041.528,-3215.663342502339,11409.97134857972,72.0,53526.91749999998,0.0,False,12
7858,1041.673,-3189.0,11422.0,72.0,53529.82119778315,0.0,False,12
7859,1041.888,-3149.522050101835,11440.752788332287,72.0,53534.11749999998,0.0,False,12
7860,1041.913,-3145.0,11443.0,71.93055573333334,53534.61368196056,0.0,False,12
7861,1042.248,-3085.875427612324,11472.619282216163,71.0,53541.217499999984,0.0,False,12
7862,1042.253,-3085.0,11473.0,71.0,53541.316119722906,0.0,False,12
7863,1042.293,-3078.0,11476.0,71.0,53542.1054442177,0.0,False,12
7864,1042.408,-3058.0102326493206,11485.673837661521,71.0,53544.37305555554,0.0,False,12
7865,1042.593,-3026.0,11503.0,70.48611128888889,53547.98820976658,0.0,False,12
7866,1042.768,-2995.4692115409425,11518.371634905245,70.0,53551.37305555554,0.0,False,12
7867,1042.853,-2981.0,11526.0,69.69750905566042,53553.00624171343,0.0,False,12
7868,1043.034,-2951.0,11543.0,69.05338102283412,53556.471295738054,0.0,False,12
7869,1043.049,-2948.4367572947654,11544.380004977198,69.0,53556.75888888887,0.0,False,12
7870,1043.213,-2920.0,11559.0,69.0,53559.909332166804,0.0,False,12
7871,1043.293,-2907.0,11566.0,69.0,53561.44840368189,0.0,False,12
7872,1043.449,-2882.586121356987,11579.925135871696,69.0,53564.42555555554,0.0,False,12
7873,1043.609,-2856.282276055421,11595.676322035119,68.0,53567.447777777765,0.0,False,12
7874,1043.673,-2844.0,11603.0,68.0,53568.65550916556,0.0,False,12
7875,1043.889,-2797.7947501134977,11630.521376837602,68.0,53572.73666666665,0.0,False,12
7876,1043.893,-2797.0,11631.0,68.0,53572.812356923125,0.0,False,12
7877,1044.049,-2769.4106809231685,11647.859058916312,68.0,53575.75888888887,0.0,False,12
7878,1044.209,-2746.953120254862,11661.971670886174,67.0,53578.73666666665,9.0,False,12
7879,1044.273,-2739.0,11667.0,67.0,53579.92906204377,8.6,False,12
7880,1044.369,-2728.1407092208788,11673.89677114534,67.0,53581.71444444443,8.0,False,12
7881,1044.609,-2699.5711217168214,11692.083851601623,66.0,53586.114444444436,0.0,False,12
7882,1044.673,-2687.0,11700.0,66.0,53587.28821213877,0.0,False,12
7883,1044.849,-2644.7853879646473,11726.50472330085,66.0,53590.51444444443,0.0,False,12
7884,1044.853,-2644.0,11727.0,65.98571428571428,53590.58736117289,0.0,False,12
7885,1045.129,-2615.104974418331,11745.290409761603,65.0,53595.56999999999,0.0,False,12
7886,1045.193,-2607.0,11750.0,64.8,53596.71306524107,0.0,False,12
7887,1045.449,-2555.7364147000294,11778.59268155482,64.0,53601.258888888886,0.0,False,12
7888,1045.513,-2544.0,11785.0,64.0,53602.39708084242,0.0,False,12
7889,1045.769,-2512.4960017244553,11801.39300585592,64.0,53606.947777777765,0.0,False,12
7890,1045.893,-2497.0,11808.0,63.69,53609.133868686506,0.0,False,12
7891,1046.093,-2465.0,11820.0,63.19,53612.6299674879,0.0,False,12
7892,1046.169,-2452.5247115727548,11824.506979772776,63.0,53613.947777777765,0.0,False,12
7893,1046.253,-2439.0,11829.0,62.65,53615.39733816427,0.0,False,12
7894,1046.409,-2413.6892774702706,11835.140634371715,62.0,53618.081111111096,0.0,False,12
7895,1046.433,-2409.0,11836.0,62.0,53618.494947597166,0.0,False,12
7896,1046.609,-2365.2320606578946,11842.260677889863,62.0,53621.525555555534,0.0,False,12
7897,1046.753,-2332.0,11846.0,61.1,53623.96638833532,0.0,False,12
7898,1046.769,-2329.14790429682,11846.276287797009,61.0,53624.23666666665,0.0,False,12
7899,1047.169,-2286.6487656186946,11846.997078829456,61.0,53631.01444444443,18.0,False,12
7900,1047.173,-2286.0,11847.0,61.03333333333333,53631.08317125663,17.983333333333334,False,12
7901,1047.213,-2279.0,11847.0,61.36666666666667,53631.77186614431,17.816666666666666,False,12
7902,1047.409,-2230.0723350814187,11841.93583758747,63.0,53635.21444444443,17.0,False,12
7903,1047.553,-2197.0,11837.0,65.25,53637.878010972374,19.25,False,12
7904,1047.729,-2176.2017814153837,11833.476315637028,68.0,53641.25888888887,22.0,False,12
7905,1047.853,-2163.0,11830.0,70.325,53643.69488105539,29.75,False,12
7906,1047.889,-2158.0402820329605,11828.525564635449,71.0,53644.414444444425,32.0,False,12
7907,1048.048,-2130.072139358589,11819.509564301208,74.0,53647.682777777765,32.0,False,12
7908,1048.233,-2090.0,11804.0,77.23749888,53651.75768424911,38.47499776,False,12
7909,1048.433,-2042.0,11781.0,80.73749888,53656.34043539582,45.47499776,False,12
7910,1048.448,-2038.178366475359,11778.95812859175,81.0,53656.682777777765,46.0,False,12
7911,1048.768,-1956.8432926230703,11730.114964475439,82.0,53663.97166666665,37.0,False,12
7912,1048.793,-1952.0,11727.0,82.1562496,53664.545976990325,31.2187648,False,12
7913,1048.928,-1931.3751796952033,11713.248270111191,83.0,53667.66055555554,0.0,False,12
7914,1049.128,-1911.6500003833378,11698.502162183946,83.0,53672.27166666665,0.0,False,12
7915,1049.233,-1896.0,11687.0,82.56250026666666,53674.67245723758,0.0,False,12
7916,1049.293,-1885.0,11679.0,82.31250026666666,53676.03739489145,0.0,False,12
7917,1049.368,-1870.401797903623,11668.261420136394,82.0,53677.73833333331,0.0,False,12
7918,1049.649,-1810.1248209434552,11623.798256189111,81.0,53684.06083333332,0.0,False,12
7919,1049.654,-1809.0,11623.0,80.9687504,53684.172641076,0.0,False,12
7920,1049.809,-1773.3425726413489,11598.36194522317,80.0,53687.61638888887,0.0,False,12
7921,1049.969,-1738.9166268886474,11575.494733536023,78.0,53691.083055555544,0.0,False,12
7922,1050.053,-1726.0,11567.0,77.7,53692.88471327454,0.0,False,12
7923,1050.249,-1707.9543923087497,11555.567188578449,77.0,53697.071944444426,0.0,False,12
7924,1050.313,-1700.0,11551.0,77.0,53698.44364454641,0.0,False,12
7925,1050.409,-1683.1876513693635,11541.623982528678,77.0,53700.49416666666,0.0,False,12
7926,1050.673,-1619.0,11508.0,75.35,53706.002219958915,0.0,False,12
7927,1050.729,-1605.8976117402403,11501.867657507933,75.0,53707.16083333331,0.0,False,12
7928,1051.093,-1535.0,11473.0,74.09,53714.65261519565,0.0,False,12
7929,1051.129,-1530.2392365647645,11471.071634893091,74.0,53715.38305555553,0.0,False,12
7930,1051.353,-1505.0,11461.0,72.88,53719.87250764758,0.0,False,12
7931,1051.529,-1475.6218407993492,11451.090326455042,72.0,53723.38305555553,0.0,False,12
7932,1051.653,-1447.0,11442.0,72.0,53725.86624009523,10.075000000000001,False,12
7933,1051.689,-1437.274419264055,11438.95408606464,72.0,53726.583055555544,13.0,False,12
7934,1051.893,-1379.0,11421.0,71.15,53730.60264845131,13.0,False,12
7935,1051.929,-1371.1489709091347,11418.640734635872,71.0,53731.31638888887,13.0,False,12
7936,1052.289,-1324.149154891845,11406.034592675458,73.0,53738.61638888887,18.0,False,12
7937,1052.313,-1320.0,11405.0,73.13333333333334,53739.111636255504,17.0,False,12
7938,1052.453,-1292.0,11398.0,73.91111111111111,53742.019862614965,11.166666666666666,False,12
7939,1052.649,-1254.848469327571,11388.706524997573,75.0,53746.11638888887,3.0,False,12
7940,1052.693,-1243.0,11386.0,75.0,53747.03506410612,2.5285714285714285,False,12
7941,1052.873,-1183.0,11373.0,75.0,53750.7871032781,0.6,False,12
7942,1052.929,-1170.5373252324798,11370.290659207338,75.0,53751.9497222222,0.0,False,12
7943,1053.193,-1142.0,11364.0,74.05714285714286,53757.38095341284,0.0,False,12
7944,1053.209,-1139.0357494883724,11363.384991829203,74.0,53757.70527777776,0.0,False,12
7945,1053.489,-1059.7858589710606,11347.344993341501,72.0,53763.30527777775,3.0,False,12
7946,1053.553,-1043.0,11344.0,72.0,53764.58622422593,4.6,False,12
7947,1053.649,-1021.748463554072,11339.807834847825,72.0,53766.505277777746,7.0,False,12
7948,1053.913,-981.0,11332.0,71.05714285714286,53771.71257300416,11.714285714285714,False,12
7949,1053.929,-978.849536419677,11331.594156740664,71.0,53772.02749999998,12.0,False,12
7950,1054.129,-953.5894946976374,11326.878042284448,71.0,53775.97194444442,14.0,False,12
7951,1054.233,-938.0,11324.0,71.37142857142857,53778.03324192163,15.485714285714286,False,12
7952,1054.409,-904.4730989913,11317.798922614542,72.0,53781.571944444426,18.0,False,12
7953,1054.473,-890.0,11315.0,72.8,53782.88903934392,16.666666666666668,False,12
7954,1054.649,-844.4222924925458,11305.743697613656,75.0,53786.57194444441,13.0,False,12
7955,1054.753,-821.0,11301.0,75.26065158726391,53788.76060152589,14.563909523583435,False,12
7956,1055.013,-780.0,11293.0,75.91228055542366,53794.25487091641,18.47368333254202,False,12
7957,1055.048,-772.4316579489292,11291.399356568807,76.0,53794.99527777775,19.0,False,12
7958,1055.288,-702.8783004444076,11275.947926424878,76.0,53800.06194444442,0.0,False,12
7959,1055.393,-677.0,11270.0,75.47500032,53802.2525535419,0.0,False,12
7960,1055.488,-659.5836179973529,11265.873007566375,75.0,53804.22861111107,0.0,False,12
7961,1055.793,-621.0,11256.0,75.0,53810.58405376031,0.0,False,12
7962,1055.808,-618.3633546797316,11255.33338625803,75.0,53810.895277777745,0.0,False,12
7963,1055.973,-585.0,11247.0,74.58852877223401,53814.30531489501,0.0,False,12
7964,1056.134,-553.0,11239.0,74.18703260840421,53817.608234124156,0.0,False,12
7965,1056.209,-539.1884814898285,11235.114429942265,74.0,53819.13805555552,0.0,False,12
7966,1056.373,-506.0,11225.0,73.41428571428571,53822.46416871161,0.0,False,12
7967,1056.489,-472.4274288883942,11215.02945465614,73.0,53824.8158333333,0.0,False,12
7968,1056.653,-425.0,11201.0,73.0,53828.15431693503,0.0,False,12
7969,1056.769,-405.50647141075115,11195.026454637138,73.0,53830.49361111107,0.0,False,12
7970,1057.049,-376.7374070385064,11185.244949230537,71.0,53836.015833333295,0.0,False,12
7971,1057.053,-376.0,11185.0,71.0,53836.09457084403,0.0,False,12
7972,1057.113,-364.0,11181.0,71.0,53837.27674352948,0.0,False,12
7973,1057.249,-338.8952917521465,11171.916105096281,71.0,53839.96027777773,0.0,False,12
7974,1057.293,-331.0,11169.0,71.0,53840.8279472506,0.0,False,12
7975,1057.409,-309.809118255503,11161.303949496756,71.0,53843.1158333333,0.0,False,12
7976,1057.533,-287.0,11153.0,71.0,53845.567830541564,0.0,False,12
7977,1057.689,-258.77207555350185,11142.33916938013,71.0,53848.63805555552,0.0,False,12
7978,1057.833,-233.0,11132.0,70.34545454545454,53851.42828619949,0.0,False,12
7979,1058.033,-198.0,11117.0,69.43636363636364,53855.24625393552,0.0,False,12
7980,1058.129,-182.70712649149834,11110.660389036135,69.0,53857.07138888884,0.0,False,12
7981,1058.253,-160.0,11101.0,68.69,53859.42389945363,0.0,False,12
7982,1058.473,-102.0,11074.0,68.14,53863.57715255782,0.0,False,12
7983,1058.529,-89.02123213258163,11067.6124305673,68.0,53864.626944444404,0.0,False,12
7984,1058.689,-59.605007622038684,11052.26559925254,67.0,53867.60472222218,0.0,False,12
7985,1058.793,-46.0,11045.0,66.35,53869.51257930114,0.0,False,12
7986,1058.849,-40.40065516142079,11042.023675443928,66.0,53870.5380555555,0.0,False,12
7987,1059.009,-29.434624868019664,11036.172310959973,66.0,53873.47138888884,0.0,False,12
7988,1059.113,-17.0,11029.0,65.48,53875.35334105567,0.0,False,12
7989,1059.209,0.7397492581024857,11018.522327474071,65.0,53877.082499999946,0.0,False,12
7990,1059.433,50.0,10989.0,65.0,53881.1315388939,0.0,False,12
7991,1059.529,63.58252551226274,10980.72719673943,65.0,53882.86027777773,0.0,False,12
7992,1059.813,89.0,10964.0,64.21111111111111,53887.92208579583,0.0,False,12
7993,1059.889,98.82691780308357,10957.149080216015,64.0,53889.26027777772,0.0,False,12
7994,1060.049,122.43282340781701,10940.407368823115,63.0,53892.060277777724,0.0,False,12
7995,1060.053,123.0,10940.0,63.0,53892.13043988847,0.0,False,12
7996,1060.213,145.0,10924.0,63.0,53894.93910116126,0.0,False,12
7997,1060.249,150.13846668637694,10920.224445347014,63.0,53895.560277777724,0.0,False,12
7998,1060.513,189.0,10891.0,60.8,53899.9545273039,6.6,False,12
7999,1060.609,201.43569860339034,10881.028498972866,60.0,53901.560277777724,9.0,False,12
8000,1060.849,229.9527775007153,10856.654428030204,62.0,53905.693611111055,13.0,False,12
8001,1060.873,233.0,10854.0,62.2,53906.11410725856,13.3,False,12
8002,1061.053,257.0,10833.0,63.7,53909.309367077454,15.55,False,12
8003,1061.089,261.8098942047897,10828.816900393125,64.0,53909.96027777773,16.0,False,12
8004,1061.233,282.0,10811.0,65.44,53912.60203453712,16.72,False,12
8005,1061.289,291.23564436461425,10802.433245808334,66.0,53913.62694444439,17.0,False,12
8006,1061.533,333.0,10762.0,66.0,53918.07197008561,17.0,False,12
8007,1061.568,337.0883729082895,10757.964203011354,66.0,53918.741944444395,17.0,False,12
8008,1061.813,361.0,10733.0,71.61458186666667,53923.783898875336,20.0624992,False,12
8009,1062.048,413.94752468762147,10675.216607099183,77.0,53929.00861111106,23.0,False,12
8010,1062.113,426.0,10662.0,78.13749888,53930.489276632914,24.78749824,False,12
8011,1062.448,455.40720414143976,10628.70016838402,84.0,53938.3419444444,34.0,False,12
8012,1062.453,456.0,10628.0,84.05540096273036,53938.461436244674,34.04155072204777,False,12
8013,1062.654,487.0,10591.0,86.2825474628339,53943.31778651741,35.711910597125424,False,12
8014,1062.809,510.3237049164202,10562.075103734489,88.0,53947.16638888884,37.0,False,12
8015,1062.893,523.0,10546.0,89.4,53949.29923650688,37.0,False,12
8016,1063.049,547.6508607039842,10514.282275159521,92.0,53953.299722222175,37.0,False,12
8017,1063.113,557.0,10502.0,92.0,53954.928428351064,37.0,False,12
8018,1063.249,574.7153671603603,10477.980619843387,92.0,53958.410833333284,37.0,False,12
8019,1063.313,586.0,10462.0,93.33333333333333,53960.09639107347,38.06666666666667,False,12
8020,1063.473,624.0,10407.0,96.66666666666667,53964.435809092436,40.733333333333334,False,12
8021,1063.489,627.1472745699826,10402.41080312525,97.0,53964.877499999944,41.0,False,12
8022,1063.729,651.7803831824605,10365.564337453714,102.0,53971.67749999995,41.0,False,12
8023,1063.833,662.0,10349.0,104.6,53974.74688277133,42.733333333333334,False,12
8024,1063.969,681.3973968904605,10317.02545352138,108.0,53978.877499999944,45.0,False,12
8025,1064.073,698.0,10289.0,110.02222222222223,53982.12475839087,46.15555555555556,False,12
8026,1064.293,732.0,10229.0,114.3,53989.20365557249,48.6,False,12
8027,1064.329,737.5736309262724,10218.916366258438,115.0,53990.377499999944,49.0,False,12
8028,1064.493,763.0,10172.0,117.73333333333333,53995.77452757835,51.733333333333334,False,12
8029,1064.569,774.5949107642771,10149.907278453185,119.0,53998.31083333328,53.0,False,12
8030,1064.793,808.0,10082.0,122.5,54005.9444344849,56.5,False,12
8031,1064.889,822.0114828319996,10050.3146568936,124.0,54009.3330555555,58.0,False,12
8032,1065.013,839.0,10011.0,127.98571428571428,54013.83839235049,58.0,False,12
8033,1065.169,859.0274342271374,9965.78830841355,133.0,54019.67749999996,58.0,False,12
8034,1065.213,868.0,9943.0,134.1,54021.350502626534,59.28333333333333,False,12
8035,1065.353,906.0,9841.0,137.6,54026.75035901736,63.36666666666667,False,12
8036,1065.409,916.9778820789729,9811.288206541945,139.0,54028.944166666624,65.0,False,12
8037,1065.609,928.5650694244531,9779.358578704016,144.0,54036.944166666624,65.0,False,12
8038,1065.753,940.0,9740.0,147.6,54042.88143922783,74.0,False,12
8039,1065.849,955.6189941404324,9686.760784107497,150.0,54046.944166666624,80.0,False,12
8040,1066.033,991.0,9566.0,153.496,54054.99804020293,83.68,False,12
8041,1066.433,1021.0,9452.0,161.096,54073.687207228926,91.68,False,12
8042,1066.593,1038.0,9378.0,164.136,54081.41759874197,94.88,False,12
8043,1066.793,1058.0,9285.0,167.936,54091.149809402355,98.88,False,12
8044,1066.849,1066.0650142248849,9246.938300429183,169.0,54093.88861111106,100.0,False,12
8045,1067.033,1097.0,9099.0,177.28,54102.9710739529,100.0,False,12
8046,1067.049,1099.2667868038775,9087.769823397066,178.0,54103.77749999995,100.0,False,12
8047,1067.329,1125.7061732225316,8942.610881502287,187.0,54118.3219444444,100.0,False,12
8048,1067.433,1133.0,8894.0,187.65,54123.77800601056,100.0,False,12
8049,1067.649,1147.4299915522547,8783.75456628687,189.0,54135.1219444444,100.0,False,12
8050,1067.873,1159.0,8676.0,189.0,54146.8866299542,82.26666666666667,False,12
8051,1067.889,1159.5985563685786,8669.358908252045,189.0,54147.72194444439,81.0,False,12
8052,1068.169,1165.5495418536727,8571.685000898322,186.0,54162.188611111065,0.0,False,12
8053,1068.293,1167.0,8523.0,184.66666697252083,54168.509819807485,0.0,False,12
8054,1068.448,1168.1503788071425,8446.614610856192,183.0,54176.371111111075,0.0,False,12
8055,1068.473,1168.0,8431.0,182.87500032,54177.63888111143,0.0,False,12
8056,1068.648,1163.8157338214287,8297.656927373171,182.0,54186.48222222217,0.0,False,12
8057,1068.673,1163.0,8279.0,181.6875008,54187.73275522725,3.4374912,False,12
8058,1068.968,1152.0555221699544,8104.839677285669,178.0,54202.30444444441,44.0,False,12
8059,1069.093,1149.0,8062.0,178.0,54208.49873864987,21.083345066666666,False,12
8060,1069.208,1147.783980857271,8040.635451988866,178.0,54214.17111111108,0.0,False,12
8061,1069.369,1142.395237698758,7967.88747201296,175.0,54221.997499999954,0.0,False,12
8062,1069.374,1142.0,7963.0,174.9531256,54222.23892118085,0.0,False,12
8063,1069.553,1122.0,7725.0,173.275,54230.8255301475,0.0,False,12
8064,1069.689,1110.5893417375419,7608.189580728077,172.0,54237.28638888885,0.0,False,12
8065,1069.913,1099.0,7528.0,169.9,54247.82526689088,0.0,False,12
8066,1070.009,1094.1367689280394,7497.488065731355,169.0,54252.308611111075,0.0,False,12
8067,1070.209,1079.9367815968124,7426.669217479704,167.0,54261.586388888856,0.0,False,12
8068,1070.273,1071.0,7393.0,166.36,54264.53201974966,0.0,False,12
8069,1070.409,1043.8743719619863,7300.798874464959,165.0,54270.75305555553,0.0,False,12
8070,1070.533,1021.0,7227.0,163.96666666666667,54276.38267681541,0.0,False,12
8071,1070.649,1010.3201760863117,7194.3677323713455,163.0,54281.61972222218,0.0,False,12
8072,1070.793,1000.0,7167.0,162.2,54288.090418395994,0.0,False,12
8073,1070.993,969.0,7083.0,161.0888888888889,54297.01033462689,0.0,False,12
8074,1071.009,966.4023879495263,7075.939625716711,161.0,54297.71972222219,0.0,False,12
8075,1071.273,927.0,6968.0,158.525,54309.32904109273,0.0,False,12
8076,1071.329,919.5726981107395,6947.156006522164,158.0,54311.76416666663,0.0,False,12
8077,1071.533,890.0,6861.0,155.45,54320.55421791357,0.0,False,12
8078,1071.569,882.8104582026748,6839.391123044427,155.0,54322.097499999974,0.0,False,12
8079,1071.713,852.0,6746.0,154.1,54328.25776757259,0.0,False,12
8080,1071.729,849.2213138164354,6737.60458492389,154.0,54328.94194444442,0.0,False,12
8081,1071.929,828.271909929313,6675.2611752740095,154.0,54337.49749999997,4.0,False,12
8082,1072.093,814.0,6633.0,154.0,54344.51560254693,31.060000000000002,False,12
8083,1072.129,809.7934856298298,6620.379539690592,154.0,54346.053055555516,37.0,False,12
8084,1072.333,782.0,6536.0,154.0,54354.76265252984,37.0,False,12
8085,1072.369,777.524271497777,6522.167227178349,154.0,54356.31972222219,37.0,False,12
8086,1072.493,761.0,6471.0,155.86,54361.75377945151,44.44,False,12
8087,1072.733,711.0,6320.0,159.46,54372.48529777108,58.839999999999996,False,12
8088,1072.769,705.845330205838,6304.574681502106,160.0,54374.097499999974,61.0,False,12
8089,1072.969,691.2097708471035,6261.781934867963,162.0,54383.097499999974,60.0,False,12
8090,1073.033,685.0,6244.0,163.33333333333334,54386.040086298846,61.333333333333336,False,12
8091,1073.209,658.4340125230332,6168.398924736752,167.0,54394.230833333306,65.0,False,12
8092,1073.253,651.0,6148.0,167.0,54396.26418211989,65.88,False,12
8093,1073.409,624.4453962334225,6078.713768581411,167.0,54403.50861111109,69.0,False,12
8094,1073.513,606.0,6033.0,170.25,54408.528669411535,69.65,False,12
8095,1073.713,568.0,5943.0,176.5,54418.452646990656,70.9,False,12
8096,1073.729,564.835829514024,5935.771743639258,177.0,54419.24194444441,71.0,False,12
8097,1074.033,503.0,5801.0,176.05,54434.10306608364,3.550000000000002,False,12
8098,1074.049,499.8193525246762,5794.2914995296105,176.0,54434.88638888886,0.0,False,12
8099,1074.209,467.88696551563964,5726.993888082651,176.0,54442.708611111084,0.0,False,12
8100,1074.253,458.0,5705.0,175.05714285714285,54444.823626107376,0.0,False,12
8101,1074.453,410.0,5592.0,170.77142857142857,54454.241735438496,0.0,False,12
8102,1074.489,403.6420092731237,5576.670026143186,170.0,54455.9308333333,0.0,False,12
8103,1074.733,375.0,5497.0,169.32222222222222,54467.399115659646,23.72222222222222,False,12
8104,1074.849,354.9792076345871,5427.029913615681,169.0,54472.8308333333,35.0,False,12
8105,1075.008,325.36025402652865,5318.00289846986,168.0,54480.250833333295,44.0,False,12
8106,1075.053,320.0,5298.0,168.3214281142857,54482.36302577298,45.28571245714286,False,12
8107,1075.288,308.32933396888023,5244.9437403373695,170.0,54493.473055555514,52.0,False,12
8108,1075.293,308.0,5243.0,170.0,54493.70940481436,52.0,False,12
8109,1075.488,287.2459096365184,5116.85161218983,170.0,54502.91749999997,52.0,False,12
8110,1075.613,275.0,5037.0,170.0,54508.82366177552,33.99446586051472,False,12
8111,1075.849,267.5164521834916,4964.462026158844,170.0,54519.96472222218,0.0,False,12
8112,1075.954,266.0,4934.0,169.47500032,54524.90199847764,0.0,False,12
8113,1076.049,264.0399223882145,4897.28091760566,169.0,54529.35361111107,0.0,False,12
8114,1076.213,261.0,4813.0,168.18,54536.994714140164,0.0,False,12
8115,1076.449,262.5480491145368,4653.514709943601,167.0,54547.909166666635,0.0,False,12
8116,1076.473,263.0,4638.0,166.8,54549.015125479884,0.0,False,12
8117,1076.689,269.1029940608702,4516.433593982086,165.0,54558.909166666635,0.0,False,12
8118,1076.849,273.96863554828747,4449.54750681092,162.0,54566.10916666662,0.0,False,12
8119,1076.893,275.0,4435.0,161.74615384615385,54568.07652511925,1.776923076923077,False,12
8120,1077.213,282.0,4346.0,159.9,54582.25134390601,14.700000000000001,False,12
8121,1077.369,291.2706031830308,4254.529818075374,159.0,54589.07583333329,21.0,False,12
8122,1077.533,302.0,4154.0,157.4625,54596.189446268225,10.2375,False,12
8123,1077.689,308.79387430169373,4095.1652104562645,156.0,54602.94249999996,0.0,False,12
8124,1077.849,313.90691311964014,4059.020681446251,156.0,54609.875833333295,0.0,False,12
8125,1077.953,319.0,4026.0,154.44,54614.31846330904,0.0,False,12
8126,1078.049,325.1252297048406,3987.331078524854,153.0,54618.375833333295,0.0,False,12
8127,1078.133,331.0,3951.0,152.2125,54621.89995918442,0.0,False,12
8128,1078.313,344.0,3876.0,150.525,54629.38590360085,0.0,False,12
8129,1078.369,348.65796872109786,3853.143745108221,150.0,54631.709166666624,0.0,False,12
8130,1078.473,358.0,3811.0,149.35,54636.019308540184,0.0,False,12
8131,1078.529,363.1843384963955,3788.325733192468,149.0,54638.33138888885,0.0,False,12
8132,1078.793,389.0,3682.0,147.35,54649.121141240015,9.9,False,12
8133,1078.849,394.7859917791863,3659.7551892397128,147.0,54651.39805555552,12.0,False,12
8134,1078.973,408.0,3611.0,146.48333333333332,54656.432713293354,5.800000000000001,False,12
8135,1079.089,420.8861560628593,3566.1437650340504,146.0,54661.131388888854,0.0,False,12
8136,1079.193,433.0,3526.0,145.62857142857143,54665.33301819221,0.0,False,12
8137,1079.369,454.69379727718353,3457.9530147182436,145.0,54672.40916666662,0.0,False,12
8138,1079.413,460.0,3442.0,144.68571428571428,54674.16847157947,0.0,False,12
8139,1079.593,484.0,3374.0,143.4,54681.32229914087,0.0,False,12
8140,1079.649,495.73762501309875,3342.5208441737054,143.0,54683.53138888885,0.0,False,12
8141,1079.813,534.0,3242.0,141.63333333333333,54689.95341395738,0.0,False,12
8142,1080.009,550.2154834558386,3201.673673245363,140.0,54697.53138888885,0.0,False,12
8143,1080.113,558.0,3184.0,139.38095238095238,54701.50717131105,0.0,False,12
8144,1080.353,595.0,3099.0,137.95238095238096,54710.56244233859,0.0,False,12
8145,1080.613,646.0,2988.0,136.4047619047619,54720.23840942829,0.0,False,12
8146,1080.849,676.9399609329009,2922.178813173871,135.0,54729.03138888885,0.0,False,12
8147,1080.953,691.0,2893.0,134.35,54732.91188216585,0.0,False,12
8148,1081.113,717.0,2840.0,133.35,54738.83419183538,0.0,False,12
8149,1081.169,726.4948495351649,2821.1392261038145,133.0,54740.85361111107,0.0,True,12
8150,1081.433,771.0,2736.0,126.4,54749.99439603387,0.0,True,12
8151,1081.529,786.0205689496114,2708.1785062401027,124.0,54753.25361111107,0.0,True,12
8152,1081.673,811.0,2663.0,122.55276428453811,54758.132654042056,0.0,True,12
8153,1081.728,822.950789636131,2641.700952158955,122.0,54759.99749999997,0.0,False,12
8154,1081.893,861.0,2575.0,122.0,54765.59578653223,4.949998079999999,False,12
8155,1081.928,867.5022894626455,2563.9549081626583,122.0,54766.77527777775,6.0,False,12
8156,1082.128,893.2666729552963,2523.0608004816972,120.0,54773.44194444441,18.0,False,12
8157,1082.253,910.0,2496.0,119.37500032,54777.57491421157,6.7500057600000005,False,12
8158,1082.328,922.3145217743105,2475.176990568732,119.0,54780.053055555516,0.0,False,12
8159,1082.394,934.0,2456.0,119.0,54782.236271162794,0.0,False,12
8160,1082.489,951.393236948386,2429.9068073363915,119.0,54785.37499999997,0.0,False,12
8161,1082.594,971.0,2402.0,118.3437504,54788.82421588445,1.9687488,False,12
8162,1082.649,981.2447570158928,2387.2489204805192,118.0,54790.61944444441,3.0,False,12
8163,1082.873,1023.0,2327.0,116.6,54797.84318424412,6.5,False,12
8164,1082.969,1041.111120562595,2301.8241824012553,116.0,54800.93055555552,8.0,False,12
8165,1083.093,1065.0,2270.0,116.0,54804.929836386626,9.033333333333333,False,12
8166,1083.209,1088.1555049930519,2240.9291362583904,116.0,54808.663888888856,10.0,False,12
8167,1083.253,1097.0,2230.0,115.725,54810.07395154446,10.55,False,12
8168,1083.369,1120.2640771789543,2201.3259822223154,115.0,54813.774999999965,12.0,False,12
8169,1083.529,1152.2041320700423,2161.9829504981667,114.0,54818.84166666663,12.0,False,12
8170,1083.533,1153.0,2161.0,113.975,54818.96775467371,11.7,False,12
8171,1083.689,1184.182852099766,2122.952974337561,113.0,54823.86388888885,0.0,False,12
8172,1083.693,1185.0,2122.0,112.98,54823.98893063812,0.0,False,12
8173,1083.873,1223.0,2080.0,112.08,54829.590646263416,0.0,False,12
8174,1083.889,1226.48557451637,2076.212094380985,112.0,54830.08611111107,0.0,False,12
8175,1084.169,1290.2338406786232,2006.8860697622738,111.0,54838.71944444442,8.0,False,12
8176,1084.489,1361.85202775881,1929.4789518151454,112.0,54848.674999999974,16.0,False,12
8177,1084.673,1392.0,1898.0,112.5111111111111,54854.43757989355,16.511111111111113,False,12
8178,1084.849,1413.53666004105,1876.4616012839638,113.0,54859.97499999996,17.0,False,12
8179,1084.853,1414.0,1876.0,113.025,54860.101166315915,17.0,False,12
8180,1085.009,1431.9670726212998,1857.983448688679,114.0,54865.04166666663,17.0,False,12
8181,1085.289,1487.4545072185274,1803.2799116164774,116.0,54874.06388888885,16.0,False,12
8182,1085.313,1496.0,1795.0,115.91428571428571,54874.83439074343,14.628571428571428,False,12
8183,1085.513,1578.0,1716.0,115.2,54881.2190141179,3.1999999999999997,False,12
8184,1085.569,1592.6637434708075,1701.9865726257221,115.0,54883.0083333333,0.0,False,12
8185,1085.769,1612.9573398172024,1683.2676848503586,115.0,54889.39722222219,0.0,False,12
8186,1085.833,1622.0,1675.0,114.31428571428572,54891.41128180298,0.0,False,12
8187,1086.049,1672.021191205814,1628.899585239685,112.0,54898.10833333329,0.0,False,12
8188,1086.053,1673.0,1628.0,111.98,54898.23191955018,0.0,False,12
8189,1086.249,1718.4810182120032,1586.386483570042,111.0,54904.274999999965,0.0,False,12
8190,1086.313,1732.0,1574.0,110.73333333333333,54906.23971035473,0.0,False,12
8191,1086.489,1766.268959836946,1542.4741398977944,110.0,54911.60833333331,0.0,False,12
8192,1086.593,1796.0,1516.0,109.25714285714285,54914.74491035873,0.0,False,12
8193,1086.769,1866.262840708492,1454.843026101269,108.0,54920.0083333333,0.0,False,12
8194,1086.793,1873.0,1449.0,107.925,54920.7242365734,0.0,False,12
8195,1087.033,1895.0,1430.0,107.175,54927.8606577218,0.0,False,12
8196,1087.089,1902.8012534217505,1423.3237092639072,107.0,54929.51944444442,0.0,False,12
8197,1087.289,1950.5157503888531,1382.497932361765,106.0,54935.40833333331,0.0,False,12
8198,1087.373,1971.0,1365.0,104.95,54937.84273067066,0.0,False,12
8199,1087.449,1988.162352187594,1350.3628171172481,104.0,54940.03055555554,0.0,False,12
8200,1087.493,1998.0,1342.0,103.725,54941.294090234864,0.0,False,12
8201,1087.609,2024.7696383386406,1319.3767480722345,103.0,54944.60833333331,0.0,False,12
8202,1087.813,2077.0,1276.0,101.3,54950.34143056547,0.0,False,12
8203,1087.849,2087.3247592702915,1267.5696902880854,101.0,54951.341666666645,0.0,False,12
8204,1088.093,2160.0,1209.0,99.25714285714285,54958.052772415074,0.0,False,12
8205,1088.129,2169.323861782846,1201.5361915464764,99.0,54959.04166666664,0.0,False,12
8206,1088.328,2212.0002841753007,1167.576970440327,99.0,54964.514166666646,4.0,False,12
8207,1088.553,2250.0,1138.0,98.37500017777778,54970.65535237228,4.624999822222223,False,12
8208,1088.688,2270.791721772013,1122.2538472982105,98.0,54974.31416666665,5.0,False,12
8209,1088.848,2295.4142286995684,1103.851758343057,97.0,54978.625277777755,5.0,False,12
8210,1088.933,2311.0,1092.0,96.73520263879429,54980.89965515406,5.0,False,12
8211,1089.094,2345.0,1066.0,96.23364510577348,54985.18454323374,5.0,False,12
8212,1089.169,2361.3473181694385,1053.8698529032624,96.0,54987.18527777777,5.0,False,12
8213,1089.373,2406.0,1022.0,96.56666666666666,54992.653577814446,7.266666666666667,False,12
8214,1089.529,2439.867332994591,998.5432482162986,97.0,54996.885277777765,9.0,False,12
8215,1089.553,2445.0,995.0,97.3,54997.541649862396,10.65,False,12
8216,1089.689,2473.8068421030284,975.1141728463373,99.0,55001.28527777776,20.0,False,12
8217,1089.773,2495.0,961.0,99.46666666666667,55003.61334105201,20.0,False,12
8218,1090.013,2571.0,913.0,100.8,55010.354906578155,20.0,False,12
8219,1090.049,2580.323971783352,907.3127600668363,101.0,55011.385277777765,20.0,False,12
8220,1090.373,2642.0,874.0,105.5,55020.90173992995,20.0,False,12
8221,1090.409,2650.61346145153,869.9897676762048,106.0,55021.98527777777,20.0,False,12
8222,1090.593,2700.0,848.0,109.06666666666666,55027.59751046228,20.0,False,12
8223,1090.649,2713.95684008591,841.9731343507495,110.0,55029.3186111111,20.0,False,12
8224,1090.833,2766.0,824.0,110.83636363636364,55034.9947878215,20.836363636363636,False,12
8225,1091.053,2868.0,804.0,111.83636363636364,55041.86708690366,21.836363636363636,False,12
8226,1091.089,2880.592801429656,801.9800894185179,112.0,55043.00749999999,22.0,False,12
8227,1091.413,2944.0,799.0,115.6,55053.441017567704,22.0,False,12
8228,1091.449,2953.7993281304116,799.1745817591747,116.0,55054.6075,22.0,False,12
8229,1091.653,3023.0,801.0,116.85,55061.23065169099,24.55,False,12
8230,1091.689,3035.2738764766837,801.5994839644444,117.0,55062.4075,25.0,False,12
8231,1091.933,3116.0,808.0,118.74285714285715,55070.465331549465,25.0,False,12
8232,1091.969,3128.0647183675173,809.2552115438853,119.0,55071.663055555546,25.0,False,12
8233,1092.093,3170.0,814.0,119.68888888888888,55075.8027907599,28.1,False,12
8234,1092.329,3249.6519128803297,823.8085706070137,121.0,55083.76305555555,34.0,False,12
8235,1092.333,3251.0,824.0,121.03636363636363,55083.89923617522,34.03636363636364,False,12
8236,1092.473,3298.0,831.0,122.30909090909091,55088.69274006582,35.30909090909091,False,12
8237,1092.713,3381.0,841.0,124.49090909090908,55097.05495219545,37.49090909090909,False,12
8238,1092.769,3404.557273557363,843.9116187802639,125.0,55099.04083333333,38.0,False,12
8239,1092.953,3485.0,854.0,127.55555555555556,55105.66117804781,38.0,False,12
8240,1093.129,3536.2902191043845,859.2960550515269,130.0,55112.04083333333,38.0,False,12
8241,1093.253,3571.0,862.0,130.0,55116.51287503216,38.0,False,12
8242,1093.409,3626.462495136111,865.800103601653,130.0,55122.15194444444,38.0,False,12
8243,1093.513,3665.0,868.0,130.65,55125.94913357204,36.05,False,12
8244,1093.673,3724.0,870.0,131.65,55131.83034592714,33.05,False,12
8245,1093.729,3749.392992494283,870.05464797325,132.0,55133.88527777778,32.0,False,12
8246,1093.969,3869.461036676797,867.0693793353429,132.0,55142.68527777778,34.0,False,12
8247,1093.973,3871.0,867.0,132.025,55142.832811209664,34.09166666666667,False,12
8248,1094.313,3958.0,857.0,134.15,55155.52701597744,41.88333333333333,False,12
8249,1094.449,4007.400916781174,847.7500591276756,135.0,55160.68527777778,45.0,False,12
8250,1094.473,4016.0,846.0,135.3,55161.600173089,45.1,False,12
8251,1094.689,4085.577418769676,827.8689037919036,138.0,55169.88527777778,46.0,False,12
8252,1094.773,4123.0,812.0,138.42,55173.12066915665,46.42,False,12
8253,1094.889,4191.093010190826,778.2839449173894,139.0,55177.607499999984,47.0,False,12
8254,1094.953,4226.0,760.0,139.3565458974403,55180.09824574152,45.03899756407843,False,12
8255,1095.248,4301.503054091394,713.7072017533387,141.0,55191.66833333332,36.0,False,12
8256,1095.413,4336.0,687.0,141.0,55198.13145632396,36.0,False,12
8257,1095.448,4345.9752057594815,679.4920713195592,141.0,55199.50166666666,36.0,False,12
8258,1095.594,4393.0,644.0,141.0,55205.21911061648,3.354052910927866,False,12
8259,1095.609,4397.56474468221,640.430924732706,141.0,55205.80749999998,0.0,False,12
8260,1095.769,4445.284377535555,601.4316969459926,141.0,55212.07416666666,0.0,False,12
8261,1095.774,4447.0,600.0,140.9062512,55212.26798257895,0.0,False,12
8262,1095.929,4509.965555196574,546.9912755880122,138.0,55218.20749999999,0.0,False,12
8263,1096.073,4564.0,501.0,137.2,55223.67122340524,0.0,False,12
8264,1096.289,4601.210087427667,468.3215159811732,136.0,55231.807499999995,0.0,False,12
8265,1096.449,4639.320760726853,435.2587529749048,135.0,55237.807499999995,0.0,False,12
8266,1096.473,4649.0,427.0,135.0,55238.706732943,0.0,False,12
8267,1096.633,4728.0,360.0,135.0,55244.70052597544,0.0,False,12
8268,1096.729,4758.748388351074,334.0132402422049,135.0,55248.307499999995,0.0,False,12
8269,1096.889,4778.106630530132,317.8765535273094,135.0,55254.30749999998,0.0,False,12
8270,1096.993,4795.0,304.0,132.4,55258.08107268922,0.0,False,12
8271,1097.129,4829.54150860974,275.65995331951177,129.0,55262.90749999999,0.0,False,12
8272,1097.233,4863.0,248.0,128.52727272727273,55266.58516606873,2.8363636363636364,False,12
8273,1097.533,4967.0,161.0,127.16363636363636,55277.15919232389,11.018181818181818,False,12
8274,1097.569,4974.794995030759,154.5561700684129,127.0,55278.42972222221,12.0,False,12
8275,1097.729,4999.716275645999,134.3062886638152,127.0,55284.07416666666,26.0,False,12
8276,1097.773,5011.0,125.0,126.81666666666666,55285.61761166087,26.0,False,12
8277,1097.969,5093.491541160461,56.25775255982933,126.0,55292.47416666665,26.0,False,12
8278,1098.053,5125.0,30.0,126.525,55295.44272546767,12.35,False,12
8279,1098.129,5145.123727977873,13.297737340059655,127.0,55298.1186111111,0.0,False,12
8280,1098.329,5169.456820118032,-6.651953767165566,125.0,55305.06305555554,0.0,False,12
8281,1098.413,5183.0,-18.0,125.9,55308.042236233174,0.0,False,12
8282,1098.609,5232.616516399102,-60.1296089072397,128.0,55315.018611111096,0.0,False,12
8283,1098.753,5272.0,-94.0,123.8,55319.894378362704,0.0,False,12
8284,1098.849,5294.81822094624,-113.90487043525195,121.0,55323.08527777776,0.0,False,12
8285,1098.933,5318.0,-134.0,120.475,55325.870787484324,0.0,False,12
8286,1099.153,5399.0,-203.0,119.1,55333.136418474096,0.0,False,12
8287,1099.169,5403.227777949495,-206.59533938277835,119.0,55333.663055555546,0.0,False,12
8288,1099.413,5439.0,-237.0,118.12857142857143,55341.664702789785,0.0,False,12
8289,1099.449,5445.552865179562,-242.51925263713497,118.0,55342.84083333332,0.0,False,12
8290,1099.689,5506.7972456991965,-293.9801840006671,117.0,55350.640833333324,0.0,False,12
8291,1099.773,5528.0,-312.0,116.3,55353.33982941623,0.0,False,12
8292,1099.929,5565.044018037586,-343.9597002773229,115.0,55358.307499999995,0.0,False,12
8293,1099.953,5572.0,-350.0,114.89090909090909,55359.067269756546,0.0,False,12
8294,1100.173,5648.0,-416.0,113.89090909090909,55365.97757961262,0.0,False,12
8295,1100.369,5682.441910957624,-445.11274428923736,113.0,55372.1186111111,0.0,False,12
8296,1100.453,5696.0,-457.0,113.0,55374.76027012327,0.0,False,12
8297,1100.609,5730.123955893488,-488.2554588601771,113.0,55379.65194444443,0.0,False,12
8298,1100.733,5760.0,-516.0,112.15454545454546,55383.48482256995,0.0,False,12
8299,1100.913,5801.0,-554.0,110.92727272727272,55388.96885845314,0.0,False,12
8300,1101.049,5831.892266270038,-582.5803777548927,110.0,55393.09638888888,0.0,False,12
8301,1101.113,5846.0,-596.0,109.73333333333333,55395.03718182996,0.0,False,12
8302,1101.289,5884.052870461159,-634.0377264977602,109.0,55400.36305555554,0.0,False,12
8303,1101.293,5885.0,-635.0,108.9875,55400.48373425403,0.0,False,12
8304,1101.609,5970.942523027232,-723.8677668163609,108.0,55409.96305555555,0.0,False,12
8305,1101.613,5972.0,-725.0,107.97989950395191,55410.08238645797,0.1407034723365717,False,12
8306,1101.808,6020.035113868594,-778.0634848980479,107.0,55415.87777777777,7.0,False,12
8307,1102.008,6058.420041711981,-822.6447210803505,106.0,55421.76666666666,0.0,False,12
8308,1102.094,6069.0,-835.0,105.6431539633272,55424.283510074616,0.0,False,12
8309,1102.249,6080.286464542567,-848.3821515302179,105.0,55428.79583333332,0.0,False,12
8310,1102.314,6088.0,-858.0,104.5937504,55430.67814211555,0.0,False,12
8311,1102.409,6106.2454150213,-881.0429137133438,104.0,55433.41805555555,0.0,False,12
8312,1102.609,6162.060665504113,-952.1721626318857,103.0,55439.14027777777,0.0,False,12
8313,1102.693,6179.0,-974.0,102.4,55441.52508796085,0.0,False,12
8314,1102.889,6196.29780380282,-997.2080053354496,101.0,55446.995833333334,0.0,True,12
8315,1103.053,6214.0,-1023.0,98.26666666666667,55451.38007346942,0.0,True,12
8316,1103.249,6259.209146731787,-1087.8575757228712,95.0,55456.495833333334,0.0,False,12
8317,1103.253,6260.0,-1089.0,94.98,55456.60035247299,0.0,False,12
8318,1103.449,6284.08305241004,-1124.5893604752898,94.0,55461.71805555555,0.0,False,12
8319,1103.633,6300.0,-1150.0,93.23333333333333,55466.474404723485,11.5,False,12
8320,1103.689,6307.084968736343,-1161.3341104878639,93.0,55467.91805555555,15.0,False,12
8321,1103.813,6325.0,-1190.0,93.0,55471.11501944561,13.14,False,12
8322,1103.889,6335.840980246902,-1207.329028976539,93.0,55473.08472222222,12.0,False,12
8323,1104.093,6364.0,-1253.0,94.275,55478.4371317012,17.1,False,12
8324,1104.333,6396.0,-1308.0,95.775,55484.89538632319,23.099999999999998,False,12
8325,1104.369,6400.866596177541,-1316.392754118766,96.0,55485.884722222225,24.0,False,12
8326,1104.529,6422.4762282924985,-1354.0546251706633,100.0,55490.32916666666,27.0,False,12
8327,1104.533,6423.0,-1355.0,100.0,55490.44023965257,27.075,False,12
8328,1104.689,6442.8915757954,-1392.1462091586552,100.0,55494.773611111115,30.0,False,12
8329,1104.713,6446.0,-1398.0,100.25714285714285,55495.447912323565,30.085714285714285,False,12
8330,1104.953,6478.0,-1458.0,102.82857142857142,55502.321331605286,30.942857142857143,False,12
8331,1104.969,6480.05460775288,-1461.8963255049223,103.0,55502.78472222222,31.0,False,12
8332,1105.369,6526.362940666398,-1552.9649597874882,106.0,55514.5625,35.0,False,12
8333,1105.653,6568.0,-1645.0,108.84,55523.24065663481,13.700000000000001,False,12
8334,1105.769,6589.621071058722,-1695.1140323556353,110.0,55526.78472222222,5.0,False,12
8335,1105.913,6613.0,-1750.0,109.1,55531.14666153508,0.5000000000000002,False,12
8336,1105.929,6614.773220883895,-1754.1716881366322,109.0,55531.629166666666,0.0,False,12
8337,1106.129,6626.3031802289825,-1781.9648075734144,108.0,55537.629166666666,0.0,False,12
8338,1106.173,6629.0,-1789.0,107.81666666666666,55538.94251593971,0.0,False,12
8339,1106.369,6647.525850514021,-1838.8184810536795,107.0,55544.7625,0.0,False,12
8340,1106.529,6667.027328572655,-1887.3261672465949,106.0,55549.47361111111,0.0,False,12
8341,1106.553,6670.0,-1894.0,106.0,55550.17908664374,3.45,False,12
8342,1106.593,6675.0,-1905.0,106.0,55551.35456086871,9.2,False,12
8343,1106.689,6687.685831989718,-1936.4569910909206,106.0,55554.18472222223,23.0,False,12
8344,1106.873,6711.0,-2002.0,107.53333333333333,55559.687699095244,23.0,False,12
8345,1107.049,6724.670527513114,-2039.001604700934,109.0,55565.08472222222,23.0,False,12
8346,1107.253,6739.0,-2078.0,112.825,55571.54459751544,40.2125,False,12
8347,1107.369,6751.338743336943,-2113.44917491333,115.0,55575.30694444444,50.0,False,12
8348,1107.393,6754.0,-2121.0,115.6,55576.092894160174,49.7,False,12
8349,1107.529,6768.9626840916935,-2162.221022445171,119.0,55580.595833333326,48.0,False,12
8350,1107.633,6781.0,-2195.0,120.3,55584.096762659596,48.0,False,12
8351,1107.769,6798.2897499916335,-2242.729799809955,122.0,55588.72916666666,48.0,False,12
8352,1107.993,6826.0,-2321.0,123.6,55596.4305057904,40.8,False,12
8353,1108.049,6831.517322835412,-2337.1062700237353,124.0,55598.37361111111,39.0,False,12
8354,1108.233,6848.0,-2386.0,125.31428571428572,55604.810579379046,27.17142857142857,False,12
8355,1108.329,6858.393229689019,-2415.9838132254686,126.0,55608.173611111095,21.0,False,12
8356,1108.493,6878.0,-2472.0,126.0,55613.901967331185,26.489538278952093,False,12
8357,1108.568,6886.778722184679,-2497.3348881663132,126.0,55616.5386111111,29.0,False,12
8358,1108.714,6903.0,-2545.0,127.45273550733867,55621.72486640008,40.62188405870935,False,12
8359,1108.769,6908.582590291243,-2561.9008987413213,128.0,55623.68527777777,45.0,False,12
8360,1108.894,6923.0,-2606.0,128.34722204444444,55628.1405169067,41.527779555555554,False,12
8361,1109.129,6966.41985196386,-2736.261191560845,129.0,55636.58527777776,35.0,False,12
8362,1109.133,6967.0,-2738.0,129.06,55636.73095657093,34.5,False,12
8363,1109.329,6982.785643467388,-2785.534734177097,132.0,55643.91861111109,10.0,False,12
8364,1109.493,6992.0,-2814.0,131.18,55649.88157407168,8.906666666666666,False,12
8365,1109.773,7023.0,-2910.0,129.78,55659.90499365005,7.04,False,12
8366,1109.929,7040.361549486536,-2963.826841091189,129.0,55665.418611111105,6.0,False,12
8367,1109.953,7043.0,-2972.0,128.64,55666.26257354395,5.88,False,12
8368,1110.129,7062.340430925868,-3031.8329210199313,126.0,55672.41861111109,5.0,False,12
8369,1110.233,7073.0,-3065.0,125.48,55676.032292639255,5.0,False,12
8370,1110.329,7081.991860966711,-3093.2374759400896,125.0,55679.36305555554,5.0,False,12
8371,1110.413,7092.0,-3125.0,125.0,55682.28118425906,5.0,False,12
8372,1110.489,7104.775801155345,-3165.768778230159,125.0,55684.918611111105,5.0,False,12
8373,1110.593,7123.0,-3224.0,124.56666666666666,55688.5153435329,5.0,False,12
8374,1110.729,7136.882777090307,-3268.157403670437,124.0,55693.18527777777,5.0,False,12
8375,1110.889,7143.817094280886,-3289.428254180712,122.0,55698.607499999984,5.0,False,12
8376,1110.973,7150.0,-3308.0,121.3,55701.41937683063,5.0,False,12
8377,1111.129,7166.465546322368,-3357.33743492027,120.0,55706.607499999984,5.0,False,12
8378,1111.153,7169.0,-3365.0,120.0,55707.40707772909,4.9,False,12
8379,1111.369,7190.35948931438,-3430.690046442771,120.0,55714.607499999984,4.0,False,12
8380,1111.413,7196.0,-3448.0,119.78,55716.067286318575,4.0,False,12
8381,1111.569,7221.599047898705,-3526.074016298999,119.0,55721.21861111109,4.0,False,12
8382,1111.673,7237.0,-3573.0,118.48,55724.633499233896,1.92,False,12
8383,1111.769,7246.599973998082,-3602.3547324277556,118.0,55727.774166666655,0.0,False,12
8384,1112.009,7257.950002214836,-3637.8122447322203,117.0,55735.57416666666,0.0,False,12
8385,1112.093,7265.0,-3660.0,116.4,55738.273354939345,0.0,False,12
8386,1112.289,7289.243608933181,-3736.2891153520013,115.0,55744.518611111096,0.0,False,12
8387,1112.313,7292.0,-3745.0,114.9,55745.28088260382,0.0,False,12
8388,1112.529,7310.301737102688,-3803.476255550819,114.0,55752.1186111111,0.0,False,12
8389,1112.693,7322.0,-3842.0,113.4875,55757.27785101782,0.0,False,12
8390,1112.849,7335.308275990345,-3886.802889980726,113.0,55762.163055555546,0.0,False,12
8391,1112.893,7340.0,-3903.0,112.87777777777778,55763.53771513335,0.0,False,12
8392,1113.153,7372.0,-4016.0,112.15555555555555,55771.62913369032,0.0,False,12
8393,1113.209,7375.7562148981,-4029.259073290875,112.0,55773.36305555554,0.0,False,12
8394,1113.393,7382.0,-4052.0,111.08,55779.037615977926,0.0,False,12
8395,1113.409,7382.769646946659,-4054.974428745775,111.0,55779.529722222214,0.0,False,12
8396,1113.609,7396.717444332158,-4111.265038058597,110.0,55785.640833333324,0.0,False,12
8397,1113.673,7402.0,-4135.0,109.08571428571429,55787.55700254683,0.0,False,12
8398,1113.889,7420.59182460977,-4228.241638383518,106.0,55793.885277777765,0.0,False,12
8399,1113.933,7424.0,-4246.0,105.63333333333334,55795.15811276909,0.0,False,12
8400,1114.249,7442.193543832425,-4342.81823233942,103.0,55804.18527777777,0.0,True,12
8401,1114.373,7447.0,-4369.0,102.11428571428571,55807.70200172835,0.0,True,12
8402,1114.529,7451.51155532529,-4393.910103915998,101.0,55812.04083333332,0.0,True,12
8403,1114.693,7457.0,-4422.0,97.35555555555555,55816.396740855285,0.0,True,12
8404,1114.889,7467.6421361008615,-4472.4116538480885,93.0,55821.34083333332,0.0,True,12
8405,1114.933,7470.0,-4484.0,92.11779462772216,55822.414306725535,0.0,True,12
8406,1115.173,7481.0,-4543.0,87.30576532438852,55828.06601115456,0.0,True,12
8407,1115.288,7485.884430225537,-4571.040116214726,85.0,55830.76166666666,0.0,True,12
8408,1115.414,7491.0,-4601.0,85.0,55833.739137743934,0.0,True,12
8409,1115.449,7492.357726705501,-4608.967663312246,85.0,55834.56305555554,0.0,True,12
8410,1115.494,7494.0,-4619.0,84.62500053333333,55835.61782058379,0.0,True,12
8411,1115.689,7498.888413326499,-4661.110860185319,83.0,55840.09638888888,0.0,True,12
8412,1115.753,7500.0,-4677.0,81.85714285714286,55841.51167320482,0.0,True,12
8413,1115.969,7502.012867004231,-4739.862388397104,78.0,55846.163055555546,0.0,False,12
8414,1115.973,7502.0,-4741.0,78.0,55846.24959599826,0.0,False,12
8415,1116.169,7498.632344129427,-4792.300832393158,78.0,55850.496388888874,0.0,False,12
8416,1116.413,7491.0,-4839.0,75.38571428571429,55855.589709350694,0.0,False,12
8417,1116.449,7490.0077835337,-4843.71541620198,75.0,55856.32972222222,0.0,True,12
8418,1116.693,7482.0,-4870.0,73.475,55861.29654048286,0.0,True,12
8419,1116.769,7477.453283567045,-4882.6711525735,73.0,55862.8186111111,0.0,False,12
8420,1116.893,7468.0,-4906.0,71.76,55865.27238676268,0.0,False,12
8421,1116.969,7461.351452037133,-4918.859520390286,71.0,55866.76305555555,0.0,False,12
8422,1117.073,7451.0,-4935.0,70.35,55868.790573413,0.0,False,12
8423,1117.129,7444.690696110354,-4943.281461481331,70.0,55869.87416666666,0.0,False,12
8424,1117.289,7423.97731933076,-4965.373234275347,69.0,55872.94083333333,0.0,False,12
8425,1117.373,7412.0,-4976.0,69.0,55874.54968866092,4.2,False,12
8426,1117.569,7381.559185943609,-4998.156750017798,69.0,55878.307499999995,14.0,False,12
8427,1117.729,7354.121291436951,-5013.5048344183,69.0,55881.37416666666,14.0,False,12
8428,1118.049,7297.633921352417,-5038.933846079439,69.0,55887.50749999999,4.0,False,12
8429,1118.093,7290.0,-5042.0,68.725,55888.3366490013,3.45,False,12
8430,1118.313,7252.0,-5056.0,67.35,55892.42567878615,0.7000000000000002,False,12
8431,1118.369,7242.135212250898,-5059.383247311065,67.0,55893.46305555555,0.0,False,12
8432,1118.593,7202.0,-5073.0,67.56,55897.61809610683,10.64,False,12
8433,1118.653,7191.0,-5077.0,67.71,55898.75342339325,13.49,False,12
8434,1118.769,7164.010482445108,-5086.002123122559,68.0,55901.018611111096,19.0,False,12
8435,1118.973,7112.0,-5102.0,72.37142857142857,55905.20720747809,19.728571428571428,False,12
8436,1119.049,7098.52847764856,-5106.040634140675,74.0,55906.774166666655,20.0,False,12
8437,1119.209,7079.236840400236,-5111.6145725964425,74.0,55910.06305555554,20.0,False,12
8438,1119.313,7064.0,-5116.0,76.02222222222223,55912.311000397065,20.866666666666667,False,12
8439,1119.553,7012.0,-5131.0,80.68888888888888,55917.793164390256,22.866666666666667,False,12
8440,1119.569,7007.685467342016,-5132.223866084738,81.0,55918.163055555546,23.0,False,12
8441,1119.813,6937.0,-5152.0,83.2875,55923.84565380898,16.9,False,12
8442,1119.889,6919.899485761567,-5156.75531063799,84.0,55925.629722222206,15.0,False,12
8443,1120.049,6893.669281430768,-5164.012304465742,85.0,55929.40749999999,14.0,False,12
8444,1120.193,6868.0,-5171.0,85.72,55932.84109566908,14.0,False,12
8445,1120.249,6856.137460781211,-5174.202821703324,86.0,55934.18527777777,14.0,False,12
8446,1120.409,6818.524621881664,-5184.441783268444,87.0,55938.051944444436,14.0,False,12
8447,1120.433,6813.0,-5186.0,87.08571428571429,55938.63482190367,14.257142857142858,False,12
8448,1120.613,6771.0,-5198.0,87.72857142857143,55943.028977014284,16.185714285714287,False,12
8449,1120.689,6749.060274920957,-5203.746649929213,88.0,55944.89638888888,17.0,False,12
8450,1120.849,6695.478536644086,-5216.945625217444,89.0,55948.85194444444,18.0,False,12
8451,1120.913,6675.0,-5222.0,89.32,55950.4441297968,18.96,False,12
8452,1121.049,6634.967326208719,-5232.027002694821,90.0,55953.85194444444,21.0,False,12
8453,1121.289,6576.822657236237,-5246.7961189095195,92.0,55959.98527777777,25.0,False,12
8454,1121.313,6572.0,-5248.0,92.25714285714285,55960.609932358406,25.257142857142856,False,12
8455,1121.569,6530.856367151703,-5257.917842027466,95.0,55967.37416666666,28.0,False,12
8456,1121.733,6495.0,-5266.0,95.82,55971.735249630074,32.92,False,12
8457,1121.769,6484.652213251294,-5268.3020348480795,96.0,55972.70749999999,34.0,False,12
8458,1121.934,6432.0,-5280.0,98.29166577777778,55977.262995596815,35.374999466666665,False,12
8459,1122.129,6385.042848052666,-5290.795089023775,101.0,55982.807499999995,37.0,False,12
8460,1122.254,6355.0,-5298.0,103.08333226666667,55986.42056616017,40.1249984,False,12
8461,1122.369,6322.582668944797,-5305.916060479114,105.0,55989.807499999995,43.0,False,12
8462,1122.413,6310.0,-5309.0,105.94285714285714,55991.12456812986,43.94285714285714,False,12
8463,1122.649,6244.78816468521,-5325.06209959463,111.0,55998.44083333333,49.0,False,12
8464,1122.753,6210.0,-5334.0,113.18947368421053,56001.85475213181,52.421052631578945,False,12
8465,1122.973,6123.0,-5357.0,117.82105263157895,56009.480734295415,59.6578947368421,False,12
8466,1123.333,6023.0,-5383.0,125.4,56022.526697830894,71.5,False,12
8467,1123.409,5997.839398095789,-5389.940621686032,127.0,56025.25194444445,74.0,False,12
8468,1123.513,5961.0,-5400.0,127.43333333333334,56028.96240450586,41.93333333333334,False,12
8469,1123.649,5913.642760314664,-5411.944283399943,128.0,56033.78527777777,0.0,False,12
8470,1123.773,5872.0,-5422.0,127.38,56038.15808654322,0.0,False,12
8471,1123.993,5797.0,-5440.0,126.28,56045.84743465898,0.0,False,12
8472,1124.049,5772.652895322069,-5445.658911695171,126.0,56047.78527777777,0.0,True,12
8473,1124.173,5717.0,-5459.0,124.45,56052.046949700554,0.0,True,12
8474,1124.289,5679.434829347731,-5469.995542321691,123.0,56055.98527777777,0.0,True,12
8475,1124.513,5626.0,-5489.0,120.5111111111111,56063.43002653017,0.0,True,12
8476,1124.649,5582.965497260896,-5501.304674581892,119.0,56067.885277777765,0.0,True,12
8477,1124.713,5562.0,-5507.0,118.68,56069.97195096059,0.0,True,12
8478,1124.933,5493.0,-5525.0,117.58,56077.10749787449,0.0,True,12
8479,1125.049,5457.18954110121,-5533.236894971021,117.0,56080.885277777765,0.0,True,12
8480,1125.193,5413.0,-5542.0,117.0,56085.57527691987,0.0,True,12
8481,1125.209,5408.111806920225,-5542.858053576373,117.0,56086.08527777776,0.0,False,12
8482,1125.409,5347.2198550389285,-5551.8448802862285,111.0,56092.25194444443,0.0,False,12
8483,1125.413,5346.0,-5552.0,110.98333333333333,56092.37408874126,0.016666666666666666,False,12
8484,1125.633,5279.0,-5559.0,110.06666666666666,56099.0963375587,0.9333333333333333,False,12
8485,1125.649,5274.193473082425,-5559.350967134738,110.0,56099.58527777776,1.0,False,12
8486,1125.753,5243.0,-5561.0,110.0,56102.76309071254,0.5666666666666667,False,12
8487,1125.889,5201.157860796025,-5561.268172000031,110.0,56106.918611111105,0.0,False,12
8488,1125.933,5188.0,-5561.0,110.0,56108.26323547482,0.0,False,12
8489,1126.049,5154.412665212059,-5559.439686590692,110.0,56111.807499999995,0.0,False,12
8490,1126.093,5140.0,-5558.0,110.0,56113.15091206372,0.0,False,12
8491,1126.249,5076.063248573335,-5547.777297256008,110.0,56117.918611111105,0.0,False,12
8492,1126.393,5020.0,-5536.0,110.0,56122.326619131505,0.0,False,12
8493,1126.409,5015.085857676816,-5534.813678909909,110.0,56122.807499999995,0.0,False,12
8494,1126.609,4975.376898454857,-5521.964953483395,105.0,56128.640833333324,0.0,False,12
8495,1126.773,4949.0,-5510.0,104.08888888888889,56133.34167841615,0.0,False,12
8496,1126.969,4902.525558015045,-5488.315752148012,103.0,56138.94083333333,0.0,False,12
8497,1127.013,4888.0,-5480.0,103.0,56140.201345679525,4.125,False,12
8498,1127.129,4841.194664481514,-5450.191472188226,103.0,56143.518611111096,15.0,False,12
8499,1127.213,4811.0,-5430.0,102.58,56145.89611702341,11.85,False,12
8500,1127.529,4766.597575782029,-5396.5142351465665,101.0,56154.74083333333,0.0,False,12
8501,1127.533,4766.0,-5396.0,101.0125,56154.853544537094,0.0,False,12
8502,1127.849,4698.851409500214,-5336.789560813971,102.0,56163.807499999995,0.0,False,12
8503,1127.853,4698.0,-5336.0,101.98333333333333,56163.92037623802,0.0,False,12
8504,1128.013,4666.0,-5305.0,101.31666666666666,56168.4158088993,0.0,False,12
8505,1128.089,4651.403852067121,-5289.690424883608,101.0,56170.54083333333,0.0,False,12
8506,1128.193,4632.0,-5268.0,100.675,56173.4400300149,0.0,False,12
8507,1128.409,4594.288024847203,-5221.385471152651,100.0,56179.42972222222,0.0,False,12
8508,1128.434,4590.0,-5216.0,99.87500032,56180.120277340946,0.0,False,12
8509,1128.609,4560.164428605637,-5178.475103539778,99.0,56184.92972222221,0.0,False,12
8510,1128.634,4556.0,-5173.0,98.86111146666667,56185.61084194222,0.2083328,False,12
8511,1128.913,4512.0,-5111.0,97.31111111111112,56193.124135111866,2.533333333333333,False,12
8512,1128.969,4503.816928219248,-5099.583294456921,97.0,56194.62972222222,3.0,False,12
8513,1129.113,4481.0,-5067.0,97.0,56198.50916738757,12.0,False,12
8514,1129.129,4477.895322379703,-5062.291952764969,97.0,56198.94083333333,13.0,False,12
8515,1129.289,4442.727627428587,-5006.674172001944,97.0,56203.25194444443,0.0,False,12
8516,1129.313,4438.0,-4999.0,96.88,56203.893195970115,0.8400000000000001,False,12
8517,1129.489,4411.802720821408,-4954.958292047228,96.0,56208.585277777776,7.0,False,12
8518,1129.753,4387.0,-4909.0,98.93333333333334,56215.90954048402,15.066666666666666,False,12
8519,1129.849,4376.880402635546,-4890.11989591916,100.0,56218.585277777776,18.0,False,12
8520,1130.009,4358.490705268505,-4855.664650851939,100.0,56223.029722222214,23.0,False,12
8521,1130.133,4343.0,-4826.0,101.4090909090909,56226.56762276824,22.154545454545456,False,12
8522,1130.293,4322.0,-4785.0,103.22727272727273,56231.266067106146,21.063636363636363,False,12
8523,1130.449,4302.929159178386,-4747.697339718658,105.0,56235.86305555556,20.0,False,12
8524,1130.513,4293.0,-4728.0,105.32,56237.7443597753,20.0,False,12
8525,1130.649,4264.833932954779,-4671.456221766414,106.0,56241.75194444443,20.0,False,12
8526,1130.793,4238.0,-4617.0,106.8,56246.05511258342,12.0,False,12
8527,1131.009,4225.959578430862,-4591.253083691971,108.0,56252.551944444436,0.0,False,12
8528,1131.053,4223.0,-4585.0,107.725,56253.86607440737,0.0,False,12
8529,1131.169,4210.608458907469,-4559.407300609438,107.0,56257.307499999995,0.0,False,12
8530,1131.353,4184.0,-4505.0,105.02857142857142,56262.66000909872,0.0,False,12
8531,1131.449,4171.290513551259,-4478.926300893773,104.0,56265.39638888888,0.0,True,12
8532,1131.573,4157.0,-4449.0,102.45,56268.87157834605,0.0,True,12
8533,1131.769,4139.401702608737,-4409.872267164586,100.0,56274.28527777777,0.0,True,12
8534,1131.773,4139.0,-4409.0,99.975,56274.395744715715,0.0,True,12
8535,1131.929,4120.817770210926,-4370.694130596935,99.0,56278.68527777778,0.0,True,12
8536,1132.013,4111.0,-4350.0,97.8,56280.94282662605,0.0,True,12
8537,1132.173,4093.0,-4311.0,95.51428571428572,56285.14082965284,0.0,True,12
8538,1132.209,4087.755254368516,-4299.555982075242,95.0,56286.07416666667,0.0,True,12
8539,1132.433,4050.0,-4217.0,92.2,56291.80272359877,0.0,True,12
8540,1132.449,4047.989521160399,-4212.585321949943,92.0,56292.207500000004,0.0,True,12
8541,1132.689,4032.4541914803976,-4178.104785173114,90.0,56298.207500000004,0.0,True,12
8542,1132.833,4023.0,-4158.0,88.8,56301.72576039517,0.0,True,12
8543,1132.993,4006.0,-4123.0,87.46666666666667,56305.571255652976,0.0,True,12
8544,1133.049,3999.7353098791955,-4110.665008320204,87.0,56306.9075,0.0,True,12
8545,1133.249,3977.4465592944075,-4068.828208538807,85.0,56311.62972222222,0.0,True,12
8546,1133.253,3977.0,-4068.0,84.96,56311.72288350867,0.0,True,12
8547,1133.413,3959.0,-4035.0,83.36,56315.41143788668,0.0,True,12
8548,1133.449,3954.8547011868613,-4027.647417486498,83.0,56316.24083333333,0.0,True,12
8549,1133.593,3938.0,-3999.0,83.0,56319.56397540073,0.0,True,12
8550,1133.609,3936.1278518608283,-3995.971267168064,83.0,56319.92972222222,0.0,True,12
8551,1133.693,3926.0,-3980.0,82.2125,56321.831910416295,0.0,True,12
8552,1133.929,3888.8842038346324,-3922.479725327194,80.0,56327.04083333333,0.0,True,12
8553,1134.073,3866.0,-3887.0,78.65,56330.15471520122,0.0,True,12
8554,1134.249,3842.3998830598694,-3850.06694772823,77.0,56333.88527777778,0.0,True,12
8555,1134.453,3821.0,-3817.0,74.81428571428572,56338.090228003915,0.0,True,12
8556,1134.529,3814.6435487671165,-3807.6336774086935,74.0,56339.64083333334,0.0,True,12
8557,1134.769,3798.0763816050357,-3785.452056006447,73.0,56344.50750000001,0.0,True,12
8558,1134.873,3788.0,-3773.0,72.35,56346.59111181494,0.0,True,12
8559,1134.929,3781.457855328167,-3765.040317915998,72.0,56347.707500000004,0.0,False,12
8560,1135.034,3768.0,-3749.0,71.62633466222569,56349.79212013853,0.0,False,12
8561,1135.21,3744.840324734115,-3723.6984232527957,71.0,56353.249444444446,0.0,False,12
8562,1135.234,3741.0,-3720.0,70.87969926741665,56353.715706291434,0.0,False,12
8563,1135.513,3687.0,-3675.0,69.48120293033337,56359.05916534523,0.0,False,12
8564,1135.609,3673.0564830362778,-3665.013025235705,69.0,56360.89694444445,0.0,False,12
8565,1135.809,3652.7300582550647,-3654.3180838093717,69.0,56364.73027777778,0.0,False,12
8566,1135.913,3639.0,-3649.0,68.25714285714285,56366.68250502346,3.714285714285714,False,12
8567,1136.089,3608.7249926318286,-3639.1803915241794,67.0,56369.941388888896,10.0,False,12
8568,1136.093,3608.0,-3639.0,67.0,56370.01553989903,10.016666666666667,False,12
8569,1136.253,3579.0,-3634.0,67.0,56372.98755560357,10.683333333333334,False,12
8570,1136.329,3565.7370820569677,-3632.807165063088,67.0,56374.408055555556,11.0,False,12
8571,1136.453,3541.0,-3633.0,67.62,56376.742143145166,11.0,False,12
8572,1136.529,3520.443889936,-3634.9847479740615,68.0,56378.18583333334,11.0,False,12
8573,1136.689,3473.927163381996,-3641.8382447184754,69.0,56381.2525,14.0,False,12
8574,1136.693,3473.0,-3642.0,69.0,56381.32900377267,14.0,False,12
8575,1136.969,3437.5458717993233,-3652.0397837751952,69.0,56386.61916666667,14.0,False,12
8576,1137.093,3422.0,-3660.0,70.86,56389.09208794015,13.38,False,12
8577,1137.169,3409.0542803102326,-3666.758315650236,72.0,56390.61916666667,13.0,False,12
8578,1137.273,3390.0,-3677.0,72.0,56392.70078183916,13.0,False,12
8579,1137.369,3374.833253288303,-3685.72556931551,72.0,56394.61916666667,13.0,False,12
8580,1137.529,3351.781062245553,-3701.5616440118592,72.0,56397.81916666668,11.0,False,12
8581,1137.613,3335.0,-3716.0,72.0,56399.49852041282,10.1,False,12
8582,1137.793,3291.0,-3758.0,72.0,56403.098579896396,8.17142857142857,False,12
8583,1137.809,3287.8544931532974,-3761.124999474051,72.0,56403.419166666674,8.0,False,12
8584,1138.049,3264.2050265573316,-3787.180099227164,72.0,56408.21916666668,8.0,False,12
8585,1138.213,3252.0,-3803.0,71.08888888888889,56411.42824525418,10.277777777777779,False,12
8586,1138.409,3227.9343280348558,-3833.0801124134377,70.0,56415.21916666668,13.0,False,12
8587,1138.433,3225.0,-3837.0,70.0,56415.684137504446,13.0,False,12
8588,1138.593,3207.0,-3863.0,70.0,56418.791053894034,13.0,False,12
8589,1138.649,3200.952186066327,-3872.129523754538,70.0,56419.88583333335,13.0,False,12
8590,1138.733,3192.0,-3886.0,70.525,56421.53709500302,15.625,False,12
8591,1138.809,3184.012409659693,-3898.9041014256504,71.0,56423.0413888889,18.0,False,12
8592,1138.973,3167.0,-3927.0,71.58571428571429,56426.322480884366,15.657142857142857,False,12
8593,1139.089,3154.886617510724,-3946.108959230774,72.0,56428.64138888891,14.0,False,12
8594,1139.133,3150.0,-3954.0,71.8625,56429.51547997033,12.075,False,12
8595,1139.409,3115.293405319418,-4013.859400385006,71.0,56434.952500000014,0.0,False,12
8596,1139.453,3110.0,-4023.0,71.0,56435.81901332803,0.0,False,12
8597,1139.609,3092.78329878199,-4052.15120239935,71.0,56438.89694444445,0.0,True,12
8598,1139.809,3074.326577020667,-4082.469051597974,71.0,56442.841388888904,0.0,True,12
8599,1139.813,3074.0,-4083.0,70.96875,56442.91907488012,0.0,True,12
8600,1140.193,3042.0,-4130.0,68.0,56450.00463259802,0.0,True,12
8601,1140.449,3001.186317716045,-4179.253260473144,66.0,56454.57472222224,0.0,False,12
8602,1140.473,2998.0,-4183.0,65.64,56454.99860236987,0.0,False,12
8603,1140.649,2981.708489521983,-4201.743553042258,63.0,56458.07472222224,0.0,False,12
8604,1140.913,2957.0,-4225.0,61.114285714285714,56462.54860280389,0.0,False,12
8605,1140.929,2954.274062649903,-4227.457631925316,61.0,56462.81916666668,0.0,False,12
8606,1141.093,2921.0,-4257.0,61.0,56465.602819812615,4.1,False,12
8607,1141.209,2899.2282029777252,-4275.541194563225,61.0,56467.56361111112,7.0,False,12
8608,1141.449,2861.7211072203477,-4304.84309266595,60.0,56471.56361111112,5.0,False,12
8609,1141.533,2850.0,-4313.0,59.76731297813859,56472.9506812044,5.465374043722822,False,12
8610,1141.714,2826.0,-4328.0,59.26592802498447,56475.918728644785,6.4681439500310605,False,12
8611,1141.81,2812.2216588498427,-4336.266391512141,59.0,56477.48000000001,7.0,False,12
8612,1141.854,2806.0,-4340.0,58.86206899318992,56478.19249191768,9.344827115771363,False,12
8613,1142.014,2784.0,-4353.0,58.36050169569872,56480.76838724823,17.871471173121773,False,12
8614,1142.129,2764.6775986650227,-4363.21120703717,58.0,56482.619444444455,24.0,False,12
8615,1142.289,2735.155167999923,-4378.665700725255,58.0,56485.19722222224,0.0,False,12
8616,1142.333,2728.0,-4383.0,57.81666666666667,56485.900620450804,0.0,False,12
8617,1142.529,2701.931799274301,-4402.525334796081,57.0,56488.99722222224,0.0,False,12
8618,1142.693,2688.0,-4402.0,56.18,56491.5490975525,0.0,False,12
8619,1142.729,2685.9650267896877,-4398.035829172651,56.0,56492.10833333335,0.0,False,12
8620,1142.929,2678.131628892185,-4360.821921020465,56.0,56495.21944444446,0.0,False,12
8621,1142.973,2675.0,-4356.0,56.0,56495.903765444,0.0,False,12
8622,1143.089,2662.864976137277,-4353.586898420249,56.0,56497.70833333334,0.0,False,12
8623,1143.249,2639.7475480020225,-4368.433288985594,56.0,56500.19722222224,0.0,False,12
8624,1143.333,2629.0,-4375.0,55.7,56501.48881252775,0.9,False,12
8625,1143.529,2609.4222355278052,-4383.080213097761,55.0,56504.475000000006,3.0,False,12
8626,1143.733,2579.0,-4389.0,55.0,56507.595540156675,0.8142857142857143,False,12
8627,1143.809,2560.1069024343115,-4392.799867197358,55.0,56508.75277777779,0.0,False,12
8628,1143.933,2529.0,-4399.0,54.6125,56510.62841513257,0.0,False,12
8629,1144.129,2509.787537949007,-4402.109552201726,54.0,56513.552777777775,0.0,False,12
8630,1144.273,2500.0,-4403.0,53.1,56515.660183108674,0.0,False,12
8631,1144.449,2475.7395790461096,-4405.9191330022495,52.0,56518.175,0.0,True,12
8632,1144.553,2460.0,-4407.0,51.25714285714286,56519.621403128986,2.9714285714285715,True,12
8633,1144.653,2446.0,-4407.0,50.542857142857144,56520.997300605086,5.828571428571428,True,12
8634,1144.729,2435.058895035201,-4407.015144193166,50.0,56522.06388888889,8.0,False,12
8635,1144.853,2417.0,-4407.0,51.24,56523.847660900574,11.719999999999999,False,12
8636,1144.929,2406.4362766623867,-4406.689590345418,52.0,56524.952777777784,14.0,False,12
8637,1145.073,2385.0,-4405.0,52.6,56527.05105078187,12.2,False,12
8638,1145.169,2366.864108374163,-4402.571098386147,53.0,56528.486111111124,11.0,False,12
8639,1145.329,2332.2852638805007,-4396.798054964902,56.0,56530.975000000006,20.0,False,12
8640,1145.433,2316.0,-4394.0,57.04,56532.62658158377,24.68,False,12
8641,1145.529,2306.8345179322437,-4392.440930805977,58.0,56534.19722222224,29.0,False,12
8642,1145.653,2296.0,-4390.0,60.48,56536.32462497619,35.2,False,12
8643,1145.729,2284.866705572245,-4386.9692876498,62.0,56537.64166666668,39.0,False,12
8644,1145.889,2251.097424217079,-4376.904651600735,62.0,56540.39722222224,39.0,False,12
8645,1146.013,2223.0,-4367.0,63.55,56542.60382543714,39.0,False,12
8646,1146.129,2197.329063501469,-4356.43962169565,65.0,56544.730555555565,39.0,False,12
8647,1146.393,2148.0,-4333.0,68.77142857142857,56549.780083811216,32.4,False,12
8648,1146.409,2145.9000044772442,-4331.97545926983,69.0,56550.09722222223,32.0,False,12
8649,1146.769,2109.3418171645376,-4309.267678412735,74.0,56557.49722222224,45.0,False,12
8650,1146.813,2100.0,-4302.0,74.0,56558.408242294085,37.92857142857143,False,12
8651,1147.013,2045.0,-4258.0,74.0,56562.52262524766,5.785714285714283,False,12
8652,1147.049,2037.4446449661716,-4251.819324759526,74.0,56563.25277777779,0.0,False,12
8653,1147.433,2003.0,-4220.0,71.12,56570.83163297716,0.0,False,12
8654,1147.449,2001.122922495096,-4218.178336447948,71.0,56571.14166666668,0.0,True,12
8655,1147.613,1978.0,-4196.0,70.08888888888889,56574.298784697836,0.0,True,12
8656,1147.753,1958.0,-4177.0,69.31111111111112,56576.9731538654,0.0,True,12
8657,1147.809,1948.14548886028,-4167.550023703544,69.0,56578.041666666686,0.0,True,12
8658,1148.089,1893.5076203796675,-4114.499367565685,68.0,56583.33055555557,0.0,True,12
8659,1148.093,1893.0,-4114.0,67.96009974425532,56583.404084882975,0.05985038361701883,True,12
8660,1148.394,1873.0,-4094.0,64.9576061378723,56588.75806544848,4.563590793191548,True,12
8661,1148.49,1862.735269327657,-4084.205056802897,64.0,56590.45944444447,6.0,False,12
8662,1148.694,1834.0,-4057.0,64.85355625678828,56594.133126301385,23.07112513576565,False,12
8663,1148.729,1829.2932869233416,-4052.497550958775,65.0,56594.77472222224,26.0,False,12
8664,1148.893,1808.0,-4032.0,66.36666666666666,56597.82691150656,26.683333333333334,False,12
8665,1148.969,1797.9184359939402,-4022.326932255071,67.0,56599.24138888891,27.0,False,12
8666,1149.113,1779.0,-4004.0,66.6,56601.89325547127,16.2,False,12
8667,1149.273,1758.0,-3983.0,66.15555555555555,56604.81524845236,4.200000000000001,False,12
8668,1149.329,1748.0231117114438,-3973.261489528554,66.0,56605.841388888904,0.0,False,12
8669,1149.529,1705.7373334124024,-3932.705862925445,66.0,56609.508055555576,0.0,False,12
8670,1149.533,1705.0,-3932.0,65.98,56609.58073221937,0.28,False,12
8671,1149.729,1676.5651958504718,-3904.757915178588,65.0,56613.119166666685,14.0,False,12
8672,1149.889,1660.8915773939186,-3889.6869253015366,66.0,56616.052500000005,20.0,False,12
8673,1149.953,1655.0,-3884.0,66.17777777777778,56617.23612175403,16.444444444444443,False,12
8674,1150.249,1627.8117906021403,-3857.6969821893103,67.0,56622.75250000002,0.0,False,12
8675,1150.273,1625.0,-3855.0,67.0,56623.19962722341,0.0,False,12
8676,1150.473,1598.0,-3829.0,67.0,56626.92137115053,0.0,False,12
8677,1150.529,1590.7222418897604,-3821.730738576481,67.0,56627.96361111112,0.0,False,12
8678,1150.613,1580.0,-3811.0,67.0,56629.52766554145,2.8875,False,12
8679,1150.849,1548.1281322191487,-3780.9494090734142,67.0,56633.919166666674,11.0,False,12
8680,1150.873,1545.0,-3778.0,67.0,56634.36453718881,11.84,False,12
8681,1151.049,1521.6319904568575,-3755.6093524090147,67.0,56637.64138888891,18.0,False,12
8682,1151.053,1521.0,-3755.0,67.02857142857142,56637.716799529764,17.857142857142858,False,12
8683,1151.329,1467.842136362981,-3703.626623823853,69.0,56643.008055555576,8.0,False,12
8684,1151.373,1461.0,-3697.0,69.0,56643.85261315611,6.24,False,12
8685,1151.529,1444.3994916578904,-3680.879536801403,69.0,56646.841388888904,0.0,False,12
8686,1151.689,1432.523593235484,-3669.3558355110267,69.0,56649.90805555557,0.0,False,12
8687,1151.733,1428.0,-3665.0,68.84285714285714,56650.74650383087,0.0,False,12
8688,1151.913,1404.0,-3642.0,68.2,56654.14783454541,0.0,False,12
8689,1151.969,1395.163766900969,-3633.5607380983624,68.0,56655.19694444447,0.0,False,12
8690,1152.129,1367.6911333295827,-3607.322045183466,67.0,56658.17472222225,0.0,False,12
8691,1152.213,1355.0,-3595.0,67.0,56659.73424561489,6.0,False,12
8692,1152.409,1332.8224326657983,-3572.6330857829657,67.0,56663.38583333336,20.0,False,12
8693,1152.573,1315.0,-3555.0,67.82,56666.48273768686,3.6000000000000005,False,12
8694,1152.609,1310.4185867901801,-3550.656928168873,68.0,56667.16361111113,0.0,False,12
8695,1152.793,1285.0,-3527.0,68.0,56670.63918909381,0.0,False,12
8696,1152.809,1282.8884161596104,-3525.002356190205,68.0,56670.94138888891,0.0,False,12
8697,1153.013,1255.0,-3498.0,68.0,56674.796030962694,0.0,False,12
8698,1153.129,1232.4051997199663,-3475.975918334425,68.0,56676.985833333354,0.0,False,12
8699,1153.213,1217.0,-3461.0,68.0,56678.56956339626,5.880000000000001,False,12
8700,1153.329,1201.9500425551043,-3446.4912514993416,68.0,56680.763611111135,14.0,False,12
8701,1153.593,1176.0,-3422.0,68.825,56685.82621000751,2.4500000000000006,False,12
8702,1153.649,1166.6630593509947,-3413.1416459445704,69.0,56686.89694444447,0.0,False,12
8703,1153.833,1132.0,-3380.0,68.23333333333333,56690.38432650271,0.0,False,12
8704,1153.889,1123.9994941189634,-3372.1738195767985,68.0,56691.43027777781,0.0,False,12
8705,1154.129,1101.7016713591413,-3349.524992762482,66.0,56695.8302777778,0.0,True,12
8706,1154.193,1095.0,-3343.0,65.77142857142857,56696.994663709935,0.0,True,12
8707,1154.409,1066.5310254502178,-3316.2657243210547,65.0,56700.88583333336,0.0,True,12
8708,1154.473,1058.0,-3308.0,64.46666666666667,56702.01415569092,0.0,True,12
8709,1154.649,1036.0346507453255,-3285.9080036087507,63.0,56705.08583333336,0.0,True,12
8710,1154.673,1033.0,-3283.0,63.0,56705.507217633916,0.0,True,12
8711,1154.774,1020.0,-3271.0,63.0,56707.28744544818,0.0,True,12
8712,1154.85,1010.4726348828425,-3261.952857700112,63.0,56708.60333333336,0.0,True,12
8713,1155.054,986.0,-3238.0,60.08571428571429,56711.97353378267,0.0,True,12
8714,1155.13,977.0117601421415,-3229.6166526122192,59.0,56713.192222222264,0.0,True,12
8715,1155.294,958.0,-3212.0,57.36,56715.78726830697,0.0,True,12
8716,1155.33,953.957014793823,-3208.041293787099,57.0,56716.35888888892,0.0,True,12
8717,1155.493,936.0,-3190.0,57.0,56718.975331302165,0.0,True,12
8718,1155.673,916.0,-3171.0,57.0,56721.85467345151,0.0,True,12
8719,1155.769,905.6647248096274,-3160.630448928069,57.0,56723.30972222226,0.0,True,12
8720,1155.813,901.0,-3156.0,56.51111111111111,56723.95622554496,0.9777777777777779,True,12
8721,1156.093,872.0,-3129.0,53.4,56727.76998914822,7.2,True,12
8722,1156.313,850.0,-3107.0,50.955555555555556,56730.40241185912,12.08888888888889,True,12
8723,1156.493,834.0,-3091.0,48.955555555555556,56732.47277370625,16.08888888888889,True,12
8724,1156.713,814.0,-3072.0,46.51111111111111,56735.11492825174,20.977777777777778,True,12
8725,1156.849,797.1119480507757,-3055.9017298552835,45.0,56736.80972222226,24.0,False,12
8726,1156.893,792.0,-3051.0,45.275,56737.368092024495,17.4,False,12
8727,1157.009,780.9088428008365,-3040.284445395407,46.0,56738.8541666667,0.0,False,12
8728,1157.213,765.0,-3025.0,46.0,56741.45759310988,2.55,False,12
8729,1157.329,754.1033064358993,-3014.885351876217,46.0,56742.94305555559,4.0,False,12
8730,1157.373,750.0,-3011.0,46.15714285714286,56743.50910598194,3.5285714285714285,False,12
8731,1157.609,729.1870117182439,-2990.090434981489,47.0,56746.59861111114,1.0,False,12
8732,1157.673,722.0,-2983.0,47.53333333333333,56747.46825883479,3.666666666666667,False,12
8733,1157.969,682.361250257278,-2945.3378772707006,50.0,56751.59861111114,16.0,False,12
8734,1157.973,682.0,-2945.0,49.98888888888889,56751.65385330313,15.822222222222223,False,12
8735,1158.233,666.0,-2930.0,49.266666666666666,56755.192567400125,4.266666666666666,False,12
8736,1158.329,653.3862412095001,-2917.7476795064044,49.0,56756.49861111115,0.0,True,12
8737,1158.489,628.4926375446196,-2893.47821198598,49.0,56758.676388888925,0.0,True,12
8738,1158.493,628.0,-2893.0,48.9625,56758.72984380741,0.0,True,12
8739,1158.809,607.9215321577515,-2873.8198705157774,46.0,56762.76527777781,0.0,True,12
8740,1158.913,602.0,-2868.0,45.13333333333333,56764.039406821365,0.0,True,12
8741,1159.169,580.998950336886,-2846.957310302377,43.0,56767.065277777816,0.0,True,12
8742,1159.193,579.0,-2845.0,42.775,56767.33912375693,0.0,True,12
8743,1159.433,560.0,-2827.0,40.525,56770.00212387051,0.0,True,12
8744,1159.489,555.3836406665284,-2822.6760989913814,40.0,56770.62083333338,0.0,False,12
8745,1159.653,542.0,-2810.0,40.0,56772.44400188356,0.0,False,12
8746,1159.853,527.0,-2795.0,40.0,56774.66872971039,0.0,False,12
8747,1159.873,525.0,-2793.0,40.0,56774.88918815901,0.0,False,12
8748,1159.889,523.3980133736246,-2791.4027297351204,40.0,56775.065277777816,0.0,False,12
8749,1160.249,491.29657488578465,-2760.2830616276524,39.0,56778.965277777825,0.0,True,12
8750,1160.253,491.0,-2760.0,38.975,56779.008015815634,0.0,True,12
8751,1160.409,480.60049617094637,-2750.119591863871,38.0,56780.6541666667,0.0,True,12
8752,1160.653,466.0,-2736.0,35.385714285714286,56783.04267056928,0.0,True,12
8753,1160.689,463.6085657004352,-2733.6036835415716,35.0,56783.37638888892,0.0,True,12
8754,1160.713,462.0,-2732.0,34.52,56783.596345473314,0.0,True,12
8755,1160.889,450.26444403915133,-2720.8303322100905,31.0,56785.09861111114,0.0,True,12
8756,1161.033,442.0,-2713.0,24.7,56786.0653042778,0.0,True,12
8757,1161.049,441.2150573040724,-2712.227771080055,24.0,56786.16527777781,0.0,True,12
8758,1161.233,433.0,-2704.0,21.705735294680945,56787.26122863195,0.0,True,12
8759,1161.434,422.0,-2694.0,19.199501278723396,56788.22265012053,0.0,True,12
8760,1161.45,421.35528987101856,-2693.412977759909,19.0,56788.281666666706,0.0,True,12
8761,1161.73,417.4304285553699,-2689.4885089368167,8.0,56788.90388888892,0.0,True,12
8762,1161.814,417.0,-2689.0,5.6,56788.947454623325,0.0,True,12
8763,1161.973,416.0,-2688.0,1.0571410285714284,56788.91033510036,0.0,True,12
8764,1162.01,415.85781386102144,-2687.8607640819055,0.0,56788.90388888892,0.0,True,12
8765,1162.249,415.92525963652764,-2687.9268104246903,0.0,56788.90388888892,0.0,True,12
8766,1162.333,416.0,-2688.0,0.0,56788.90465250547,0.0,True,12
8767,1162.449,416.013160145903,-2688.0128870859717,0.0,56788.90388888892,0.0,True,12
8768,1162.533,416.0,-2688.0,0.0,56788.90375647911,0.0,True,12
8769,1162.649,415.99585670308323,-2687.9959426723703,0.0,56788.90388888892,0.0,True,12
8770,1162.773,416.0,-2688.0,0.0,56788.90391358042,0.0,True,12
8771,1162.889,416.00250026725877,-2688.002448389202,0.0,56788.90388888892,0.0,True,12
8772,1163.209,416.002534960266,-2688.0024823623635,0.0,56788.90388888892,0.0,True,12
8773,1163.409,416.0007266699992,-2688.0007115923204,0.0,56788.90388888892,0.0,True,12
8774,1163.573,416.0,-2688.0,0.0,56788.90388871319,0.0,True,12
8775,1163.729,415.9999313077246,-2687.9999327330206,0.0,56788.90388888892,0.0,True,12
8776,1163.833,416.0,-2688.0,0.0,56788.90388891955,0.0,True,12
8777,1164.009,416.0000280809527,-2688.0000274983,0.0,56788.90388888892,0.0,True,12
8778,1164.209,416.00000026028357,-2688.0000002548827,0.0,56788.90388888892,0.0,True,12
8779,1164.213,416.0,-2688.0,0.0,56788.90388888899,0.0,True,12
8780,1164.409,415.9999993750358,-2687.9999993880037,0.0,56788.90388888892,0.0,True,12
8781,1164.453,416.0,-2688.0,0.0,56788.90388888883,0.0,True,12
8782,1164.649,416.00000018802984,-2688.000000184128,0.0,56788.90388888892,0.0,True,12
8783,1164.733,416.0,-2688.0,0.0,56788.90388888892,0.0,True,12
8784,1164.813,416.0,-2688.0,0.0,56788.90388888892,0.0,True,12
8785,1164.849,416.000000007298,-2688.000000007147,0.0,56788.90388888892,0.0,True,12
8786,1165.113,416.0,-2688.0,0.0,56788.903888888904,0.0,True,12
8787,1165.169,415.9999999986084,-2687.999999998637,0.0,56788.90388888892,0.0,True,12
8788,1165.353,416.0,-2688.0,0.0,56788.90388888893,0.0,True,12
8789,1165.449,416.00000000013307,-2688.0000000001305,0.0,56788.90388888892,0.0,True,12
8790,1165.533,416.0,-2688.0,0.0,56788.90388888892,0.0,True,12
8791,1165.689,415.99999999998965,-2687.9999999999905,0.0,56788.90388888892,0.0,True,12
8792,1165.733,416.0,-2688.0,0.0,56788.903888888904,0.0,True,12
8793,1165.973,416.0,-2688.0,0.0,56788.90388888892,0.0,True,12
8794,1166.049,415.9999999999987,-2687.9999999999986,0.0,56788.90388888892,0.0,True,12
8795,1166.213,416.0,-2688.0,0.0,56788.90388888892,0.0,True,12
8796,1166.289,416.00000000000017,-2688.0000000000005,0.0,56788.90388888892,0.0,True,12
8797,1166.393,416.0,-2688.0,0.0,56788.90388888893,0.0,True,12
8798,1166.449,415.99999999999994,-2688.0000000000005,0.0,56788.90388888892,0.0,True,12
8799,1166.649,416.0,-2688.000000000001,0.0,56788.90388888892,0.0,True,12
8800,1166.833,416.0,-2688.0,0.0,56788.90388888892,0.0,True,12
8801,1166.849,416.0000000000001,-2688.0000000000005,0.0,56788.90388888892,0.0,True,12
8802,1167.013,416.0,-2688.0,0.0,56788.90388888892,0.0,True,12
8803,1167.129,416.0,-2688.0,0.0,56788.90388888892,0.0,True,12
8804,1167.233,416.0,-2688.0,0.0,56788.90388888892,0.0,True,12
8805,1167.289,416.0,-2688.0,0.0,56788.90388888892,0.0,True,12
8806,1167.593,416.0,-2688.0,0.0,56788.90388888892,0.0,True,12
8807,1167.689,416.0,-2688.0000000000005,0.0,56788.90388888892,0.0,True,12
8808,1167.793,416.0,-2688.0,0.0,56788.90388888892,0.0,True,12
8809,1167.849,416.00000000000006,-2688.0,0.0,56788.90388888892,0.0,True,12
8810,1167.954,416.0,-2688.0,0.0,56788.90388888892,0.0,True,12
8811,1168.01,416.0,-2688.0,0.0,56788.90388888892,0.0,True,12
8812,1168.134,416.0,-2688.0,0.0,56788.90388888893,0.0,True,12
8813,1168.29,415.99999999999994,-2687.9999999999995,0.0,56788.90388888892,0.0,True,12
8814,1168.494,416.0,-2688.0,0.0,56788.90388888892,0.0,True,12
8815,1168.673,416.0,-2688.0,0.0,56788.90388888892,0.0,True,12
8816,1168.69,415.99999999999994,-2688.0,0.0,56788.90388888892,0.0,True,12
8817,1168.853,416.0,-2688.0,0.0,56788.90388888893,0.0,True,12
8818,1168.969,416.00000000000006,-2688.0,0.0,56788.90388888892,0.0,True,12
8819,1168.973,416.0,-2688.0,0.0,56788.90388888893,0.0,True,12
8820,1169.129,416.0,-2688.0000000000005,0.0,56788.90388888892,0.0,True,12
8821,1169.233,416.0,-2688.0,0.0,56788.90388888892,0.0,True,12
8822,1169.289,415.99999999999994,-2688.0,0.0,56788.90388888892,0.0,True,12
8823,1169.473,416.0,-2688.0,0.0,56788.90388888892,0.0,True,12
8824,1169.529,415.99999999999994,-2688.0,0.0,56788.90388888892,0.0,True,12
8825,1169.713,416.0,-2688.0,0.0,56788.90388888893,0.0,True,12
8826,1169.769,416.0,-2688.0,0.0,56788.90388888892,0.0,True,12
8827,1169.773,416.0,-2688.0,0.0,56788.90388888893,0.0,True,12
8828,1170.089,416.0,-2688.0,0.0,56788.90388888892,0.0,True,12
8829,1170.093,416.0,-2688.0,0.0,56788.90388888893,0.0,True,12
8830,1170.249,416.00000000000006,-2688.0,0.0,56788.90388888892,0.0,True,12
8831,1170.489,416.0,-2687.999999999999,0.0,56788.90388888892,0.0,True,12
8832,1170.533,416.0,-2688.0,0.0,56788.90388888892,0.0,True,12
8833,1170.729,416.00000000000006,-2688.0,0.0,56788.90388888892,0.0,True,12
8834,1170.733,416.0,-2688.0,0.0,56788.90388888892,0.0,True,12
8835,1170.833,416.0,-2688.0,0.0,56788.90388888892,0.0,True,12
8836,1170.929,415.9999999999999,-2688.0,0.0,56788.90388888892,0.0,True,12
8837,1171.113,416.0,-2688.0,0.0,56788.90388888892,0.0,True,12
8838,1171.129,416.0000000000001,-2688.0,0.0,56788.90388888892,0.0,True,12
8839,1171.329,416.0000000000016,-2688.0000000000014,0.0,56788.90388888892,0.0,True,12
8840,1171.393,416.0,-2688.0,0.0,56788.90388888892,0.0,True,12
8841,1171.609,415.9999999999839,-2687.999999999982,0.0,56788.90388888892,0.0,True,12
8842,1171.769,415.999999999999,-2687.9999999999986,0.0,56788.90388888892,0.0,True,12
8843,1171.773,416.0,-2688.0,0.0,56788.90388888892,0.0,True,12
8844,1171.833,416.0,-2688.0,0.0,56788.90388888896,0.0,True,12
8845,1171.969,415.9999999995152,-2687.9999999994657,0.0,56788.90388888892,0.0,True,12
8846,1172.093,416.0,-2688.0,0.0,56788.90388888854,0.0,True,12
8847,1172.169,416.0000000014111,-2688.000000001555,0.0,56788.90388888892,0.0,True,12
8848,1172.373,416.0,-2688.0,0.0,56788.90388889087,0.0,True,12
8849,1172.409,415.99999999659315,-2687.9999999962456,0.0,56788.90388888892,0.0,True,12
8850,1172.593,416.0,-2688.0,0.0,56788.903888862464,0.0,True,12
8851,1172.769,416.00000015586653,-2688.0000001717613,0.0,56788.90388888892,0.0,True,12
8852,1172.933,416.0,-2688.0,0.0,56788.90388899298,0.0,True,12
8853,1173.009,415.9999996917493,-2687.999999660315,0.0,56788.90388888892,0.0,True,12
8854,1173.193,416.0,-2688.0,0.0,56788.90388813101,0.0,True,12
8855,1173.289,416.0000023242291,-2688.000002561244,0.0,56788.90388888892,0.0,True,12
8856,1173.533,416.0,-2688.0,0.0,56788.90389531081,0.0,True,12
8857,1173.649,415.99998179430406,-2687.999979937768,0.0,56788.90388888892,0.0,True,12
8858,1173.753,416.0,-2688.0,0.0,56788.90387386274,0.0,True,12
8859,1173.893,416.0,-2688.0,0.0,56788.903873138086,0.0,True,12
8860,1173.929,415.99987956402634,-2687.999867282497,0.0,56788.90388888892,0.0,False,12
8861,1174.273,416.0,-2688.0,0.0,56788.903941786164,25.799999999999997,False,12
8862,1174.289,416.0004420489211,-2688.000487127121,0.0,56788.90388888892,27.0,False,12
8863,1174.449,416.0005488317245,-2688.0006047991633,0.0,56788.90388888892,30.0,False,12
8864,1174.454,416.0,-2688.0,0.0,56788.9039674275,29.937888969098722,False,12
8865,1174.61,415.9609255866216,-2687.9569409502283,0.0,56788.90388888892,28.0,False,12
8866,1174.774,416.0,-2688.0,0.0,56788.87777678692,30.05,False,12
8867,1174.85,416.09191820436405,-2688.101291617568,0.0,56788.90388888892,31.0,False,12
8868,1174.934,416.0,-2688.0,1.4700000000000002,56788.98307851616,31.63,False,12
8869,1175.25,411.7963425727017,-2683.6625228973976,7.0,56789.6816666667,34.0,False,12
8870,1175.293,411.0,-2683.0,7.7678582857142855,56789.80982421877,33.69285668571428,False,12
8871,1175.493,407.0,-2680.0,11.339286857142858,56790.48384969203,32.26428525714286,False,12
8872,1175.53,406.217586681989,-2679.287040938029,12.0,56790.615000000034,32.0,False,12
8873,1175.673,403.0,-2676.0,13.437186110653712,56791.14236537769,34.15577916598057,False,12
8874,1175.729,401.59087680632837,-2674.5758095131264,14.0,56791.388888888934,35.0,False,12
8875,1175.853,398.0,-2671.0,17.72,56792.05012409808,35.0,False,12
8876,1175.929,395.3123127729596,-2668.3221076991927,20.0,56792.500000000044,35.0,False,12
8877,1176.013,392.0,-2665.0,21.05,56793.01541259473,35.0,False,12
8878,1176.089,388.7936275235847,-2661.747387674603,22.0,56793.47777777782,35.0,False,12
8879,1176.273,380.0,-2653.0,22.0,56794.58455594233,35.0,False,12
8880,1176.289,379.14409462442103,-2652.191514652694,22.0,56794.70000000004,35.0,False,12
8881,1176.449,369.8470017478633,-2643.6781833605455,30.0,56796.03333333337,35.0,False,12
8882,1176.513,366.0,-2640.0,30.0,56796.561070137584,35.0,False,12
8883,1176.649,357.63712322824847,-2631.5872738302087,30.0,56797.70000000004,35.0,False,12
8884,1176.673,356.0,-2630.0,30.9,56797.921763706196,35.0,False,12
8885,1176.809,345.54938584072823,-2620.3648266592327,36.0,56799.30000000003,35.0,False,12
8886,1176.853,342.0,-2617.0,37.25714285714286,56799.78518580829,35.31428571428572,False,12
8887,1177.013,329.0,-2604.0,41.82857142857143,56801.71022767229,36.457142857142856,False,12
8888,1177.089,322.74406100687236,-2597.921232018589,44.0,56802.72222222226,37.0,False,12
8889,1177.373,293.0,-2570.0,51.69166666666667,56807.07071266121,37.59166666666667,False,12
8890,1177.553,261.0,-2539.0,56.56666666666667,56810.05540579416,37.96666666666667,False,12
8891,1177.569,257.91032734146705,-2535.975166265426,57.0,56810.322222222254,38.0,False,12
8892,1177.849,200.22086515191208,-2479.0918275511303,63.0,56815.22222222226,53.0,False,12
8893,1177.873,195.0,-2474.0,64.2,56815.700404911055,52.925,False,12
8894,1178.169,131.84584444877152,-2413.449509179228,79.0,56822.244444444485,52.0,False,12
8895,1178.213,125.0,-2407.0,79.0,56823.216827824814,54.2,False,12
8896,1178.329,111.63884609833092,-2394.596892103481,79.0,56825.7555555556,60.0,False,12
8897,1178.489,96.48632920082709,-2380.4670295051446,79.0,56829.26666666671,60.0,False,12
8898,1178.493,96.0,-2380.0,78.98571428571428,56829.35405155683,60.0,False,12
8899,1178.769,53.60293745516617,-2338.5817726078744,78.0,56835.33333333337,60.0,False,12
8900,1178.773,53.0,-2338.0,78.0,56835.419975267476,60.114285714285714,False,12
8901,1179.049,9.866658313073875,-2296.8423348476094,78.0,56841.40000000004,68.0,False,12
8902,1179.053,9.0,-2296.0,77.98333333333333,56841.48609683865,68.01666666666667,False,12
8903,1179.253,-43.0,-2245.0,77.15,56845.76511007454,68.85,False,12
8904,1179.289,-52.259916591927634,-2235.9467766559683,77.0,56846.53333333337,69.0,False,12
8905,1179.573,-112.0,-2178.0,77.0,56852.598563593696,69.0,False,12
8906,1179.649,-121.37565864063632,-2168.897051269805,77.0,56854.233333333366,69.0,False,12
8907,1179.889,-139.95798522645015,-2150.7643579912333,78.0,56859.43333333336,69.0,False,12
8908,1179.953,-149.0,-2142.0,78.0,56860.820742943935,68.73333333333333,False,12
8909,1180.129,-186.39322756225602,-2105.854289246342,78.0,56864.63333333336,68.0,False,12
8910,1180.233,-208.0,-2085.0,78.0,56866.88650001622,68.0,False,12
8911,1180.409,-232.9913743352699,-2060.9331309693025,78.0,56870.70000000004,68.0,False,12
8912,1180.609,-252.68065598838143,-2042.019009931279,78.0,56875.03333333337,69.0,False,12
8913,1180.673,-261.0,-2034.0,78.0,56876.41999639591,68.73333333333333,False,12
8914,1180.849,-288.364266267076,-2007.6109054334397,78.0,56880.233333333366,68.0,False,12
8915,1180.853,-289.0,-2007.0,78.0,56880.32000004599,67.975,False,12
8916,1181.009,-313.38069909838447,-1983.5986320478626,78.0,56883.700000000026,67.0,False,12
8917,1181.013,-314.0,-1983.0,78.0,56883.7866666716,67.0,False,12
8918,1181.21,-344.2742353138622,-1953.3871793780631,78.0,56888.05500000004,67.0,False,12
8919,1181.294,-357.0,-1941.0,78.0,56889.87500029565,67.0,False,12
8920,1181.454,-382.0,-1917.0,78.0,56893.34166676905,67.0,False,12
8921,1181.53,-396.30475791917166,-1903.2951164555896,78.0,56894.98833333337,67.0,False,12
8922,1181.714,-431.0,-1870.0,78.0,56898.9749999295,67.0,False,12
8923,1181.85,-444.6608308403168,-1856.7739384013985,78.0,56901.921666666705,67.0,False,12
8924,1182.093,-468.0,-1834.0,78.0,56907.18666816245,67.0,False,12
8925,1182.13,-475.7600224974505,-1826.4915612751179,78.0,56907.98833333337,67.0,False,12
8926,1182.333,-527.0,-1777.0,78.0,56912.38666682632,61.05439302309141,False,12
8927,1182.369,-533.3748588935555,-1770.8401713820995,78.0,56913.1666666667,60.0,False,12
8928,1182.689,-560.54110709602,-1744.44767769321,78.0,56920.100000000035,59.0,False,12
8929,1182.693,-561.0,-1744.0,78.0,56920.18666666896,59.0,False,12
8930,1182.929,-597.3522896623125,-1708.6254606192447,78.0,56925.30000000003,59.0,False,12
8931,1182.933,-598.0,-1708.0,78.0,56925.386666666105,58.986363636363635,False,12
8932,1183.093,-623.0,-1684.0,78.0,56928.85333331533,58.44090909090909,False,12
8933,1183.253,-648.0,-1660.0,78.0,56932.31999997742,57.89545454545455,False,12
8934,1183.553,-715.0,-1595.0,78.0,56938.819999992775,56.872727272727275,False,12
8935,1183.809,-738.7311606543531,-1571.915331658453,78.0,56944.3666666667,56.0,False,12
8936,1183.873,-746.0,-1565.0,78.0,56945.753333333836,56.0,False,12
8937,1184.049,-776.683533812607,-1536.0633434679808,78.0,56949.566666666695,56.0,False,12
8938,1184.173,-800.0,-1514.0,78.0,56952.25333333324,54.8375,False,12
8939,1184.369,-829.7764883933091,-1485.3920410219382,78.0,56956.50000000003,53.0,False,12
8940,1184.573,-856.0,-1460.0,78.0,56960.92000000006,53.0,False,12
8941,1184.689,-871.2587516678082,-1445.3568117843936,78.0,56963.43333333336,53.0,False,12
8942,1184.753,-884.0,-1433.0,78.0,56964.82000000002,53.0,False,12
8943,1184.889,-923.9271473145933,-1393.946593069702,78.0,56967.76666666669,53.0,False,12
8944,1184.913,-930.0,-1388.0,78.0,56968.28666666671,53.0,False,12
8945,1185.249,-957.7829737164104,-1360.9663072744554,78.0,56975.566666666695,53.0,False,12
8946,1185.313,-964.0,-1355.0,78.0,56976.95333333306,53.0,False,12
8947,1185.493,-992.0,-1328.0,78.0,56980.85333333195,53.0,False,13
8948,1185.609,-1009.2953949726225,-1311.042121807722,78.0,56983.3666666667,53.0,False,13
8949,1185.813,-1042.0,-1279.0,78.0,56987.7866666746,53.0,False,13
8950,1185.969,-1077.145875512136,-1245.4349242679712,78.0,56991.1666666667,53.0,False,13
8951,1186.013,-1086.0,-1237.0,78.0,56992.11999999327,53.0,False,13
8952,1186.289,-1120.0735060609006,-1204.400641342683,78.0,56998.100000000035,53.0,False,13
8953,1186.393,-1133.0,-1192.0,78.0,57000.35333344281,53.0,False,13
8954,1186.553,-1158.0,-1168.0,78.0,57003.82000017703,53.0,False,13
8955,1186.609,-1166.693052651769,-1159.5978480111446,78.0,57005.03333333337,53.0,False,13
8956,1186.773,-1192.0,-1135.0,78.0,57008.586665757975,53.0,False,13
8957,1186.849,-1204.7953660549695,-1122.5751817592352,78.0,57010.233333333366,53.0,False,13
8958,1187.009,-1234.2405885645524,-1094.0265289963074,78.0,57013.700000000026,53.0,False,13
8959,1187.169,-1267.0859599043429,-1062.2356515864544,78.0,57017.1666666667,53.0,False,13
8960,1187.449,-1322.8259093261204,-1008.3507576275399,78.0,57023.233333333366,53.0,False,13
8961,1187.593,-1347.0,-985.0,78.0,57026.35302490114,26.9,False,13
8962,1187.609,-1349.4970665536443,-982.588912881604,78.0,57026.700000000026,24.0,False,13
8963,1187.774,-1375.0,-958.0,78.0,57030.281719861494,24.0,False,13
8964,1187.85,-1389.1589964802884,-944.3987905975375,78.0,57031.92166666669,24.0,False,13
8965,1188.01,-1424.421923413629,-910.6049717358369,78.0,57035.388333333365,38.0,False,13
8966,1188.114,-1448.0,-888.0,81.64,57037.79826789416,40.08,False,13
8967,1188.21,-1469.5073266673799,-867.3611525964284,85.0,57040.110555555584,42.0,False,13
8968,1188.49,-1523.5891001648379,-815.3950665820641,91.0,57047.18833333337,44.0,False,13
8969,1188.493,-1524.0,-815.0,91.08863825454546,57047.2688055859,44.01363665454546,False,13
8970,1188.813,-1558.0,-783.0,100.54318370909091,57056.447164214085,45.46818210909091,False,13
8971,1188.93,-1580.2641832252696,-763.0200354769493,104.0,57059.89944444448,46.0,False,13
8972,1188.993,-1594.0,-751.0,104.63316626873045,57061.753407463664,46.949749403095666,False,13
8973,1189.129,-1625.5424083854225,-724.3849379564498,106.0,57065.758888888915,49.0,False,13
8974,1189.289,-1664.5245363575816,-692.7308764281876,108.0,57070.55888888892,52.0,False,13
8975,1189.373,-1684.0,-677.0,110.7,57073.20419940246,52.3,False,13
8976,1189.569,-1733.5630809053778,-637.1506410486388,117.0,57079.658888888924,53.0,False,13
8977,1189.573,-1735.0,-636.0,117.0625,57079.79226733095,53.025,False,13
8978,1189.793,-1830.0,-560.0,120.5,57087.209726021116,54.4,False,13
8979,1189.889,-1851.9084780935643,-542.3053625765041,122.0,57090.503333333356,55.0,False,13
8980,1190.093,-1874.0,-524.0,124.55,57097.5945192285,55.0,False,13
8981,1190.129,-1881.6460749647317,-517.7739109140633,125.0,57098.8366666667,55.0,False,13
8982,1190.289,-1928.558080453835,-479.8192331470533,125.0,57104.39222222226,59.0,False,13
8983,1190.333,-1942.0,-469.0,128.08,57106.021416828735,59.22,False,13
8984,1190.489,-1987.869476601019,-432.277625012174,139.0,57112.11444444448,60.0,False,13
8985,1190.553,-2007.0,-417.0,140.6,57114.64150597791,60.0,False,13
8986,1190.649,-2036.7791663998246,-393.22142402983536,143.0,57118.47000000003,60.0,False,13
8987,1190.793,-2082.0,-357.0,145.7,57124.38346208712,60.0,False,13
8988,1190.969,-2134.495281898335,-314.44434744053905,149.0,57131.714444444486,60.0,False,13
8989,1191.073,-2171.0,-284.0,149.0,57135.996240524066,59.35,False,13
8990,1191.129,-2193.8159040248,-264.66280879664515,149.0,57138.3366666667,59.0,False,13
8991,1191.253,-2246.0,-220.0,152.72,57143.687227695555,58.38,False,13
8992,1191.529,-2323.0793216763113,-153.16754237814808,161.0,57156.22555555559,57.0,False,13
8993,1191.633,-2352.0,-127.0,162.8,57161.058526421955,57.4,False,13
8994,1191.893,-2438.0,-46.0,167.3,57173.35132640484,58.4,False,13
8995,1192.049,-2487.594994974856,2.1836304511646607,170.0,57180.78111111114,59.0,False,13
8996,1192.073,-2498.0,11.0,170.2,57181.92571291533,59.2,False,13
8997,1192.273,-2614.0,88.0,171.86666666666667,57191.48543771701,60.86666666666667,False,13
8998,1192.409,-2683.5016360530367,96.5931855369865,173.0,57198.08111111114,62.0,False,13
8999,1192.453,-2706.0,104.0,173.4,57200.23921372426,55.8,False,13
9000,1192.693,-2831.0,217.0,175.5818181818182,57212.17837568914,21.98181818181818,False,13
9001,1192.849,-2878.9075582129863,265.737158965154,177.0,57219.71444444447,0.0,True,13
9002,1193.073,-2927.0,311.0,168.6,57229.95393060618,0.0,True,13
9003,1193.249,-2984.6894185202605,365.74719757539157,162.0,57237.71444444447,0.0,True,13
9004,1193.253,-2986.0,367.0,161.85,57237.88954508111,0.0,True,13
9005,1193.409,-3034.773055680799,413.8279210319914,156.0,57244.647777777805,0.0,True,13
9006,1193.413,-3036.0,415.0,155.85,57244.81789573218,0.0,True,13
9007,1193.569,-3083.6381855958293,460.0520768947453,150.0,57251.31444444446,0.0,True,13
9008,1193.733,-3133.0,506.0,145.9,57257.90331786587,0.0,True,13
9009,1193.849,-3167.292436450853,537.6055212218793,143.0,57262.43666666669,0.0,True,13
9010,1193.973,-3202.0,570.0,138.35,57267.1751663381,0.0,True,13
9011,1194.009,-3211.4145723340675,579.0178966855476,137.0,57268.52555555558,0.0,True,13
9012,1194.073,-3229.0,596.0,135.08,57270.895498394326,0.0,True,13
9013,1194.209,-3280.1839774654873,645.0197543675292,131.0,57275.80333333336,0.0,True,13
9014,1194.334,-3327.0,690.0,127.49532819844549,57280.164973465595,0.0,True,13
9015,1194.53,-3369.462772630553,732.1120219011203,122.0,57286.681666666685,0.0,True,13
9016,1194.774,-3403.0,769.0,114.07,57294.1706403463,0.0,True,13
9017,1194.93,-3435.1699667538287,805.0586299737453,109.0,57298.79277777781,0.0,True,13
9018,1194.934,-3436.0,806.0,108.94,57298.91104604871,0.0,True,13
9019,1195.13,-3474.6395991215327,850.784399602459,106.0,57304.6816666667,0.0,True,13
9020,1195.153,-3479.0,856.0,105.74444373333333,57305.35319021034,0.0,True,13
9021,1195.333,-3512.0,897.0,103.74444373333333,57310.55786323185,0.0,True,13
9022,1195.49,-3538.337950667514,932.7967124102189,102.0,57314.8816666667,0.0,True,13
9023,1195.513,-3542.0,938.0,100.95979643504035,57315.49038703319,0.0,True,13
9024,1195.689,-3568.333325841936,977.2282067457792,93.0,57320.022500000036,0.0,True,13
9025,1195.753,-3577.0,991.0,93.0,57321.689938785275,0.0,True,13
9026,1195.849,-3588.992496912262,1011.028770233949,93.0,57324.15583333337,0.0,True,13
9027,1195.933,-3599.0,1029.0,89.325,57326.181552352005,0.0,True,13
9028,1196.009,-3608.02414699883,1046.3776099977604,86.0,57327.97805555559,0.0,True,13
9029,1196.233,-3632.0,1098.0,86.0,57333.3734019376,0.0,True,13
9030,1196.289,-3636.3938354973047,1108.6747193614829,86.0,57334.66694444447,0.0,True,13
9031,1196.513,-3649.0,1146.0,78.0,57339.4612920551,0.0,True,13
9032,1196.569,-3651.8424384999444,1156.2672821328165,76.0,57340.57805555558,0.0,True,13
9033,1196.729,-3659.493624678915,1188.2665798247922,69.0,57343.64472222225,0.0,True,13
9034,1196.833,-3663.0,1209.0,69.26,57345.65480232185,0.0,True,13
9035,1196.993,-3666.0,1240.0,69.66,57348.79928016217,0.0,True,13
9036,1197.113,-3668.0,1264.0,69.96,57351.11755036865,0.0,True,13
9037,1197.129,-3668.162712582134,1267.0851780545502,70.0,57351.42250000003,0.0,False,13
9038,1197.313,-3668.0,1301.0,68.46666666666667,57354.85923303044,10.733333333333333,False,13
9039,1197.489,-3665.728394796892,1336.3566270878591,67.0,57358.12250000003,21.0,False,13
9040,1197.649,-3662.1089890873895,1372.0607621339705,68.0,57361.14472222225,25.0,False,13
9041,1197.653,-3662.0,1373.0,68.03333333333333,57361.22078070427,25.116666666666667,False,13
9042,1197.889,-3653.999533144098,1432.171839873648,70.0,57365.81138888892,32.0,False,13
9043,1198.033,-3648.0,1468.0,74.2,57368.85772502364,33.8,False,13
9044,1198.129,-3643.650359143289,1490.5869013580798,77.0,57370.94472222225,35.0,False,13
9045,1198.289,-3635.8386627837926,1525.8430907021084,79.0,57374.455833333355,39.0,False,13
9046,1198.473,-3628.0,1560.0,81.62857142857143,57378.64818178586,37.68571428571428,False,13
9047,1198.569,-3624.7431554382965,1574.644017322164,83.0,57380.91138888891,37.0,False,13
9048,1198.833,-3615.0,1616.0,87.2,57387.40863133906,38.2,False,13
9049,1198.973,-3606.0,1650.0,89.42727272727272,57390.98170609254,38.836363636363636,False,13
9050,1199.009,-3603.667828492621,1659.0284455834453,90.0,57391.91138888891,39.0,False,13
9051,1199.233,-3590.0,1715.0,94.0,57397.7983319496,38.2,False,13
9052,1199.289,-3586.7212091517467,1729.0987612754593,95.0,57399.3002777778,38.0,False,13
9053,1199.533,-3573.0,1792.0,98.48571428571428,57405.99248240552,38.0,False,13
9054,1199.569,-3571.059091485222,1801.6825110344482,99.0,57407.0002777778,38.0,False,13
9055,1199.773,-3561.0,1857.0,101.91428571428571,57412.8089969288,40.18571428571428,False,13
9056,1199.849,-3558.114551163146,1876.3194550940048,103.0,57415.01138888892,41.0,False,13
9057,1199.953,-3555.0,1907.0,104.56,57418.05673058561,41.0,False,13
9058,1200.049,-3552.9683837158773,1947.1500437715335,106.0,57420.90027777781,41.0,False,13
9059,1200.153,-3552.0,1995.0,106.94545454545455,57424.01606712965,40.763636363636365,False,13
9060,1200.489,-3558.0688645375444,2113.237606848952,110.0,57434.344722222246,40.0,False,13
9061,1200.533,-3559.0,2124.0,111.1,57435.72919788289,39.45,False,13
9062,1200.649,-3561.111153147484,2146.8018436079255,114.0,57439.41138888891,38.0,False,13
9063,1200.874,-3566.0,2187.0,115.86721988175134,57446.657033768715,42.66804970437835,False,13
9064,1200.89,-3566.55391428632,2191.083573594712,116.0,57447.17694444448,43.0,False,13
9065,1201.05,-3574.0033369012904,2241.50879867196,118.0,57452.42138888892,46.0,False,13
9066,1201.094,-3577.0,2258.0,118.73333333333333,57453.88841905017,47.1,False,13
9067,1201.29,-3595.762595765884,2342.7100114867003,122.0,57460.55472222225,52.0,False,13
9068,1201.394,-3606.0,2383.0,123.73333333333333,57464.156977801555,52.86666666666667,False,13
9069,1201.53,-3617.3677529821803,2422.3373986233614,126.0,57468.954722222246,54.0,False,13
9070,1201.753,-3638.0,2477.0,131.5750016,57477.11537286399,55.85833386666667,False,13
9071,1201.77,-3640.1688700895656,2482.2960911501445,132.0,57477.75472222225,56.0,False,13
9072,1201.933,-3664.0,2538.0,135.66750144,57484.01617743842,57.22250048,False,13
9073,1202.17,-3706.1425884418527,2618.5916215866905,141.0,57493.42138888892,59.0,False,13
9074,1202.173,-3707.0,2620.0,141.0470229372744,57493.54150765992,59.0,False,13
9075,1202.373,-3776.0,2727.0,144.1818185465944,57501.607937675115,59.0,False,13
9076,1202.489,-3798.3170756175555,2760.0172716939746,146.0,57506.35861111115,59.0,False,13
9077,1202.649,-3815.831738598057,2782.676342159836,150.0,57513.02527777781,59.0,False,13
9078,1202.673,-3820.0,2788.0,150.48,57514.04164714819,59.0,False,13
9079,1202.849,-3863.710969224248,2843.5169367270673,154.0,57521.58083333337,59.0,False,13
9080,1202.933,-3889.0,2874.0,154.0,57525.15740781737,60.75,False,13
9081,1203.089,-3939.417660543135,2930.5246987633245,154.0,57531.84750000003,64.0,False,13
9082,1203.289,-4010.501966797041,3002.761829772998,162.0,57540.84750000003,70.0,False,13
9083,1203.573,-4115.0,3100.0,169.74545454545455,57554.46860786331,72.58181818181818,False,13
9084,1203.729,-4172.425657239497,3149.782109740762,174.0,57562.11416666671,74.0,False,13
9085,1203.889,-4231.600542045548,3199.88055196402,177.0,57569.980833333364,78.0,False,13
9086,1203.933,-4248.0,3214.0,178.1,57572.178071505725,78.88,False,13
9087,1204.089,-4306.769935701027,3265.1045323121725,182.0,57580.09194444449,82.0,False,13
9088,1204.113,-4316.0,3273.0,182.48,57581.320742334385,81.76,False,13
9089,1204.213,-4355.0,3306.0,184.48,57586.47043199962,80.76,False,13
9090,1204.289,-4384.707260570366,3331.7806783497267,186.0,57590.42527777782,80.0,False,13
9091,1204.433,-4441.0,3382.0,188.7,57598.027211249166,82.7,False,13
9092,1204.609,-4510.398238544975,3444.5433668487194,192.0,57607.49194444448,86.0,False,13
9093,1204.613,-4512.0,3446.0,192.12,57607.70897538081,86.08,False,13
9094,1204.809,-4592.187036236254,3519.75563450985,198.0,57618.49194444448,90.0,False,13
9095,1204.973,-4660.0,3583.0,203.46666666666667,57627.89751350689,89.54444444444445,False,13
9096,1205.053,-4693.0,3614.0,206.13333333333333,57632.605167840054,89.32222222222222,False,13
9097,1205.169,-4743.159228618349,3661.755946833564,210.0,57639.4919444445,89.0,False,13
9098,1205.333,-4813.0,3729.0,213.075,57649.34762392954,92.75833333333334,False,13
9099,1205.513,-4891.0,3805.0,216.45,57660.31812714612,96.88333333333334,False,13
9100,1205.649,-4998.738341134534,3912.6400003932026,219.0,57668.69194444448,100.0,False,13
9101,1205.693,-5030.0,3944.0,219.85555555555555,57671.41623045593,100.0,False,13
9102,1206.009,-5119.777980903128,4035.4882556713287,226.0,57691.291944444485,100.0,False,13
9103,1206.093,-5144.0,4061.0,229.15,57696.72211058279,100.0,False,13
9104,1206.249,-5214.429814568799,4135.0915143638,235.0,57706.95861111116,100.0,False,13
9105,1206.413,-5304.0,4230.0,238.1888888888889,57717.87413243574,100.0,False,13
9106,1206.609,-5403.5091542246355,4337.486650305622,242.0,57731.15861111114,100.0,False,13
9107,1206.813,-5506.0,4451.0,248.8,57745.30186991331,100.0,False,13
9108,1206.849,-5524.814694487051,4472.143750951973,250.0,57747.82527777781,100.0,False,13
9109,1207.049,-5632.87502199172,4595.159044871271,254.0,57761.93638888892,100.0,False,13
9110,1207.209,-5702.150758095958,4674.916893891531,254.0,57773.22527777782,100.0,False,13
9111,1207.233,-5710.0,4684.0,254.75,57774.93781615794,100.0,False,13
9112,1207.369,-5742.7456622564805,4722.218294668214,259.0,57784.73638888892,100.0,False,13
9113,1207.454,-5766.0,4750.0,259.84577077676283,57790.87955265293,100.0,False,13
9114,1207.57,-5812.747678542743,4806.462952736892,261.0,57799.30888888892,100.0,False,13
9115,1207.77,-5912.183932374543,4927.7656194039055,266.0,57814.0866666667,100.0,False,13
9116,1207.774,-5914.0,4930.0,266.06666666666666,57814.38521190522,100.0,False,13
9117,1208.014,-6024.0,5068.0,270.06666666666666,57832.49100675339,100.0,False,13
9118,1208.13,-6104.6345113525595,5172.23441485843,272.0,57841.28666666671,100.0,False,13
9119,1208.253,-6188.0,5281.0,271.65833315555557,57850.60312863863,65.83331555555556,False,13
9120,1208.49,-6262.578481008589,5380.823306993531,271.0,57868.3866666667,0.0,False,13
9121,1208.633,-6303.0,5437.0,266.2333312,57878.875567160096,0.0,False,13
9122,1208.73,-6343.512918310309,5493.104469151194,263.0,57885.92000000004,0.0,True,13
9123,1208.833,-6389.0,5556.0,260.79285577142855,57893.36165459943,0.0,True,13
9124,1209.01,-6454.773264859695,5647.287062059621,257.0,57905.908888888924,0.0,True,13
9125,1209.073,-6488.0,5695.0,253.0460221466719,57910.23597638936,0.0,True,13
9126,1209.249,-6608.919455463716,5871.94291217893,242.0,57921.975000000035,0.0,True,13
9127,1209.253,-6611.0,5875.0,241.81666666666666,57922.23715099653,0.0,True,13
9128,1209.489,-6657.674881515341,5944.056777010058,231.0,57937.375000000044,0.0,True,13
9129,1209.553,-6669.0,5961.0,227.8,57941.38156152758,0.0,True,13
9130,1209.649,-6696.1933568723425,6001.555885576706,223.0,57947.28611111114,0.0,True,13
9131,1209.833,-6764.0,6103.0,212.26666666666668,57958.09515717077,0.0,True,13
9132,1209.889,-6781.4073721313325,6129.371845150915,209.0,57961.219444444476,0.0,True,13
9133,1210.033,-6825.0,6196.0,195.8,57968.86267515857,0.0,True,13
9134,1210.129,-6862.676284780127,6253.504580921122,187.0,57973.68611111115,0.0,True,13
9135,1210.353,-6953.0,6391.0,175.24,57984.193755065164,0.0,True,13
9136,1210.529,-6981.747083236362,6434.215323574447,166.0,57992.13055555559,0.0,True,13
9137,1210.693,-7003.0,6467.0,161.08,57999.47996570291,0.0,True,13
9138,1210.729,-7010.646632842579,6479.023495804749,160.0,58001.01944444448,0.0,True,13
9139,1210.853,-7041.0,6527.0,152.42222222222222,58006.02704442995,0.0,True,13
9140,1210.973,-7067.0,6569.0,145.0888888888889,58010.504079779945,0.0,True,13
9141,1211.089,-7102.020272818516,6630.974720750707,138.0,58014.81944444448,0.0,True,13
9142,1211.253,-7153.0,6726.0,133.9,58020.92629049858,0.0,True,13
9143,1211.289,-7160.512169644398,6740.626431721371,133.0,58022.20833333337,0.0,True,13
9144,1211.569,-7179.484677176335,6789.497306019461,117.0,58031.30833333336,0.0,True,13
9145,1211.673,-7184.0,6809.0,114.725,58034.55560081305,0.0,True,13
9146,1211.889,-7199.522429124224,6871.9995781675325,110.0,58041.086111111144,0.0,True,13
9147,1211.913,-7201.0,6879.0,109.05714285714286,58041.77828337427,0.0,True,13
9148,1212.133,-7209.0,6940.0,100.41428571428571,58047.82999630614,0.0,True,13
9149,1212.169,-7209.398207664227,6951.596128434814,99.0,58048.78611111114,0.0,True,13
9150,1212.369,-7208.0545427868665,7017.98482975444,93.0,58053.95277777781,0.0,True,13
9151,1212.373,-7208.0,7019.0,92.91428571428571,58054.0533607019,0.0,True,13
9152,1212.593,-7203.0,7058.0,88.2,58059.41152658044,0.0,True,13
9153,1212.649,-7200.404544081542,7068.8338609594975,87.0,58060.719444444476,0.0,True,13
9154,1212.973,-7177.0,7144.0,80.52,58067.87499368568,0.0,True,13
9155,1213.013,-7174.0,7152.0,79.72,58068.73028969407,0.0,True,13
9156,1213.049,-7171.074613511739,7158.947859453787,79.0,58069.49722222226,0.0,False,13
9157,1213.373,-7130.0,7216.0,76.7909090909091,58076.30834548808,19.881818181818183,False,13
9158,1213.489,-7105.720113690818,7238.007477446759,76.0,58078.78611111114,27.0,False,13
9159,1213.593,-7085.0,7255.0,77.3,58081.044029041834,28.95,False,13
9160,1213.649,-7076.266888542759,7261.69916386812,78.0,58082.2527777778,30.0,False,13
9161,1213.849,-7049.930299177361,7276.181618060748,77.0,58086.53055555558,36.0,False,13
9162,1213.893,-7040.0,7280.0,78.25266932445138,58087.51533302374,38.50533864890275,False,13
9163,1214.13,-6961.931432369035,7305.928071330869,85.0,58093.16527777781,52.0,False,13
9164,1214.154,-6955.0,7308.0,85.6,58093.763742465424,51.85,False,13
9165,1214.45,-6902.692264613678,7319.237367080136,93.0,58101.43194444447,50.0,False,13
9166,1214.554,-6883.0,7322.0,94.15555555555555,58104.1727278343,50.0,False,13
9167,1214.81,-6814.478885421476,7332.094123661127,97.0,58111.13194444447,50.0,False,13
9168,1214.833,-6808.0,7333.0,97.718752,58111.78970723503,49.2093728,False,13
9169,1214.993,-6764.0,7339.0,102.718752,58116.52203683168,43.7093728,False,13
9170,1215.13,-6724.167996678737,7344.844118174059,107.0,58120.643055555585,39.0,False,13
9171,1215.133,-6723.0,7345.0,107.0,58120.73297810159,39.0,False,13
9172,1215.37,-6595.593275624332,7359.8940314908705,107.0,58127.77638888892,39.0,True,13
9173,1215.393,-6585.0,7361.0,106.6166656,58128.44990832919,35.2624896,True,13
9174,1215.61,-6521.412466416639,7366.345428217814,103.0,58134.643055555585,0.0,True,13
9175,1215.693,-6502.0,7368.0,99.66331508315494,58136.87414808298,0.0,True,13
9176,1215.809,-6472.48549193889,7371.085564788008,95.0,58139.89444444448,0.0,True,13
9177,1215.873,-6456.0,7373.0,94.31428571428572,58141.54044877853,0.0,True,13
9178,1216.053,-6411.0,7379.0,92.38571428571429,58146.12657621619,0.0,True,13
9179,1216.089,-6402.024147371521,7380.45370289435,92.0,58147.05000000003,0.0,True,13
9180,1216.253,-6361.0,7388.0,92.0,58151.265543192756,0.0,True,13
9181,1216.289,-6351.997644771559,7389.7132722143715,92.0,58152.16111111114,0.0,False,13
9182,1216.413,-6321.0,7396.0,89.2875,58155.11698988867,5.0375000000000005,False,13
9183,1216.713,-6249.0,7416.0,82.725,58161.52196370905,17.225,False,13
9184,1216.929,-6209.897549456512,7429.210642706182,78.0,58166.02777777781,26.0,False,13
9185,1217.053,-6188.0,7438.0,78.0,58168.65172424578,31.683333333333334,False,13
9186,1217.169,-6165.488859675956,7448.026901651576,78.0,58171.22777777781,37.0,False,13
9187,1217.233,-6151.0,7455.0,81.6,58172.73685203024,37.8,False,13
9188,1217.329,-6125.425385658126,7467.991959214956,87.0,58175.09444444446,39.0,False,13
9189,1217.473,-6083.0,7492.0,89.2909090909091,58178.77094204241,39.32727272727273,False,13
9190,1217.769,-6005.803650963273,7550.114060739246,94.0,58186.58333333336,40.0,False,13
9191,1217.893,-5984.0,7569.0,94.0,58189.79470286537,40.62,False,13
9192,1217.969,-5974.833988696234,7577.411791147335,94.0,58191.80555555558,41.0,False,13
9193,1218.169,-5957.459390588101,7596.455723891744,100.0,58197.36111111114,41.0,False,13
9194,1218.173,-5957.0,7597.0,100.04,58197.473692996544,40.98,False,13
9195,1218.369,-5927.313776605049,7633.304848686442,102.0,58203.027777777796,40.0,False,13
9196,1218.553,-5894.0,7684.0,104.3,58208.37797923622,33.86666666666667,False,13
9197,1218.609,-5884.146481675504,7702.518491500089,105.0,58210.027777777796,32.0,False,13
9198,1218.769,-5858.532732205552,7757.759492662552,107.0,58214.783333333355,31.0,False,13
9199,1218.773,-5858.0,7759.0,107.025,58214.90283055251,31.0,False,13
9200,1218.929,-5841.763554397587,7800.647485622383,108.0,58219.58333333336,31.0,False,13
9201,1219.193,-5827.0,7863.0,109.46666666666667,58227.604144680896,39.8,False,13
9202,1219.253,-5824.0,7881.0,109.8,58229.46110663719,41.8,False,13
9203,1219.289,-5822.223621276604,7891.923682424572,110.0,58230.58333333336,43.0,False,13
9204,1219.453,-5815.0,7942.0,112.5625,58235.77208378483,44.5375,False,13
9205,1219.609,-5811.544236200363,7990.982668674665,115.0,58240.80555555558,46.0,False,13
9206,1219.733,-5811.0,8031.0,116.86,58244.86165172298,49.1,False,13
9207,1219.809,-5811.502168887118,8056.024838411977,118.0,58247.36111111114,51.0,False,13
9208,1220.009,-5815.380958981445,8123.699578345554,120.0,58254.02777777781,55.0,False,13
9209,1220.033,-5816.0,8132.0,120.72,58254.857969627774,55.54,False,13
9210,1220.193,-5821.0,8188.0,125.52,58260.602062220816,59.14,False,13
9211,1220.333,-5827.0,8237.0,129.72,58265.834724677276,62.29,False,13
9212,1220.409,-5830.412886906784,8264.510424077078,132.0,58268.69444444448,64.0,False,13
9213,1220.574,-5838.0,8326.0,136.10788331495655,58274.95894014661,68.792530534116,False,13
9214,1220.65,-5841.640865758622,8354.398350950541,138.0,58277.93277777781,71.0,False,13
9215,1220.754,-5847.0,8394.0,143.2,58282.132529688664,71.0,False,13
9216,1220.85,-5852.626861027589,8432.276826596442,148.0,58286.15500000003,71.0,False,13
9217,1221.054,-5866.0,8517.0,156.74285714285713,58295.17220643634,84.11428571428571,False,13
9218,1221.13,-5871.053739749405,8548.570630204611,160.0,58298.59944444448,89.0,False,13
9219,1221.174,-5874.0,8567.0,160.78571428571428,58300.586718087216,90.72857142857143,False,13
9220,1221.334,-5885.0,8636.0,163.64285714285714,58307.86325260812,97.01428571428572,False,13
9221,1221.41,-5890.5805045043535,8670.441496118385,165.0,58311.43277777781,100.0,False,13
9222,1221.533,-5900.0,8728.0,169.35625226666667,58317.4094690701,100.0,False,13
9223,1221.833,-5923.0,8873.0,179.98125226666667,58332.757508423936,100.0,False,13
9224,1221.89,-5926.974584832895,8901.379618953262,182.0,58335.69944444447,100.0,False,13
9225,1222.133,-5940.0,9026.0,183.82706785731241,58348.2537741758,70.15789166389708,False,13
9226,1222.173,-5941.0,9047.0,184.12781968877078,58350.30690583127,65.24561175007732,False,13
9227,1222.289,-5943.419624690725,9099.381688641872,185.0,58356.20361111114,51.0,True,13
9228,1222.489,-5945.892150766985,9170.759270193039,179.0,58366.148055555575,0.0,True,13
9229,1222.533,-5946.0,9188.0,177.35,58368.2830972698,0.0,True,13
9230,1222.649,-5945.4960847371585,9237.217692001379,173.0,58373.836944444454,0.0,True,13
9231,1222.809,-5942.48536976303,9311.425995147805,171.0,58381.43694444446,0.0,True,13
9232,1222.853,-5941.0,9332.0,170.78,58383.528428914535,0.0,True,13
9233,1223.009,-5933.446004377148,9404.920911243042,170.0,58390.88138888891,0.0,False,13
9234,1223.033,-5932.0,9416.0,168.95,58391.984297823365,0.0,False,13
9235,1223.169,-5922.490288815169,9477.648141347503,163.0,58398.12583333335,0.0,False,13
9236,1223.213,-5919.0,9497.0,163.0,58400.11189338131,4.675,False,13
9237,1223.453,-5894.0,9602.0,163.0,58410.98642468729,30.175,False,13
9238,1223.489,-5888.305685902661,9619.816855111198,163.0,58412.61472222225,34.0,False,13
9239,1223.753,-5837.0,9753.0,162.34,58424.5087360943,42.58,False,13
9240,1223.889,-5817.102048951401,9794.264258079738,162.0,58430.614722222235,47.0,False,13
9241,1223.993,-5800.0,9824.0,162.0,58435.27760093342,48.114285714285714,False,13
9242,1224.169,-5758.590791578562,9890.022433408503,162.0,58443.21472222224,50.0,False,13
9243,1224.213,-5747.0,9907.0,162.73333333333332,58445.22455853982,50.18333333333333,False,13
9244,1224.409,-5692.216422018024,9978.56681532168,166.0,58454.28138888891,51.0,False,13
9245,1224.453,-5679.0,9994.0,166.31428571428572,58456.32742086722,51.31428571428572,False,13
9246,1224.689,-5602.05103959548,10073.916625858357,168.0,58467.34805555557,53.0,False,13
9247,1224.753,-5580.0,10095.0,168.45714285714286,58470.33898971346,56.65714285714286,False,13
9248,1224.969,-5502.863380884736,10164.72686137938,170.0,58480.57027777779,69.0,False,13
9249,1225.329,-5365.034947563012,10276.50280994404,182.0,58498.77027777779,82.0,False,13
9250,1225.609,-5250.177453505865,10363.80382970628,185.0,58513.15916666668,85.0,False,13
9251,1225.673,-5223.0,10384.0,186.8,58516.53925181301,85.6,False,13
9252,1225.853,-5145.0,10441.0,191.8625,58526.25345338986,87.2875,False,13
9253,1225.929,-5111.805171760442,10464.718361328638,194.0,58530.403611111135,88.0,False,13
9254,1226.129,-5022.833495749129,10526.742046678524,199.0,58541.45916666668,97.0,False,13
9255,1226.133,-5021.0,10528.0,199.11666666666667,58541.68388498126,97.01666666666667,False,13
9256,1226.253,-4965.0,10566.0,202.61666666666667,58548.50381809831,97.51666666666667,False,13
9257,1226.369,-4909.522114012067,10602.523574403856,206.0,58555.19250000002,98.0,False,13
9258,1226.433,-4879.0,10622.0,207.14285714285714,58558.904866054974,98.45714285714286,False,13
9259,1226.593,-4800.0,10670.0,210.0,58568.27374090016,99.6,False,13
9260,1226.649,-4766.35457196862,10689.574143475862,211.0,58571.60361111113,100.0,False,13
9261,1226.933,-4574.0,10797.0,217.39,58588.90686279208,100.0,False,13
9262,1227.049,-4520.720003639757,10825.052503477511,220.0,58596.048055555584,100.0,False,13
9263,1227.294,-4431.0,10868.0,221.5264796563698,58611.13613143198,100.0,False,13
9264,1227.37,-4392.699168668107,10886.0168817901,222.0,58615.84305555558,100.0,False,13
9265,1227.474,-4330.0,10915.0,223.56,58622.31515212108,100.0,False,13
9266,1227.57,-4260.14651204272,10946.301003421615,225.0,58628.34305555558,100.0,False,13
9267,1227.73,-4128.93450991089,11003.692130472937,229.0,58638.52083333337,100.0,False,13
9268,1227.814,-4073.0,11028.0,229.46666666666667,58643.87242224386,100.0,False,13
9269,1228.09,-3958.448376722231,11077.444428162578,231.0,58661.62083333336,100.0,False,13
9270,1228.153,-3932.0,11089.0,232.92500195555556,58665.780213880804,100.0,False,13
9271,1228.393,-3816.0,11140.0,240.2583352888889,58681.95591116215,100.0,False,13
9272,1228.45,-3794.2152561012085,11149.337113246782,242.0,58685.820833333375,100.0,False,13
9273,1228.553,-3735.0,11175.0,242.96865244516064,58692.810666677455,100.0,False,13
9274,1228.769,-3410.8974894101766,11319.080528036044,245.0,58707.5305555556,100.0,False,13
9275,1228.793,-3382.0,11332.0,244.85,58709.17604209574,92.5,False,13
9276,1229.089,-3262.9974000295397,11386.806821057791,243.0,58729.13055555559,0.0,True,13
9277,1229.133,-3248.0,11394.0,239.4,58731.87979350447,0.0,True,13
9278,1229.373,-3114.0,11458.0,219.76363636363635,58745.71911956223,0.0,True,13
9279,1229.529,-3031.5416578018057,11499.618960331412,207.0,58754.43055555559,0.0,True,13
9280,1229.633,-2981.0,11526.0,203.1,58760.28226957435,0.0,True,13
9281,1229.689,-2954.5245428098046,11539.985705329644,201.0,58763.363888888925,0.0,True,13
9282,1229.813,-2894.0,11573.0,193.02857142857144,58769.8795034083,0.0,True,13
9283,1229.969,-2802.7868554236,11626.43938884967,183.0,58777.59722222226,0.0,True,13
9284,1230.053,-2754.0,11656.0,178.5375,58781.600757848835,0.0,True,13
9285,1230.289,-2637.1718611268257,11729.581529013132,166.0,58792.35277777781,0.0,True,13
9286,1230.453,-2583.0,11764.0,160.98888888888888,58799.50238876797,0.0,True,13
9287,1230.649,-2548.4983350198154,11783.784187006326,155.0,58807.85277777781,0.0,True,13
9288,1230.693,-2538.0,11789.0,154.45,58809.72276046607,0.0,True,13
9289,1230.889,-2466.5768509806016,11821.614884346332,152.0,58817.98611111114,0.0,False,13
9290,1230.933,-2449.0,11828.0,151.3125,58819.806430840195,5.9125000000000005,False,13
9291,1231.153,-2363.0,11847.0,147.875,58828.75872162252,35.475,False,13
9292,1231.209,-2340.5519303079254,11849.301289185558,147.0,58831.052777777804,43.0,False,13
9293,1231.333,-2290.0,11851.0,148.1625,58836.18429229106,46.1,False,13
9294,1231.529,-2209.9844152630108,11843.319893907348,150.0,58844.38611111113,51.0,False,13
9295,1231.653,-2160.0,11832.0,150.84545454545454,58849.58380656388,52.97272727272727,False,13
9296,1231.833,-2089.0,11807.0,152.07272727272726,58857.17235629064,55.836363636363636,False,13
9297,1231.969,-2036.7266225661617,11782.180677648817,153.0,58863.086111111144,58.0,False,13
9298,1232.013,-2020.0,11773.0,154.32,58865.038739740165,59.32,False,13
9299,1232.253,-1930.0,11714.0,161.52,58876.006006902506,66.52,False,13
9300,1232.353,-1893.0,11687.0,164.52,58880.66983014348,69.52,False,13
9301,1232.369,-1887.060044784903,11682.593255220947,165.0,58881.41944444447,70.0,False,13
9302,1232.573,-1810.0,11625.0,168.57,58891.05933102354,70.0,False,13
9303,1232.769,-1733.4890743106885,11571.006758689105,172.0,58900.53055555558,70.0,False,13
9304,1232.773,-1732.0,11570.0,172.14,58900.726626371936,69.98,False,13
9305,1232.969,-1663.7551262576837,11526.590651495058,179.0,58910.475000000035,69.0,False,13
9306,1233.113,-1586.0,11491.0,181.61818181818182,58917.82689056553,68.67272727272727,False,13
9307,1233.273,-1461.0,11444.0,184.52727272727273,58926.169600854875,68.30909090909091,False,13
9308,1233.409,-1392.5594622789743,11420.592742401528,187.0,58933.330555555585,68.0,False,13
9309,1233.654,-1320.0,11403.0,190.0548625324469,58946.361959245725,69.22194501297875,False,13
9310,1233.81,-1241.4091087338168,11384.862458520533,192.0,58954.71722222224,70.0,False,13
9311,1233.914,-1184.0,11372.0,193.04,58960.303012184944,71.04,False,13
9312,1234.01,-1132.8354461201752,11360.998386902776,194.0,58965.495000000024,72.0,False,13
9313,1234.074,-1099.0,11354.0,195.28,58968.98771231341,72.64,False,13
9314,1234.21,-1026.4597025340213,11339.762486081612,198.0,58976.495000000024,74.0,False,13
9315,1234.314,-970.0,11329.0,200.6,58982.316193291204,74.65,False,13
9316,1234.37,-939.1286300264613,11323.118015684926,202.0,58985.4727777778,75.0,False,13
9317,1234.494,-870.0,11310.0,203.32857142857142,58992.50638915201,75.44285714285714,False,13
9318,1234.65,-782.6889181851567,11293.340396642601,205.0,59001.417222222255,76.0,False,13
9319,1234.653,-781.0,11293.0,205.03000064,59001.58894924614,76.06000128,False,13
9320,1234.85,-670.3976828922583,11268.866186082421,207.0,59012.91722222224,80.0,False,13
9321,1234.873,-658.0,11266.0,207.3833344,59014.25247414067,80.2875008,False,13
9322,1235.09,-538.3395280808422,11235.731046113311,211.0,59026.983888888906,83.0,False,13
9323,1235.113,-522.0,11231.0,211.34673452165322,59028.34289071824,83.80904721719085,False,13
9324,1235.289,-371.1352346116597,11184.075752696492,214.0,59038.81333333335,90.0,False,13
9325,1235.353,-328.0,11170.0,215.14285714285714,59042.66993815187,89.08571428571429,False,13
9326,1235.569,-258.2905131518351,11143.888415945426,219.0,59055.84666666669,86.0,False,13
9327,1235.593,-249.0,11140.0,219.3,59057.31777986925,86.1,False,13
9328,1235.809,-126.37901248087807,11087.107072147379,222.0,59070.6466666667,87.0,False,13
9329,1235.813,-124.0,11086.0,222.07777777777778,59070.89630655991,86.96666666666667,False,13
9330,1236.169,70.20180323039857,10978.391506984206,229.0,59093.546666666705,84.0,False,13
9331,1236.193,83.0,10970.0,229.6,59095.09769727108,83.88,False,13
9332,1236.353,167.0,10911.0,233.6,59105.501273408416,83.08,False,13
9333,1236.369,174.79538446203586,10905.15701790593,234.0,59106.54666666669,83.0,False,13
9334,1236.513,248.0,10845.0,235.8,59115.98587523009,81.2,False,13
9335,1236.529,258.56173913640754,10835.469763360083,236.0,59117.03555555559,81.0,False,13
9336,1236.673,368.0,10731.0,236.5142857142857,59126.479046258944,81.51428571428572,False,13
9337,1236.809,444.8753485754101,10648.734459021582,237.0,59135.46888888892,82.0,False,13
9338,1236.993,519.0,10555.0,239.68333333333334,59147.85414984675,88.9,False,13
9339,1237.153,583.0,10468.0,242.01666666666668,59158.77318269787,94.9,False,13
9340,1237.289,635.3050142655869,10392.640349104484,244.0,59168.00222222225,100.0,False,13
9341,1237.293,637.0,10390.0,244.0,59168.27273775035,100.0,False,13
9342,1237.449,713.6478794563594,10260.45613753926,244.0,59178.84666666669,100.0,False,13
9343,1237.613,788.0,10125.0,251.38,59190.33510900244,100.0,False,13
9344,1237.649,799.3804678455675,10103.511274009421,253.0,59192.90222222224,100.0,False,13
9345,1237.953,853.0,9983.0,258.6,59215.12844209702,100.0,False,13
9346,1238.193,914.0,9820.0,263.0210526315789,59233.17488707551,100.0,False,13
9347,1238.333,946.0,9723.0,265.6,59243.62618537636,100.0,False,13
9348,1238.409,962.4485078068234,9669.616577754452,267.0,59249.268888888924,100.0,False,13
9349,1238.569,995.2239502575544,9554.890143762432,267.0,59261.13555555558,100.0,False,13
9350,1238.573,996.0,9552.0,267.15,59261.43550510927,100.0,False,13
9351,1238.729,1024.5637808790987,9438.539133821972,273.0,59273.26888888891,100.0,False,13
9352,1238.873,1049.0,9332.0,273.6,59284.2371653281,100.0,False,13
9353,1238.969,1064.764268078734,9259.755096321769,274.0,59291.53555555559,100.0,False,13
9354,1239.073,1081.0,9181.0,274.0,59299.41788765193,100.0,False,13
9355,1239.209,1100.5348881937834,9078.249149144938,274.0,59309.80222222225,100.0,False,13
9356,1239.253,1107.0,9045.0,275.4142857142857,59313.21506769168,100.0,False,13
9357,1239.333,1119.0,8985.0,277.98571428571427,59319.48771196103,100.0,False,13
9358,1239.489,1137.9652240258445,8875.888410880025,283.0,59331.81333333337,100.0,False,13
9359,1239.573,1147.0,8799.0,283.525,59338.427611843916,100.0,False,13
9360,1239.649,1155.1003924165839,8709.300598678603,284.0,59344.43555555558,100.0,False,13
9361,1239.793,1168.0,8528.0,286.8,59355.970375159406,100.0,False,13
9362,1240.009,1172.702546675679,8385.597120507337,291.0,59373.53555555559,100.0,False,13
9363,1240.249,1162.3209895831667,8254.520974637671,295.0,59393.20222222226,100.0,False,13
9364,1240.254,1162.0,8250.0,295.0248753114031,59393.61296555058,100.0,False,13
9365,1240.45,1146.8812204637227,8029.928252560388,296.0,59409.728888888916,100.0,False,13
9366,1240.474,1145.0,8003.0,296.0,59411.70119030608,100.0,False,13
9367,1240.61,1134.8904985204938,7863.019436516739,296.0,59422.88444444447,100.0,False,13
9368,1240.814,1119.0,7682.0,298.55,59439.80446636128,100.0,False,13
9369,1240.85,1115.690042615345,7651.77892321891,299.0,59442.817777777804,100.0,False,13
9370,1240.994,1100.0,7534.0,301.1,59454.964770505845,100.0,False,13
9371,1241.233,1059.0,7340.0,304.5854176,59475.35945637264,100.0,False,13
9372,1241.33,1036.8589368015896,7266.900026448927,306.0,59483.61777777781,100.0,False,13
9373,1241.433,1006.0,7178.0,306.0,59492.3637007519,100.0,False,13
9374,1241.57,946.7447926955025,7015.266389600236,306.0,59504.0177777778,100.0,False,13
9375,1241.693,899.0,6885.0,307.40091168642743,59514.57317556476,100.0,False,13
9376,1241.933,860.0,6771.0,310.1343964815458,59535.35769370329,100.0,False,13
9377,1242.009,843.385295194942,6721.068878181832,311.0,59541.942500000034,100.0,False,13
9378,1242.233,778.0,6524.0,311.93333333333334,59561.352061493264,100.0,False,13
9379,1242.249,773.4810911060105,6510.151521020636,312.0,59562.74250000004,100.0,False,13
9380,1242.393,735.0,6391.0,313.2,59575.29109001618,100.0,False,13
9381,1242.489,711.7485358438679,6318.73813923096,314.0,59583.67583333337,100.0,False,13
9382,1242.733,637.0,6110.0,314.7625,59605.01584295169,100.0,False,13
9383,1242.809,597.163440652488,6012.142134470416,315.0,59611.67583333336,100.0,False,13
9384,1242.913,543.0,5884.0,315.52,59620.80159416451,100.0,False,13
9385,1243.193,475.0,5739.0,316.92,59645.479896252335,100.0,False,13
9386,1243.209,470.33958245997013,5728.021476780261,317.0,59646.89805555559,100.0,False,13
9387,1243.573,333.0,5363.0,320.64,59679.352104040256,100.0,False,13
9388,1243.609,324.99849782121504,5336.340162180295,321.0,59682.56472222225,100.0,False,13
9389,1243.809,301.6866019762989,5221.698431668209,321.0,59700.39805555559,100.0,False,13
9390,1243.833,299.0,5205.0,321.0,59702.53787527383,100.0,False,13
9391,1243.969,281.06634336594374,5089.215127262998,321.0,59714.66472222227,100.0,False,13
9392,1244.073,269.0,4992.0,321.0,59723.93847537444,100.0,False,13
9393,1244.129,264.47094132711425,4941.055432541074,321.0,59728.931388888916,100.0,False,13
9394,1244.373,259.0,4725.0,321.0,59750.68200150794,100.0,False,13
9395,1244.449,260.8635143963715,4655.754592608514,321.0,59757.46472222227,100.0,False,13
9396,1244.453,261.0,4652.0,321.01,59757.82188200428,100.0,False,13
9397,1244.633,270.0,4478.0,321.46,59773.912131004516,100.0,False,13
9398,1244.849,284.2568823456953,4302.6440665906985,322.0,59793.24250000004,100.0,False,13
9399,1244.913,293.0,4228.0,322.0,59798.968827526565,100.0,False,13
9400,1245.009,311.8230342613272,4081.9563997745836,322.0,59807.55361111116,100.0,False,13
9401,1245.113,333.0,3928.0,321.675,59816.840659563924,100.0,False,13
9402,1245.329,355.5150109132604,3797.9553038561803,321.0,59836.08694444448,100.0,False,13
9403,1245.473,373.0,3737.0,320.48571428571427,59848.88851604785,100.0,False,13
9404,1245.609,401.41133963462534,3635.0922756131263,320.0,59860.97583333336,100.0,False,13
9405,1245.813,457.0,3447.0,320.0,59879.12439211762,100.0,False,13
9406,1245.889,478.08235801428907,3384.9950077972494,320.0,59885.86472222225,100.0,False,13
9407,1245.973,505.0,3313.0,319.16,59893.29183075043,100.0,False,13
9408,1246.089,554.9766640941555,3190.5654364446627,318.0,59903.53138888892,100.0,False,13
9409,1246.253,638.0,3002.0,318.0,59918.03077596301,100.0,False,13
9410,1246.369,693.3921444083754,2885.6872716224834,318.0,59928.264722222244,100.0,False,13
9411,1246.593,788.0,2702.0,316.1333333333333,59947.92764476339,100.0,False,13
9412,1246.609,793.840462418026,2690.9002201213725,316.0,59949.33138888891,100.0,False,13
9413,1246.769,845.3119753163187,2594.691477794973,316.0,59963.37583333337,100.0,False,13
9414,1247.05,946.1134159911823,2435.0704206132505,316.0,59988.041388888916,100.0,False,13
9415,1247.074,959.0,2417.0,315.9142857142857,59990.14581984788,100.0,False,13
9416,1247.33,1134.5909873203282,2185.1109825907483,315.0,60012.541388888916,100.0,False,13
9417,1247.454,1203.0,2099.0,313.76,60023.32513814139,100.0,False,13
9418,1247.53,1230.7708266928635,2065.62074013371,313.0,60029.93027777781,100.0,False,13
9419,1247.69,1275.0439412335343,2018.3659159671965,313.0,60043.84138888892,100.0,False,13
9420,1247.714,1285.0,2008.0,312.8,60045.92189668634,100.0,False,13
9421,1247.93,1415.338349130965,1873.149030272033,311.0,60064.574722222256,100.0,False,13
9422,1247.993,1454.0,1834.0,310.85649190247045,60070.01088747372,100.0,False,13
9423,1248.293,1609.0,1685.0,310.1731207036908,60095.866623763184,100.0,False,13
9424,1248.369,1650.8712689596287,1646.2712190525006,310.0,60102.37750000002,100.0,False,13
9425,1248.473,1723.0,1581.0,307.725,60111.25394312921,68.8,False,13
9426,1248.653,1900.0,1425.0,303.7875,60126.37247905812,14.800000000000004,False,13
9427,1248.689,1927.1075002683317,1401.3176073403783,303.0,60129.310833333366,4.0,True,13
9428,1248.929,2018.9123756412823,1323.3302973576774,282.0,60148.11083333337,0.0,True,13
9429,1248.993,2045.0,1302.0,275.6,60152.88572585484,0.0,True,13
9430,1249.129,2118.9714799765966,1241.8227645345687,262.0,60162.666388888916,0.0,True,13
9431,1249.253,2192.0,1183.0,250.22,60171.10172368401,0.0,True,13
9432,1249.329,2232.301609680029,1150.9877506099563,243.0,60176.166388888916,0.0,True,13
9433,1249.433,2288.0,1108.0,238.45,60183.061965704896,0.0,True,13
9434,1249.489,2321.965147207418,1082.689599669843,236.0,60186.65527777781,0.0,True,13
9435,1249.689,2451.1899533477936,989.9731524427691,214.0,60198.5441666667,0.0,True,13
9436,1249.713,2464.0,981.0,212.86666666666667,60199.91122942767,0.0,True,13
9437,1250.049,2585.7638416898767,903.0638592951711,197.0,60218.2441666667,0.0,True,13
9438,1250.073,2595.0,898.0,196.325,60219.52349242524,0.0,True,13
9439,1250.313,2703.0,845.0,189.575,60232.1168685591,0.0,True,13
9440,1250.369,2728.669030293489,835.0934035546608,188.0,60234.9552777778,0.0,True,13
9441,1250.473,2776.0,820.0,183.54285714285714,60240.10424013954,0.0,True,13
9442,1250.649,2857.362012144794,803.0308458052948,176.0,60248.644166666694,0.0,False,13
9443,1250.753,2907.0,798.0,176.0,60253.74461945916,0.0,False,13
9444,1250.809,2934.371981667205,796.8186450723869,176.0,60256.46638888892,0.0,False,13
9445,1250.953,3006.0,798.0,172.4,60263.29913630942,0.0,False,13
9446,1251.049,3053.600335199408,801.1972057662975,170.0,60267.79972222225,0.0,False,13
9447,1251.113,3085.0,804.0,169.6,60270.801592356234,11.600000000000001,False,13
9448,1251.209,3131.359387080448,808.8179799544705,169.0,60275.310833333366,29.0,False,13
9449,1251.353,3200.0,817.0,169.36,60282.10220424335,38.72,False,13
9450,1251.453,3248.0,823.0,169.61,60286.83521362874,45.47,False,13
9451,1251.609,3326.4067245355996,833.5380081881885,170.0,60294.19972222224,56.0,False,13
9452,1251.813,3427.0,847.0,170.0,60303.78220935176,58.31818181818182,False,13
9453,1252.049,3529.1962237664707,857.8433833046206,170.0,60314.97750000002,61.0,False,13
9454,1252.053,3531.0,858.0,170.08333333333334,60315.17012908618,60.93333333333333,False,13
9455,1252.289,3645.37102180272,866.0738683164843,175.0,60326.644166666694,57.0,False,13
9456,1252.393,3695.0,869.0,174.48,60331.680745390055,46.6,False,13
9457,1252.489,3741.6518153544703,870.9812476790655,174.0,60336.310833333366,37.0,False,13
9458,1252.493,3744.0,871.0,173.98,60336.503462827066,37.06,False,13
9459,1252.689,3898.062338262709,864.4922807252465,173.0,60345.921944444475,40.0,False,13
9460,1252.713,3916.0,863.0,173.0,60347.07476755406,40.15,False,13
9461,1252.849,4000.3585460140644,852.3421731243023,173.0,60353.610833333354,41.0,False,13
9462,1253.169,4118.92182165231,814.3821958199879,174.0,60369.07750000003,63.0,False,13
9463,1253.193,4127.0,811.0,174.36,60370.25062872449,64.32,False,13
9464,1253.369,4185.438209746386,784.0547989335331,177.0,60378.91083333336,74.0,False,13
9465,1253.554,4252.0,746.0,179.30290437919453,60388.10192780428,79.37344355145389,False,13
9466,1253.61,4274.5971533518605,731.3128979793917,180.0,60390.96083333336,81.0,False,13
9467,1253.814,4363.0,668.0,187.93333333333334,60401.80007128914,86.66666666666667,False,13
9468,1253.97,4429.3607844999115,615.3341919580857,194.0,60410.36083333337,91.0,False,13
9469,1253.974,4431.0,614.0,194.09,60410.58180857825,91.09,False,13
9470,1254.274,4558.0,507.0,200.84,60427.38978885059,97.84,False,13
9471,1254.37,4614.685417705314,457.9994533132686,203.0,60432.916388888916,100.0,False,13
9472,1254.453,4662.0,417.0,206.73500288,60437.7638153929,100.0,False,13
9473,1254.57,4712.443779113017,373.3439378126009,212.0,60444.6941666667,100.0,False,13
9474,1254.833,4806.0,294.0,217.1281340384385,60460.616645040616,100.0,False,13
9475,1254.929,4860.873534853716,248.39266593395013,219.0,60466.53333333337,100.0,False,13
9476,1255.073,4946.0,178.0,221.4,60475.50539401075,100.0,False,13
9477,1255.333,5042.0,99.0,225.73333333333332,60491.95642480557,100.0,False,13
9478,1255.409,5075.273440842774,71.4985879790343,227.0,60496.80000000003,100.0,False,13
9479,1255.569,5156.832601782742,3.659018014838145,231.0,60507.066666666695,100.0,False,13
9480,1255.613,5179.0,-15.0,232.1,60509.92846801455,100.0,False,13
9481,1255.793,5267.0,-90.0,236.6,60521.80381736405,100.0,False,13
9482,1255.809,5274.871234060054,-96.73146773150445,237.0,60522.8666666667,100.0,False,13
9483,1256.093,5418.0,-219.0,240.55,60541.86824581123,100.0,False,13
9484,1256.129,5436.40047047697,-234.64929657777083,241.0,60544.288888888914,100.0,False,13
9485,1256.313,5531.0,-315.0,242.97142857142856,60556.69974580286,100.0,False,13
9486,1256.409,5580.594773734389,-357.34676098661464,244.0,60563.26666666671,100.0,False,13
9487,1256.433,5593.0,-368.0,244.6,60564.92292666188,100.0,False,13
9488,1256.613,5686.0,-449.0,249.1,60577.527390854535,100.0,False,13
9489,1256.769,5766.469412024034,-521.3611583596929,253.0,60588.566666666695,100.0,False,13
9490,1256.933,5850.0,-600.0,254.17142857142858,60600.186672898766,100.0,False,13
9491,1257.049,5907.824965896857,-657.3967124576938,255.0,60608.40000000002,100.0,False,13
9492,1257.133,5949.0,-700.0,255.0,60614.33891068054,100.0,False,13
9493,1257.209,5985.721813628518,-739.3667846785299,255.0,60619.733333333366,100.0,False,13
9494,1257.333,6044.0,-804.0,256.55,60628.62873008664,100.0,False,13
9495,1257.393,6072.0,-836.0,257.3,60632.974786270875,100.0,False,13
9496,1257.609,6213.330021552609,-1020.3235275954844,260.0,60648.62222222224,100.0,False,13
9497,1257.673,6253.0,-1076.0,259.68,60653.226357978434,100.0,False,13
9498,1257.809,6320.921160704928,-1177.93637424123,259.0,60663.01111111113,100.0,False,13
9499,1257.969,6376.0622470268445,-1270.9043665339204,262.0,60674.65555555558,100.0,False,13
9500,1258.053,6399.0,-1310.0,262.6,60680.80292650621,100.0,False,13
9501,1258.249,6437.79364750245,-1375.7847065237677,264.0,60695.18888888891,100.0,False,13
9502,1258.409,6471.267066090286,-1439.8024858044714,264.0,60706.922222222245,100.0,False,13
9503,1258.493,6502.0,-1504.0,264.0,60713.081668471874,100.0,False,13
9504,1258.609,6559.3346403379255,-1627.2840159187901,264.0,60721.5888888889,100.0,False,13
9505,1258.693,6600.0,-1717.0,264.0,60727.75094534633,100.0,False,13
9506,1258.889,6662.729001514913,-1865.6059645601079,264.0,60742.12222222223,100.0,False,13
9507,1259.049,6692.2460940246365,-1947.7785732419502,264.0,60753.855555555565,100.0,False,13
9508,1259.153,6715.0,-2011.0,265.04,60761.57756388534,89.34,False,13
9509,1259.373,6771.0,-2166.0,267.24,60778.05035385421,66.79,False,13
9510,1259.413,6781.0,-2194.0,267.64,60780.99778268022,62.69,False,13
9511,1259.449,6790.817047339036,-2221.7218999683228,268.0,60783.633333333346,59.0,True,13
9512,1259.729,6886.744379503018,-2498.5650603910876,257.0,60803.62222222223,0.0,True,13
9513,1259.793,6904.0,-2549.0,255.4049841056666,60808.092864622566,0.0,True,13
9514,1260.05,6942.297426627067,-2663.515300688009,249.0,60825.82472222223,0.0,True,13
9515,1260.194,6961.0,-2720.0,247.2,60835.71811387771,0.0,True,13
9516,1260.21,6963.529248076496,-2727.5681658164785,247.0,60836.802500000005,0.0,True,13
9517,1260.354,6995.0,-2823.0,242.05,60846.37430578323,0.0,True,13
9518,1260.494,7051.0,-2999.0,237.2375,60855.45597911526,0.0,True,13
9519,1260.53,7063.263485245967,-3037.5479449224954,236.0,60857.78027777778,0.0,True,13
9520,1260.73,7100.955354507744,-3154.6805020559236,230.0,60870.558055555564,0.0,True,13
9521,1261.013,7125.0,-3228.0,218.99444195555554,60887.71089323568,0.0,True,13
9522,1261.09,7137.76355360497,-3268.163034018948,216.0,60892.158055555556,0.0,True,13
9523,1261.213,7161.0,-3341.0,207.76568829705417,60899.05967473134,0.0,True,13
9524,1261.329,7181.677363994628,-3404.1545557358822,200.0,60905.43583333334,0.0,True,13
9525,1261.413,7196.0,-3448.0,197.48,60910.027260469724,0.0,True,13
9526,1261.529,7215.109761211763,-3507.7779331540387,194.0,60916.21361111112,0.0,True,13
9527,1261.553,7219.0,-3520.0,192.74545454545455,60917.449174257286,0.0,True,13
9528,1261.969,7283.875668332734,-3722.9819318426253,171.0,60937.11361111113,0.0,True,13
9529,1262.169,7313.315824822801,-3814.5964578692683,167.0,60946.39138888891,0.0,True,13
9530,1262.449,7350.396653116062,-3936.001352203068,163.0,60959.06916666668,0.0,False,13
9531,1262.713,7380.0,-4043.0,158.875,60970.720706092965,0.0,False,13
9532,1262.769,7385.6108696857555,-4064.7647440420483,158.0,60973.11361111113,0.0,True,13
9533,1262.953,7404.0,-4143.0,150.77142857142857,60980.728896069646,0.0,True,13
9534,1263.049,7415.336352867862,-4197.883613601485,147.0,60984.54694444446,0.0,True,13
9535,1263.133,7425.0,-4247.0,143.85,60987.79871228797,0.0,True,13
9536,1263.369,7445.0417272600225,-4356.766533889655,135.0,60996.54694444446,0.0,True,13
9537,1263.433,7449.0,-4379.0,132.2,60998.845537251575,0.0,True,13
9538,1263.529,7453.899794901277,-4406.167722910437,128.0,61002.235833333354,0.0,True,13
9539,1263.809,7464.675542091216,-4461.72309390083,121.0,61011.64694444447,0.0,True,13
9540,1263.853,7467.0,-4473.0,119.35,61013.03081584761,0.0,True,13
9541,1264.073,7481.0,-4541.0,111.1,61019.54454646408,0.0,True,13
9542,1264.209,7488.375448614218,-4581.504139735485,106.0,61023.42472222225,0.0,True,13
9543,1264.313,7493.0,-4611.0,103.4,61026.365966294485,0.0,True,13
9544,1264.409,7496.5193141802765,-4637.527949170366,101.0,61029.03583333336,0.0,True,13
9545,1264.493,7499.0,-4660.0,99.425,61031.31805576474,0.0,True,13
9546,1264.673,7502.0,-4709.0,96.05,61036.04735050493,0.0,True,13
9547,1264.729,7501.861410267556,-4728.334583210779,95.0,61037.480277777795,0.0,True,13
9548,1264.933,7498.0,-4803.0,90.75,61042.57998942913,0.0,True,13
9549,1264.969,7497.196309417579,-4811.974003703809,90.0,61043.480277777795,0.0,True,13
9550,1265.129,7493.359285178188,-4834.260010873337,90.0,61047.480277777795,0.0,True,13
9551,1265.253,7488.0,-4851.0,86.9,61050.43769871097,0.0,True,13
9552,1265.329,7483.193984693329,-4865.5585122757275,85.0,61052.202500000014,0.0,False,13
9553,1265.493,7470.0,-4902.0,83.63333333333334,61055.94965651253,0.0,False,13
9554,1265.569,7463.404517814217,-4916.692922617298,83.0,61057.735833333354,0.0,False,13
9555,1265.753,7440.0,-4950.0,85.96279855059362,61062.318544705005,6.436424437496481,False,13
9556,1266.033,7372.0,-5005.0,90.47140504062739,61069.99366074774,16.230983364121563,False,13
9557,1266.273,7348.0,-5018.0,94.33592488922775,61077.246114108886,24.62631958694306,False,13
9558,1266.453,7310.0,-5035.0,97.23431477567804,61083.09361081669,30.922821754059182,False,13
9559,1266.654,7264.0,-5053.0,100.47084911834223,61089.84587280631,37.95391360191586,False,13
9560,1266.934,7196.0,-5076.0,104.97945560837599,61099.2259937145,47.748472528540944,False,13
9561,1267.134,7104.0,-5105.0,108.19988881554296,61105.90601830474,54.744586047558855,False,13
9562,1267.37,7057.60653980004,-5118.725414603179,112.0,61113.76694444446,63.0,False,13
9563,1267.514,7031.0,-5126.0,115.6,61118.55197325465,65.57142857142857,False,13
9564,1267.65,6987.981518559894,-5138.092316624722,119.0,61123.02250000002,68.0,False,13
9565,1267.713,6967.0,-5144.0,119.0,61125.06470708753,71.79899761238268,False,13
9566,1267.849,6925.77075599534,-5155.560809359254,119.0,61129.600555555575,80.0,False,13
9567,1267.973,6877.0,-5169.0,132.175,61134.23763857267,83.875,False,13
9568,1268.009,6858.2163598741845,-5174.1277229532825,136.0,61135.64500000002,85.0,False,13
9569,1268.193,6748.0,-5204.0,142.51666666666668,61143.14785070425,90.75,False,13
9570,1268.489,6653.551852143595,-5228.89732863817,153.0,61156.04500000001,100.0,False,13
9571,1268.653,6607.0,-5240.0,157.92,61163.43570938823,100.0,False,13
9572,1268.853,6520.0,-5260.0,163.92,61172.68465608345,100.0,False,13
9573,1268.889,6497.177880834658,-5265.250997453415,165.0,61174.37833333334,100.0,False,13
9574,1269.049,6374.23017816189,-5293.636086296003,172.0,61182.02277777779,100.0,False,13
9575,1269.113,6334.0,-5303.0,173.6,61185.148160247234,100.0,False,13
9576,1269.329,6266.417417102814,-5319.2546719601705,179.0,61195.94500000001,100.0,False,13
9577,1269.493,6217.0,-5332.0,181.6090909090909,61204.295313346855,100.0,False,13
9578,1269.573,6178.0,-5342.0,182.88181818181818,61208.413367106434,100.0,False,13
9579,1269.769,6080.386343909896,-5367.373831534876,186.0,61218.678333333344,100.0,False,13
9580,1269.773,6078.0,-5368.0,186.11428571428573,61218.890552554745,100.0,False,13
9581,1270.049,5876.509578604378,-5420.873717201866,194.0,61233.76722222223,100.0,False,13
9582,1270.113,5840.0,-5430.0,194.8,61237.2642369157,100.0,False,13
9583,1270.369,5758.928234968119,-5447.935911175064,198.0,61251.36722222222,100.0,False,13
9584,1270.433,5733.0,-5455.0,198.0,61254.90400244156,84.96,False,13
9585,1270.569,5654.575954530429,-5478.651089638654,198.0,61262.36722222222,53.0,True,13
9586,1270.753,5534.0,-5515.0,193.4,61272.12936659984,25.91111111111111,True,13
9587,1270.929,5450.403027671034,-5535.31137291356,189.0,61281.26722222223,0.0,False,13
9588,1270.993,5421.0,-5541.0,188.2,61284.58171352785,0.0,False,13
9589,1271.169,5332.59091142082,-5554.748895087588,186.0,61293.667222222226,0.0,False,13
9590,1271.273,5279.0,-5560.0,184.96,61299.00802417447,0.0,False,13
9591,1271.369,5230.411101877478,-5562.233830243558,184.0,61303.889444444445,0.0,False,13
9592,1271.533,5149.0,-5560.0,181.07142857142858,61312.062739203335,11.12857142857143,False,13
9593,1271.649,5092.244573976882,-5553.529518727481,179.0,61317.81166666666,19.0,False,13
9594,1271.733,5052.0,-5546.0,178.65,61321.99516043709,20.05,False,13
9595,1271.889,4979.861793252411,-5525.130300238459,178.0,61329.67833333333,22.0,False,13
9596,1271.973,4942.0,-5510.0,175.2,61333.661855818864,22.0,False,13
9597,1272.133,4872.0,-5474.0,169.86666666666667,61340.97972193468,22.0,False,13
9598,1272.249,4825.578607063491,-5444.0784554790325,166.0,61346.278333333335,22.0,True,13
9599,1272.333,4794.0,-5421.0,166.0,61350.14587765555,12.76,True,13
9600,1272.449,4752.648783091671,-5387.57117023497,166.0,61355.500555555554,0.0,False,13
9601,1272.553,4717.0,-5356.0,165.35,61360.27772201075,1.3,False,13
9602,1272.609,4698.078604477538,-5338.350915715825,165.0,61362.83388888888,2.0,False,13
9603,1272.753,4651.0,-5291.0,163.8,61369.343976602235,17.6,False,13
9604,1272.849,4621.831477030896,-5258.022615840288,163.0,61373.70055555555,28.0,False,13
9605,1272.973,4586.0,-5214.0,164.77142857142857,61379.40590929345,46.6,False,13
9606,1273.129,4542.204799108706,-5156.81130799694,167.0,61386.68944444443,70.0,False,13
9607,1273.174,4530.0,-5140.0,167.74688710290778,61388.80755674625,72.0539395329964,False,13
9608,1273.354,4483.0,-5071.0,170.73443976350268,61397.36746059061,80.26970934963236,False,13
9609,1273.37,4478.853931250904,-5064.623798902098,171.0,61398.13694444443,81.0,False,13
9610,1273.53,4437.306441898255,-4998.328139991155,175.0,61405.91472222221,87.0,False,13
9611,1273.674,4402.0,-4938.0,177.0,61413.048078129024,92.2,False,13
9612,1273.854,4360.0,-4860.0,179.5,61422.097637968356,98.7,False,13
9613,1273.89,4350.079080468792,-4840.918891127264,180.0,61423.91472222221,100.0,False,13
9614,1274.05,4301.677549217027,-4746.232223245201,182.0,61432.0036111111,100.0,False,13
9615,1274.094,4291.0,-4725.0,182.0,61434.22028367681,100.0,False,13
9616,1274.209,4271.273487773306,-4684.86287886872,182.0,61440.04194444444,100.0,False,13
9617,1274.313,4255.0,-4651.0,185.9,61445.45110139105,100.0,False,13
9618,1274.369,4243.760781248569,-4627.73770568224,188.0,61448.39749999999,100.0,False,13
9619,1274.529,4202.749900820211,-4543.154492772043,191.0,61456.88638888889,100.0,False,13
9620,1274.653,4169.0,-4473.0,192.03333333333333,61463.5645910155,98.62222222222222,False,13
9621,1274.813,4125.0,-4380.0,193.36666666666667,61472.236457652674,96.84444444444445,False,13
9622,1274.889,4100.193384179881,-4326.389996220109,194.0,61476.28638888888,96.0,False,13
9623,1275.049,4048.019952158536,-4212.238565878389,188.0,61484.64194444445,96.0,False,13
9624,1275.053,4047.0,-4210.0,187.87142857142857,61484.847777649455,94.62857142857143,False,13
9625,1275.329,4008.6045468131324,-4126.154476348198,179.0,61498.56416666666,0.0,True,13
9626,1275.433,3993.0,-4096.0,170.16,61503.34429401549,0.0,True,13
9627,1275.529,3972.821227733959,-4058.5125115257792,162.0,61507.56416666666,0.0,True,13
9628,1275.633,3949.0,-4016.0,157.0888888888889,61511.94430486625,0.0,True,13
9629,1275.853,3901.0,-3939.0,146.7,61520.67313509033,0.0,True,13
9630,1275.889,3890.2830596789263,-3922.3608605751547,145.0,61522.06416666666,0.0,True,13
9631,1276.049,3833.6503339989667,-3834.9138120965426,136.0,61528.10861111111,0.0,True,13
9632,1276.113,3816.0,-3808.0,133.12,61530.42271173373,0.0,True,13
9633,1276.249,3794.924929851992,-3776.944435575058,127.0,61535.16416666667,0.0,True,13
9634,1276.449,3776.6735546755203,-3756.7449825472368,122.0,61541.94194444445,0.0,True,13
9635,1276.453,3776.0,-3756.0,122.0,61542.07846555409,0.0,True,13
9636,1276.633,3736.0,-3713.0,122.0,61548.20306157858,0.0,True,13
9637,1276.649,3732.296715192623,-3709.440201157911,122.0,61548.71972222222,0.0,True,13
9638,1276.809,3696.4243077856763,-3679.8652573332547,109.0,61553.56416666666,0.0,True,13
9639,1276.833,3691.0,-3676.0,108.33333333333333,61554.256728752705,0.0,True,13
9640,1277.013,3649.0,-3651.0,103.33333333333333,61559.225588379166,0.0,True,13
9641,1277.169,3610.1803889372345,-3637.416561906708,99.0,61563.46416666667,0.0,True,13
9642,1277.253,3589.0,-3633.0,99.0,61565.78794204687,0.0,True,13
9643,1277.369,3559.957705940525,-3629.931636456919,99.0,61568.96416666667,0.0,True,13
9644,1277.553,3511.0,-3633.0,94.86,61573.674674951384,0.0,True,13
9645,1277.753,3452.0,-3647.0,90.36,61578.56945041614,0.0,True,13
9646,1277.769,3448.089376150111,-3648.204620706663,90.0,61578.96416666667,0.0,False,13
9647,1277.993,3406.0,-3666.0,89.2,61584.518161776345,3.9999999999999996,False,13
9648,1278.049,3395.505198978533,-3671.8505564531674,89.0,61585.88638888889,5.0,False,13
9649,1278.313,3342.0,-3709.0,86.17142857142858,61592.192491667345,28.571428571428573,False,13
9650,1278.329,3338.727189916425,-3711.7723693397515,86.0,61592.57527777778,30.0,False,13
9651,1278.473,3310.0,-3738.0,86.8,61596.04375403449,34.8,False,13
9652,1278.593,3288.0,-3759.0,87.46666666666667,61598.9771795391,38.8,False,13
9653,1278.689,3267.6552040570164,-3782.1093307693063,88.0,61601.375277777785,42.0,False,13
9654,1278.929,3212.454507862823,-3854.7232779501123,93.0,61607.57527777778,45.0,False,13
9655,1278.973,3205.0,-3865.0,93.73333333333333,61608.74305291385,46.833333333333336,False,13
9656,1279.169,3184.5159074032917,-3895.053571919365,97.0,61614.04194444444,55.0,False,13
9657,1279.369,3167.4922416801965,-3924.1615736629565,100.0,61619.59749999999,55.0,False,13
9658,1279.373,3167.0,-3925.0,100.12698414541266,61619.7126776503,55.172335625917185,False,13
9659,1279.553,3140.0,-3971.0,105.84127068898259,61625.10215076305,62.927438792190664,False,13
9660,1279.774,3104.0,-4033.0,112.85714269128601,61632.317371055295,72.4489793667453,False,13
9661,1279.81,3098.42785558292,-4042.639039306062,114.0,61633.562499999985,74.0,False,13
9662,1280.034,3057.0,-4108.0,129.86666666666667,61641.69909460984,74.0,False,13
9663,1280.05,3052.4209831830767,-4114.248019743443,131.0,61642.29583333332,74.0,False,13
9664,1280.214,2998.0,-4184.0,133.46,61648.493899095294,71.54,False,13
9665,1280.45,2952.539398726343,-4234.051392602678,137.0,61657.51805555554,68.0,False,13
9666,1280.634,2904.0,-4273.0,136.07769438352773,61664.47046304043,36.64160903994241,False,13
9667,1280.774,2842.0,-4321.0,135.3759401101249,61669.70257692637,12.78196374424642,False,13
9668,1280.849,2810.903619895267,-4341.944666447494,135.0,61672.480555555536,0.0,False,13
9669,1281.049,2740.311417218068,-4379.363655479425,132.0,61679.813888888864,0.0,False,13
9670,1281.053,2739.0,-4380.0,131.98,61679.95994694803,0.38,False,13
9671,1281.249,2678.8484989673007,-4407.2004795218545,131.0,61687.091666666645,19.0,False,13
9672,1281.473,2612.0,-4432.0,130.06666666666666,61695.17686269751,48.86666666666667,False,13
9673,1281.489,2606.9366691734654,-4433.664846627465,130.0,61695.75833333332,51.0,False,13
9674,1281.573,2578.0,-4442.0,130.84,61698.82624762005,53.52,False,13
9675,1281.689,2521.438621756618,-4451.365179031477,132.0,61703.091666666645,57.0,False,13
9676,1281.849,2429.6200235723045,-4459.732185302168,133.0,61709.00277777776,57.0,False,13
9677,1281.893,2410.0,-4461.0,133.36666666666667,61710.63912463996,57.916666666666664,False,13
9678,1282.089,2356.2300564679886,-4461.180495197008,135.0,61718.00277777776,62.0,False,13
9679,1282.293,2309.0,-4452.0,138.24545454545455,61725.83042853397,66.63636363636364,False,13
9680,1282.473,2237.0,-4437.0,141.1090909090909,61733.02312057285,70.72727272727273,False,13
9681,1282.529,2215.511894899101,-4432.066462265499,142.0,61735.35833333332,72.0,False,13
9682,1282.573,2199.0,-4428.0,143.50526315789475,61737.225741483984,73.21578947368421,False,13
9683,1282.793,2112.0,-4401.0,151.03157894736842,61746.99307748143,79.29473684210527,False,13
9684,1283.113,1957.0,-4331.0,161.97894736842105,61762.24398692603,88.13684210526316,False,13
9685,1283.289,1899.4183355654397,-4297.041993124126,168.0,61770.82499999998,93.0,False,13
9686,1283.433,1854.0,-4264.0,172.95,61777.925526595005,96.15,False,13
9687,1283.609,1784.34625679396,-4208.728004845803,179.0,61786.736111111095,100.0,False,13
9688,1283.633,1775.0,-4201.0,179.68571428571428,61787.95232543217,100.0,False,13
9689,1283.889,1674.979439703269,-4112.817164873016,187.0,61801.28055555554,100.0,False,13
9690,1283.893,1673.0,-4111.0,187.225,61801.497692142555,100.0,False,13
9691,1284.133,1539.0,-3986.0,200.725,61815.06506192067,100.0,False,13
9692,1284.209,1508.6214078393243,-3957.2424228825193,205.0,61819.50277777777,100.0,False,13
9693,1284.493,1431.0,-3882.0,212.1,61836.45297808657,100.0,False,13
9694,1284.609,1381.6881372120458,-3834.343364247795,215.0,61843.39166666665,100.0,False,13
9695,1284.633,1371.0,-3824.0,215.0,61844.82170757337,100.0,False,13
9696,1284.809,1293.3461687811366,-3748.5324226338407,215.0,61855.3361111111,100.0,False,13
9697,1285.033,1198.0,-3655.0,222.2,61869.234940186216,100.0,False,13
9698,1285.089,1175.1231352585103,-3632.3861244123214,224.0,61872.75833333332,100.0,False,13
9699,1285.213,1117.0,-3575.0,225.55,61880.59087143921,100.0,False,13
9700,1285.409,982.2945533740377,-3443.2444320477757,228.0,61893.024999999994,100.0,False,13
9701,1285.413,980.0,-3441.0,228.0,61893.278871011324,100.0,False,13
9702,1285.569,918.3549252510905,-3380.5416112609923,228.0,61903.15833333331,100.0,False,13
9703,1285.753,866.0,-3329.0,228.0,61914.69770553791,100.0,False,13
9704,1285.809,842.1724473324105,-3305.6262037093443,228.0,61918.35833333331,100.0,False,13
9705,1285.969,761.0298163070594,-3225.998307856423,247.0,61929.336111111086,100.0,False,13
9706,1285.973,759.0,-3224.0,247.06666666666666,61929.61400474707,100.0,False,13
9707,1286.209,641.9890858627176,-3108.674717117323,251.0,61946.06944444442,100.0,False,13
9708,1286.233,630.0,-3097.0,251.29813676447674,61947.74899002731,100.0,False,13
9709,1286.37,560.8287727313188,-3030.23693626422,253.0,61957.38416666663,100.0,False,13
9710,1286.414,539.0,-3009.0,253.94285714285715,61960.51499144759,100.0,False,13
9711,1286.574,458.0,-2929.0,257.37142857142857,61972.04190865392,100.0,False,13
9712,1286.65,410.1859288174365,-2881.9999083017997,259.0,61977.52861111109,100.0,False,13
9713,1286.89,242.56884445630791,-2718.276897713759,260.0,61994.86194444442,100.0,False,13
9714,1286.914,230.0,-2706.0,260.6,61996.61323301459,100.0,False,13
9715,1287.09,167.59902620973722,-2644.9388130780535,265.0,62009.584166666624,100.0,False,13
9716,1287.214,125.0,-2603.0,266.6947605729734,62018.83734758719,100.0,False,13
9717,1287.493,-23.0,-2457.0,270.5079727368787,62039.90511302964,100.0,False,13
9718,1287.529,-42.55439496320846,-2437.778439017432,271.0,62042.63111111107,100.0,False,13
9719,1287.593,-77.0,-2404.0,271.64,62047.47989419909,100.0,False,13
9720,1287.729,-151.52943478617027,-2331.3934804424284,273.0,62057.79777777774,100.0,False,13
9721,1287.873,-229.0,-2256.0,273.6,62068.75141724195,100.0,False,13
9722,1287.969,-277.69759879983167,-2208.2791419020023,274.0,62076.064444444404,100.0,False,13
9723,1288.113,-360.0,-2128.0,274.72,62087.048304136944,100.0,False,13
9724,1288.169,-401.0013203865134,-2088.47932650604,275.0,62091.342222222185,100.0,False,13
9725,1288.353,-550.0,-1946.0,278.06666666666666,62105.577049862,100.0,False,13
9726,1288.409,-587.7470960881984,-1910.1151099162144,279.0,62109.94222222219,100.0,False,13
9727,1288.569,-676.9542911265573,-1825.758564531619,282.0,62122.47555555552,100.0,False,13
9728,1288.613,-701.0,-1803.0,282.0,62125.9251944611,100.0,False,13
9729,1288.893,-860.0,-1652.0,282.0,62147.859602244906,100.0,False,13
9730,1288.929,-880.8504850632739,-1632.178786804972,282.0,62150.67555555553,100.0,False,13
9731,1289.169,-1016.9042526260724,-1502.9833080768756,282.0,62169.47555555553,100.0,False,13
9732,1289.173,-1019.0,-1501.0,282.08,62169.79130752155,100.0,False,13
9733,1289.369,-1128.9065021546066,-1396.9473412743828,286.0,62185.36444444441,100.0,False,13
9734,1289.373,-1132.0,-1394.0,286.0111111111111,62185.682983077306,100.0,False,13
9735,1289.593,-1339.0,-1196.0,286.6222222222222,62203.209591278486,100.0,False,14
9736,1289.729,-1413.842417858056,-1124.571631152171,287.0,62214.06444444442,100.0,False,14
9737,1289.889,-1449.7562060593732,-1090.8025857726632,288.0,62226.86444444441,100.0,False,14
9738,1289.993,-1490.0,-1053.0,288.43333333333334,62235.20360610665,100.0,False,14
9739,1290.129,-1568.26210681506,-979.334421656971,289.0,62246.13111111107,100.0,False,14
9740,1290.173,-1595.0,-954.0,289.15714285714284,62249.67167388552,100.0,False,14
9741,1290.373,-1711.0,-843.0,289.87142857142857,62265.78685311761,100.0,False,14
9742,1290.409,-1731.8731760346166,-823.0679469378854,290.0,62268.68666666665,100.0,False,14
9743,1290.553,-1816.0,-743.0,290.0,62280.27914477025,100.0,False,14
9744,1290.649,-1871.9523096196988,-689.7702892273486,290.0,62288.01999999996,100.0,False,14
9745,1290.793,-1956.0,-610.0,290.9,62299.66123705669,100.0,False,14
9746,1290.809,-1965.3934821220569,-601.1179446038498,291.0,62300.953333333295,100.0,False,14
9747,1290.973,-2062.0,-510.0,290.18,62314.166911790846,100.0,False,14
9748,1291.009,-2083.1198453305265,-490.05479937823947,290.0,62317.064444444404,100.0,False,14
9749,1291.169,-2176.4441543938838,-401.52479770952647,290.0,62329.953333333295,100.0,False,14
9750,1291.213,-2202.0,-377.0,290.3142857142857,62333.51231709473,100.0,False,14
9751,1291.373,-2295.0,-287.0,291.45714285714286,62346.50556873738,100.0,False,14
9752,1291.449,-2339.9287248430896,-243.9958627204756,292.0,62352.66444444441,100.0,False,14
9753,1291.613,-2436.0,-153.0,291.18,62365.91093155187,100.0,False,14
9754,1291.649,-2456.0784519780555,-134.00072226193663,291.0,62368.83111111107,100.0,False,14
9755,1291.809,-2548.7683957548334,-46.30336805228437,293.0,62381.85333333329,49.0,False,14
9756,1291.833,-2566.0,-30.0,292.3,62383.79034610109,44.1,False,14
9757,1292.013,-2716.0,112.0,287.05,62398.105777820645,7.350000000000001,False,14
9758,1292.049,-2742.439904790282,137.09094659819408,286.0,62400.919999999955,0.0,False,14
9759,1292.249,-2850.1339744440397,239.85438910672727,275.0,62416.197777777736,0.0,True,14
9760,1292.473,-2943.0,328.0,257.26666666666665,62432.18807252,0.0,True,14
9761,1292.489,-2950.1626885118358,334.7171870110078,256.0,62433.2644444444,0.0,True,14
9762,1292.653,-3032.0,411.0,237.84285714285716,62443.73832085579,0.0,True,14
9763,1292.769,-3108.858995973657,482.54174059330876,225.0,62450.7644444444,0.0,True,14
9764,1292.833,-3150.0,521.0,220.54228713784266,62454.56899984159,0.0,True,14
9765,1292.97,-3221.3521024410147,588.4163197915982,211.0,62462.54527777774,0.0,True,14
9766,1293.25,-3313.5378541570217,677.7357257003097,199.0,62478.02305555552,0.0,True,14
9767,1293.274,-3320.0,684.0,197.33333333333334,62479.266651042155,0.0,True,14
9768,1293.61,-3402.3828680906445,767.0418065215142,174.0,62495.42305555551,0.0,True,14
9769,1293.674,-3425.0,793.0,170.78392063230694,62498.37616122929,0.0,True,14
9770,1293.809,-3484.6364380865166,864.4184112681384,164.0,62504.48861111107,0.0,True,14
9771,1293.914,-3527.0,917.0,160.2500022857143,62509.08047883031,0.0,True,14
9772,1294.089,-3565.7675935806437,969.4987940592143,154.0,62516.466388888846,0.0,True,14
9773,1294.313,-3591.0,1014.0,149.0222222222222,62525.58739444552,0.0,True,14
9774,1294.449,-3615.330806495348,1057.562782749349,146.0,62531.06638888885,0.0,True,14
9775,1294.493,-3624.0,1077.0,145.78,62532.84316502724,0.0,True,14
9776,1294.649,-3655.447378237253,1169.3345560649266,145.0,62539.1219444444,0.0,False,14
9777,1294.713,-3665.0,1206.0,143.93333333333334,62541.65780090893,0.0,False,14
9778,1294.889,-3674.5264250330047,1281.678765866436,141.0,62548.521944444394,0.0,False,14
9779,1295.113,-3668.0,1343.0,139.7076923076923,62557.121579119615,19.384615384615383,False,14
9780,1295.409,-3661.2601728481413,1408.9802203860434,138.0,62568.45527777773,45.0,False,14
9781,1295.553,-3648.0,1476.0,139.44,62574.0527626737,50.76,False,14
9782,1295.609,-3639.868239681982,1512.7915989440628,140.0,62576.233055555495,53.0,False,14
9783,1295.733,-3620.0,1599.0,140.34444444444443,62581.05486785811,55.06666666666667,False,14
9784,1295.969,-3601.0775202399377,1674.870208802814,141.0,62590.3330555555,59.0,False,14
9785,1296.129,-3592.429378499956,1706.5329756384256,147.0,62596.866388888826,62.0,False,14
9786,1296.173,-3589.0,1720.0,148.57142857142858,62598.72402673711,62.0,False,14
9787,1296.393,-3568.0,1812.0,156.42857142857142,62608.36531069424,62.0,False,14
9788,1296.409,-3566.7361982292227,1819.2252295458031,157.0,62609.07749999994,62.0,False,14
9789,1296.633,-3554.0,1918.0,160.73333333333332,62619.15173289535,61.37777777777778,False,14
9790,1296.653,-3553.0,1926.0,161.06666666666666,62620.061603372626,61.32222222222222,False,14
9791,1296.769,-3550.4530826386117,1977.1150260174263,163.0,62625.37749999993,61.0,False,14
9792,1296.893,-3552.0,2036.0,166.1,62631.133674345154,61.62,False,14
9793,1296.969,-3553.9843052165666,2071.4025429975254,168.0,62634.71083333326,62.0,False,14
9794,1297.073,-3558.0,2120.0,169.85714285714286,62639.676402980214,64.6,False,14
9795,1297.249,-3568.30499537798,2206.054750920161,173.0,62648.166388888814,69.0,False,14
9796,1297.413,-3580.0,2282.0,173.0,62656.02233385682,71.73333333333333,False,14
9797,1297.489,-3585.529163841349,2313.1741516403777,173.0,62659.699722222154,73.0,False,14
9798,1297.673,-3612.0,2406.0,177.6,62668.7970706333,74.53333333333333,False,14
9799,1297.729,-3629.642194786528,2452.0085488890327,179.0,62671.63305555549,75.0,False,14
9800,1297.853,-3673.0,2558.0,183.96,62678.03474833215,76.86,False,14
9801,1297.929,-3688.3781810660525,2594.953128383212,187.0,62682.02194444438,78.0,False,14
9802,1298.169,-3717.8082576829684,2640.3551324628615,193.0,62694.88861111105,78.0,False,14
9803,1298.173,-3719.0,2642.0,193.175,62695.10763595419,78.525,False,14
9804,1298.329,-3788.6376485632236,2738.8237588040615,200.0,62703.777499999924,99.0,False,14
9805,1298.513,-3877.0,2861.0,204.6,62714.29522995785,99.76666666666667,False,14
9806,1298.569,-3892.370476431469,2881.553431466255,206.0,62717.51083333326,100.0,False,14
9807,1298.769,-3923.9348630133745,2916.1416181321797,207.0,62729.01083333326,100.0,False,14
9808,1298.813,-3938.0,2930.0,208.1,62731.581561111816,100.0,False,14
9809,1299.089,-4086.970889351761,3075.101874807337,215.0,62748.12194444437,100.0,False,14
9810,1299.093,-4089.0,3077.0,215.175,62748.36632700605,100.0,False,14
9811,1299.249,-4158.357051764841,3139.025385314087,222.0,62757.98861111104,100.0,False,14
9812,1299.313,-4191.0,3167.0,222.88642674994824,62761.977204226496,100.0,False,14
9813,1299.514,-4316.0,3273.0,225.67035987507765,62774.64206459402,100.0,False,14
9814,1299.61,-4358.105513574075,3308.968914467676,227.0,62780.75166666659,100.0,False,14
9815,1299.774,-4412.0,3356.0,229.92857142857142,62791.273168620886,100.0,False,14
9816,1299.89,-4458.586534762849,3397.3210119145424,232.0,62798.79611111105,100.0,False,14
9817,1300.05,-4539.099263508352,3470.1552000634997,236.0,62809.28499999993,100.0,False,14
9818,1300.094,-4566.0,3495.0,236.36820073822238,62812.17850795659,100.0,False,14
9819,1300.289,-4703.252487631761,3623.7682440660265,238.0,62825.08555555549,100.0,False,14
9820,1300.334,-4731.0,3650.0,238.92045323636364,62828.10844616452,100.0,False,14
9821,1300.729,-4878.4928966812395,3792.560611283461,247.0,62855.27444444438,100.0,False,14
9822,1300.773,-4897.0,3811.0,247.55,62858.334286120284,100.0,False,14
9823,1300.913,-4965.0,3879.0,249.3,62868.09940886893,100.0,False,14
9824,1301.073,-5044.0,3958.0,251.3,62879.32521862544,100.0,False,14
9825,1301.129,-5071.458436130524,3985.9710521546954,252.0,62883.27444444437,100.0,False,14
9826,1301.353,-5181.0,4100.0,254.48888888888888,62899.173999568855,100.0,False,14
9827,1301.489,-5247.912711448079,4170.094618793029,256.0,62908.87444444437,100.0,False,14
9828,1301.553,-5279.0,4203.0,256.45714285714286,62913.44557724282,100.0,False,14
9829,1301.613,-5308.0,4234.0,256.8857142857143,62917.73462819983,100.0,False,14
9830,1301.769,-5391.15218231588,4324.241357903069,258.0,62928.94111111104,100.0,False,14
9831,1301.993,-5513.0,4459.0,260.8,62945.23983437309,100.0,False,14
9832,1302.169,-5589.953397748424,4545.985152401608,263.0,62958.16333333327,100.0,False,14
9833,1302.353,-5667.0,4635.0,264.725,62971.74226111769,100.0,False,14
9834,1302.489,-5731.736134391716,4710.668867892099,266.0,62981.80777777771,100.0,False,14
9835,1302.593,-5782.0,4770.0,266.65,62989.515075593634,100.0,False,14
9836,1302.649,-5808.27519534057,4801.270956367162,267.0,62993.67444444436,100.0,False,14
9837,1302.929,-5931.356559872562,4950.521686986577,269.0,63014.59666666659,100.0,False,14
9838,1303.289,-6074.359378334488,5131.4914265797115,271.0,63041.69666666658,100.0,False,14
9839,1303.529,-6175.13915060832,5264.432905413866,272.0,63059.829999999914,100.0,False,14
9840,1303.613,-6212.0,5314.0,272.7,63066.21254645304,100.0,False,14
9841,1303.769,-6282.19904111959,5409.536235970477,274.0,63078.09666666658,100.0,False,14
9842,1303.773,-6284.0,5412.0,273.9909090909091,63078.40121785761,99.98181818181818,False,14
9843,1304.113,-6435.0,5621.0,273.2181818181818,63104.22502660268,98.43636363636364,False,14
9844,1304.209,-6476.914574447816,5680.355964885085,273.0,63111.463333333246,98.0,True,14
9845,1304.313,-6522.0,5745.0,271.96,63119.26992371846,52.239999999999995,True,14
9846,1304.409,-6563.351839115837,5805.07131482158,271.0,63126.51888888881,10.0,True,14
9847,1304.513,-6607.0,5869.0,271.0,63134.4938383234,7.111111111111112,True,14
9848,1304.713,-6685.0,5984.0,271.0,63149.69034775453,1.5555555555555558,True,14
9849,1304.769,-6705.568274331313,6014.700058447092,271.0,63153.6188888888,0.0,True,14
9850,1304.893,-6749.0,6080.0,241.55,63161.74154980735,0.0,True,14
9851,1304.929,-6760.984368288585,6098.052391827917,233.0,63163.974444444364,0.0,True,14
9852,1305.053,-6802.0,6160.0,219.56666666666666,63171.27821875013,0.0,True,14
9853,1305.169,-6845.1030835373895,6225.51160029125,207.0,63177.77444444437,0.0,True,14
9854,1305.353,-6911.0,6326.0,196.26666666666668,63187.75817544067,0.0,True,14
9855,1305.409,-6926.078776594489,6348.958141165814,193.0,63190.641111111036,0.0,True,14
9856,1305.653,-6976.0,6425.0,174.7,63202.1596395392,0.0,True,14
9857,1305.769,-7004.320397869064,6468.612172293489,166.0,63207.24111111103,0.0,True,14
9858,1305.813,-7016.0,6487.0,163.32857142857142,63209.12371386813,0.0,True,14
9859,1306.049,-7083.672427835891,6598.27251583993,149.0,63218.829999999914,0.0,True,14
9860,1306.134,-7103.0,6631.0,145.47303076462228,63222.18837119364,0.0,True,14
9861,1306.29,-7125.702538841031,6670.670502544526,139.0,63228.13527777769,0.0,True,14
9862,1306.45,-7140.4947799983,6699.7708861858355,129.0,63233.86861111103,0.0,True,14
9863,1306.474,-7143.0,6705.0,127.65,63234.694217607146,0.0,True,14
9864,1306.61,-7158.6664063281005,6738.996963163542,120.0,63239.20194444436,0.0,True,14
9865,1306.794,-7181.0,6799.0,112.60301745430594,63244.926378699645,0.0,True,14
9866,1306.809,-7182.696391125653,6804.74233032811,112.0,63245.39305555547,0.0,True,14
9867,1306.974,-7199.0,6870.0,112.0,63250.602742850955,0.0,True,14
9868,1307.089,-7205.237053421086,6902.315427108177,112.0,63254.104166666584,0.0,True,14
9869,1307.313,-7209.0,6947.0,100.8,63260.33487528871,0.0,True,14
9870,1307.329,-7209.217339762434,6950.7908125429285,100.0,63260.770833333256,0.0,True,14
9871,1307.473,-7210.0,6990.0,98.2,63264.69324550756,0.0,True,14
9872,1307.569,-7206.995032977055,7022.549412521351,97.0,63267.237499999916,0.0,True,14
9873,1307.793,-7193.0,7101.0,91.4,63272.81499208776,0.0,True,14
9874,1307.889,-7187.822920467825,7122.870203352986,89.0,63275.14861111103,0.0,False,14
9875,1308.129,-7174.903137578254,7153.1034347524255,87.0,63280.94861111103,9.0,False,14
9876,1308.213,-7167.0,7166.0,85.95,63282.91824593661,15.65,False,14
9877,1308.369,-7147.512301790638,7195.268684268744,84.0,63286.54861111104,28.0,False,14
9878,1308.373,-7147.0,7196.0,84.04,63286.643107120486,28.07,False,14
9879,1308.673,-7098.0,7247.0,87.04,63293.938683035914,33.32,False,14
9880,1308.769,-7066.1110746280465,7266.83443890948,88.0,63296.32638888882,35.0,False,14
9881,1308.813,-7052.0,7275.0,88.825,63297.42619386625,36.925,False,14
9882,1308.929,-7023.095205159771,7290.55507055491,91.0,63300.37083333326,42.0,False,14
9883,1309.129,-6993.307285824089,7300.630785694093,96.0,63305.70416666659,48.0,False,14
9884,1309.253,-6963.0,7307.0,96.0,63308.993849238424,51.875,False,14
9885,1309.289,-6951.647818218369,7309.241523621515,96.0,63309.97083333325,53.0,False,14
9886,1309.473,-6890.0,7321.0,102.13333333333334,63315.225599071506,55.3,False,14
9887,1309.529,-6879.21183907155,7323.104675992271,104.0,63316.90416666659,56.0,False,14
9888,1309.729,-6853.759787650289,7327.106358798838,113.0,63323.18194444437,61.0,False,14
9889,1309.813,-6799.0,7334.0,115.94,63325.94594816651,63.94,False,14
9890,1309.929,-6664.066582599968,7350.847996791918,120.0,63329.84861111104,68.0,False,14
9891,1310.013,-6573.0,7362.0,122.1,63332.702282846425,69.575,False,14
9892,1310.089,-6523.14777289914,7367.77759110917,124.0,63335.35972222214,71.0,False,14
9893,1310.329,-6501.049164385521,7368.198391367774,136.0,63344.42638888881,72.0,False,14
9894,1310.373,-6492.0,7369.0,137.1,63346.14010567308,72.0,False,14
9895,1310.553,-6424.0,7377.0,141.6,63353.252387788394,72.0,False,14
9896,1310.569,-6417.428648796627,7377.911856739937,142.0,63353.89305555547,72.0,False,14
9897,1310.729,-6353.79848131653,7388.231755654862,145.0,63360.33749999992,5.0,False,14
9898,1310.893,-6292.0,7402.0,142.26666666666668,63366.80102564265,1.583333333333333,False,14
9899,1310.969,-6264.388904418971,7409.743516176814,141.0,63369.737499999916,0.0,False,14
9900,1311.073,-6225.0,7423.0,139.26666666666668,63373.697919886865,0.0,False,14
9901,1311.329,-6116.335442098647,7470.336261982998,135.0,63383.237499999916,0.0,False,14
9902,1311.333,-6115.0,7471.0,134.975,63383.38556535453,0.19999999999999998,False,14
9903,1311.593,-6053.0,7510.0,133.35,63392.958433645035,13.2,False,14
9904,1311.809,-5987.876231975704,7565.796946250381,132.0,63400.83749999992,24.0,False,14
9905,1311.973,-5941.0,7613.0,131.25454545454545,63406.776638475116,28.472727272727273,False,14
9906,1312.249,-5891.568852394538,7684.312157591785,130.0,63416.72638888881,36.0,False,14
9907,1312.313,-5882.0,7703.0,130.0,63419.03531102133,39.2,False,14
9908,1312.409,-5867.755822869508,7733.858905910967,130.0,63422.50416666659,44.0,False,14
9909,1312.553,-5848.0,7784.0,130.72,63427.733466527556,44.72,False,14
9910,1312.609,-5841.437139447685,7803.648863654867,131.0,63429.78194444436,45.0,False,14
9911,1312.714,-5831.0,7841.0,132.3043475495543,63433.650924190806,45.0,False,14
9912,1312.77,-5826.54773896213,7861.469475523719,133.0,63435.72999999992,45.0,False,14
9913,1312.854,-5821.0,7892.0,133.7,63438.869536098704,40.45,False,14
9914,1313.01,-5812.968235718963,7945.163658561877,135.0,63444.72999999992,32.0,False,14
9915,1313.094,-5811.0,7981.0,134.58,63447.87188207681,18.56,False,14
9916,1313.21,-5811.867945052842,8045.7586989092915,134.0,63452.174444444376,0.0,False,14
9917,1313.394,-5817.0,8146.0,131.94986108971835,63458.856162425116,0.0,False,14
9918,1313.569,-5818.539559838605,8176.743365553785,130.0,63465.13833333326,0.0,False,14
9919,1313.714,-5823.0,8212.0,129.5468752,63470.353830823224,0.0,False,14
9920,1313.889,-5836.865607123557,8316.653575260914,129.0,63476.60499999992,0.0,False,14
9921,1313.933,-5840.0,8340.0,128.52857142857144,63478.15797477038,0.0,False,14
9922,1314.169,-5848.405034883595,8399.713628276899,126.0,63486.404999999926,0.0,False,14
9923,1314.313,-5852.0,8423.0,126.0,63491.447254077386,0.0,False,14
9924,1314.489,-5858.795819914431,8468.059005416157,126.0,63497.60499999992,0.0,False,14
9925,1314.653,-5870.0,8541.0,125.18,63503.303524372895,2.46,False,14
9926,1314.689,-5873.389642835756,8562.761990886042,125.0,63504.549444444376,3.0,False,14
9927,1314.813,-5886.0,8643.0,125.0,63508.827431267855,14.780000000000001,False,14
9928,1315.089,-5901.76626941494,8737.694725539399,125.0,63518.438333333266,41.0,False,14
9929,1315.253,-5908.0,8775.0,129.1,63524.378371906394,56.71666666666667,False,14
9930,1315.329,-5911.084954002728,8794.619167791918,131.0,63527.1716666666,64.0,False,14
9931,1315.569,-5921.4304566027095,8865.654485786768,134.0,63536.10499999994,70.0,False,14
9932,1315.653,-5925.0,8893.0,135.26,63539.267252572376,71.68,False,14
9933,1315.769,-5929.862416012397,8933.12904687542,137.0,63543.71611111105,74.0,False,14
9934,1315.833,-5933.0,8961.0,139.4,63546.24520456487,75.06666666666666,False,14
9935,1315.993,-5942.0,9052.0,145.4,63552.78202346685,77.73333333333333,False,14
9936,1316.009,-5942.658891671723,9061.222737195883,146.0,63553.449444444384,78.0,False,14
9937,1316.273,-5946.0,9197.0,151.94,63564.78255234595,45.0,False,14
9938,1316.409,-5945.665122111723,9248.287273814294,155.0,63570.6716666666,28.0,False,14
9939,1316.613,-5942.0,9318.0,154.43333333333334,63579.41304634129,29.133333333333333,False,14
9940,1316.769,-5935.106231069543,9384.58501908764,154.0,63586.0716666666,30.0,False,14
9941,1316.813,-5933.0,9403.0,154.0,63587.951793980305,32.93333333333333,False,14
9942,1317.093,-5914.0,9521.0,154.0,63599.931393283056,51.6,False,14
9943,1317.129,-5908.730561458495,9542.153141020954,154.0,63601.47166666659,54.0,False,14
9944,1317.329,-5872.569068265592,9668.18389476482,155.0,63610.0827777777,61.0,False,14
9945,1317.333,-5872.0,9670.0,155.11666666666667,63610.25844863329,61.06666666666667,False,14
9946,1317.569,-5850.153255137536,9725.377520979087,162.0,63620.882777777704,65.0,False,14
9947,1317.613,-5845.0,9736.0,162.61111111111111,63622.892996055074,65.4888888888889,False,14
9948,1317.893,-5787.0,9847.0,166.5,63635.87503076493,68.6,False,14
9949,1317.929,-5775.538446191653,9864.923306990602,167.0,63637.582777777716,69.0,False,14
9950,1318.129,-5698.191034779324,9971.033634844396,173.0,63647.193888888825,74.0,False,14
9951,1318.173,-5681.0,9992.0,173.0,63649.299182471805,75.65,False,14
9952,1318.289,-5637.305079487531,10040.624638473915,173.0,63654.88277777772,80.0,False,14
9953,1318.513,-5561.0,10113.0,181.0888888888889,63666.31779491244,92.44444444444444,False,14
9954,1318.649,-5521.242094805731,10148.818675880022,186.0,63673.48277777771,100.0,False,14
9955,1318.849,-5463.854647676413,10197.491533638664,191.0,63684.09388888882,100.0,False,14
9956,1318.913,-5441.0,10216.0,191.0,63687.48209324558,100.0,False,14
9957,1319.089,-5367.366219457123,10273.978811369989,191.0,63696.82722222216,100.0,False,14
9958,1319.113,-5357.0,10282.0,191.59627352895345,63698.11696133888,100.0,False,14
9959,1319.25,-5298.357907188524,10326.764620088956,195.0,63705.5480555555,100.0,False,14
9960,1319.374,-5245.0,10367.0,197.06666666666666,63712.34194032644,100.0,False,14
9961,1319.49,-5194.057875659657,10405.287089438609,199.0,63718.81472222216,100.0,False,14
9962,1319.554,-5166.0,10426.0,202.2,63722.45884040816,100.0,False,14
9963,1319.65,-5124.234494862209,10456.039519632073,207.0,63728.01472222217,100.0,False,14
9964,1319.714,-5093.0,10478.0,208.60573439868458,63731.771616506696,100.0,False,14
9965,1319.894,-5009.0,10536.0,213.12186239498496,63742.50707133146,100.0,False,14
9966,1319.929,-5010.08744342498,10535.185524961715,214.0,63744.59972222218,100.0,False,14
9967,1320.074,-5049.0,10508.0,215.8124992,63753.29100497949,100.0,False,14
9968,1320.089,-5048.552492220343,10508.273851150578,216.0,63754.19972222217,100.0,False,14
9969,1320.329,-4922.879368060447,10593.330133328973,222.0,63768.99972222217,100.0,False,14
9970,1320.354,-4908.0,10603.0,222.24999936,63770.54981629437,100.0,False,14
9971,1320.513,-4824.0,10655.0,223.84,63780.43932787911,100.0,False,14
9972,1320.529,-4815.646195042143,10660.03735693246,224.0,63781.444166666624,100.0,False,14
9973,1320.689,-4729.432489988529,10711.263799590632,228.0,63791.577499999956,100.0,False,14
9974,1320.793,-4672.0,10744.0,228.0,63798.15216755081,100.0,False,14
9975,1320.849,-4640.864716284798,10761.163715036026,228.0,63801.71083333327,100.0,False,14
9976,1320.993,-4560.0,10804.0,229.96363636363637,63810.98380024567,100.0,False,14
9977,1321.213,-4433.0,10867.0,232.96363636363637,63825.36772003927,100.0,False,14
9978,1321.289,-4387.408945874939,10888.372540465436,234.0,63830.31083333328,100.0,False,14
9979,1321.373,-4338.0,10911.0,234.0,63835.75176309541,100.0,False,14
9980,1321.569,-4229.788308064638,10959.072605386495,234.0,63848.510833333276,100.0,False,14
9981,1321.633,-4182.0,10980.0,236.05714285714285,63852.77307227279,100.0,False,14
9982,1321.849,-3976.1969976033743,11069.925882788397,243.0,63867.41083333327,100.0,False,14
9983,1321.873,-3960.0,11077.0,243.15,63869.04045073649,100.0,False,14
9984,1322.169,-3866.667227640415,11117.854683634865,245.0,63889.188611111065,100.0,False,14
9985,1322.213,-3823.0,11137.0,245.62857142857143,63892.21206279959,100.0,False,14
9986,1322.433,-3479.0,11288.0,248.77142857142857,63907.44334228092,100.0,False,14
9987,1322.449,-3460.6812756746635,11296.092173729809,249.0,63908.555277777734,100.0,False,14
9988,1322.649,-3340.325267741547,11350.691216276653,251.0,63922.49972222217,100.0,False,14
9989,1322.673,-3327.0,11357.0,250.8,63924.181268378015,93.9,False,14
9990,1322.773,-3264.0,11387.0,249.96666666666667,63931.20875270368,68.48333333333333,False,14
9991,1322.889,-3193.4695212720235,11419.890260615632,249.0,63939.09972222218,39.0,True,14
9992,1322.973,-3139.0,11446.0,243.91153846153847,63944.48718540532,35.85,True,14
9993,1323.313,-2884.0,11579.0,223.31538461538463,63963.49029705886,23.1,True,14
9994,1323.713,-2752.0,11658.0,199.08461538461538,63982.26640356194,8.100000000000001,True,14
9995,1323.929,-2656.813588748982,11717.859123361908,186.0,63992.833055555515,0.0,True,14
9996,1323.933,-2655.0,11719.0,185.9375,63993.03233682137,0.0,True,14
9997,1324.093,-2584.0,11763.0,183.4375,64001.11084097315,0.0,True,14
9998,1324.249,-2515.7281953758397,11800.308908252193,181.0,64008.9219444444,0.0,False,14
9999,1324.313,-2488.0,11813.0,178.86666666666667,64012.03697371528,0.0,False,14
10000,1324.489,-2411.7876877538806,11838.573913147737,173.0,64020.45527777774,0.0,False,14
10001,1324.493,-2410.0,11839.0,173.0,64020.647455744926,0.0,False,14
10002,1324.649,-2337.732241574438,11850.29113661703,173.0,64028.14416666662,0.0,False,14
10003,1324.733,-2299.0,11852.0,170.9,64032.09229004459,10.079999999999998,False,14
10004,1324.833,-2254.0,11850.0,168.4,64036.73389865161,22.08,False,14
10005,1324.849,-2246.6950093988908,11849.272100763666,168.0,64037.47749999995,24.0,False,14
10006,1325.013,-2171.0,11836.0,168.0,64045.118466778586,44.5,False,14
10007,1325.169,-2104.879947645335,11815.907831760695,168.0,64052.410833333284,64.0,False,14
10008,1325.273,-2056.0,11793.0,168.65,64057.2826656471,70.5,False,14
10009,1325.329,-2025.9857522693744,11776.130224637878,169.0,64059.92194444439,74.0,False,14
10010,1325.529,-1905.1864451551337,11696.896688310266,172.0,64069.47749999995,79.0,False,14
10011,1325.553,-1891.0,11687.0,172.6,64070.6351622434,79.6,False,14
10012,1325.689,-1813.7741608352924,11631.110330862346,176.0,64077.299722222175,83.0,False,14
10013,1325.93,-1681.0320394579785,11538.958882304585,190.0,64090.01916666662,100.0,False,14
10014,1325.954,-1667.0,11531.0,190.9,64091.32312838292,100.0,False,14
10015,1326.17,-1533.0987785061466,11469.958129552711,199.0,64103.285833333284,100.0,False,14
10016,1326.329,-1444.3145331286773,11438.821085494534,205.0,64112.33999999994,100.0,False,14
10017,1326.414,-1412.0,11428.0,205.0,64117.15013470985,100.0,False,14
10018,1326.529,-1385.182170347775,11419.827810253148,205.0,64123.72888888883,100.0,False,14
10019,1326.654,-1354.0,11412.0,211.77082986666667,64131.195499104855,100.0,False,14
10020,1326.769,-1299.4829847148399,11398.423722260306,218.0,64138.26222222217,100.0,False,14
10021,1326.954,-1174.0,11369.0,222.6249984,64149.84875080112,100.0,False,14
10022,1327.169,-1006.2998995993552,11335.405872019363,228.0,64163.59555555551,100.0,False,14
10023,1327.233,-962.0,11327.0,229.37142857142857,64167.732545235005,100.0,False,14
10024,1327.449,-847.3329226455676,11306.01781418812,234.0,64181.79555555551,100.0,False,14
10025,1327.573,-781.0,11293.0,234.0,64189.873224713156,100.0,False,14
10026,1327.729,-680.0389855921983,11271.332684144612,234.0,64199.995555555506,100.0,False,14
10027,1327.813,-624.0,11258.0,234.0,64205.407717278606,100.0,False,14
10028,1327.913,-559.0,11241.0,234.0,64211.87481542022,100.0,False,14
10029,1327.969,-521.9443731984334,11230.76616993662,234.0,64215.59555555551,100.0,False,14
10030,1328.093,-440.0,11207.0,241.3625,64224.114523874305,100.0,False,14
10031,1328.289,-312.1530415277819,11164.245304550559,253.0,64238.084444444394,100.0,False,14
10032,1328.293,-309.0,11163.0,253.1,64238.37103966024,100.0,False,14
10033,1328.529,-78.19907306631075,11059.474111227368,259.0,64255.35111111106,100.0,False,14
10034,1328.633,1.0,11021.0,259.65,64262.858014123325,100.0,False,14
10035,1328.849,69.48349969192165,10981.401620711178,261.0,64278.55111111105,100.0,False,14
10036,1328.933,99.0,10960.0,262.225,64284.72888916706,100.0,False,14
10037,1329.133,216.0,10872.0,265.14166666666665,64299.60853579547,100.0,False,14
10038,1329.329,339.94309363923225,10756.713189341603,268.0,64314.28444444439,100.0,False,14
10039,1329.493,429.0,10662.0,269.3666666666667,64326.58496918299,100.0,False,14
10040,1329.569,461.99204424774575,10624.165422349255,270.0,64332.28444444439,100.0,False,14
10041,1329.713,516.0,10558.0,270.0,64343.07547140229,100.0,False,14
10042,1329.809,552.3605922988548,10512.34068561636,270.0,64350.28444444439,100.0,False,14
10043,1329.969,616.3888220031515,10427.308895106553,272.0,64362.37333333329,100.0,False,14
10044,1330.093,681.0,10322.0,274.325,64371.88368359496,100.0,False,14
10045,1330.289,802.9267531639491,10095.081605180309,278.0,64387.084444444394,100.0,False,14
10046,1330.293,805.0,10091.0,278.04,64387.39486390175,100.0,False,14
10047,1330.489,872.2956826057856,9945.527205138027,280.0,64402.639999999956,100.0,False,14
10048,1330.713,911.0,9830.0,283.73333333333335,64420.30517579547,100.0,False,14
10049,1330.729,914.2311705616567,9820.137086473796,284.0,64421.57333333329,100.0,False,14
10050,1330.889,950.0671036031875,9709.507608514747,286.0,64434.28444444439,100.0,False,14
10051,1331.049,989.0728488447934,9579.847252177318,287.0,64447.03999999995,100.0,False,14
10052,1331.113,1004.0,9524.0,287.4,64452.15361737914,100.0,False,14
10053,1331.209,1025.6241406753238,9435.99871336348,288.0,64459.83999999995,100.0,False,14
10054,1331.409,1066.5770832381588,9246.166422520937,290.0,64475.95111111106,100.0,False,14
10055,1331.533,1085.0,9160.0,292.48,64486.04904635786,100.0,False,14
10056,1331.609,1093.1842286416859,9123.159845026381,294.0,64492.284444444376,100.0,False,14
10057,1331.853,1116.0,8999.0,297.8125,64512.52688561969,100.0,False,14
10058,1331.929,1128.9381162048364,8909.899832367448,299.0,64518.862222222175,100.0,False,14
10059,1332.093,1159.0,8687.0,300.1714285714286,64532.54750294477,100.0,False,14
10060,1332.209,1169.971320395915,8588.448558163293,301.0,64542.27333333329,100.0,False,14
10061,1332.41,1170.7584459650031,8510.676636836664,304.0,64559.24666666663,100.0,False,14
10062,1332.514,1169.0,8451.0,304.37142857142857,64568.04506807,97.4,False,14
10063,1332.69,1164.6983104662127,8303.120282271508,305.0,64582.96888888885,93.0,False,14
10064,1332.734,1163.0,8264.0,305.3682007382224,64586.713790403635,92.6317992617776,False,14
10065,1332.929,1152.2978442953336,8097.186209826817,307.0,64603.35027777775,91.0,False,14
10066,1332.934,1152.0,8093.0,307.0,64603.77657358495,91.156248,False,14
10067,1333.089,1142.350482381172,7961.54147762853,307.0,64616.99472222218,96.0,False,14
10068,1333.094,1142.0,7957.0,307.0312496,64617.4222999794,95.88541813333333,False,14
10069,1333.374,1119.0,7684.0,308.7812496,64641.52741016717,89.46875146666666,False,14
10070,1333.569,1104.3090815035764,7540.095439909318,310.0,64658.32805555551,85.0,False,14
10071,1333.773,1070.0,7382.0,309.07272727272726,64675.80276766438,77.11818181818182,False,14
10072,1334.009,986.4444855917333,7125.1917492885705,308.0,64695.97249999996,68.0,False,14
10073,1334.013,985.0,7121.0,308.0,64696.314806913215,67.86,False,14
10074,1334.209,919.4226440448247,6936.405565862951,308.0,64713.08361111107,61.0,False,14
10075,1334.369,874.6674487303561,6813.156943003408,306.0,64726.68361111106,61.0,False,14
10076,1334.413,864.0,6783.0,305.5111111111111,64730.403901480444,60.51111111111111,False,14
10077,1334.729,803.2015250821752,6600.7431266327885,302.0,64756.88361111107,57.0,False,14
10078,1334.793,790.0,6560.0,301.04,64762.20476602402,54.76,False,14
10079,1334.929,758.1413613161283,6461.775488674951,299.0,64773.49472222218,50.0,False,14
10080,1335.013,732.0,6383.0,299.0,64780.48473918732,44.225,False,14
10081,1335.089,702.2865652061054,6295.058461474793,299.0,64786.78361111105,39.0,False,14
10082,1335.213,652.0,6149.0,296.675,64796.93850268093,25.825,False,14
10083,1335.409,606.4604488374747,6026.270063157822,293.0,64812.82805555551,5.0,False,14
10084,1335.593,568.0,5940.0,291.16,64827.72149318305,5.0,False,14
10085,1335.609,563.3598979351219,5929.73781389877,291.0,64828.99472222217,5.0,False,14
10086,1335.753,515.0,5824.0,285.4,64840.23061759189,9.0,False,14
10087,1335.969,442.4939394289502,5669.802478742233,277.0,64856.69472222218,15.0,False,14
10088,1335.993,435.0,5653.0,276.88,64858.53127312496,17.76,False,14
10089,1336.153,389.0,5541.0,276.08,64870.80227567097,36.16,False,14
10090,1336.169,384.8339126164815,5529.655970852023,276.0,64872.02805555552,38.0,False,14
10091,1336.369,339.6258042287521,5384.8986169135715,275.0,64887.30583333329,38.0,False,14
10092,1336.453,324.0,5323.0,274.58,64893.69523363437,59.0,False,14
10093,1336.569,305.4571574900454,5236.713770694652,274.0,64902.52805555551,88.0,False,14
10094,1336.653,294.0,5173.0,274.9,64908.965383815565,91.6,False,14
10095,1336.849,273.0448736917331,5022.813172677256,277.0,64924.07249999995,100.0,False,14
10096,1336.873,271.0,5006.0,277.0857142857143,64925.92301919345,100.0,False,14
10097,1337.073,260.0,4852.0,277.8,64941.35471525937,100.0,False,14
10098,1337.129,260.32137099157353,4775.850877677457,278.0,64945.694722222164,100.0,False,14
10099,1337.313,269.0,4478.0,280.0444444444444,64960.035627067075,100.0,False,14
10100,1337.489,276.45835162297004,4350.071944463651,282.0,64973.894722222176,100.0,False,14
10101,1337.693,288.0,4271.0,286.25,64990.1486701127,100.0,False,14
10102,1337.729,291.042981104849,4245.632837986626,287.0,64993.02805555551,100.0,False,14
10103,1337.833,301.0,4160.0,287.4727272727273,65001.35671807204,100.0,False,14
10104,1338.153,340.0,3892.0,288.92727272727274,65027.06308873241,100.0,False,14
10105,1338.169,343.1075502989927,3876.7982547093557,289.0,65028.35027777773,100.0,False,14
10106,1338.369,393.71495386463585,3667.225905568634,290.0,65044.46138888883,100.0,False,14
10107,1338.533,434.0,3520.0,291.025,65057.733877493665,100.0,False,14
10108,1338.689,460.6192894578979,3432.13824528498,292.0,65070.4169444444,100.0,False,14
10109,1338.893,496.0,3336.0,293.7,65087.07708412969,100.0,False,14
10110,1338.929,504.90523170282756,3312.778538759379,294.0,65090.0169444444,100.0,False,14
10111,1339.054,544.0,3215.0,294.0,65100.21436146957,100.0,False,14
10112,1339.21,617.5851827749132,3048.1609344828894,294.0,65112.96527777774,100.0,False,14
10113,1339.314,665.0,2945.0,294.8690806250107,65121.51621022681,100.0,False,14
10114,1339.569,735.8998244915266,2801.747507438931,297.0,65142.58277777773,100.0,False,14
10115,1339.694,769.0,2739.0,297.0,65152.89950212186,100.0,False,14
10116,1339.769,792.7658793186149,2693.705568106056,297.0,65159.08277777773,100.0,False,14
10117,1339.914,857.0,2580.0,297.0,65171.022624232515,100.0,False,14
10118,1340.009,923.1655988019744,2475.9267735402436,297.0,65178.88277777773,100.0,False,14
10119,1340.169,1035.7574144258635,2307.304210649006,300.0,65192.216111111076,100.0,False,14
10120,1340.174,1038.0,2304.0,299.97500032,65192.63203357495,100.0,False,14
10121,1340.369,1076.702091985555,2252.12260737295,299.0,65208.82722222217,100.0,False,14
10122,1340.413,1089.0,2238.0,299.825,65212.50906034454,100.0,False,14
10123,1340.529,1144.2241325541654,2173.6067238289097,302.0,65222.2494444444,100.0,False,14
10124,1340.689,1264.3732433016746,2033.8401740743807,301.0,65235.62722222219,100.0,False,14
10125,1340.793,1343.0,1947.0,301.2888888888889,65244.33143369676,100.0,False,14
10126,1341.049,1520.7029625834093,1769.0400243202243,302.0,65265.827222222186,100.0,False,14
10127,1341.193,1600.0,1694.0,303.2,65277.96760971894,100.0,False,14
10128,1341.289,1641.6779227908858,1654.728072919558,304.0,65286.09388888885,100.0,False,14
10129,1341.493,1723.0,1580.0,302.54285714285714,65303.38934065052,87.61428571428571,False,14
10130,1341.569,1763.1321956197805,1544.284719781895,302.0,65309.58277777773,83.0,True,14
10131,1341.729,1863.8937465268393,1456.1391688404137,280.0,65322.02722222218,0.0,True,14
10132,1341.833,1928.0,1401.0,276.1,65330.01359989836,0.0,True,14
10133,1341.889,1960.7293479498383,1373.1829937933426,274.0,65334.20499999994,0.0,True,14
10134,1342.013,2030.0,1315.0,263.37142857142857,65343.05286620527,0.0,True,14
10135,1342.169,2115.0515192434964,1244.5198443615036,250.0,65353.649444444396,0.0,True,14
10136,1342.193,2128.0,1234.0,248.97142857142856,65355.264210270645,0.0,True,14
10137,1342.373,2224.0,1158.0,241.25714285714287,65367.23172247647,0.0,True,14
10138,1342.449,2263.7270855181564,1127.2202732735257,238.0,65372.1605555555,0.0,True,14
10139,1342.573,2327.0,1079.0,232.83333333333334,65380.014031767845,0.0,True,14
10140,1342.793,2437.0,999.0,223.66666666666666,65393.493088471965,0.0,True,14
10141,1342.809,2445.7158530426573,993.010162097028,223.0,65394.46055555549,0.0,True,14
10142,1342.969,2539.0866670602136,931.5585249419829,215.0,65404.01611111105,0.0,True,14
10143,1343.053,2584.0,904.0,212.1125,65408.88555498823,0.0,True,14
10144,1343.289,2682.419122254907,853.2141687424644,204.0,65422.14944444438,0.0,False,14
10145,1343.353,2710.0,842.0,203.2,65425.72108295157,0.0,False,14
10146,1343.533,2798.0,813.0,200.95,65435.72880476901,0.0,False,14
10147,1343.689,2880.09139954379,799.4165482805225,199.0,65444.26055555549,0.0,False,14
10148,1343.833,2959.0,796.0,196.05454545454546,65451.98176196423,1.309090909090909,False,14
10149,1343.993,3049.0,800.0,192.78181818181818,65460.40100536909,2.7636363636363637,False,14
10150,1344.129,3124.6395284742794,806.9544845812808,190.0,65467.48277777771,4.0,False,14
10151,1344.213,3169.0,812.0,188.95,65471.826984602565,11.98,False,14
10152,1344.493,3316.0,832.0,185.45,65486.192168073234,38.58,False,14
10153,1344.529,3341.2093477796966,835.4404710057562,185.0,65488.03833333327,42.0,False,14
10154,1344.693,3470.0,852.0,185.0,65496.45579753799,44.92857142857143,False,14
10155,1344.809,3552.819071513383,860.301366451448,185.0,65502.42722222216,47.0,False,14
10156,1345.009,3668.453784295424,867.7247455404707,186.0,65512.76055555549,49.0,False,14
10157,1345.113,3706.0,870.0,185.35,65518.12397474596,48.35,False,14
10158,1345.169,3719.2693808923577,870.8892410229241,185.0,65520.982777777725,48.0,False,14
10159,1345.353,3757.0,871.0,182.24688235361714,65530.15408305646,36.06982353234091,False,14
10160,1345.57,3893.211802061319,861.4492476205154,179.0,65540.92138888883,22.0,False,14
10161,1345.714,3983.0,853.0,183.5,65548.28084823309,22.9,False,14
10162,1345.73,3990.747543574178,852.0977864797718,184.0,65549.09916666661,23.0,False,14
10163,1346.054,4095.0,824.0,182.19498639420854,65565.49957779232,23.902506802895722,False,14
10164,1346.089,4110.301567380692,817.1975985114193,182.0,65567.24861111105,24.0,False,14
10165,1346.354,4250.0,747.0,178.21428662857141,65580.35570029425,71.32141714285714,False,14
10166,1346.369,4256.553522926095,743.1991318194952,178.0,65581.0930555555,74.0,False,14
10167,1346.614,4342.0,684.0,178.87499977142858,65593.21204577829,85.37499702857143,False,14
10168,1346.649,4354.6728631964115,674.2397924218654,179.0,65595.01527777771,87.0,False,14
10169,1346.849,4435.069830818185,609.9023922535766,191.0,65605.62638888882,87.0,False,14
10170,1346.973,4486.0,568.0,187.0142857142857,65611.98248380599,92.75714285714285,False,14
10171,1347.033,4510.0,548.0,185.0857142857143,65614.9814639666,95.54285714285714,False,14
10172,1347.129,4545.99894064897,517.2064600445638,182.0,65619.78194444437,100.0,False,14
10173,1347.313,4623.0,450.0,184.76,65629.18189993703,100.0,False,14
10174,1347.329,4631.755110258339,442.4746615908468,185.0,65630.05972222215,100.0,False,14
10175,1347.489,4734.270503210879,355.1603855674885,207.0,65639.25972222217,100.0,False,14
10176,1347.553,4771.0,324.0,203.16,65642.74923628282,100.0,False,14
10177,1347.689,4829.330296463045,274.5928300604526,195.0,65650.09305555551,100.0,False,14
10178,1347.889,4885.232777892309,227.93570011485897,219.0,65662.25972222217,100.0,False,14
10179,1347.973,4917.0,202.0,212.4,65666.96955880638,100.0,False,14
10180,1348.153,5002.0,133.0,198.25714285714287,65676.64623882431,100.0,False,14
10181,1348.169,5009.506708318707,126.83685100584526,197.0,65677.5819444444,100.0,False,14
10182,1348.369,5101.34845826623,50.01652083229181,228.0,65690.24861111106,100.0,False,14
10183,1348.413,5125.0,30.0,229.65,65693.10389567856,100.0,False,14
10184,1348.529,5196.538021896446,-30.752744943342673,234.0,65700.64861111107,100.0,False,14
10185,1348.653,5272.0,-95.0,235.55,65708.76450686624,100.0,False,14
10186,1348.689,5290.469305503081,-110.73635815749009,236.0,65711.13749999997,100.0,False,14
10187,1348.993,5413.0,-215.0,241.06666666666666,65731.52476594868,100.0,False,14
10188,1349.049,5440.060356260965,-237.8541687066406,242.0,65735.33749999997,100.0,False,14
10189,1349.193,5516.0,-302.0,244.4,65745.21512423744,100.0,False,14
10190,1349.409,5625.959827258141,-396.22856996204047,248.0,65760.13749999997,100.0,False,14
10191,1349.413,5628.0,-398.0,248.02,65760.41364401778,100.0,False,14
10192,1349.609,5729.25136368759,-487.1764949016278,249.0,65773.97083333328,100.0,False,14
10193,1349.693,5773.0,-527.0,250.68,65779.84820037564,100.0,False,14
10194,1349.809,5833.344344396006,-583.5387315050158,253.0,65788.02638888884,100.0,False,14
10195,1349.873,5865.0,-614.0,253.68571428571428,65792.55689134097,100.0,False,14
10196,1350.073,5964.0,-716.0,255.82857142857142,65806.7938683572,100.0,False,14
10197,1350.089,5974.421057555458,-727.55563335567,256.0,65807.93749999996,100.0,False,14
10198,1350.249,6096.439137600916,-867.6804530196607,258.0,65819.40416666663,100.0,False,14
10199,1350.293,6123.0,-899.0,258.18333333333334,65822.56170035251,100.0,False,14
10200,1350.489,6177.70103129749,-968.7192968645128,259.0,65836.6708333333,100.0,False,14
10201,1350.593,6201.0,-1003.0,260.56,65844.22694701974,100.0,False,14
10202,1350.689,6233.986395826777,-1050.9032211974236,262.0,65851.22638888886,100.0,False,14
10203,1350.913,6331.0,-1196.0,262.93333333333334,65867.58670233155,100.0,False,14
10204,1350.929,6337.064378218162,-1205.821935542925,263.0,65868.7597222222,100.0,False,14
10205,1350.973,6354.0,-1234.0,263.3666666666667,65871.98949209298,100.0,False,14
10206,1351.233,6496.0,-1491.0,265.53333333333336,65891.19498905614,100.0,False,14
10207,1351.289,6521.523558590868,-1540.4799706691606,266.0,65895.35972222219,100.0,False,14
10208,1351.489,6583.331998169017,-1673.5560430261803,269.0,65910.30416666664,100.0,False,14
10209,1351.693,6630.0,-1789.0,269.425,65925.59109242598,100.0,False,14
10210,1351.969,6697.01817432096,-1961.9198276999257,270.0,65946.30416666664,100.0,False,14
10211,1352.033,6713.0,-2005.0,270.0,65951.10830613399,100.0,False,14
10212,1352.21,6757.806075461895,-2129.594230932606,270.0,65964.37916666664,100.0,False,14
10213,1352.254,6769.0,-2161.0,269.7548746955098,65967.66778924727,100.0,False,14
10214,1352.554,6844.0,-2373.0,268.0835658012585,65989.9911047653,100.0,False,14
10215,1352.569,6847.524417781613,-2383.258326384149,268.0,65991.10472222218,100.0,False,14
10216,1352.729,6885.653742592096,-2496.0160539901617,267.0,66002.97138888885,100.0,False,14
10217,1352.734,6887.0,-2500.0,266.9791669333333,66003.34180340408,100.0,False,14
10218,1352.969,6956.745688344939,-2706.2464676397426,266.0,66020.70472222219,100.0,False,14
10219,1352.974,6958.0,-2710.0,265.9375008,66021.0724455706,100.0,False,14
10220,1353.129,6988.339920762814,-2802.5008431838696,264.0,66032.43805555551,100.0,False,14
10221,1353.329,7023.782973402663,-2914.1949571677974,263.0,66047.04916666662,100.0,False,14
10222,1353.334,7025.0,-2918.0,262.96590952727274,66047.41303999763,100.0,False,14
10223,1353.613,7105.0,-3167.0,261.06363636363636,66067.59260206528,100.0,False,14
10224,1353.769,7130.5926769762555,-3246.9691939339045,260.0,66078.8269444444,100.0,False,14
10225,1353.893,7149.0,-3304.0,259.6125,66087.75175184464,100.0,False,14
10226,1354.089,7191.698062846323,-3434.4744686237436,259.0,66101.84916666662,100.0,False,14
10227,1354.193,7216.0,-3509.0,258.48,66109.32433668841,100.0,False,14
10228,1354.289,7237.379206779907,-3575.0923034868993,258.0,66116.18249999997,100.0,False,14
10229,1354.413,7264.0,-3658.0,254.38333333333333,66124.93003479808,94.31666666666666,False,14
10230,1354.529,7288.5241741353175,-3734.786833693003,251.0,66132.9158333333,89.0,True,14
10231,1354.633,7310.0,-3803.0,245.05714285714285,66139.84837167474,89.0,True,14
10232,1354.809,7344.283220043203,-3915.569458211482,235.0,66151.19361111108,89.0,True,14
10233,1354.813,7345.0,-3918.0,234.825,66151.44792026599,89.0,True,14
10234,1354.913,7362.0,-3977.0,230.45,66157.7638234728,89.0,True,14
10235,1354.969,7371.129269928044,-4009.85176039726,228.0,66161.32694444442,89.0,True,14
10236,1355.113,7393.0,-4094.0,228.0,66170.50946565006,8.900000000000004,True,14
10237,1355.129,7395.192403907313,-4103.197348752397,228.0,66171.46027777773,0.0,True,14
10238,1355.333,7419.0,-4216.0,190.6,66182.007437113,0.0,True,14
10239,1355.369,7422.508272757978,-4234.469289851218,184.0,66183.7269444444,0.0,True,14
10240,1355.529,7436.24903915745,-4311.488807095078,169.0,66191.23805555551,0.0,True,14
10241,1355.573,7440.0,-4332.0,169.0,66193.32410456493,0.0,True,14
10242,1355.753,7456.0,-4415.0,169.0,66201.79590869823,0.0,True,14
10243,1355.769,7457.465798938724,-4422.490473237571,169.0,66202.50472222218,0.0,True,14
10244,1355.933,7472.0,-4497.0,153.28333333333333,66209.27232100368,0.0,True,14
10245,1356.009,7477.280257064194,-4524.812198517884,146.0,66212.23805555551,0.0,True,14
10246,1356.209,7486.7062318598655,-4577.834566466567,135.0,66219.73805555551,0.0,True,14
10247,1356.293,7490.0,-4598.0,129.75,66222.67139254756,0.0,True,14
10248,1356.369,7492.832322176576,-4616.171162308981,125.0,66225.29361111106,0.0,True,14
10249,1356.569,7499.427724464243,-4664.095421890998,125.0,66232.23805555551,0.0,True,14
10250,1356.713,7502.0,-4702.0,116.25714285714285,66236.6561382402,0.0,True,14
10251,1356.849,7502.325213462704,-4741.381864887886,108.0,66240.63805555551,0.0,False,14
10252,1356.953,7501.0,-4772.0,108.0,66243.7748556492,0.0,False,14
10253,1357.009,7499.665578641907,-4788.137579403345,108.0,66245.43805555551,0.0,False,14
10254,1357.133,7495.0,-4823.0,104.38333333333334,66248.96147944045,0.0,False,14
10255,1357.249,7488.163912696178,-4854.522089330905,101.0,66252.17138888885,0.0,False,14
10256,1357.353,7480.0,-4881.0,100.56666666666666,66255.06527081857,0.0,False,14
10257,1357.489,7466.189652759273,-4912.190598119069,100.0,66258.83805555552,0.0,False,14
10258,1357.553,7457.0,-4927.0,99.52,66260.59216853956,4.8,False,14
10259,1357.773,7413.0,-4978.0,97.87,66266.5237862063,21.3,False,14
10260,1357.889,7392.716207656308,-4994.545744115248,97.0,66269.6158333333,30.0,False,14
10261,1358.013,7369.0,-5008.0,96.38,66272.90420499102,36.82,False,14
10262,1358.089,7349.979680424048,-5017.1802333445075,96.0,66274.94916666663,41.0,False,14
10263,1358.249,7299.853352735881,-5038.483682627535,100.0,66279.39361111108,53.0,False,14
10264,1358.393,7258.0,-5055.0,103.6,66283.54772505435,54.8,False,14
10265,1358.409,7253.885457117197,-5056.565534151683,104.0,66284.01583333331,55.0,False,14
10266,1358.609,7207.4919582671655,-5072.922855050473,108.0,66290.01583333331,55.0,False,14
10267,1358.634,7201.0,-5075.0,109.041664,66290.80258837926,55.9374976,False,14
10268,1358.849,7135.780767971782,-5094.639870261092,118.0,66297.88249999998,64.0,False,14
10269,1358.874,7128.0,-5097.0,118.6249984,66298.72213705032,64.6249984,False,14
10270,1359.049,7074.177570180028,-5113.738459630904,123.0,66304.7158333333,69.0,False,14
10271,1359.134,7043.0,-5123.0,127.2499968,66307.77632586473,71.1249984,False,14
10272,1359.249,6991.892672069579,-5137.381176452597,133.0,66312.1047222222,74.0,False,14
10273,1359.434,6905.0,-5161.0,141.58928274285714,66319.5508887392,79.28571245714286,False,14
10274,1359.529,6869.519457347508,-5170.672573710442,146.0,66323.46027777775,82.0,False,14
10275,1359.689,6823.152409237243,-5183.365646304095,149.0,66330.08249999997,90.0,False,14
10276,1359.854,6768.0,-5198.0,154.89285485714285,66337.26980955902,95.89285485714285,False,14
10277,1359.969,6719.855072636456,-5210.472071033554,159.0,66342.44916666664,100.0,False,14
10278,1360.034,6691.0,-5218.0,160.6249984,66345.4173743383,100.0,False,14
10279,1360.233,6603.0,-5241.0,165.6,66354.6654684538,100.0,False,14
10280,1360.289,6580.196902491197,-5246.42761974317,167.0,66357.29361111109,100.0,False,14
10281,1360.413,6520.0,-5260.0,170.1,66363.15760251574,100.0,False,14
10282,1360.449,6494.382931010573,-5265.863357404434,171.0,66364.8936111111,100.0,False,14
10283,1360.593,6377.0,-5293.0,175.95,66372.04289376776,100.0,False,14
10284,1360.769,6306.398891437168,-5309.6216494211,182.0,66381.07138888887,100.0,False,14
10285,1360.933,6269.0,-5319.0,184.6090909090909,66389.58861729856,100.0,False,14
10286,1361.209,6147.681943456633,-5350.033765569799,189.0,66404.17138888888,100.0,False,14
10287,1361.273,6098.0,-5363.0,190.37142857142857,66407.60385153945,100.0,False,14
10288,1361.453,5931.0,-5407.0,194.22857142857143,66417.36510270902,100.0,False,14
10289,1361.489,5908.934578915661,-5412.899720164353,195.0,66419.33805555555,100.0,False,14
10290,1361.753,5846.0,-5429.0,199.71428571428572,66433.99798594933,100.0,False,14
10291,1361.769,5839.923811048073,-5430.285680536153,200.0,66434.8936111111,100.0,False,14
10292,1361.929,5750.798507172428,-5450.268756758955,201.0,66443.82694444443,100.0,False,14
10293,1361.933,5748.0,-5451.0,200.8875,66444.04668455503,98.75,False,14
10294,1362.233,5497.0,-5525.0,192.45,66460.04114442332,4.999999999999992,False,14
10295,1362.249,5485.186209036915,-5528.07788009157,192.0,66460.8936111111,0.0,True,14
10296,1362.449,5365.976438252112,-5551.612362859537,192.0,66471.56027777777,0.0,True,14
10297,1362.633,5285.0,-5560.0,188.136,66480.9564879533,0.0,True,14
10298,1363.073,5129.0,-5559.0,178.896,66501.60005723382,0.0,True,14
10299,1363.449,4960.055138457565,-5516.357464386233,171.0,66519.06027777777,0.0,False,14
10300,1363.613,4888.0,-5483.0,171.0,66526.84619956547,26.357142857142858,False,14
10301,1363.729,4841.14873748693,-5453.781570777615,171.0,66532.36027777777,45.0,False,14
10302,1363.773,4824.0,-5442.0,170.87777777777777,66534.44427390952,47.93333333333333,False,14
10303,1363.993,4742.0,-5379.0,170.26666666666668,66544.81745255562,62.6,False,14
10304,1364.089,4707.955508753072,-5348.255461850093,170.0,66549.36027777777,69.0,False,14
10305,1364.153,4686.0,-5327.0,170.53333333333333,66552.40032754312,70.33333333333333,False,14
10306,1364.329,4629.085187055925,-5266.619039317513,172.0,66560.82694444443,74.0,False,14
10307,1364.413,4603.0,-5236.0,173.16666666666666,66564.90016955722,74.0,False,14
10308,1364.673,4525.0,-5133.0,176.77777777777777,66577.72677571907,74.0,False,14
10309,1364.689,4520.361811374759,-5126.4421279735825,177.0,66578.52694444444,74.0,False,14
10310,1364.853,4474.0,-5058.0,181.1,66586.80236205047,95.32,False,14
10311,1364.889,4464.12332737299,-5042.544444291262,182.0,66588.63805555554,100.0,False,14
10312,1365.033,4426.0,-4980.0,184.88,66596.05307013197,100.0,False,14
10313,1365.089,4412.00603134646,-4956.155487990039,186.0,66598.97138888887,100.0,False,14
10314,1365.193,4385.0,-4908.0,187.73333333333332,66604.44579260735,100.0,False,14
10315,1365.329,4340.701880033273,-4822.972459691013,190.0,66611.63805555554,100.0,False,14
10316,1365.534,4275.0,-4692.0,190.0,66622.42200161287,100.0,False,14
10317,1365.569,4267.291637654018,-4676.685561034882,190.0,66624.30472222221,100.0,False,14
10318,1365.889,4220.759415177016,-4582.8243407144855,201.0,66642.17138888888,100.0,False,14
10319,1365.934,4208.0,-4556.0,201.0,66644.6971598113,88.87501582222222,False,14
10320,1366.154,4124.0,-4378.0,201.0,66656.98401143242,34.48612693333333,False,14
10321,1366.249,4099.333448352018,-4325.583715827411,201.0,66662.27138888888,11.0,False,14
10322,1366.409,4075.213936141881,-4273.726807220347,197.0,66671.02694444444,0.0,True,14
10323,1366.474,4064.0,-4249.0,190.77083946666667,66674.32922690784,0.0,True,14
10324,1366.649,4027.164015268268,-4167.144137899428,174.0,66682.62694444443,0.0,True,14
10325,1366.673,4022.0,-4156.0,173.16,66683.7528132976,0.0,True,14
10326,1366.849,3985.3979342160924,-4081.1315294428173,167.0,66691.90472222221,0.0,True,14
10327,1366.913,3972.0,-4056.0,163.48,66694.75463377031,0.0,True,14
10328,1367.049,3942.858610288586,-4005.4238766944372,156.0,66700.57138888889,0.0,True,14
10329,1367.053,3942.0,-4004.0,155.7875,66700.7372930537,0.0,True,14
10330,1367.273,3893.0,-3927.0,144.1,66709.40755819713,0.0,True,14
10331,1367.369,3867.437232814851,-3887.6609791659744,139.0,66712.92694444444,0.0,True,14
10332,1367.613,3805.0,-3793.0,128.02,66721.19815272978,0.0,True,14
10333,1367.769,3787.279735676358,-3769.1085848378198,121.0,66726.37138888889,0.0,True,14
10334,1367.853,3777.0,-3757.0,121.0,66729.2114149271,0.0,True,14
10335,1368.009,3746.306909873473,-3722.55091739356,121.0,66734.43805555555,0.0,True,14
10336,1368.053,3735.0,-3712.0,119.11428571428571,66735.84884753676,0.0,True,14
10337,1368.289,3658.322516337989,-3658.6413364594623,109.0,66742.91583333333,0.0,True,14
10338,1368.373,3634.0,-3645.0,104.8,66745.23129511434,0.0,True,14
10339,1368.529,3600.7777498336377,-3630.440860789151,97.0,66749.38249999999,0.0,False,14
10340,1368.809,3557.825609895874,-3629.465111636374,97.0,66756.92694444444,0.0,False,14
10341,1368.853,3548.0,-3630.0,96.45,66758.09394778815,0.0,False,14
10342,1369.033,3501.0,-3634.0,94.2,66762.77835989863,0.0,False,14
10343,1369.129,3478.359617823824,-3639.0099781230924,93.0,66765.1936111111,0.0,False,14
10344,1369.153,3472.0,-3641.0,92.55,66765.78725762948,0.0,False,14
10345,1369.433,3376.0,-3684.0,87.3,66772.53611091078,0.0,False,14
10346,1369.449,3371.3519512694843,-3686.57991624944,87.0,66772.92694444444,0.0,False,14
10347,1369.609,3335.2600845806933,-3710.530340081778,89.0,66776.88249999999,29.0,False,14
10348,1369.889,3299.4792389528825,-3747.4797870129123,89.0,66783.80472222221,22.0,False,14
10349,1369.893,3299.0,-3748.0,89.05555555555556,66783.9056597954,22.233333333333334,False,14
10350,1370.249,3257.361092700641,-3795.3691372984736,94.0,66793.20472222222,43.0,False,14
10351,1370.293,3252.0,-3802.0,94.91666666666667,66794.38955876742,44.65,False,14
10352,1370.489,3227.0057568445404,-3834.563985449088,99.0,66799.80472222222,52.0,False,14
10353,1370.633,3206.0,-3864.0,105.3,66804.03201730592,59.2,False,14
10354,1370.649,3203.4668750299757,-3867.65586207486,106.0,66804.51583333332,60.0,False,14
10355,1370.813,3176.0,-3909.0,111.74,66809.6350428727,65.74,False,14
10356,1370.849,3169.9986112960173,-3918.736664220085,113.0,66810.7936111111,67.0,False,14
10357,1371.013,3143.0,-3965.0,118.46666666666667,66816.22559820254,71.78333333333333,False,14
10358,1371.089,3130.3257895248453,-3986.7314850384173,121.0,66818.86027777777,74.0,False,14
10359,1371.153,3119.0,-4006.0,123.51428571428572,66821.14655291238,74.91428571428571,False,14
10360,1371.369,3073.6187597177777,-4081.85162882529,132.0,66829.12694444443,78.0,False,14
10361,1371.493,3047.0,-4123.0,132.0,66833.64582647316,72.31666666666666,False,14
10362,1371.609,3023.735251220589,-4155.392246412888,132.0,66837.92694444444,67.0,False,14
10363,1371.848,2970.7062055216184,-4214.524710000284,139.0,66847.155,67.0,False,14
10364,1371.874,2963.0,-4222.0,139.1614899523935,66848.16581221453,60.701891856652665,False,14
10365,1372.009,2916.5260402569684,-4264.137110830762,140.0,66853.41611111112,28.0,False,14
10366,1372.034,2907.0,-4272.0,140.0892854857143,66854.3924345952,25.5000064,False,14
10367,1372.289,2799.0195022560465,-4346.750152731054,141.0,66864.38277777778,0.0,False,14
10368,1372.334,2780.0,-4358.0,140.4375008,66866.13024546899,0.0,False,14
10369,1372.449,2732.8967101824087,-4383.459995253921,139.0,66870.56055555555,0.0,False,14
10370,1372.534,2697.0,-4400.0,137.9375008,66873.79427206655,10.270825599999998,False,14
10371,1372.689,2624.926938258368,-4426.48543915261,136.0,66879.62722222222,29.0,False,14
10372,1372.889,2541.5343950412444,-4450.598836930727,135.0,66887.12722222222,37.0,False,14
10373,1372.894,2540.0,-4451.0,135.02499968,66887.31541580884,37.1249984,False,14
10374,1373.089,2499.274069316304,-4459.189659440331,136.0,66894.68277777778,42.0,False,14
10375,1373.194,2473.0,-4460.0,136.0,66898.64557819233,47.2499968,False,14
10376,1373.289,2438.4617052661674,-4459.55949283628,136.0,66902.23833333334,52.0,False,14
10377,1373.529,2323.795034773855,-4453.130144037236,138.0,66911.43833333334,54.0,False,14
10378,1373.573,2305.0,-4451.0,139.1,66913.16431425254,55.65,False,14
10379,1373.769,2234.9437036089284,-4437.827716472281,144.0,66921.03833333334,63.0,False,14
10380,1373.973,2172.0,-4420.0,149.1,66929.5895144644,71.2875,False,14
10381,1374.089,2133.1801013438494,-4408.497768562686,152.0,66934.54944444445,76.0,False,14
10382,1374.153,2100.0,-4396.0,153.0,66937.3023584945,77.2,False,14
10383,1374.313,1975.0,-4341.0,155.5,66944.24756582493,80.2,False,14
10384,1374.409,1913.4043040567467,-4309.653558840693,157.0,66948.505,82.0,False,14
10385,1374.689,1818.9642391877805,-4240.07066241099,166.0,66961.41611111112,82.0,False,14
10386,1374.813,1788.0,-4213.0,171.75714285714287,66967.43083939933,89.97142857142858,False,14
10387,1374.969,1750.0196005474454,-4180.298958231724,179.0,66975.33833333333,100.0,False,14
10388,1375.113,1711.0,-4146.0,185.0,66983.05501626586,100.0,False,14
10389,1375.353,1621.0,-4063.0,195.0,66996.53828607181,100.0,False,14
10390,1375.449,1566.1674150507415,-4011.4165182459556,199.0,67001.87166666667,100.0,False,14
10391,1375.573,1496.0,-3945.0,199.0,67008.677520373,100.0,False,14
10392,1375.649,1466.368813039855,-3916.732574628494,199.0,67012.92722222222,100.0,False,14
10393,1375.849,1419.1657638958377,-3870.650412608876,210.0,67024.59388888889,100.0,False,14
10394,1375.913,1396.0,-3848.0,210.8,67028.34909776952,100.0,False,14
10395,1376.009,1349.6961213043946,-3802.8321407802528,212.0,67034.01611111112,100.0,False,14
10396,1376.273,1197.0,-3654.0,220.4857142857143,67050.20041575756,100.0,False,14
10397,1376.289,1190.1459727312929,-3647.2976551468696,221.0,67051.20500000002,100.0,False,14
10398,1376.689,1054.4933120478615,-3513.4588107693303,231.0,67076.87166666669,100.0,False,14
10399,1376.693,1052.0,-3511.0,231.01111111111112,67077.12860442874,100.0,False,14
10400,1376.873,922.0,-3383.0,231.51111111111112,67088.64605616577,100.0,False,14
10401,1377.049,854.8261475268708,-3317.561711809174,232.0,67100.07166666668,100.0,False,14
10402,1377.193,817.0,-3281.0,236.5818181818182,67109.71192696238,100.0,False,14
10403,1377.489,675.0262762796763,-3141.9703412328686,246.0,67130.13833333335,100.0,False,14
10404,1377.493,672.0,-3139.0,246.1,67130.41698508104,100.0,False,14
10405,1377.693,504.0,-2974.0,251.1,67144.41391623707,100.0,False,14
10406,1377.729,483.4810889595221,-2953.8153978279092,252.0,67146.93833333335,100.0,False,14
10407,1377.889,442.69238832073773,-2913.4933166727815,253.0,67158.1827777778,100.0,False,14
10408,1377.993,424.0,-2895.0,254.73333333333332,67165.5765197634,100.0,False,14
10409,1378.129,387.59809883342865,-2859.195821741987,257.0,67175.31611111113,100.0,False,14
10410,1378.569,176.97682125786608,-2653.1281532736307,260.0,67207.0938888889,100.0,False,14
10411,1378.969,-72.70604318169437,-2408.949408888852,269.0,67236.9827777778,100.0,False,14
10412,1379.169,-189.16069903545778,-2294.7859703202125,269.0,67251.92722222225,100.0,False,14
10413,1379.174,-192.0,-2292.0,269.0624992,67252.30274044721,100.0,False,14
10414,1379.374,-299.0,-2187.0,271.5624992,67267.43669916167,100.0,False,14
10415,1379.489,-346.80730907491574,-2140.282470725994,273.0,67276.19388888891,100.0,False,14
10416,1379.594,-419.0,-2071.0,273.74999954285715,67284.2056469024,100.0,False,14
10417,1379.769,-638.6088451764447,-1862.1224704779218,275.0,67297.5827777778,100.0,False,14
10418,1379.774,-644.0,-1857.0,275.0138887111111,67297.96516554074,100.0,False,14
10419,1380.129,-792.1727923651584,-1716.340525779374,276.0,67325.1827777778,100.0,False,14
10420,1380.213,-822.0,-1688.0,277.05,67331.66965772962,100.0,False,14
10421,1380.289,-858.8977459781613,-1652.9187505482905,278.0,67337.53833333336,100.0,False,14
10422,1380.393,-923.0,-1592.0,277.35,67345.54290850251,100.0,False,14
10423,1380.449,-963.0186824414818,-1554.0123171786668,277.0,67349.84944444448,100.0,False,14
10424,1380.653,-1117.0,-1408.0,277.0,67365.55052974954,100.0,False,14
10425,1380.809,-1194.5438393994893,-1334.526837420919,277.0,67377.54944444448,100.0,False,14
10426,1380.969,-1255.0115905292816,-1277.0776706008483,277.0,67389.8605555556,100.0,False,15
10427,1381.013,-1275.0,-1258.0,277.73333333333335,67393.27272968274,100.0,False,15
10428,1381.209,-1385.2645330869675,-1152.6056678414307,281.0,67408.59388888894,100.0,False,15
10429,1381.213,-1388.0,-1150.0,281.02,67408.90689517745,100.0,False,15
10430,1381.409,-1543.9278883822378,-1001.9997996570818,282.0,67424.26055555561,100.0,False,15
10431,1381.493,-1604.0,-945.0,283.05,67430.88187050837,100.0,False,15
10432,1381.569,-1648.3347271551181,-902.8615755729197,284.0,67436.88277777782,100.0,False,15
10433,1381.729,-1712.0392868452043,-842.0553080547324,284.0,67449.50500000005,100.0,False,15
10434,1381.889,-1774.240572398804,-782.676735127188,284.0,67462.12722222226,100.0,False,15
10435,1381.893,-1776.0,-781.0,284.02,67462.44313375551,100.0,False,15
10436,1382.073,-1879.0,-683.0,284.92,67476.68982817855,100.0,False,15
10437,1382.089,-1893.161213345042,-669.5400483572705,285.0,67477.9605555556,100.0,False,15
10438,1382.233,-2040.0,-530.0,285.9,67489.43438777475,100.0,False,15
10439,1382.409,-2120.9009322868724,-452.9994836859188,287.0,67503.47166666672,100.0,False,15
10440,1382.569,-2164.3073184404357,-411.611115897951,286.0,67516.18277777782,100.0,False,15
10441,1382.573,-2166.0,-410.0,286.02222222222224,67516.50155963704,100.0,False,15
10442,1382.813,-2306.0,-277.0,287.35555555555555,67535.77358818584,100.0,False,15
10443,1383.033,-2434.0,-156.0,288.5777777777778,67553.63546254356,100.0,False,15
10444,1383.273,-2574.0,-23.0,289.9111111111111,67572.908558115,100.0,False,15
10445,1383.289,-2583.3455828151186,-14.125887383380656,290.0,67574.18277777782,100.0,False,15
10446,1383.513,-2713.0,109.0,283.6,67591.82804681158,100.0,False,15
10447,1383.569,-2744.546488548869,139.11505573260408,282.0,67596.11611111116,100.0,True,15
10448,1383.713,-2825.0,216.0,272.4,67606.85069279367,40.0,True,15
10449,1383.809,-2879.7829657343254,268.0014215486455,266.0,67613.8494444445,0.0,True,15
10450,1383.913,-2938.0,323.0,260.15,67621.33420054673,0.0,True,15
10451,1383.969,-2967.7879848551065,351.0594731320194,257.0,67625.27166666673,0.0,True,15
10452,1384.133,-3050.0,428.0,243.88,67636.31432021459,0.0,True,15
10453,1384.169,-3067.4770043279705,444.1998644485081,241.0,67638.66055555562,0.0,True,15
10454,1384.273,-3117.0,490.0,234.93333333333334,67645.30222278603,0.0,True,15
10455,1384.409,-3179.7746048602457,548.7866401587895,227.0,67653.79388888895,0.0,True,15
10456,1384.493,-3217.0,584.0,223.64,67659.00827151688,0.0,True,15
10457,1384.609,-3266.0823674055396,630.8182767335953,219.0,67665.9605555556,0.0,True,15
10458,1384.673,-3292.0,656.0,211.76987641308747,67669.53704354755,0.0,True,15
10459,1384.848,-3358.713161524066,723.1227987895918,192.0,67678.70722222228,0.0,True,15
10460,1384.893,-3375.0,740.0,191.01869278877365,67681.05855899843,0.0,True,15
10461,1385.134,-3456.0,828.0,185.76324142320078,67693.50024235928,0.0,True,15
10462,1385.169,-3466.6573716120047,840.5126386010538,185.0,67695.20305555561,0.0,True,15
10463,1385.314,-3508.0,892.0,172.3125056,67701.9049190208,0.0,True,15
10464,1385.409,-3533.3463585460336,925.9406212879442,164.0,67706.13638888895,0.0,True,15
10465,1385.554,-3569.0,978.0,161.2812512,67712.5185899707,0.0,True,15
10466,1385.734,-3607.0,1043.0,157.9062512,67720.29945106675,0.0,True,15
10467,1385.889,-3634.2517156014746,1100.6866482973176,155.0,67726.8030555556,0.0,False,15
10468,1385.914,-3638.0,1110.0,154.30555733333333,67727.83372339862,0.0,False,15
10469,1386.094,-3659.0,1177.0,149.30555733333333,67735.10737979545,0.0,False,15
10470,1386.249,-3668.7980273971634,1236.1150156182016,145.0,67741.3030555556,0.0,False,15
10471,1386.254,-3669.0,1238.0,144.97916693333335,67741.50333260716,0.0,False,15
10472,1386.473,-3670.0,1326.0,144.06666666666666,67750.26900847415,0.0,False,15
10473,1386.489,-3669.2766253161835,1334.1635501756452,144.0,67750.90305555561,0.0,False,15
10474,1386.733,-3648.0,1478.0,141.56,67760.42169620162,32.94,False,15
10475,1386.889,-3634.649915248678,1545.0204808226474,140.0,67766.45861111116,54.0,False,15
10476,1387.049,-3622.5523797499977,1590.7009908821244,140.0,67772.68083333338,54.0,False,15
10477,1387.193,-3611.0,1634.0,142.4,67778.36673736185,58.2,False,15
10478,1387.289,-3602.785091024723,1665.7877937664716,144.0,67782.28083333338,61.0,False,15
10479,1387.449,-3588.2756252204103,1723.6101071797254,153.0,67789.08083333338,62.0,False,15
10480,1387.613,-3574.0,1783.0,154.5375,67796.18278170704,61.4875,False,15
10481,1387.769,-3561.690891474841,1845.7307146042972,156.0,67802.94750000005,61.0,False,15
10482,1387.793,-3560.0,1861.0,156.0,67803.98256956109,61.12,False,15
10483,1387.953,-3551.0,1995.0,156.0,67810.90599756736,61.92,False,15
10484,1387.969,-3550.463476954317,2006.0862757417979,156.0,67811.61416666672,62.0,False,15
10485,1388.249,-3552.6853102864115,2088.3285689221743,166.0,67824.52527777784,64.0,False,15
10486,1388.353,-3557.0,2118.0,168.6,67829.45700399863,66.16666666666667,False,15
10487,1388.489,-3564.554022144784,2179.633331424131,172.0,67835.9919444445,69.0,False,15
10488,1388.593,-3572.0,2233.0,174.16666666666666,67841.05823438182,70.73333333333333,False,15
10489,1388.729,-3584.1644834128188,2299.3273797661045,177.0,67847.7919444445,73.0,False,15
10490,1388.793,-3591.0,2330.0,179.0,67851.01225481517,73.4,False,15
10491,1388.889,-3602.7049898196533,2375.9684449935908,182.0,67855.88083333339,74.0,False,15
10492,1388.993,-3618.0,2426.0,183.04,67861.16259999613,74.0,False,15
10493,1389.089,-3635.177738349693,2472.683424893109,184.0,67866.1030555556,74.0,False,15
10494,1389.233,-3664.0,2540.0,188.62857142857143,67873.72919373549,77.08571428571429,False,15
10495,1389.369,-3691.6060583127896,2596.1609926722376,193.0,67881.11416666671,80.0,False,15
10496,1389.453,-3720.0,2643.0,195.1,67885.73882333124,81.5,False,15
10497,1389.633,-3814.0,2781.0,199.6,67895.77397028646,84.71428571428571,False,15
10498,1389.649,-3820.7874576691247,2790.6213309733666,200.0,67896.66972222226,85.0,False,15
10499,1389.849,-3866.306894694385,2850.26986238448,203.0,67907.94750000004,85.0,False,15
10500,1389.993,-3900.0,2887.0,206.6,67916.27995981903,89.11428571428571,False,15
10501,1390.129,-3955.50480336185,2947.962683770743,210.0,67924.28083333337,93.0,False,15
10502,1390.153,-3967.0,2960.0,210.5,67925.70089163467,93.0,False,15
10503,1390.369,-4081.967887775047,3071.1324646035223,215.0,67938.6141666667,93.0,False,15
10504,1390.373,-4084.0,3073.0,215.1,67938.85629313014,93.14,False,15
10505,1390.569,-4174.461139461839,3152.493572138997,220.0,67950.83638888891,100.0,False,15
10506,1390.653,-4214.0,3186.0,220.84,67956.00030094406,100.0,False,15
10507,1390.769,-4273.264390341568,3235.876536562206,222.0,67963.16972222226,100.0,False,15
10508,1390.933,-4367.0,3316.0,224.34285714285716,67973.43351511899,100.0,False,15
10509,1391.049,-4441.004521515113,3381.764926269995,226.0,67980.74750000003,100.0,False,15
10510,1391.293,-4585.0,3513.0,228.77904287503702,67996.20695730513,100.0,False,15
10511,1391.488,-4638.591585726789,3561.926905720178,231.0,68008.9166666667,100.0,False,15
10512,1391.634,-4681.0,3602.0,238.87551385905763,68018.77041114125,94.54772117449856,False,15
10513,1391.729,-4724.097008345598,3643.3489496273933,244.0,68025.25111111114,91.0,False,15
10514,1391.854,-4789.0,3706.0,244.7812496,68033.78671623135,91.0,False,15
10515,1392.049,-4880.240466515119,3794.7852318707373,246.0,68047.1177777778,91.0,False,15
10516,1392.154,-4935.0,3849.0,246.0,68054.30140951186,83.34375466666667,False,15
10517,1392.394,-5080.0,3995.0,246.0,68070.72170298676,65.84375466666667,False,15
10518,1392.529,-5141.479588614138,4057.9190114927483,246.0,68079.91777777781,56.0,False,15
10519,1392.729,-5212.694440160082,4132.592319282728,244.0,68093.47333333337,56.0,False,15
10520,1392.774,-5231.0,4152.0,243.77500032,68096.5132056,54.65000192,False,15
10521,1392.929,-5301.433110642028,4227.143443722301,243.0,68106.97333333337,50.0,False,15
10522,1392.994,-5332.0,4260.0,243.0,68111.36920359942,47.93182021818182,False,15
10523,1393.213,-5433.0,4370.0,243.0,68126.21397376372,40.96363636363636,False,15
10524,1393.293,-5469.0,4410.0,243.0,68131.59666647555,38.41818181818182,False,15
10525,1393.369,-5503.06279784771,4448.038394097414,243.0,68136.67333333335,36.0,False,15
10526,1393.513,-5567.0,4520.0,238.5,68146.19853885921,3.6000000000000014,False,15
10527,1393.529,-5574.009982664115,4527.954980891083,238.0,68147.25111111114,0.0,False,15
10528,1393.733,-5662.0,4629.0,235.6818181818182,68160.58471941689,0.0,False,15
10529,1393.969,-5761.372108982767,4745.6335187778795,233.0,68175.72888888892,0.0,False,15
10530,1393.993,-5771.0,4757.0,232.4,68177.24659698576,0.0,False,15
10531,1394.233,-5876.0,4883.0,226.4,68192.2110502747,0.0,False,15
10532,1394.329,-5942.611990551784,4965.788864308903,224.0,68198.12888888891,0.0,True,15
10533,1394.433,-6009.0,5049.0,221.92,68204.50940167581,0.0,True,15
10534,1394.529,-6039.511594561384,5087.556790213994,220.0,68210.35111111113,0.0,True,15
10535,1394.713,-6061.0,5116.0,216.55,68221.36951799158,0.0,True,15
10536,1394.973,-6154.0,5237.0,211.675,68236.45380791325,0.0,True,15
10537,1395.009,-6167.341778804334,5254.557563465132,211.0,68238.48444444446,0.0,True,15
10538,1395.233,-6244.0,5357.0,205.86666666666667,68250.79785307885,0.0,True,15
10539,1395.433,-6310.0,5447.0,201.28333333333333,68261.323612296,0.0,True,15
10540,1395.593,-6361.0,5518.0,197.61666666666667,68269.49794557002,0.0,True,15
10541,1395.793,-6424.0,5606.0,193.03333333333333,68279.77047961709,0.0,True,15
10542,1395.969,-6478.778898338691,5683.267228280737,189.0,68288.88444444447,0.0,True,15
10543,1395.973,-6480.0,5685.0,188.95714285714286,68289.09238660181,0.0,True,15
10544,1396.249,-6560.821153751772,5801.099818708058,186.0,68303.35111111113,0.0,True,15
10545,1396.293,-6573.0,5819.0,184.2125,68305.54013965567,0.0,True,15
10546,1396.453,-6616.0,5883.0,177.7125,68313.25537506412,0.0,True,15
10547,1396.569,-6647.357924544832,5929.241682326091,173.0,68318.7288888889,0.0,True,15
10548,1396.653,-6669.0,5961.0,170.48,68322.65969126736,0.0,True,15
10549,1396.769,-6696.463515249304,6001.331321360547,167.0,68328.00666666668,0.0,True,15
10550,1396.833,-6715.0,6029.0,165.17142857142858,68330.89326882885,0.0,True,15
10551,1397.049,-6799.656099048233,6157.767120695623,159.0,68340.37333333335,0.0,True,15
10552,1397.073,-6807.0,6169.0,158.52,68341.41390765789,0.0,True,15
10553,1397.249,-6835.878347381727,6213.444996886467,155.0,68348.98444444446,0.0,False,15
10554,1397.413,-6854.0,6241.0,154.0888888888889,68355.95341042537,10.477777777777776,False,15
10555,1397.609,-6899.457402951078,6308.961896205626,153.0,68364.28444444446,23.0,False,15
10556,1397.693,-6920.0,6340.0,153.0,68367.89747167849,21.415094977571833,False,15
10557,1397.768,-6936.79992468287,6365.726910880102,153.0,68371.04194444447,20.0,False,15
10558,1397.873,-6961.0,6403.0,147.45833671111112,68375.16791071961,14.166670222222223,False,15
10559,1398.114,-7029.0,6507.0,134.73889564444445,68383.92573495582,0.7777848888888893,False,15
10560,1398.128,-7032.22763974476,6512.001287854095,134.0,68384.44194444446,0.0,True,15
10561,1398.289,-7059.643466377989,6555.479535868719,134.0,68390.43472222224,0.0,True,15
10562,1398.489,-7084.277295631055,6597.73317606145,130.0,68397.65694444446,0.0,True,15
10563,1398.494,-7085.0,6599.0,129.85000192,68397.83337499617,0.0,True,15
10564,1398.689,-7116.732840563029,6655.542480266694,124.0,68404.54583333335,0.0,True,15
10565,1398.774,-7130.0,6680.0,121.63889066666667,68407.35493648375,0.0,True,15
10566,1398.974,-7157.0,6735.0,116.08333511111111,68413.67696712994,0.0,True,15
10567,1399.049,-7167.324402867321,6761.117960329584,114.0,68415.94583333335,0.0,True,15
10568,1399.154,-7181.0,6801.0,110.65909294545455,68419.02937651642,0.0,True,15
10569,1399.489,-7205.360727470011,6912.233785028482,100.0,68428.16805555556,0.0,True,15
10570,1399.534,-7207.0,6922.0,98.12500266666666,68429.31951544559,0.0,True,15
10571,1399.729,-7210.488459581089,6946.80036147856,90.0,68434.16805555556,0.0,False,15
10572,1399.853,-7210.0,6967.0,89.38,68437.23833945478,0.0,False,15
10573,1399.929,-7208.757665041062,6986.441803405153,89.0,68439.11250000002,0.0,False,15
10574,1400.193,-7201.0,7069.0,87.53333333333333,68445.53376991881,0.0,False,15
10575,1400.289,-7198.341292141204,7086.142089990642,87.0,68447.81250000001,0.0,False,15
10576,1400.453,-7191.0,7109.0,84.95,68451.61997043234,0.0,False,15
10577,1400.609,-7175.085141476657,7145.764856674948,83.0,68455.19027777779,0.0,False,15
10578,1400.773,-7154.0,7187.0,82.41428571428571,68458.93768213112,10.542857142857144,False,15
10579,1400.889,-7139.807661123044,7208.606236223281,82.0,68461.56805555556,18.0,False,15
10580,1401.049,-7120.74034242335,7228.914778533066,81.0,68465.16805555556,18.0,False,15
10581,1401.213,-7096.0,7248.0,82.17142857142858,68468.9239533657,26.2,False,15
10582,1401.329,-7074.31136107394,7262.137905767645,83.0,68471.62361111112,32.0,False,15
10583,1401.413,-7057.0,7272.0,83.7875,68473.59783993235,34.1,False,15
10584,1401.593,-7018.0,7290.0,85.475,68477.8984798283,38.6,False,15
10585,1401.649,-7006.815781562894,7294.169691878149,86.0,68479.26805555557,40.0,False,15
10586,1401.793,-6971.0,7304.0,89.6,68482.86273588275,43.6,False,15
10587,1401.809,-6964.924655196739,7305.389902008715,90.0,68483.26805555557,44.0,False,15
10588,1401.953,-6900.0,7319.0,91.8,68486.96667023576,46.25,False,15
10589,1402.129,-6854.502282420162,7326.7388893967145,94.0,68491.62361111112,49.0,False,15
10590,1402.289,-6835.033076938318,7328.424431395739,99.0,68496.02361111113,55.0,False,15
10591,1402.353,-6824.0,7330.0,101.13333333333334,68497.86283778377,55.53333333333333,False,15
10592,1402.529,-6777.805345080025,7337.473509147168,107.0,68503.15694444446,57.0,False,15
10593,1402.553,-6767.0,7339.0,107.84,68503.90128866008,57.12,False,15
10594,1402.729,-6649.718626384888,7353.89568480325,114.0,68509.49027777779,58.0,False,15
10595,1402.813,-6598.0,7360.0,115.575,68512.20154088711,57.475,False,15
10596,1402.889,-6563.617393691161,7363.77355112388,117.0,68514.69027777779,57.0,False,15
10597,1403.089,-6523.305538391116,7366.644831790914,120.0,68521.35694444446,0.0,True,15
10598,1403.233,-6493.0,7369.0,114.6,68525.92220800856,0.0,True,15
10599,1403.249,-6488.620428142849,7369.4118815195025,114.0,68526.42361111112,0.0,True,15
10600,1403.413,-6437.0,7375.0,113.08888888888889,68531.54746460843,0.0,True,15
10601,1403.609,-6377.612972596955,7384.678511379961,112.0,68537.62361111112,0.0,False,15
10602,1403.613,-6376.0,7385.0,111.98181818181818,68537.74693897969,0.00909090909090909,False,15
10603,1403.813,-6280.0,7406.0,111.07272727272728,68543.87881596916,0.4636363636363636,False,15
10604,1404.049,-6226.717581473079,7421.17702788589,110.0,68551.06805555557,1.0,False,15
10605,1404.233,-6194.0,7435.0,110.0,68556.67536218464,14.189961132051925,False,15
10606,1404.328,-6167.06862618134,7445.999232090978,110.0,68559.59305555557,21.0,False,15
10607,1404.353,-6160.0,7449.0,110.17857097142857,68560.36499974827,20.642858057142856,False,15
10608,1404.608,-6093.422916299304,7484.330866605243,112.0,68568.30416666668,17.0,False,15
10609,1404.633,-6085.0,7490.0,112.0,68569.0825418185,17.233644308265532,False,15
10610,1404.854,-6001.0,7552.0,112.0,68575.95276190643,19.299064682679564,False,15
10611,1404.929,-5984.439805164951,7564.921618243177,112.0,68578.29083333335,20.0,False,15
10612,1405.154,-5961.0,7591.0,112.62499982222222,68585.3404691211,25.6249984,False,15
10613,1405.289,-5933.121333414864,7629.123860700264,113.0,68589.59083333335,29.0,False,15
10614,1405.494,-5886.0,7698.0,113.6406248,68596.07020036099,34.1249984,False,15
10615,1405.609,-5871.816858163938,7723.298857539246,114.0,68599.72416666668,37.0,False,15
10616,1405.769,-5859.4485508138805,7754.757218625048,115.0,68604.83527777779,37.0,False,15
10617,1405.774,-5859.0,7756.0,115.0312496,68604.99547994825,37.1249984,False,15
10618,1405.929,-5843.19343780377,7802.313196656843,116.0,68609.99083333334,41.0,False,15
10619,1406.014,-5835.0,7830.0,117.0624992,68612.78213495755,43.3906232,False,15
10620,1406.194,-5822.0,7888.0,119.3124992,68618.80563775678,48.4531232,False,15
10621,1406.249,-5819.172463880432,7906.190299044284,120.0,68620.65750000002,50.0,False,15
10622,1406.393,-5814.0,7955.0,121.2,68625.5222859942,54.4,False,15
10623,1406.609,-5810.932333795613,8030.239683380649,123.0,68632.95750000002,61.0,False,15
10624,1406.653,-5811.0,8046.0,124.65,68634.51095539385,61.0,False,15
10625,1406.769,-5812.31409965736,8088.373259101567,129.0,68638.69083333336,61.0,False,15
10626,1406.913,-5816.0,8142.0,133.2,68644.11638737771,65.8,False,15
10627,1407.009,-5819.546662297155,8177.9118797524025,136.0,68647.75750000002,69.0,False,15
10628,1407.169,-5826.858229071583,8239.352325762013,136.0,68653.80194444447,69.0,False,15
10629,1407.193,-5828.0,8249.0,137.28571428571428,68654.74741145427,69.94285714285714,False,15
10630,1407.373,-5837.0,8324.0,146.92857142857142,68662.2493739829,77.01428571428572,False,15
10631,1407.449,-5841.260307517475,8355.353542124914,151.0,68665.5463888889,80.0,False,15
10632,1407.593,-5850.0,8415.0,157.6,68671.93600069072,84.8,False,15
10633,1407.689,-5856.099851478749,8456.67737937395,162.0,68676.34638888891,88.0,False,15
10634,1407.793,-5863.0,8502.0,165.68333333333334,68681.29153393186,90.6,False,15
10635,1408.013,-5880.0,8604.0,173.475,68692.27549412116,96.1,False,15
10636,1408.169,-5896.613820894171,8709.576813888767,179.0,68700.21305555558,100.0,False,15
10637,1408.173,-5897.0,8712.0,179.11666666666667,68700.41719398797,100.0,False,15
10638,1408.409,-5913.48271068554,8810.174758488953,186.0,68712.61305555557,100.0,False,15
10639,1408.513,-5920.0,8854.0,190.68,68718.22058858685,100.0,False,15
10640,1408.609,-5926.69540478175,8904.47352495352,195.0,68723.4463888889,100.0,False,15
10641,1408.673,-5931.0,8939.0,194.6,68726.90789994801,98.4,False,15
10642,1408.929,-5943.3810611306535,9073.38723494588,193.0,68740.60194444447,92.0,True,15
10643,1408.953,-5944.0,9090.0,192.75,68741.87723130619,87.4,True,15
10644,1409.193,-5945.0,9280.0,190.25,68754.55631146897,41.4,True,15
10645,1409.409,-5940.329107123825,9348.866995779395,188.0,68765.66861111113,0.0,False,15
10646,1409.493,-5937.0,9373.0,185.3,68769.87801679096,0.0,False,15
10647,1409.689,-5925.565337441241,9461.996998265595,179.0,68779.59083333335,0.0,False,15
10648,1409.833,-5910.0,9541.0,180.0460047885841,68786.8301573306,11.622275428712165,False,15
10649,1410.733,-5685.0,9988.0,186.5835347172347,68833.94671603316,84.26149685816318,False,15
10650,1410.928,-5647.685666399055,10030.213868147317,188.0,68844.29416666669,100.0,False,15
10651,1411.033,-5620.0,10057.0,190.6249984,68849.87316158212,100.0,False,15
10652,1411.088,-5601.34396792532,10074.735268866121,192.0,68852.82750000001,100.0,False,15
10653,1411.274,-5524.0,10146.0,197.2953712274155,68863.07536289794,100.0,False,15
10654,1411.369,-5483.551126156296,10180.840460746163,200.0,68868.43861111112,100.0,False,15
10655,1411.514,-5421.0,10232.0,203.2954530909091,68876.77255740344,100.0,False,15
10656,1411.674,-5350.0,10288.0,206.93181672727272,68886.15007255635,100.0,False,15
10657,1411.809,-5289.7522615950675,10334.655943550175,210.0,68894.1052777778,100.0,False,15
10658,1411.834,-5276.0,10345.0,210.4687488,68895.58105314465,100.0,False,15
10659,1411.969,-5180.982533201091,10414.672338490001,213.0,68903.57194444447,100.0,False,15
10660,1412.134,-5059.0,10502.0,214.5468744,68913.4255979434,100.0,False,15
10661,1412.289,-4988.313757661534,10551.035569325653,216.0,68922.77194444447,100.0,False,15
10662,1412.554,-4907.0,10603.0,219.3124992,68938.94462339504,100.0,False,15
10663,1412.609,-4882.803794884319,10618.449319363728,220.0,68942.32750000001,100.0,False,15
10664,1412.774,-4792.0,10675.0,222.47499904,68952.53330192165,100.0,False,15
10665,1412.809,-4768.773318134797,10688.738934907298,223.0,68954.7163888889,100.0,False,15
10666,1412.993,-4638.0,10763.0,226.68,68966.31176047862,100.0,False,15
10667,1413.009,-4628.085661343965,10768.471244599878,227.0,68967.32750000001,100.0,False,15
10668,1413.353,-4467.0,10851.0,231.3,68989.44118681017,100.0,False,15
10669,1413.409,-4440.051658768928,10863.794071982476,232.0,68993.1052777778,100.0,False,15
10670,1413.593,-4324.0,10917.0,236.025,69005.28441296871,100.0,False,15
10671,1413.729,-4180.392439213414,10980.981299857918,239.0,69014.34972222224,100.0,False,15
10672,1413.793,-4117.0,11009.0,239.45714285714286,69018.61710045235,100.0,False,15
10673,1414.009,-3987.3084813430337,11065.262668825884,241.0,69033.09416666668,100.0,False,15
10674,1414.233,-3906.0,11100.0,244.56363636363636,69048.44026480825,100.0,False,15
10675,1414.449,-3794.860391746072,11149.384342871641,248.0,69063.4052777778,100.0,False,15
10676,1414.553,-3730.0,11178.0,248.57777777777778,69070.6102882539,100.0,False,15
10677,1414.753,-3588.0,11240.0,249.6888888888889,69084.4941642373,100.0,False,15
10678,1414.809,-3547.219814244455,11258.047736164881,250.0,69088.4052777778,100.0,False,15
10679,1414.933,-3458.0,11298.0,251.55,69097.10706657424,100.0,False,15
10680,1415.049,-3378.387048865284,11334.07143432566,253.0,69105.27194444447,100.0,False,15
10681,1415.209,-3277.0296021738336,11380.485010780378,254.0,69116.56083333337,87.0,False,15
10682,1415.273,-3241.0,11397.0,254.0,69121.12860799226,87.0,False,15
10683,1415.409,-3169.9345947331885,11429.842905020556,254.0,69130.67194444448,87.0,True,15
10684,1415.473,-3119.0,11455.0,247.06666666666666,69134.8735619702,63.8,True,15
10685,1415.613,-2961.0,11536.0,231.9,69143.60374588359,13.049999999999995,True,15
10686,1415.649,-2926.822565151909,11553.817969756485,228.0,69145.87194444446,0.0,True,15
10687,1415.809,-2833.0946807294995,11604.394051218078,228.0,69156.00527777779,0.0,True,15
10688,1416.089,-2774.1901487490068,11643.233069308477,201.0,69171.63861111112,0.0,True,15
10689,1416.093,-2773.0,11644.0,200.74285714285713,69171.84855777936,0.0,True,15
10690,1416.369,-2668.052726769124,11710.609524690377,183.0,69185.87194444446,0.0,True,15
10691,1416.393,-2658.0,11717.0,182.8,69187.0853195422,0.0,True,15
10692,1416.609,-2566.1074166358967,11774.32150473711,181.0,69197.93861111112,0.0,True,15
10693,1416.633,-2556.0,11780.0,179.92,69199.10712146704,0.0,True,15
10694,1416.809,-2482.6829588057385,11815.326773500856,172.0,69207.49416666669,0.0,False,15
10695,1416.813,-2481.0,11816.0,172.0,69207.68514451533,0.18571428571428572,False,15
10696,1417.089,-2361.6262538940236,11847.77795910391,172.0,69220.87194444446,13.0,False,15
10697,1417.113,-2351.0,11849.0,171.3228841483869,69221.98500073508,16.912224920431363,False,15
10698,1417.313,-2262.0,11850.0,165.68025205161086,69231.0055906997,49.5140992573594,False,15
10699,1417.408,-2220.974078474943,11846.37973361892,163.0,69235.31555555557,65.0,False,15
10700,1417.513,-2171.0,11836.0,165.18749866666667,69240.1703045262,65.0,False,15
10701,1417.648,-2091.278221485252,11807.47534170311,168.0,69246.51555555557,65.0,False,15
10702,1417.713,-2057.0,11793.0,169.01246026416652,69249.59381875844,65.80996821133323,False,15
10703,1417.969,-1973.3539218549977,11745.768211491168,173.0,69261.94138888891,69.0,False,15
10704,1417.994,-1965.0,11740.0,174.0937472,69263.17846493043,71.0312448,False,15
10705,1418.129,-1912.7457904693958,11702.530559267858,180.0,69269.94138888891,82.0,False,15
10706,1418.194,-1885.0,11682.0,181.29999872,69273.22109401756,84.92499712,False,15
10707,1418.329,-1824.3016868399702,11635.953535418083,184.0,69280.16361111113,91.0,False,15
10708,1418.494,-1738.0,11575.0,192.93749653333333,69289.14192364214,97.1874976,False,15
10709,1418.569,-1691.5673055223986,11546.271826491147,197.0,69293.29694444446,100.0,False,15
10710,1418.694,-1612.0,11502.0,199.08333226666667,69300.23123870742,100.0,False,15
10711,1418.809,-1548.968290373825,11473.274684689795,201.0,69306.69694444445,100.0,False,15
10712,1418.969,-1466.7575323705685,11444.8750009336,208.0,69315.94138888891,100.0,False,15
10713,1418.974,-1464.0,11444.0,208.16071222857144,69316.23489088607,100.0,False,15
10714,1419.214,-1325.0,11404.0,215.87499794285714,69330.65781505116,100.0,False,15
10715,1419.249,-1306.3958413150297,11399.11310746201,217.0,69332.81916666668,100.0,False,15
10716,1419.374,-1230.0,11381.0,221.06249792,69340.66224130482,100.0,False,15
10717,1419.553,-1044.0,11343.0,226.88,69352.17023870557,100.0,False,15
10718,1419.649,-981.7516936489603,11330.892523095219,230.0,69358.37472222223,100.0,False,15
10719,1419.913,-891.0,11314.0,233.66666666666666,69375.52307388143,100.0,False,15
10720,1420.009,-811.8153285918513,11297.629805424524,235.0,69381.87472222224,100.0,False,15
10721,1420.213,-617.0,11256.0,240.66666666666666,69395.66267795087,100.0,False,15
10722,1420.369,-550.3576609284828,11239.915373938178,245.0,69406.37472222224,100.0,False,15
10723,1420.513,-498.0,11224.0,248.6,69416.331165302,100.0,False,15
10724,1420.529,-489.44657942201235,11221.381638964442,249.0,69417.44138888891,100.0,False,15
10725,1420.693,-380.0,11187.0,250.36666666666667,69428.8662363669,100.0,False,15
10726,1420.889,-250.83900347406643,11140.241658872923,252.0,69442.64138888891,100.0,False,15
10727,1421.013,-171.0,11107.0,254.48,69451.43387318077,100.0,False,15
10728,1421.089,-121.83349280601712,11084.815622827917,256.0,69456.86361111113,100.0,False,15
10729,1421.193,-55.0,11052.0,257.85714285714283,69464.3534447009,100.0,False,15
10730,1421.369,54.405134638548105,10989.182300937558,261.0,69477.16361111113,100.0,False,15
10731,1421.413,81.0,10972.0,261.73333333333335,69480.38650119813,100.0,False,15
10732,1421.553,163.0,10914.0,264.06666666666666,69490.69153227237,100.0,False,15
10733,1421.609,193.87274760540262,10890.324264426292,265.0,69494.8302777778,100.0,False,15
10734,1421.813,309.0,10789.0,266.7,69509.96293856131,100.0,False,15
10735,1421.849,333.5598447534392,10764.56751016669,267.0,69512.6302777778,100.0,False,15
10736,1421.993,436.0,10656.0,267.0,69523.30083585401,100.0,False,15
10737,1422.009,445.8871601801104,10644.857596470636,267.0,69524.49694444447,100.0,False,15
10738,1422.253,560.0,10501.0,273.1,69543.05472990646,100.0,False,15
10739,1422.289,574.595875596065,10481.361423493088,274.0,69545.80805555558,100.0,False,15
10740,1422.433,638.0,10389.0,274.36,69556.81296469913,100.0,False,15
10741,1422.653,775.0,10151.0,274.91,69573.61321584822,100.0,False,15
10742,1422.689,791.6155799888442,10120.746614119415,275.0,69576.36361111114,100.0,False,15
10743,1422.849,833.1506227106725,10039.88065820304,275.0,69588.58583333335,100.0,False,15
10744,1423.009,851.574394278461,9990.12233352015,275.0,69600.80805555558,100.0,False,15
10745,1423.073,864.0,9957.0,276.4222222222222,69605.75732206319,100.0,False,15
10746,1423.293,923.0,9797.0,281.31111111111113,69623.06742307858,100.0,False,15
10747,1423.369,942.0655484021531,9739.389112214454,283.0,69629.10805555557,100.0,False,15
10748,1423.473,966.0,9661.0,284.56,69637.41196638429,100.0,False,15
10749,1423.633,1000.0,9538.0,286.96,69650.26571040542,100.0,False,15
10750,1423.769,1025.8708819808546,9431.255415605388,289.0,69661.21916666669,100.0,False,15
10751,1423.853,1041.0,9367.0,289.60215039950674,69667.99135559684,100.0,False,15
10752,1424.048,1074.8027834406016,9228.291093417325,291.0,69683.7716666667,100.0,False,15
10753,1424.328,1119.774833664638,9050.389069347408,295.0,69706.71611111113,100.0,False,15
10754,1424.609,1151.9521714467837,8787.646511953797,298.0,69729.97666666668,100.0,False,15
10755,1424.674,1157.0,8708.0,299.2187488,69735.39700240568,100.0,False,15
10756,1424.769,1162.7587117741766,8578.840067583387,301.0,69743.35444444447,100.0,False,15
10757,1424.934,1168.0,8375.0,302.4732137142857,69757.30026918887,100.0,False,15
10758,1425.214,1163.0,8257.0,304.9732137142857,69781.33019510422,100.0,False,15
10759,1425.514,1145.0,8001.0,307.65178514285714,69807.47238727416,100.0,False,15
10760,1425.754,1127.0,7778.0,309.7946422857143,69828.37257031587,100.0,False,15
10761,1425.889,1108.9971999216352,7623.003804653115,311.0,69840.11000000002,100.0,False,15
10762,1426.073,1079.0,7419.0,312.3142857142857,69856.09003484009,100.0,False,15
10763,1426.169,1064.0566225690204,7345.271063176763,313.0,69864.45444444448,100.0,False,15
10764,1426.329,1039.3718128280002,7267.0117751206735,316.0,69878.4988888889,100.0,False,15
10765,1426.473,1008.0,7184.0,315.1,69891.17162760433,100.0,False,15
10766,1426.489,1003.8046336744068,7172.922980796217,315.0,69892.4988888889,100.0,False,15
10767,1426.613,968.0,7078.0,293.3,69902.03987979042,100.0,False,15
10768,1426.689,946.006717693971,7018.377423892384,280.0,69908.05444444447,100.0,False,15
10769,1426.849,900.8443518797241,6892.101595310402,319.0,69922.23222222223,100.0,False,15
10770,1426.973,866.0,6791.0,319.51666666666665,69933.28502334787,100.0,False,15
10771,1427.089,833.3103593959944,6693.31659393001,320.0,69943.56555555556,100.0,False,15
10772,1427.133,821.0,6656.0,320.22,69947.47552061098,100.0,False,15
10773,1427.289,777.9081371002358,6523.714818534467,321.0,69961.3988888889,100.0,False,15
10774,1427.353,760.0,6469.0,322.06666666666666,69967.15041914432,100.0,False,15
10775,1427.453,732.0,6384.0,323.73333333333335,69976.18181772663,100.0,False,15
10776,1427.529,712.9257879046852,6324.82050461609,325.0,69983.06555555557,100.0,False,15
10777,1427.729,657.8186304911653,6163.370552947054,327.0,70001.23222222224,100.0,False,15
10778,1427.773,637.0,6111.0,327.0,70005.2302288217,100.0,False,15
10779,1427.973,516.0,5827.0,327.0,70023.39648781344,100.0,False,15
10780,1428.009,500.2673241271264,5791.445518210172,327.0,70026.66555555558,100.0,False,15
10781,1428.313,439.0,5662.0,327.0,70054.27672719762,100.0,False,15
10782,1428.329,434.6702073494596,5651.997991866115,327.0,70055.73222222224,100.0,False,15
10783,1428.513,373.0,5496.0,327.575,70072.493288475,100.0,False,15
10784,1428.649,333.4486746938973,5360.811690378115,328.0,70084.8877777778,100.0,False,15
10785,1428.853,291.0,5162.0,328.0,70103.46680637752,100.0,False,15
10786,1428.929,280.7637831759759,5100.219226909231,328.0,70110.39888888893,100.0,False,15
10787,1429.133,265.0,4946.0,328.56666666666666,70129.0550334879,100.0,False,15
10788,1429.289,258.85680630739586,4802.846301236337,329.0,70143.29888888892,100.0,False,15
10789,1429.353,258.0,4745.0,328.46666666666664,70149.12259063723,100.0,False,15
10790,1429.529,261.18131386400484,4602.55805655386,327.0,70165.09888888893,100.0,False,15
10791,1429.693,274.0,4432.0,327.0,70179.98593836959,100.0,False,15
10792,1429.769,283.9425548189929,4322.288497452286,327.0,70186.89888888893,100.0,False,15
10793,1429.873,298.0,4178.0,327.43333333333334,70196.38109751021,100.0,False,15
10794,1430.009,308.9292837927566,4083.643260999084,328.0,70208.7655555556,100.0,False,15
10795,1430.153,320.0,4016.0,326.2,70221.77720048648,100.0,False,15
10796,1430.249,332.43446527341644,3937.6068945925094,325.0,70230.43222222227,100.0,False,15
10797,1430.353,350.0,3839.0,325.0,70239.81709374233,100.0,False,15
10798,1430.408,360.7971225193314,3788.5426453080563,325.0,70244.78638888893,100.0,False,15
10799,1430.553,392.0,3663.0,325.72499968,70257.91212878058,100.0,False,15
10800,1430.608,403.4185662132399,3619.395436889556,326.0,70262.89750000004,100.0,False,15
10801,1430.873,478.0,3386.0,326.0,70286.90290886756,100.0,False,15
10802,1430.888,485.36505899891654,3366.645783422564,326.0,70288.25305555559,100.0,False,15
10803,1431.054,578.0,3135.0,323.6370119600312,70303.10845676289,100.0,False,15
10804,1431.169,616.9771346277022,3042.0327120432426,322.0,70313.38694444449,100.0,False,15
10805,1431.369,653.1497808682478,2968.6682769912227,323.0,70331.33138888891,100.0,False,15
10806,1431.394,660.0,2955.0,322.9218752,70333.57205749456,100.0,False,15
10807,1431.689,779.1836722132565,2718.579456322159,322.0,70359.95361111115,100.0,False,15
10808,1431.734,798.0,2683.0,322.0,70363.97920608187,100.0,False,15
10809,1431.849,844.1483556839759,2599.4813446552325,322.0,70374.26472222224,100.0,False,15
10810,1431.914,878.0,2544.0,321.7678573714286,70380.06824127931,100.0,False,15
10811,1432.129,1033.1846955546437,2311.1484973678425,321.0,70399.2313888889,100.0,False,15
10812,1432.134,1036.0,2307.0,321.0,70399.67714608074,100.0,False,15
10813,1432.289,1089.1081376410157,2229.2385085819906,321.0,70413.49805555558,100.0,False,15
10814,1432.474,1168.0,2140.0,321.0,70429.97804623439,100.0,False,15
10815,1432.609,1314.1309076633024,1981.2957660614409,321.0,70442.0313888889,100.0,False,15
10816,1432.673,1385.0,1906.0,320.68,70447.76300117325,87.52,False,15
10817,1432.809,1506.7375755730452,1782.12225890993,320.0,70459.80916666669,61.0,False,15
10818,1432.993,1625.0,1670.0,306.775,70475.21874505044,25.925,False,15
10819,1433.129,1693.2216928998303,1606.6743260235658,297.0,70486.20916666668,0.0,True,15
10820,1433.293,1772.0,1536.0,288.1166666666667,70499.24644330895,0.0,True,15
10821,1433.369,1815.017774819789,1498.3909048582818,284.0,70505.14250000002,0.0,True,15
10822,1433.533,1913.0,1414.0,271.7,70517.46073163285,0.0,True,15
10823,1433.569,1932.848429555578,1397.007695473222,269.0,70520.08694444447,0.0,True,15
10824,1433.769,2044.2967077516744,1303.2219858015592,255.0,70534.25361111114,0.0,True,15
10825,1433.773,2047.0,1301.0,254.88,70534.53401906804,0.0,True,15
10826,1433.969,2198.924574328294,1178.176468952561,249.0,70548.08694444448,0.0,True,15
10827,1434.013,2228.0,1155.0,245.54285714285714,70550.99683186154,0.0,True,15
10828,1434.249,2319.657015535918,1084.220589356221,227.0,70565.74250000004,0.0,True,15
10829,1434.393,2369.0,1048.0,220.52,70574.28012857078,0.0,True,15
10830,1434.533,2437.0,999.0,214.22,70582.32851128565,0.0,True,15
10831,1434.649,2511.3346652434125,950.250443307074,209.0,70588.96472222226,0.0,True,15
10832,1434.813,2619.0,885.0,205.72,70598.31592634137,0.0,True,15
10833,1434.849,2637.706632528832,874.4486206096318,205.0,70600.35361111115,0.0,True,15
10834,1435.089,2721.341231570756,836.4039317140089,202.0,70613.82027777782,0.0,False,15
10835,1435.213,2764.0,823.0,202.0,70620.82170957135,0.0,False,15
10836,1435.289,2794.662161939489,814.1899302393076,202.0,70625.04250000004,0.0,False,15
10837,1435.453,2885.0,799.0,194.48333333333332,70633.80711512918,0.0,False,15
10838,1435.529,2947.310295681776,797.7041043106535,191.0,70637.77583333338,0.0,False,15
10839,1435.693,3089.0,803.0,187.925,70646.22878208723,0.0,False,15
10840,1435.849,3153.0939721604063,807.9029164841041,185.0,70654.22027777781,0.0,False,15
10841,1436.009,3185.6997811632273,814.5114533504717,185.0,70662.44250000005,53.0,False,15
10842,1436.073,3215.0,819.0,184.8,70665.71834027334,54.8,False,15
10843,1436.293,3369.0,840.0,184.1125,70676.94790653276,60.9875,False,15
10844,1436.329,3391.655977881773,843.0095066881316,184.0,70678.7980555556,62.0,False,15
10845,1436.569,3504.0610906297807,857.1019139907029,187.0,70691.26472222226,67.0,False,15
10846,1436.693,3568.0,862.0,188.86,70697.80859165802,67.0,False,15
10847,1436.769,3614.679679675941,864.4884624218646,190.0,70701.82027777782,67.0,False,15
10848,1436.928,3726.78557599552,868.4009897381982,189.0,70710.16777777782,67.0,False,15
10849,1437.053,3797.0,870.0,189.0,70716.73284501523,59.857146514285716,False,15
10850,1437.208,3848.522293068164,870.0704393895298,189.0,70724.86777777782,51.0,False,15
10851,1437.393,3901.0,865.0,188.07500032,70734.53142187839,46.3750016,False,15
10852,1437.408,3907.182687924922,864.2108295942655,188.0,70735.31222222226,46.0,False,15
10853,1437.614,4011.0,848.0,187.26690420313832,70746.00124386085,56.996436952925144,False,15
10854,1437.689,4046.8942511639125,839.994222612699,187.0,70749.90861111115,61.0,False,15
10855,1437.794,4099.0,823.0,187.9843744,70755.4100410168,64.6093728,False,15
10856,1438.009,4238.100157722432,751.1117174935915,190.0,70766.79750000004,72.0,False,15
10857,1438.094,4291.0,720.0,191.27499904,70771.35035348283,76.67499648,False,15
10858,1438.209,4353.088014867877,681.4242402832035,193.0,70777.51972222226,83.0,False,15
10859,1438.369,4421.330951497935,634.4810909352836,193.0,70786.09750000003,96.0,False,15
10860,1438.729,4516.483043433491,547.1573346222654,206.0,70806.69750000004,100.0,False,15
10861,1439.009,4631.163968224029,443.67888519507477,215.0,70823.41972222226,100.0,False,15
10862,1439.054,4655.0,423.0,215.8437488,70826.13114841885,100.0,False,15
10863,1439.169,4722.714820937923,365.0604177262546,218.0,70833.10861111115,100.0,False,15
10864,1439.433,4880.0,233.0,223.65714285714284,70849.53623781695,100.0,False,15
10865,1439.449,4887.13300108412,227.06159553618824,224.0,70850.53083333337,100.0,False,15
10866,1439.609,4941.557500029954,182.1367885442776,224.0,70860.48638888891,100.0,False,15
10867,1439.753,4988.0,144.0,229.4,70869.77497051099,100.0,False,15
10868,1439.849,5027.059979929075,111.76306066120178,233.0,70876.01972222225,100.0,False,15
10869,1439.993,5107.0,45.0,233.0,70885.29528621619,100.0,False,15
10870,1440.209,5282.321453949028,-103.69933020187281,233.0,70899.31972222225,100.0,False,15
10871,1440.233,5298.0,-117.0,233.78,70900.91769769018,100.0,False,15
10872,1440.609,5420.321331922323,-220.55651842066726,246.0,70926.65305555558,100.0,False,15
10873,1440.613,5422.0,-222.0,246.0,70926.92658061296,100.0,False,15
10874,1440.769,5502.361964122077,-291.21194769553523,246.0,70937.58638888891,100.0,False,15
10875,1440.793,5515.0,-302.0,246.6,70939.24209718713,100.0,False,15
10876,1440.969,5601.1933548345305,-374.4416213492882,251.0,70951.53083333337,100.0,False,15
10877,1441.073,5664.0,-429.0,252.56,70958.8536533401,100.0,False,15
10878,1441.169,5737.799603702033,-495.1195773023629,254.0,70965.64194444448,100.0,False,15
10879,1441.273,5821.0,-572.0,255.04,70973.02319868986,100.0,False,15
10880,1441.369,5886.972290519679,-636.0470556974396,256.0,70979.86416666668,100.0,False,15
10881,1441.529,5974.003783028123,-727.4501171525968,258.0,70991.33083333336,100.0,False,15
10882,1441.673,6030.0,-788.0,259.44,71001.72554804324,100.0,False,15
10883,1441.729,6046.238459826745,-805.5605773982586,260.0,71005.77527777781,100.0,False,15
10884,1441.973,6114.0,-888.0,260.87142857142857,71023.44960546045,100.0,False,15
10885,1442.009,6131.964312246569,-912.3482862783702,261.0,71026.07527777781,100.0,False,15
10886,1442.169,6239.900330944275,-1062.8053193173062,264.0,71037.80861111115,100.0,False,15
10887,1442.293,6310.0,-1163.0,264.62,71046.92289048414,100.0,False,15
10888,1442.369,6336.496433850474,-1202.2939361838812,265.0,71052.53083333335,100.0,False,15
10889,1442.613,6379.0,-1276.0,267.6142857142857,71070.68813381517,100.0,False,15
10890,1442.649,6389.189969285198,-1293.8019275356492,268.0,71073.3752777778,100.0,False,15
10891,1442.833,6459.0,-1419.0,268.65714285714284,71087.11944243973,100.0,False,15
10892,1442.929,6500.7546798320145,-1502.2859891437263,269.0,71094.29750000003,100.0,False,15
10893,1443.129,6586.083129839642,-1686.1391605079787,269.0,71109.24194444447,100.0,False,15
10894,1443.173,6600.0,-1717.0,268.69931667253695,71112.51005378971,100.0,False,15
10895,1443.553,6678.0,-1913.0,266.1025061171745,71140.56221165908,100.0,False,15
10896,1443.568,6683.310998043143,-1927.3269950212905,266.0,71141.6791666667,100.0,False,15
10897,1443.793,6777.0,-2181.0,269.2142848,71158.55141262634,100.0,False,15
10898,1443.848,6790.88015499211,-2218.903022724984,270.0,71162.6791666667,100.0,False,15
10899,1444.113,6822.0,-2309.0,269.26388906666665,71182.49589141589,100.0,False,15
10900,1444.208,6847.058566929585,-2382.5081676252603,269.0,71189.5791666667,100.0,False,15
10901,1444.374,6899.0,-2535.0,268.1741297270861,71201.93780612771,100.0,False,15
10902,1444.409,6907.378620937678,-2559.795925722246,268.0,71204.54250000004,100.0,False,15
10903,1444.569,6935.19924644604,-2643.2569882596044,268.0,71216.45361111114,100.0,False,15
10904,1444.634,6946.0,-2676.0,268.0,71221.30035622629,100.0,False,15
10905,1444.769,6970.832955438575,-2751.54452720155,268.0,71231.34250000003,100.0,False,15
10906,1445.014,7033.0,-2943.0,264.59722311111113,71249.26531412608,100.0,False,15
10907,1445.129,7075.604524603909,-3075.747908215955,263.0,71257.64250000002,100.0,False,15
10908,1445.234,7109.0,-3180.0,262.6250002285714,71265.30725025974,100.0,False,15
10909,1445.409,7129.7836201041255,-3244.6687677326154,262.0,71278.0202777778,100.0,False,15
10910,1445.494,7140.0,-3276.0,260.30000128,71284.10565321779,91.5000064,False,15
10911,1445.694,7185.0,-3414.0,256.30000128,71298.18583204066,71.5000064,False,15
10912,1445.993,7251.0,-3618.0,250.32,71318.59641752426,41.6,False,15
10913,1446.233,7303.0,-3778.0,245.52,71334.23773425315,17.600000000000005,False,15
10914,1446.409,7359.357931670555,-3968.82887691444,242.0,71345.24250000002,0.0,True,15
10915,1446.433,7366.0,-3992.0,240.3,71346.71262977926,0.0,True,15
10916,1446.889,7416.749941317787,-4201.62889074912,208.0,71372.97583333334,0.0,True,15
10917,1446.893,7417.0,-4203.0,207.63333333333333,71373.18761892902,0.0,True,15
10918,1447.133,7433.0,-4293.0,185.63333333333333,71385.2240210353,0.0,True,15
10919,1447.249,7442.032047744129,-4341.399907149443,175.0,71390.47583333334,0.0,True,15
10920,1447.413,7457.0,-4419.0,161.47,71397.20576246151,0.0,True,15
10921,1447.649,7482.46187619987,-4549.6402158754345,142.0,71406.25361111111,0.0,True,15
10922,1447.693,7486.0,-4568.0,142.0,71407.99322180098,0.0,True,15
10923,1447.809,7492.234673179595,-4601.102943594858,142.0,71412.56472222223,0.0,True,15
10924,1448.033,7497.0,-4647.0,130.8,71420.62082594565,0.0,True,15
10925,1448.089,7498.381306150238,-4668.702923628569,128.0,71422.52027777779,0.0,True,15
10926,1448.249,7501.870364262208,-4744.864868106205,118.0,71427.76472222223,0.0,True,15
10927,1448.273,7502.0,-4755.0,117.6,71428.53186943299,0.0,True,15
10928,1448.729,7483.3003627548505,-4872.153470405157,110.0,71442.4313888889,0.0,False,15
10929,1448.733,7483.0,-4873.0,109.9625,71442.5512862348,0.0,False,15
10930,1448.993,7457.0,-4929.0,107.525,71450.30423019668,0.0,False,15
10931,1449.049,7448.49588963346,-4940.998341168102,107.0,71451.9425,0.0,False,15
10932,1449.209,7418.05093367648,-4974.232961753121,104.0,71456.56472222223,20.0,False,15
10933,1449.273,7404.0,-4986.0,104.32,71458.42579589605,27.68,False,15
10934,1449.409,7370.985865028237,-5007.466299141635,105.0,71462.39805555556,44.0,False,15
10935,1449.573,7327.0,-5029.0,105.0,71467.1550265141,48.1,False,15
10936,1449.649,7305.76212517961,-5038.234611003664,105.0,71469.39805555556,50.0,False,15
10937,1449.673,7299.0,-5041.0,105.40167353260625,71470.1156899006,50.502091915757816,False,15
10938,1449.853,7246.0,-5060.0,108.41422502715314,71475.58569370612,54.26778128394141,False,15
10939,1449.888,7234.229702335386,-5063.8648317301595,109.0,71476.63444444445,55.0,False,15
10940,1450.088,7157.666843500071,-5087.70200844099,107.0,71482.57888888891,55.0,False,15
10941,1450.193,7121.0,-5099.0,112.2499968,71485.92463780081,57.09999872,False,15
10942,1450.288,7092.780006026183,-5107.801301390512,117.0,71489.07888888891,59.0,False,15
10943,1450.568,7024.139128127161,-5128.663895092446,126.0,71498.87888888891,67.0,False,15
10944,1450.633,7004.0,-5134.0,128.2693248110643,71501.2857536123,68.94513555234083,False,15
10945,1450.734,6969.0,-5143.0,131.795507678086,71505.13030195226,71.96757800978801,False,15
10946,1450.894,6914.0,-5159.0,137.3815434823411,71511.44409053156,76.75560869914952,False,15
10947,1450.969,6886.705810793428,-5166.596058994028,140.0,71514.47333333336,79.0,False,15
10948,1451.129,6824.372935913479,-5182.787399360812,149.0,71521.09555555557,91.0,False,15
10949,1451.234,6782.0,-5194.0,152.14999808,71525.6009757079,95.72499712,False,15
10950,1451.329,6743.0009025151385,-5204.664809854426,155.0,71529.70666666668,100.0,False,15
10951,1451.394,6716.0,-5212.0,155.0,71532.48905578772,100.0,False,15
10952,1451.569,6642.092276649351,-5231.148241361253,155.0,71540.04000000001,100.0,False,15
10953,1451.674,6596.0,-5242.0,160.2499968,71544.81666945969,100.0,False,15
10954,1451.714,6578.0,-5246.0,162.2499968,71546.68563958576,100.0,False,15
10955,1451.809,6535.043710799686,-5255.799414896331,167.0,71551.17333333334,100.0,False,15
10956,1451.969,6461.919235340881,-5273.112189087854,173.0,71558.86222222223,100.0,False,15
10957,1452.014,6441.0,-5278.0,173.5624992,71561.03980131615,100.0,False,15
10958,1452.209,6348.41333891825,-5299.252835695618,176.0,71570.59555555557,100.0,False,15
10959,1452.294,6307.0,-5309.0,178.97499776,71574.8851268455,100.0,False,15
10960,1452.409,6249.940123012952,-5322.919829271394,183.0,71580.76222222224,100.0,False,15
10961,1452.473,6218.0,-5331.0,183.8,71584.0332394762,100.0,False,15
10962,1452.569,6170.125115247244,-5343.532187916778,185.0,71588.98444444446,100.0,False,15
10963,1452.633,6138.0,-5352.0,187.4,71592.35606437677,100.0,False,15
10964,1452.729,6089.262365239036,-5364.741744191383,191.0,71597.47333333336,100.0,False,15
10965,1452.753,6077.0,-5368.0,191.15,71598.7517008948,100.0,False,15
10966,1452.889,6007.023682355288,-5387.252820115827,192.0,71606.00666666668,100.0,False,15
10967,1452.993,5953.0,-5402.0,193.4857142857143,71611.61867212268,100.0,False,15
10968,1453.169,5860.158687269988,-5425.493705919302,196.0,71621.25111111114,100.0,False,15
10969,1453.173,5858.0,-5426.0,196.05,71621.47185305189,100.0,False,15
10970,1453.393,5740.0,-5453.0,198.8,71633.73465691306,100.0,False,15
10971,1453.569,5663.463700438489,-5477.811812681462,201.0,71643.58444444447,100.0,True,15
10972,1453.713,5569.0,-5505.0,199.2,71651.5616984748,9.999999999999993,True,15
10973,1453.729,5554.579915937208,-5508.595251153053,199.0,71652.42888888891,0.0,False,15
10974,1453.913,5361.0,-5551.0,189.8,71662.0986038154,0.0,False,15
10975,1453.929,5346.67460070186,-5553.543891470806,189.0,71662.92888888891,0.0,True,15
10976,1454.249,5168.756755733615,-5562.136529395935,186.0,71679.46222222224,0.0,False,15
10977,1454.253,5167.0,-5562.0,185.98,71679.66837626384,0.0,False,15
10978,1454.449,5083.742681246787,-5551.502116771871,185.0,71689.74000000002,0.0,False,15
10979,1454.769,4958.495244931855,-5516.595049363155,181.0,71705.82888888891,0.0,False,15
10980,1454.773,4957.0,-5516.0,180.9,71706.0264834311,0.48,False,15
10981,1454.969,4885.830424649068,-5482.000789518036,176.0,71715.60666666669,24.0,False,15
10982,1455.153,4821.0,-5441.0,174.46666666666667,71724.46489260276,34.22222222222222,False,15
10983,1455.329,4759.281980284718,-5393.169218566844,173.0,71732.90666666668,44.0,False,15
10984,1455.649,4647.8188371543165,-5284.6537457319155,174.0,71748.37333333334,49.0,False,15
10985,1455.849,4581.4772814516455,-5207.150660055039,175.0,71758.09555555556,71.0,False,15
10986,1456.009,4532.209791784122,-5142.869232127223,175.0,71765.87333333334,73.0,False,15
10987,1456.113,4502.0,-5100.0,176.95611246021568,71771.0240102837,73.97805623010784,False,15
10988,1456.313,4448.0,-5016.0,180.71786719139968,71781.14506376706,75.85893359569984,False,15
10989,1456.328,4444.182511921866,-5009.781859341791,181.0,71781.91194444445,76.0,False,15
10990,1456.493,4401.0,-4936.0,183.62499898181818,71790.415289558,84.9999965090909,False,15
10991,1456.768,4304.6734202742655,-4753.032543886744,188.0,71804.88972222223,100.0,False,15
10992,1456.793,4298.0,-4740.0,188.9374976,71806.22660905452,100.0,False,15
10993,1456.928,4273.001354043917,-4690.23951835183,194.0,71813.51194444446,100.0,False,15
10994,1457.133,4245.0,-4632.0,197.4166656,71824.82248384078,100.0,False,15
10995,1457.288,4203.6351103571715,-4547.821978157726,200.0,71833.51194444446,100.0,False,15
10996,1457.434,4160.0,-4457.0,201.3644850570936,71841.76536049494,65.88787357266015,False,15
10997,1457.609,4115.630356036721,-4359.168034865842,203.0,71851.61277777779,25.0,True,15
10998,1457.654,4105.0,-4336.0,201.65000192,71854.10957830894,22.187504,True,15
10999,1457.754,4082.0,-4287.0,198.65000192,71859.60579218407,15.937504,True,15
11000,1458.009,4026.168638000493,-4166.25158681978,191.0,71872.83500000002,0.0,True,15
11001,1458.074,4013.0,-4138.0,185.1093808,71875.90187600841,0.0,True,15
11002,1458.254,3976.0,-4063.0,168.7968808,71883.87942071467,0.0,True,15
11003,1458.329,3955.379886590034,-4026.8055869313202,162.0,71887.23500000002,0.0,True,15
11004,1458.534,3894.0,-3928.0,162.0,71896.62949132276,0.0,True,15
11005,1458.609,3878.929751584026,-3904.569271814452,162.0,71899.83500000002,0.0,True,15
11006,1458.809,3851.966370304974,-3864.0990523329538,139.0,71907.55722222224,0.0,True,15
11007,1458.834,3848.0,-3858.0,139.0,71908.52485940664,0.0,True,15
11008,1458.969,3822.9303683821413,-3818.9705321126,139.0,71913.73500000002,0.0,True,15
11009,1459.034,3810.0,-3800.0,134.77500416,71916.05601750482,0.0,True,15
11010,1459.213,3774.0,-3754.0,123.14,71921.73086739515,0.0,True,15
11011,1459.369,3740.5266447763156,-3718.2325889447457,113.0,71926.29055555556,0.0,True,15
11012,1459.413,3731.0,-3709.0,111.57,71927.54867214542,0.0,True,15
11013,1459.593,3692.0,-3676.0,105.72,71932.56926791866,0.0,True,15
11014,1459.769,3651.6050046992104,-3652.5673968853926,100.0,71937.40166666667,0.0,True,15
11015,1459.813,3641.0,-3648.0,99.63333333333334,71938.60950397805,0.0,True,15
11016,1460.009,3591.158161247731,-3633.6575703693875,98.0,71943.93500000001,0.0,False,15
11017,1460.133,3559.0,-3630.0,95.41666666666667,71947.16908185896,0.0,False,15
11018,1460.249,3529.0533415687505,-3630.6028599675246,93.0,71950.13500000001,0.0,False,15
11019,1460.293,3517.0,-3632.0,92.45,71951.25558869258,0.0,False,15
11020,1460.409,3482.3039948958312,-3638.9891119109284,91.0,71954.17944444445,0.0,False,15
11021,1460.593,3430.0,-3655.0,87.93333333333334,71958.64009014388,0.0,False,15
11022,1460.649,3418.6062834361255,-3659.4122975509176,87.0,71959.97944444444,0.0,False,15
11023,1460.849,3388.052308997099,-3676.763625433393,86.0,71964.75722222222,21.0,False,15
11024,1460.893,3379.0,-3683.0,86.12222222222222,71965.81307037547,21.61111111111111,False,15
11025,1461.073,3332.0,-3718.0,86.62222222222222,71970.1572127945,24.11111111111111,False,15
11026,1461.209,3299.304721906305,-3747.558299307689,87.0,71973.45722222222,26.0,False,15
11027,1461.273,3286.0,-3761.0,87.26666666666667,71975.0141271191,28.4,False,15
11028,1461.449,3256.5448195245435,-3794.842587225081,88.0,71979.32388888889,35.0,False,15
11029,1461.513,3247.0,-3807.0,88.8,71980.91084331444,37.8,False,15
11030,1461.609,3233.011845656746,-3825.669129647639,90.0,71983.32388888889,42.0,False,15
11031,1461.693,3220.0,-3844.0,91.5,71985.48304380987,44.4,False,15
11032,1461.889,3183.4105154559848,-3898.9105342620915,95.0,71990.71277777778,50.0,False,15
11033,1462.033,3155.0,-3944.0,99.32,71994.74290398428,54.32,False,15
11034,1462.089,3144.3231509451703,-3961.531595720425,101.0,71996.32388888889,56.0,False,15
11035,1462.249,3114.9647808236546,-4011.6120056877526,103.0,72000.90166666667,56.0,False,15
11036,1462.449,3086.4363982191817,-4061.730556559033,114.0,72007.235,69.0,False,15
11037,1462.473,3084.0,-4066.0,114.7,72008.02258756163,69.7,False,15
11038,1462.689,3066.2986874521052,-4095.1952014496214,121.0,72015.30166666667,76.0,False,15
11039,1462.713,3063.0,-4100.0,121.72361785773094,72016.13334700349,75.39698511855755,False,15
11040,1462.888,3027.5857379873505,-4148.8258320057275,127.0,72022.32194444444,71.0,False,15
11041,1462.913,3022.0,-4156.0,127.3124992,72023.21898087715,69.56250368,False,15
11042,1463.233,2944.0,-4239.0,131.3124992,72034.93881579225,51.16250368,False,15
11043,1463.288,2926.034516874905,-4254.789792254243,132.0,72036.98861111111,48.0,False,15
11044,1463.493,2848.0,-4316.0,134.27777706666666,72044.70883547122,46.861111466666664,False,15
11045,1463.648,2785.4858970081764,-4355.263468986125,136.0,72050.5886111111,46.0,False,15
11046,1463.808,2722.59551237448,-4387.844116119355,137.0,72056.67749999999,43.0,False,15
11047,1463.914,2689.0,-4404.0,137.75444765937598,72060.75684492376,34.70107574686423,False,15
11048,1464.089,2648.464123386755,-4421.173499203723,139.0,72067.52722222221,21.0,False,15
11049,1464.214,2617.0,-4431.0,138.71590923636364,72072.32882412487,27.249996799999998,False,15
11050,1464.529,2500.8207360583933,-4456.7196196652785,138.0,72084.39388888888,43.0,False,15
11051,1464.534,2499.0,-4457.0,138.0312496,72084.58686606259,43.1093736,False,15
11052,1464.714,2430.0,-4462.0,139.1562496,72091.5705328685,47.0468736,False,15
11053,1464.849,2349.0257367109175,-4455.7642045776665,140.0,72096.83833333332,50.0,False,15
11054,1464.934,2304.0,-4451.0,140.6071424,72100.16281282422,53.035712,False,15
11055,1465.129,2257.771392725591,-4444.716666588071,142.0,72107.88277777776,60.0,False,15
11056,1465.234,2225.0,-4435.0,144.6249984,72112.1603835167,60.43749973333333,False,15
11057,1465.369,2146.849317700977,-4409.826562310316,148.0,72117.74944444443,61.0,False,15
11058,1465.514,2059.0,-4380.0,149.55357074285715,72123.80098651048,69.80356754285714,False,15
11059,1465.649,2014.6398980506906,-4362.6878257463,151.0,72129.49388888887,78.0,False,15
11060,1465.833,1973.0,-4339.0,154.83333333333334,72137.39556113679,81.06666666666666,False,15
11061,1465.889,1953.1329498896628,-4326.991824134485,156.0,72139.89388888887,82.0,False,15
11062,1466.153,1826.0,-4243.0,170.14285714285714,72152.40620186308,89.54285714285714,False,15
11063,1466.169,1817.8229663670643,-4236.796763144677,171.0,72153.19388888887,90.0,False,15
11064,1466.533,1648.0,-4089.0,183.13333333333333,72171.87487186,97.58333333333333,False,15
11065,1466.649,1617.9306177648657,-4060.9424969510355,187.0,72178.12722222219,100.0,False,15
11066,1466.873,1569.0,-4014.0,196.95555555555555,72190.60324854296,99.37777777777778,False,15
11067,1467.009,1514.7892927231912,-3962.8868291230715,203.0,72198.42722222219,99.0,False,15
11068,1467.093,1478.0,-3928.0,206.3,72203.3512329622,99.3,False,15
11069,1467.289,1395.211176048061,-3848.0099745495004,214.0,72215.07166666664,100.0,False,15
11070,1467.313,1385.0,-3838.0,214.72,72216.52278424888,100.0,False,15
11071,1467.489,1308.7457567263825,-3762.7141436499664,220.0,72227.29388888886,100.0,False,15
11072,1467.493,1307.0,-3761.0,220.11428571428573,72227.54243170594,100.0,False,15
11073,1467.673,1228.0,-3684.0,225.25714285714287,72238.9057859943,100.0,False,15
11074,1467.769,1185.136546296286,-3642.075667116801,228.0,72245.0272222222,100.0,False,15
11075,1467.893,1129.0,-3587.0,229.86,72252.94523151795,100.0,False,15
11076,1467.969,1094.2242309749117,-3552.8904220239538,231.0,72257.86055555554,100.0,False,15
11077,1468.249,963.6855339097455,-3424.9203934110546,240.0,72276.52722222221,100.0,False,15
11078,1468.489,848.5802799147232,-3312.1425637825223,244.0,72292.79388888887,100.0,False,15
11079,1468.649,769.9188866088997,-3235.071801365879,248.0,72303.81611111108,100.0,False,15
11080,1468.733,728.0,-3194.0,248.84,72309.61924082275,100.0,False,15
11081,1468.833,678.0,-3145.0,249.84,72316.57905098812,100.0,False,15
11082,1468.849,670.2124959799056,-3137.3623943154143,250.0,72317.70499999997,100.0,False,15
11083,1469.053,568.0,-3037.0,255.61,72332.3665490383,100.0,False,15
11084,1469.249,428.1499741604602,-2899.803365916928,261.0,72346.70499999997,100.0,False,15
11085,1469.353,362.0,-2835.0,261.7819547617917,72354.30534637031,100.0,False,15
11086,1469.648,253.27075471724095,-2728.8193724944476,264.0,72375.96499999997,100.0,False,15
11087,1469.713,226.0,-2702.0,265.6249984,72380.80170772165,100.0,False,15
11088,1469.848,154.27763592551887,-2631.181060940454,269.0,72390.90944444442,100.0,False,15
11089,1469.953,98.0,-2576.0,270.04999936,72398.80007344524,100.0,False,15
11090,1470.048,54.96025116884937,-2534.508882895519,271.0,72405.96499999998,100.0,False,15
11091,1470.133,1.0,-2482.0,271.7968744,72412.40033145408,100.0,False,15
11092,1470.293,-161.0,-2322.0,273.2968744,72424.57906884074,100.0,False,15
11093,1470.368,-209.88167883742148,-2273.6963260590023,274.0,72430.32055555553,100.0,False,15
11094,1470.654,-281.0,-2205.0,277.56386204388525,72452.39452089698,100.0,False,15
11095,1470.689,-301.3046102910224,-2185.475637209219,278.0,72455.10888888888,100.0,False,15
11096,1470.849,-432.7499792351748,-2058.937862101112,280.0,72467.55333333332,100.0,False,15
11097,1470.934,-494.0,-2000.0,280.9107136,72474.20658787026,100.0,False,15
11098,1471.129,-576.0947302736993,-1921.2465272760198,283.0,72489.56444444442,100.0,False,15
11099,1471.234,-630.0,-1870.0,284.04999936,72497.86177004698,100.0,False,15
11100,1471.329,-702.0346984721847,-1801.688506146119,285.0,72505.39777777776,100.0,False,15
11101,1471.514,-860.0,-1652.0,286.7343744,72520.18388650869,100.0,False,15
11102,1471.649,-930.808708583212,-1584.764795306899,288.0,72530.99777777775,100.0,False,15
11103,1471.889,-1011.8142443733313,-1507.5860949076148,288.0,72550.19777777775,100.0,False,15
11104,1471.914,-1024.0,-1496.0,288.1442304,72552.20614573729,100.0,False,15
11105,1472.114,-1144.0,-1382.0,289.29807655384616,72568.35554581706,100.0,False,15
11106,1472.353,-1285.0,-1248.0,290.67692307692306,72587.8462418311,100.0,False,16
11107,1472.553,-1403.0,-1136.0,291.83076923076925,72604.27520010145,100.0,False,16
11108,1472.793,-1544.0,-1002.0,293.2153846153846,72623.97686528644,100.0,False,16
11109,1472.929,-1671.7769090911613,-880.5254671814097,294.0,72635.1311111111,100.0,False,16
11110,1473.033,-1769.0,-788.0,294.52,72643.65593024784,100.0,False,16
11111,1473.129,-1840.3319873234689,-719.9626430655729,295.0,72651.51999999997,100.0,False,16
11112,1473.329,-1945.2208115565056,-619.6965045837312,295.0,72667.90888888887,100.0,False,16
11113,1473.333,-1947.0,-618.0,295.04,72668.23790382416,100.0,False,16
11114,1473.529,-2020.5910145368005,-548.1187275716275,297.0,72684.40888888887,100.0,False,16
11115,1473.733,-2103.0,-470.0,296.43333333333334,72701.1723500668,100.0,False,16
11116,1473.889,-2193.7129333329176,-383.665121688704,296.0,72714.00888888886,100.0,False,16
11117,1473.973,-2246.0,-334.0,296.7,72720.95182746557,100.0,False,16
11118,1474.129,-2341.6226305977143,-243.57329800201003,298.0,72733.87555555553,100.0,False,16
11119,1474.253,-2414.0,-175.0,298.0,72744.13655757598,100.0,False,16
11120,1474.409,-2504.380754973317,-88.77765918959784,298.0,72757.05333333332,100.0,False,16
11121,1474.433,-2522.0,-72.0,298.0,72759.04428581511,95.56,False,16
11122,1474.633,-2700.0,97.0,298.0,72775.67209386552,58.56,False,16
11123,1474.809,-2792.6124722406616,184.70737985900934,298.0,72790.16444444441,26.0,True,16
11124,1474.969,-2835.169572543671,224.8109543182909,289.0,72803.00888888886,0.0,True,16
11125,1475.073,-2883.0,270.0,279.54545454545456,72810.86458743221,0.0,True,16
11126,1475.273,-3011.0,391.0,261.3636363636364,72824.76183802128,0.0,True,16
11127,1475.409,-3079.239763547635,455.219919642146,249.0,72833.44222222219,0.0,True,16
11128,1475.653,-3172.0,542.0,219.85555555555555,72847.59642126286,0.0,True,16
11129,1475.769,-3221.4773327805424,588.4368486051164,206.0,72854.04222222218,0.0,True,16
11130,1475.813,-3240.0,606.0,205.2280702992569,72856.47715014238,0.0,True,16
11131,1475.993,-3311.0,675.0,202.0701760689442,72866.38344200866,0.0,True,16
11132,1476.168,-3376.9136997793835,742.2725808915777,199.0,72876.09805555551,0.0,True,16
11133,1476.253,-3407.0,774.0,199.0,72880.88352935907,0.0,True,16
11134,1476.408,-3457.438296220194,829.1431412276577,199.0,72889.36472222218,0.0,True,16
11135,1476.453,-3471.0,845.0,195.15625546666666,72891.63937648619,0.0,True,16
11136,1476.633,-3521.0,909.0,179.78125546666666,72899.85391758448,0.0,True,16
11137,1476.813,-3567.0,974.0,164.40625546666666,72907.29749598783,0.0,True,16
11138,1476.888,-3584.0203117115243,1001.2483602336922,158.0,72910.43138888884,0.0,True,16
11139,1477.033,-3613.0,1054.0,153.7883824832219,72916.54386672977,0.0,True,16
11140,1477.129,-3629.4961411647364,1088.8164310664224,151.0,72920.53999999995,0.0,True,16
11141,1477.214,-3642.0,1120.0,149.11111253333334,72924.0007041139,0.0,True,16
11142,1477.434,-3664.0,1203.0,144.22222364444445,72932.6880558028,0.0,True,16
11143,1477.489,-3667.2027392304594,1223.5204043978247,143.0,72934.83999999995,0.0,False,16
11144,1477.614,-3671.0,1271.0,141.66071497142858,72939.71586823635,0.4464283428571429,False,16
11145,1477.769,-3668.7243592363448,1336.4981779098491,140.0,72945.72888888884,1.0,False,16
11146,1477.954,-3658.0,1421.0,139.07500032,72952.86911063547,37.07498752,False,16
11147,1477.969,-3656.8670365566936,1427.9484540574474,139.0,72953.45111111106,40.0,False,16
11148,1478.209,-3633.9573927819147,1539.835748373018,140.0,72962.78444444439,58.0,False,16
11149,1478.334,-3622.0,1591.0,138.4375008,72967.53891387348,50.187504,False,16
11150,1478.369,-3618.9100984586053,1603.8892837432843,138.0,72968.91777777772,48.0,False,16
11151,1478.649,-3597.6251837213963,1687.6007518233944,154.0,72980.8955555555,68.0,False,16
11152,1478.814,-3583.0,1746.0,154.0,72987.98208905973,68.68749973333334,False,16
11153,1478.889,-3575.385348302979,1777.3856518436419,154.0,72991.16222222216,69.0,False,16
11154,1478.893,-3575.0,1779.0,154.0,72991.33110160213,69.0,False,16
11155,1479.153,-3557.0,1887.0,154.0,73002.32402146797,69.0,False,16
11156,1479.209,-3554.5376104480006,1927.3535196741293,154.0,73004.85111111106,69.0,False,16
11157,1479.333,-3551.0,2023.0,164.33333333333334,73010.75384440101,70.03333333333333,False,16
11158,1479.449,-3550.7393665574527,2073.06786428799,174.0,73016.45111111106,71.0,False,16
11159,1479.653,-3557.0,2121.0,176.18571428571428,73026.44392802594,73.18571428571428,False,16
11160,1479.729,-3561.2696340887583,2154.1574546430065,177.0,73030.21777777773,74.0,False,16
11161,1479.873,-3571.0,2229.0,181.5,73037.49054265788,73.1,False,16
11162,1479.889,-3572.0669927292,2236.694444830538,182.0,73038.30666666661,73.0,False,16
11163,1480.129,-3593.861192097731,2348.848406665271,186.0,73050.7066666666,78.0,False,16
11164,1480.173,-3603.0,2378.0,186.78571428571428,73053.00540250906,81.45714285714286,False,16
11165,1480.373,-3662.0,2537.0,190.35714285714286,73063.60213043346,97.17142857142858,False,16
11166,1480.409,-3670.7075752266987,2558.2176267646937,191.0,73065.56222222217,100.0,False,16
11167,1480.733,-3726.0,2654.0,202.7,73083.89892502122,100.0,False,16
11168,1480.769,-3735.65067998391,2668.521221671139,204.0,73085.96222222217,100.0,False,16
11169,1480.929,-3788.6946710504462,2747.3883388106997,207.0,73095.16222222218,100.0,False,16
11170,1480.953,-3797.0,2759.0,207.6,73096.5586527938,100.0,False,16
11171,1481.133,-3862.0,2842.0,212.1,73107.201268761,100.0,False,16
11172,1481.169,-3877.0550759609478,2859.768676970783,213.0,73109.36222222217,100.0,False,16
11173,1481.353,-3966.0,2958.0,217.6,73120.56363737452,100.0,False,16
11174,1481.449,-4018.371264762776,3010.826481806106,220.0,73126.47333333328,100.0,False,16
11175,1481.633,-4120.0,3106.0,222.62857142857143,73137.87959528201,100.0,False,16
11176,1481.729,-4166.107827010498,3146.1543440023092,224.0,73143.8955555555,100.0,False,16
11177,1481.813,-4205.0,3179.0,225.68,73149.2046383017,100.0,False,16
11178,1481.929,-4260.055869699956,3225.273346645125,228.0,73156.56222222217,100.0,False,16
11179,1481.973,-4281.0,3243.0,228.0,73159.34401977151,100.0,False,16
11180,1482.089,-4335.868438289314,3290.054229866057,228.0,73166.6955555555,100.0,False,16
11181,1482.173,-4376.0,3325.0,230.1,73172.10194481816,100.0,False,16
11182,1482.249,-4412.999816394317,3357.5758770922685,232.0,73177.00666666662,100.0,False,16
11183,1482.413,-4493.0,3429.0,232.0,73187.53786307623,100.0,False,16
11184,1482.448,-4509.524104458185,3443.894179507366,232.0,73189.83111111107,100.0,False,16
11185,1482.573,-4572.0,3501.0,238.87499648,73198.22726302664,100.0,False,16
11186,1482.648,-4619.3949344453,3545.3249290494723,243.0,73203.33111111105,100.0,False,16
11187,1482.848,-4765.7825508352835,3684.4317689807863,246.0,73216.99777777772,100.0,False,16
11188,1482.913,-4800.0,3717.0,247.4218736,73221.50232379859,100.0,False,16
11189,1483.168,-4870.965473230247,3785.0601189467916,253.0,73239.4866666666,100.0,False,16
11190,1483.193,-4880.0,3794.0,253.3645824,73241.26908031579,100.0,False,16
11191,1483.393,-4980.0,3894.0,256.28124906666665,73255.6411722875,100.0,False,16
11192,1483.648,-5108.720666168909,4024.0477263991593,260.0,73274.15333333328,100.0,False,16
11193,1483.754,-5161.0,4078.0,261.3195008317347,73281.87621548751,100.0,False,16
11194,1483.889,-5227.679370955355,4148.14709730307,263.0,73291.75972222217,100.0,False,16
11195,1483.934,-5250.0,4172.0,263.4999992888889,73295.0735186757,100.0,False,16
11196,1484.034,-5300.0,4226.0,264.6111104,73302.47228218548,100.0,False,16
11197,1484.249,-5408.676648506533,4343.479216548242,267.0,73318.45972222218,100.0,False,16
11198,1484.254,-5411.0,4346.0,267.02499968,73318.83143474467,100.0,False,16
11199,1484.449,-5497.8779922433,4441.312243971094,268.0,73333.34861111107,100.0,False,16
11200,1484.514,-5541.0,4490.0,268.8124992,73338.22100374183,100.0,False,16
11201,1484.674,-5680.0,4649.0,270.8124992,73350.30082283428,100.0,False,16
11202,1484.769,-5740.855263153301,4719.255886299518,272.0,73357.52638888884,100.0,False,16
11203,1485.049,-5817.489790193033,4811.13637084619,276.0,73378.9930555555,100.0,False,16
11204,1485.094,-5827.0,4823.0,276.0,73382.44305778606,100.0,False,16
11205,1485.254,-5862.0,4867.0,276.0,73394.70429348393,100.0,False,16
11206,1485.289,-5870.659115300898,4877.728899121868,276.0,73397.3930555555,100.0,False,16
11207,1485.473,-5928.0,4948.0,277.3142857142857,73411.58069563203,100.0,False,16
11208,1485.569,-5971.628394321389,5001.760332275529,278.0,73419.01527777771,100.0,False,16
11209,1485.693,-6035.0,5081.0,278.8857142857143,73428.64929990713,100.0,False,16
11210,1485.849,-6110.122216991044,5178.495192842458,280.0,73440.79305555549,100.0,False,16
11211,1485.993,-6177.0,5267.0,280.0,73451.99379781466,100.0,False,16
11212,1486.009,-6184.408262268932,5276.792781144233,280.0,73453.23749999994,100.0,False,16
11213,1486.073,-6214.0,5316.0,280.0,73458.2104113983,100.0,False,16
11214,1486.169,-6258.287268233303,5375.635808620641,280.0,73465.6819444444,100.0,False,16
11215,1486.409,-6368.184424228209,5527.474436590074,282.0,73484.4819444444,8.0,False,16
11216,1486.413,-6370.0,5530.0,281.9428571428571,73484.79395053598,7.885714285714286,False,16
11217,1486.613,-6460.0,5656.0,279.0857142857143,73500.28475303767,2.1714285714285713,False,16
11218,1486.689,-6493.7203602287955,5703.977283635079,278.0,73506.10416666661,0.0,False,16
11219,1486.793,-6539.0,5769.0,273.32,73514.00169923434,0.0,False,16
11220,1486.889,-6579.363447754691,5827.336388526924,269.0,73521.04861111105,0.0,True,16
11221,1487.033,-6637.0,5912.0,251.6,73530.89180059904,0.0,True,16
11222,1487.129,-6673.202107433099,5966.750461868079,240.0,73537.04861111105,0.0,True,16
11223,1487.253,-6718.0,6035.0,230.4181818181818,73544.59043988283,0.0,True,16
11224,1487.453,-6787.0,6138.0,214.96363636363637,73555.89299645796,0.0,True,16
11225,1487.569,-6823.7030378406025,6194.18762471333,206.0,73562.22638888883,0.0,True,16
11226,1487.653,-6849.0,6233.0,199.28,73566.73665468594,0.0,True,16
11227,1487.769,-6882.587066815172,6283.7123583525345,190.0,73572.78194444439,0.0,True,16
11228,1487.853,-6906.0,6319.0,185.17,73576.95358739988,0.0,True,16
11229,1487.953,-6933.0,6360.0,179.42,73581.69264255447,0.0,True,16
11230,1488.169,-6988.746438388343,6444.249281343328,167.0,73591.33749999995,0.0,True,16
11231,1488.213,-6999.0,6460.0,162.875,73593.2324756327,0.0,True,16
11232,1488.329,-7024.102418659013,6499.396181807537,152.0,73598.0930555555,0.0,True,16
11233,1488.393,-7041.0,6527.0,147.6,73600.66657569847,0.0,True,16
11234,1488.489,-7074.225293256594,6582.689433742486,141.0,73604.35972222216,0.0,True,16
11235,1488.673,-7140.0,6698.0,130.61755694193215,73610.79460596618,0.0,True,16
11236,1488.808,-7160.155519316241,6741.560504118219,123.0,73615.25888888883,0.0,True,16
11237,1488.853,-7165.0,6754.0,122.21250112,73616.74012026515,0.0,True,16
11238,1488.993,-7180.0,6796.0,119.76250112,73621.3264667771,0.0,True,16
11239,1489.173,-7195.0,6850.0,116.61250112,73627.06730702361,0.0,True,16
11240,1489.208,-7197.360654348442,6859.290102308668,116.0,73628.14777777772,0.0,True,16
11241,1489.408,-7207.315637628115,6906.749160662473,107.0,73634.09222222216,0.0,True,16
11242,1489.513,-7209.0,6947.0,104.3750016,73637.04668308682,0.0,True,16
11243,1489.673,-7207.0,7029.0,100.3750016,73641.34035550906,0.0,True,16
11244,1489.808,-7204.825258256962,7064.141224026936,97.0,73644.86999999994,0.0,False,16
11245,1490.033,-7198.0,7084.0,92.31250133333333,73650.62444690094,0.0,False,16
11246,1490.048,-7197.1727667894975,7086.803486695951,92.0,73651.00333333327,0.0,False,16
11247,1490.208,-7185.523394758246,7125.5520884515445,90.0,73655.00333333327,0.0,False,16
11248,1490.214,-7185.0,7127.0,89.93594441245709,73655.15120778048,0.4483891128003673,False,16
11249,1490.474,-7157.0,7182.0,87.16014306850234,73661.43350071585,19.87899852048365,False,16
11250,1490.489,-7155.10524438567,7184.9135598222065,87.0,73661.7941666666,21.0,False,16
11251,1490.634,-7135.0,7212.0,87.0,73665.28910447477,27.52499712,False,16
11252,1490.689,-7126.21212503212,7221.627677271002,87.0,73666.62749999993,30.0,False,16
11253,1490.814,-7104.0,7242.0,88.04166613333334,73669.70612825618,32.77777635555555,False,16
11254,1491.034,-7059.0,7272.0,89.87499946666667,73675.24460905061,37.666665244444445,False,16
11255,1491.049,-7055.650743530004,7273.754771577928,90.0,73675.62749999993,38.0,False,16
11256,1491.294,-6998.0,7297.0,93.49999908571428,73681.99911550872,42.374998857142856,False,16
11257,1491.329,-6990.00383762653,7299.474291875966,94.0,73682.93861111104,43.0,False,16
11258,1491.534,-6936.0,7312.0,97.98610986666667,73688.61639716075,49.26388693333333,False,16
11259,1491.689,-6868.281315057942,7324.073160368194,101.0,73693.03861111104,54.0,False,16
11260,1491.734,-6851.0,7327.0,101.67499904,73694.33437807809,55.6874976,False,16
11261,1492.089,-6774.194407217584,7337.8486101848375,107.0,73704.92749999993,69.0,False,16
11262,1492.093,-6773.0,7338.0,107.275,73705.05409429272,69.05,False,16
11263,1492.249,-6712.985038529036,7345.67831168042,118.0,73710.17194444437,71.0,False,16
11264,1492.413,-6645.0,7354.0,127.84,73716.06626545242,71.0,False,16
11265,1492.449,-6632.76594073972,7355.360044097343,130.0,73717.39416666659,71.0,False,16
11266,1492.609,-6587.977008775815,7359.666737742105,135.0,73723.39416666659,75.0,False,16
11267,1492.693,-6562.0,7362.0,137.7,73726.68505851606,64.8,False,16
11268,1492.889,-6485.969600653105,7369.10682658053,144.0,73734.59416666659,41.0,False,16
11269,1492.953,-6460.0,7372.0,143.6,73737.14779319627,24.6,False,16
11270,1493.049,-6421.8247125910875,7376.90499561034,143.0,73740.94972222215,0.0,False,16
11271,1493.133,-6389.0,7382.0,142.4,73744.25889591931,0.0,False,16
11272,1493.329,-6313.903695202543,7397.597096789379,141.0,73751.91638888881,0.0,False,16
11273,1493.569,-6224.798972349866,7423.767082950232,139.0,73761.18305555548,0.0,False,16
11274,1493.809,-6140.225338076991,7458.22887533238,138.0,73770.38305555547,0.0,False,16
11275,1494.129,-6040.157249454457,7519.129955284143,133.0,73782.2052777777,5.0,False,16
11276,1494.133,-6039.0,7520.0,132.95,73782.35047971466,5.566666666666666,False,16
11277,1494.353,-5979.0,7572.0,130.2,73790.29125015803,36.733333333333334,False,16
11278,1494.369,-5974.930511369939,7576.101434024056,130.0,73790.87194444437,39.0,False,16
11279,1494.569,-5927.59898098633,7631.021163197687,132.0,73798.2052777777,44.0,False,16
11280,1494.633,-5914.0,7650.0,132.68571428571428,73800.58150285247,46.05714285714286,False,16
11281,1494.813,-5880.0,7707.0,134.61428571428573,73807.34055645028,51.84285714285714,False,16
11282,1494.849,-5873.957796827901,7719.042619299834,135.0,73808.7052777777,53.0,False,16
11283,1494.953,-5858.0,7755.0,136.3,73812.671736136,53.43333333333333,False,16
11284,1495.089,-5840.763720839356,7804.463555044647,138.0,73817.9052777777,54.0,False,16
11285,1495.133,-5836.0,7821.0,138.41379302043023,73819.60768366985,55.24137906129072,False,16
11286,1495.353,-5818.0,7907.0,140.48275812258143,73828.2084636949,61.448274367744325,False,16
11287,1495.408,-5815.130692226174,7929.091539310906,141.0,73830.39944444437,63.0,False,16
11288,1495.533,-5811.0,7980.0,144.74999808,73835.45189075313,68.62499712,False,16
11289,1495.608,-5810.012973296263,8010.965699656642,147.0,73838.56611111104,72.0,False,16
11290,1495.753,-5811.0,8072.0,150.98749824,73844.81361996885,75.6249984,False,16
11291,1496.008,-5819.980236061223,8183.495234850889,158.0,73856.1216666666,82.0,False,16
11292,1496.053,-5822.0,8203.0,158.0,73858.08224203106,82.0,False,16
11293,1496.168,-5827.410157206597,8252.14102705466,158.0,73863.14388888882,82.0,False,16
11294,1496.273,-5834.0,8304.0,163.9062464,73868.06134508108,87.9062464,False,16
11295,1496.473,-5852.0,8428.0,175.1562464,73878.02946995336,99.1562464,False,16
11296,1496.488,-5853.218178111678,8436.228898449393,176.0,73878.78833333327,100.0,False,16
11297,1496.768,-5870.469619283656,8550.213070927988,185.0,73893.17722222216,100.0,False,16
11298,1496.854,-5877.0,8589.0,187.67080453994714,73897.68074256236,100.0,False,16
11299,1496.929,-5883.752623037613,8627.800924490775,190.0,73901.67444444439,100.0,False,16
11300,1496.954,-5886.0,8641.0,190.8593728,73903.02560459907,100.0,False,16
11301,1497.134,-5901.0,8735.0,197.0468728,73913.03385831395,100.0,False,16
11302,1497.249,-5911.207223625353,8797.170065536196,201.0,73919.54111111106,100.0,False,16
11303,1497.374,-5922.0,8867.0,203.3437488,73926.63296929163,100.0,False,16
11304,1497.409,-5924.719283144555,8886.917801488415,204.0,73928.60777777772,100.0,False,16
11305,1497.614,-5938.0,9004.0,201.99456584347826,73940.01239436051,82.39674462608696,False,16
11306,1497.754,-5944.0,9085.0,200.62500062608694,73947.64178647523,70.37500549565218,False,16
11307,1498.034,-5942.0,9322.0,197.88587019130435,73962.6184761859,46.331527234782605,False,16
11308,1498.329,-5936.778714517155,9418.775238724385,195.0,73978.44111111105,21.0,False,16
11309,1498.454,-5924.0,9474.0,194.65277795555556,73985.1758006193,26.555552711111112,False,16
11310,1498.689,-5875.459823330843,9657.565271762873,194.0,73997.84111111106,37.0,False,16
11311,1498.733,-5865.0,9690.0,193.8625,74000.20344164316,40.4375,False,16
11312,1499.009,-5797.65227835937,9832.778739466,193.0,74014.99666666662,62.0,False,16
11313,1499.173,-5760.0,9890.0,194.64,74023.8588456946,80.86,False,16
11314,1499.209,-5752.236849087648,9901.34778222166,195.0,74025.82999999996,85.0,False,16
11315,1499.449,-5701.788036485578,9969.167453115931,201.0,74039.22999999995,100.0,False,16
11316,1499.553,-5671.0,10004.0,201.86666666666667,74045.09508568775,100.0,False,16
11317,1499.689,-5618.622991411023,10058.470124524756,203.0,74052.76333333329,100.0,False,16
11318,1499.773,-5583.0,10093.0,203.0,74057.47529184104,100.0,False,16
11319,1499.849,-5550.276823369512,10122.89734943596,203.0,74061.7855555555,100.0,False,16
11320,1499.953,-5504.0,10163.0,207.68,74067.84493906717,100.0,False,16
11321,1500.049,-5459.459854102899,10200.332586551012,212.0,74073.56333333328,100.0,False,16
11322,1500.073,-5449.0,10209.0,212.5,74075.00611497721,100.0,False,16
11323,1500.333,-5326.0,10306.0,217.91666666666666,74090.96559247682,100.0,False,16
11324,1500.529,-5111.060214006758,10465.661626519995,222.0,74103.16333333329,100.0,False,16
11325,1500.573,-5068.0,10497.0,222.47142857142856,74105.90272273317,100.0,False,16
11326,1500.809,-4938.526315711404,10585.167803407901,225.0,74120.66333333329,100.0,False,16
11327,1500.993,-4868.0,10628.0,228.06666666666666,74132.3961699383,100.0,False,16
11328,1501.053,-4836.0,10648.0,229.06666666666666,74136.26155851876,100.0,False,16
11329,1501.169,-4740.08207383601,10704.576115608157,231.0,74143.76333333329,100.0,False,16
11330,1501.293,-4623.0,10771.0,233.06666666666666,74151.82432164351,100.0,False,16
11331,1501.409,-4537.955839724794,10817.226669216558,235.0,74159.42999999996,100.0,False,16
11332,1501.729,-4383.320090788639,10890.1567190127,240.0,74180.76333333329,100.0,False,16
11333,1501.793,-4348.0,10906.0,240.3216079367693,74185.0378592451,100.0,False,16
11334,1501.928,-4263.822845538972,10943.660393957842,241.0,74194.08527777775,100.0,False,16
11335,1502.153,-4126.0,11005.0,244.37499904,74209.46527805219,100.0,False,16
11336,1502.328,-4059.397987127263,11034.191426764211,247.0,74221.52972222219,100.0,False,16
11337,1502.453,-4000.0,11060.0,247.7812496,74230.1351543588,100.0,False,16
11338,1502.488,-3977.6891497864244,11069.701601972034,248.0,74232.5519444444,100.0,False,16
11339,1502.688,-3806.747241008737,11144.092337081727,250.0,74246.4408333333,100.0,False,16
11340,1502.813,-3697.0,11192.0,250.62499968,74255.13710335588,100.0,False,16
11341,1502.888,-3636.837477148331,11218.346203655721,251.0,74260.38527777774,100.0,False,16
11342,1503.128,-3474.5991975340703,11289.971659832123,255.0,74277.38527777774,100.0,False,16
11343,1503.173,-3450.0,11301.0,255.0,74280.58153076185,100.0,False,16
11344,1503.408,-3348.1634160037934,11347.753197237393,255.0,74297.21861111106,100.0,False,16
11345,1503.514,-3296.0,11372.0,252.6209501240419,74304.63625607213,73.56611248935461,False,16
11346,1503.754,-3144.0,11443.0,247.23441559851022,74321.0276639234,13.715728872335784,False,16
11347,1503.809,-3110.053999752541,11459.338300328604,246.0,74324.62027777774,0.0,True,16
11348,1503.914,-3048.0,11490.0,238.38750464,74331.29140659697,0.0,True,16
11349,1504.174,-2905.0,11566.0,219.53750464,74346.76095268168,0.0,True,16
11350,1504.209,-2887.4096562275377,11575.929385128273,217.0,74348.73138888885,0.0,True,16
11351,1504.409,-2790.9082512418,11633.22418367825,196.0,74359.62027777774,0.0,True,16
11352,1504.454,-2767.0,11648.0,196.0,74362.07150729939,0.0,True,16
11353,1504.569,-2700.216171138977,11690.035529304632,196.0,74368.33138888884,0.0,True,16
11354,1504.694,-2631.0,11734.0,192.42857325714286,74374.9633412202,0.0,True,16
11355,1504.849,-2569.842337431109,11772.40813072843,188.0,74382.95361111106,0.0,False,16
11356,1505.034,-2507.0,11805.0,183.3750016,74392.21029361429,0.0,False,16
11357,1505.214,-2429.0,11834.0,178.8750016,74401.02385159241,0.0,False,16
11358,1505.249,-2414.271216270152,11838.57254212154,178.0,74402.73138888885,0.0,False,16
11359,1505.473,-2307.0,11852.0,175.2,74413.62116427734,10.266666666666667,False,16
11360,1505.489,-2295.711868615154,11851.191486216188,175.0,74414.39805555552,11.0,False,16
11361,1505.693,-2137.0,11827.0,175.0,74424.30192587146,34.8,False,16
11362,1505.849,-2101.1562666708624,11817.087437995306,175.0,74431.89805555552,53.0,False,16
11363,1505.953,-2083.0,11806.0,175.26,74436.98252730249,57.68,False,16
11364,1506.173,-1987.0,11754.0,175.81,74447.75752586183,67.58,False,16
11365,1506.249,-1953.3532768588875,11732.598176670119,176.0,74451.45361111108,71.0,False,16
11366,1506.409,-1888.0296045016057,11684.702023613085,176.0,74459.2758333333,74.0,False,16
11367,1506.453,-1870.0,11671.0,178.5142857142857,74461.52289507925,75.1,False,16
11368,1506.613,-1803.0,11620.0,187.65714285714284,74470.08367840755,79.1,False,16
11369,1506.689,-1770.023135070718,11596.28598403339,192.0,74474.20916666664,81.0,False,16
11370,1506.849,-1698.1906068855842,11548.913684944484,195.0,74482.8758333333,82.0,False,16
11371,1506.893,-1678.0,11537.0,195.0,74485.23989456345,83.1,False,16
11372,1507.033,-1611.0,11502.0,195.0,74492.7588952678,86.6,False,16
11373,1507.089,-1580.789141948027,11488.42054292113,195.0,74495.8758333333,88.0,False,16
11374,1507.329,-1427.3381327170753,11432.426296294496,212.0,74510.00916666663,100.0,False,16
11375,1507.373,-1396.0,11423.0,213.1,74512.64930290915,100.0,False,16
11376,1507.529,-1277.711012294148,11392.042172539628,217.0,74522.06472222219,100.0,False,16
11377,1507.689,-1157.4574388435108,11365.517720807984,220.0,74531.84249999997,100.0,False,16
11378,1507.773,-1108.0,11355.0,221.3125,74537.02019358109,100.0,False,16
11379,1508.009,-1022.8992824108858,11338.334338870063,225.0,74551.84249999997,100.0,False,16
11380,1508.233,-906.0,11317.0,233.42633059785217,74566.5442286315,100.0,False,16
11381,1508.328,-815.5618799803583,11299.925151954203,237.0,74572.8433333333,100.0,False,16
11382,1508.393,-751.0,11287.0,237.64999936,74577.14896902308,100.0,False,16
11383,1508.528,-631.6310597104149,11259.822354724818,239.0,74586.12111111108,100.0,False,16
11384,1508.753,-478.0,11218.0,243.2187488,74601.36127213518,100.0,False,16
11385,1508.848,-430.7601094102302,11204.045386064025,245.0,74607.89888888884,100.0,False,16
11386,1509.153,-308.0,11162.0,251.09999872,74629.26689080086,100.0,False,16
11387,1509.248,-255.57841278244558,11142.809128901283,253.0,74636.00999999997,100.0,False,16
11388,1509.408,-145.32565572552963,11096.942872539632,257.0,74647.43222222218,100.0,False,16
11389,1509.433,-125.0,11087.0,257.1041664,74649.21979152039,100.0,False,16
11390,1509.633,49.0,10992.0,257.9374997333333,74663.55198225525,100.0,False,16
11391,1509.648,59.45149945005198,10986.038217684516,258.0,74664.63222222218,100.0,False,16
11392,1509.848,144.7890252038803,10934.931678266792,261.0,74679.13222222218,100.0,False,16
11393,1510.054,247.0,10846.0,263.9323831874467,74694.29246428963,100.0,False,16
11394,1510.129,313.9720436793335,10784.447547874364,265.0,74699.81694444439,100.0,False,16
11395,1510.174,353.0,10747.0,265.0,74703.12506859936,100.0,False,16
11396,1510.354,464.0,10624.0,265.0,74716.319201841,100.0,False,16
11397,1510.489,528.340335987595,10543.443124970503,265.0,74726.3169444444,100.0,False,16
11398,1510.634,591.0,10458.0,269.34999808,74737.21590905887,100.0,False,16
11399,1510.689,614.6729657088638,10423.94988767084,271.0,74741.37249999997,100.0,False,16
11400,1510.794,659.0,10357.0,271.9545448727273,74749.32384993053,100.0,False,16
11401,1510.974,729.0,10239.0,273.5909085090909,74763.01688553342,100.0,False,16
11402,1511.129,783.7337931955637,10134.235624765448,275.0,74774.98361111106,100.0,False,16
11403,1511.234,818.0,10062.0,276.5113627151515,74783.20095488787,100.0,False,16
11404,1511.514,899.0,9864.0,280.54166574545457,74805.55164219944,100.0,False,16
11405,1511.714,949.0,9716.0,283.42045362424244,74821.90625836648,100.0,False,16
11406,1511.893,989.0,9578.0,285.9969696969697,74836.76906419123,100.0,False,16
11407,1512.133,1056.0,9298.0,289.45151515151514,74856.67457961879,100.0,False,16
11408,1512.353,1073.0,9219.0,292.6181818181818,74874.86376184277,100.0,False,16
11409,1512.449,1088.2992030343737,9138.841417656206,294.0,74882.78361111108,100.0,False,16
11410,1512.673,1136.0,8881.0,296.4,74901.24421150946,100.0,False,16
11411,1512.729,1142.9877786629766,8838.588856560551,297.0,74905.88361111107,100.0,False,16
11412,1512.973,1156.0,8718.0,299.7111111111111,74926.26903889146,100.0,False,16
11413,1513.089,1162.796673715009,8632.966444066069,301.0,74935.98361111106,100.0,False,16
11414,1513.213,1168.0,8519.0,301.0,74946.35124454694,100.0,False,16
11415,1513.289,1168.0816141930168,8439.79652527351,301.0,74952.70583333328,100.0,False,16
11416,1513.449,1161.5825135903976,8258.34784658267,302.0,74966.12805555551,100.0,False,16
11417,1513.553,1157.0,8166.0,303.95,74974.96666863211,100.0,False,16
11418,1513.769,1149.3478327791727,8054.322221287998,308.0,74993.50583333329,100.0,False,16
11419,1513.873,1142.0,7961.0,308.0,75002.40469577067,100.0,False,16
11420,1514.033,1123.0,7729.0,308.0,75016.0796091962,100.0,False,16
11421,1514.089,1114.9289085855858,7653.359036613622,308.0,75020.88361111106,100.0,False,16
11422,1514.289,1081.6846747930967,7441.090924812917,310.0,75038.10583333328,100.0,False,16
11423,1514.393,1064.0,7359.0,310.0,75047.05588573252,100.0,False,16
11424,1514.449,1054.6281685513402,7321.972233835922,310.0,75051.88361111106,100.0,False,16
11425,1514.673,1012.0,7194.0,311.6,75071.29577860601,100.0,False,16
11426,1514.729,997.2077513975611,7153.201884219274,312.0,75076.15027777772,100.0,False,16
11427,1514.928,933.9714517556678,6981.949223673334,312.0,75093.3969444444,100.0,False,16
11428,1514.993,915.0,6930.0,312.5909085090909,75099.0642348645,100.0,False,16
11429,1515.173,863.0,6782.0,314.22727214545455,75114.87114142472,100.0,False,16
11430,1515.368,770.8936905944677,6503.76438337259,316.0,75132.0191666666,100.0,False,16
11431,1515.373,769.0,6498.0,316.0,75132.45791873605,100.0,False,16
11432,1515.728,710.0030240904304,6317.034098729755,316.0,75163.61916666661,100.0,False,16
11433,1515.733,709.0,6314.0,316.09999872,75164.06181594005,100.0,False,16
11434,1515.913,657.0,6164.0,319.69999872,75180.06470839081,100.0,False,16
11435,1515.928,651.0277089571019,6148.384906792079,320.0,75181.3969444444,100.0,False,16
11436,1516.168,530.8127165524179,5862.409258100362,319.0,75202.66361111104,100.0,False,16
11437,1516.233,505.0,5804.0,319.4862838880852,75208.44915420387,100.0,False,16
11438,1516.534,437.0,5657.0,321.7381540928725,75235.39712186606,100.0,False,16
11439,1516.569,426.4345432898357,5632.607377452974,322.0,75238.53083333327,100.0,False,16
11440,1516.694,384.0,5528.0,322.0,75249.7140920743,100.0,False,16
11441,1516.809,352.28699659414497,5430.443313243553,322.0,75259.99749999994,100.0,False,16
11442,1516.874,337.0,5377.0,322.0,75265.8102307613,99.81944462222222,False,16
11443,1517.169,284.62668708081395,5130.704978194005,322.0,75292.19749999995,99.0,False,16
11444,1517.214,279.0,5078.0,322.0,75296.22437261509,99.0,False,16
11445,1517.474,259.0,4721.0,322.0,75319.49112926648,99.0,False,16
11446,1517.569,257.6111467930331,4646.02237813421,322.0,75327.97527777772,99.0,False,16
11447,1517.729,261.8778784236506,4588.651823479317,321.0,75342.2419444444,99.0,False,16
11448,1517.814,266.0,4541.0,321.0,75349.82606289697,99.5312496,False,16
11449,1517.889,270.5217891822863,4482.687722471818,321.0,75356.50861111104,100.0,False,16
11450,1518.054,283.0,4326.0,319.9687504,75371.1369510402,100.0,False,16
11451,1518.174,294.0,4220.0,319.2187504,75381.75954393386,100.0,False,16
11452,1518.209,297.8114226765742,4187.440632594023,319.0,75384.86416666661,100.0,False,16
11453,1518.369,319.11897329477864,4024.589565513639,320.0,75399.08638888881,100.0,False,16
11454,1518.513,341.0,3887.0,320.0,75411.88922933952,100.0,False,16
11455,1518.529,343.49104024280734,3873.2627107054755,320.0,75413.30861111105,100.0,False,16
11456,1518.809,391.8430030457945,3664.8696441755724,318.0,75438.04194444438,100.0,False,16
11457,1518.833,397.0,3646.0,317.94,75440.1603011468,100.0,False,16
11458,1519.033,447.0,3477.0,317.44,75457.82183058467,100.0,False,16
11459,1519.173,487.0,3361.0,317.09,75470.11924133699,100.0,False,16
11460,1519.209,497.9676363915942,3331.335750168604,317.0,75473.26416666662,100.0,False,16
11461,1519.413,565.0,3164.0,314.2181818181818,75490.95199105862,99.53636363636363,False,16
11462,1519.593,629.0,3020.0,311.76363636363635,75506.45048869298,99.12727272727273,False,16
11463,1519.649,649.4861395458288,2975.9951340927764,311.0,75511.2752777777,99.0,False,16
11464,1519.809,709.4004111775549,2852.2826570508073,310.0,75525.05305555549,100.0,False,16
11465,1519.913,750.0,2773.0,309.05454545454546,75533.95757559758,100.0,False,16
11466,1520.113,832.0,2623.0,307.23636363636365,75550.95414280152,100.0,False,16
11467,1520.249,890.2388857218551,2523.887717089631,306.0,75562.4530555555,100.0,False,16
11468,1520.253,892.0,2521.0,305.95,75562.79067194655,100.0,False,16
11469,1520.413,965.0,2407.0,303.95,75576.26814590329,100.0,False,16
11470,1520.489,1001.3059275825053,2354.5957988533223,303.0,75582.6530555555,100.0,False,16
11471,1520.653,1083.0,2245.0,302.0888888888889,75596.39627090971,100.0,False,16
11472,1520.833,1178.0,2128.0,301.0888888888889,75611.42085705906,100.0,False,16
11473,1520.849,1186.8294559991398,2117.7255945737297,301.0,75612.75305555548,100.0,False,16
11474,1521.013,1278.0,2016.0,299.24285714285713,75626.37539168645,100.0,False,16
11475,1521.129,1335.0833079575777,1954.1289237299495,298.0,75635.93083333326,100.0,False,16
11476,1521.313,1452.0,1836.0,293.4,75650.91152172966,100.0,False,16
11477,1521.329,1467.0202048676913,1821.4438881470496,293.0,75652.20861111104,100.0,False,16
11478,1521.513,1662.0,1636.0,289.30150872715296,75667.00524400975,100.0,False,16
11479,1521.528,1673.9910929854036,1624.7305836581015,289.0,75668.18388888883,100.0,True,16
11480,1521.853,1791.0,1520.0,274.22727563636363,75692.5383545366,26.136378181818184,True,16
11481,1521.968,1844.6822534330558,1473.1028490450776,269.0,75701.06166666662,0.0,True,16
11482,1522.213,1993.0,1345.0,266.55000064,75719.47874549462,0.0,True,16
11483,1522.313,2050.0,1298.0,265.55000064,75726.6998596293,0.0,True,16
11484,1522.368,2080.4682739413597,1273.009815192213,265.0,75730.50611111106,0.0,True,16
11485,1522.553,2179.0,1193.0,246.03750656,75742.44767873787,0.0,True,16
11486,1522.733,2270.0,1122.0,227.58750656,75753.29402130336,0.0,True,16
11487,1522.768,2287.3113346802143,1108.752275300897,224.0,75755.39499999995,0.0,True,16
11488,1522.973,2386.0,1035.0,215.9464310857143,75767.61972500675,0.0,True,16
11489,1523.048,2420.491227122166,1010.2405301263651,213.0,75771.96166666661,0.0,True,16
11490,1523.174,2481.0,969.0,205.68050341722912,75779.02980473703,0.0,True,16
11491,1523.289,2546.3985486984357,927.8061965273711,199.0,75785.28361111105,0.0,True,16
11492,1523.434,2628.0,880.0,193.5625024,75792.96686738674,0.0,True,16
11493,1523.529,2669.862698500998,857.921094062862,190.0,75797.95027777772,0.0,True,16
11494,1523.689,2723.966682988693,835.2754820177151,188.0,75806.30583333329,0.0,True,16
11495,1523.794,2764.0,823.0,185.61363781818181,75811.64178340673,3.3409070545454544,True,16
11496,1524.034,2877.0,800.0,180.15909236363638,75823.4229277283,10.97727069090909,True,16
11497,1524.129,2924.991952546541,796.7540572464524,178.0,75828.06138888883,14.0,False,16
11498,1524.254,2988.0,797.0,176.4375008,75834.17209664798,35.8749888,False,16
11499,1524.289,3005.1662851849264,797.6124329964081,176.0,75835.88361111106,42.0,False,16
11500,1524.414,3069.0,802.0,176.0,75841.99594199579,48.2499968,False,16
11501,1524.489,3115.1731023313546,806.6850644276753,176.0,75845.66138888884,52.0,False,16
11502,1524.649,3223.1885711982554,819.8645619682924,176.0,75853.48361111105,52.0,False,16
11503,1524.694,3248.0,823.0,176.4218744,75855.69402731895,53.8281224,False,16
11504,1524.969,3348.93949926187,836.3675246899327,179.0,75869.39472222216,65.0,False,16
11505,1525.014,3368.0,839.0,179.8437488,75871.68843649275,65.8437488,False,16
11506,1525.173,3448.0,850.0,182.825,75879.90548625537,68.825,False,16
11507,1525.289,3499.5240187910326,856.5697234816795,185.0,75885.8391666666,71.0,False,16
11508,1525.453,3590.0,864.0,180.08,75894.0214230359,12.780000000000001,False,16
11509,1525.489,3619.4733530833796,865.5890758752532,179.0,75895.78361111105,0.0,True,16
11510,1525.633,3745.0,871.0,175.8,75902.70754286193,2.4,True,16
11511,1525.849,3801.0217061168205,871.5404692922784,171.0,75912.88361111104,6.0,True,16
11512,1525.933,3820.0,870.0,170.16,75916.84510404969,18.18,True,16
11513,1526.049,3867.681789240471,866.7154783424833,169.0,75922.27249999993,35.0,True,16
11514,1526.173,3930.0,861.0,166.41666666666666,75927.93655441276,40.166666666666664,True,16
11515,1526.289,3982.775114665777,852.8724233760489,164.0,75933.20583333327,45.0,False,16
11516,1526.393,4028.0,843.0,164.975,75937.98354075583,53.125,False,16
11517,1526.593,4115.0,816.0,166.85,75947.29918192753,68.75,False,16
11518,1526.609,4121.893190980257,813.2959144208479,167.0,75948.05027777771,70.0,False,16
11519,1526.769,4190.077738352786,781.6656886610705,170.0,75955.60583333328,68.0,False,16
11520,1526.833,4217.0,767.0,170.64,75958.64863503908,69.6,False,16
11521,1526.969,4273.5666485734055,732.337027295424,172.0,75965.16138888884,73.0,False,16
11522,1527.073,4316.0,703.0,174.08,75970.1980158458,77.68,False,16
11523,1527.169,4354.408819996085,673.9938336359135,176.0,75974.93916666662,82.0,False,16
11524,1527.233,4380.0,654.0,178.2,75978.17269881524,85.6,False,16
11525,1527.413,4453.0,596.0,184.3875,75987.54394316273,95.725,False,16
11526,1527.489,4484.064733625805,570.5524501797985,187.0,75991.56138888883,100.0,False,16
11527,1527.689,4566.337241650071,500.7283307087395,193.0,76002.28361111105,100.0,False,16
11528,1528.008,4700.114474802478,383.8070712886092,202.0,76020.18305555549,100.0,False,16
11529,1528.133,4754.0,338.0,205.57142674285714,76027.41683234103,100.0,False,16
11530,1528.288,4822.120087663134,281.21261381749576,210.0,76036.51638888882,100.0,False,16
11531,1528.393,4872.0,240.0,212.6249984,76042.74065878284,100.0,False,16
11532,1528.488,4921.230863668142,199.38417293501553,215.0,76048.46083333327,100.0,False,16
11533,1528.613,4993.0,140.0,218.40908916363637,76056.1777320301,100.0,False,16
11534,1528.928,5198.212895327574,-31.79336877801513,227.0,76076.20527777771,100.0,False,16
11535,1529.013,5233.0,-61.0,227.7083328,76081.59805814136,100.0,False,16
11536,1529.168,5259.846053106547,-83.53782334549958,229.0,76091.47194444436,100.0,False,16
11537,1529.273,5292.0,-111.0,231.24999862857143,76098.27106532191,100.0,False,16
11538,1529.448,5421.853240844656,-222.1954803513165,235.0,76109.74972222216,100.0,False,16
11539,1529.553,5500.0,-289.0,236.57499904,76116.67419655458,100.0,False,16
11540,1529.648,5550.390244540896,-331.8899742565361,238.0,76122.97194444436,100.0,False,16
11541,1529.849,5602.9170716131985,-376.09829376463256,241.0,76136.4277777777,100.0,False,16
11542,1529.994,5652.0,-419.0,242.55357074285715,76146.24490666986,100.0,False,16
11543,1530.129,5719.822674471757,-479.34382429421254,244.0,76155.40555555548,100.0,False,16
11544,1530.214,5763.0,-518.0,244.0,76161.1548225659,100.0,False,16
11545,1530.289,5796.649799295519,-548.2532851014573,244.0,76166.24999999993,100.0,False,16
11546,1530.454,5882.0,-631.0,246.62499898181818,76177.63345262979,100.0,False,16
11547,1530.614,6015.0,-772.0,249.1704535272727,76188.85270398139,100.0,False,16
11548,1530.729,6068.016582831919,-829.5829882161223,251.0,76196.9277777777,100.0,False,16
11549,1530.934,6106.0,-878.0,252.7083328,76211.3309605485,100.0,False,16
11550,1530.969,6116.97270377503,-892.5359538696086,253.0,76213.79444444437,100.0,False,16
11551,1531.169,6204.201914514494,-1009.3604077038865,254.0,76227.90555555548,100.0,False,16
11552,1531.254,6240.0,-1059.0,254.5312496,76233.92093436021,100.0,False,16
11553,1531.329,6267.838003938487,-1098.89395361177,255.0,76239.23888888881,100.0,False,16
11554,1531.414,6303.0,-1153.0,255.3541664,76245.2787111599,100.0,False,16
11555,1531.569,6397.5543761277795,-1310.5696762564128,256.0,76256.30555555547,100.0,False,16
11556,1531.634,6434.0,-1373.0,256.0,76260.92210482119,100.0,False,16
11557,1531.729,6474.327954509096,-1443.55801100131,256.0,76267.68333333326,100.0,False,16
11558,1531.969,6516.668423283284,-1528.2130516350844,259.0,76284.94999999992,100.0,False,16
11559,1532.133,6550.0,-1604.0,259.0,76296.74443959192,100.0,False,16
11560,1532.209,6571.991027405524,-1653.5062165807476,259.0,76302.21666666659,100.0,False,16
11561,1532.253,6585.0,-1683.0,259.275,76305.38976428764,100.0,False,16
11562,1532.369,6616.475821979495,-1755.8622523556553,260.0,76313.77222222213,100.0,False,16
11563,1532.513,6657.0,-1856.0,259.4,76324.20475233409,43.0,False,16
11564,1532.609,6690.194276719446,-1943.199135469379,259.0,76331.0388888888,5.0,True,16
11565,1532.753,6737.0,-2070.0,254.02857142857144,76340.95772157815,4.142857142857143,True,16
11566,1532.993,6774.0,-2175.0,245.74285714285713,76356.60278367977,2.7142857142857144,True,16
11567,1533.313,6845.0,-2376.0,234.6952380952381,76376.39304242459,0.8095238095238094,True,16
11568,1533.449,6874.003142927284,-2459.147375940832,230.0,76384.70555555547,0.0,True,16
11569,1533.533,6891.0,-2509.0,227.2,76389.81177872533,0.0,True,16
11570,1533.733,6930.0,-2627.0,220.53333333333333,76401.9056997838,0.0,True,16
11571,1533.809,6944.5751049319815,-2670.795076499246,218.0,76406.50555555546,0.0,True,16
11572,1533.993,6979.0,-2774.0,215.37142857142857,76417.63276479262,0.0,True,16
11573,1534.089,6996.011843006131,-2826.318841237,214.0,76423.1499999999,0.0,True,16
11574,1534.213,7017.0,-2892.0,203.6378848556417,76429.79515921544,0.0,True,16
11575,1534.293,7030.0,-2933.0,196.95264927863633,76433.80559228625,0.0,True,16
11576,1534.448,7054.5745418538945,-3009.762401808425,184.0,76441.4988888888,0.0,True,16
11577,1534.593,7077.0,-3079.0,178.5625024,76448.68532576288,0.0,True,16
11578,1534.608,7079.29368949624,-3086.050271960835,178.0,76449.4099999999,0.0,True,16
11579,1534.773,7104.0,-3162.0,170.265628,76457.05057383275,0.0,True,16
11580,1534.928,7125.600902215029,-3229.8940271596252,163.0,76463.8988888888,0.0,True,16
11581,1535.013,7137.0,-3266.0,159.60000256,76467.60557943901,0.0,True,16
11582,1535.128,7152.116570450394,-3313.829937987835,155.0,76472.50999999991,0.0,True,16
11583,1535.213,7163.0,-3348.0,151.8125024,76476.00094193859,0.0,True,16
11584,1535.293,7173.0,-3379.0,148.8125024,76479.20590351339,0.0,True,16
11585,1535.368,7182.271873334624,-3407.143304300746,146.0,76482.24333333324,0.0,True,16
11586,1535.573,7208.0,-3484.0,146.0,76490.73661590605,0.0,True,16
11587,1535.688,7223.571998790731,-3531.960826398322,146.0,76495.22111111102,0.0,True,16
11588,1535.873,7247.0,-3605.0,133.05000448,76501.60062687805,0.0,True,16
11589,1536.088,7264.64090258114,-3658.6165187846796,118.0,76508.33222222213,0.0,True,16
11590,1536.173,7271.0,-3678.0,116.14641847156007,76510.99815260683,0.0,True,16
11591,1536.409,7292.403293970689,-3745.088782444261,111.0,76518.22972222214,0.0,True,16
11592,1536.414,7293.0,-3747.0,110.7500032,76518.37529934401,0.0,True,16
11593,1536.609,7319.327605013276,-3832.2728410329596,101.0,76523.84083333325,0.0,True,16
11594,1536.634,7322.0,-3841.0,100.64285805714286,76524.5302593329,0.0,True,16
11595,1536.889,7333.229817742777,-3878.7756494200976,97.0,76531.38527777769,0.0,True,16
11596,1537.054,7342.0,-3910.0,91.04166897777777,76535.38058691296,0.0,True,16
11597,1537.249,7363.501153341622,-3985.2485327787185,84.0,76539.7852777777,0.0,True,16
11598,1537.254,7364.0,-3987.0,83.8750016,76539.89673791463,0.0,True,16
11599,1537.449,7377.977095229978,-4036.5924326211716,79.0,76544.17416666659,0.0,True,16
11600,1537.609,7382.8643460726835,-4055.079782467814,76.0,76547.55194444436,0.0,True,16
11601,1537.774,7388.0,-4076.0,74.9687504,76550.99933974742,0.0,True,16
11602,1537.929,7393.536868194794,-4099.624970910586,74.0,76554.12972222215,0.0,True,16
11603,1538.169,7402.809811977636,-4141.120695868976,68.0,76558.66305555549,0.0,True,16
11604,1538.174,7403.0,-4142.0,67.9687504,76558.75620968232,0.0,True,16
11605,1538.253,7406.0,-4156.0,67.475,76560.22716227714,0.0,True,16
11606,1538.329,7408.950313888397,-4169.8630216176625,67.0,76561.64083333327,0.0,False,16
11607,1538.593,7419.0,-4218.0,67.0,76566.54896014938,0.0,False,16
11608,1538.649,7420.807732979483,-4227.020064058632,67.0,76567.59638888882,0.0,False,16
11609,1538.793,7426.0,-4255.0,67.45,76570.30567626325,1.7999999999999998,False,16
11610,1538.969,7435.820661038312,-4312.9460038970055,68.0,76573.64083333327,4.0,False,16
11611,1538.973,7436.0,-4314.0,68.0111111111111,76573.71682657694,4.055555555555555,False,16
11612,1539.313,7443.0,-4351.0,68.95555555555555,76580.22939177671,8.777777777777779,False,16
11613,1539.329,7443.444454446617,-4353.215853125659,69.0,76580.54083333326,9.0,False,16
11614,1539.553,7452.0,-4396.0,70.24444444444444,76584.95587896137,15.844444444444445,False,16
11615,1539.689,7457.301916030134,-4420.8518107143045,71.0,76587.64083333327,20.0,False,16
11616,1539.753,7460.0,-4434.0,70.8,76588.89697411815,20.0,False,16
11617,1539.993,7471.0,-4492.0,70.05,76593.55633043079,20.0,False,16
11618,1540.009,7471.572790909654,-4495.042907452421,70.0,76593.86305555548,20.0,False,16
11619,1540.249,7478.155670568742,-4529.370161361136,70.0,76598.52972222216,19.0,False,16
11620,1540.293,7480.0,-4539.0,71.46666666666667,76599.4604017763,18.877777777777776,False,16
11621,1540.473,7490.0,-4594.0,77.46666666666667,76603.56736014497,18.377777777777776,False,16
11622,1540.609,7495.964018077781,-4638.892234310016,82.0,76606.72972222215,18.0,False,16
11623,1540.753,7500.0,-4679.0,82.0,76610.00905221864,7.1548146196312326,False,16
11624,1540.848,7501.421274025449,-4696.60955131962,82.0,76612.17361111104,0.0,True,16
11625,1541.048,7502.004574992588,-4723.1713447765715,82.0,76616.7291666666,0.0,True,16
11626,1541.053,7502.0,-4724.0,81.82500224,76616.83822400613,0.0,True,16
11627,1541.248,7501.1536372708015,-4763.942848093194,75.0,76620.89583333327,0.0,True,16
11628,1541.373,7499.0,-4791.0,73.75000064,76623.44810654852,0.0,True,16
11629,1541.448,7496.848488353921,-4806.024546531712,73.0,76624.95138888883,0.0,True,16
11630,1541.553,7493.0,-4826.0,71.54166755555555,76627.00014506874,0.0,True,16
11631,1541.733,7485.0,-4859.0,69.04166755555555,76630.37670217511,0.0,True,16
11632,1541.808,7481.128756579885,-4872.244682241007,68.0,76631.75138888884,0.0,False,16
11633,1541.968,7471.354654668394,-4899.196491776083,65.0,76634.64027777773,0.0,False,16
11634,1541.973,7471.0,-4900.0,65.0,76634.73056983955,0.0,False,16
11635,1542.213,7450.0,-4936.0,65.0,76639.07200917386,0.0,False,16
11636,1542.248,7446.173304035776,-4940.932874610766,65.0,76639.69583333329,0.0,False,16
11637,1542.433,7424.0,-4965.0,63.45833386666666,76642.93778566054,0.0,False,16
11638,1542.488,7417.706353534985,-4970.974483125147,63.0,76643.89583333328,0.0,False,16
11639,1542.633,7397.0,-4987.0,63.0,76646.42408572909,0.0,False,16
11640,1542.813,7351.0,-5015.0,63.0,76649.57821608418,0.0,False,16
11641,1542.848,7343.332480163183,-5019.384115284482,63.0,76650.19583333329,0.0,False,16
11642,1543.289,7292.522301551007,-5040.780938963662,64.0,76658.03583333328,14.0,False,16
11643,1543.314,7289.0,-5042.0,64.0,76658.47513625797,14.0,False,16
11644,1543.414,7272.0,-5048.0,64.0,76660.2229994291,14.0,False,16
11645,1543.529,7241.50498019923,-5058.859841478404,64.0,76662.30249999995,14.0,False,16
11646,1543.634,7213.0,-5069.0,66.6249984,76664.32571986703,14.0,False,16
11647,1543.849,7181.072224448701,-5080.173701293687,72.0,76668.70249999994,14.0,False,16
11648,1544.054,7157.0,-5088.0,73.46428525714286,76672.90092631734,14.0,False,16
11649,1544.129,7143.522215349217,-5092.310764271478,74.0,76674.4580555555,14.0,False,16
11650,1544.294,7109.0,-5103.0,75.37499946666667,76677.93913522846,14.0,False,16
11651,1544.369,7093.971684948952,-5107.293555447335,76.0,76679.52472222217,14.0,False,16
11652,1544.434,7081.0,-5111.0,76.0,76680.89367010677,14.0,False,16
11653,1544.529,7061.528976603051,-5116.862112077667,76.0,76682.90249999994,14.0,False,16
11654,1544.674,7031.0,-5126.0,77.44999936,76686.0358704734,13.27500032,False,16
11655,1544.729,7019.320534664743,-5129.169017037586,78.0,76687.23583333327,13.0,False,16
11656,1544.853,6993.0,-5136.0,78.44285714285714,76689.95250877792,13.0,False,16
11657,1545.009,6960.482308015756,-5145.034380193491,79.0,76693.38027777772,13.0,False,16
11658,1545.073,6947.0,-5149.0,79.0,76694.78499010431,8.84,False,16
11659,1545.209,6917.854592958633,-5157.75682146654,79.0,76697.7691666666,0.0,False,16
11660,1545.213,6917.0,-5158.0,79.0,76697.85699161499,0.0,False,16
11661,1545.393,6879.0,-5168.0,79.0,76701.81024611834,0.0,False,16
11662,1545.449,6867.3289441683955,-5171.1588929698855,79.0,76703.03583333327,0.0,False,16
11663,1545.653,6825.0,-5183.0,78.43333333333334,76707.47234312259,0.0,False,16
11664,1545.809,6792.169164265292,-5191.584348388095,78.0,76710.83583333327,0.0,False,16
11665,1545.853,6783.0,-5194.0,77.84285714285714,76711.78002664704,0.0,False,16
11666,1546.033,6746.0,-5204.0,77.2,76715.62715231805,0.0,False,16
11667,1546.089,6734.333910012584,-5207.093386039806,77.0,76716.82472222215,0.0,False,16
11668,1546.233,6704.0,-5215.0,77.0,76719.91014794521,0.0,False,16
11669,1546.369,6675.426455061697,-5222.4681980025625,77.0,76722.81361111104,0.0,False,16
11670,1546.473,6654.0,-5228.0,76.62857142857143,76725.01555128673,0.0,False,16
11671,1546.649,6618.8811861684235,-5236.80072811588,76.0,76728.72472222215,0.0,False,16
11672,1546.693,6610.0,-5239.0,76.0,76729.65399007167,0.0,False,16
11673,1546.849,6577.886206401457,-5246.854147680227,76.0,76732.94694444437,0.0,False,16
11674,1546.873,6573.0,-5248.0,75.91428571428571,76733.45108125077,0.0,False,16
11675,1547.073,6533.0,-5257.0,75.2,76737.62204793585,0.0,False,16
11676,1547.129,6521.543662469976,-5259.7337102291685,75.0,76738.7802777777,0.0,False,16
11677,1547.293,6488.0,-5268.0,74.18,76742.15166959712,0.0,False,16
11678,1547.329,6481.002400155887,-5269.658729278788,74.0,76742.8913888888,0.0,False,16
11679,1547.513,6444.0,-5278.0,74.0,76746.67953601746,0.0,False,16
11680,1547.608,6419.386668032763,-5283.414765428758,74.0,76748.6263888888,0.0,False,16
11681,1547.793,6372.0,-5294.0,73.33928594285715,76752.38337643676,0.0,False,16
11682,1547.888,6358.190660535374,-5297.444566307089,73.0,76754.30416666658,0.0,False,16
11683,1548.033,6341.0,-5302.0,72.48214308571428,76757.23248488417,0.0,False,16
11684,1548.168,6313.0619441751915,-5308.594556262859,72.0,76759.90416666659,0.0,False,16
11685,1548.328,6270.630764714281,-5318.307456839466,69.0,76762.97083333325,0.0,True,16
11686,1548.393,6255.0,-5322.0,69.0,76764.22970570502,0.0,True,16
11687,1548.568,6218.625922569153,-5331.009223982107,69.0,76767.57083333326,0.0,True,16
11688,1548.793,6185.0,-5340.0,61.7678592,76771.35187211819,0.0,True,16
11689,1548.848,6179.21949656048,-5341.6291871472795,60.0,76772.23749999993,0.0,False,16
11690,1549.093,6157.0,-5348.0,57.375000685714284,76776.12598229705,0.0,False,16
11691,1549.128,6152.305702747191,-5349.242079075257,57.0,76776.67083333326,0.0,True,16
11692,1549.293,6126.0,-5356.0,55.625000533333335,76779.20007185968,0.0,True,16
11693,1549.368,6114.433746469127,-5358.958334970416,55.0,76780.33749999994,0.0,False,16
11694,1549.534,6091.0,-5365.0,54.17412972708608,76782.83502076898,0.0,False,16
11695,1549.569,6086.5028577064695,-5366.181886061911,54.0,76783.35249999994,0.0,False,16
11696,1549.809,6054.868609022893,-5374.655424374739,52.0,76786.8191666666,0.0,False,16
11697,1549.854,6046.0,-5377.0,52.0,76787.46885589373,0.0,False,16
11698,1550.009,6008.930377581103,-5386.714245020825,52.0,76789.70805555549,0.0,False,16
11699,1550.034,6004.0,-5388.0,51.910714514285715,76790.06640734564,0.0,False,16
11700,1550.289,5981.446063049081,-5393.864171343009,51.0,76793.67472222215,0.0,False,16
11701,1550.374,5974.0,-5396.0,50.7343752,76794.8642363873,0.0,False,16
11702,1550.554,5950.0,-5403.0,50.1718752,76797.36246575258,0.0,False,16
11703,1550.609,5942.986216218229,-5404.940350525899,50.0,76798.11916666658,0.0,False,16
11704,1550.874,5907.0,-5414.0,49.1718752,76801.7272304587,0.0,False,16
11705,1550.929,5895.441702763909,-5416.884225755824,49.0,76802.47472222215,0.0,False,16
11706,1551.089,5859.8372283561375,-5425.790566679959,49.0,76804.65249999992,0.0,False,16
11707,1551.094,5859.0,-5426.0,49.0,76804.72057005127,0.0,False,16
11708,1551.289,5842.292035462747,-5430.173273707682,49.0,76807.37472222214,0.0,False,16
11709,1551.449,5830.489869790617,-5432.888340262347,49.0,76809.55249999992,0.0,False,16
11710,1551.453,5830.0,-5433.0,49.0,76809.60702262825,0.0,False,16
11711,1551.689,5790.615395466946,-5441.865609620263,49.0,76812.81916666658,0.0,False,16
11712,1551.693,5790.0,-5442.0,48.98888888888889,76812.87305533097,0.0,False,16
11713,1552.049,5750.71623090556,-5450.33157144775,48.0,76817.61916666658,0.0,False,16
11714,1552.073,5748.0,-5451.0,48.12,76817.94340289994,0.0,False,16
11715,1552.249,5726.029709307988,-5457.028954958217,49.0,76820.3413888888,0.0,False,16
11716,1552.273,5723.0,-5458.0,49.0,76820.66860733872,0.1,False,16
11717,1552.433,5703.0,-5465.0,49.0,76822.84685515067,0.7666666666666667,False,16
11718,1552.489,5695.661895456644,-5467.2463862557925,49.0,76823.60805555547,1.0,False,16
11719,1552.613,5679.0,-5472.0,49.0,76825.29150317042,5.133333333333334,False,16
11720,1552.729,5663.824120385356,-5476.984784707836,49.0,76826.87472222213,9.0,False,16
11721,1552.929,5637.549346154024,-5485.840076415581,50.0,76829.65249999991,12.0,False,16
11722,1552.933,5637.0,-5486.0,50.05,76829.7089542997,12.175,False,16
11723,1553.089,5615.511590844531,-5491.849167514869,52.0,76831.96361111102,19.0,False,16
11724,1553.093,5615.0,-5492.0,52.1,76832.02390483623,19.04,False,16
11725,1553.273,5590.0,-5500.0,56.6,76834.86987157,20.84,False,16
11726,1553.289,5586.556211214851,-5501.006825093648,57.0,76835.13027777769,21.0,False,16
11727,1553.489,5524.144267862653,-5517.774601768491,60.0,76838.46361111102,26.0,False,16
11728,1553.573,5499.0,-5524.0,61.3125,76839.9224484639,28.3625,False,16
11729,1553.809,5449.996589505093,-5534.191181388581,65.0,76844.2413888888,35.0,False,16
11730,1553.893,5435.0,-5537.0,67.10878604618281,76845.86892564848,35.702928682060936,False,16
11731,1554.048,5406.187955063232,-5542.435118293388,71.0,76848.95499999991,37.0,False,16
11732,1554.093,5397.0,-5544.0,71.5624992,76849.85528924278,36.4375008,False,16
11733,1554.208,5371.231941747618,-5547.890194292882,73.0,76852.19944444436,35.0,False,16
11734,1554.413,5323.0,-5554.0,77.55555413333333,76856.76157462689,36.138888533333336,False,16
11735,1554.568,5292.013509104521,-5557.3640093254735,81.0,76860.29944444435,37.0,False,16
11736,1554.753,5255.0,-5560.0,81.0,76864.45237829712,37.0,False,16
11737,1554.768,5251.631099458229,-5560.151596810789,81.0,76864.79944444435,37.0,False,16
11738,1554.913,5217.0,-5561.0,85.34999808,76868.27504242527,40.6249984,False,16
11739,1554.968,5203.691412076455,-5560.893193042611,87.0,76869.63277777768,42.0,False,16
11740,1555.073,5178.0,-5560.0,89.09999872,76872.26845171813,42.0,False,16
11741,1555.168,5153.855364710954,-5558.443212012723,91.0,76874.68833333322,42.0,False,16
11742,1555.313,5117.0,-5555.0,92.55357074285715,76878.42281627671,41.482143085714284,False,16
11743,1555.448,5085.215179331314,-5551.0809474341595,94.0,76881.99944444434,41.0,False,16
11744,1555.573,5049.0,-5543.0,97.1249984,76885.44109678286,41.0,False,16
11745,1555.688,5002.799646138495,-5528.745195111926,100.0,76888.66611111102,41.0,False,16
11746,1555.813,4954.0,-5512.0,101.24999936,76892.18548885957,41.62499968,False,16
11747,1555.888,4933.765987140328,-5504.659058639861,102.0,76894.33277777767,42.0,False,16
11748,1556.214,4881.0,-5476.0,107.41828138163437,76904.09279404,43.80609379387813,False,16
11749,1556.249,4871.046648888698,-5469.656811545203,108.0,76905.16277777767,44.0,False,16
11750,1556.434,4809.0,-5429.0,110.102272,76910.85933002124,43.1590912,False,16
11751,1556.689,4755.101237258022,-5387.548058970262,113.0,76918.97388888878,42.0,False,16
11752,1556.794,4734.0,-5369.0,115.38636218181819,76922.4685474184,42.0,False,16
11753,1557.034,4676.0,-5315.0,120.84090763636364,76930.72627400879,42.0,False,16
11754,1557.129,4653.727855266797,-5291.509121987366,123.0,76934.0072222221,42.0,False,16
11755,1557.274,4621.0,-5255.0,123.8055552,76939.00294701265,42.0,False,16
11756,1557.314,4612.0,-5245.0,124.02777742222223,76940.37861527341,42.0,False,16
11757,1557.489,4572.604949345587,-5196.263953345831,125.0,76946.5072222221,42.0,False,16
11758,1557.694,4530.0,-5138.0,129.39285577142857,76953.94396469838,42.0,False,16
11759,1557.769,4516.482682681513,-5119.382264723759,131.0,76956.696111111,42.0,False,16
11760,1557.874,4493.0,-5085.0,131.87499946666668,76960.55801154514,41.56250026666667,False,16
11761,1558.009,4443.383183204309,-5006.986403422492,133.0,76965.56277777767,41.0,False,16
11762,1558.053,4429.0,-4984.0,133.66,76967.21078283785,41.0,False,16
11763,1558.209,4399.348986718701,-4935.520843624272,136.0,76973.11833333323,41.0,False,16
11764,1558.453,4380.0,-4898.0,138.61428571428573,76982.53094841607,39.25714285714286,False,16
11765,1558.489,4374.31028642178,-4887.2201330049675,139.0,76983.92944444434,39.0,False,16
11766,1558.613,4351.0,-4843.0,139.62,76988.75709611492,27.84,False,16
11767,1558.689,4337.322306795463,-4816.366710994998,140.0,76991.70722222212,21.0,False,16
11768,1558.813,4316.0,-4774.0,139.38,76996.48869431412,7.9799999999999995,False,16
11769,1558.889,4302.900771518371,-4747.887217705936,139.0,76999.42944444434,0.0,False,16
11770,1559.033,4278.0,-4698.0,139.9,77005.03669512802,0.0,False,16
11771,1559.049,4275.231114875734,-4692.419333676407,140.0,77005.65166666656,0.0,False,16
11772,1559.233,4244.0,-4629.0,136.16666666666666,77012.56057153908,0.0,False,16
11773,1559.289,4235.204051179002,-4610.97258030885,135.0,77014.65166666656,0.0,False,16
11774,1559.413,4214.0,-4567.0,135.0,77019.3088744077,0.0,False,16
11775,1559.569,4173.74602180178,-4482.137112699443,135.0,77025.15166666656,0.0,False,16
11776,1559.733,4133.0,-4396.0,132.95,77031.17764136827,0.0,False,16
11777,1559.809,4121.432504480972,-4371.739774760892,132.0,77033.95166666656,0.0,False,16
11778,1560.053,4102.0,-4331.0,131.12857142857143,77042.8344081837,0.0,False,16
11779,1560.089,4098.365640667793,-4323.082427989213,131.0,77044.14055555545,0.0,False,16
11780,1560.333,4060.0,-4239.0,129.47021974265184,77052.93460023451,0.0,False,16
11781,1560.408,4040.051242091718,-4196.021586490245,129.0,77055.57138888878,0.0,True,16
11782,1560.513,4013.0,-4138.0,126.7031264,77059.18974614773,0.0,True,16
11783,1560.728,3995.238195004917,-4100.534760185703,122.0,77066.41583333323,0.0,True,16
11784,1560.813,3989.0,-4089.0,120.9375008,77069.25306883435,0.0,True,16
11785,1560.968,3967.2651259744493,-4049.2519660090284,119.0,77074.34916666656,0.0,True,16
11786,1561.133,3938.0,-3998.0,115.6250013090909,77079.54559103514,0.0,True,16
11787,1561.293,3911.0,-3955.0,112.35227403636364,77084.38251271922,0.0,True,16
11788,1561.408,3886.827846291698,-3917.6228265353825,110.0,77087.793611111,0.0,True,16
11789,1561.568,3852.867593464006,-3865.3425967928524,105.0,77092.46027777767,0.0,True,16
11790,1561.573,3852.0,-3864.0,104.9375008,77092.60495581353,0.0,True,16
11791,1561.728,3831.1785788230472,-3831.506073130376,103.0,77097.03805555546,0.0,True,16
11792,1561.933,3809.0,-3799.0,98.60714422857143,77102.60185681564,0.0,True,16
11793,1562.008,3797.8769555753374,-3784.1358092151904,97.0,77104.5824999999,0.0,True,16
11794,1562.153,3774.0,-3754.0,94.92857234285714,77108.36053060793,0.0,True,16
11795,1562.288,3753.254058556978,-3730.3551146287905,93.0,77111.81583333324,0.0,True,16
11796,1562.413,3728.0,-3707.0,91.12500096,77114.96012909044,0.0,True,16
11797,1562.488,3706.8348023388694,-3689.9424083137196,90.0,77116.81583333324,0.0,True,16
11798,1562.614,3668.0,-3662.0,88.60387928711434,77119.8749243584,0.0,True,16
11799,1562.849,3617.664860098537,-3640.1119072231963,86.0,77125.43972222213,0.0,False,16
11800,1562.974,3596.0,-3636.0,84.95833386666666,77128.36942451517,0.0,False,16
11801,1563.089,3576.3539241616145,-3633.2497233909007,84.0,77131.03972222214,0.0,False,16
11802,1563.414,3517.0,-3633.0,82.52272756363637,77138.43897032704,0.0,False,16
11803,1563.529,3491.491502142981,-3636.8955520646673,82.0,77141.06194444436,0.0,False,16
11804,1563.594,3477.0,-3640.0,82.0,77142.55321345538,0.0,False,16
11805,1563.729,3447.7543437529725,-3648.772218889716,82.0,77145.61749999992,0.0,False,16
11806,1563.754,3442.0,-3651.0,81.3750016,77146.16790718524,0.0,False,16
11807,1563.889,3407.8527837181637,-3666.9810746557205,78.0,77149.08416666658,0.0,False,16
11808,1564.014,3379.0,-3683.0,78.7812496,77151.82748885531,0.0,False,16
11809,1564.049,3372.5826245156054,-3686.938413779545,79.0,77152.5952777777,0.0,False,16
11810,1564.294,3340.0,-3712.0,78.2343752,77157.90603365429,7.656248,False,16
11811,1564.369,3328.7135345779184,-3721.739532665574,78.0,77159.52861111103,10.0,False,16
11812,1564.529,3302.064168794005,-3745.951534818776,78.0,77162.9952777777,24.0,False,16
11813,1564.574,3295.0,-3753.0,78.0,77163.96504813351,25.34999808,False,16
11814,1564.729,3272.4611477878343,-3777.9131111248516,78.0,77167.32861111104,30.0,False,16
11815,1564.753,3269.0,-3782.0,78.42,77167.8642438417,30.24,False,16
11816,1564.933,3243.0,-3814.0,81.57,77172.0271825695,32.04,False,16
11817,1565.129,3216.664791269498,-3847.7695757818337,85.0,77176.77305555547,34.0,False,16
11818,1565.173,3209.0,-3859.0,85.6,77177.85933920328,34.1,False,16
11819,1565.393,3162.0,-3934.0,88.6,77183.40220944629,34.6,False,16
11820,1565.569,3139.613621337906,-3970.933850888122,91.0,77187.8952777777,35.0,False,16
11821,1565.889,3115.5341666774493,-4013.0756758208618,92.0,77196.07305555548,27.0,False,16
11822,1565.893,3115.0,-4014.0,91.975,77196.17457036824,27.0,False,16
11823,1566.049,3090.5604398264854,-4055.996046405218,91.0,77200.11749999992,27.0,False,16
11824,1566.073,3087.0,-4062.0,90.85,77200.7226611878,22.95,False,16
11825,1566.209,3070.0579316044377,-4089.6990661192203,90.0,77204.11749999992,0.0,False,16
11826,1566.413,3046.0,-4124.0,85.62857142857143,77208.91118957518,0.0,False,16
11827,1566.489,3033.7411204938708,-4139.907116489934,84.0,77210.65083333325,0.0,True,16
11828,1566.649,3005.602732811621,-4174.711033723421,81.0,77214.25083333324,0.0,True,16
11829,1566.673,3002.0,-4179.0,80.47335433763423,77214.7694094408,0.0,True,16
11830,1566.968,2968.594314200113,-4214.437486252127,74.0,77220.80805555546,0.0,True,16
11831,1566.973,2968.0,-4215.0,74.0,77220.91206852258,0.0,True,16
11832,1567.128,2947.4894097280167,-4233.717923271993,74.0,77224.09694444435,0.0,True,16
11833,1567.288,2923.753616825461,-4254.356526459633,61.0,77226.80805555546,0.0,True,16
11834,1567.293,2923.0,-4255.0,60.8593768,77226.88672772869,0.0,True,16
11835,1567.513,2889.0,-4283.0,54.6718768,77230.11685812242,0.0,True,16
11836,1567.608,2873.622260060987,-4294.582296202445,52.0,77231.43027777769,0.0,True,16
11837,1567.813,2843.0,-4316.0,45.73611306666667,77234.15851935936,0.0,True,16
11838,1567.968,2827.9330924732776,-4325.780888331644,41.0,77235.5302777777,0.0,True,16
11839,1567.993,2826.0,-4327.0,36.1562624,77235.65755875727,0.0,True,16
11840,1568.128,2817.5321662116844,-4332.2536349872125,10.0,77235.97472222213,0.0,True,16
11841,1568.273,2813.0,-4335.0,0.9375040000000004,77235.97826985408,0.0,True,16
11842,1568.288,2812.8551340338527,-4335.087779686211,0.0,77235.97472222213,0.0,True,16
11843,1568.393,2813.0,-4335.0,0.0,77235.96106752298,0.0,True,16
11844,1568.633,2813.0,-4335.0,0.0,77235.97421903744,0.0,True,16
11845,1568.648,2812.9947019513356,-4335.003210285076,0.0,77235.97472222213,0.0,True,16
11846,1568.813,2813.0,-4335.0,0.0,77235.97529496269,0.0,True,16
11847,1568.888,2813.0073086333573,-4334.995571426749,0.0,77235.97472222213,0.0,True,16
11848,1569.128,2813.0169944463296,-4334.9897024318025,0.0,77235.97472222213,0.0,True,16
11849,1569.449,2813.005294175009,-4334.996792062116,0.0,77235.97472222213,0.0,True,16
11850,1569.689,2813.0001949379625,-4334.999881879826,0.0,77235.97472222213,0.0,True,16
11851,1569.714,2813.0,-4335.0,0.0,77235.97472288247,0.0,True,16
11852,1569.894,2813.0,-4335.0,0.0,77235.97472304628,0.0,True,16
11853,1570.009,2813.000056423884,-4334.999965810665,0.0,77235.97472222213,0.0,True,16
11854,1570.154,2813.0,-4335.0,0.0,77235.9747221704,0.0,True,16
11855,1570.209,2812.999991952972,-4335.000004875994,0.0,77235.97472222213,0.0,True,16
11856,1570.394,2813.0,-4335.0,0.0,77235.97472222391,0.0,True,16
11857,1570.409,2813.000000486228,-4334.9999997053765,0.0,77235.97472222213,0.0,True,16
11858,1570.569,2813.000000394953,-4334.999999760684,0.0,77235.97472222213,0.0,True,16
11859,1570.614,2813.0,-4335.0,0.0,77235.97472222292,0.0,True,16
11860,1570.849,2812.9999998268095,-4335.000000104943,0.0,77235.97472222213,0.0,True,16
11861,1570.954,2813.0,-4335.0,0.0,77235.97472222193,0.0,True,16
11862,1571.129,2813.000000005422,-4334.999999996715,0.0,77235.97472222213,0.0,False,16
11863,1571.154,2813.0,-4335.0,0.0,77235.97472222213,0.0,False,16
11864,1571.329,2812.999999993695,-4335.000000003819,0.0,77235.97472222213,0.0,False,16
11865,1571.453,2813.0,-4335.0,0.0,77235.97472222212,0.0,False,16
11866,1571.673,2813.0,-4335.0,0.0,77235.97472222213,0.0,False,16
11867,1571.689,2812.9999999999386,-4335.000000000038,0.0,77235.97472222213,0.0,False,16
11868,1571.853,2813.0,-4335.0,0.0,77235.97472222213,0.0,False,16
11869,1572.113,2813.0,-4335.0,0.0,77235.97472222215,0.0,False,16
11870,1572.253,2813.0,-4335.0,0.0,77235.97472222213,0.0,False,16
11871,1572.449,2813.0000000000005,-4335.0,0.0,77235.97472222213,0.0,False,16
11872,1572.473,2813.0,-4335.0,0.0,77235.97472222212,0.0,False,16
11873,1572.793,2813.0,-4335.0,0.0,77235.97472222215,0.0,False,16
11874,1572.809,2812.9999999999995,-4334.999999999999,0.0,77235.97472222213,0.0,False,16
11875,1572.969,2812.9999999999995,-4335.0,0.0,77235.97472222213,0.0,False,16
11876,1573.173,2813.0,-4335.0,0.0,77235.97472222213,0.0,False,16
11877,1573.209,2813.0,-4335.0,0.0,77235.97472222213,0.0,False,16
11878,1573.369,2813.0000000000005,-4335.0,0.0,77235.97472222213,0.0,False,16
11879,1573.373,2813.0,-4335.0,0.0,77235.97472222213,0.0,False,16
11880,1573.593,2813.0,-4335.0,0.0,77235.97472222212,0.0,False,16
11881,1573.608,2813.0,-4335.0,0.0,77235.97472222213,0.0,False,16
11882,1573.813,2813.0,-4335.0,0.0,77235.97472222212,0.0,False,16
11883,1573.848,2813.0,-4335.0,0.0,77235.97472222213,0.0,False,16
11884,1574.173,2813.0,-4335.0,0.0,77235.97472222212,0.0,False,16
11885,1574.328,2812.9999999999995,-4335.0,0.0,77235.97472222213,0.0,False,16
11886,1574.333,2813.0,-4335.0,0.0,77235.97472222213,0.0,False,16
11887,1574.653,2813.0,-4335.0,0.0,77235.97472222213,0.0,False,16
11888,1574.728,2812.9999999999995,-4334.999999999999,0.0,77235.97472222213,0.0,False,16
11889,1574.873,2813.0,-4335.0,0.0,77235.97472222212,0.0,False,16
11890,1574.968,2813.0,-4335.0,0.0,77235.97472222213,0.0,False,16
11891,1575.213,2813.0,-4335.0,0.0,77235.97472222213,0.0,False,16
11892,1575.288,2813.0,-4334.999999999999,0.0,77235.97472222213,0.0,False,16
11893,1575.393,2813.0,-4335.0,0.0,77235.97472222213,0.0,False,16
11894,1575.528,2813.0000000000005,-4335.0,0.0,77235.97472222213,0.0,False,16
11895,1575.673,2813.0,-4335.0,0.0,77235.97472222213,0.0,False,16
11896,1575.834,2813.0,-4335.0,0.0,77235.97472222215,0.0,False,16
11897,1575.849,2812.9999999999995,-4334.999999999999,0.0,77235.97472222213,0.0,False,16
11898,1576.114,2813.0,-4335.0,0.0,77235.97472222215,0.0,False,16
11899,1576.169,2813.0,-4335.0,0.0,77235.97472222213,0.0,False,16
11900,1576.294,2813.0,-4335.0,0.0,77235.97472222213,0.0,False,16
11901,1576.409,2813.0,-4335.0,0.0,77235.97472222213,0.0,False,16
11902,1576.434,2813.0,-4335.0,0.0,77235.97472222215,0.0,False,16
11903,1576.634,2813.0,-4335.0,0.0,77235.97472222213,0.0,False,16
11904,1576.649,2812.9999999999995,-4334.999999999999,0.0,77235.97472222213,0.0,False,16
11905,1576.974,2813.0,-4335.0,0.0,77235.97472222212,0.0,False,16
11906,1577.009,2812.9999999999995,-4334.999999999999,0.0,77235.97472222213,0.0,False,16
11907,1577.134,2813.0,-4335.0,0.0,77235.97472222213,0.0,False,16
11908,1577.209,2813.0,-4334.999999999999,0.0,77235.97472222213,0.0,False,16
11909,1577.594,2813.0,-4335.0,0.0,77235.97472222215,0.0,False,16
11910,1577.609,2813.0000000000005,-4335.000000000001,0.0,77235.97472222213,0.0,False,16
11911,1577.809,2813.0000000000005,-4335.000000000001,0.0,77235.97472222213,0.0,False,16
11912,1577.993,2813.0,-4335.0,0.0,77235.97472222212,0.0,False,16
11913,1578.009,2813.0,-4335.000000000001,0.0,77235.97472222213,0.0,False,16
11914,1578.173,2813.0,-4335.0,0.0,77235.97472222213,0.0,False,16
11915,1578.409,2812.9999999999995,-4334.999999999999,0.0,77235.97472222213,0.0,False,16
11916,1578.593,2813.0,-4335.0,0.0,77235.97472222215,0.0,False,16
11917,1578.649,2812.9999999999995,-4334.999999999999,0.0,77235.97472222213,0.0,False,16
11918,1578.849,2813.0,-4334.999999999999,0.0,77235.97472222213,0.0,False,16
11919,1579.013,2813.0,-4335.0,0.0,77235.97472222215,0.0,False,16
11920,1579.089,2813.0,-4335.0,0.0,77235.97472222213,0.0,False,16
11921,1579.173,2813.0,-4335.0,0.0,77235.97472222213,0.0,False,16
11922,1579.353,2813.0,-4335.0,0.0,77235.97472222213,0.0,False,16
11923,1579.369,2813.0,-4334.999999999999,0.0,77235.97472222213,0.0,False,16
11924,1579.609,2813.0,-4334.999999999999,0.0,77235.97472222213,0.0,False,16
11925,1579.633,2813.0,-4335.0,0.0,77235.97472222215,0.0,False,16
11926,1579.793,2813.0,-4335.0,0.0,77235.97472222215,0.0,False,16
11927,1579.888,2813.0,-4335.0,0.0,77235.97472222213,0.0,False,16
11928,1579.973,2813.0,-4335.0,0.0,77235.97472222215,0.0,False,16
11929,1580.168,2813.0,-4335.0,0.0,77235.97472222213,0.0,False,16
11930,1580.213,2813.0,-4335.0,0.0,77235.97472222213,0.0,False,16
11931,1580.413,2813.0,-4335.0,0.0,77235.97472222213,0.0,False,16
11932,1580.448,2813.0,-4335.0,0.0,77235.97472222213,0.0,False,16
11933,1580.648,2813.0,-4335.0,0.0,77235.97472222213,0.0,False,16
11934,1580.673,2813.0,-4335.0,0.0,77235.97472222215,0.0,False,16
11935,1580.888,2812.9999999999995,-4335.0,0.0,77235.97472222213,0.0,False,16
11936,1580.933,2813.0,-4335.0,0.0,77235.97472222213,0.0,False,16
11937,1581.248,2813.0000000000005,-4335.000000000001,0.0,77235.97472222213,0.0,False,16
11938,1581.313,2813.0,-4335.0,0.0,77235.97472222213,0.0,False,16
11939,1581.408,2813.0000000000005,-4335.0,0.0,77235.97472222213,0.0,False,16
11940,1581.608,2812.9999999999995,-4335.0,0.0,77235.97472222213,0.0,False,16
11941,1581.733,2813.0,-4335.0,0.0,77235.97472222213,0.0,False,16
11942,1581.808,2813.0,-4335.0,0.0,77235.97472222213,0.0,False,16
11943,1582.088,2813.0,-4334.999999999999,0.0,77235.97472222213,0.0,False,16
11944,1582.113,2813.0,-4335.0,0.0,77235.97472222212,0.0,False,16
11945,1582.434,2813.0,-4335.0,0.0,77235.97472222215,0.0,False,16
11946,1582.529,2813.0000000000005,-4335.0,0.0,77235.97472222213,0.0,False,16
11947,1582.614,2813.0,-4335.0,0.0,77235.97472222215,0.0,False,16
11948,1582.794,2813.0,-4335.0,0.0,77235.97472222213,0.0,False,16
11949,1582.849,2813.0,-4335.0,0.0,77235.97472222213,0.0,False,16
11950,1583.089,2812.9999999999995,-4335.0,0.0,77235.97472222213,0.0,False,16
11951,1583.114,2813.0,-4335.0,0.0,77235.97472222213,0.0,False,16
11952,1583.289,2813.0000000000005,-4335.0,0.0,77235.97472222213,0.0,False,16
11953,1583.294,2813.0,-4335.0,0.0,77235.9747222221,0.0,False,16
11954,1583.449,2813.0000000000005,-4335.0,0.0,77235.97472222213,0.0,False,16
11955,1583.474,2813.0,-4335.0,0.0,77235.97472222213,0.0,False,16
11956,1583.809,2812.9999999999995,-4335.0,0.0,77235.97472222213,0.0,False,16
11957,1583.814,2813.0,-4335.0,0.0,77235.97472222215,0.0,False,16
11958,1584.034,2813.0,-4335.0,0.0,77235.97472222213,0.0,False,16
11959,1584.049,2812.9999999999995,-4335.000000000001,0.0,77235.97472222213,0.0,False,16
11960,1584.329,2813.0,-4335.0,0.0,77235.97472222213,0.0,False,16
11961,1584.334,2813.0,-4335.0,0.0,77235.97472222213,0.0,False,16
11962,1584.434,2813.0,-4335.0,0.0,77235.97472222215,0.0,False,16
11963,1584.609,2813.0,-4335.0,0.0,77235.97472222213,0.0,False,16
11964,1584.713,2813.0,-4335.0,0.0,77235.97472222213,0.0,False,16
11965,1584.889,2813.0000000000005,-4335.0,0.0,77235.97472222213,0.0,False,16
11966,1584.913,2813.0,-4335.0,0.0,77235.97472222213,0.0,False,16
11967,1585.113,2813.0,-4335.0,0.0,77235.97472222213,0.0,False,16
11968,1585.169,2813.0,-4335.0,0.0,77235.97472222213,0.0,False,16
11969,1585.329,2812.9999999999995,-4334.999999999999,0.0,77235.97472222213,0.0,False,16
11970,1585.333,2813.0,-4335.0,0.0,77235.97472222215,0.0,False,16
11971,1585.633,2813.0,-4335.0,0.0,77235.97472222216,0.0,False,16
11972,1585.649,2813.0,-4335.0,0.0,77235.97472222213,0.0,False,16
11973,1585.833,2813.0,-4335.0,0.0,77235.97472222213,0.0,False,16
11974,1585.889,2813.0,-4335.0,0.0,77235.97472222213,0.0,False,16
11975,1586.053,2813.0,-4335.0,0.0,77235.97472222213,0.0,False,16
11976,1586.129,2812.9999999999995,-4334.999999999999,0.0,77235.97472222213,0.0,False,16
11977,1586.488,2813.0000000000005,-4335.0,0.0,77235.97472222213,0.0,False,16
11978,1586.493,2813.0,-4335.0,0.0,77235.97472222212,0.0,False,16
11979,1586.613,2813.0,-4335.0,0.0,77235.97472222212,0.0,False,16
11980,1586.728,2813.0,-4335.0,0.0,77235.97472222213,0.0,False,16
11981,1586.933,2813.0,-4335.0,0.0,77235.97472222212,0.0,False,16
11982,1587.008,2813.0,-4335.0,0.0,77235.97472222213,0.0,False,16
11983,1587.233,2813.0,-4335.0,0.0,77235.97472222215,0.0,False,16
11984,1587.408,2813.0000000000005,-4335.0,0.0,77235.97472222213,0.0,False,16
11985,1587.473,2813.0,-4335.0,0.0,77235.97472222215,0.0,False,16
11986,1587.653,2813.0,-4335.0,0.0,77235.97472222213,0.0,False,16
11987,1587.728,2813.0,-4335.0,0.0,77235.97472222213,0.0,False,16
11988,1587.893,2813.0,-4335.0,0.0,77235.97472222215,0.0,False,16
11989,1588.008,2813.0,-4335.0,0.0,77235.97472222213,0.0,False,16
11990,1588.213,2813.0,-4335.0,0.0,77235.97472222213,0.0,False,16
11991,1588.248,2812.9999999999995,-4335.0,0.0,77235.97472222213,0.0,False,16
11992,1588.393,2813.0,-4335.0,0.0,77235.97472222213,0.0,False,16
11993,1588.713,2813.0,-4335.0,0.0,77235.97472222213,0.0,False,16
11994,1588.728,2813.0,-4335.000000000001,0.0,77235.97472222213,0.0,False,16
11995,1588.894,2813.0,-4335.0,0.0,77235.97472222213,0.0,False,16
11996,1589.049,2813.0000000000005,-4335.0,0.0,77235.97472222213,0.0,False,16
11997,1589.154,2813.0,-4335.0,0.0,77235.97472222213,0.0,False,16
11998,1589.249,2813.0,-4334.999999999999,0.0,77235.97472222213,0.0,False,16
11999,1589.314,2813.0,-4335.0,0.0,77235.97472222213,0.0,False,16
12000,1589.409,2813.0000000000005,-4335.000000000001,0.0,77235.97472222213,0.0,False,16
12001,1589.554,2813.0,-4335.0,0.0,77235.97472222213,0.0,False,16
12002,1589.834,2813.0,-4335.0,0.0,77235.97472222213,0.0,False,16
12003,1590.194,2813.0,-4335.0,0.0,77235.97472222213,0.0,False,16
12004,1590.369,2813.0,-4335.0,0.0,77235.97472222213,0.0,False,16
12005,1590.614,2813.0,-4335.0,0.0,77235.97472222212,0.0,False,16
12006,1590.689,2813.0,-4334.999999999999,0.0,77235.97472222213,0.0,False,16
12007,1590.889,2813.000000000001,-4335.0,0.0,77235.97472222213,0.0,False,16
12008,1591.014,2813.0,-4335.0,0.0,77235.97472222212,0.0,False,16
12009,1591.209,2813.0,-4335.000000000001,0.0,77235.97472222213,0.0,False,16
12010,1591.213,2813.0,-4335.0,0.0,77235.97472222212,0.0,False,16
12011,1591.409,2812.9999999999995,-4334.999999999999,0.0,77235.97472222213,0.0,False,16
12012,1591.453,2813.0,-4335.0,0.0,77235.97472222213,0.0,False,16
12013,1591.493,2813.0,-4335.0,0.0,77235.97472222215,0.0,False,16
12014,1591.609,2813.000000000001,-4335.000000000001,0.0,77235.97472222213,0.0,False,16
12015,1591.833,2813.0,-4335.0,0.0,77235.97472222213,0.0,False,16
12016,1592.049,2812.999999999999,-4334.999999999999,0.0,77235.97472222213,0.0,False,16
12017,1592.153,2813.0,-4335.0,0.0,77235.97472222212,0.0,False,16
12018,1592.329,2813.0000000000005,-4335.0,0.0,77235.97472222213,0.0,False,16
12019,1592.373,2813.0,-4335.0,0.0,77235.97472222212,0.0,False,16
12020,1592.573,2813.0,-4335.0,0.0,77235.97472222212,0.0,False,16
12021,1592.689,2812.9999999999995,-4335.0,0.0,77235.97472222213,0.0,False,16
12022,1592.813,2813.0,-4335.0,0.0,77235.97472222213,0.0,False,16
12023,1592.888,2813.0,-4335.0,0.0,77235.97472222213,0.0,False,16
12024,1593.013,2813.0,-4335.0,0.0,77235.97472222213,0.0,False,16
12025,1593.088,2813.0,-4335.0,0.0,77235.97472222213,0.0,False,16
12026,1593.328,2813.0,-4335.0,0.0,77235.97472222213,0.0,False,16
12027,1593.353,2813.0,-4335.0,0.0,77235.97472222215,0.0,False,16
12028,1593.573,2813.0,-4335.0,0.0,77235.97472222215,0.0,False,16
12029,1593.608,2813.0000000000005,-4335.0,0.0,77235.97472222213,0.0,False,16
12030,1593.793,2813.0,-4335.0,0.0,77235.97472222215,0.0,False,16
12031,1593.968,2813.000000000001,-4335.0,0.0,77235.97472222213,0.0,False,16
12032,1594.013,2813.0,-4335.0,0.0,77235.97472222213,0.0,False,16
12033,1594.173,2813.0,-4335.0,0.0,77235.97472222212,0.0,False,16
12034,1594.368,2813.0,-4335.000000000001,0.0,77235.97472222213,0.0,False,16
12035,1594.453,2813.0,-4335.0,0.0,77235.97472222213,0.0,False,16
12036,1594.648,2813.0,-4335.0,0.0,77235.97472222213,0.0,False,16
12037,1594.693,2813.0,-4335.0,0.0,77235.97472222215,0.0,False,16
12038,1594.933,2813.0,-4335.0,0.0,77235.97472222213,0.0,False,16
12039,1595.048,2812.9999999999995,-4335.0,0.0,77235.97472222213,0.0,False,16
12040,1595.248,2812.9999999999995,-4334.999999999999,0.0,77235.97472222213,0.0,False,16
12041,1595.273,2813.0,-4335.0,0.0,77235.97472222213,0.0,False,16
12042,1595.413,2813.0,-4335.0,0.0,77235.97472222213,0.0,False,16
12043,1595.529,2813.0000000000005,-4335.000000000001,0.0,77235.97472222213,0.0,False,16
12044,1595.754,2813.0,-4335.0,0.0,77235.97472222215,0.0,False,16
12045,1595.809,2813.0,-4335.0,0.0,77235.97472222213,0.0,False,16
12046,1596.114,2813.0,-4335.0,0.0,77235.97472222213,0.0,False,16
12047,1596.289,2813.0,-4335.0,0.0,77235.97472222213,0.0,False,16
12048,1596.414,2813.0,-4335.0,0.0,77235.97472222212,0.0,False,16
12049,1596.489,2813.0,-4334.999999999999,0.0,77235.97472222213,0.0,False,16
12050,1596.734,2813.0,-4335.0,0.0,77235.97472222213,0.0,False,16
12051,1596.849,2812.9999999999995,-4334.999999999999,0.0,77235.97472222213,0.0,False,16
12052,1597.174,2813.0,-4335.0,0.0,77235.97472222213,0.0,False,16
12053,1597.329,2813.0000000000005,-4335.0,0.0,77235.97472222213,0.0,False,16
12054,1597.414,2813.0,-4335.0,0.0,77235.97472222213,0.0,False,16
12055,1597.569,2812.9999999999995,-4335.0,0.0,77235.97472222213,0.0,False,16
12056,1597.753,2813.0,-4335.0,0.0,77235.97472222212,0.0,False,16
12057,1597.769,2813.0,-4335.000000000001,0.0,77235.97472222213,0.0,False,16
12058,1598.129,2812.9999999999995,-4335.000000000001,0.0,77235.97472222213,0.0,False,16
12059,1598.193,2813.0,-4335.0,0.0,77235.97472222213,0.0,False,16
12060,1598.449,2812.9999999999995,-4335.0,0.0,77235.97472222213,0.0,False,16
12061,1598.633,2813.0,-4335.0,0.0,77235.97472222213,0.0,False,16
12062,1598.649,2812.9999999999995,-4334.999999999999,0.0,77235.97472222213,0.0,False,16
12063,1598.873,2813.0,-4335.0,0.0,77235.97472222212,0.0,False,16
12064,1598.889,2813.0,-4335.0,0.0,77235.97472222213,0.0,False,16
12065,1599.053,2813.0,-4335.0,0.0,77235.9747222221,0.0,False,16
12066,1599.289,2813.0000000000005,-4335.0,0.0,77235.97472222213,0.0,False,16
12067,1599.413,2813.0,-4335.0,0.0,77235.97472222213,0.0,False,16
12068,1599.448,2812.9999999999995,-4335.0,0.0,77235.97472222213,0.0,False,16
12069,1599.633,2813.0,-4335.0,0.0,77235.97472222213,0.0,False,16
12070,1599.728,2813.0,-4335.0,0.0,77235.97472222213,0.0,False,16
12071,1599.833,2813.0,-4335.0,0.0,77235.97472222213,0.0,False,16
12072,1599.928,2813.0000000000005,-4335.0,0.0,77235.97472222213,0.0,False,16
12073,1600.053,2813.0,-4335.0,0.0,77235.97472222213,0.0,False,16
12074,1600.088,2813.0,-4335.0,0.0,77235.97472222213,0.0,False,16
12075,1600.233,2813.0,-4335.0,0.0,77235.97472222215,0.0,False,16
12076,1600.368,2813.0000000000005,-4335.0,0.0,77235.97472222213,0.0,False,16
12077,1600.393,2813.0,-4335.0,0.0,77235.97472222213,0.0,False,16
12078,1600.513,2813.0,-4335.0,0.0,77235.97472222213,0.0,False,16
12079,1600.813,2813.0,-4335.0,0.0,77235.97472222212,0.0,False,16
12080,1600.848,2813.0000000000005,-4335.0,0.0,77235.97472222213,0.0,False,16
12081,1601.288,2813.0000000000005,-4335.000000000001,0.0,77235.97472222213,0.0,False,16
12082,1601.293,2813.0,-4335.0,0.0,77235.97472222212,0.0,False,16
12083,1601.448,2813.0000000000005,-4335.000000000001,0.0,77235.97472222213,0.0,False,16
12084,1601.493,2813.0,-4335.0,0.0,77235.97472222213,0.0,False,16
12085,1601.693,2813.0,-4335.0,0.0,77235.97472222213,0.0,False,16
12086,1601.808,2813.0,-4335.0,0.0,77235.97472222213,0.0,False,16
12087,1601.953,2813.0,-4335.0,0.0,77235.97472222213,0.0,False,16
12088,1602.008,2813.0,-4335.0,0.0,77235.97472222213,0.0,False,16
12089,1602.134,2813.0,-4335.0,0.0,77235.97472222213,0.0,False,16
12090,1602.249,2812.9999999999995,-4335.0,0.0,77235.97472222213,0.0,False,16
12091,1602.354,2813.0,-4335.0,0.0,77235.97472222215,0.0,False,16
12092,1602.634,2813.0,-4335.0,0.0,77235.97472222213,0.0,False,16
12093,1602.729,2813.0,-4335.0,0.0,77235.97472222213,0.0,False,16
12094,1602.889,2813.0,-4335.0,0.0,77235.97472222213,0.0,False,16
12095,1602.894,2813.0,-4335.0,0.0,77235.97472222215,0.0,False,16
12096,1603.074,2813.0,-4335.0,0.0,77235.97472222213,0.0,False,16
12097,1603.129,2813.0,-4335.000000000001,0.0,77235.97472222213,0.0,False,16
12098,1603.254,2813.0,-4335.0,0.0,77235.97472222213,0.0,False,16
12099,1603.289,2813.000000000001,-4335.000000000001,0.0,77235.97472222213,0.0,False,16
12100,1603.414,2813.0,-4335.0,0.0,77235.97472222213,0.0,False,16
12101,1603.569,2813.0000000000005,-4335.0,0.0,77235.97472222213,0.0,False,16
12102,1603.694,2813.0,-4335.0,0.0,77235.97472222213,0.0,False,16
12103,1603.849,2813.0,-4335.0,0.0,77235.97472222213,0.0,False,16
12104,1603.934,2813.0,-4335.0,0.0,77235.97472222215,0.0,False,16
12105,1604.169,2812.999999999999,-4335.0,0.0,77235.97472222213,0.0,False,16
12106,1604.253,2813.0,-4335.0,0.0,77235.97472222215,0.0,False,16
12107,1604.369,2812.9999999999995,-4335.0,0.0,77235.97472222213,0.0,False,16
12108,1604.493,2813.0,-4335.0,0.0,77235.97472222213,0.0,False,16
12109,1604.713,2813.0,-4335.0,0.0,77235.97472222213,0.0,False,16
12110,1604.953,2813.0,-4335.0,0.0,77235.97472222215,0.0,False,16
12111,1605.253,2813.0,-4335.0,0.0,77235.97472222213,0.0,False,16
12112,1605.409,2813.000000000001,-4335.000000000001,0.0,77235.97472222213,0.0,False,16
12113,1605.573,2813.0,-4335.0,0.0,77235.97472222212,0.0,False,16
12114,1605.809,2813.0000000000005,-4335.000000000001,0.0,77235.97472222213,0.0,False,16
12115,1606.168,2813.000000000001,-4335.000000000002,0.0,77235.97472222213,0.0,False,16
12116,1606.328,2813.0000000000005,-4335.000000000001,0.0,77235.97472222213,0.0,False,16
12117,1606.673,2813.0,-4335.0,0.0,77235.97472222215,0.0,False,16
12118,1606.728,2813.0000000000005,-4335.000000000001,0.0,77235.97472222213,0.0,False,16
12119,1606.833,2813.0,-4335.0,0.0,77235.97472222213,0.0,False,16
12120,1607.113,2813.0,-4335.0,0.0,77235.97472222213,0.0,False,16
12121,1607.128,2813.0000000000005,-4335.0,0.0,77235.97472222213,0.0,False,16
12122,1607.448,2813.0000000000005,-4335.0,0.0,77235.97472222213,0.0,False,16
12123,1607.513,2813.0,-4335.0,0.0,77235.97472222213,0.0,False,16
12124,1607.608,2813.0,-4335.0,0.0,77235.97472222213,0.0,False,16
12125,1607.713,2813.0,-4335.0,0.0,77235.97472222213,0.0,False,16
12126,1607.848,2812.9999999999995,-4334.999999999999,0.0,77235.97472222213,0.0,False,16
12127,1608.008,2812.9999999999995,-4334.999999999999,0.0,77235.97472222213,0.0,False,16
12128,1608.073,2813.0,-4335.0,0.0,77235.97472222213,0.0,False,16
12129,1608.233,2813.0,-4335.0,0.0,77235.97472222213,0.0,False,16
12130,1608.248,2813.0,-4335.0,0.0,77235.97472222213,0.0,False,16
12131,1608.528,2813.0000000000005,-4335.000000000001,0.0,77235.97472222213,0.0,False,16
12132,1608.533,2813.0,-4335.0,0.0,77235.97472222212,0.0,False,16
12133,1608.634,2813.0,-4335.0,0.0,77235.97472222212,0.0,False,16
12134,1608.809,2813.0,-4334.999999999999,0.0,77235.97472222213,0.0,False,16
12135,1608.874,2813.0,-4335.0,0.0,77235.97472222213,0.0,False,16
12136,1609.009,2813.0,-4335.0,0.0,77235.97472222213,0.0,False,16
12137,1609.209,2813.0,-4335.0,0.0,77235.97472222213,0.0,False,16
12138,1609.354,2813.0,-4335.0,0.0,77235.97472222213,0.0,False,16
12139,1609.369,2813.0000000000005,-4335.0,0.0,77235.97472222213,0.0,False,16
12140,1609.534,2813.0,-4335.0,0.0,77235.97472222213,0.0,False,16
12141,1609.729,2813.0,-4335.0,0.0,77235.97472222213,0.0,False,16
12142,1609.794,2813.0,-4335.0,0.0,77235.97472222213,0.0,False,16
12143,1610.049,2812.9999999999995,-4335.0,0.0,77235.97472222213,0.0,False,16
12144,1610.054,2813.0,-4335.0,0.0,77235.97472222215,0.0,False,16
12145,1610.314,2813.0,-4335.0,0.0,77235.97472222212,0.0,False,16
12146,1610.369,2812.999999999999,-4334.999999999998,0.0,77235.97472222213,0.0,False,16
12147,1610.494,2813.0,-4335.0,0.0,77235.97472222215,0.0,False,16
12148,1610.529,2812.9999999999995,-4335.0,0.0,77235.97472222213,0.0,False,16
12149,1610.754,2813.0,-4335.0,0.0,77235.97472222215,0.0,False,16
12150,1610.889,2813.0,-4335.0,0.0,77235.97472222213,0.0,False,16
12151,1610.933,2813.0,-4335.0,0.0,77235.97472222215,0.0,False,16
12152,1611.249,2813.0,-4335.0,0.0,77235.97472222213,0.0,False,16
12153,1611.253,2813.0,-4335.0,0.0,77235.97472222213,0.0,False,16
12154,1611.489,2812.9999999999995,-4334.999999999999,0.0,77235.97472222213,0.0,False,16
12155,1611.533,2813.0,-4335.0,0.0,77235.97472222212,0.0,False,16
12156,1611.693,2813.0,-4335.0,0.0,77235.97472222213,0.0,False,16
12157,1611.729,2813.0,-4335.0,0.0,77235.97472222213,0.0,False,16
12158,1612.009,2813.0,-4335.0,0.0,77235.97472222213,0.0,False,16
12159,1612.033,2813.0,-4335.0,0.0,77235.97472222215,0.0,False,16
12160,1612.289,2812.999999999999,-4334.999999999999,0.0,77235.97472222213,0.0,False,16
12161,1612.453,2813.0,-4335.0,0.0,77235.97472222215,0.0,False,16
12162,1612.553,2813.0,-4335.0,0.0,77235.97472222213,0.0,False,16
12163,1612.768,2813.0000000000005,-4335.000000000001,0.0,77235.97472222213,0.0,False,16
12164,1612.773,2813.0,-4335.0,0.0,77235.97472222213,0.0,False,16
12165,1613.048,2813.0,-4335.0,0.0,77235.97472222213,0.0,False,16
12166,1613.053,2813.0,-4335.0,0.0,77235.97472222212,0.0,False,16
12167,1613.248,2813.0000000000005,-4335.0,0.0,77235.97472222213,0.0,False,16
12168,1613.273,2813.0,-4335.0,0.0,77235.97472222215,0.0,False,16
12169,1613.433,2813.0,-4335.0,0.0,77235.97472222212,0.0,False,16
12170,1613.448,2812.9999999999995,-4334.999999999999,0.0,77235.97472222213,0.0,False,16
12171,1613.553,2813.0,-4335.0,0.0,77235.97472222213,0.0,False,16
12172,1613.728,2812.9999999999995,-4335.0,0.0,77235.97472222213,0.0,False,16
12173,1613.893,2813.0,-4335.0,0.0,77235.97472222213,0.0,False,16
12174,1614.088,2813.0,-4335.000000000001,0.0,77235.97472222213,0.0,False,16
12175,1614.093,2813.0,-4335.0,0.0,77235.97472222213,0.0,False,16
12176,1614.248,2812.999999999999,-4335.0,0.0,77235.97472222213,0.0,False,16
12177,1614.393,2813.0,-4335.0,0.0,77235.97472222215,0.0,False,16
12178,1614.528,2812.9999999999995,-4335.0,0.0,77235.97472222213,0.0,False,16
12179,1614.633,2813.0,-4335.0,0.0,77235.97472222212,0.0,False,16
12180,1614.688,2813.0,-4335.0,0.0,77235.97472222213,0.0,False,16
12181,1614.793,2813.0,-4335.0,0.0,77235.97472222212,0.0,False,16
12182,1614.848,2812.9999999999995,-4335.0,0.0,77235.97472222213,0.0,False,16
12183,1615.053,2813.0,-4335.0,0.0,77235.97472222213,0.0,False,16
12184,1615.168,2812.9999999999995,-4335.0,0.0,77235.97472222213,0.0,False,16
12185,1615.354,2813.0,-4335.0,0.0,77235.97472222213,0.0,False,16
12186,1615.489,2813.0,-4335.000000000001,0.0,77235.97472222213,0.0,False,16
12187,1615.674,2813.0,-4335.0,0.0,77235.97472222213,0.0,False,16
12188,1615.689,2812.9999999999995,-4335.0,0.0,77235.97472222213,0.0,False,16
12189,1615.894,2813.0,-4335.0,0.0,77235.97472222212,0.0,False,16
12190,1616.049,2813.0,-4335.0,0.0,77235.97472222213,0.0,False,16
12191,1616.174,2813.0,-4335.0,0.0,77235.97472222213,0.0,False,16
12192,1616.249,2813.0,-4335.0,0.0,77235.97472222213,0.0,False,16
12193,1616.449,2813.0,-4335.0,0.0,77235.97472222213,0.0,False,16
12194,1616.514,2813.0,-4335.0,0.0,77235.97472222215,0.0,False,16
12195,1616.609,2813.0,-4335.0,0.0,77235.97472222213,0.0,False,16
12196,1616.734,2813.0,-4335.0,0.0,77235.97472222215,0.0,False,16
12197,1616.849,2813.0,-4335.000000000001,0.0,77235.97472222213,0.0,False,16
12198,1617.174,2813.0,-4335.0,0.0,77235.97472222213,0.0,False,16
12199,1617.249,2813.0,-4335.0,0.0,77235.97472222213,0.0,False,16
12200,1617.394,2813.0,-4335.0,0.0,77235.97472222212,0.0,False,16
12201,1617.489,2813.0,-4335.0,0.0,77235.97472222213,0.0,False,16
12202,1617.793,2813.0,-4335.0,0.0,77235.97472222213,0.0,False,16
12203,1617.809,2812.9999999999995,-4334.999999999999,0.0,77235.97472222213,0.0,False,16
12204,1617.969,2813.0000000000005,-4335.0,0.0,77235.97472222213,0.0,False,16
12205,1618.213,2813.0,-4335.0,0.0,77235.97472222212,0.0,False,16
12206,1618.329,2813.0,-4335.0,0.0,77235.97472222213,0.0,False,16
12207,1618.433,2813.0,-4335.0,0.0,77235.97472222212,0.0,False,16
12208,1618.609,2813.0,-4335.0,0.0,77235.97472222213,0.0,False,16
12209,1618.613,2813.0,-4335.0,0.0,77235.97472222213,0.0,False,16
12210,1618.793,2813.0,-4335.0,0.0,77235.97472222215,0.0,False,16
12211,1618.968,2813.0,-4335.000000000001,0.0,77235.97472222213,0.0,False,16
12212,1619.013,2813.0,-4335.0,0.0,77235.97472222212,0.0,False,16
12213,1619.168,2813.0000000000005,-4335.0,0.0,77235.97472222213,0.0,False,16
12214,1619.193,2813.0,-4335.0,0.0,77235.97472222212,0.0,False,16
12215,1619.328,2813.0,-4335.0,0.0,77235.97472222213,0.0,False,16
12216,1619.473,2813.0,-4335.0,0.0,77235.97472222213,0.0,False,16
12217,1619.528,2812.9999999999995,-4334.999999999999,0.0,77235.97472222213,0.0,False,16
12218,1619.673,2813.0,-4335.0,0.0,77235.97472222213,0.0,False,16
12219,1619.728,2812.9999999999995,-4335.0,0.0,77235.97472222213,0.0,False,16
12220,1619.928,2812.9999999999995,-4335.0,0.0,77235.97472222213,0.0,False,16
12221,1619.953,2813.0,-4335.0,0.0,77235.97472222213,0.0,False,16
12222,1620.253,2813.0,-4335.0,0.0,77235.97472222213,0.0,False,16
12223,1620.368,2813.0000000000005,-4335.0,0.0,77235.97472222213,0.0,False,16
12224,1620.593,2813.0,-4335.0,0.0,77235.97472222213,0.0,False,16
12225,1620.768,2813.0,-4335.000000000001,0.0,77235.97472222213,0.0,False,16
12226,1620.833,2813.0,-4335.0,0.0,77235.97472222216,0.0,False,16
12227,1621.073,2813.0,-4335.0,0.0,77235.97472222215,0.0,False,16
12228,1621.128,2813.0000000000005,-4335.000000000001,0.0,77235.97472222213,0.0,False,16
12229,1621.473,2813.0,-4335.0,0.0,77235.97472222213,0.0,False,16
12230,1621.488,2813.000000000001,-4335.000000000001,0.0,77235.97472222213,0.0,False,16
12231,1621.573,2813.0,-4335.0,0.0,77235.97472222213,0.0,False,16
12232,1621.768,2813.0,-4335.000000000001,0.0,77235.97472222213,0.0,False,16
12233,1621.834,2813.0,-4335.0,0.0,77235.97472222213,0.0,False,16
12234,1622.049,2812.9999999999995,-4334.999999999999,0.0,77235.97472222213,0.0,False,16
12235,1622.074,2813.0,-4335.0,0.0,77235.97472222216,0.0,False,16
12236,1622.155,2813.0000000000005,-4335.000000000002,0.0,77235.97472222222,0.0,False,16
