,TimeSeconds,X,Y,Speed,Distance,Throttle,Brake,LapNumber
0,0.0,-938.9978603235766,-1577.997984008831,0.0,-5281.451452889271,28.4250016,True,1
1,0.046,-938.9860730639175,-1577.9868787235116,0.0,-5281.450555555555,29.0,True,1
2,0.206,-938.9753416521175,-1577.9767681133599,0.0,-5281.450555555555,29.0,True,1
3,0.332,-939.0,-1578.0,0.0,-5281.470932586885,29.0,True,1
4,0.406,-939.0280799838569,-1578.0264555843294,0.0,-5281.450555555555,29.0,True,1
5,0.532,-939.0,-1578.0,2.3674294289864646,-5281.311689859832,28.47390457133634,True,1
6,0.752,-939.0,-1577.0,6.501045377730889,-5280.760373395933,27.555323249393137,True,1
7,0.885,-940.9330281794427,-1574.951245802982,9.0,-5280.253055555555,27.0,False,1
8,0.972,-943.0,-1573.0,12.107136,-5279.851882635945,27.0,False,1
9,1.165,-949.5146648635955,-1567.0601141119773,19.0,-5278.775277777778,27.0,False,1
10,1.312,-956.0,-1561.0,24.5125024,-5277.768979185206,28.8375008,False,1
11,1.325,-956.6282284078789,-1560.3986280055017,25.0,-5277.6641666666665,29.0,False,1
12,1.572,-971.0,-1547.0,33.91943751111111,-5275.125580911092,29.68611057777778,False,1
13,1.652,-977.0,-1542.0,36.8083264,-5274.228732162138,29.9083328,False,1
14,1.685,-979.1575005613126,-1540.0242343018049,38.0,-5273.864166666666,30.0,False,1
15,1.812,-989.0,-1530.0,39.05833173333333,-5272.490131275214,33.704161066666664,False,1
16,1.925,-1010.0645044166012,-1509.751448575034,40.0,-5271.197499999999,37.0,False,1
17,2.085,-1046.7690442377348,-1475.1522571427129,47.0,-5269.108611111111,45.0,False,1
18,2.092,-1048.0,-1474.0,47.20999424,-5269.011624640147,45.80497792,False,1
19,2.285,-1069.4891850189783,-1454.1624270416619,53.0,-5266.1641666666665,68.0,False,1
20,2.392,-1079.0,-1445.0,57.0125024,-5264.4323115329535,68.0,False,1
21,2.445,-1084.5247783145646,-1439.4731041559578,59.0,-5263.541944444444,68.0,False,1
22,2.552,-1097.0,-1427.0,61.6750016,-5261.689353230204,65.85999872,False,1
23,2.645,-1108.730389528393,-1415.8771547650197,64.0,-5259.9863888888885,64.0,False,1
24,2.692,-1115.0,-1410.0,65.468744,-5259.082653114046,61.3562608,False,1
25,2.965,-1157.129465162151,-1370.185428434167,74.0,-5253.408611111111,46.0,False,1
26,3.032,-1170.0,-1358.0,75.6750016,-5251.980119717211,45.5812496,False,1
27,3.125,-1189.8918034487092,-1339.174221645183,78.0,-5249.941944444444,45.0,False,1
28,3.372,-1246.0,-1286.0,86.42044800000001,-5243.893768930224,53.9818112,False,1
29,3.565,-1278.7352027026009,-1254.6952888713229,93.0,-5238.575277777777,61.0,False,1
30,3.833,-1319.0,-1216.0,106.36658567446754,-5230.390884268239,63.00498785117013,False,1
31,3.966,-1343.9359148681874,-1192.2023523374571,113.0,-5225.988333333333,64.0,False,1
32,4.213,-1399.0,-1140.0,123.49750272,-5217.224991659697,75.11500288,False,1
33,4.366,-1438.4055455381365,-1102.9003858838967,130.0,-5211.543888888888,82.0,False,1
34,4.413,-1451.0,-1091.0,131.7625024,-5209.774029617323,85.5250048,False,1
35,4.606,-1503.6851683369725,-1040.8199165527785,139.0,-5202.277222222222,100.0,False,1
36,4.653,-1516.0,-1029.0,141.08889173333333,-5200.347447228296,100.0,False,1
37,4.833,-1567.0,-980.0,149.08889173333333,-5192.573076509145,100.0,False,1
38,4.966,-1632.5375829710233,-917.9941014075042,155.0,-5186.777222222222,100.0,False,1
39,5.073,-1679.0,-874.0,155.0,-5182.186693371766,100.0,False,1
40,5.246,-1705.6175834076744,-848.0425754074591,155.0,-5174.721666666666,100.0,False,1
41,5.313,-1717.0,-837.0,157.5125024,-5171.732574241318,100.0,False,1
42,5.566,-1812.6381022839844,-746.3447174397849,167.0,-5159.8772222222215,100.0,False,1
43,5.713,-1869.0,-693.0,175.40000365714286,-5152.500585161402,100.0,False,1
44,5.846,-1904.1885469881167,-659.5003197742034,183.0,-5145.643888888889,100.0,False,1
45,5.953,-1933.0,-632.0,185.14000128,-5140.085686524158,100.0,False,1
46,6.046,-1965.2489563088875,-601.2584966845305,187.0,-5135.254999999999,100.0,False,1
47,6.173,-2015.0,-554.0,187.0,-5128.699145049888,100.0,False,1
48,6.453,-2120.0,-455.0,187.0,-5114.163599073029,100.0,False,1
49,6.486,-2131.6240864657975,-443.9249151490759,187.0,-5112.399444444444,100.0,False,1
50,6.573,-2165.0,-412.0,189.82750208,-5107.689568378418,100.0,False,1
51,6.872,-2340.0,-245.0,199.54500416,-5090.971588508871,100.0,False,1
52,6.886,-2345.7883087763753,-239.4966004857565,200.0,-5090.177222222222,100.0,False,1
53,7.192,-2413.0,-176.0,205.10000213333333,-5072.660204245244,100.0,False,1
54,7.246,-2429.433140879981,-160.33213548220132,206.0,-5069.577222222222,100.0,False,1
55,7.406,-2496.2630197549133,-96.34342162715498,206.0,-5060.421666666666,100.0,False,1
56,7.592,-2581.0,-16.0,213.7824300498932,-5049.282198485012,100.0,False,1
57,7.645,-2603.1680491869647,4.699895923431351,216.0,-5046.081666666666,100.0,False,1
58,7.732,-2641.0,40.0,216.5437488,-5040.846783413349,100.0,False,1
59,7.805,-2678.7271138148067,75.60416314797648,217.0,-5036.437222222222,100.0,False,1
60,7.992,-2781.0,173.0,217.77916693333333,-5024.945281278721,61.041653333333336,False,1
61,8.252,-2869.0,257.0,218.8624992,-5009.14209298056,6.87504,False,1
62,8.285,-2881.2181217002717,268.65419171602196,219.0,-5007.237222222222,0.0,False,1
63,8.532,-2987.0,369.0,205.5272832,-4993.729021961191,0.0,False,1
64,8.672,-3045.0,423.0,197.8909056,-4986.268560744333,0.0,False,1
65,8.725,-3066.649117249644,443.16276797961183,195.0,-4983.403888888888,0.0,True,1
66,8.925,-3148.1231060922064,519.3075626523006,195.0,-4972.570555555555,0.0,True,1
67,8.932,-3151.0,522.0,194.66591825454546,-4972.2050705066895,0.0,True,1
68,9.092,-3216.0,583.0,187.0295546181818,-4964.216873168833,0.0,True,1
69,9.292,-3286.0,650.0,177.48410007272727,-4954.814993077844,0.0,True,1
70,9.365,-3309.1214379710973,672.528664656061,174.0,-4951.303888888889,0.0,True,1
71,9.525,-3357.931085546155,721.2783453656745,174.0,-4943.570555555555,0.0,True,1
72,9.612,-3389.0,754.0,166.38751680000001,-4939.671607225073,0.0,True,1
73,9.765,-3452.107245731166,823.6601876170083,153.0,-4933.370555555555,0.0,True,1
74,9.772,-3455.0,827.0,152.61112177777778,-4933.094702287926,0.0,True,1
75,10.125,-3571.0478371871336,975.9498832949422,133.0,-4920.070555555555,0.0,True,1
76,10.233,-3562.0,966.0,133.0,-4916.017977718134,0.0,True,1
77,10.366,-3509.7386465303944,899.8801953015162,133.0,-4911.166944444444,0.0,False,1
78,10.526,-3451.395329785245,824.5653858622112,119.0,-4905.878055555555,0.0,False,1
79,10.533,-3451.0,824.0,119.14000128,-4905.645308143978,0.0,False,1
80,10.726,-3493.1747618542877,875.7322784182443,123.0,-4899.044722222222,0.0,True,1
81,10.733,-3495.0,878.0,123.0,-4898.80246472249,0.0,True,1
82,10.913,-3532.0,925.0,123.0,-4892.635999409424,0.0,True,1
83,10.926,-3534.3547579352926,928.2007657877118,123.0,-4892.211388888889,0.0,True,1
84,11.093,-3563.0,970.0,112.14499584,-4887.069435759876,0.0,True,1
85,11.126,-3568.286967119228,978.2080971655419,110.0,-4886.100277777778,0.0,True,1
86,11.286,-3592.142677054647,1017.4622821963637,103.0,-4881.5225,23.0,True,1
87,11.413,-3609.0,1048.0,103.0,-4877.881700587099,21.4124992,True,1
88,11.446,-3613.080909357401,1055.846804107308,103.0,-4876.944722222222,21.0,False,1
89,11.593,-3630.0,1092.0,101.42499931428571,-4872.854049390843,13.6499968,False,1
90,11.726,-3644.214991577384,1131.0373064834062,100.0,-4869.166944444444,7.0,False,1
91,11.873,-3657.0,1175.0,101.22500053333333,-4865.005577730125,25.987508266666666,False,1
92,11.966,-3662.4218179743457,1199.189151055964,102.0,-4862.366944444444,38.0,False,1
93,12.166,-3668.061562045136,1245.613907009615,101.0,-4856.755833333333,44.0,False,1
94,12.233,-3669.0,1263.0,101.0,-4854.898720901582,44.0,False,1
95,12.366,-3669.681097098216,1301.3274566858352,101.0,-4851.144722222222,44.0,False,1
96,12.433,-3669.0,1322.0,103.63214537142858,-4849.139485573919,44.95714377142857,False,1
97,12.646,-3661.8183856524333,1390.3197511654555,112.0,-4842.433611111111,48.0,False,1
98,12.693,-3660.0,1404.0,112.8812512,-4840.958493040369,52.7000064,False,1
99,12.806,-3655.8980150110924,1433.3381953064425,115.0,-4837.322499999999,64.0,False,1
100,12.913,-3648.0,1475.0,121.0795490909091,-4833.510278425244,68.62045730909091,False,1
101,13.073,-3625.0,1579.0,130.1704581818182,-4827.150864401137,75.52954821818182,False,1
102,13.246,-3608.789569476052,1646.6868591071352,140.0,-4820.211388888889,83.0,False,1
103,13.406,-3601.318322438686,1672.2137347478304,140.0,-4813.989166666666,83.0,False,1
104,13.512,-3594.0,1700.0,140.0,-4809.957790578238,79.28999552,False,1
105,13.606,-3585.6280271391324,1733.3535180199463,140.0,-4806.211388888889,76.0,False,1
106,13.692,-3577.0,1772.0,150.749984,-4802.473384635935,77.6124976,False,1
107,13.766,-3569.2439658516414,1812.1471152375907,160.0,-4799.100277777778,79.0,False,1
108,13.932,-3554.0,1912.0,168.2999936,-4791.274574262203,82.31999744,False,1
109,13.966,-3552.1335032485995,1930.4858979651933,170.0,-4789.655833333333,83.0,False,1
110,14.246,-3552.258391052033,2056.8090067494977,173.0,-4776.200277777777,85.0,False,1
111,14.332,-3555.0,2093.0,176.2384880365555,-4771.92246661537,89.6778160528024,False,1
112,14.485,-3561.4946888334607,2157.9279535546957,182.0,-4764.117499999999,98.0,False,1
113,14.732,-3578.0,2268.0,188.79249472,-4751.043072186489,99.23499904,False,1
114,14.885,-3593.6313892725734,2343.019472457978,193.0,-4742.673055555555,100.0,False,1
115,14.972,-3607.0,2391.0,195.37272203636363,-4737.826302056189,100.0,False,1
116,15.172,-3651.0,2512.0,200.8272674909091,-4726.454074439915,100.0,False,1
117,15.325,-3683.0003846732975,2580.224725295127,205.0,-4717.617499999999,100.0,False,1
118,15.472,-3717.0,2639.0,209.593752,-4709.044816933599,100.0,False,1
119,15.485,-3720.4778338322076,2644.7365615989315,210.0,-4708.284166666666,100.0,False,1
120,15.685,-3792.557916542393,2752.029703702989,212.0,-4696.506388888888,100.0,False,1
121,15.732,-3823.0,2790.0,213.1749952,-4693.694622755109,100.0,False,1
122,15.965,-4046.290568581301,3039.254401469027,219.0,-4679.473055555555,100.0,False,1
123,15.992,-4070.0,3063.0,219.54000128,-4677.7971450013265,100.0,False,1
124,16.212,-4214.0,3186.0,223.93999616,-4663.940696925181,100.0,False,1
125,16.365,-4280.505142235638,3240.7400865989584,227.0,-4654.250833333333,100.0,False,1
126,16.605,-4366.061596505,3315.4208001451852,228.0,-4639.050833333333,100.0,False,1
127,16.612,-4369.0,3318.0,228.17426912511712,-4638.6022829607255,100.0,False,1
128,16.793,-4456.0,3395.0,232.68049916826533,-4626.864942669996,100.0,False,1
129,16.846,-4486.589972823476,3422.701146673944,234.0,-4623.385833333333,100.0,False,1
130,17.033,-4600.0,3527.0,237.11666773333334,-4611.00572108078,100.0,False,1
131,17.086,-4626.334949317402,3551.350596062329,238.0,-4607.519166666666,100.0,False,1
132,17.286,-4702.095471888673,3622.012044592217,235.0,-4594.46361111111,100.0,False,1
133,17.393,-4745.0,3663.0,238.1208352,-4587.331072315431,100.0,False,1
134,17.526,-4807.6318647071985,3723.7322450780757,242.0,-4578.330277777777,100.0,False,1
135,17.613,-4851.0,3766.0,243.45000106666666,-4572.405799396002,100.0,False,1
136,17.766,-4926.484573685861,3839.709358684211,246.0,-4561.9302777777775,100.0,False,1
137,17.793,-4939.0,3852.0,246.22500053333334,-4560.076639897441,100.0,False,1
138,17.973,-5026.0,3939.0,247.72500053333334,-4547.6789934825365,100.0,False,1
139,18.006,-5048.763136537075,3962.326559217146,248.0,-4545.396944444444,100.0,False,1
140,18.166,-5181.432815905661,4099.7133896633895,250.0,-4534.285833333333,100.0,False,1
141,18.193,-5200.0,4119.0,250.2531256,-4532.401542135632,100.0,False,1
142,18.486,-5296.070194870851,4219.648242032175,253.0,-4511.796944444444,100.0,False,1
143,18.613,-5335.0,4262.0,254.05833386666666,-4502.810026002331,100.0,False,1
144,18.726,-5386.622437385092,4318.448227716993,255.0,-4494.796944444444,100.0,False,1
145,18.853,-5450.0,4388.0,255.45357165714285,-4485.779614805462,100.0,False,1
146,19.006,-5517.032741551792,4462.3137405837015,256.0,-4474.885833333333,100.0,False,1
147,19.053,-5545.0,4494.0,256.21363665454544,-4471.529025809751,100.0,False,1
148,19.233,-5686.0,4656.0,257.03181847272725,-4458.628133187491,100.0,False,1
149,19.446,-5778.670416993441,4764.385794632069,258.0,-4443.352499999999,100.0,False,1
150,19.686,-5840.300614962225,4839.72438322522,258.0,-4426.152499999999,100.0,False,1
151,19.693,-5843.0,4843.0,258.1166677333333,-4425.646930596379,100.0,False,1
152,19.892,-5935.0,4955.0,261.4333312,-4411.167184567605,100.0,False,1
153,19.926,-5950.850490198579,4974.698624195811,262.0,-4408.685833333333,100.0,False,1
154,20.126,-6040.3142205223585,5088.545772742642,263.0,-4394.074722222222,100.0,False,1
155,20.132,-6043.0,5092.0,263.0374992,-4393.635263293545,100.0,False,1
156,20.312,-6124.0,5197.0,264.1625008,-4380.411559706221,100.0,False,1
157,20.446,-6183.340733185029,5275.461906781777,265.0,-4370.519166666666,100.0,False,1
158,20.452,-6186.0,5279.0,265.02999936,-4370.07529794914,100.0,False,1
159,20.646,-6271.4563431039205,5393.556873260283,266.0,-4355.741388888889,100.0,False,1
160,20.652,-6274.0,5397.0,265.87699580836505,-4355.302430893581,98.63328675961195,False,1
161,20.932,-6395.0,5564.0,260.13667773861647,-4335.203192909557,34.85197487351619,False,1
162,21.085,-6483.934363171659,5689.8991872718825,257.0,-4324.401666666667,0.0,True,1
163,21.152,-6517.0,5737.0,254.4874976,-4319.691632822701,0.0,True,1
164,21.245,-6549.62990587068,5783.760687105542,251.0,-4313.246111111111,0.0,True,1
165,21.432,-6594.0,5849.0,238.84499584,-4300.869773701239,0.0,True,1
166,21.445,-6597.9422101107975,5854.8665320758355,238.0,-4300.023888888889,0.0,False,1
167,21.605,-6655.6721066175805,5941.1450933762935,230.0,-4289.801666666666,0.0,True,1
168,21.652,-6673.0,5967.0,225.49585173333332,-4286.957530720365,0.0,True,1
169,21.845,-6738.761480441187,6064.73068225,207.0,-4276.001666666666,0.0,True,1
170,21.892,-6753.0,6086.0,204.91111964444445,-4273.429105056335,0.0,True,1
171,22.192,-6844.0,6224.0,191.57777493333333,-4257.578965717196,0.0,True,1
172,22.205,-6849.799643235628,6232.819587790459,191.0,-4256.901666666667,0.0,True,1
173,22.352,-6921.0,6341.0,185.85499776,-4249.304366063571,0.0,True,1
174,22.405,-6939.844727282206,6369.553309749859,184.0,-4246.679444444444,0.0,True,1
175,22.725,-6980.439178916946,6430.982566127807,161.0,-4232.368333333333,0.0,True,1
176,22.812,-7002.0,6465.0,158.42955112727273,-4228.661038878221,0.0,True,1
177,22.992,-7068.0,6570.0,153.11136174545456,-4221.128001559582,0.0,True,1
178,23.165,-7101.356110689086,6625.885712833295,148.0,-4214.279444444444,0.0,True,1
179,23.325,-7111.440652070714,6645.165227349109,133.0,-4208.368333333333,0.0,True,1
180,23.353,-7113.0,6648.0,131.60696473057584,-4207.377412741881,0.0,True,1
181,23.493,-7122.0,6664.0,124.64178838345501,-4202.599334555239,0.0,True,1
182,23.526,-7125.8511828111905,6671.095527822572,123.0,-4201.500833333333,0.0,True,1
183,23.673,-7149.0,6716.0,119.9931805090909,-4196.71039251014,0.0,True,1
184,23.953,-7181.0,6799.0,114.26590778181819,-4187.965746857636,0.0,True,1
185,23.966,-7182.191028358193,6802.705282262161,114.0,-4187.567499999999,0.0,False,1
186,24.166,-7197.989232396794,6859.35706561175,109.0,-4181.511944444444,0.0,False,1
187,24.253,-7203.0,6887.0,108.4562496,-4178.904902336011,0.0,False,1
188,24.326,-7206.23310964107,6912.443427077371,108.0,-4176.711944444444,0.0,False,1
189,24.493,-7210.0,6973.0,108.0,-4171.673195931398,0.0,False,1
190,24.526,-7210.068664063779,6983.939992574665,108.0,-4170.711944444444,0.0,True,1
191,24.886,-7199.303731348613,7078.580064202404,96.0,-4161.111944444444,0.0,False,1
192,24.893,-7199.0,7080.0,95.89499904,-4160.930264014957,0.0,False,1
193,25.086,-7189.354926907663,7114.763919063767,93.0,-4155.945277777777,0.0,False,1
194,25.133,-7186.0,7124.0,92.1187488,-4154.755287240275,0.0,False,1
195,25.246,-7175.751544671954,7149.249321967525,90.0,-4151.945277777777,0.0,False,1
196,25.333,-7166.0,7169.0,88.79166577777778,-4149.836562940664,0.9666673777777779,False,1
197,25.606,-7126.355720676998,7221.108633707706,85.0,-4143.445277777777,4.0,False,1
198,25.673,-7115.0,7232.0,84.5812496,-4141.89410500498,6.5125024,False,1
199,25.773,-7097.0,7247.0,83.9562496,-4139.58751456582,10.262502399999999,False,1
200,25.926,-7066.957894286539,7266.784503924563,83.0,-4136.067499999999,16.0,False,1
201,25.973,-7058.0,7272.0,83.0,-4134.987014248098,18.0562528,False,1
202,26.086,-7037.91998073963,7282.790505022855,83.0,-4132.378611111111,23.0,False,1
203,26.293,-6988.0,7300.0,84.9406256,-4127.482430867699,21.0593744,False,1
204,26.406,-6938.719165250163,7311.106619365612,86.0,-4124.734166666666,20.0,False,1
205,26.492,-6905.0,7318.0,87.6124976,-4122.604011356338,22.4187464,False,1
206,26.726,-6872.608560325507,7323.113627089723,92.0,-4116.556388888888,29.0,False,1
207,26.812,-6859.0,7325.0,94.7642816,-4114.189158870759,34.5285632,False,1
208,26.972,-6815.0,7332.0,99.90713874285714,-4109.654857601175,44.814277485714285,False,1
209,27.006,-6804.740058062319,7333.606372401141,101.0,-4108.700833333333,47.0,False,1
210,27.206,-6742.017065784939,7342.884367514651,101.0,-4103.089722222222,51.0,False,1
211,27.312,-6702.0,7348.0,105.416672,-4099.913490040837,51.0,False,1
212,27.446,-6642.181212275521,7354.818593461098,111.0,-4095.689722222222,51.0,False,1
213,27.572,-6581.0,7361.0,116.66999424,-4091.558522612545,56.66999424,False,1
214,27.646,-6544.743279660112,7364.275773667067,120.0,-4089.0230555555554,60.0,False,1
215,27.852,-6445.0,7374.0,127.74112150431779,-4081.440115860907,60.43006230579543,False,1
216,28.125,-6326.163442676314,7396.029776562156,138.0,-4070.6613888888887,61.0,False,1
217,28.292,-6270.0,7409.0,142.1749952,-4064.010426394626,10.06505856,False,1
218,28.325,-6260.928938528351,7411.142045185657,143.0,-4062.7169444444444,0.0,True,1
219,28.645,-6193.968111341736,7431.763827714278,136.0,-4050.628055555555,0.0,False,1
220,28.752,-6156.0,7451.0,133.9937488,-4046.660700052753,0.0,False,1
221,28.805,-6132.121872559785,7463.941823959283,133.0,-4044.7169444444444,0.0,False,1
222,28.952,-6062.0,7504.0,130.54999893333334,-4039.427366494067,7.3500032,False,1
223,29.045,-6032.929677370553,7522.275772947602,129.0,-4036.116944444444,12.0,False,1
224,29.205,-6008.599995277766,7542.460732905975,128.0,-4030.428055555555,0.0,False,1
225,29.312,-5990.0,7561.0,128.0,-4026.611932499578,6.687504,False,1
226,29.512,-5943.0,7611.0,128.0,-4019.506416665591,19.187504,False,1
227,29.525,-5940.0676135393,7614.50176549898,128.0,-4019.0502777777774,20.0,False,1
228,29.752,-5896.0,7678.0,125.8718744,-4011.1863311496386,27.8031272,False,1
229,29.832,-5883.0,7703.0,125.1218744,-4008.395711155302,30.553127200000002,False,1
230,29.845,-5880.86848050709,7707.641321559018,125.0,-4007.939166666666,31.0,False,1
231,30.046,-5845.94774447673,7803.898898206719,127.0,-4000.848333333333,31.0,False,1
232,30.206,-5825.580676156457,7869.084132573596,124.0,-3995.3372222222215,42.0,False,1
233,30.213,-5825.0,7871.0,124.30000274285715,-3995.0881079226597,41.62499657142857,False,1
234,30.473,-5817.0,7922.0,135.44285988571428,-3985.2615339342483,27.696425142857144,False,1
235,30.486,-5816.764019838511,7927.376116505645,136.0,-3984.759444444444,27.0,False,1
236,30.753,-5812.0,8087.0,138.86071497142856,-3974.4461118365953,67.0500096,False,1
237,30.766,-5811.941846908134,8092.548909705401,139.0,-3973.948333333333,69.0,False,1
238,30.926,-5813.081618738841,8129.444310247766,139.0,-3967.7705555555553,69.0,False,1
239,31.093,-5819.0,8169.0,149.85500416,-3960.734643656167,72.34000128,False,1
240,31.126,-5820.856067313457,8183.728735670028,152.0,-3959.3261111111105,73.0,False,1
241,31.393,-5840.0,8345.0,152.0,-3948.0523250013503,75.86071497142858,False,1
242,31.406,-5840.754927582663,8351.141781213666,152.0,-3947.5038888888885,76.0,False,1
243,31.566,-5847.751708724273,8404.313777583522,155.0,-3940.615,80.0,False,1
244,31.813,-5863.0,8497.0,175.28929097142858,-3928.4326179869367,75.58928457142858,False,1
245,31.846,-5866.896105548902,8520.799067611602,178.0,-3926.7705555555553,75.0,False,1
246,32.006,-5888.263281673319,8651.501003570724,181.0,-3918.726111111111,100.0,False,1
247,32.013,-5889.0,8656.0,181.2625024,-3918.3678538167537,100.0,False,1
248,32.246,-5901.67059188385,8733.199569110267,190.0,-3906.059444444444,100.0,False,1
249,32.333,-5906.0,8761.0,192.1750016,-3901.3386769147164,100.0,False,1
250,32.606,-5927.65642520642,8908.483628996597,199.0,-3886.1594444444445,100.0,False,1
251,32.653,-5931.0,8935.0,201.0562528,-3883.4915731176225,100.0,False,1
252,32.733,-5936.0,8980.0,204.5562528,-3878.911004260661,100.0,False,1
253,32.766,-5938.001960637126,9001.433131851238,206.0,-3877.003888888889,100.0,False,1
254,32.913,-5946.0,9109.0,209.6750016,-3868.393407223143,97.79499904,False,1
255,32.966,-5947.862636922359,9142.100660499911,211.0,-3865.2816666666668,97.0,False,1
256,33.126,-5949.512915730036,9221.20085305787,211.0,-3855.903888888889,74.0,False,1
257,33.252,-5943.0,9309.0,213.3624976,-3848.416789147324,45.6500288,False,1
258,33.286,-5939.8135516201355,9339.827359428711,214.0,-3846.3927777777776,38.0,False,1
259,33.452,-5918.0,9508.0,213.4812504,-3836.5375537322116,32.812504,False,1
260,33.606,-5895.968553638833,9611.559723542228,213.0,-3827.459444444444,28.0,False,1
261,33.832,-5863.0,9697.0,210.57857005714285,-3814.2736157646764,29.614286628571428,False,1
262,33.886,-5855.187359484791,9715.79586634227,210.0,-3811.1261111111107,30.0,False,1
263,34.086,-5823.348729879566,9785.234076394443,210.0,-3799.459444444444,30.0,False,1
264,34.152,-5808.0,9813.0,209.66999936,-3795.624118447018,35.28001024,False,1
265,34.286,-5767.8007264434555,9878.666348775176,209.0,-3787.848333333333,46.0,False,1
266,34.352,-5746.0,9911.0,209.18384433491354,-3784.0087454858235,46.0,False,1
267,34.572,-5665.0,10011.0,209.79665688304723,-3771.1689603523346,46.0,False,1
268,34.645,-5628.432388945767,10048.379717694002,210.0,-3766.906666666666,46.0,False,1
269,34.892,-5493.0,10173.0,210.5613632,-3752.4910340450124,46.0,False,1
270,35.085,-5433.443713150925,10222.560276330847,211.0,-3741.1177777777775,46.0,False,1
271,35.152,-5410.0,10241.0,212.19642971428573,-3737.1277694671326,58.92144091428571,False,1
272,35.352,-5315.0,10315.0,215.76785828571428,-3725.1037879682185,97.49286948571428,False,1
273,35.365,-5308.571518126371,10319.943155329718,216.0,-3724.3177777777773,100.0,False,1
274,35.565,-5211.7110228027805,10393.072319025334,219.0,-3712.151111111111,100.0,False,1
275,35.632,-5179.0,10417.0,219.95714377142858,-3708.033377296976,100.0,False,1
276,35.832,-5079.0,10488.0,222.81428662857144,-3695.6187493755215,100.0,False,1
277,35.845,-5072.408405443872,10492.632239791303,223.0,-3694.8066666666664,100.0,False,1
278,35.992,-4997.0,10545.0,225.10000091428572,-3685.582454828963,100.0,False,1
279,36.125,-4926.695512351622,10591.301928984112,227.0,-3677.151111111111,100.0,False,1
280,36.212,-4880.0,10621.0,228.553568,-3671.5824308242545,100.0,False,1
281,36.405,-4775.284829607589,10685.306960935819,232.0,-3659.1066666666666,100.0,False,1
282,36.533,-4705.0,10726.0,233.41828279991716,-3650.775279916189,100.0,False,1
283,36.733,-4593.0,10787.0,235.63434967478776,-3637.6324747063045,100.0,False,1
284,36.766,-4573.8423926864125,10797.457626710077,236.0,-3635.4411111111112,100.0,False,1
285,36.793,-4558.0,10806.0,236.52500124444444,-3633.6431979663794,100.0,False,1
286,37.053,-4402.0,10882.0,241.5805568,-3616.1151421778322,100.0,False,1
287,37.126,-4360.486960393936,10901.309704147578,243.0,-3611.141111111111,100.0,False,1
288,37.353,-4217.0,10966.0,245.8375008,-3595.5498592570702,100.0,False,1
289,37.526,-4060.595906872888,11034.05667285442,248.0,-3583.5855555555554,100.0,False,1
290,37.553,-4040.0,11043.0,248.3375008,-3581.7146505915694,100.0,False,1
291,37.686,-3967.701006433687,11074.505630643147,250.0,-3572.474444444444,100.0,False,1
292,37.853,-3900.0,11104.0,251.1928576,-3560.7696544570767,40.357119999999995,False,1
293,37.966,-3833.868571614705,11132.520428380863,252.0,-3552.874444444444,0.0,False,1
294,38.153,-3708.0,11187.0,249.4027768888889,-3539.974753906684,0.0,False,1
295,38.326,-3602.4690897339906,11233.815148726228,247.0,-3528.174444444444,0.0,False,1
296,38.393,-3553.0,11256.0,245.65999872,-3523.6267588327096,0.0,False,1
297,38.526,-3432.9835118322912,11309.991903295257,243.0,-3514.674444444444,0.0,False,1
298,38.573,-3393.0,11328.0,241.6291648,-3511.553415208766,0.0,False,1
299,38.766,-3271.4133335765073,11382.82324527388,236.0,-3498.9411111111112,0.0,False,1
300,39.033,-3145.0,11443.0,231.54999893333334,-3481.828303355184,0.0,False,1
301,39.126,-3087.3613155446797,11471.999955228186,230.0,-3475.9411111111112,0.0,True,1
302,39.326,-2950.2015271117775,11542.903171550295,224.0,-3463.4966666666664,0.0,True,1
303,39.413,-2903.0,11568.0,218.19999573333334,-3458.3392838108557,0.0,True,1
304,39.566,-2844.976247703681,11600.231982783902,208.0,-3449.6299999999997,0.0,True,1
305,39.752,-2785.0,11637.0,200.02856594285714,-3439.4454585140784,0.0,True,1
306,39.846,-2743.1248884652305,11663.475479000248,196.0,-3434.3855555555556,0.0,True,1
307,39.952,-2692.0,11696.0,194.2333312,-3428.7097214114565,0.0,True,1
308,40.086,-2630.6981872915944,11734.80219571478,192.0,-3421.5855555555554,0.0,False,1
309,40.152,-2601.0,11753.0,191.00999808,-3418.100217877797,0.0,False,1
310,40.286,-2540.607979219791,11787.965046880947,189.0,-3411.0855555555554,0.0,False,1
311,40.352,-2511.0,11803.0,187.968748,-3407.6714180916188,6.187512,False,1
312,40.572,-2412.0,11839.0,184.531252,-3396.453133234382,26.812488000000002,False,1
313,40.606,-2396.014453455231,11842.624117686804,184.0,-3394.7299999999996,30.0,False,1
314,40.752,-2325.0,11852.0,182.95714194285713,-3387.353392835076,41.47143862857143,False,1
315,40.886,-2257.7428436007744,11850.997969812393,182.0,-3380.574444444444,52.0,False,1
316,40.972,-2215.0,11846.0,182.5374992,-3376.2002907507645,52.0,False,1
317,41.152,-2127.0,11824.0,183.6625008,-3366.9914774473577,52.0,False,1
318,41.206,-2098.8672834302943,11812.864940992436,184.0,-3364.2188888888886,52.0,False,1
319,41.472,-1960.0,11737.0,185.90681051600046,-3350.4810604860095,66.30107887000341,False,1
320,41.485,-1954.4184218875803,11733.371650289962,186.0,-3349.8038888888887,67.0,False,1
321,41.712,-1870.0,11671.0,189.40500096,-3337.8723526186495,78.3500032,False,1
322,41.885,-1793.1154261097524,11612.893120671999,192.0,-3328.4705555555556,87.0,False,1
323,41.972,-1752.0,11584.0,196.3499904,-3323.5960840213083,91.0392768,False,1
324,42.165,-1659.6654467481696,11527.44256357283,206.0,-3312.448333333333,100.0,False,1
325,42.212,-1636.0,11515.0,207.95832533333333,-3309.6690030809987,100.0,False,1
326,42.405,-1532.334371927712,11468.915249909891,216.0,-3298.048333333333,100.0,False,1
327,42.452,-1506.0,11459.0,217.1749952,-3295.19282242687,100.0,False,1
328,42.645,-1394.794728187573,11423.48121441787,222.0,-3283.248333333333,100.0,False,1
329,42.672,-1379.0,11419.0,223.0125024,-3281.5181711440664,100.0,False,1
330,42.772,-1319.0,11403.0,226.7624928,-3274.9688655516193,100.0,False,1
331,42.965,-1178.2891853297076,11370.75249071931,234.0,-3262.448333333333,100.0,False,1
332,43.093,-1079.0,11350.0,222.537309783024,-3254.836623229603,100.0,False,1
333,43.166,-1023.8557762605781,11338.911963597719,216.0,-3250.3883333333333,100.0,False,1
334,43.486,-801.6719864685596,11296.469423471828,246.0,-3228.5216666666665,100.0,False,1
335,43.533,-774.0,11291.0,247.1750016,-3225.226689754663,100.0,False,1
336,43.766,-655.3482186540479,11265.890193041427,253.0,-3208.8438888888886,100.0,False,1
337,43.853,-610.0,11255.0,254.38409192727272,-3202.6422237565766,100.0,False,1
338,44.113,-435.0,11205.0,258.52045556363635,-3183.8366197789305,100.0,False,1
339,44.206,-335.15234658950635,11171.053749006063,260.0,-3177.0661111111103,100.0,False,1
340,44.293,-245.0,11139.0,260.93214354285715,-3170.719514804698,100.0,False,1
341,44.486,-134.6272603029905,11095.090495955432,263.0,-3156.610555555555,100.0,False,1
342,44.673,-58.0,11054.0,263.93500032,-3142.9041877182844,100.0,False,1
343,44.686,-50.676509840421865,11049.979321221723,264.0,-3141.943888888888,100.0,False,1
344,44.833,44.0,10996.0,267.06250133333333,-3130.9952225361117,100.0,False,1
345,44.926,102.17692320185752,10957.994664386953,269.0,-3124.0105555555547,100.0,False,1
346,45.013,154.0,10921.0,270.0875008,-3117.4497683089503,100.0,False,1
347,45.246,289.49985812760934,10809.288149060674,273.0,-3099.743888888888,100.0,False,1
348,45.253,294.0,10805.0,273.1000009142857,-3099.208618458476,100.0,False,1
349,45.493,457.0,10632.0,276.52857234285716,-3080.7490752159993,100.0,False,1
350,45.526,475.88060932827295,10610.046849825223,277.0,-3078.199444444443,100.0,False,1
351,45.753,582.0,10472.0,278.4187504,-3060.6085606721736,100.0,False,1
352,45.846,626.2452039530308,10407.016464795552,279.0,-3053.399444444444,100.0,False,1
353,45.993,693.0,10303.0,279.0,-3042.009254209597,100.0,False,1
354,46.006,698.1128514084214,10294.747264547963,279.0,-3040.9994444444437,100.0,False,1
355,46.312,802.0,10097.0,280.82142933333336,-3017.052034953149,100.0,False,1
356,46.552,913.0,9826.0,282.25000076190474,-2998.0569201389026,100.0,False,1
357,46.846,959.0494714791225,9689.32326122582,284.0,-2974.7327777777773,100.0,False,1
358,46.932,971.0,9645.0,284.6142848,-2967.90402589486,100.0,False,1
359,47.092,1004.0,9522.0,285.7571419428571,-2955.191372108366,100.0,False,1
360,47.126,1011.9109846500753,9489.913721261311,286.0,-2952.488333333333,100.0,False,1
361,47.406,1076.923958614309,9199.806503904025,287.0,-2930.1661111111102,100.0,False,1
362,47.412,1078.0,9195.0,287.0749984,-2929.6847005807535,100.0,False,1
363,47.726,1112.8576307633227,9038.704779532041,291.0,-2904.2994444444435,100.0,False,1
364,47.852,1129.0,8926.0,292.25999872,-2894.057211432071,100.0,False,1
365,47.926,1141.3853932096551,8829.39227900989,293.0,-2888.0216666666656,100.0,False,1
366,48.052,1161.0,8667.0,294.35483702254635,-2877.6997728964525,100.0,False,1
367,48.205,1166.8442393704806,8602.05967712643,296.0,-2865.081666666666,100.0,False,1
368,48.292,1167.0,8569.0,297.0874976,-2857.8609122068247,100.0,False,1
369,48.512,1168.0,8386.0,299.8375008,-2839.5006185299776,100.0,False,1
370,48.525,1167.7992035876136,8374.43138182955,300.0,-2838.4149999999995,100.0,False,1
371,48.765,1157.6510542010703,8172.827332702949,301.0,-2818.3483333333324,100.0,False,1
372,48.812,1155.0,8134.0,301.3916650666667,-2814.4006533333395,100.0,False,1
373,48.912,1149.0,8050.0,302.22500053333334,-2805.9765243963675,100.0,False,1
374,49.125,1133.7319106332504,7848.145634760419,304.0,-2787.9483333333324,100.0,False,1
375,49.172,1130.0,7803.0,304.3916650666667,-2783.9598570947533,100.0,False,1
376,49.365,1113.0658915671074,7623.99542013667,306.0,-2767.5483333333323,100.0,False,1
377,49.412,1108.0,7583.0,306.0,-2763.5461783417086,100.0,False,1
378,49.592,1083.0,7435.0,306.0,-2748.2459893975097,100.0,False,1
379,49.605,1080.655718308307,7424.433693430604,306.0,-2747.1483333333326,100.0,False,1
380,49.766,1045.683425142327,7294.477854054018,303.0,-2733.5974999999994,100.0,False,1
381,49.773,1044.0,7289.0,303.1312512,-2733.0047717608527,100.0,False,1
382,50.086,954.0297856723201,7038.865506707152,309.0,-2706.1308333333327,100.0,False,1
383,50.113,944.0,7011.0,309.06750016,-2703.804842087736,100.0,False,1
384,50.313,865.0,6785.0,309.56750016,-2686.5904683093736,100.0,False,1
385,50.486,826.8109013496038,6671.241910000099,310.0,-2671.6863888888884,100.0,False,1
386,50.633,800.0,6589.0,310.4083335111111,-2658.9946089505734,100.0,False,1
387,50.846,743.8116272283246,6418.553468104833,311.0,-2640.5863888888885,100.0,False,1
388,50.853,742.0,6413.0,311.0,-2639.981763326535,100.0,False,1
389,50.993,705.0,6301.0,311.0,-2627.894315170177,100.0,False,1
390,51.126,652.4067019865118,6156.615869255744,311.0,-2616.3974999999996,100.0,False,1
391,51.286,580.8285316754574,5971.44626079819,312.0,-2602.530833333333,100.0,False,1
392,51.313,571.0,5947.0,312.0,-2600.190529060953,100.0,False,1
393,51.486,524.3234558624656,5839.21344639577,312.0,-2585.1974999999998,100.0,False,1
394,51.686,478.11176306413284,5746.364730211382,312.0,-2567.8641666666663,100.0,False,1
395,51.693,476.0,5742.0,311.97083306666667,-2567.2585879412695,100.0,False,1
396,51.853,419.0,5615.0,311.3041664,-2553.4406295835083,100.0,False,1
397,51.926,388.2753829680509,5529.914981971555,311.0,-2547.1308333333327,100.0,False,1
398,52.093,320.0,5307.0,311.83500032,-2532.6592723064596,100.0,False,1
399,52.126,310.1459691951057,5269.468294363587,312.0,-2529.7974999999997,100.0,False,1
400,52.286,281.1683021529725,5124.005845669454,312.0,-2515.930833333333,100.0,False,1
401,52.446,270.5281255245646,5012.957540698869,311.0,-2502.108611111111,100.0,False,1
402,52.493,268.0,4981.0,311.2937504,-2498.0386996474167,100.0,False,1
403,52.606,263.0173282288188,4905.3681991195745,312.0,-2488.241944444444,100.0,False,1
404,52.846,258.615429217896,4741.000216420058,311.0,-2467.5086111111113,100.0,False,1
405,52.952,261.0,4652.0,310.5583328,-2458.372793824439,100.0,False,1
406,53.086,268.17102924242596,4521.878073730587,310.0,-2446.8419444444444,100.0,False,1
407,53.366,291.5304521891358,4242.76770646313,309.0,-2422.808611111111,100.0,False,1
408,53.372,292.0,4238.0,309.0,-2422.29373741478,100.0,False,1
409,53.606,308.8426264725603,4095.2756362798514,309.0,-2402.2086111111107,100.0,False,1
410,53.772,325.0,3983.0,309.0,-2387.9610735968836,100.0,False,1
411,53.812,330.0,3949.0,309.0,-2384.5274839496897,100.0,False,1
412,53.846,334.6546095029642,3919.9862768129706,309.0,-2381.6086111111113,100.0,False,1
413,54.086,377.5178220983799,3719.578663640611,309.0,-2361.008611111111,100.0,False,1
414,54.112,383.0,3698.0,308.89166613333333,-2358.7804871278577,100.0,False,1
415,54.326,433.4660486981796,3520.920261342994,308.0,-2340.4752777777776,100.0,False,1
416,54.332,435.0,3516.0,307.98496272922904,-2339.962828109908,100.0,False,1
417,54.512,484.0,3370.0,307.5338343404376,-2324.6076161981928,100.0,False,1
418,54.672,533.0,3243.0,307.1328318984931,-2310.970252172869,100.0,False,1
419,54.725,550.1804835756407,3201.1855244662625,307.0,-2306.449444444444,100.0,False,1
420,54.892,607.0,3070.0,307.0,-2292.1973721220015,100.0,False,1
421,54.965,632.933555968349,3012.9631581542685,307.0,-2285.9827777777773,100.0,False,1
422,55.072,672.0,2930.0,306.2357138285714,-2276.903453959887,100.0,False,1
423,55.245,737.4758050341443,2798.346086103495,305.0,-2262.2605555555556,100.0,False,1
424,55.272,748.0,2778.0,305.0,-2259.9734325453655,100.0,False,1
425,55.445,817.5643293480157,2648.686492971433,305.0,-2245.316111111111,100.0,False,1
426,55.572,872.0,2555.0,304.54642925714285,-2234.578196488979,100.0,False,1
427,55.725,942.0046536597084,2443.9097274707797,304.0,-2221.671666666666,100.0,False,1
428,55.812,981.0,2385.0,303.56500096,-2214.3472540712373,100.0,False,1
429,55.925,1030.5827684264143,2313.347777002321,303.0,-2204.838333333333,100.0,False,1
430,55.972,1059.0,2276.0,303.0,-2200.8801206810563,100.0,False,1
431,56.172,1231.0,2068.0,303.0,-2184.040008900733,100.0,False,1
432,56.205,1253.0638101314744,2042.2418787178844,303.0,-2181.2716666666665,100.0,False,1
433,56.446,1334.9157316919054,1955.018493700697,301.0,-2161.1213888888888,100.0,False,1
434,56.533,1369.0,1921.0,301.0,-2153.8201431235398,100.0,False,1
435,56.606,1406.8338339747982,1882.6474726275487,301.0,-2147.7436111111106,100.0,False,1
436,56.733,1486.0,1803.0,295.70833066666665,-2137.4062229466153,100.0,False,1
437,56.846,1559.996780255157,1731.6480185836442,291.0,-2128.343611111111,100.0,False,1
438,56.933,1616.0,1679.0,289.7312490666667,-2121.3867599298283,100.0,False,1
439,57.193,1770.0,1539.0,285.9395824,-2100.761057082273,100.0,False,1
440,57.326,1849.012556239544,1469.6942107570806,284.0,-2090.476944444444,100.0,False,1
441,57.393,1889.0,1435.0,281.41136116363634,-2085.380210991784,84.77271272727273,False,1
442,57.613,2020.0,1323.0,272.91136116363634,-2069.022736459893,34.77271272727273,False,1
443,57.766,2110.436303246386,1248.6141983576354,267.0,-2057.843611111111,0.0,True,1
444,57.793,2126.0,1236.0,265.37999616,-2055.882103019834,0.0,True,1
445,57.966,2221.7771200782017,1159.4818136764634,255.0,-2043.676944444444,0.0,True,1
446,58.033,2257.0,1132.0,246.624992,-2039.3835910280632,0.0,True,1
447,58.213,2347.0,1064.0,224.124992,-2029.14174508608,0.0,True,1
448,58.366,2420.6914202977,1011.3027490216463,205.0,-2020.8991666666661,0.0,True,1
449,58.373,2424.0,1009.0,204.69999725714285,-2020.5221480234345,0.0,True,1
450,58.553,2507.0,953.0,196.98571154285713,-2010.837459617138,0.0,True,1
451,58.646,2548.2602716487513,926.3439062282513,193.0,-2005.8880555555552,0.0,True,1
452,58.793,2615.0,887.0,189.3249984,-1998.1824728038,0.0,True,1
453,58.846,2641.1054816661544,873.5203012152303,188.0,-1995.4436111111108,0.0,False,1
454,59.113,2786.0,817.0,182.80833208888887,-1981.9625975851318,1.483333688888889,False,1
455,59.206,2838.9427021342512,806.1440988645497,181.0,-1977.3436111111105,2.0,False,1
456,59.532,3011.0,798.0,177.74000128,-1961.31669295446,26.449990399999997,False,1
457,59.606,3038.869015821083,798.8461708077359,177.0,-1957.676944444444,32.0,False,1
458,59.806,3102.950303881112,805.2169034760699,178.0,-1947.7880555555553,48.0,False,1
459,59.872,3133.0,809.0,178.66000128,-1944.4951073932111,49.81500352,False,1
460,60.172,3316.0,833.0,181.65999872,-1929.3107512601941,58.06499648,False,1
461,60.206,3332.6729117062337,835.1714707801196,182.0,-1927.5658333333326,59.0,False,1
462,60.452,3428.0,847.0,184.7954530909091,-1914.7945736958877,47.81818763636364,False,1
463,60.646,3525.606821548284,857.8244344711059,187.0,-1904.7102777777773,39.0,False,1
464,60.752,3582.0,863.0,185.93999872,-1899.247343625173,18.329975039999997,False,1
465,60.846,3630.432486154745,866.4927288672855,185.0,-1894.4325,0.0,False,1
466,60.992,3704.0,870.0,183.95714194285713,-1887.0122548064523,22.42144822857143,False,1
467,61.126,3771.6744553889416,871.2569235681143,183.0,-1880.1991666666663,43.0,False,1
468,61.172,3795.0,871.0,183.3297481107388,-1877.8465074208266,42.50537783389182,False,1
469,61.392,3907.0,864.0,184.90681051600046,-1866.5301758034348,40.139784225999314,False,1
470,61.405,3913.584145688908,863.2999866778763,185.0,-1865.8616666666662,40.0,False,1
471,61.552,3987.0,853.0,185.0,-1858.312031602134,40.0,False,1
472,61.685,4051.027590819137,838.3739149618042,185.0,-1851.472777777777,40.0,False,1
473,61.712,4065.0,834.0,185.13500032,-1850.080810943386,40.60750144,False,1
474,61.992,4223.0,764.0,186.53500032,-1835.5654805273612,46.90750144,False,1
475,62.085,4261.415000988523,741.9102643042638,187.0,-1830.6949999999993,49.0,False,1
476,62.245,4313.452450174309,705.0820967561403,190.0,-1822.250555555555,78.0,False,1
477,62.292,4331.0,692.0,190.70499712,-1819.7565487282986,78.93999616,False,1
478,62.445,4396.960245983106,641.667832514772,193.0,-1811.5283333333327,82.0,False,1
479,62.492,4418.0,625.0,194.84642102857143,-1808.9293618860738,83.1749952,False,1
480,62.725,4519.674400895766,539.7346568675537,204.0,-1795.661666666666,89.0,False,1
481,62.752,4531.0,530.0,204.44813396133017,-1794.1135273702512,90.23236839365799,False,1
482,62.953,4619.0,454.0,207.78423337008687,-1782.5023011114895,99.40664176773889,False,1
483,62.966,4626.000698951096,447.9873157057716,208.0,-1781.7372222222216,100.0,False,1
484,63.166,4754.819987847684,338.05666447481605,216.0,-1769.737222222222,100.0,False,1
485,63.253,4801.0,299.0,218.1750016,-1764.437658166039,100.0,False,1
486,63.366,4840.711543379492,265.88968170564516,221.0,-1757.4594444444442,100.0,False,1
487,63.533,4887.0,228.0,225.1750016,-1746.8532836476284,100.0,False,1
488,63.806,5020.943821231917,116.80362684720502,232.0,-1729.1038888888888,100.0,False,1
489,63.833,5034.0,106.0,232.1928576,-1727.3531631102414,100.0,False,1
490,63.973,5104.0,48.0,233.1928576,-1718.2908323740298,100.0,False,1
491,64.086,5195.5205632756,-29.12405799191188,234.0,-1710.9038888888886,100.0,False,1
492,64.213,5298.0,-116.0,237.70416853333333,-1702.466915136566,100.0,False,1
493,64.326,5344.268112046995,-155.41163553988076,241.0,-1694.8372222222224,100.0,False,1
494,64.513,5381.0,-187.0,247.54500224,-1681.9634878655447,100.0,False,1
495,64.526,5385.174315961827,-190.56009537533177,248.0,-1681.0594444444446,100.0,False,1
496,64.766,5504.509360489903,-292.12489517316675,253.0,-1664.1927777777773,100.0,False,1
497,64.833,5551.0,-332.0,253.93055644444445,-1659.4329224593753,100.0,False,1
498,65.073,5745.0,-501.0,257.26388977777776,-1642.221159659006,100.0,False,1
499,65.126,5782.244152756223,-534.8092881668261,258.0,-1638.3927777777772,100.0,False,1
500,65.366,5910.689970302198,-659.5153042178617,262.0,-1620.926111111111,100.0,False,1
501,65.473,5954.0,-704.0,264.14000128,-1613.0454142398198,100.0,False,1
502,65.566,5986.183312614196,-737.9131708877511,266.0,-1606.148333333333,100.0,False,1
503,65.833,6072.0,-836.0,268.67000064,-1586.1299528159461,100.0,False,1
504,65.966,6131.782483144149,-909.7486439939586,270.0,-1576.1483333333335,100.0,False,1
505,66.013,6155.0,-940.0,270.0,-1572.6307514836694,100.0,False,1
506,66.166,6236.157492013413,-1053.171585780285,270.0,-1561.1483333333335,100.0,False,1
507,66.326,6316.390714533403,-1172.98217089499,275.0,-1548.9261111111114,72.0,False,1
508,66.332,6319.0,-1177.0,275.0,-1548.467369379362,72.23999488,False,1
509,66.526,6387.773532336912,-1288.3501510422477,275.0,-1533.6483333333335,80.0,False,1
510,66.732,6450.0,-1402.0,276.47142765714284,-1517.7896870969867,46.89287771428571,False,1
511,66.806,6475.578962466692,-1450.9455594911744,277.0,-1512.1038888888888,35.0,False,1
512,66.912,6513.0,-1525.0,275.93999872,-1503.9950547602048,32.87999744,False,1
513,67.006,6544.0844923392615,-1589.8918890572238,275.0,-1496.826111111111,31.0,True,1
514,67.012,6546.0,-1594.0,274.97500053333334,-1496.368847282345,31.774983466666665,True,1
515,67.246,6615.774503439415,-1754.003545282277,274.0,-1478.5594444444446,62.0,True,1
516,67.312,6636.0,-1804.0,274.0,-1473.5405320250125,69.4250144,True,1
517,67.406,6666.224392464733,-1881.0769518111917,274.0,-1466.3816666666662,80.0,True,1
518,67.572,6718.0,-2018.0,275.3833322666667,-1453.6593305674264,89.22221511111111,True,1
519,67.766,6762.924309370685,-2142.1864707843793,277.0,-1438.6816666666664,100.0,True,1
520,67.852,6781.0,-2193.0,277.0,-1432.0128320560125,100.0,True,1
521,67.966,6805.340741328434,-2261.269716714502,277.0,-1423.2927777777782,100.0,False,1
522,68.165,6858.539699408021,-2413.7761484343528,263.0,-1408.7547222222215,67.0,False,1
523,68.172,6861.0,-2421.0,263.0249993142857,-1408.2457030578448,67.54998491428572,False,1
524,68.332,6922.0,-2602.0,263.59642788571426,-1396.5526139294816,80.12141348571429,False,1
525,68.445,6950.688069968249,-2687.8088632140084,264.0,-1388.2213888888891,89.0,False,1
526,68.712,6987.0,-2799.0,268.7678582857143,-1368.2796429564714,87.09285668571428,False,1
527,68.725,6989.431809555746,-2806.484178047367,269.0,-1367.2991666666667,87.0,False,1
528,68.992,7052.0,-3000.0,273.7678582857143,-1346.9834324990825,99.39643154285714,False,1
529,69.005,7055.061585037967,-3009.5988740303887,274.0,-1345.9880555555555,100.0,False,1
530,69.052,7066.0,-3044.0,274.2611100444444,-1342.3855105442462,97.78056462222223,False,1
531,69.312,7126.0,-3233.0,275.7055559111111,-1322.4209129681744,85.50277475555556,False,1
532,69.365,7138.295592899502,-3271.286031192626,276.0,-1318.3880555555556,83.0,False,1
533,69.513,7173.0,-3378.0,272.72022102519156,-1307.2222314422947,53.07201685487279,False,1
534,69.693,7216.0,-3508.0,268.7313006504245,-1293.9080758623177,16.673118435123488,False,1
535,69.726,7223.700604649339,-3531.714651371746,268.0,-1291.513611111111,10.0,False,1
536,69.873,7257.0,-3636.0,259.42499626666665,-1281.0268742265466,3.874997333333333,False,1
537,69.966,7277.268107353484,-3699.639629523862,254.0,-1274.580277777778,0.0,True,1
538,70.213,7328.0,-3861.0,239.00356754285716,-1258.2491153107567,0.0,True,1
539,70.246,7334.415095848754,-3882.0469278445134,237.0,-1256.1469444444447,0.0,True,1
540,70.373,7358.0,-3962.0,230.6499968,-1248.2242811285237,0.0,True,1
541,70.553,7387.0,-4072.0,221.6499968,-1237.2896673623022,0.0,True,1
542,70.566,7388.923798792249,-4079.7342508351244,221.0,-1236.5024999999996,0.0,True,1
543,70.713,7409.0,-4165.0,215.4874976,-1227.637613245121,0.0,True,1
544,70.806,7419.672503892536,-4216.834504313246,212.0,-1222.3691666666664,0.0,True,1
545,71.053,7442.0,-4342.0,177.59641965714286,-1210.361093315907,0.0,True,1
546,71.086,7444.6788395412095,-4356.51864238625,173.0,-1208.9136111111106,0.0,True,1
547,71.293,7463.0,-4451.0,155.74999466666665,-1200.5054903871992,0.0,True,1
548,71.446,7483.421183199046,-4554.466332720886,143.0,-1194.6136111111105,0.0,True,1
549,71.493,7488.0,-4578.0,141.2374976,-1192.801935017697,0.0,True,1
550,71.606,7492.660131165452,-4603.512703229037,137.0,-1188.5247222222215,0.0,True,1
551,71.753,7493.0,-4613.0,128.7312464,-1183.4242672989176,0.0,True,1
552,71.926,7498.807398711236,-4664.621712905486,119.0,-1177.946944444443,0.0,True,1
553,72.033,7502.0,-4702.0,114.3187472,-1174.7355638979925,0.0,True,1
554,72.246,7502.125549615427,-4764.047408873194,105.0,-1168.61361111111,0.0,True,1
555,72.253,7502.0,-4766.0,104.8687488,-1168.414164094892,0.0,True,1
556,72.406,7497.2803371139535,-4808.584777841704,102.0,-1164.0802777777762,0.0,True,1
557,72.493,7493.0,-4832.0,100.9124992,-1161.6473494897673,0.0,True,1
558,72.646,7482.725807993746,-4870.927134033677,99.0,-1157.4802777777768,0.0,True,1
559,72.712,7477.0,-4887.0,96.68999552,-1155.756657792209,0.0,True,1
560,72.846,7462.730949732996,-4918.261587979745,92.0,-1152.3691666666655,0.0,False,1
561,72.892,7457.0,-4928.0,91.1375024,-1151.2273349724674,0.0,False,1
562,73.006,7440.978333926377,-4949.432663308196,89.0,-1148.4136111111102,0.0,False,1
563,73.032,7437.0,-4954.0,89.21666773333334,-1147.7659575948064,1.9500096,False,1
564,73.246,7399.250859961161,-4988.832298508552,91.0,-1142.3469444444436,18.0,False,1
565,73.332,7379.0,-5002.0,91.85999872,-1140.1367275535404,21.00999552,False,1
566,73.446,7346.385541159552,-5018.99329740317,93.0,-1137.1802777777766,25.0,False,1
567,73.532,7323.0,-5030.0,93.85999872,-1134.9295182840888,25.85999872,False,1
568,73.646,7299.474792217948,-5040.6470603362895,95.0,-1131.9024999999983,27.0,False,1
569,73.932,7230.0,-5065.0,100.3624976,-1123.9306606205118,52.024988799999996,False,1
570,73.966,7213.316936616709,-5070.370606873028,101.0,-1122.9247222222211,55.0,False,1
571,74.072,7158.0,-5088.0,105.54286262857143,-1119.6945552774814,55.757143771428574,False,1
572,74.246,7116.252222669571,-5101.087567400853,113.0,-1114.135833333332,57.0,False,1
573,74.432,7085.0,-5110.0,116.61666915555556,-1107.9450390877391,66.81667342222222,False,1
574,74.606,7008.702331523336,-5132.027283679446,120.0,-1102.135833333332,76.0,False,1
575,74.772,6936.0,-5153.0,120.0,-1096.7567088769565,84.3207942543087,False,1
576,75.005,6891.717277541153,-5165.474720336299,120.0,-1088.8358333333317,96.0,False,1
577,75.072,6875.0,-5170.0,124.83889351111111,-1086.2986129276233,96.74444515555555,False,1
578,75.365,6745.6125466071535,-5204.472867906531,146.0,-1074.2358333333314,100.0,False,1
579,75.392,6732.0,-5208.0,146.482144,-1073.1076647919017,100.0,False,1
580,75.645,6603.966970035643,-5240.1311340787,151.0,-1062.4913888888868,100.0,False,1
581,75.772,6551.0,-5253.0,153.3812464,-1057.074886150851,100.0,False,1
582,75.805,6539.313780165922,-5255.796868924454,154.0,-1055.646944444442,100.0,False,1
583,75.965,6494.795406589223,-5266.159343648438,158.0,-1048.62472222222,100.0,False,1
584,76.126,6448.0682863663105,-5276.7143436016195,158.0,-1041.5586111111088,100.0,False,1
585,76.153,6438.0,-5279.0,159.265628,-1040.327653942778,100.0,False,1
586,76.373,6338.0,-5302.0,169.578128,-1029.7371670850016,100.0,False,1
587,76.446,6303.930919236545,-5310.163029882176,173.0,-1026.180833333331,100.0,False,1
588,76.593,6236.0,-5327.0,174.05000045714286,-1019.0814496131215,100.0,False,1
589,76.726,6173.555507355867,-5343.0073347955395,175.0,-1012.5697222222198,100.0,False,1
590,76.813,6132.0,-5354.0,176.45000106666666,-1008.1897676126846,94.52221819259259,False,1
591,76.973,6055.0,-5375.0,179.11666773333334,-999.8860877600218,84.44814411851851,False,1
592,77.173,5957.0,-5401.0,182.45000106666666,-989.0535788367479,71.85555152592593,False,1
593,77.473,5746.0,-5452.0,187.45000106666666,-972.3341063160815,52.96666263703704,False,1
594,77.733,5676.0,-5472.0,191.7833344,-958.4520341768321,36.59629226666667,False,1
595,77.806,5646.03968202148,-5481.885758219184,193.0,-954.6697222222201,32.0,False,1
596,78.013,5522.0,-5519.0,184.1285686857143,-944.2105474418267,8.342849828571428,False,1
597,78.086,5470.539241073145,-5530.570103523943,181.0,-940.5919444444426,0.0,True,1
598,78.286,5328.240471324693,-5554.924552012648,176.0,-930.8141666666643,0.0,True,1
599,78.313,5313.0,-5557.0,175.59499904,-929.5045119985944,0.0,True,1
600,78.486,5242.694159686523,-5562.996779108057,173.0,-921.203055555553,0.0,True,1
601,78.633,5192.0,-5562.0,167.85499776,-914.3892725858977,0.0,True,1
602,78.686,5170.257704400279,-5561.017827883102,166.0,-911.9808333333303,0.0,True,1
603,78.846,5097.160025669014,-5554.899920906122,161.0,-904.8252777777752,0.0,True,1
604,78.873,5085.0,-5553.0,160.86499968,-903.6245812530778,0.0,True,1
605,79.046,5010.646347303805,-5534.615666745332,160.0,-895.9363888888865,0.0,False,1
606,79.113,4984.0,-5526.0,160.3722225777778,-892.9459370654968,7.816674133333334,False,1
607,79.352,4887.0,-5482.0,161.7000007111111,-882.1921087421042,35.700014933333335,False,1
608,79.406,4855.948638911934,-5462.332722956193,162.0,-879.7363888888867,42.0,False,1
609,79.532,4780.0,-5410.0,163.5749984,-873.9659350339043,42.0,False,1
610,79.806,4705.910014383666,-5349.7192400737,167.0,-861.180833333332,42.0,False,1
611,79.932,4675.0,-5317.0,169.29090676363637,-855.1623390435598,51.736353745454544,False,1
612,80.012,4649.0,-5289.0,170.7454522181818,-851.2946963131817,57.918171927272724,False,1
613,80.192,4594.0,-5224.0,174.01818414545454,-842.4703982086266,71.82728261818181,False,1
614,80.246,4577.899583351028,-5203.596487060178,175.0,-839.7919444444433,76.0,False,1
615,80.412,4529.0,-5138.0,177.90499776,-831.4681264436604,78.0749984,False,1
616,80.592,4479.0,-5065.0,181.05500224,-822.3238769122017,80.3250016,False,1
617,80.646,4465.365617769225,-5044.340633940287,182.0,-819.5697222222207,81.0,False,1
618,80.952,4385.0,-4908.0,183.53000064,-803.9023531219545,88.6500032,False,1
619,81.046,4348.026488206873,-4836.817441714352,184.0,-799.1252777777763,91.0,False,1
620,81.132,4315.0,-4772.0,184.0,-794.7827730475537,91.0,False,1
621,81.406,4253.733533781252,-4649.233643995671,184.0,-780.7252777777767,91.0,False,1
622,81.572,4227.0,-4594.0,194.1146852210041,-771.5132618469643,95.16487038511934,False,1
623,81.685,4206.533422122307,-4551.608229564399,201.0,-765.1477777777773,98.0,False,1
624,81.845,4174.262720842449,-4484.598944319957,201.0,-756.2144444444439,98.0,False,1
625,81.992,4140.0,-4413.0,201.9187504,-747.9640908610172,7.962460800000006,False,1
626,82.005,4136.742393850035,-4406.171027639626,202.0,-747.2366666666667,0.0,False,1
627,82.032,4130.0,-4392.0,201.3249984,-745.7281969701344,0.0,False,1
628,82.245,4087.3085482158485,-4298.648904026294,196.0,-734.1699999999992,0.0,True,1
629,82.352,4060.0,-4239.0,181.9562416,-728.9086140690906,0.0,True,1
630,82.405,4042.9002069714666,-4202.165938666625,175.0,-726.3922222222218,0.0,True,1
631,82.553,3993.0,-4096.0,168.85891953099937,-719.5429707347412,0.0,True,1
632,82.646,3973.786756101562,-4056.2943808968407,165.0,-715.3463888888882,0.0,True,1
633,82.806,3961.263718652093,-4034.4459833312867,158.0,-708.3241666666663,0.0,True,1
634,82.933,3944.0,-4008.0,149.74499584,-703.085278256387,0.0,True,1
635,83.006,3928.1041235308944,-3983.1542674351003,145.0,-700.2686111111107,0.0,True,1
636,83.233,3865.0,-3884.0,126.35356617142857,-692.4832335563433,0.0,True,1
637,83.286,3852.6782830293428,-3864.8558931982398,122.0,-690.7797222222216,0.0,True,1
638,83.606,3799.6679734460554,-3785.9788649614306,110.0,-681.0019444444442,0.0,True,1
639,83.633,3796.0,-3781.0,109.24999822222222,-680.2182354105635,0.0,True,1
640,83.966,3753.270414423275,-3731.1710152965584,100.0,-671.0019444444442,0.0,True,1
641,84.033,3742.0,-3720.0,97.906248,-669.2083855497885,0.0,True,1
642,84.126,3724.3266178959593,-3703.2129876927906,95.0,-666.7797222222216,0.0,True,1
643,84.133,3723.0,-3702.0,94.8031232,-666.6018435163678,0.0,True,1
644,84.373,3676.0,-3667.0,88.0531232,-660.8588408192336,0.0,True,1
645,84.446,3656.1466899078086,-3657.232718883769,86.0,-659.1352777777774,0.0,True,1
646,84.633,3600.0,-3636.0,86.0,-654.6551797931897,0.0,True,1
647,84.686,3587.1226141136276,-3632.3335084725236,86.0,-653.4019444444439,0.0,False,1
648,84.886,3552.569158999806,-3628.4438452532404,83.0,-648.7908333333335,0.0,False,1
649,85.093,3518.0,-3633.0,81.27499946666667,-644.1164346908872,0.0,False,1
650,85.126,3511.2738021962223,-3634.055703831776,81.0,-643.3908333333329,0.0,False,1
651,85.273,3479.0,-3640.0,78.54999893333333,-640.2400129405714,7.3500032,False,1
652,85.366,3459.5307336735314,-3645.042564617938,77.0,-638.2574999999997,12.0,False,1
653,85.453,3442.0,-3651.0,77.62142902857143,-636.3811690264829,15.107145142857142,False,1
654,85.646,3404.2718270196237,-3669.1242289264264,79.0,-632.1130555555555,22.0,False,1
655,85.673,3399.0,-3672.0,79.54000128,-631.4990242473259,22.40500096,False,1
656,85.846,3365.160782793041,-3692.032939101239,83.0,-627.5019444444442,25.0,True,1
657,85.912,3353.0,-3701.0,83.0,-625.9847071499053,28.850007466666668,True,1
658,85.992,3339.0,-3713.0,83.0,-624.1545487657149,33.51667413333333,True,1
659,86.086,3322.351138163045,-3727.807947208178,83.0,-621.9686111111114,39.0,False,1
660,86.332,3279.0,-3770.0,87.78333084444445,-615.9778962292348,39.0,False,1
661,86.446,3260.794516596839,-3791.6762199058267,90.0,-612.9686111111114,39.0,False,1
662,86.512,3250.0,-3805.0,94.9500096,-611.1406162695275,43.9500096,False,1
663,86.606,3233.59883438399,-3825.081414524433,102.0,-608.4352777777785,51.0,False,1
664,86.672,3222.0,-3840.0,103.92500373333333,-606.470528678753,51.8250016,False,1
665,86.846,3192.9778867088794,-3882.632250500515,109.0,-601.1686111111112,54.0,False,1
666,86.952,3176.0,-3910.0,109.0,-598.0056148999283,54.0,False,1
667,87.006,3167.4723548552843,-3924.1532740881817,109.0,-596.3241666666672,54.0,False,1
668,87.152,3144.0,-3964.0,116.3000064,-591.3402322336706,56.98636625454545,False,1
669,87.352,3109.0,-4024.0,126.3000064,-583.7865342526984,61.077275345454545,False,1
670,87.446,3094.3018231691203,-4050.8077531934086,131.0,-580.3130555555563,63.0,False,1
671,87.512,3080.0,-4074.0,131.0,-577.9228211178342,63.66000128,False,1
672,87.646,3032.835652232039,-4140.442182770298,131.0,-573.035277777778,65.0,False,1
673,87.712,3010.0,-4171.0,133.80500544,-570.4891636725943,62.68999552,False,1
674,88.046,2936.6050914268267,-4250.459958195774,148.0,-556.5908333333336,51.0,False,1
675,88.112,2912.0,-4270.0,148.70967863290525,-553.8244825827869,50.29032136709474,False,1
676,88.272,2829.0,-4331.0,150.4301083457816,-547.126472224526,48.5698916542184,False,1
677,88.325,2798.5150256397683,-4349.671938891723,151.0,-544.8883333333342,48.0,False,1
678,88.532,2685.0,-4406.0,153.2178550857143,-536.0400564289284,45.042859885714286,False,1
679,88.605,2656.782832177946,-4418.767679115123,154.0,-532.9105555555561,44.0,False,1
680,88.925,2574.4594372385936,-4444.504613216741,154.0,-519.2216666666673,32.0,False,1
681,88.932,2572.0,-4445.0,154.024910354428,-518.9213849840726,32.373655316419715,False,1
682,89.133,2489.0,-4459.0,154.74021369172127,-510.27327389486436,43.103205375819016,False,1
683,89.206,2460.7729887049204,-4462.311517513034,155.0,-507.12305555555577,47.0,False,1
684,89.413,2368.0,-4460.0,155.86250026666667,-498.1604122296985,49.5875008,False,1
685,89.446,2345.5744898735566,-4456.872159255359,156.0,-496.72305555555613,50.0,False,1
686,89.613,2219.0,-4434.0,158.50500096,-489.3773879807013,55.84500224,False,1
687,89.646,2200.013739768792,-4430.094155378756,159.0,-487.8897222222231,57.0,False,1
688,89.926,2128.773556178633,-4407.942265570857,169.0,-474.74527777777894,61.0,False,1
689,90.053,2088.0,-4392.0,172.1750016,-468.6517722116714,64.1750016,False,1
690,90.086,2073.3103782797266,-4386.604809313816,173.0,-467.05638888889007,65.0,False,1
691,90.113,2061.0,-4382.0,173.45000106666666,-465.74680667315624,66.23750293333333,False,1
692,90.313,1976.0,-4342.0,176.7833344,-455.9070532475198,75.4041696,False,1
693,90.326,1969.6081212133204,-4338.272485482678,177.0,-455.2563888888899,76.0,False,1
694,90.566,1831.0139221476065,-4245.4138547548355,184.0,-442.98972222222255,100.0,False,1
695,90.633,1799.0,-4222.0,186.5125024,-439.4871519095386,100.0,False,1
696,90.726,1764.526095212,-4195.32116037402,190.0,-434.5452777777782,100.0,False,1
697,90.973,1698.0,-4135.0,197.20416853333333,-420.7787325969621,100.0,False,1
698,91.206,1601.9394774009886,-4045.741704949783,204.0,-407.3452777777784,100.0,False,1
699,91.213,1599.0,-4043.0,204.20416853333333,-406.94079187433,100.0,False,1
700,91.413,1514.0,-3963.0,210.03750186666667,-395.2732668238277,100.0,False,1
701,91.446,1497.643104131595,-3947.3401658451003,211.0,-393.2786111111118,100.0,False,1
702,91.713,1355.0,-3809.0,226.0187536,-376.3243751022346,100.0,False,1
703,91.766,1334.1099720664747,-3788.691590645916,229.0,-372.92305555555595,100.0,False,1
704,91.926,1282.2862608921037,-3738.129866563791,231.0,-362.6563888888895,100.0,False,1
705,91.953,1272.0,-3728.0,231.964288,-360.8890800067893,100.0,False,1
706,92.173,1169.0,-3626.0,239.82143085714284,-346.1238496713022,100.0,False,1
707,92.206,1152.9523393399584,-3610.172050109451,241.0,-343.911944444445,100.0,False,1
708,92.486,1018.5487139227515,-3478.692692383858,241.0,-325.1675000000005,100.0,False,1
709,92.552,986.0,-3447.0,244.3000064,-320.5810243749838,100.0,False,1
710,92.712,906.0,-3369.0,252.3000064,-309.1345898509653,100.0,False,1
711,92.806,861.2721386937865,-3324.7451472009775,257.0,-302.3230555555565,100.0,False,1
712,92.912,804.0,-3268.0,259.3187528,-294.602701353072,100.0,False,1
713,93.126,644.900773971739,-3112.2288411107957,264.0,-278.85638888888934,100.0,False,1
714,93.172,616.0,-3084.0,265.1499968,-275.43483665425265,100.0,False,1
715,93.366,539.5406354698297,-3009.348180978928,270.0,-260.85638888888934,100.0,False,1
716,93.512,487.0,-2958.0,273.6500032,-249.7248731883874,100.0,False,1
717,93.566,461.1207966089371,-2932.686013176374,275.0,-245.57861111111106,100.0,False,1
718,93.772,345.0,-2819.0,278.4333312,-229.63141144159908,100.0,False,1
719,93.806,327.1782125645752,-2801.5300884493695,279.0,-226.9786111111116,100.0,False,1
720,93.952,245.0,-2721.0,281.281252,-215.51892912459516,100.0,False,1
721,94.126,86.28195803087706,-2565.9105137157853,284.0,-201.73416666666617,100.0,False,1
722,94.212,18.0,-2499.0,285.0749984,-194.87797082935867,100.0,False,1
723,94.526,-87.3634866312531,-2394.1291651939464,289.0,-169.62305555555577,100.0,False,1
724,94.572,-107.0,-2375.0,289.5749984,-165.89866582558898,100.0,False,1
725,94.732,-200.0,-2285.0,291.5749984,-152.89622161861462,100.0,False,1
726,94.846,-267.6244218967844,-2218.5538047560553,293.0,-143.57861111111106,100.0,False,1
727,95.032,-375.0,-2113.0,294.8646626382496,-128.27437004816602,100.0,False,1
728,95.112,-422.0,-2068.0,295.66666752213854,-121.66058689011425,100.0,False,1
729,95.245,-503.65556247937604,-1990.3413421861494,297.0,-110.66111111111059,100.0,False,1
730,95.332,-561.0,-1936.0,297.5437488,-103.4635313589688,100.0,False,1
731,95.405,-612.1296552063906,-1887.6331894997095,298.0,-97.41666666666606,100.0,False,1
732,95.565,-723.6702727720842,-1782.1104299812848,299.0,-84.12777777777774,100.0,False,1
733,95.572,-728.0,-1778.0,299.02491035442796,-83.54580022442588,100.0,False,1
734,95.846,-872.0713633079893,-1640.7160571753718,300.0,-60.71111111111077,100.0,False,1
735,95.853,-876.0,-1637.0,300.0656256,-60.124954872388116,100.0,False,1
736,95.913,-912.0,-1603.0,300.6281256,-55.09381489976931,100.0,False,1
737,96.166,-1143.371647908356,-1383.2029081406158,303.0,-33.77777777777828,100.0,False,1
738,96.233,-1193.0,-1336.0,303.16750016,-28.122675916376465,100.0,False,1
739,96.566,-1311.786010020479,-1223.0602175774814,304.0,0.0,100.0,False,2
740,96.573,-1315.0,-1220.0,304.0,0.5905923163600164,100.0,False,2
741,96.766,-1432.0917287178065,-1108.468307145761,304.0,16.888888888888687,100.0,False,2
742,96.813,-1462.0,-1080.0,304.5875008,20.880062554095275,100.0,False,2
743,96.913,-1523.0,-1022.0,305.8375008,29.40709773850722,100.0,False,2
744,97.006,-1579.7468092631145,-968.1900985431339,307.0,37.35555555555493,100.0,False,2
745,97.293,-1757.0,-800.0,307.71750016,61.9242586836117,100.0,False,2
746,97.406,-1826.4961504544442,-733.2393877004434,308.0,71.57777777777756,100.0,False,2
747,97.493,-1880.0,-682.0,307.6045451636364,78.99414032790537,100.0,False,2
748,97.673,-1991.0,-577.0,306.78636334545456,94.2957171162052,100.0,False,2
749,97.846,-2097.6825933031237,-476.1071634192057,306.0,108.97777777777719,100.0,False,2
750,97.853,-2102.0,-472.0,306.0,109.57160324108372,100.0,False,2
751,98.073,-2238.0,-342.0,306.0,128.26558798862516,100.0,False,2
752,98.086,-2246.087244818374,-334.3161750114772,306.0,129.37777777777683,100.0,False,2
753,98.313,-2388.0,-200.0,309.546876,148.96650501558452,100.0,False,2
754,98.406,-2445.958320805428,-144.24959758076844,311.0,157.0222222222219,100.0,False,2
755,98.473,-2488.0,-104.0,310.66499968,162.8229613293688,83.249984,False,2
756,98.673,-2617.0,17.0,309.66499968,180.09492213049998,33.249984000000005,False,2
757,98.806,-2707.1582491875783,102.03072238686252,309.0,191.35555555555493,0.0,False,2
758,98.913,-2777.0,169.0,304.0321398857143,200.23952904093494,0.0,False,2
759,98.973,-2814.0,205.0,301.2464256,205.15668986895162,0.0,False,2
760,99.086,-2890.9087188835474,278.61377129973226,296.0,214.37777777777683,0.0,True,2
761,99.246,-3011.182469804979,391.376739657312,288.0,227.177777777777,0.0,True,2
762,99.352,-3077.0,453.0,275.2318027636364,234.89560443372375,0.0,True,2
763,99.612,-3192.0,561.0,243.91365178181817,251.4060442598984,0.0,True,2
764,99.686,-3225.8476806682665,592.7187091249157,235.0,255.89999999999964,0.0,True,2
765,99.846,-3299.5462420505646,662.6039955467286,213.0,265.3666666666659,0.0,True,2
766,99.852,-3302.0,665.0,212.37001344,265.70655247156174,0.0,True,2
767,100.032,-3366.0,730.0,193.46998656,275.3237310846407,0.0,True,2
768,100.046,-3370.6059791451203,734.8290787962285,192.0,276.03333333333285,0.0,True,2
769,100.232,-3430.0,799.0,182.34230104615384,284.991988164913,0.0,True,2
770,100.452,-3499.0,880.0,170.91923741538463,294.77028914686434,0.0,True,2
771,100.566,-3531.0010048882164,921.8989548028607,165.0,299.8666666666659,0.0,True,2
772,100.692,-3563.0,968.0,163.11000192,305.5515804664683,0.0,True,2
773,100.766,-3580.288524059374,995.1600965276853,162.0,308.8666666666659,0.0,True,2
774,100.852,-3599.0,1027.0,160.3875024,312.66606846826653,0.0,True,2
775,101.032,-3633.0,1096.0,157.0124976,320.44142228462533,0.0,True,2
776,101.086,-3641.407418026229,1117.936719766745,156.0,322.73333333333267,0.0,False,2
777,101.246,-3661.0732125390773,1186.7500930905962,151.0,329.44444444444343,0.0,False,2
778,101.412,-3671.0,1262.0,151.0,336.43663864169594,14.821417142857143,False,2
779,101.526,-3670.9101246629793,1315.2287304773072,151.0,341.18888888888796,25.0,False,2
780,101.765,-3658.480223830831,1421.1032104110213,147.0,350.9480555555547,47.0,False,2
781,101.792,-3657.0,1431.0,147.3375008,352.06124159449973,46.8312496,False,2
782,101.925,-3649.9210078981723,1472.920856605811,149.0,357.57027777777694,46.0,False,2
783,102.085,-3638.0275034691626,1526.508493156195,149.0,364.1924999999992,46.0,False,2
784,102.112,-3635.0,1539.0,150.34626381762018,365.3625946202892,46.0,False,2
785,102.373,-3596.0,1694.0,163.36011334916137,377.5185367133872,46.0,False,2
786,102.446,-3586.781389117816,1732.756026647946,167.0,380.93888888888796,46.0,False,2
787,102.606,-3571.651682646331,1802.595824784442,167.0,388.3611111111104,46.0,False,2
788,102.806,-3559.3372364976435,1870.8697837248387,174.0,398.0277777777774,82.0,False,2
789,102.813,-3559.0,1873.0,174.0,398.36836523477086,82.1750016,False,2
790,103.093,-3551.0,1956.0,174.0,411.93439871060855,89.1750016,False,2
791,103.166,-3550.8863648217575,1985.8619265449445,174.0,415.427777777777,91.0,False,2
792,103.433,-3558.0,2121.0,174.0,428.2943122180641,95.76785828571428,False,2
793,103.446,-3558.6704211330757,2127.622427798464,174.0,428.96111111111077,96.0,False,2
794,103.673,-3574.0,2244.0,193.45714834285715,441.36582289244507,99.24285805714285,False,2
795,103.713,-3577.0,2266.0,196.88571977142857,443.6250682305772,99.81428662857142,False,2
796,103.726,-3578.138118111489,2273.1948987257338,198.0,444.3611111111104,100.0,False,2
797,103.893,-3600.0,2366.0,203.3678592,453.89589374209754,100.0,False,2
798,104.006,-3618.8044398077873,2427.5390389185013,207.0,460.46111111111077,100.0,False,2
799,104.153,-3649.0,2507.0,212.14500224,469.1660659540894,100.0,False,2
800,104.206,-3662.0965801791895,2535.946299799885,214.0,472.34999999999945,100.0,False,2
801,104.393,-3714.0,2635.0,217.5062512,483.77580427967405,100.0,False,2
802,104.686,-3813.9156551327,2781.911427531192,223.0,502.08333333333303,100.0,False,2
803,104.693,-3818.0,2787.0,223.14000128,502.5227702310358,100.0,False,2
804,104.853,-3929.0,2919.0,226.34000128,512.6001904182285,100.0,False,2
805,104.886,-3949.5908699239717,2942.349694760148,227.0,514.6944444444434,100.0,False,2
806,105.046,-4026.4382566350137,3022.9390634795163,230.0,524.9166666666661,100.0,False,2
807,105.246,-4106.7938356083005,3094.224714525086,230.0,537.6944444444434,100.0,False,2
808,105.253,-4110.0,3097.0,230.13611235555555,538.1457399152459,100.0,False,2
809,105.433,-4199.0,3173.0,233.63611235555555,549.8880116429036,100.0,False,2
810,105.606,-4284.084540338017,3245.506387709757,237.0,561.3944444444433,100.0,False,2
811,105.612,-4287.0,3248.0,237.1499968,561.796932440664,100.0,False,2
812,105.792,-4374.0,3323.0,241.6500032,573.973314660202,100.0,False,2
813,105.886,-4419.864598591991,3363.3985858943297,244.0,580.3722222222214,100.0,False,2
814,106.032,-4492.0,3428.0,245.8250016,590.3438589531752,100.0,False,2
815,106.046,-4498.975758537465,3434.293092881099,246.0,591.3055555555557,100.0,False,2
816,106.232,-4592.0,3519.0,247.93750133333333,604.2000679981466,100.0,False,2
817,106.526,-4734.573990463045,3652.2916921370884,251.0,624.7722222222219,100.0,False,2
818,106.686,-4809.487648622357,3724.209362331928,251.0,635.9277777777779,100.0,False,2
819,107.046,-4989.739832123651,3902.981537267394,259.0,661.8277777777776,100.0,False,2
820,107.212,-5085.0,4000.0,259.82999936,673.8620822037165,100.0,False,2
821,107.412,-5204.0,4123.0,260.82999936,688.3629580859833,100.0,False,2
822,107.446,-5221.567097045843,4141.366617526474,261.0,690.8277777777766,100.0,False,2
823,107.686,-5323.756491507817,4250.170643466279,261.0,708.2277777777772,100.0,False,2
824,107.732,-5344.0,4272.0,261.0,711.5652878982028,100.0,False,2
825,107.926,-5438.170624566455,4374.27971770312,261.0,725.6277777777768,100.0,False,2
826,108.012,-5481.0,4422.0,261.0,731.8302040012559,100.0,False,2
827,108.132,-5539.0,4488.0,261.0,740.4481572874192,100.0,False,2
828,108.352,-5645.0,4608.0,261.0,756.4143682676413,100.0,False,2
829,108.406,-5682.657888854179,4651.883011817463,261.0,760.427777777777,100.0,False,2
830,108.592,-5829.0,4825.0,270.33891605987185,774.5136492911688,100.0,False,2
831,108.645,-5860.214553746945,4862.2819814681525,273.0,778.5519444444426,100.0,False,2
832,108.845,-5926.098846458022,4942.793403841717,274.0,793.7741666666652,100.0,True,2
833,109.073,-5992.0,5027.0,274.0,811.0981015163052,100.0,True,2
834,109.126,-6015.63314813723,5057.016657237919,274.0,815.1613888888878,100.0,True,2
835,109.213,-6058.0,5111.0,275.74000128,821.8780344327897,100.0,True,2
836,109.326,-6111.024702073722,5179.609924814037,278.0,830.6058333333312,100.0,False,2
837,109.413,-6151.0,5232.0,276.1357129142857,837.2492484481982,68.92854857142856,False,2
838,109.573,-6224.0,5329.0,272.70714148571426,849.2999369712661,11.785691428571425,False,2
839,109.606,-6238.844810520041,5349.045656352918,272.0,851.7613888888873,0.0,False,2
840,109.873,-6357.0,5512.0,267.66124896,871.3804151416653,0.0,False,2
841,110.053,-6436.0,5622.0,264.73624896,884.3138184855607,0.0,False,2
842,110.233,-6515.0,5734.0,261.81124896,897.1104375197247,0.0,False,2
843,110.406,-6631.81602956198,5905.105156666666,259.0,909.3169444444438,0.0,False,2
844,110.473,-6669.0,5960.0,256.0687472,914.0199803298501,0.0,False,2
845,110.566,-6702.064140962459,6009.115985815282,252.0,920.5169444444437,0.0,True,2
846,110.793,-6738.0,6064.0,245.3791648,936.0049471497114,0.0,True,2
847,110.806,-6741.288716149078,6068.980141567527,245.0,936.8502777777767,0.0,True,2
848,111.006,-6809.842151363809,6172.432686967307,222.0,949.1836111111106,0.0,True,2
849,111.053,-6826.0,6197.0,217.53499392,951.9363329629059,0.0,True,2
850,111.206,-6872.987914008367,6268.945159049194,203.0,960.4613888888889,0.0,True,2
851,111.213,-6875.0,6272.0,201.9937408,960.8299929576579,0.0,True,2
852,111.366,-6917.004417433432,6334.806708821338,180.0,968.4613888888889,0.0,True,2
853,111.453,-6943.0,6374.0,174.92499626666665,972.5697388524313,0.0,True,2
854,111.606,-6996.968964960736,6457.2810629209425,166.0,979.5280555555555,0.0,True,2
855,111.733,-7038.0,6522.0,160.70833066666665,985.1646323519008,0.0,True,2
856,111.846,-7064.007187832013,6564.3426013403805,156.0,989.928055555556,0.0,True,2
857,112.173,-7113.0,6648.0,136.67726894545456,1001.8546688969118,0.0,True,2
858,112.212,-7121.0,6661.0,134.37273483636363,1003.2152690226221,0.0,True,2
859,112.286,-7134.63691201304,6685.129354996255,130.0,1005.8169444444447,0.0,True,2
860,112.486,-7162.263235478099,6747.1261824461035,127.0,1012.8725000000004,0.0,True,2
861,112.492,-7163.0,6749.0,126.7000064,1013.07709491482,0.0,True,2
862,112.646,-7180.445944509081,6797.560078613975,119.0,1018.1613888888887,0.0,True,2
863,112.692,-7185.0,6812.0,118.34285897142857,1019.6482849197882,0.0,True,2
864,112.926,-7202.707766550174,6884.096785256219,115.0,1027.105833333333,0.0,True,2
865,112.952,-7204.0,6892.0,114.78333226666666,1027.9333042146727,0.0,True,2
866,113.166,-7209.384346116251,6956.3791919415635,113.0,1034.639166666666,0.0,False,2
867,113.252,-7210.0,6982.0,109.6214336,1037.1608693844,0.0,False,2
868,113.312,-7210.0,7000.0,107.26428068571428,1038.8520021880859,0.0,False,2
869,113.446,-7205.610820102583,7045.126424000441,102.0,1042.5724999999993,0.0,True,2
870,113.612,-7195.0,7099.0,99.9250016,1047.1673861655709,0.0,True,2
871,113.766,-7184.554543390491,7132.350726571759,98.0,1051.283611111111,0.0,False,2
872,113.912,-7172.0,7158.0,93.8937464,1054.9460336409065,4.1062536,False,2
873,114.086,-7151.048235882983,7191.745796268342,89.0,1059.1947222222216,9.0,False,2
874,114.232,-7126.0,7221.0,90.04285805714285,1062.8473736207534,18.907151542857143,False,2
875,114.366,-7095.402823276138,7247.374077537109,91.0,1066.2724999999991,28.0,False,2
876,114.472,-7071.0,7265.0,92.59000192,1069.0319819391889,28.0,False,2
877,114.566,-7052.212650683953,7276.47510805966,94.0,1071.4947222222218,28.0,False,2
878,114.752,-7015.0,7292.0,95.1625008,1076.3628900750318,34.3937544,False,2
879,114.886,-6978.630679124538,7302.7082441582315,96.0,1080.0280555555546,39.0,False,2
880,114.932,-6966.0,7306.0,97.91666133333334,1081.3409195095664,39.76666453333333,False,2
881,115.126,-6915.470131634605,7316.979824010226,106.0,1087.0947222222212,43.0,False,2
882,115.212,-6885.0,7322.0,107.29648006545365,1089.6682580457891,45.592960130907294,False,2
883,115.325,-6831.882605728316,7329.705771204693,109.0,1093.119999999999,49.0,False,2
884,115.453,-6772.0,7338.0,113.78008425695184,1097.234889197076,51.65560236497324,False,2
885,115.566,-6737.4220694940095,7343.003288469475,118.0,1101.0194444444433,54.0,False,2
886,115.833,-6687.0,7350.0,123.56250133333333,1110.423120063816,59.56250133333334,False,2
887,116.013,-6628.0,7356.0,127.31250133333333,1116.90412147792,63.31250133333334,False,2
888,116.046,-6614.236922044271,7357.262570721628,128.0,1118.0861111111099,64.0,False,2
889,116.313,-6480.0,7370.0,130.86071497142856,1127.7740285555974,63.04642834285714,False,2
890,116.326,-6473.474114437789,7370.788780376198,131.0,1128.2749999999978,63.0,False,2
891,116.653,-6328.0,7394.0,147.3500032,1141.8037771921772,5.774988800000003,False,2
892,116.686,-6316.933634594582,7396.19137649455,149.0,1143.1749999999984,0.0,False,2
893,117.086,-6213.344039013959,7427.077321620896,145.0,1159.2861111111088,0.0,False,2
894,117.093,-6211.0,7428.0,144.9222215111111,1159.5637120474457,0.0,False,2
895,117.233,-6160.0,7449.0,143.36666595555556,1165.0979861118394,0.0,False,2
896,117.446,-6093.6483484471955,7480.694355113906,141.0,1173.3861111111091,0.0,False,2
897,117.553,-6053.0,7510.0,138.770832,1177.4502812924393,12.929174399999999,False,2
898,117.686,-5987.840984486769,7566.656850808386,136.0,1182.4527777777757,29.0,False,2
899,117.773,-5952.0,7600.0,136.0,1185.727665974121,30.30500096,False,2
900,117.886,-5926.784836903362,7625.338085264785,136.0,1190.0083333333305,32.0,False,2
901,118.086,-5911.875499833534,7651.421978276374,139.0,1197.730555555553,48.0,False,2
902,118.093,-5911.0,7653.0,139.0875008,1198.0032732842747,48.218752,False,2
903,118.246,-5884.336179096776,7700.364995332757,141.0,1203.9972222222195,53.0,False,2
904,118.373,-5861.0,7748.0,142.27000064,1209.0174253822033,51.72999936,False,2
905,118.446,-5850.505498639361,7775.154801958178,143.0,1211.9416666666639,51.0,False,2
906,118.533,-5840.0,7808.0,144.8642870857143,1215.4767686940595,57.5250048,False,2
907,118.693,-5824.0,7872.0,148.2928585142857,1222.1302709693919,69.5250048,False,2
908,118.726,-5821.380108779564,7885.722238812332,149.0,1223.5305555555524,72.0,False,2
909,118.926,-5810.9662730973805,7972.371911007456,157.0,1232.252777777775,78.0,False,2
910,118.972,-5810.0,7993.0,159.0124944,1234.3338947147986,79.437496,False,2
911,119.086,-5809.973672512026,8045.154101203205,164.0,1239.5416666666633,83.0,False,2
912,119.212,-5813.0,8103.0,160.8500032,1245.155911516932,85.3624976,False,2
913,119.246,-5814.1945076360025,8118.348014029776,160.0,1246.6527777777746,86.0,False,2
914,119.292,-5816.0,8139.0,160.0,1248.6693042250463,86.95833066666667,False,2
915,119.486,-5825.601908506551,8230.675293076385,160.0,1257.3194444444416,91.0,False,2
916,119.492,-5826.0,8234.0,160.49998933333333,1257.602393433679,91.19999573333334,False,2
917,119.726,-5846.953688531508,8392.021488185364,180.0,1269.3194444444416,99.0,False,2
918,119.872,-5859.0,8476.0,184.69286125714285,1276.8885989501214,99.52142902857143,False,2
919,120.006,-5866.226234477045,8522.274784797863,189.0,1284.0194444444414,100.0,False,2
920,120.172,-5876.0,8580.0,196.60832746666668,1293.184986215395,100.0,False,2
921,120.246,-5883.175418079463,8623.529202275888,200.0,1297.3527777777745,100.0,False,2
922,120.446,-5907.282076060787,8771.990113783017,206.0,1308.7972222222188,100.0,False,2
923,120.472,-5910.0,8789.0,206.43333546666668,1310.3027253473801,100.0,False,2
924,120.686,-5926.995279200709,8898.425153649478,210.0,1322.7972222222197,100.0,False,2
925,120.846,-5935.129231815963,8965.056949064177,211.0,1332.1749999999975,100.0,False,2
926,120.932,-5939.0,9009.0,212.50499776,1337.30242833592,98.71000192,False,2
927,121.132,-5946.0,9129.0,216.00499776,1349.464520284274,95.71000192,False,2
928,121.246,-5947.140145473277,9197.728252981822,218.0,1356.3972222222192,94.0,False,2
929,121.292,-5947.0,9225.0,217.8722225777778,1359.1851581350893,86.71668693333334,False,2
930,121.492,-5941.0,9347.0,217.31666702222222,1371.2469945944868,55.050020266666664,False,2
931,121.606,-5929.951313478521,9433.82766426268,217.0,1378.097222222219,37.0,False,2
932,121.712,-5917.0,9513.0,216.3374992,1384.4565366797196,48.2625136,False,2
933,121.766,-5910.4109676274065,9547.487728774217,216.0,1387.6972222222194,54.0,False,2
934,122.126,-5856.344750327085,9714.165539286276,217.0,1409.3972222222192,71.0,False,2
935,122.153,-5850.0,9728.0,217.3375008,1411.0357473228623,71.5062512,False,2
936,122.286,-5813.718474255665,9801.646865301436,219.0,1419.1305555555527,74.0,False,2
937,122.333,-5801.0,9826.0,219.1958336,1421.998506221028,75.7625024,False,2
938,122.513,-5742.0,9918.0,219.9458336,1433.0028127937003,82.5125024,False,2
939,122.526,-5734.154583303259,9927.698444777101,220.0,1433.7972222222188,83.0,False,2
940,122.673,-5620.0,10058.0,220.0,1442.7792021820887,83.0,False,2
941,122.686,-5611.05995078088,10067.85126330207,220.0,1443.574999999997,83.0,False,2
942,122.926,-5515.061990794548,10164.635704285529,222.0,1458.3749999999964,83.0,False,2
943,123.193,-5443.0,10215.0,227.0062512,1475.2781562497157,96.3500032,False,2
944,123.246,-5418.092612197842,10234.425567532182,228.0,1478.6416666666628,99.0,False,2
945,123.333,-5373.0,10270.0,228.0,1484.1505553857323,99.0,False,2
946,123.406,-5335.833138515736,10299.125679242832,228.0,1488.774999999997,99.0,False,2
947,123.493,-5292.0,10333.0,228.36250026666667,1494.302982186582,99.36250026666667,False,2
948,123.646,-5214.320188156353,10391.168188240292,229.0,1504.0416666666633,100.0,False,2
949,123.693,-5190.0,10409.0,229.0,1507.0276355208098,100.0,False,2
950,123.886,-5088.078652367451,10482.142131067427,229.0,1519.3083333333298,100.0,False,2
951,123.933,-5064.0,10499.0,229.83928685714287,1522.3261960635364,100.0,False,2
952,124.133,-4957.0,10571.0,233.41071542857142,1535.3291692587454,100.0,False,2
953,124.166,-4933.828797663968,10585.905360579542,234.0,1537.5083333333296,100.0,False,2
954,124.393,-4743.0,10704.0,240.4857161142857,1552.7459584293465,100.0,False,2
955,124.446,-4702.705979034612,10727.494059331126,242.0,1556.3305555555517,100.0,False,2
956,124.726,-4536.926209336864,10815.80123838541,244.0,1575.3083333333298,100.0,False,2
957,124.773,-4517.0,10826.0,244.0,1578.497207172475,100.0,False,2
958,125.006,-4442.1645766202555,10863.321604966706,244.0,1594.2861111111079,100.0,False,2
959,125.093,-4395.0,10885.0,243.4562496,1600.1494411488384,100.0,False,2
960,125.326,-4183.106820157474,10979.540253374533,242.0,1615.7972222222188,100.0,False,2
961,125.412,-4112.0,11011.0,242.0,1621.5796918458736,100.0,False,2
962,125.486,-4063.6204289169846,11032.332687782133,242.0,1626.5527777777752,100.0,False,2
963,125.872,-3915.0,11097.0,241.12272698181818,1652.392979119776,100.0,False,2
964,125.926,-3885.9281836879177,11109.706709581178,241.0,1656.0083333333305,100.0,False,2
965,126.052,-3805.0,11145.0,241.0,1664.4512983806671,100.0,False,2
966,126.206,-3679.13841144786,11199.50706675173,241.0,1674.752777777775,100.0,False,2
967,126.232,-3653.0,11211.0,240.85555484444444,1676.4860527366,100.0,False,2
968,126.512,-3330.0,11356.0,239.2999992888889,1695.069166482329,100.0,False,2
969,126.566,-3292.658629622356,11372.942210492676,239.0,1698.6527777777746,100.0,False,2
970,126.726,-3247.4102536400906,11393.917195481265,239.0,1709.274999999997,100.0,False,2
971,126.852,-3210.0,11412.0,238.2125008,1717.607603645909,50.3875504,False,2
972,126.886,-3194.8108366258525,11419.325205504405,238.0,1719.8527777777745,37.0,False,2
973,127.046,-3097.774889875325,11466.220279888854,237.0,1730.3861111111082,0.0,False,2
974,127.132,-3044.0,11493.0,235.464288,1735.981431289828,0.0,False,2
975,127.232,-2986.0,11523.0,233.67856914285716,1742.4221533029013,0.0,False,2
976,127.326,-2933.5641926097596,11551.50788715108,232.0,1748.430555555552,0.0,False,2
977,127.432,-2876.0,11584.0,230.0124976,1755.1617614492015,0.0,False,2
978,127.486,-2847.1412889622156,11600.555315216488,229.0,1758.6083333333308,0.0,False,2
979,127.646,-2763.922940044195,11649.731996080554,229.0,1768.7861111111088,0.0,True,2
980,127.692,-2741.0,11664.0,223.8250144,1771.525424737848,0.0,True,2
981,127.872,-2655.0,11720.0,203.5749856,1781.489158644661,0.0,True,2
982,127.886,-2648.3573982771354,11724.270482244927,202.0,1782.252777777775,0.0,False,2
983,128.032,-2579.0,11767.0,197.61999616,1790.2093582667667,16.060014080000002,False,2
984,128.086,-2553.525219774702,11781.25162036356,196.0,1793.1416666666646,22.0,False,2
985,128.272,-2466.0,11822.0,194.67142765714286,1803.181583808294,25.98571702857143,False,2
986,128.366,-2421.0814172106707,11836.419743579225,194.0,1808.230555555553,28.0,False,2
987,128.432,-2389.0,11844.0,193.72499946666667,1811.7683529894093,31.025005866666667,False,2
988,128.606,-2301.24536810527,11853.564464414558,193.0,1821.097222222219,39.0,False,2
989,128.673,-2265.0,11852.0,193.4568186181818,1824.710231895484,42.80682181818182,False,2
990,129.033,-2059.0,11796.0,195.91136407272728,1844.3376826981003,63.26136727272727,False,2
991,129.046,-2052.7667735615473,11793.232902818188,196.0,1845.0527777777743,64.0,False,2
992,129.246,-1970.2563193031274,11745.94260083969,198.0,1856.0527777777752,86.0,False,2
993,129.313,-1942.0,11726.0,197.69545425454547,1859.6793244143482,88.13182021818182,False,2
994,129.493,-1858.0,11662.0,196.87727243636363,1869.2432005678647,93.85909294545455,False,2
995,129.686,-1764.2091182803294,11592.352860317102,196.0,1880.0083333333305,100.0,False,2
996,129.773,-1718.0,11562.0,202.88750506666668,1885.182515122804,100.0,False,2
997,129.926,-1627.9916901335487,11510.737546692208,215.0,1894.3416666666626,100.0,False,2
998,130.033,-1563.0,11480.0,206.9749952,1900.3170853440506,100.0,False,2
999,130.126,-1507.4649171036301,11458.47993294191,200.0,1905.4527777777748,100.0,False,2
1000,130.253,-1432.0,11434.0,203.81000192,1912.695500659116,100.0,False,2
1001,130.313,-1396.0,11423.0,205.61000192,1916.149859718249,100.0,False,2
1002,130.326,-1388.2050813469566,11420.725582182007,206.0,1916.8972222222183,100.0,False,2
1003,130.493,-1284.0,11394.0,206.0,1926.4639197577435,100.0,False,2
1004,130.646,-1164.8530696559083,11367.808978455425,206.0,1935.2083333333294,100.0,False,2
1005,130.873,-987.0,11332.0,206.0,1948.1980933431905,100.0,False,2
1006,130.886,-978.9882504483717,11330.43819625412,206.0,1948.941666666663,100.0,False,2
1007,131.126,-871.6534400797008,11310.606468745154,206.0,1962.6749999999965,100.0,True,2
1008,131.273,-801.0,11297.0,206.0,1971.097589255045,100.0,True,2
1009,131.286,-793.548556772126,11295.50742263834,206.0,1971.8305555555517,100.0,True,2
1010,131.413,-714.0,11279.0,206.0,1978.8438949329584,101.27000064,True,2
1011,131.613,-592.0,11250.0,206.0,1990.0340313481956,103.27000064,True,2
1012,131.686,-546.485501579291,11237.831772290621,206.0,1994.7194444444413,104.0,True,2
1013,131.813,-464.0,11214.0,235.63334826666667,2003.7406453919448,101.88333226666667,True,2
1014,131.926,-385.74087922415816,11189.433485375972,262.0,2012.1861111111066,100.0,False,2
1015,131.992,-340.0,11174.0,262.75000145454544,2017.1015903976568,100.0,False,2
1016,132.252,-167.0,11106.0,265.704544,2036.3657530049795,100.0,False,2
1017,132.352,-100.0,11075.0,266.84091054545456,2043.7803144058944,100.0,False,2
1018,132.366,-90.67996499851736,11070.399527660895,267.0,2044.8194444444416,100.0,False,2
1019,132.526,14.09581879014496,11013.152559447293,268.0,2056.730555555552,100.0,False,2
1020,132.806,188.78315036300498,10893.239078130324,272.0,2077.886111111108,100.0,False,2
1021,133.052,325.0,10775.0,273.22999936,2096.5790905504437,100.0,False,2
1022,133.206,402.8884680393562,10693.453977640795,274.0,2108.3305555555507,100.0,False,2
1023,133.252,429.0,10663.0,274.5749984,2111.850319358239,100.0,False,2
1024,133.366,503.4025464349758,10570.343892139173,276.0,2120.597222222219,100.0,False,2
1025,133.572,635.0,10394.0,276.7357138285714,2136.4905867425705,100.0,False,2
1026,133.646,663.7527925570483,10352.602557877753,277.0,2142.141666666661,100.0,False,2
1027,133.886,713.6245767757557,10267.43879729159,272.0,2160.274999999995,100.0,False,2
1028,133.892,715.0,10265.0,272.2999936,2160.735901289938,100.0,False,2
1029,134.046,756.1042722600608,10192.484228722502,280.0,2172.7194444444394,100.0,False,2
1030,134.272,846.0,10000.0,280.7062504,2190.362769847112,100.0,False,2
1031,134.366,896.1722039321606,9871.204232049029,281.0,2197.6972222222194,100.0,False,2
1032,134.392,908.0,9840.0,281.0,2199.7255275680864,100.0,False,2
1033,134.606,948.4352924314898,9722.082908013519,281.0,2216.430555555551,100.0,False,2
1034,134.712,961.0,9676.0,281.6625008,2224.7343824093687,100.0,False,2
1035,134.766,970.5376166980415,9642.381442539443,282.0,2228.963888888884,100.0,False,2
1036,134.952,1012.0,9494.0,282.0,2243.5148437653806,100.0,False,2
1037,135.006,1022.5731884992576,9451.80444199958,282.0,2247.763888888885,100.0,False,2
1038,135.173,1051.0,9325.0,284.0875008,2261.021461405404,100.0,False,2
1039,135.353,1080.0,9185.0,286.3375008,2275.4219568614053,100.0,False,2
1040,135.406,1088.2557165114283,9145.293201251921,287.0,2279.6527777777746,100.0,False,2
1041,135.533,1108.0,9044.0,287.0,2289.771156083206,100.0,False,2
1042,135.686,1133.3750884318576,8877.663968452911,287.0,2301.9749999999967,100.0,False,2
1043,135.886,1161.3439453368592,8654.977155975725,289.0,2318.0305555555515,100.0,False,2
1044,135.893,1162.0,8649.0,289.0,2318.592931507428,100.0,False,2
1045,136.086,1171.3059546779166,8534.220997028837,289.0,2334.086111111108,100.0,False,2
1046,136.246,1170.0046344818147,8465.782566833082,289.0,2346.930555555552,100.0,False,2
1047,136.293,1169.0,8439.0,290.1750016,2350.7435106625016,100.0,False,2
1048,136.446,1163.7795151831294,8330.718274291015,294.0,2363.263888888884,100.0,False,2
1049,136.726,1146.5000010014603,8048.982663620434,295.0,2386.2083333333285,100.0,False,2
1050,137.086,1120.3541119106617,7699.503982073351,296.0,2415.8083333333298,100.0,False,2
1051,137.153,1116.0,7652.0,296.4187504,2421.3408946237496,100.0,False,2
1052,137.246,1110.2225068520752,7595.1834958714635,297.0,2429.0083333333296,100.0,False,2
1053,137.493,1088.0,7459.0,294.35357074285713,2449.173693545232,100.0,False,2
1054,137.526,1082.7465588456967,7435.722867874505,294.0,2451.8749999999964,100.0,False,2
1055,137.693,1048.0,7303.0,295.5656256,2465.622619983974,100.0,False,2
1056,137.846,1007.1577905690353,7180.88227150256,297.0,2478.274999999996,100.0,False,2
1057,137.933,982.0,7112.0,297.43500032,2485.471856533846,100.0,False,2
1058,138.046,948.6176114080876,7022.835697796253,298.0,2494.8305555555507,100.0,False,2
1059,138.093,935.0,6986.0,298.23500032,2498.730314149724,100.0,False,2
1060,138.246,892.753505432109,6867.051916815526,299.0,2511.441666666663,100.0,False,2
1061,138.293,880.0,6830.0,299.0,2515.344349342663,100.0,False,2
1062,138.406,849.3191746756742,6739.05882419638,299.0,2524.7305555555513,100.0,False,2
1063,138.646,787.3985362406677,6550.277894893264,300.0,2544.7305555555495,100.0,False,2
1064,138.652,786.0,6546.0,299.9833336888889,2545.2300828014477,100.0,False,2
1065,138.832,739.0,6404.0,299.48333297777776,2560.1902301764458,100.0,False,2
1066,139.006,655.453720465695,6160.116473342578,299.0,2574.630555555551,100.0,False,2
1067,139.012,653.0,6153.0,299.0,2575.1285424902626,100.0,False,2
1068,139.366,590.5312820218428,5987.330114291991,299.0,2604.5305555555524,100.0,False,2
1069,139.472,553.0,5907.0,299.26500032,2613.353775961996,100.0,False,2
1070,139.652,455.0,5695.0,299.71499968,2628.3576800609426,100.0,False,2
1071,139.766,418.3649083621782,5614.276814721063,300.0,2637.8638888888836,100.0,False,2
1072,139.952,390.0,5543.0,300.0,2653.3755459293834,100.0,False,2
1073,140.086,362.38811819859313,5465.0109933874965,300.0,2664.5305555555524,100.0,False,2
1074,140.286,314.40225113842746,5281.314617068654,299.0,2681.141666666663,100.0,False,2
1075,140.292,313.0,5274.0,299.0187496,2681.640674299585,100.0,False,2
1076,140.512,269.0,4993.0,299.7062504,2699.979689210504,100.0,False,2
1077,140.606,262.47975940114804,4951.8978894801485,300.0,2707.808333333329,100.0,False,2
1078,140.752,262.0,4894.0,299.39166613333333,2719.9373090741037,100.0,False,2
1079,140.846,260.9872493983883,4754.55174007291,299.0,2727.741666666663,100.0,False,2
1080,140.972,262.0,4532.0,299.0,2738.2082723363555,100.0,False,2
1081,141.006,263.61081086678166,4488.309695132702,299.0,2741.0305555555515,100.0,False,2
1082,141.232,284.0,4317.0,298.48636334545455,2759.7505877049753,100.0,False,2
1083,141.412,300.0,4167.0,298.0772730181818,2774.639353699101,100.0,False,2
1084,141.446,303.3341338986659,4138.388942044004,298.0,2777.452777777774,100.0,False,2
1085,141.652,327.0,3970.0,298.0,2794.504821057223,100.0,False,2
1086,141.686,331.5367724965458,3942.649869380878,298.0,2797.3194444444416,100.0,False,2
1087,141.853,357.0,3809.0,298.0,2811.1433779412473,100.0,False,2
1088,141.887,363.0312441280574,3781.6540472241454,298.0,2813.957777777774,100.0,False,2
1089,142.033,392.0,3664.0,298.0,2826.043277627088,100.0,False,2
1090,142.206,431.32273208136655,3526.338805961986,298.0,2840.3638888888845,100.0,False,2
1091,142.233,438.0,3505.0,298.0,2842.5989142021535,100.0,False,2
1092,142.366,473.1456877730952,3400.369849039239,298.0,2853.608333333331,100.0,False,2
1093,142.493,510.0,3301.0,298.0,2864.1204035764285,100.0,False,2
1094,142.686,571.0958719246928,3151.6905977753363,298.0,2880.097222222219,100.0,False,2
1095,142.733,586.0,3117.0,298.0,2883.9890817974356,100.0,False,2
1096,142.953,662.0,2951.0,298.0,2902.204337653673,100.0,False,2
1097,143.006,687.8878476299542,2898.80669237715,298.0,2906.586111111107,100.0,False,2
1098,143.213,797.0,2687.0,296.5214281142857,2923.651558036703,100.0,False,2
1099,143.286,818.8716831681251,2645.8073653853708,296.0,2929.60833333333,100.0,False,2
1100,143.453,853.0,2587.0,291.8249984,2943.0759536505884,100.0,False,2
1101,143.526,877.643922119146,2546.273727832702,290.0,2948.941666666664,100.0,False,2
1102,143.733,972.0,2397.0,289.4249998222222,2965.6000437100683,100.0,False,2
1103,143.886,1043.324217706782,2297.2201388481462,289.0,2977.8416666666635,100.0,False,2
1104,143.973,1085.0,2243.0,287.25999872,2984.747240496763,100.0,False,2
1105,144.086,1141.3072397861044,2173.061570711204,285.0,2993.6749999999975,100.0,False,2
1106,144.173,1186.0,2120.0,284.12999936,3000.5342043545807,100.0,False,2
1107,144.286,1245.440401854755,2052.5308122685788,283.0,3009.3972222222183,100.0,False,2
1108,144.393,1302.0,1991.0,281.76538387692307,3017.705804086305,100.0,False,2
1109,144.513,1364.0,1926.0,280.3807684923077,3026.9263003866854,100.0,False,2
1110,144.773,1489.0,1801.0,277.3807684923077,3046.5502852925256,100.0,False,2
1111,144.973,1594.0,1700.0,275.0730761846154,3061.4200998036376,100.0,False,2
1112,145.232,1739.0,1567.0,272.0846139076923,3080.6882848013665,100.0,False,2
1113,145.326,1823.8115051502107,1492.2092456043395,271.0,3087.6861111111066,100.0,False,2
1114,145.432,1919.0,1409.0,269.6749984,3095.5803327216145,77.4749728,False,2
1115,145.566,1993.962775783044,1344.1144350756515,268.0,3105.5527777777734,49.0,False,2
1116,145.726,2035.4296973799194,1309.8377877867742,265.0,3117.3305555555507,0.0,True,2
1117,145.832,2076.0,1277.0,257.3812408,3124.745628264196,0.0,True,2
1118,146.012,2173.0,1199.0,244.4437592,3136.6504306574698,0.0,True,2
1119,146.046,2191.4110990209806,1184.3841796371848,242.0,3138.8416666666617,0.0,True,2
1120,146.246,2293.2221255382265,1105.2321978520233,225.0,3151.3416666666635,0.0,True,2
1121,146.292,2316.0,1088.0,221.32001024,3154.0886155692806,0.0,True,2
1122,146.446,2390.2877096873376,1032.9858798211208,209.0,3162.952777777775,0.0,True,2
1123,146.452,2393.0,1031.0,208.7750048,3163.2903640331424,0.0,True,2
1124,146.612,2467.0,979.0,202.7750048,3172.093301306555,0.0,True,2
1125,146.846,2636.452260572242,877.4888555976314,194.0,3184.5083333333314,0.0,True,2
1126,146.892,2660.0,864.0,193.26818385454544,3186.925953973707,0.31363549090909093,True,2
1127,147.152,2715.0,840.0,189.13181614545454,3200.4605975676914,2.086364509090909,True,2
1128,147.286,2774.965154630996,821.7200884874229,187.0,3207.3638888888872,3.0,False,2
1129,147.372,2818.0,810.0,185.3875024,3211.7708852668893,8.374991999999999,False,2
1130,147.446,2851.317204740921,802.5918159621755,184.0,3215.5416666666642,13.0,False,2
1131,147.606,2920.7284167013263,795.3030989880804,182.0,3223.6305555555537,37.0,False,2
1132,147.692,2980.0,797.0,182.42999936,3227.989330569493,38.28999808,False,2
1133,147.806,3088.6627857952562,805.4166805430395,183.0,3233.7972222222215,40.0,False,2
1134,147.892,3159.0,812.0,183.7166656,3238.206612690934,40.7166656,False,2
1135,148.046,3203.236291069832,816.935736286459,185.0,3246.1305555555537,42.0,False,2
1136,148.152,3222.0,820.0,185.0,3251.5696257480176,42.8833344,False,2
1137,148.286,3275.220253374242,827.6690203391669,185.0,3258.4638888888876,44.0,False,2
1138,148.453,3377.0,841.0,186.78291923881434,3267.1570765744564,45.188612825876234,False,2
1139,148.567,3460.878667251652,850.8450273569155,188.0,3273.1383333333324,46.0,False,2
1140,148.713,3564.0,862.0,189.8250016,3280.8409250126024,46.9125008,False,2
1141,148.727,3572.101673772357,862.8169813629682,190.0,3281.582777777776,47.0,False,2
1142,148.966,3665.0564898844245,870.0849768332957,192.0,3294.329444444442,54.0,False,2
1143,149.113,3723.0,871.0,192.9187504,3302.2102562007585,55.3781256,False,2
1144,149.286,3815.1911737863325,870.1055972047511,194.0,3311.5738888888864,57.0,False,2
1145,149.293,3819.0,870.0,194.12500114285714,3311.9563139816055,57.05000045714286,False,2
1146,149.433,3894.0,866.0,196.62500114285714,3319.6628318900275,58.05000045714286,False,2
1147,149.566,3966.793722814972,856.1217892521862,199.0,3327.0516666666645,59.0,False,2
1148,149.726,4049.7268256598923,838.7950787827987,201.0,3335.984999999997,59.0,False,2
1149,149.733,4053.0,838.0,201.03500032,3336.3765006818685,59.1750016,False,2
1150,149.926,4141.734432337534,807.9031140758183,202.0,3347.2072222222178,64.0,False,2
1151,149.973,4175.0,790.0,202.8812512,3349.868159982516,70.7562592,False,2
1152,150.086,4282.489453336651,724.0829757681232,205.0,3356.318333333331,87.0,False,2
1153,150.153,4337.0,689.0,206.6750016,3360.1870755635136,87.0,False,2
1154,150.246,4377.621054071992,661.7668809187999,209.0,3365.607222222219,87.0,False,2
1155,150.433,4403.0,638.0,212.74000128,3376.6628968527802,94.48000256,False,2
1156,150.446,4407.00516186985,634.5393294421716,213.0,3377.4405555555513,95.0,False,2
1157,150.673,4515.0,544.0,217.8642870857143,3391.2141543766284,99.05357257142857,False,2
1158,150.726,4539.1893137242305,523.3014528253548,219.0,3394.473888888884,100.0,False,2
1159,150.913,4627.0,447.0,223.6750016,3406.1010942772136,100.0,False,2
1160,150.926,4634.936566104362,440.1859886106301,224.0,3406.9183333333276,100.0,False,2
1161,151.086,4754.31427229208,338.63837075940097,229.0,3417.0961111111064,100.0,False,2
1162,151.193,4831.0,274.0,231.972224,3424.069901165454,100.0,False,2
1163,151.446,4951.512380795893,174.3182229766661,239.0,3440.996111111106,100.0,False,2
1164,151.613,5026.0,113.0,242.6531264,3452.3367563315587,100.0,False,2
1165,151.766,5112.13967225348,41.247127679846045,246.0,3462.862777777773,100.0,False,2
1166,151.952,5216.0,-46.0,250.6500032,3475.8697846622945,100.0,False,2
1167,152.046,5256.322431000324,-80.20204374251377,253.0,3482.54055555555,100.0,False,2
1168,152.352,5368.0,-176.0,259.25909352727274,3504.717586683235,100.0,False,2
1169,152.486,5439.7916438170205,-237.08273911329522,262.0,3514.5627777777718,100.0,False,2
1170,152.572,5489.0,-279.0,263.343748,3520.9066108791067,100.0,False,2
1171,152.732,5579.0,-356.0,265.843748,3532.7698727272164,100.0,False,2
1172,152.806,5620.51079073816,-391.5504057752586,267.0,3538.296111111107,100.0,False,2
1173,152.912,5680.0,-443.0,268.89285942857146,3546.2586443437795,100.0,False,2
1174,153.086,5777.533526083388,-530.543160647465,272.0,3559.4516666666623,100.0,False,2
1175,153.112,5792.0,-544.0,272.6500032,3561.4366525497844,100.0,False,2
1176,153.246,5865.887819587126,-614.9409969968401,276.0,3571.7183333333287,100.0,False,2
1177,153.332,5912.0,-661.0,276.9214272,3578.353875140876,100.0,False,2
1178,153.526,6013.418565762569,-768.4173670267166,279.0,3593.4183333333294,100.0,False,2
1179,153.552,6028.0,-785.0,279.3250016,3595.446401013938,100.0,False,2
1180,153.766,6160.450227880815,-947.0472538165582,282.0,3612.2183333333287,100.0,False,2
1181,153.852,6213.0,-1018.0,282.9214272,3618.9970323800626,100.0,False,2
1182,154.046,6321.148666886734,-1181.2567566318953,285.0,3634.3849999999948,100.0,False,2
1183,154.252,6409.0,-1327.0,287.145832,3650.911260316245,100.0,False,2
1184,154.526,6468.444597848362,-1431.2446941771502,290.0,3673.0516666666626,100.0,False,2
1185,154.672,6514.0,-1527.0,290.73000064,3684.843767985616,100.0,False,2
1186,154.726,6537.9788714157,-1578.9488290956233,291.0,3689.2183333333287,100.0,False,2
1187,154.873,6608.0,-1734.0,292.2216073966285,3701.184339698688,100.0,False,2
1188,155.087,6657.498828258338,-1856.1526249299511,294.0,3718.6999999999953,100.0,False,2
1189,155.153,6669.0,-1887.0,294.23571474285717,3724.107688727727,100.0,False,2
1190,155.367,6711.499169473843,-2000.7056636564512,295.0,3741.6444444444405,100.0,False,2
1191,155.553,6757.0,-2126.0,295.0,3756.881668324895,100.0,False,2
1192,155.566,6760.542200674658,-2135.9680613895075,295.0,3757.951388888887,100.0,False,2
1193,155.593,6768.0,-2157.0,295.27000064,3760.176011476955,100.0,False,2
1194,155.793,6823.0,-2312.0,297.27000064,3776.773264681291,100.0,False,2
1195,155.966,6866.267611124251,-2435.752014558564,299.0,3791.1736111111095,100.0,False,2
1196,156.173,6925.0,-2610.0,299.0,3808.3635696414276,100.0,False,2
1197,156.206,6936.613858163749,-2645.2318811458686,299.0,3811.106944444442,100.0,False,2
1198,156.353,6992.0,-2815.0,299.5250002285714,3823.3483870372474,100.0,False,2
1199,156.486,7036.1556751235385,-2952.017127056414,300.0,3834.440277777776,100.0,False,2
1200,156.686,7089.040559393992,-3117.914620458186,300.0,3851.106944444444,100.0,False,2
1201,156.733,7099.0,-3149.0,299.5593744,3855.0058860489244,100.0,False,2
1202,157.006,7139.559856743863,-3273.705960602034,297.0,3877.5069444444434,100.0,False,2
1203,157.193,7186.0,-3416.0,294.8749992727273,3892.8246887332516,100.0,False,2
1204,157.413,7276.0,-3694.0,292.3749992727273,3910.581418569269,100.0,False,2
1205,157.446,7287.384554117481,-3729.6708490488086,292.0,3913.1958333333314,100.0,False,2
1206,157.793,7357.0,-3958.0,272.72221866666666,3939.4895925700093,3.61109333333334,False,2
1207,157.806,7358.654132968968,-3963.7533576940104,272.0,3940.395833333332,0.0,True,2
1208,158.113,7391.0,-4086.0,234.39249216,3959.8558367023998,0.0,True,2
1209,158.206,7403.826185192156,-4139.297087916782,223.0,3965.1736111111077,0.0,True,2
1210,158.273,7413.0,-4180.0,214.34582506666666,3968.864914184971,0.0,True,2
1211,158.446,7432.186845917131,-4281.254069834582,192.0,3977.9736111111088,0.0,True,2
1212,158.592,7445.0,-4356.0,181.9624912,3985.347915493141,0.0,True,2
1213,158.606,7446.135350204269,-4362.387332033017,181.0,3986.0180555555526,0.0,True,2
1214,158.812,7464.0,-4457.0,164.00501056,3994.9308463422803,0.0,True,2
1215,158.992,7488.0,-4579.0,149.15498944,4001.9236205096895,0.0,True,2
1216,159.006,7489.360640759782,-4586.133178842578,148.0,4002.462499999998,0.0,True,2
1217,159.246,7497.090653455706,-4638.396678112676,135.0,4011.462499999998,0.0,True,2
1218,159.312,7498.0,-4652.0,130.874992,4013.75844177183,0.0,True,2
1219,159.486,7501.851043304208,-4708.646840275159,120.0,4019.462499999998,0.0,True,2
1220,159.572,7503.0,-4738.0,117.5812536,4022.180214158394,0.0,True,2
1221,159.806,7499.043240710239,-4805.463473223331,111.0,4029.3291666666646,0.0,True,2
1222,159.872,7494.0,-4828.0,110.05714102857142,4031.3088562491357,0.0,True,2
1223,160.086,7466.7076287897025,-4911.24484281655,107.0,4037.6513888888876,0.0,False,2
1224,160.092,7466.0,-4913.0,106.9250016,4037.828393380021,0.0,False,2
1225,160.246,7451.452397494516,-4940.413449353792,105.0,4042.3180555555537,0.0,False,2
1226,160.392,7436.0,-4956.0,99.5249952,4046.335869644894,10.9500096,False,2
1227,160.406,7434.040222590248,-4957.980920025272,99.0,4046.7180555555533,12.0,False,2
1228,160.612,7391.0,-4995.0,99.0,4052.3742649742926,14.207141485714287,False,2
1229,160.686,7364.597518842722,-5009.964299369883,99.0,4054.418055555554,15.0,False,2
1230,160.872,7288.0,-5045.0,99.77500053333333,4059.579236810154,22.750005333333334,False,2
1231,160.926,7271.1164598789155,-5052.163028449055,100.0,4061.08472222222,25.0,False,2
1232,161.086,7237.827028544656,-5064.696842381163,101.0,4065.573611111109,22.0,False,2
1233,161.286,7208.348348779825,-5072.7214501503295,103.0,4071.2958333333318,22.0,False,2
1234,161.352,7194.0,-5077.0,103.0,4073.1952611771685,22.0,False,2
1235,161.553,7139.0,-5094.0,103.0,4078.943167439573,22.0,False,2
1236,161.567,7135.110734487611,-5095.190766890196,103.0,4079.3355555555536,22.0,False,2
1237,161.713,7096.0,-5107.0,103.81111182222222,4083.3556081810602,32.544453688888886,False,2
1238,161.893,7045.0,-5122.0,104.81111182222222,4088.6737285949494,45.544453688888886,False,2
1239,161.927,7030.94224420867,-5125.985951751182,105.0,4089.8355555555536,48.0,False,2
1240,162.087,6944.768318038686,-5149.9667150334535,135.0,4095.8355555555536,48.0,False,2
1241,162.173,6905.0,-5161.0,135.0,4099.085082535901,59.096788164177624,False,2
1242,162.366,6856.056047485969,-5174.697613805637,135.0,4106.298055555555,84.0,False,2
1243,162.526,6820.3575530652015,-5184.479123132284,135.0,4112.298055555555,84.0,False,2
1244,162.553,6811.0,-5187.0,135.0,4113.294863360819,84.0,False,2
1245,162.686,6750.856220245962,-5203.085416347863,135.0,4118.298055555555,84.0,False,2
1246,162.833,6675.0,-5223.0,149.7000064,4124.743852988289,92.40000365714286,False,2
1247,162.966,6615.548162502574,-5238.0269383151835,163.0,4130.975833333332,100.0,False,2
1248,163.166,6537.325066441787,-5256.745978908147,169.0,4140.364722222221,100.0,False,2
1249,163.213,6519.0,-5261.0,171.82000384,4142.673309973301,100.0,False,2
1250,163.366,6458.974716481985,-5274.612846712192,181.0,4150.420277777777,100.0,False,2
1251,163.526,6392.296850012553,-5289.659309382763,183.0,4158.5536111111105,100.0,False,2
1252,163.593,6361.0,-5297.0,184.00500096,4161.991141606966,100.0,False,2
1253,163.693,6311.0,-5309.0,185.50500096,4167.166629920215,100.0,False,2
1254,163.726,6294.281482182154,-5313.062291827405,186.0,4168.886944444443,100.0,False,2
1255,163.886,6212.784765540761,-5333.199118866294,190.0,4177.331388888886,100.0,False,2
1256,163.953,6178.0,-5342.0,192.01000192,4180.941441162682,100.0,False,2
1257,164.086,6107.590668026455,-5360.196699834973,196.0,4188.220277777777,100.0,False,2
1258,164.173,6063.0,-5372.0,197.74000128,4193.031029388165,100.0,False,2
1259,164.286,6008.921969101259,-5386.676405346661,200.0,4199.331388888888,100.0,False,2
1260,164.433,5924.0,-5409.0,201.3781256,4207.606719354188,54.062479999999994,False,2
1261,164.606,5776.7149746944,-5445.539341830059,203.0,4217.375833333332,0.0,False,2
1262,164.613,5771.0,-5447.0,202.94166613333334,4217.769589668975,0.0,False,2
1263,164.846,5616.610416108601,-5490.0724471839985,201.0,4230.775833333331,0.0,False,2
1264,165.092,5496.0,-5525.0,196.3875024,4244.146296285708,5.3812472,False,2
1265,165.166,5461.228480165285,-5533.62793763599,195.0,4248.109166666663,7.0,False,2
1266,165.366,5370.728407971997,-5552.599458201394,191.0,4258.720277777775,25.0,False,2
1267,165.526,5301.982843456453,-5563.207368151366,190.0,4267.164722222218,23.0,False,2
1268,165.726,5218.553620418121,-5569.4326121332415,190.0,4277.720277777773,36.0,False,2
1269,166.006,5093.312762203887,-5556.617729344619,189.0,4292.420277777774,54.0,False,2
1270,166.112,5043.0,-5545.0,189.6625008,4298.010176580448,60.625008,False,2
1271,166.166,5016.7566677998875,-5537.652743780084,190.0,4300.864722222217,64.0,False,2
1272,166.326,4937.9176739117265,-5509.302399109497,191.0,4309.353611111106,64.0,False,2
1273,166.332,4935.0,-5508.0,191.06428434285715,4309.673493102848,64.34284982857143,False,2
1274,166.606,4806.386628366099,-5431.1344453076135,194.0,4324.442499999996,80.0,False,2
1275,166.652,4786.0,-5416.0,195.1499968,4326.960777960485,80.5749984,False,2
1276,166.766,4737.109528862053,-5376.381920616518,198.0,4333.242499999995,82.0,False,2
1277,166.832,4709.0,-5351.0,198.66000128,4336.893612275508,82.99000192,False,2
1278,166.966,4651.07312128245,-5292.357508924475,200.0,4344.353611111106,85.0,False,2
1279,167.072,4608.0,-5244.0,201.7666688,4350.325834428671,87.6500032,False,2
1280,167.206,4560.725749437013,-5185.3458812271265,204.0,4357.953611111105,91.0,False,2
1281,167.432,4491.0,-5085.0,206.42142994285715,4370.950779834879,88.57857005714285,False,2
1282,167.486,4474.03778179143,-5058.720432635504,207.0,4374.053611111105,88.0,False,2
1283,167.552,4454.0,-5027.0,207.0,4377.837205178937,88.0,False,2
1284,167.726,4410.607369448263,-4955.963837386952,207.0,4387.853611111106,88.0,False,2
1285,167.892,4357.0,-4856.0,211.1499968,4397.673881255287,90.0749984,False,2
1286,168.046,4282.455635816596,-4707.932098801812,215.0,4406.9647222222175,92.0,False,2
1287,168.073,4272.0,-4687.0,215.67164359694124,4408.605512116812,90.92537024489401,False,2
1288,168.247,4240.119681259165,-4622.8994533521545,220.0,4419.248055555552,84.0,False,2
1289,168.393,4223.0,-4587.0,220.9125008,4428.212731179665,82.1749984,False,2
1290,168.407,4220.261880905824,-4581.253298990512,221.0,4429.070277777773,82.0,False,2
1291,168.613,4165.0,-4465.0,221.0,4441.683111841447,82.0,False,2
1292,168.647,4155.842306474916,-4445.6087937266375,221.0,4443.803611111105,82.0,False,2
1293,168.793,4119.0,-4367.0,221.0,4453.068857621391,82.0,False,2
1294,168.887,4096.874262829293,-4319.168677076405,221.0,4458.536944444439,82.0,True,2
1295,169.033,4060.0,-4240.0,181.5157045471378,4465.765798399554,82.0,True,2
1296,169.046,4056.1779693587264,-4231.94670884367,178.0,4466.398611111104,82.0,True,2
1297,169.326,3968.470829960277,-4050.988802424258,178.0,4480.243055555549,82.0,True,2
1298,169.333,3967.0,-4048.0,177.32499382857142,4480.567939903596,79.94998125714285,True,2
1299,169.606,3938.340646136831,-3995.6810815300237,151.0,4491.987499999994,0.0,True,2
1300,169.673,3924.0,-3974.0,145.47249472,4494.438026508295,0.0,True,2
1301,169.873,3858.0,-3874.0,128.97249472,4501.000300498768,0.0,True,2
1302,170.006,3838.8629002460443,-3844.5366070386317,118.0,4505.098611111105,0.0,True,2
1303,170.173,3830.0,-3831.0,110.3458304,4510.106601936748,0.0,True,2
1304,170.246,3821.2223032636552,-3818.285981878985,107.0,4512.231944444438,0.0,True,2
1305,170.446,3784.7711419049688,-3767.695193063257,101.0,4517.84305555555,0.0,True,2
1306,170.513,3772.0,-3752.0,100.06944355555555,4519.6715566259845,0.0,True,2
1307,170.673,3742.0,-3720.0,97.84722133333334,4523.948184307215,0.0,True,2
1308,170.806,3716.2338361520765,-3696.419011906199,96.0,4527.44305555555,0.0,False,2
1309,170.833,3711.0,-3692.0,95.4937488,4528.14753245282,0.0,False,2
1310,170.966,3685.1289217155977,-3672.2506935081965,93.0,4531.576388888883,0.0,False,2
1311,171.013,3675.0,-3666.0,92.2522717090909,4532.758848399773,0.0,False,2
1312,171.373,3581.0,-3633.0,86.52499898181819,4541.331101358963,0.0,False,2
1313,171.406,3573.210973742083,-3631.95589638751,86.0,4542.087499999994,0.0,False,2
1314,171.732,3512.0,-3634.0,81.9250016,4549.402887990773,10.59499584,False,2
1315,171.806,3501.928150469186,-3633.4666202946137,81.0,4551.087499999994,13.0,False,2
1316,171.952,3463.0,-3644.0,82.99091083636364,4554.475355739307,16.318184727272726,False,2
1317,172.132,3345.0,-3703.0,85.4454528,4558.8076693278745,20.409088,False,2
1318,172.246,3320.1826017502467,-3722.664957564142,87.0,4561.720833333327,23.0,False,2
1319,172.312,3313.0,-3732.0,89.14500416,4563.471623441543,27.45500864,False,2
1320,172.492,3280.0,-3767.0,94.99499584,4568.4741145158405,39.60499136,False,2
1321,172.646,3252.8845723603595,-3798.9938602354314,100.0,4572.831944444439,50.0,True,2
1322,172.692,3245.0,-3809.0,100.8624976,4574.132320045743,51.437496,True,2
1323,172.806,3225.2770397157833,-3835.115183337707,103.0,4577.409722222217,55.0,False,2
1324,172.912,3207.0,-3861.0,107.16429074285715,4580.653029606474,56.89285942857143,False,2
1325,173.086,3177.6871603212976,-3906.6515097728466,114.0,4586.276388888884,60.0,False,2
1326,173.192,3160.0,-3936.0,117.0916704,4589.771615153086,60.8833344,False,2
1327,173.326,3137.635553775497,-3974.4722647670937,121.0,4594.34305555555,62.0,False,2
1328,173.492,3109.0,-4024.0,127.2249952,4600.399610760753,62.82999936,False,2
1329,173.672,3075.0,-4080.0,133.9750048,4607.340792585812,63.73000064,False,2
1330,173.726,3063.7787551874926,-4097.628176987497,136.0,4609.454166666661,64.0,False,2
1331,173.812,3046.0,-4125.0,138.1499968,4612.847618024371,63.76111146666667,False,2
1332,174.012,2998.0,-4186.0,143.1499968,4620.894529399773,63.20555591111111,False,2
1333,174.086,2958.2416939437703,-4222.542912032734,145.0,4623.954166666661,63.0,False,2
1334,174.292,2815.0,-4340.0,149.68181527272728,4632.725044242974,54.104550981818186,False,2
1335,174.526,2741.040736114801,-4386.006925888629,155.0,4642.898611111106,44.0,False,2
1336,174.687,2705.792981022359,-4397.024929582937,156.0,4649.875277777774,29.0,False,2
1337,174.713,2698.0,-4400.0,156.1857152,4651.0076807355235,30.6714368,False,2
1338,174.933,2609.0,-4434.0,157.75714377142856,4660.665564912701,44.81429394285714,False,2
1339,174.967,2591.695434454527,-4438.871269946336,158.0,4662.164166666662,47.0,False,2
1340,175.153,2489.0,-4459.0,159.55000106666665,4670.3976241101955,57.85000746666667,False,2
1341,175.207,2461.9103820400073,-4461.903947513758,160.0,4672.830833333328,61.0,False,2
1342,175.447,2361.0934137330587,-4459.271558685506,167.0,4683.964166666661,70.0,False,2
1343,175.573,2314.0,-4454.0,169.80780179470943,4689.993722262645,73.86072746772547,False,2
1344,175.806,2230.685193800911,-4441.619090237977,175.0,4701.41555555555,81.0,False,2
1345,175.966,2138.2599464109835,-4411.0446128802705,180.0,4709.41555555555,81.0,False,2
1346,175.973,2133.0,-4409.0,180.11666773333334,4709.769725039163,80.98055537777778,False,2
1347,176.153,1984.0,-4346.0,183.11666773333334,4719.010374637852,80.48055537777778,False,2
1348,176.326,1917.2164228619404,-4313.849693928098,186.0,4728.015555555548,80.0,False,2
1349,176.533,1877.0,-4282.0,188.21785782857143,4738.834009818644,85.91428754285714,False,2
1350,176.606,1847.3064744318297,-4259.662110528114,189.0,4742.715555555549,88.0,False,2
1351,176.713,1798.0,-4222.0,191.6750016,4748.496475938944,88.0,False,2
1352,176.926,1711.7108948528823,-4147.487896724118,197.0,4760.22666666666,88.0,False,2
1353,176.953,1697.0,-4134.0,197.3857152,4761.72010698293,89.1571456,False,2
1354,177.153,1565.0,-4011.0,200.24285805714285,4772.853119341462,97.72857417142858,False,2
1355,177.206,1538.7974539159836,-3986.4139150776186,201.0,4775.859999999993,100.0,False,2
1356,177.406,1488.3774119313562,-3938.4698056660927,210.0,4787.526666666661,100.0,False,2
1357,177.553,1447.0,-3898.0,217.3500032,4796.583736679546,100.0,False,2
1358,177.673,1396.0,-3848.0,223.3500032,4804.217798343288,100.0,False,2
1359,177.726,1372.0289566291287,-3824.5180968981886,226.0,4807.615555555549,100.0,False,2
1360,177.873,1304.0,-3758.0,230.72500205714286,4817.121479799014,100.0,False,2
1361,178.006,1241.35570473765,-3696.9682804512654,235.0,4825.893333333326,100.0,False,2
1362,178.113,1190.0,-3647.0,241.0187536,4833.11078909617,100.0,False,2
1363,178.166,1164.1759817159927,-3621.8704037701727,244.0,4836.737777777771,100.0,False,2
1364,178.272,1112.0,-3571.0,246.9812536,4844.093903646524,100.0,False,2
1365,178.486,1005.9920239204373,-3466.71716803975,253.0,4859.22666666666,100.0,False,2
1366,178.532,983.0,-3444.0,253.76666453333334,4862.492990739687,100.0,False,2
1367,178.712,892.0,-3354.0,256.7666688,4875.34950420994,100.0,False,2
1368,178.726,884.822400130154,-3346.9207720245963,257.0,4876.359999999993,100.0,False,2
1369,179.006,740.035046592428,-3204.9600693861125,264.0,4896.893333333326,100.0,False,2
1370,179.012,737.0,-3202.0,264.1285686857143,4897.338110564624,100.0,False,2
1371,179.232,620.0,-3088.0,268.8428598857143,4913.785539186647,100.0,False,2
1372,179.286,583.5500237289444,-3052.27851893532,270.0,4917.893333333326,100.0,False,2
1373,179.446,463.30783447237263,-2934.219431097804,274.0,4930.071111111103,100.0,False,2
1374,179.452,459.0,-2930.0,273.43001216,4930.510697883643,100.0,False,2
1375,179.646,332.00511755163836,-2806.163612767482,255.0,4944.237777777769,100.0,False,2
1376,179.812,231.0,-2708.0,267.91110115555557,4956.932972502747,100.0,False,2
1377,180.006,110.39769374151928,-2590.550747603719,283.0,4972.53777777777,100.0,False,2
1378,180.326,-94.56288928822975,-2390.3960175836105,288.0,4998.137777777771,100.0,False,2
1379,180.486,-199.80653345213173,-2287.371339724186,290.0,5011.026666666659,100.0,False,2
1380,180.766,-365.8071065103798,-2125.1781495466776,291.0,5033.659999999993,100.0,False,2
1381,181.006,-479.6990246270749,-2014.5697351874503,293.0,5053.193333333327,100.0,False,2
1382,181.132,-529.0,-1967.0,293.0,5063.457619878642,100.0,False,2
1383,181.287,-579.7385492925794,-1918.3981453658178,293.0,5076.063611111105,100.0,False,2
1384,181.447,-636.6091998916288,-1864.3029141311465,293.0,5089.085833333327,100.0,False,2
1385,181.493,-659.0,-1843.0,294.6428617142857,5092.89244212172,100.0,False,2
1386,181.693,-781.0,-1727.0,301.78571885714285,5109.768362966821,100.0,False,2
1387,181.727,-802.2142768181993,-1706.8879344381642,303.0,5112.652499999995,100.0,False,2
1388,181.933,-931.0,-1585.0,304.71666773333334,5130.12018864586,100.0,False,2
1389,181.967,-953.9768182265084,-1563.194489408875,305.0,5132.985833333329,100.0,False,2
1390,182.193,-1113.0,-1412.0,301.9181800727273,5151.8482438792125,100.0,False,2
1391,182.407,-1243.6824481106762,-1288.0617609170185,299.0,5169.530277777772,100.0,False,3
1392,182.453,-1271.0,-1262.0,299.0,5173.322726742661,100.0,False,3
1393,182.653,-1391.0,-1147.0,299.0,5189.903061790177,100.0,False,3
1394,182.686,-1410.8353601529284,-1128.1559614957857,299.0,5192.702777777773,100.0,False,3
1395,182.886,-1531.7009551107983,-1014.0834207613832,312.0,5210.036111111105,100.0,False,3
1396,182.893,-1536.0,-1010.0,312.0,5210.644732976794,100.0,False,3
1397,183.073,-1648.0,-903.0,312.0,5226.249058618523,100.0,False,3
1398,183.126,-1681.0615332180446,-871.4988397900289,312.0,5230.836111111106,100.0,False,3
1399,183.233,-1748.0,-808.0,312.0,5240.093432440564,100.0,False,3
1400,183.326,-1806.8836272471242,-752.4738636024016,312.0,5248.169444444438,100.0,False,3
1401,183.433,-1875.0,-688.0,314.0062512,5257.527014898857,100.0,False,3
1402,183.486,-1908.6729492028799,-655.7531218858514,315.0,5262.169444444438,100.0,False,3
1403,183.593,-1976.0,-591.0,315.0,5271.53298212544,100.0,False,3
1404,183.806,-2110.0846206857714,-463.66563178079963,315.0,5290.16944444444,100.0,False,3
1405,183.813,-2115.0,-459.0,315.0437504,5290.782949020166,100.0,False,3
1406,183.966,-2234.0951099426443,-345.72872324530596,316.0,5304.213888888884,100.0,False,3
1407,184.153,-2383.0,-204.0,316.0,5320.706671470891,100.0,False,3
1408,184.406,-2535.1976716515246,-59.78020101242808,316.0,5342.836111111106,100.0,False,3
1409,184.553,-2611.0,12.0,307.7312464,5355.381201031318,8.124959999999993,False,3
1410,184.566,-2617.584585548769,18.243163408849988,307.0,5356.48055555555,0.0,False,3
1411,184.792,-2732.0,127.0,301.3499968,5375.383070505777,0.0,False,3
1412,184.806,-2739.4600219480512,134.11510986152945,301.0,5376.547222222218,0.0,False,3
1413,185.012,-2860.0,249.0,296.708336,5393.546926419074,0.0,False,3
1414,185.046,-2883.210450221434,270.95390876513596,296.0,5396.28055555555,0.0,False,3
1415,185.246,-3035.052983794523,413.6130137295576,279.0,5411.7805555555515,0.0,False,3
1416,185.332,-3091.0,466.0,273.0875088,5418.116674808756,0.0,False,3
1417,185.406,-3130.803972982994,503.22150877238016,268.0,5423.691666666662,0.0,True,3
1418,185.606,-3204.1072675022147,571.655060845239,287.0,5439.6361111111055,0.0,True,3
1419,185.752,-3261.0,626.0,253.62854217142856,5449.224462256287,0.0,True,3
1420,185.886,-3326.17501857537,689.3294705279263,223.0,5456.98055555555,0.0,True,3
1421,185.992,-3379.0,743.0,212.92998784,5462.993364665694,0.0,True,3
1422,186.086,-3422.2344958918206,789.880488774597,204.0,5468.313888888884,0.0,True,3
1423,186.246,-3486.4678304838303,865.4454560502436,204.0,5477.38055555555,0.0,True,3
1424,186.352,-3517.0,903.0,195.51998976,5483.036398127648,0.0,True,3
1425,186.446,-3535.1328453844776,926.3598024900689,188.0,5487.824999999993,0.0,True,3
1426,186.652,-3561.0,965.0,175.125008,5497.772098898693,0.0,True,3
1427,186.686,-3566.661485577659,973.9002122984024,173.0,5499.358333333328,0.0,True,3
1428,186.846,-3599.952323515719,1027.1418275746107,165.0,5506.691666666662,0.0,True,3
1429,187.006,-3634.9460866934746,1100.1729278039725,165.0,5514.024999999996,0.0,False,3
1430,187.032,-3640.0,1114.0,164.3499968,5515.199771110036,0.0,False,3
1431,187.212,-3668.0,1220.0,159.8500032,5523.154545577121,0.0,False,3
1432,187.246,-3670.8204835748043,1239.6013239323615,159.0,5524.624999999996,0.0,False,3
1433,187.526,-3664.7374994050215,1382.470368790266,152.0,5536.447222222219,20.0,False,3
1434,187.612,-3660.0,1416.0,152.19523241372858,5540.05727568719,25.271275170671522,False,3
1435,188.033,-3636.0,1533.0,153.1509650416138,5557.781372183254,51.07605612357275,False,3
1436,188.253,-3614.0,1625.0,153.65039754100505,5567.293617812436,64.56073360713616,False,3
1437,188.407,-3598.1630148917525,1687.052257638918,154.0,5574.134444444442,74.0,False,3
1438,188.433,-3595.0,1700.0,155.0214336,5575.304205608434,74.0,False,3
1439,188.673,-3562.0,1846.0,164.45000502857144,5586.312805104684,74.0,False,3
1440,188.687,-3560.690508000559,1852.4714558348146,165.0,5586.967777777776,74.0,False,3
1441,188.967,-3552.0387474581808,1933.7646435778793,172.0,5600.345555555554,76.0,False,3
1442,188.973,-3552.0,1936.0,172.1004205254104,5600.636754570152,76.0,False,3
1443,189.206,-3552.8513268782963,2050.4114985207584,176.0,5612.029999999997,76.0,False,3
1444,189.213,-3553.0,2054.0,176.0875008,5612.372322139641,76.656256,False,3
1445,189.366,-3558.44478921406,2130.263902154665,178.0,5619.941111111109,91.0,False,3
1446,189.413,-3561.0,2154.0,180.7906288,5622.384681531386,92.3218768,False,3
1447,189.686,-3584.030831502234,2298.7136929354633,197.0,5637.45222222222,100.0,False,3
1448,189.713,-3587.0,2313.0,197.0,5638.941210555688,100.0,False,3
1449,189.813,-3599.0,2365.0,197.0,5644.417758610965,100.0,False,3
1450,189.926,-3614.276493832195,2419.6814420400947,197.0,5650.585555555552,100.0,False,3
1451,190.053,-3641.0,2488.0,197.0,5657.534767613182,100.0,False,3
1452,190.086,-3651.0278329944,2509.3547349312275,197.0,5659.341111111109,100.0,False,3
1453,190.246,-3714.3451765689006,2628.9366692591534,197.0,5668.0966666666645,100.0,False,3
1454,190.333,-3743.0,2681.0,197.0,5672.857395959818,100.0,False,3
1455,190.486,-3770.7360992219747,2731.1324115778516,197.0,5681.229999999996,100.0,False,3
1456,190.686,-3805.188697298521,2774.0014921754496,197.0,5692.174444444441,100.0,True,3
1457,190.753,-3840.0,2815.0,197.0,5695.840746711159,101.6750016,True,3
1458,190.846,-3908.0090006424243,2894.7814750829484,197.0,5700.929999999997,104.0,True,3
1459,190.893,-3940.0,2932.0,197.0,5703.502261289159,104.0,True,3
1460,191.166,-4011.524741762478,3007.8266525062118,197.0,5718.441111111108,104.0,True,3
1461,191.293,-4041.0,3033.0,197.0,5725.386587173274,104.0,True,3
1462,191.326,-4052.4299755948578,3043.2454975516157,197.0,5727.196666666663,104.0,True,3
1463,191.472,-4114.0,3099.0,197.0,5735.2395396713455,104.0,True,3
1464,191.566,-4150.1340168158285,3130.4774518772892,197.0,5740.329999999996,104.0,True,3
1465,191.752,-4231.0,3199.0,197.0,5750.003258383149,101.93333191111111,True,3
1466,191.926,-4350.603815280666,3302.70816477367,197.0,5760.029999999995,100.0,True,3
1467,191.952,-4367.0,3317.0,205.12504,5761.723027469719,100.0,True,3
1468,192.086,-4435.357625896526,3376.8403662304227,247.0,5771.007777777775,100.0,True,3
1469,192.286,-4496.949128962019,3431.737215023568,252.0,5785.007777777775,100.0,True,3
1470,192.412,-4537.0,3468.0,253.25999872,5793.870730912227,100.0,True,3
1471,192.486,-4562.880494102882,3491.571419915426,254.0,5799.118888888885,100.0,True,3
1472,192.712,-4656.0,3578.0,258.03571657142857,5815.375292718332,100.0,True,3
1473,192.766,-4682.658954353757,3603.4304926146333,259.0,5819.263333333329,100.0,False,3
1474,192.972,-4791.0,3708.0,259.0,5834.064111270996,100.0,False,3
1475,193.006,-4807.238081594992,3723.6017265401374,259.0,5836.529999999995,100.0,False,3
1476,193.152,-4885.0,3799.0,262.6500032,5847.2368257111975,100.0,False,3
1477,193.246,-4967.27056876255,3880.9296433475574,265.0,5854.196666666663,100.0,False,3
1478,193.352,-5062.0,3976.0,266.3250016,5862.083502071389,100.0,False,3
1479,193.566,-5144.6427601951455,4059.8519501357187,269.0,5878.107777777774,100.0,False,3
1480,193.766,-5203.814191886578,4123.584611922682,271.0,5893.163333333328,100.0,False,3
1481,193.772,-5207.0,4127.0,271.0374992,5893.616112257278,100.0,False,3
1482,194.072,-5434.0,4371.0,272.9125008,5916.361073747883,100.0,False,3
1483,194.086,-5444.097704957468,4382.017489199792,273.0,5917.429999999997,100.0,False,3
1484,194.286,-5566.682968113193,4518.351268009004,276.0,5932.763333333329,100.0,False,3
1485,194.493,-5648.0,4611.0,276.0,5948.6377294774375,100.0,False,3
1486,194.567,-5665.1778709623395,4630.600721255052,276.0,5954.306666666662,100.0,False,3
1487,194.767,-5710.590506698371,4684.2035784772825,276.0,5969.639999999994,100.0,False,3
1488,194.813,-5737.0,4716.0,276.69000192,5973.189752187927,100.0,False,3
1489,194.967,-5869.903906612089,4876.537277768408,279.0,5985.139999999996,100.0,False,3
1490,195.013,-5905.0,4919.0,279.3833344,5988.721344583038,100.0,False,3
1491,195.207,-5979.089533923443,5009.040472634574,281.0,6003.8733333333275,100.0,False,3
1492,195.367,-6012.559599098524,5052.611509858402,282.0,6016.40666666666,100.0,False,3
1493,195.413,-6032.0,5078.0,281.8722218666667,6020.005655148319,98.8499968,False,3
1494,195.713,-6222.0,5327.0,281.0388885333333,6043.415345016876,91.3499968,False,3
1495,195.727,-6228.7974109597235,5336.001590133159,281.0,6044.506666666661,91.0,False,3
1496,195.887,-6280.864988572063,5406.096416981366,280.0,6056.951111111104,0.0,False,3
1497,196.013,-6313.0,5451.0,277.4673349250782,6066.631268530604,0.0,False,3
1498,196.086,-6334.92513449749,5481.969716633006,276.0,6072.207777777772,0.0,False,3
1499,196.406,-6459.666358444008,5660.615924404903,270.0,6096.207777777772,0.0,False,3
1500,196.766,-6642.619925514526,5925.990022553654,240.0,6120.20777777777,0.0,True,3
1501,196.966,-6725.125432769203,6046.641384375646,208.0,6131.763333333327,0.0,True,3
1502,197.193,-6793.0,6147.0,191.6843704,6143.640343510586,0.0,True,3
1503,197.286,-6812.895732924501,6176.884721301424,185.0,6148.20777777777,0.0,True,3
1504,197.446,-6841.5873664733745,6220.699948605234,170.0,6155.763333333325,0.0,True,3
1505,197.473,-6847.0,6229.0,169.3249984,6157.025718584735,0.0,True,3
1506,197.686,-6897.446201082548,6306.3796352328745,164.0,6166.696666666659,0.0,True,3
1507,197.753,-6917.0,6336.0,155.624992,6169.448856106916,0.0,True,3
1508,197.846,-6947.452632590022,6381.72240739538,144.0,6173.096666666659,0.0,True,3
1509,197.992,-6993.0,6450.0,139.82856777142857,6178.708612400382,0.0,True,3
1510,198.126,-7017.267112381021,6487.33972701386,136.0,6183.6744444444375,0.0,True,3
1511,198.352,-7043.0,6530.0,125.6416608,6191.538086300145,0.0,True,3
1512,198.366,-7045.356238872965,6533.904734020838,125.0,6192.0077777777715,0.0,True,3
1513,198.652,-7105.0,6633.0,117.8500032,6201.2535043004555,0.0,True,3
1514,198.726,-7117.123721546761,6653.657002432805,116.0,6203.607777777772,0.0,True,3
1515,198.966,-7142.8793517272115,6701.272966506753,113.0,6211.141111111105,0.0,True,3
1516,199.112,-7159.0,6740.0,107.9812456,6215.371453343298,0.0,True,3
1517,199.286,-7181.317264328859,6801.0922374194515,102.0,6220.20777777777,0.0,False,3
1518,199.312,-7184.0,6809.0,101.6749984,6220.933840095629,0.0,False,3
1519,199.446,-7193.321022179911,6839.675182438334,100.0,6224.652222222216,0.0,False,3
1520,199.592,-7199.0,6867.0,96.3499968,6228.517132231078,0.0,False,3
1521,199.646,-7201.09483894933,6879.250497029129,95.0,6229.929999999993,0.0,False,3
1522,199.886,-7208.895001224635,6942.445379347664,94.0,6236.196666666659,5.0,False,3
1523,199.892,-7209.0,6944.0,93.91000192,6236.350603186482,5.0,False,3
1524,200.086,-7209.617351893412,6992.502000252658,91.0,6241.252222222216,5.0,False,3
1525,200.132,-7209.0,7004.0,91.0,6242.407831078419,7.759992319999999,False,3
1526,200.286,-7205.171758862371,7042.564931697065,91.0,6246.307777777771,17.0,False,3
1527,200.292,-7205.0,7044.0,91.08571245714286,6246.462580639165,17.25713737142857,False,3
1528,200.472,-7197.0,7088.0,93.65714468571429,6251.210154097065,24.971434057142858,False,3
1529,200.566,-7185.762922749712,7120.0529609886735,95.0,6253.696666666659,29.0,False,3
1530,200.726,-7160.803182405434,7177.34925366426,95.0,6257.918888888882,29.0,False,3
1531,200.732,-7160.0,7179.0,95.14952955006197,6258.081741189546,29.149529550061967,False,3
1532,201.047,-7126.222672549241,7223.733081445512,103.0,6267.103055555548,37.0,False,3
1533,201.093,-7119.0,7230.0,103.49285851428571,6268.435148370498,37.0,False,3
1534,201.313,-7069.0,7268.0,105.85000137142858,6274.912981264821,37.0,False,3
1535,201.327,-7064.883610271025,7270.332365242917,106.0,6275.347499999993,37.0,False,3
1536,201.567,-6978.530555140535,7304.145803311509,118.0,6283.214166666659,54.0,False,3
1537,201.593,-6968.0,7307.0,118.6500032,6284.090337137191,55.3000064,False,3
1538,201.727,-6910.964603267143,7319.0462256042265,122.0,6288.636388888881,62.0,False,3
1539,201.913,-6829.0,7331.0,122.0,6294.942429444907,62.0,False,3
1540,201.927,-6822.993275391833,7331.834053951381,122.0,6295.414166666658,62.0,False,3
1541,202.207,-6708.467230887419,7346.690001090724,125.0,6305.136388888881,65.0,False,3
1542,202.367,-6658.203090737158,7352.708031972841,147.0,6311.669722222214,50.0,False,3
1543,202.413,-6647.0,7354.0,147.0,6313.561933234685,50.0,False,3
1544,202.567,-6618.920821806865,7357.01600295699,147.0,6319.836388888882,50.0,False,3
1545,202.653,-6598.0,7359.0,146.64016692480885,6323.331775305769,50.0,False,3
1546,202.806,-6538.406000422172,7364.425510123038,146.0,6329.52916666666,50.0,False,3
1547,202.893,-6501.0,7368.0,145.37857097142856,6333.0297025165255,50.0,False,3
1548,203.073,-6429.0,7376.0,144.09285668571428,6340.213664196015,50.0,False,3
1549,203.086,-6423.9031155559405,7376.684252965892,144.0,6340.729166666661,50.0,False,3
1550,203.366,-6315.6474454983245,7396.361540997742,141.0,6351.695833333328,50.0,False,3
1551,203.373,-6313.0,7397.0,140.88333226666666,6351.965273711587,48.74582186666667,False,3
1552,203.593,-6233.0,7420.0,137.2166656,6360.335526957671,9.3291552,False,3
1553,203.606,-6228.662438892939,7421.407140752625,137.0,6360.829166666661,7.0,False,3
1554,203.806,-6161.134077922133,7447.838710152234,137.0,6368.440277777772,7.0,False,3
1555,203.833,-6149.0,7454.0,137.0,6369.469104143756,8.89000448,False,3
1556,203.993,-6064.0,7503.0,137.0,6375.55895921065,20.09000448,False,3
1557,204.006,-6057.707909749161,7507.047588011848,137.0,6376.051388888884,21.0,False,3
1558,204.206,-5985.154679817554,7563.689828888436,137.0,6383.662499999995,47.0,False,3
1559,204.473,-5932.0,7624.0,147.8468776,6394.6795303041945,57.0125024,False,3
1560,204.526,-5923.141285199175,7634.071657813824,150.0,6396.995833333329,59.0,False,3
1561,204.832,-5871.0,7724.0,159.562504,6411.195270079979,67.03250336,False,3
1562,205.012,-5827.0,7854.0,165.187496,6420.149941643804,71.75749664,False,3
1563,205.326,-5809.756612238196,7957.055650995966,175.0,6435.8847222222175,80.0,False,3
1564,205.392,-5810.0,7980.0,176.6500032,6439.191664588796,84.71429485714286,False,3
1565,205.606,-5811.435174694347,8087.321776936204,182.0,6450.040277777773,100.0,False,3
1566,205.692,-5814.0,8135.0,185.3785664,6454.552553489546,100.0,False,3
1567,205.886,-5825.64298529557,8239.81393563307,193.0,6465.051388888884,100.0,False,3
1568,205.932,-5829.0,8264.0,194.47856731428573,6467.595669795002,100.0,False,3
1569,205.972,-5832.0,8285.0,195.7642816,6469.82484918183,100.0,False,3
1570,206.152,-5845.0,8384.0,201.5500041142857,6479.972111250014,100.0,False,3
1571,206.166,-5845.8280237073595,8389.941188721576,202.0,6480.762499999995,100.0,False,3
1572,206.366,-5854.205392136575,8436.295282633415,204.0,6492.095833333329,100.0,False,3
1573,206.532,-5879.0,8598.0,207.6312472,6501.718604861278,100.0,False,3
1574,206.686,-5927.661177299444,8939.670320362224,211.0,6510.851388888885,100.0,False,3
1575,206.752,-5944.0,9067.0,212.48500288,6514.826792077778,89.93498048000001,False,3
1576,207.072,-5946.0,9261.0,219.68500288,6534.43880792317,41.13498048,False,3
1577,207.086,-5945.385998079612,9265.539045810921,220.0,6535.29583333333,39.0,False,3
1578,207.366,-5937.026059773549,9378.747739919389,219.0,6552.329166666663,29.0,False,3
1579,207.553,-5924.0,9476.0,216.67219775527244,6563.55564602963,46.84648387624468,False,3
1580,207.607,-5917.945314326804,9507.089974632605,216.0,6566.789166666662,52.0,False,3
1581,207.713,-5904.0,9569.0,216.0,6573.135989203523,52.0,False,3
1582,207.847,-5885.114263531971,9640.047207226844,216.0,6581.189166666663,52.0,False,3
1583,207.953,-5860.0,9705.0,216.9937512,6587.612904360536,62.6000128,False,3
1584,208.167,-5773.279786648091,9872.068058876404,219.0,6600.6558333333305,84.0,False,3
1585,208.173,-5771.0,9876.0,219.0,6601.020923457965,84.187504,False,3
1586,208.327,-5722.2548915255775,9951.025295447977,219.0,6610.389166666664,89.0,False,3
1587,208.487,-5682.950607261516,9993.247320321434,220.0,6620.1669444444415,89.0,False,3
1588,208.573,-5657.0,10020.0,220.0,6625.407363005706,89.0,False,3
1589,208.727,-5600.318931309676,10077.861215729652,220.0,6634.833611111109,89.0,False,3
1590,208.833,-5541.0,10132.0,223.312504,6641.44466360912,96.2875088,False,3
1591,208.887,-5501.429543164782,10165.687793819128,225.0,6644.833611111109,100.0,False,3
1592,209.013,-5405.0,10245.0,226.05000106666665,6652.765158401755,100.0,False,3
1593,209.127,-5354.254860354127,10286.55131028786,227.0,6659.966944444443,100.0,False,3
1594,209.287,-5323.2704979674045,10310.559841495704,228.0,6670.100277777776,100.0,False,3
1595,209.393,-5264.0,10354.0,228.0,6676.796782429621,100.0,False,3
1596,209.526,-5133.352443007076,10449.219343735826,228.0,6685.236944444443,100.0,False,3
1597,209.613,-5044.0,10513.0,229.6312512,6690.828221490461,100.0,False,3
1598,209.846,-4873.449499325934,10625.49888771845,234.0,6706.036944444442,100.0,False,3
1599,209.993,-4802.0,10669.0,236.296876,6715.753855907349,100.0,False,3
1600,210.166,-4742.630595158003,10704.609311518232,239.0,6727.281388888887,100.0,False,3
1601,210.313,-4687.0,10736.0,240.3781256,6737.131821945055,100.0,False,3
1602,210.486,-4589.118139164557,10788.70784422942,242.0,6748.792499999998,100.0,False,3
1603,210.613,-4509.0,10830.0,243.5875008,6757.398815477023,100.0,False,3
1604,210.646,-4488.551940398542,10840.199535986978,244.0,6759.636944444443,100.0,False,3
1605,210.806,-4390.684112388385,10887.197179744744,244.0,6770.481388888889,100.0,False,3
1606,210.833,-4374.0,10895.0,243.88749973333333,6772.308153254691,100.0,False,3
1607,210.953,-4300.0,10929.0,243.38749973333333,6780.413222295831,100.0,False,3
1608,211.046,-4247.119389982838,10952.573546997104,243.0,6786.681388888888,100.0,False,3
1609,211.212,-4140.0,10999.0,242.17000064,6797.843688869778,100.0,False,3
1610,211.246,-4110.400180323432,11011.811170169198,242.0,6800.1258333333335,100.0,False,3
1611,211.432,-3930.0,11090.0,241.22499946666667,6812.584859745364,100.0,False,3
1612,211.486,-3890.2566712324533,11107.339123617498,241.0,6816.192499999999,100.0,False,3
1613,211.912,-3721.0,11182.0,240.03181789090908,6844.587195692518,100.0,False,3
1614,211.926,-3712.8979251004707,11185.47068974355,240.0,6845.525833333333,100.0,False,3
1615,211.992,-3672.0,11203.0,240.55000106666665,6849.958684669171,100.0,False,3
1616,212.166,-3567.5831851316334,11249.087317264783,242.0,6861.659166666666,100.0,False,3
1617,212.192,-3552.0,11256.0,241.7562488,6863.399402311592,100.0,False,3
1618,212.352,-3455.0,11299.0,240.2562488,6874.053721614373,100.0,False,3
1619,212.486,-3374.3928555601333,11335.516928974972,239.0,6882.903611111111,100.0,False,3
1620,212.712,-3240.0,11398.0,235.77142674285713,6897.678451737556,19.28566857142857,False,3
1621,212.766,-3208.005261958153,11413.068897918401,235.0,6901.181388888888,0.0,False,3
1622,212.932,-3110.0,11460.0,232.35909294545453,6911.884644705835,0.0,False,3
1623,213.092,-3018.0,11506.0,229.8136384,6922.0411174977835,0.0,False,3
1624,213.206,-2960.088737898086,11536.31806709252,228.0,6929.048055555555,0.0,True,3
1625,213.332,-2886.0,11578.0,222.33000576,6936.558315541066,0.0,True,3
1626,213.512,-2742.0,11664.0,214.22999424,6946.956193625243,0.0,True,3
1627,213.606,-2687.3266098812633,11697.919011132517,210.0,6952.381388888889,0.0,True,3
1628,213.926,-2588.150128745785,11761.73045699386,207.0,6970.781388888889,0.0,False,3
1629,213.952,-2577.0,11768.0,206.35134807169703,6972.2375028148,1.5135211660402383,False,3
1630,214.052,-2529.0,11794.0,203.85655163164097,6977.764168379794,7.334712859504414,False,3
1631,214.333,-2395.0,11843.0,196.84615089844834,6992.857875156104,23.692314570287177,False,3
1632,214.407,-2336.5810645263937,11848.414936196443,195.0,6996.835555555557,28.0,False,3
1633,214.513,-2249.0,11851.0,194.3374992,7002.550906639273,35.2875088,False,3
1634,214.567,-2213.802887906971,11850.2363565597,194.0,7005.4577777777795,39.0,False,3
1635,214.887,-2101.5141147325166,11816.980288594512,192.0,7022.524444444445,58.0,False,3
1636,214.953,-2075.0,11804.0,192.0,7026.021371614215,58.0,False,3
1637,215.033,-2036.0,11784.0,192.0,7030.256676338784,58.0,False,3
1638,215.127,-1972.0878420996803,11743.368442243134,192.0,7035.324444444446,58.0,False,3
1639,215.293,-1851.0,11657.0,197.187504,7044.586921659004,76.6750144,False,3
1640,215.447,-1802.4144630060575,11619.991499756416,202.0,7053.280000000001,94.0,False,3
1641,215.607,-1769.9667832602029,11596.298052517745,202.0,7062.257777777779,94.0,False,3
1642,215.613,-1768.0,11595.0,202.2333383111111,7062.602046712125,94.10000213333333,False,3
1643,215.933,-1608.0,11501.0,214.67778275555557,7081.80803403776,99.43333546666666,False,3
1644,215.967,-1590.542336226532,11492.705038589214,216.0,7083.857777777779,100.0,False,3
1645,216.053,-1543.0,11473.0,216.0,7089.012221880419,100.0,False,3
1646,216.126,-1488.837121672249,11454.134073885176,216.0,7093.397777777778,100.0,False,3
1647,216.326,-1300.3282146269976,11397.780918816208,221.0,7105.675555555556,100.0,False,3
1648,216.333,-1294.0,11396.0,221.29166933333335,7106.11506512175,100.0,False,3
1649,216.566,-1103.606455084026,11346.434517283951,231.0,7121.075555555557,100.0,False,3
1650,216.806,-948.5882923973556,11315.097969641824,235.0,7136.742222222225,100.0,False,3
1651,216.966,-868.4115155264094,11305.323523374918,240.0,7147.408888888891,100.0,False,3
1652,217.286,-721.4588689504347,11288.71768883221,247.0,7169.364444444445,100.0,False,3
1653,217.686,-456.5151727278642,11213.647521623276,257.0,7197.920000000002,100.0,False,3
1654,217.732,-420.0,11201.0,257.6272709818182,7201.250577468942,100.0,False,3
1655,218.112,-109.0,11080.0,262.80909265454545,7229.032388018191,100.0,False,3
1656,218.126,-100.3644520183798,11076.22021000439,263.0,7230.064444444446,100.0,False,3
1657,218.446,32.277553103323925,11005.130187283006,267.0,7253.79777777778,100.0,False,3
1658,218.552,83.0,10971.0,267.8833344,7261.702345865848,100.0,False,3
1659,218.686,163.8095804379847,10914.29608685044,269.0,7271.731111111114,100.0,False,3
1660,218.732,192.0,10893.0,269.5749984,7275.186203456788,100.0,False,3
1661,218.846,258.1426628892634,10838.223309570276,271.0,7283.775555555558,100.0,False,3
1662,218.972,327.0,10773.0,272.0499989333333,7293.311303970948,100.0,False,3
1663,219.072,380.0,10717.0,272.8833344,7300.909728796318,100.0,False,3
1664,219.086,387.28235388345604,10709.02483300903,273.0,7301.9755555555585,100.0,False,3
1665,219.272,481.0,10601.0,274.86000128,7316.181241449627,100.0,False,3
1666,219.286,487.8754551992527,10592.688701709334,275.0,7317.253333333336,100.0,False,3
1667,219.452,567.0,10492.0,275.5928566857143,7329.992909826791,100.0,False,3
1668,219.632,645.0,10378.0,276.23571474285717,7343.85923613012,100.0,False,3
1669,219.846,730.5572794135131,10237.101159844467,277.0,7360.342222222225,100.0,False,3
1670,219.912,755.0,10192.0,277.0,7365.421282264017,100.0,False,3
1671,220.006,788.0034673957288,10126.202454191127,277.0,7372.6533333333355,100.0,False,3
1672,220.092,816.0,10067.0,277.3071424,7379.270710926212,100.0,False,3
1673,220.286,870.5901249012181,9944.480160042898,278.0,7394.275555555558,100.0,False,3
1674,220.432,915.0,9821.0,281.6500032,7405.7421816297665,100.0,False,3
1675,220.486,934.078006935332,9761.37395580089,283.0,7409.9977777777785,100.0,False,3
1676,220.632,984.0,9596.0,283.60580982063,7421.5057506332905,100.0,False,3
1677,220.727,1003.1037497070369,9531.04432722923,284.0,7429.010000000002,100.0,False,3
1678,220.953,1028.0,9427.0,285.8833344,7446.958450980177,100.0,False,3
1679,220.967,1030.4869103324736,9415.564003824004,286.0,7448.07666666667,100.0,False,3
1680,221.233,1091.0,9130.0,288.66000128,7469.474573064124,100.0,False,3
1681,221.367,1109.2430284424875,9041.565639686216,290.0,7480.29888888889,100.0,False,3
1682,221.567,1126.3604752979682,8944.047922171041,291.0,7496.465555555558,100.0,False,3
1683,221.573,1127.0,8940.0,291.0375008,7496.951377791807,100.0,False,3
1684,221.727,1145.2261752543525,8816.578393235468,292.0,7509.443333333336,100.0,False,3
1685,221.753,1148.0,8795.0,292.1857152,7511.557404295612,100.0,False,3
1686,221.913,1161.0,8666.0,293.3285723428571,7524.602708041772,100.0,False,3
1687,222.007,1165.562590370802,8589.31682706248,294.0,7532.310000000003,100.0,False,3
1688,222.093,1168.0,8520.0,294.9555569777778,7539.3943230821715,100.0,False,3
1689,222.333,1166.0,8321.0,297.62222364444443,7559.288126465743,100.0,False,3
1690,222.367,1164.2541527314231,8284.65823666439,298.0,7562.110000000002,100.0,False,3
1691,222.633,1142.0,7956.0,298.95000045714283,7584.201468013562,100.0,False,3
1692,222.647,1140.8965992049762,7941.112664916547,299.0,7585.365555555558,100.0,False,3
1693,222.966,1119.620588392832,7689.093503331866,300.0,7611.948888888892,100.0,False,3
1694,223.013,1116.0,7657.0,300.1958336,7615.879359475148,100.0,False,3
1695,223.206,1098.3590826597194,7526.808990054075,301.0,7632.0155555555575,100.0,False,3
1696,223.406,1072.576967177483,7392.5907820098855,299.0,7648.626666666671,100.0,False,3
1697,223.493,1057.0,7333.0,299.93214354285715,7655.899489661539,100.0,False,3
1698,223.686,1012.7570897451343,7198.014854632772,302.0,7672.11555555556,100.0,False,3
1699,223.873,962.0,7060.0,302.0,7687.797896736136,100.0,False,3
1700,223.926,947.0416259248328,7018.965718992677,302.0,7692.248888888891,100.0,False,3
1701,223.973,933.0,6980.0,302.23500032,7696.200869464074,100.0,False,3
1702,224.126,879.0279903210362,6825.753275973973,303.0,7709.082222222225,100.0,False,3
1703,224.253,834.0,6694.0,303.0,7719.760721464134,100.0,False,3
1704,224.406,789.1014042784468,6559.663367894327,303.0,7732.6488888888925,100.0,False,3
1705,224.606,742.2755975402824,6415.734522023299,305.0,7749.593333333336,100.0,False,3
1706,224.692,723.0,6357.0,304.4625008,7756.866119951861,100.0,False,3
1707,224.766,706.6458962443894,6307.541928126354,304.0,7763.104444444447,100.0,False,3
1708,224.966,662.2659670787165,6176.744399841637,302.0,7779.882222222226,100.0,False,3
1709,225.092,628.0,6086.0,302.6999992888889,7790.495571505038,100.0,False,3
1710,225.172,603.0,6024.0,303.14444373333333,7797.260051230251,100.0,False,3
1711,225.326,551.5522868773257,5904.710866622078,304.0,7810.282222222226,100.0,False,3
1712,225.492,493.0,5777.0,304.0,7824.303878126131,100.0,False,3
1713,225.652,436.0,5654.0,304.0,7837.811410550983,100.0,False,3
1714,225.686,424.63844506132097,5627.859838604395,304.0,7840.682222222227,100.0,False,3
1715,225.846,376.1525089403199,5504.271249013955,304.0,7854.193333333338,100.0,False,3
1716,225.892,364.0,5468.0,304.0,7858.077565761829,100.0,False,3
1717,226.006,337.47625657026424,5376.352081173311,304.0,7867.704444444449,100.0,False,3
1718,226.072,324.0,5323.0,304.0,7873.280000863902,100.0,False,3
1719,226.252,293.0,5173.0,304.0,7888.482514438801,100.0,False,3
1720,226.286,288.0513656424032,5140.881261323531,304.0,7891.348888888893,100.0,False,3
1721,226.486,265.18923470502,4930.4754926573305,303.0,7908.182222222225,100.0,False,3
1722,226.572,260.0,4855.0,303.0,7915.4256182440695,100.0,False,3
1723,226.726,258.43618303735354,4758.290406033836,303.0,7928.382222222226,100.0,False,3
1724,226.812,260.0,4703.0,302.2833344,7935.584736840736,100.0,False,3
1725,226.966,264.91617251086893,4575.420558446263,301.0,7948.448888888894,100.0,False,3
1726,227.052,269.0,4500.0,301.0,7955.637393531704,100.0,False,3
1727,227.166,276.00831017827255,4404.163798863746,301.0,7965.171111111114,100.0,False,3
1728,227.273,284.0,4316.0,301.0,7974.122016760408,100.0,False,3
1729,227.407,295.62747624333224,4204.840588957423,301.0,7985.321388888893,100.0,False,3
1730,227.473,302.0,4150.0,300.72499946666665,7990.826613671863,100.0,False,3
1731,227.647,321.05714416016565,4005.763258342413,300.0,8005.321388888891,100.0,False,3
1732,227.693,327.0,3968.0,300.0,8009.155184587964,100.0,False,3
1733,227.847,350.2359557954141,3843.1471170756618,300.0,8021.988055555559,100.0,False,3
1734,227.973,373.0,3741.0,299.64999964444445,8032.46377902669,100.0,False,3
1735,228.033,385.0,3692.0,299.48333297777776,8037.443921040542,100.0,False,3
1736,228.207,423.73663014777065,3552.995524569302,299.0,8051.888055555559,100.0,False,3
1737,228.293,445.0,3485.0,299.0,8059.032702030865,100.0,False,3
1738,228.447,486.54481383134896,3363.3699951382805,299.0,8071.821388888893,100.0,False,3
1739,228.473,494.0,3343.0,298.9409088,8073.977211938392,100.0,False,3
1740,228.793,595.0,3097.0,298.2136360727273,8100.452094173343,100.0,False,3
1741,228.887,626.8569671920344,3025.5863214245364,298.0,8108.243611111115,100.0,False,3
1742,228.993,664.0,2946.0,298.0,8117.047185171421,100.0,False,3
1743,229.073,693.0,2887.0,298.0,8123.703577727079,100.0,False,3
1744,229.287,772.7719460252908,2730.8558577690947,298.0,8141.354722222226,100.0,False,3
1745,229.393,814.0,2655.0,295.6090200526885,8149.951222824264,100.0,False,3
1746,229.613,904.0,2502.0,290.6466148336257,8167.5540661026735,100.0,False,3
1747,229.686,935.1436787157448,2452.923089089027,289.0,8173.38555555556,100.0,False,3
1748,229.853,1010.0,2343.0,287.8071424,8186.73058973349,100.0,False,3
1749,229.966,1064.8790633958424,2269.3711491661356,287.0,8195.707777777783,100.0,False,3
1750,230.033,1096.0,2229.0,286.06944355555555,8200.994501131778,100.0,False,3
1751,230.213,1187.0,2119.0,283.56944355555555,8215.079852972676,100.0,False,3
1752,230.326,1303.26507457689,1992.7371733845785,282.0,8223.907777777782,100.0,False,3
1753,230.393,1377.0,1915.0,281.66499968,8229.146567317752,100.0,False,3
1754,230.526,1501.8210572690036,1788.5949721061456,281.0,8239.518888888895,100.0,False,3
1755,230.633,1577.0,1715.0,279.513888,8247.781327708668,100.0,False,3
1756,230.886,1662.0534572432625,1634.7622368910518,276.0,8267.118888888894,100.0,False,3
1757,231.012,1724.0,1580.0,275.2125008,8276.735667259585,100.0,False,3
1758,231.206,1893.8849024854055,1430.3061377878882,274.0,8291.47444444445,100.0,False,3
1759,231.272,1952.0,1380.0,272.8999978666667,8296.446692473448,100.0,False,3
1760,231.446,2078.3874828527933,1274.3309692686014,270.0,8309.47444444445,100.0,False,3
1761,231.686,2196.3406359662313,1180.788790743977,268.0,8327.341111111116,100.0,False,3
1762,231.712,2206.0,1173.0,267.60999808,8329.266877369784,95.96998016,False,3
1763,231.886,2255.1774817581577,1132.3092365962461,265.0,8342.063333333337,69.0,False,3
1764,232.112,2355.0,1058.0,256.5249952,8358.16594569224,4.0249632,False,3
1765,232.126,2366.005021173461,1050.256940145367,256.0,8359.130000000005,0.0,True,3
1766,232.312,2533.0,935.0,244.0428489142857,8371.52483960923,0.0,True,3
1767,232.406,2580.185401599259,903.6132843560391,238.0,8377.641111111116,0.0,True,3
1768,232.566,2614.566995290768,885.6648528311836,232.0,8387.952222222226,0.0,True,3
1769,232.612,2631.0,878.0,230.95454836363638,8390.874428151794,0.0,True,3
1770,232.812,2739.0,831.0,226.40909381818182,8403.331697337304,0.0,True,3
1771,232.992,2839.0,804.0,222.3181789090909,8414.24704718983,0.0,True,3
1772,233.006,2846.743278222875,802.6587484221186,222.0,8415.085555555559,0.0,False,3
1773,233.172,2946.0,795.0,215.7750048,8424.921767906508,5.533329066666667,False,3
1774,233.246,3003.4768317556095,796.9725584934828,213.0,8429.28555555556,8.0,False,3
1775,233.406,3154.490637531618,811.6305633698787,212.0,8438.707777777781,25.0,False,3
1776,233.532,3251.0,823.0,210.20000182857143,8446.017921213283,31.749993142857143,False,3
1777,233.686,3321.225850270542,832.2686274626979,208.0,8454.885555555558,40.0,False,3
1778,233.933,3401.0,844.0,208.7694707577761,8469.20072954999,46.15576606220881,False,3
1779,234.007,3442.7177703664975,849.2709298251731,209.0,8473.521388888892,48.0,False,3
1780,234.073,3482.0,854.0,209.8250016,8477.389360385523,46.3499968,False,3
1781,234.167,3533.51640397096,859.753773744747,211.0,8482.89916666667,44.0,False,3
1782,234.327,3622.1106207437106,866.7365882683575,209.0,8492.188055555558,0.0,False,3
1783,234.373,3655.0,868.0,207.8499968,8494.827010325,4.6000128,False,3
1784,234.487,3752.814832285897,869.6740585084611,205.0,8501.29916666667,16.0,False,3
1785,234.593,3835.0,870.0,203.10714057142857,8507.228301776595,26.978584685714285,False,3
1786,234.767,3896.8117938296245,868.8496280036549,200.0,8516.854722222224,45.0,False,3
1787,234.873,3934.0,862.0,200.0,8522.72371615856,52.42000896,False,3
1788,234.967,3986.2443009457256,849.7569871427438,200.0,8527.965833333335,59.0,False,3
1789,235.213,4164.0,796.0,204.39285942857143,8541.957575478838,66.02857508571428,False,3
1790,235.247,4184.839007967129,787.1750819568877,205.0,8543.91027777778,67.0,False,3
1791,235.567,4331.494864175583,693.4565691526085,209.0,8562.488055555557,77.0,False,3
1792,235.613,4349.0,680.0,209.958336,8565.204860675987,80.833344,False,3
1793,235.807,4417.366035691385,625.1611955723234,214.0,8576.754722222224,97.0,False,3
1794,235.993,4490.0,565.0,215.1625008,8587.810684850489,98.7437512,False,3
1795,236.093,4537.0,526.0,215.7875008,8593.861865986528,99.6812512,False,3
1796,236.127,4553.065764748468,512.3257857089181,216.0,8595.954722222225,100.0,False,3
1797,236.313,4640.0,436.0,223.57994099963565,8607.716349300432,100.0,False,3
1798,236.446,4703.306321022142,381.3399714024703,229.0,8616.246666666668,100.0,False,3
1799,236.493,4726.0,362.0,229.5875008,8619.253653212081,100.0,False,3
1800,236.606,4781.2805962769835,315.38533908233893,231.0,8626.513333333334,100.0,False,3
1801,236.813,4885.0,229.0,236.91428754285715,8640.199134725146,100.0,False,3
1802,236.886,4922.2505673513515,197.96852438601454,239.0,8645.102222222224,100.0,False,3
1803,237.046,5004.949291635634,129.4617064415705,244.0,8655.946666666669,100.0,False,3
1804,237.073,5019.0,118.0,244.39375093333334,8657.793346935057,100.0,False,3
1805,237.133,5051.0,92.0,245.26875093333334,8661.915539593405,100.0,False,3
1806,237.413,5251.0,-76.0,249.35208426666668,8681.452174192678,100.0,False,3
1807,237.526,5328.386774208887,-142.0418389392725,251.0,8689.413333333336,100.0,False,3
1808,237.686,5426.091342432093,-226.21340745087014,255.0,8700.74666666667,100.0,False,3
1809,237.872,5510.0,-298.0,257.79000192,8714.068845666241,100.0,False,3
1810,237.886,5514.841980529349,-302.0848648720555,258.0,8715.080000000002,100.0,False,3
1811,238.166,5606.510724561984,-379.9192977999049,263.0,8735.535555555558,100.0,False,3
1812,238.172,5610.0,-383.0,263.08999808,8735.977059066046,100.0,False,3
1813,238.366,5769.141662645709,-525.4831636955429,266.0,8750.313333333337,100.0,False,3
1814,238.472,5851.0,-600.0,267.06000128,8758.208642495707,100.0,False,3
1815,238.766,5958.764417309854,-705.368127623126,270.0,8780.313333333335,100.0,False,3
1816,238.912,6007.0,-761.0,272.19000192,8791.3717214473,100.0,False,3
1817,238.966,6030.454394804603,-788.5001990416572,273.0,8795.480000000003,100.0,False,3
1818,239.152,6124.0,-901.0,274.99285851428573,8809.715862604957,100.0,False,3
1819,239.192,6143.0,-925.0,275.4214299428571,8812.790561909364,100.0,False,3
1820,239.246,6168.308608526617,-958.1070221253766,276.0,8816.94666666667,100.0,False,3
1821,239.432,6251.0,-1074.0,277.55000106666665,8831.305039041681,100.0,False,3
1822,239.486,6272.548878026822,-1105.2130110939154,278.0,8835.480000000001,100.0,False,3
1823,239.672,6352.0,-1230.0,278.66428617142856,8849.874236285335,100.0,False,3
1824,239.766,6410.824462981148,-1332.9644653012363,279.0,8857.180000000002,100.0,False,3
1825,239.872,6474.0,-1447.0,279.8833344,8865.45580366068,100.0,False,3
1826,240.126,6530.030965070895,-1557.459931632787,282.0,8885.380000000003,100.0,False,3
1827,240.192,6543.0,-1587.0,282.0,8890.553269194303,100.0,False,3
1828,240.366,6595.063072516539,-1705.9999698406502,282.0,8904.180000000004,100.0,False,3
1829,240.473,6630.0,-1789.0,282.0,8912.553364741378,100.0,False,3
1830,240.567,6658.095784032758,-1859.2717175003513,282.0,8919.925000000003,100.0,False,3
1831,240.773,6713.0,-2005.0,283.4045463272727,8936.187387757936,100.0,False,3
1832,240.953,6762.0,-2139.0,284.6318190545455,8950.4720088492,100.0,False,3
1833,241.007,6782.4899872997275,-2196.88406282301,285.0,8954.758333333337,100.0,False,3
1834,241.173,6851.0,-2393.0,285.5187504,8967.937329546981,100.0,False,3
1835,241.327,6883.062157530729,-2484.8165346835394,286.0,8980.180555555558,100.0,False,3
1836,241.513,6908.0,-2559.0,286.93000064,8995.007034700218,100.0,False,3
1837,241.527,6910.901288718718,-2567.7986407122976,287.0,8996.125000000002,100.0,False,3
1838,241.693,6953.0,-2696.0,287.4611114666667,9009.403659454696,100.0,False,3
1839,241.853,6993.0,-2817.0,287.9055559111111,9022.208994548126,100.0,False,3
1840,241.887,7001.013614362527,-2841.5778323894974,288.0,9024.925000000003,100.0,False,3
1841,242.153,7066.0,-3045.0,286.3374992,9046.088635898932,100.0,False,3
1842,242.207,7083.385190360254,-3099.152215753077,286.0,9050.347222222224,100.0,False,3
1843,242.413,7153.0,-3315.0,281.70833066666665,9066.445171943242,14.166613333333334,False,3
1844,242.447,7161.446082700595,-3341.150366035291,281.0,9069.080555555558,0.0,False,3
1845,242.727,7205.162112957445,-3476.104170053205,276.0,9090.547222222225,0.0,False,3
1846,242.753,7210.0,-3491.0,275.2892904544087,9092.516986690853,0.0,False,3
1847,242.973,7261.0,-3648.0,269.2756239051482,9109.010197463835,0.0,False,3
1848,243.153,7302.0,-3775.0,264.3553512739351,9121.847554546637,0.0,False,3
1849,243.166,7304.7307654395145,-3783.599543369109,264.0,9122.740555555558,0.0,False,3
1850,243.353,7344.0,-3914.0,249.03999488,9135.077240511248,0.0,False,3
1851,243.566,7401.573399677383,-4132.3061291347585,232.0,9148.518333333335,0.0,True,3
1852,243.573,7403.0,-4138.0,231.6499968,9148.960146797475,0.0,True,3
1853,243.766,7422.810510479741,-4226.862454495559,222.0,9160.851666666667,0.0,True,3
1854,243.933,7430.0,-4274.0,198.7392768,9169.619286045187,0.0,True,3
1855,244.046,7439.110937735285,-4325.637315988663,183.0,9175.085000000001,0.0,True,3
1856,244.246,7459.433427236866,-4433.144161048375,168.0,9184.418333333335,0.0,True,3
1857,244.252,7460.0,-4436.0,167.6625072,9184.686231489963,0.0,True,3
1858,244.432,7476.0,-4516.0,157.5374928,9192.34202327199,0.0,True,3
1859,244.566,7488.200244734916,-4587.7009110193085,150.0,9197.751666666669,0.0,True,3
1860,244.712,7499.0,-4656.0,143.91666133333334,9203.50040681067,0.0,True,3
1861,244.806,7502.709664266895,-4679.010896460671,140.0,9207.085000000003,0.0,True,3
1862,245.006,7503.112230234199,-4712.0247113780915,131.0,9214.36277777778,0.0,True,3
1863,245.012,7503.0,-4714.0,130.8500032,9214.57544902555,0.0,True,3
1864,245.292,7490.0,-4851.0,123.8500032,9224.175095562892,0.0,True,3
1865,245.326,7487.388112748904,-4864.798849205611,123.0,9225.296111111113,0.0,True,3
1866,245.686,7447.506983559254,-4943.885611886914,114.0,9236.696111111112,0.0,False,3
1867,245.712,7444.0,-4948.0,113.6749984,9237.508338868683,0.0,False,3
1868,245.846,7424.797769110772,-4968.57342670056,112.0,9241.67388888889,0.0,False,3
1869,246.072,7382.0,-5002.0,109.48888746666667,9248.48711613952,13.1833408,False,3
1870,246.192,7349.0,-5020.0,108.15555413333334,9252.057260822925,20.1833408,False,3
1871,246.206,7344.515867490815,-5022.139220881436,108.0,9252.47388888889,21.0,False,3
1872,246.406,7265.128845343505,-5053.715129582646,107.0,9258.418333333335,31.0,False,3
1873,246.572,7197.0,-5077.0,107.0,9263.331703995374,38.46999424,False,3
1874,246.606,7184.436438372586,-5081.075130964017,107.0,9264.362777777778,40.0,False,3
1875,246.766,7131.661689788095,-5097.083879896487,113.0,9269.385,47.0,False,3
1876,246.926,7089.449400915295,-5108.769700421074,118.0,9274.629444444445,47.0,False,3
1877,247.013,7071.0,-5114.0,118.0,9277.483707375166,52.626871602585986,False,3
1878,247.127,7051.629251626249,-5119.675720415425,118.0,9281.21777777778,60.0,False,3
1879,247.253,7027.0,-5127.0,118.0,9285.35818220457,62.25000228571429,False,3
1880,247.407,6979.286584579509,-5140.928369118907,118.0,9290.395555555557,65.0,False,3
1881,247.453,6965.0,-5145.0,118.0,9291.884573225698,65.0,False,3
1882,247.567,6933.476074679351,-5153.693908382533,118.0,9295.640000000001,65.0,False,3
1883,247.793,6857.0,-5174.0,134.0083424,9304.073589468398,65.0,False,3
1884,247.807,6849.654843670932,-5175.98147618522,135.0,9304.640000000001,65.0,False,3
1885,248.033,6717.0,-5212.0,149.8312584,9314.408372466403,65.0,False,3
1886,248.127,6691.889680053043,-5218.787378162133,156.0,9318.506666666668,65.0,False,3
1887,248.273,6667.0,-5225.0,156.0,9324.686498411791,65.0,False,3
1888,248.447,6587.00915251933,-5244.35216595998,156.0,9332.373333333335,65.0,False,3
1889,248.647,6470.033161840667,-5272.2852804275135,180.0,9342.373333333335,65.0,False,3
1890,248.653,6467.0,-5273.0,180.0,9342.674483972927,66.312528,False,3
1891,248.807,6398.847068913469,-5288.836524014114,180.0,9350.373333333335,100.0,False,3
1892,249.033,6307.0,-5310.0,188.4750048,9362.230204092608,100.0,False,3
1893,249.047,6300.304495064442,-5311.57436075839,189.0,9362.973333333335,100.0,False,3
1894,249.173,6236.0,-5327.0,191.3625024,9369.677245769317,100.0,False,3
1895,249.207,6218.367164130586,-5331.4213990707285,192.0,9371.506666666668,100.0,False,3
1896,249.373,6132.0,-5354.0,196.1500032,9380.607185181118,100.0,False,3
1897,249.447,6093.160806347127,-5364.204679758147,198.0,9384.706666666669,100.0,False,3
1898,249.553,6037.0,-5379.0,199.33054518345233,9390.592590987757,100.0,False,3
1899,249.686,5965.380709071289,-5398.094684868237,201.0,9398.050833333336,100.0,False,3
1900,249.853,5874.0,-5422.0,204.24722346666667,9407.627278922519,100.0,False,3
1901,250.033,5774.0,-5446.0,207.74722346666667,9418.094870820223,100.0,False,3
1902,250.046,5766.666140662496,-5447.6040401328,208.0,9418.850833333336,100.0,False,3
1903,250.113,5729.0,-5456.0,208.0,9422.746802733633,76.07140571428572,False,3
1904,250.313,5620.0,-5490.0,208.0,9434.290940155586,4.642834285714282,False,3
1905,250.326,5612.013677370173,-5492.340598613763,208.0,9435.028611111113,0.0,True,3
1906,250.566,5437.258069939084,-5534.746970991349,200.0,9448.361944444447,0.0,False,3
1907,250.712,5332.0,-5555.0,197.2624976,9456.285838863596,7.3000064,False,3
1908,250.886,5224.5576437901545,-5570.57752622516,194.0,9465.606388888891,16.0,False,3
1909,251.126,5108.485436989447,-5576.789308517092,191.0,9478.339722222225,32.0,False,3
1910,251.326,5029.675532963512,-5563.3760591223745,190.0,9488.89527777778,34.0,False,3
1911,251.526,4932.351335404083,-5516.341216654915,191.0,9499.50638888889,45.0,False,3
1912,251.672,4848.0,-5460.0,191.9125008,9507.312859111102,48.6500032,False,3
1913,251.846,4733.820758082853,-5369.424911608926,193.0,9516.661944444446,53.0,False,3
1914,251.952,4672.0,-5314.0,193.6625008,9522.367426819217,63.6000128,False,3
1915,252.006,4645.806289060742,-5288.177818326062,194.0,9525.284166666668,69.0,False,3
1916,252.166,4588.486252027473,-5220.815790147261,196.0,9533.99527777778,76.0,False,3
1917,252.312,4545.0,-5161.0,197.46000128,9542.083442209852,79.6500032,False,3
1918,252.732,4428.0,-4984.0,201.65999872,9566.01687894599,90.1499968,False,3
1919,252.966,4385.241949730809,-4909.633873078038,204.0,9579.328611111114,96.0,False,3
1920,253.052,4367.0,-4875.0,204.0,9584.187505717771,96.78181701818181,False,3
1921,253.252,4315.0,-4773.0,204.0,9595.441449570088,98.59999883636364,False,3
1922,253.406,4281.324748832232,-4706.198558474759,204.0,9604.261944444446,100.0,False,3
1923,253.593,4229.0,-4599.0,209.43153857103098,9615.217327976243,100.0,False,3
1924,253.647,4206.107942313095,-4551.258057262535,211.0,9618.387222222223,100.0,False,3
1925,253.793,4143.0,-4419.0,211.0,9626.920025373252,100.0,False,3
1926,254.007,4116.587596935996,-4363.691090295969,211.0,9639.487222222224,100.0,False,3
1927,254.073,4108.0,-4345.0,211.0,9643.428548380947,66.999936,False,3
1928,254.207,4076.905166428202,-4276.992865322761,211.0,9651.209444444445,0.0,True,3
1929,254.253,4064.0,-4249.0,205.88887466666668,9653.659436159967,0.0,True,3
1930,254.553,3975.0,-4062.0,172.55554133333334,9667.657627569171,0.0,True,3
1931,254.567,3971.597078143253,-4055.299814093739,171.0,9668.309444444445,0.0,True,3
1932,254.727,3940.112534881724,-3997.711987904008,171.0,9675.909444444445,0.0,True,3
1933,254.887,3914.8309751976144,-3959.6014195987277,171.0,9683.509444444446,0.0,True,3
1934,254.973,3897.0,-3933.0,163.62856045714287,9687.215934224676,0.0,True,3
1935,255.073,3873.0,-3897.0,155.05713188571428,9691.178775612998,0.0,True,3
1936,255.167,3851.314947603578,-3863.1607233505392,147.0,9694.942777777778,0.0,True,3
1937,255.313,3820.0,-3814.0,147.0,9700.966685967887,0.0,True,3
1938,255.367,3808.8562118800264,-3797.5975596613234,147.0,9703.109444444444,0.0,True,3
1939,255.553,3767.0,-3745.0,135.6333255111111,9709.80633224005,0.0,True,3
1940,255.727,3710.3876288150304,-3692.690324797824,125.0,9715.609444444444,0.0,True,3
1941,255.813,3685.0,-3672.0,122.13332906666666,9718.479673449185,0.0,True,3
1942,255.967,3653.5231905942587,-3650.3645926030285,117.0,9723.409444444445,0.0,True,3
1943,256.153,3620.0,-3640.0,100.25998848,9728.540382841742,0.0,True,3
1944,256.167,3616.666300760665,-3639.366906220382,99.0,9728.909444444444,0.0,False,3
1945,256.446,3534.3339830260484,-3631.7968287708472,92.0,9736.039444444445,0.0,False,3
1946,256.493,3522.0,-3632.0,91.46590836363636,9737.205657588784,0.0,False,3
1947,256.753,3467.0,-3642.0,88.5113629090909,9743.502118668592,0.0,False,3
1948,256.886,3435.858179597602,-3652.535447859958,87.0,9746.672777777778,0.0,False,3
1949,256.933,3425.0,-3657.0,86.66428525714285,9747.789076251049,1.510716342857143,False,3
1950,257.166,3376.378864550402,-3684.0784933482946,85.0,9753.28388888889,9.0,False,3
1951,257.173,3375.0,-3685.0,85.0,9753.447631677871,9.408337066666666,False,3
1952,257.406,3330.798767304846,-3718.867792530198,85.0,9758.950555555555,23.0,False,3
1953,257.432,3326.0,-3723.0,85.7090944,9759.595881180147,23.9454592,False,3
1954,257.592,3297.0,-3750.0,90.07273076363636,9763.74914535367,29.76364101818182,False,3
1955,257.832,3256.0,-3796.0,96.6181853090909,9770.408825779823,38.49091374545455,False,3
1956,257.846,3253.664821977247,-3798.8248518772575,97.0,9770.806111111111,39.0,False,3
1957,258.092,3210.0,-3857.0,102.63749706666667,9777.94108927702,45.66249653333333,False,3
1958,258.312,3158.0,-3940.0,107.6791696,9784.752919575592,51.6208368,False,3
1959,258.326,3154.877636521031,-3945.204902724141,108.0,9785.20611111111,52.0,False,3
1960,258.632,3099.0,-4042.0,119.90000497777778,9795.571676627964,63.050004622222225,False,3
1961,258.686,3091.362078819359,-4055.0936396163875,122.0,9797.40611111111,65.0,False,3
1962,258.846,3072.500672615789,-4086.479042074131,122.0,9802.828333333333,65.0,False,3
1963,259.006,3053.160100557588,-4115.158799203752,129.0,9808.561666666665,72.0,False,3
1964,259.112,3034.0,-4141.0,132.9750048,9812.57142816098,70.343748,False,3
1965,259.212,3010.0,-4171.0,136.7249952,9816.502435623051,68.781252,False,3
1966,259.326,2966.881123183702,-4215.359756344419,141.0,9821.095,67.0,False,3
1967,259.486,2893.800760065174,-4281.668570958116,149.0,9827.71722222222,57.0,False,3
1968,259.512,2884.0,-4290.0,149.6500032,9828.811556412511,56.5124976,False,3
1969,259.646,2843.7903776155235,-4321.182993120093,153.0,9834.51722222222,54.0,False,3
1970,259.812,2799.0,-4348.0,154.38333226666666,9841.667163647868,45.7000064,False,3
1971,259.886,2772.73874632854,-4362.367192938554,155.0,9844.850555555555,42.0,False,3
1972,260.032,2715.0,-4392.0,154.39166613333333,9851.092551603844,42.0,False,3
1973,260.126,2679.8192289791978,-4408.4639249571765,154.0,9855.11722222222,42.0,False,3
1974,260.233,2635.0,-4425.0,154.8879675719084,9859.726904307674,43.7759351438168,False,3
1975,260.367,2559.797053138785,-4443.2423733777105,156.0,9865.560555555554,46.0,False,3
1976,260.567,2443.6315327268953,-4461.703788537234,159.0,9874.393888888886,52.0,False,3
1977,260.573,2441.0,-4462.0,159.0,9874.657863129345,52.187504,False,3
1978,260.727,2391.499515154876,-4464.3607719997,159.0,9881.460555555552,57.0,False,3
1979,260.913,2342.0,-4457.0,164.2312536,9890.203582600654,61.0687528,False,3
1980,261.047,2284.526617198952,-4447.363602280471,168.0,9896.393888888888,64.0,False,3
1981,261.193,2214.0,-4433.0,162.72777315555555,9902.655272696507,67.24444728888889,False,3
1982,261.393,2122.0,-4405.0,155.50555093333332,9911.24088971158,71.68889173333334,False,3
1983,261.407,2114.631663732918,-4402.262953101928,155.0,9911.893888888886,72.0,False,3
1984,261.607,1998.5150657439474,-4353.39785682942,179.0,9921.838333333333,72.0,False,3
1985,261.633,1985.0,-4347.0,179.78000384,9923.163802474755,75.38001664,False,3
1986,261.807,1912.2060692175612,-4307.413958116729,185.0,9932.11611111111,98.0,False,3
1987,262.007,1846.5342431377396,-4259.684454616687,190.0,9942.671666666665,79.0,False,3
1988,262.053,1829.0,-4246.0,191.64286171428571,9945.162182844248,82.4500096,False,3
1989,262.253,1744.0,-4176.0,198.78571885714285,9956.28870842443,97.4500096,False,3
1990,262.287,1729.4133283922083,-4163.193736882272,200.0,9958.22722222222,100.0,False,3
1991,262.393,1685.0,-4123.0,203.44500416,9964.357810226658,100.0,False,3
1992,262.673,1566.0,-4012.0,212.54500416,9981.049582308055,100.0,False,3
1993,262.687,1558.0891852821885,-4004.4273043181483,213.0,9981.893888888888,100.0,False,3
1994,262.887,1431.1327346566386,-3881.713300807382,219.0,9994.060555555554,100.0,False,3
1995,262.913,1418.0,-3869.0,219.6523328109344,9995.663664041025,100.0,False,3
1996,263.166,1352.6084472209516,-3805.9660596539397,226.0,10011.575555555553,100.0,False,3
1997,263.313,1283.0,-3738.0,230.49166862222222,10021.118675309577,100.0,False,3
1998,263.493,1133.0,-3591.0,235.99166862222222,10033.063769404496,100.0,False,3
1999,263.526,1112.1320727229097,-3570.52870397874,237.0,10035.275555555554,100.0,False,3
2000,263.806,1039.185480394365,-3498.7593209935753,245.0,10054.331111111107,100.0,False,3
2001,263.873,1017.0,-3477.0,246.6750016,10058.982250649635,100.0,False,3
2002,264.072,918.0,-3380.0,251.6500032,10072.947601498425,100.0,False,3
2003,264.086,910.9567087700134,-3373.082123916262,252.0,10073.93111111111,100.0,False,3
2004,264.192,858.0,-3321.0,252.75714377142856,10081.375195239214,100.0,False,3
2005,264.366,751.8422960573273,-3216.7561568756078,254.0,10093.686666666663,100.0,False,3
2006,264.532,655.0,-3122.0,258.1499968,10105.70808888628,100.0,False,3
2007,264.726,577.8853526388762,-3047.1716809768473,263.0,10119.986666666664,100.0,False,3
2008,264.792,550.0,-3020.0,264.32000256,10124.867109931232,100.0,False,3
2009,264.926,481.7350609729971,-2953.0606360424013,267.0,10134.819999999996,100.0,False,3
2010,265.092,391.0,-2864.0,269.48999808,10147.257935358912,100.0,False,3
2011,265.126,374.1018334161275,-2847.4919272665466,270.0,10149.819999999996,100.0,False,3
2012,265.286,299.50802083092736,-2774.9515957366416,273.0,10161.953333333331,100.0,False,3
2013,265.392,228.0,-2705.0,274.3250016,10170.09321598238,100.0,False,3
2014,265.526,100.36915718653559,-2579.5175832121627,276.0,10180.353333333333,100.0,False,3
2015,265.592,45.0,-2525.0,274.01999616,10185.31752407308,100.0,False,3
2016,265.726,-23.000583087758976,-2457.9488324913455,270.0,10195.353333333333,100.0,False,3
2017,265.972,-86.0,-2396.0,274.6083832354474,10214.420681307614,100.0,False,3
2018,266.132,-175.0,-2309.0,277.6057072245899,10227.290027520914,100.0,False,3
2019,266.252,-243.0,-2242.0,279.8537002164468,10237.184009303415,100.0,False,3
2020,266.572,-425.0,-2064.0,285.8483481947317,10263.715908229242,100.0,False,3
2021,266.847,-652.5589701210431,-1850.1665154512584,291.0,10285.967499999997,100.0,False,3
2022,266.853,-657.0,-1846.0,290.9249984,10286.447227765906,100.0,False,3
2023,267.167,-823.3464198795042,-1688.84452268929,287.0,10311.478611111108,100.0,False,3
2024,267.367,-891.3110200328717,-1623.509256488046,295.0,10327.8675,100.0,False,3
2025,267.553,-985.0,-1534.0,292.4166648888889,10342.820534723407,100.0,False,3
2026,267.727,-1100.3961864649725,-1424.1080417489475,290.0,10356.867499999997,100.0,False,3
2027,267.887,-1214.5071280834823,-1315.6190473647273,298.0,10370.111944444443,100.0,False,4
2028,267.913,-1232.0,-1299.0,298.0,10372.266592445074,100.0,False,4
2029,268.127,-1364.7837342660284,-1172.984055982473,298.0,10389.97861111111,100.0,False,4
2030,268.333,-1473.0,-1070.0,299.71666773333334,10407.143918691712,100.0,False,4
2031,268.367,-1488.9442969745776,-1054.7467022702663,300.0,10409.97861111111,100.0,False,4
2032,268.593,-1593.0,-955.0,300.0,10428.809926895843,100.0,False,4
2033,268.607,-1600.6162697304817,-947.7377884462963,300.0,10429.97861111111,100.0,False,4
2034,268.767,-1697.8317114373872,-855.3502664579777,301.0,10443.356388888886,100.0,False,4
2035,268.793,-1714.0,-840.0,301.0,10445.530677224588,100.0,False,4
2036,268.927,-1796.1990426672562,-761.9622165347929,301.0,10456.734166666665,100.0,False,4
2037,269.113,-1908.0,-656.0,301.0,10472.28684078937,100.0,False,4
2038,269.167,-1940.1937833501986,-625.5751966997785,301.0,10476.800833333327,100.0,False,4
2039,269.233,-1981.0,-587.0,301.0,10482.316574241455,100.0,False,4
2040,269.487,-2166.411425370565,-410.87600884350314,301.0,10503.556388888886,100.0,False,4
2041,269.573,-2224.0,-356.0,301.5375008,10510.770185006226,100.0,False,4
2042,269.647,-2267.840875124563,-314.15789925128985,302.0,10516.978611111106,100.0,False,4
2043,269.846,-2363.063833001595,-223.02096348117178,302.0,10533.672499999997,100.0,False,4
2044,269.993,-2442.0,-148.0,302.33409105454547,10546.102780297013,100.0,False,4
2045,270.053,-2479.0,-113.0,302.4704546909091,10551.205665941832,100.0,False,4
2046,270.286,-2626.7211749878416,26.720190517616775,303.0,10570.70583333333,100.0,False,4
2047,270.353,-2665.0,63.0,297.9749952,10576.162949775176,58.124959999999994,False,4
2048,270.446,-2712.9370052770596,108.52604929549197,291.0,10583.639166666666,0.0,False,4
2049,270.606,-2805.972171535847,197.05531712630105,285.0,10596.30583333333,0.0,False,4
2050,270.632,-2828.0,218.0,284.6749984,10598.353306304427,0.0,False,4
2051,270.766,-2967.5835487078552,350.63407576525,283.0,10608.88361111111,0.0,False,4
2052,270.812,-3007.0,388.0,281.8500032,10612.495466659357,0.0,False,4
2053,271.092,-3096.0,471.0,274.8500032,10633.906648026408,0.0,False,4
2054,271.126,-3108.3088917173204,482.48665367898604,274.0,10636.283611111106,0.0,False,4
2055,271.432,-3272.0,637.0,232.8812328,10655.891327368397,0.0,False,4
2056,271.446,-3278.8142662401374,643.5183651491814,231.0,10656.816944444443,0.0,True,4
2057,271.592,-3342.0,705.0,239.03000704,10666.772688405616,0.0,True,4
2058,271.646,-3362.7929968196904,726.1567224220017,242.0,10670.261388888886,0.0,True,4
2059,271.872,-3433.0,802.0,201.5083104,10682.81468972012,0.0,True,4
2060,271.886,-3436.1399423658127,805.4940384545412,199.0,10683.528055555553,0.0,True,4
2061,272.092,-3473.0,848.0,183.5500096,10693.44429781433,0.0,True,4
2062,272.286,-3523.519528536509,909.0975154383506,169.0,10702.30583333333,0.0,True,4
2063,272.432,-3569.0,977.0,165.95833066666665,10708.979990659465,0.0,True,4
2064,272.526,-3599.3994197635575,1032.2151649116743,164.0,10713.239166666664,0.0,False,4
2065,272.692,-3646.0,1129.0,161.03571657142857,10720.632896797904,0.0,False,4
2066,272.806,-3662.6524526039666,1170.0209396942867,159.0,10725.60583333333,0.0,False,4
2067,273.092,-3669.0,1232.0,153.6375024,10737.759587617085,20.5562408,False,4
2068,273.126,-3669.6887928870406,1243.9261202358487,153.0,10739.20583333333,23.0,False,4
2069,273.286,-3671.7912850420985,1312.8260652211438,154.0,10746.050277777775,32.0,False,4
2070,273.313,-3671.0,1325.0,154.11203349033255,10747.207302627014,34.016602825985814,False,4
2071,273.373,-3668.0,1352.0,154.36099621204878,10749.778929715778,38.49793181687816,False,4
2072,273.527,-3659.416610014382,1419.363174258498,155.0,10756.426666666663,50.0,False,4
2073,273.533,-3659.0,1422.0,155.10714514285715,10756.688555628369,49.89285485714286,False,4
2074,273.753,-3639.0,1520.0,159.03571657142857,10766.440381742586,45.96428342857143,False,4
2075,273.807,-3633.597400551709,1543.718422536539,160.0,10768.871111111108,45.0,False,4
2076,274.007,-3612.8034343600943,1630.142225055009,165.0,10778.037777777774,45.0,False,4
2077,274.093,-3603.0,1668.0,168.58333866666666,10782.136347107527,45.0,False,4
2078,274.193,-3591.0,1713.0,172.75000533333332,10787.025170868514,45.0,False,4
2079,274.247,-3584.6919116372724,1737.8782122204764,175.0,10789.704444444442,45.0,False,4
2080,274.473,-3562.0,1846.0,181.27778133333334,10801.201571118012,65.08890026666667,False,4
2081,274.607,-3553.7877428500087,1912.2315562387043,185.0,10808.204444444442,77.0,False,4
2082,274.693,-3551.0,1956.0,186.72000256,10812.763441370449,77.43000064,False,4
2083,274.913,-3553.0,2073.0,191.12000256,10824.602745736282,78.53000064,False,4
2084,275.007,-3557.1957780674757,2124.126847285948,193.0,10829.648888888885,79.0,False,4
2085,275.113,-3564.0,2182.0,193.0,10835.311435835458,84.56500672,False,4
2086,275.273,-3578.0,2269.0,193.0,10843.827967600104,92.96500672,False,4
2087,275.407,-3593.431931959241,2341.8564594468653,193.0,10851.093333333329,100.0,False,4
2088,275.433,-3597.0,2356.0,193.79444835555555,10852.521564472388,100.0,False,4
2089,275.673,-3640.0,2486.0,201.1277816888889,10866.009808166516,100.0,False,4
2090,275.767,-3661.7069770660187,2535.770071415183,204.0,10871.49333333333,100.0,False,4
2091,275.973,-3719.0,2643.0,214.3000064,10883.950211403635,100.0,False,4
2092,276.087,-3756.6061005723395,2702.121428008106,220.0,10891.048888888885,100.0,False,4
2093,276.153,-3780.0,2736.0,221.83844334913545,10895.213507524195,100.0,False,4
2094,276.413,-3881.0,2865.0,229.08078189089125,10911.875993750324,100.0,False,4
2095,276.446,-3894.4059409886895,2880.690781963309,230.0,10913.984999999999,100.0,False,4
2096,276.593,-3956.0,2949.0,230.0,10923.369381959816,100.0,False,4
2097,276.606,-3961.696399367713,2954.9822581767994,230.0,10924.20722222222,100.0,False,4
2098,276.753,-4029.0,3022.0,233.6750016,10933.818980189959,100.0,False,4
2099,276.886,-4093.6052611200776,3081.1871988299963,237.0,10942.640555555556,100.0,False,4
2100,276.933,-4117.0,3102.0,237.5875008,10945.76717963149,100.0,False,4
2101,277.126,-4214.942050043996,3187.369762570246,240.0,10958.640555555552,100.0,False,4
2102,277.132,-4218.0,3190.0,240.0,10959.040900285334,100.0,False,4
2103,277.286,-4296.410396518725,3256.854024083118,240.0,10969.30722222222,100.0,False,4
2104,277.372,-4340.0,3294.0,240.0,10975.016116109611,100.0,False,4
2105,277.526,-4417.574334484489,3360.717535916525,240.0,10985.30722222222,100.0,False,4
2106,277.612,-4461.0,3399.0,243.071424,10991.190956363713,100.0,False,4
2107,277.806,-4559.937434043849,3489.45796281025,250.0,11004.751666666663,100.0,False,4
2108,277.872,-4594.0,3521.0,251.4437528,11009.4123939084,100.0,False,4
2109,278.072,-4698.0,3618.0,255.8187528,11023.68805357099,100.0,False,4
2110,278.126,-4725.743398945416,3644.528392027186,257.0,11027.596111111106,100.0,False,4
2111,278.232,-4780.0,3697.0,259.38500288,11035.338865919028,100.0,False,4
2112,278.492,-4915.0,3828.0,265.23499712,11054.62260577954,100.0,False,4
2113,278.526,-4932.590478350608,3845.4297600641744,266.0,11057.151666666665,100.0,False,4
2114,278.632,-4988.0,3901.0,267.3250016,11065.040616729899,100.0,False,4
2115,278.686,-5017.410117724905,3930.815795498498,268.0,11069.062777777774,100.0,False,4
2116,278.846,-5108.007174956747,4023.7501753624724,269.0,11081.018333333332,100.0,False,4
2117,278.912,-5144.0,4061.0,270.031252,11086.000596133172,100.0,False,4
2118,279.166,-5270.626280536791,4193.725464504413,274.0,11105.373888888887,100.0,False,4
2119,279.292,-5331.0,4258.0,274.0,11114.959515675968,100.0,False,4
2120,279.406,-5389.307714663533,4320.947054780041,274.0,11123.640555555554,100.0,False,4
2121,279.412,-5393.0,4325.0,274.02999936,11124.098498872881,100.0,False,4
2122,279.652,-5577.0,4531.0,275.22999936,11142.498259270436,100.0,False,4
2123,279.806,-5648.7885396659585,4612.050223948195,276.0,11154.307222222218,100.0,False,4
2124,280.033,-5709.0,4682.0,276.0,11171.646574821763,100.0,False,4
2125,280.167,-5756.940076958675,4739.177090911485,276.0,11181.983888888884,100.0,False,4
2126,280.373,-5847.0,4848.0,281.1500032,11198.1479092331,100.0,False,4
2127,280.447,-5882.907737439843,4891.70401991219,283.0,11203.994999999999,100.0,False,4
2128,280.553,-5936.0,4957.0,284.3250016,11212.386229454307,100.0,False,4
2129,280.607,-5962.858062504089,4990.5885215857,285.0,11216.661666666667,100.0,False,4
2130,280.767,-6041.127058692918,5090.306631681486,285.0,11229.328333333331,100.0,False,4
2131,280.773,-6044.0,5094.0,285.02142902857145,11229.804401693174,100.0,False,4
2132,280.953,-6131.0,5207.0,285.66428617142856,11244.127670464306,100.0,False,4
2133,281.047,-6182.862720227985,5275.476171610397,286.0,11251.57277777778,100.0,False,4
2134,281.207,-6270.248343280631,5392.284109648392,282.0,11264.106111111108,0.0,False,4
2135,281.213,-6273.0,5396.0,281.8249962666667,11264.57108782699,0.0,False,4
2136,281.447,-6362.3684957563655,5519.309288094566,275.0,11282.439444444444,0.0,False,4
2137,281.453,-6365.0,5523.0,274.8999978666667,11282.893635170512,0.0,False,4
2138,281.687,-6494.107139483241,5705.333771273652,271.0,11300.50611111111,0.0,False,4
2139,281.813,-6564.0,5805.0,267.8499968,11309.90846324898,0.0,False,4
2140,281.887,-6600.489633194426,5857.44251052795,266.0,11315.283888888887,0.0,True,4
2141,282.047,-6667.8546339147715,5955.42214510624,248.0,11326.306111111113,0.0,True,4
2142,282.287,-6739.412607676733,6062.98711196304,223.0,11341.172777777778,0.0,True,4
2143,282.487,-6790.206837102886,6141.390129289954,205.0,11352.561666666668,0.0,True,4
2144,282.687,-6848.523192648212,6230.857419444638,190.0,11363.117222222223,0.0,True,4
2145,282.733,-6863.0,6253.0,186.8374912,11365.399626082883,0.0,True,4
2146,283.007,-6953.212136556261,6390.509077822347,168.0,11378.050555555557,0.0,True,4
2147,283.113,-6976.0,6425.0,161.99999516981327,11382.740819051975,0.0,True,4
2148,283.166,-6983.094661783665,6435.636363115756,159.0,11385.073055555556,0.0,True,4
2149,283.393,-7013.0,6483.0,155.84722133333332,11395.026937517086,0.0,True,4
2150,283.526,-7076.516501318264,6587.084578265922,154.0,11400.473055555558,0.0,True,4
2151,283.633,-7124.0,6667.0,146.94772305454546,11404.51318246594,0.0,True,4
2152,283.812,-7153.0,6725.0,135.15000843636363,11410.646469985488,0.0,True,4
2153,283.966,-7171.948822542662,6772.059787052459,125.0,11415.750833333335,0.0,True,4
2154,284.092,-7186.0,6813.0,121.8500032,11419.904090126205,0.0,True,4
2155,284.286,-7200.664041392175,6873.161133376427,117.0,11426.150833333337,0.0,True,4
2156,284.292,-7201.0,6875.0,116.8312536,11426.338358044282,0.0,True,4
2157,284.512,-7209.0,6942.0,110.6437464,11432.987890337245,0.0,True,4
2158,284.606,-7210.20398518273,6970.193334318204,108.0,11435.750833333335,0.0,True,4
2159,284.712,-7210.0,7001.0,106.40999808,11438.83470245537,0.0,True,4
2160,284.912,-7204.0,7057.0,103.40999808,11444.525705738983,0.0,True,4
2161,285.006,-7196.884423193827,7087.460129581636,102.0,11447.084166666667,0.0,False,4
2162,285.172,-7180.0,7141.0,97.8500032,11451.399988052377,2.6409070545454543,False,4
2163,285.446,-7152.401527733878,7193.35951324966,91.0,11458.206388888892,7.0,False,4
2164,285.592,-7132.0,7216.0,90.39166613333333,11461.851635150353,8.8250016,False,4
2165,285.686,-7115.312736243897,7231.93416515123,90.0,11464.206388888892,10.0,False,4
2166,285.772,-7099.0,7246.0,90.2687496,11466.36517404488,14.031244000000001,False,4
2167,285.952,-7061.0,7271.0,90.8312504,11470.9125389761,22.468756,False,4
2168,286.006,-7044.018988087696,7278.573793811559,91.0,11472.29527777778,25.0,False,4
2169,286.166,-6980.412362883451,7300.9684777497905,93.0,11476.428611111114,25.0,False,4
2170,286.232,-6958.0,7308.0,93.0,11478.119871806783,29.62000896,False,4
2171,286.366,-6924.929866685671,7317.047832904023,93.0,11481.595277777782,39.0,False,4
2172,286.607,-6888.964716083437,7321.8852664199885,100.0,11488.289722222227,41.0,False,4
2173,286.653,-6880.0,7323.0,100.0,11489.555142635425,42.31428937142857,False,4
2174,286.853,-6821.0,7331.0,100.0,11495.065761505644,48.02857508571429,False,4
2175,286.887,-6803.388353453638,7333.5596890999705,100.0,11496.067500000005,49.0,False,4
2176,287.033,-6719.0,7346.0,108.03000704,11500.651563243522,54.84000512,False,4
2177,287.287,-6678.080610497747,7350.906935645868,122.0,11509.62305555556,65.0,False,4
2178,287.293,-6677.0,7351.0,122.42858057142857,11509.848191827827,65.10714514285715,False,4
2179,287.567,-6583.951295982377,7359.571572111217,142.0,11520.667500000003,70.0,False,4
2180,287.693,-6531.0,7365.0,144.7562528,11525.842519618294,58.9749888,False,4
2181,287.887,-6453.21390367604,7373.751056000968,149.0,11533.911944444448,42.0,False,4
2182,287.893,-6451.0,7374.0,148.97499946666667,11534.161104528717,40.9499776,False,4
2183,288.053,-6386.0,7383.0,148.3083328,11540.782334308511,12.949977600000002,False,4
2184,288.127,-6333.992628456857,7393.668037602575,148.0,11543.778611111116,0.0,False,4
2185,288.213,-6268.0,7409.0,144.98999552,11547.183712671631,0.0,False,4
2186,288.327,-6201.801566527852,7427.764646333759,141.0,11551.611944444448,0.0,False,4
2187,288.687,-6111.3257921121185,7473.646778975735,138.0,11565.411944444448,16.0,False,4
2188,288.713,-6107.0,7476.0,138.0,11566.4076494371,16.39000192,False,4
2189,288.887,-6079.424402276094,7490.838330619284,138.0,11573.078611111116,19.0,False,4
2190,288.953,-6062.0,7504.0,138.0,11575.609787899204,22.3000064,False,4
2191,289.087,-6007.089769670781,7551.582858254747,138.0,11580.745277777783,29.0,False,4
2192,289.233,-5944.0,7610.0,138.0,11586.32733722997,33.25833706666667,False,4
2193,289.327,-5917.447111106663,7636.140898406659,138.0,11589.945277777784,36.0,False,4
2194,289.687,-5877.1875367614875,7709.3603892347155,141.0,11604.045277777786,46.0,False,4
2195,289.713,-5873.0,7720.0,141.0,11605.0619427341,47.63180675968354,False,4
2196,289.893,-5839.0,7810.0,141.0,11612.099597503722,58.928874864234345,False,4
2197,289.926,-5834.1798873910975,7824.432201228346,141.0,11613.406111111119,61.0,False,4
2198,290.126,-5818.9963029896,7889.134413204201,146.0,11621.517222222228,67.0,False,4
2199,290.233,-5815.0,7926.0,150.20357394285713,11626.077184259586,71.58571702857142,False,4
2200,290.406,-5810.523801019354,8001.235843484404,157.0,11633.72833333334,79.0,False,4
2201,290.472,-5810.0,8031.0,159.8875056,11636.70165211364,83.5375088,False,4
2202,290.566,-5810.850138045845,8073.91391778618,164.0,11641.017222222228,90.0,False,4
2203,290.572,-5811.0,8077.0,164.24999466666668,11641.297493135186,90.24999466666667,False,4
2204,290.806,-5826.289956047936,8238.041976164486,174.0,11652.61722222223,100.0,False,4
2205,290.932,-5835.0,8312.0,177.1499968,11658.901604692415,100.0,False,4
2206,291.166,-5844.460669611554,8379.93212700264,183.0,11670.91722222223,100.0,False,4
2207,291.232,-5848.0,8403.0,185.97000576,11674.406208491033,100.0,False,4
2208,291.366,-5858.146171196842,8469.83488224356,192.0,11681.583888888894,100.0,False,4
2209,291.492,-5869.0,8540.0,193.5749984,11688.364178926917,100.0,False,4
2210,291.606,-5878.101330222346,8596.105749862847,195.0,11694.583888888894,100.0,False,4
2211,291.772,-5894.0,8692.0,200.53332906666665,11703.882374077108,100.0,False,4
2212,291.846,-5904.065330384446,8753.768322788905,203.0,11708.117222222227,100.0,False,4
2213,291.972,-5921.0,8860.0,206.1499968,11715.452929335384,100.0,False,4
2214,292.246,-5933.772897501343,8962.68953116811,213.0,11731.783888888891,100.0,False,4
2215,292.252,-5934.0,8965.0,213.0749984,11732.143388477903,99.5687592,False,4
2216,292.566,-5947.024733041097,9148.149272856594,217.0,11751.07277777778,77.0,False,4
2217,292.612,-5947.0,9187.0,217.68999808,11753.875730062315,79.2999936,False,4
2218,292.766,-5941.530311752848,9334.164114119052,220.0,11763.295000000006,87.0,False,4
2219,292.792,-5940.0,9357.0,220.0,11764.883175664327,83.749984,False,4
2220,293.006,-5921.93402889446,9497.34695888282,220.0,11777.96166666667,57.0,False,4
2221,293.193,-5900.0,9585.0,221.99644241911855,11789.537127804651,61.658365644609965,False,4
2222,293.287,-5887.3838646538425,9627.526474153481,223.0,11795.368055555558,64.0,False,4
2223,293.487,-5855.245566897201,9716.83412688936,223.0,11807.756944444449,68.0,False,4
2224,293.593,-5831.0,9769.0,223.6625008,11814.362728025517,68.9937512,False,4
2225,293.807,-5765.179271804321,9884.424637958644,225.0,11827.756944444449,71.0,False,4
2226,293.833,-5756.0,9898.0,225.0,11829.38247189077,72.4625072,False,4
2227,293.967,-5705.355487250608,9964.509114830837,225.0,11837.756944444445,80.0,False,4
2228,293.993,-5695.0,9977.0,225.10833386666667,11839.383244896107,79.0249952,False,4
2229,294.207,-5604.009192498794,10076.370680365035,226.0,11852.823611111111,71.0,False,4
2230,294.487,-5469.449522484434,10197.128500239807,230.0,11870.712500000001,100.0,False,4
2231,294.767,-5323.706682796095,10309.47653674297,232.0,11888.756944444445,100.0,False,4
2232,294.967,-5219.877610052545,10386.900316487883,233.0,11901.70138888889,100.0,False,4
2233,295.073,-5165.0,10427.0,233.0,11908.547039967321,100.0,False,4
2234,295.167,-5116.423095713815,10462.018096026135,233.0,11914.645833333336,100.0,False,4
2235,295.273,-5058.0,10503.0,235.12000256,11921.596395694785,100.0,False,4
2236,295.367,-4999.25223299059,10542.749992450972,237.0,11927.812500000004,100.0,False,4
2237,295.607,-4832.069761347858,10650.509318895938,240.0,11943.812500000004,100.0,False,4
2238,295.653,-4802.0,10669.0,240.0,11946.874289745796,100.0,False,4
2239,295.767,-4731.686137252051,10710.846449664497,240.0,11954.479166666668,100.0,False,4
2240,295.927,-4642.498493995431,10760.561111260413,244.0,11965.323611111115,100.0,False,4
2241,296.073,-4566.0,10801.0,245.8250016,11975.296682114487,100.0,False,4
2242,296.087,-4558.846550209854,10804.686708231533,246.0,11976.256944444445,100.0,False,4
2243,296.367,-4418.643829550452,10873.563626018014,249.0,11995.623611111114,93.0,False,4
2244,296.393,-4405.0,10880.0,249.3919616025852,11997.437362190958,93.91457707269883,False,4
2245,296.566,-4308.590327914444,10924.514905811144,252.0,12009.55361111111,100.0,False,4
2246,296.673,-4227.0,10961.0,252.0,12017.055593775829,100.0,False,4
2247,296.806,-4089.579083615464,11021.419664077608,252.0,12026.35361111111,100.0,False,4
2248,296.912,-3985.0,11067.0,250.6749984,12033.71684860079,100.0,False,4
2249,296.966,-3942.8331220050786,11085.256867231185,250.0,12037.464722222223,100.0,False,4
2250,297.126,-3855.6147564588227,11122.58903508513,250.0,12048.575833333332,100.0,False,4
2251,297.212,-3811.0,11142.0,249.4625008,12054.522497534275,100.0,False,4
2252,297.412,-3685.0,11198.0,248.2125008,12068.283936323904,100.0,False,4
2253,297.446,-3656.7127505696167,11210.550562636625,248.0,12070.62027777778,100.0,False,4
2254,297.732,-3372.0,11337.0,247.28500032,12090.251141517318,100.0,False,4
2255,297.846,-3284.300199250783,11376.991812649929,247.0,12098.064722222221,100.0,False,4
2256,298.006,-3192.662480881632,11420.129360378187,246.0,12108.998055555552,0.0,False,4
2257,298.092,-3151.0,11440.0,244.464288,12114.808625688584,0.0,False,4
2258,298.286,-3073.378725816746,11477.531249108393,241.0,12127.7425,0.0,False,4
2259,298.526,-2976.6250604707434,11527.627619291516,235.0,12143.409166666668,0.0,False,4
2260,298.552,-2963.0,11535.0,233.6999936,12145.058520198145,0.0,False,4
2261,298.592,-2941.0,11547.0,231.6999936,12147.574177193936,0.0,False,4
2262,298.806,-2824.6710705477954,11612.888596484094,221.0,12160.598055555554,0.0,True,4
2263,298.832,-2811.0,11621.0,219.59165973333333,12162.132841538743,0.0,True,4
2264,299.046,-2702.8619035390525,11688.349205344663,208.0,12174.464722222223,0.0,True,4
2265,299.132,-2661.0,11715.0,205.8500032,12179.360218452151,0.0,True,4
2266,299.206,-2625.539953369107,11737.54158241255,204.0,12183.531388888892,0.0,False,4
2267,299.332,-2566.0,11774.0,200.22000384,12190.503185894653,0.0,False,4
2268,299.406,-2531.2205872294753,11793.351395726264,198.0,12194.531388888892,0.0,False,4
2269,299.492,-2491.0,11813.0,195.85892377996316,12199.157671488902,4.638998476746483,False,4
2270,299.647,-2418.5554038608825,11838.043062278142,192.0,12207.384722222225,13.0,False,4
2271,299.673,-2406.0,11841.0,191.78333226666666,12208.75788312636,17.00835306666667,False,4
2272,299.853,-2315.0,11852.0,190.28333226666666,12218.24551021884,44.758353066666665,False,4
2273,299.887,-2297.3584128931716,11852.26242958489,190.0,12220.051388888893,50.0,False,4
2274,300.047,-2213.3239068384155,11845.705670195222,193.0,12228.629166666673,50.0,False,4
2275,300.113,-2179.0,11839.0,193.6187512,12232.192450785813,54.9500096,False,4
2276,300.333,-2069.0,11801.0,195.6812512,12244.178150364442,71.4500096,False,4
2277,300.367,-2053.249131401963,11793.688282829586,196.0,12246.051388888896,74.0,False,4
2278,300.613,-1934.0,11720.0,200.10000213333333,12259.784034399032,86.3000064,False,4
2279,300.727,-1854.7062277196044,11659.690809702603,202.0,12266.251388888893,92.0,False,4
2280,300.813,-1794.0,11614.0,204.58000384,12271.172758861463,95.44000512,False,4
2281,300.927,-1723.9366768472885,11565.748110756871,208.0,12277.806944444452,100.0,False,4
2282,301.213,-1591.0,11493.0,218.3277824,12295.28371265285,100.0,False,4
2283,301.287,-1562.963594057193,11480.229984003272,221.0,12299.90694444445,100.0,False,4
2284,301.447,-1505.2003272442078,11458.026299643969,226.0,12309.951388888898,100.0,False,4
2285,301.513,-1475.0,11448.0,226.0,12314.077815375684,100.0,False,4
2286,301.687,-1373.0623674594226,11417.300621315086,226.0,12325.018055555563,100.0,False,4
2287,301.793,-1305.0,11399.0,229.37273134545455,12331.893803774234,100.0,False,4
2288,302.053,-1140.0,11362.0,237.6454586181818,12349.341483162254,100.0,False,4
2289,302.127,-1092.312498977207,11352.445486694136,240.0,12354.351388888896,100.0,False,4
2290,302.233,-1023.0,11339.0,242.6500032,12361.540309631902,100.0,False,4
2291,302.287,-987.1472304012908,11332.106310692006,244.0,12365.195833333339,100.0,False,4
2292,302.447,-879.9820633314517,11311.748004296232,244.0,12376.040277777785,100.0,False,4
2293,302.453,-876.0,11311.0,244.2250048,12376.453713933126,100.0,False,4
2294,302.533,-823.0,11301.0,247.2250048,12382.031327415945,100.0,False,4
2295,302.753,-672.0,11269.0,255.4750048,12397.790165969756,100.0,False,4
2296,302.767,-662.2786752948928,11266.747601484434,256.0,12398.79583333334,100.0,False,4
2297,302.933,-547.0,11238.0,257.5562512,12410.715636133897,100.0,False,4
2298,303.087,-441.31314057398714,11207.308117889068,259.0,12421.818055555563,100.0,False,4
2299,303.213,-355.0,11179.0,260.5815911413312,12430.968252669038,100.0,False,4
2300,303.326,-277.1324336352286,11151.014895909553,262.0,12439.211944444454,100.0,False,4
2301,303.492,-164.0,11105.0,263.65999872,12451.373330943086,100.0,False,4
2302,303.526,-141.41211126629648,11094.767480041268,264.0,12453.878611111119,100.0,False,4
2303,303.632,-72.0,11061.0,265.3250016,12461.728022302428,100.0,False,4
2304,303.792,31.0,11004.0,267.3250016,12473.664176002312,100.0,False,4
2305,303.846,64.71815610457787,10982.926655771776,268.0,12477.70083333334,100.0,False,4
2306,304.032,177.0,10903.0,269.3285723428571,12491.630805381079,100.0,False,4
2307,304.126,232.36318459312196,10858.231775366226,270.0,12498.700833333336,100.0,False,4
2308,304.252,303.0,10796.0,271.5749984,12508.217445503586,100.0,False,4
2309,304.286,320.80204477957545,10779.36316523058,272.0,12510.789722222227,100.0,False,4
2310,304.526,441.16591921814853,10651.147835810461,273.0,12528.989722222228,100.0,False,4
2311,304.572,469.0,10617.0,273.3833322666667,12532.493506207244,100.0,False,4
2312,304.766,595.9954068096325,10451.009092501201,275.0,12547.323055555564,100.0,False,4
2313,304.772,599.0,10447.0,275.02499946666666,12547.782544764144,100.0,False,4
2314,305.006,666.2806696199491,10349.265839431666,276.0,12565.723055555562,100.0,False,4
2315,305.052,683.0,10319.0,276.0,12569.24765496999,100.0,False,4
2316,305.166,741.0249927848589,10209.245297639298,276.0,12577.989722222232,100.0,False,4
2317,305.332,831.0,10033.0,277.18571337142856,12590.797164142248,100.0,False,4
2318,305.446,862.7746352186716,9966.897059617142,278.0,12599.611944444456,100.0,False,4
2319,305.672,890.0,9890.0,278.0,12617.067907847028,100.0,False,4
2320,305.766,910.6380705371596,9829.544503789057,278.0,12624.323055555567,100.0,False,4
2321,305.932,954.0,9699.0,278.0,12637.13256930546,100.0,False,4
2322,306.006,970.7608747266244,9644.571573994133,278.0,12642.856388888897,100.0,False,4
2323,306.193,1009.0,9504.0,279.3309616127457,12657.381900497334,100.0,False,4
2324,306.287,1029.4597870500606,9417.522260625308,280.0,12664.711944444454,100.0,False,4
2325,306.393,1051.0,9322.0,281.06000128,12672.998209666865,100.0,False,4
2326,306.487,1065.9601800277778,9254.76354895817,282.0,12680.378611111126,100.0,False,4
2327,306.693,1093.0,9122.0,284.2888903111111,12696.698968748846,100.0,False,4
2328,306.847,1119.612999159008,8972.91369528387,286.0,12708.97861111112,100.0,False,4
2329,307.013,1146.0,8810.0,287.1857152,12722.250935429722,100.0,False,4
2330,307.127,1156.7926888429593,8728.935620185446,288.0,12731.378611111122,100.0,False,4
2331,307.373,1166.0,8588.0,288.68333368888887,12751.098932191486,100.0,False,4
2332,307.487,1168.3902717982478,8500.18076309337,289.0,12760.278611111124,100.0,False,4
2333,307.633,1168.0,8378.0,290.21666773333334,12772.090359448299,100.0,False,4
2334,307.693,1166.0,8330.0,290.71666773333334,12776.961729292547,100.0,False,4
2335,307.847,1159.5109265787141,8204.976074867394,292.0,12789.47861111112,100.0,False,4
2336,307.973,1153.0,8102.0,292.3937504,12799.73075919392,100.0,False,4
2337,308.153,1142.0,7956.0,292.9562504,12814.383783868649,100.0,False,4
2338,308.167,1141.1151937356371,7944.613463285592,293.0,12815.523055555564,100.0,False,4
2339,308.313,1132.0,7827.0,293.0,12827.402322628433,100.0,False,4
2340,308.367,1128.8641904267429,7785.654460760597,293.0,12831.800833333346,100.0,False,4
2341,308.633,1105.0,7568.0,293.8312504,12853.522377934867,100.0,False,4
2342,308.687,1094.3694856800537,7507.841661586394,294.0,12857.934166666677,100.0,False,4
2343,308.833,1057.0,7332.0,294.0,12869.858133803016,100.0,False,4
2344,308.927,1029.9829833100878,7234.144819036461,294.0,12877.534166666679,100.0,False,4
2345,309.253,936.0,6989.0,294.0,12904.157984989797,100.0,False,4
2346,309.327,920.5401701102929,6948.06741289755,294.0,12910.200833333343,100.0,False,4
2347,309.607,872.266322358771,6807.739007793152,294.0,12933.067500000012,100.0,False,4
2348,309.613,871.0,6804.0,294.0068260836896,12933.557824420172,100.0,False,4
2349,309.833,814.0,6634.0,294.25711047957327,12951.548698005725,100.0,False,4
2350,310.073,728.0,6369.0,294.53014800235553,12971.203302180234,100.0,False,4
2351,310.486,598.0170992250052,6012.941092063739,295.0,13005.096666666675,100.0,False,4
2352,310.512,593.0,6000.0,295.13000064,13007.233446571438,100.0,False,4
2353,310.686,571.8660731707075,5947.417978233194,296.0,13021.54111111112,100.0,False,4
2354,310.852,527.0,5849.0,296.0,13035.198173422217,100.0,False,4
2355,311.046,413.65036051343145,5600.868189200579,296.0,13051.141111111123,100.0,False,4
2356,311.052,411.0,5595.0,295.97000064,13051.633370510579,100.0,False,4
2357,311.246,375.3566093314423,5510.798306228936,295.0,13067.53000000001,100.0,False,4
2358,311.352,366.0,5475.0,295.0,13076.211902647181,100.0,False,4
2359,311.406,358.22202206396804,5445.3162285944845,295.0,13080.641111111123,100.0,False,4
2360,311.606,315.1308819354675,5277.6789188369685,296.0,13097.085555555568,100.0,False,4
2361,311.712,296.0,5188.0,295.6214281142857,13105.781208031996,100.0,False,4
2362,311.832,281.0,5091.0,295.1928566857143,13115.607344326465,100.0,False,4
2363,311.886,275.03489786600034,5035.996839688232,295.0,13120.030000000013,100.0,False,4
2364,312.072,259.0,4813.0,295.0,13135.270477306196,100.0,False,4
2365,312.126,256.9991338997928,4757.114989814621,295.0,13139.696666666678,100.0,False,4
2366,312.452,270.0,4468.0,295.0,13166.419476973984,100.0,False,4
2367,312.526,277.8028092782053,4383.09811377067,295.0,13172.474444444459,100.0,False,4
2368,312.732,303.0,4140.0,294.2669042031383,13189.299702897166,100.0,False,4
2369,312.807,310.03363088474634,4077.8542110718313,294.0,13195.422777777792,100.0,False,4
2370,313.047,326.8251372677012,3962.2104548327275,294.0,13215.022777777795,100.0,False,4
2371,313.153,339.0,3899.0,294.0,13223.67902269584,100.0,False,4
2372,313.353,373.0,3739.0,294.0,13240.012471192025,100.0,False,4
2373,313.367,375.6865281731479,3727.621007867113,294.0,13241.156111111126,100.0,False,4
2374,313.593,424.0,3550.0,294.0,13259.620761472841,100.0,False,4
2375,313.687,447.53631954559756,3476.4749343648873,294.0,13267.289444444457,100.0,False,4
2376,313.693,449.0,3472.0,293.96999936,13267.77856008421,100.0,False,4
2377,313.887,494.00569659299265,3340.4769484776452,293.0,13283.567222222235,100.0,False,4
2378,313.973,527.0,3258.0,292.6928566857143,13290.5492830648,100.0,False,4
2379,314.167,634.325579373543,3009.0711326500013,292.0,13306.278333333343,100.0,False,4
2380,314.173,637.0,3003.0,292.0,13306.76496413209,100.0,False,4
2381,314.447,693.9859517598103,2882.1152269164513,292.0,13328.989444444458,100.0,False,4
2382,314.533,715.0,2842.0,291.7312496,13335.954323800648,100.0,False,4
2383,314.653,760.0,2756.0,291.3562496,13345.660038639446,100.0,False,4
2384,314.767,815.9775767086375,2655.23270431123,291.0,13354.856111111123,100.0,False,4
2385,314.927,905.0396567168194,2503.0582564727206,289.0,13367.70055555557,100.0,False,4
2386,314.993,936.0,2452.0,287.67999744,13372.949934631244,100.0,False,4
2387,315.127,986.2919200977038,2372.9761853590076,285.0,13383.533888888902,100.0,False,4
2388,315.327,1046.087054959469,2291.786852769613,283.0,13399.256111111124,100.0,False,4
2389,315.393,1072.0,2259.0,282.5874992,13404.426332705,100.0,False,4
2390,315.647,1198.8971035220402,2105.6015127993674,281.0,13424.233888888903,100.0,False,4
2391,315.653,1202.0,2102.0,280.9249984,13424.699853548547,100.0,False,4
2392,315.807,1281.1678397314624,2012.9583391226881,279.0,13436.633888888904,100.0,False,4
2393,315.833,1295.0,1998.0,278.8374992,13438.64628911914,100.0,False,4
2394,315.967,1368.4343774338954,1920.9941718883117,278.0,13448.989444444458,100.0,False,4
2395,315.993,1382.0,1907.0,277.5666645333333,13450.983056075762,100.0,False,4
2396,316.207,1489.717879109758,1798.817731717757,274.0,13467.256111111124,100.0,False,4
2397,316.253,1523.0,1767.0,273.76999936,13470.746310560033,100.0,False,4
2398,316.407,1666.904631950376,1632.4285814776974,273.0,13482.422777777789,100.0,False,4
2399,316.453,1703.0,1599.0,272.7124992,13485.905219855136,100.0,False,4
2400,316.567,1760.401152668395,1546.366396000748,272.0,13494.51166666668,100.0,False,4
2401,316.772,1815.0,1499.0,269.42946840286527,13509.825451446028,100.0,False,4
2402,316.886,1873.2217315432852,1448.4114991535541,268.0,13518.259444444458,100.0,False,4
2403,317.012,1949.0,1383.0,266.20000182857143,13527.519042448606,100.0,False,4
2404,317.166,2036.15064358756,1309.396961938555,264.0,13538.792777777791,100.0,False,4
2405,317.212,2062.0,1288.0,264.0,13542.162352964177,100.0,False,4
2406,317.406,2172.5084349611225,1198.7489122634788,264.0,13556.392777777794,100.0,False,4
2407,317.472,2210.0,1169.0,263.1749984,13561.246966161452,87.2124752,False,4
2408,317.566,2262.97290772574,1127.2969257867594,262.0,13568.037222222236,69.0,True,4
2409,317.712,2347.0,1064.0,250.23887857777777,13577.876899868941,41.016642133333335,True,4
2410,317.752,2371.0,1047.0,247.01665635555557,13580.421906557542,33.34997546666666,True,4
2411,317.926,2465.9089267458307,979.1433892470171,233.0,13591.337222222235,0.0,True,4
2412,317.932,2469.0,977.0,232.82000384,13591.711824728729,0.0,True,4
2413,318.132,2573.0,911.0,226.82000384,13604.13079571371,0.0,True,4
2414,318.326,2702.816900338032,846.6525404035214,221.0,13615.892777777794,0.0,False,4
2415,318.452,2791.0,815.0,216.05000502857143,13623.30553550669,7.199992685714286,False,4
2416,318.606,2891.8598210035934,796.002420896882,210.0,13632.226111111126,16.0,False,4
2417,318.886,3065.2244501002183,800.6919777664565,208.0,13648.403888888904,47.0,False,4
2418,318.892,3069.0,801.0,208.0,13648.750310865831,47.0749984,False,4
2419,319.126,3218.559307679455,818.6197319328,208.0,13662.27055555557,50.0,False,4
2420,319.312,3318.0,833.0,208.93000064,13673.068103112753,61.16000768,False,4
2421,319.326,3324.114563494719,833.8751161048516,209.0,13673.881666666683,62.0,False,4
2422,319.527,3391.0322318346216,843.268900020371,210.0,13685.606666666681,67.0,False,4
2423,319.713,3470.0,852.0,213.87500266666666,13696.696671902322,68.55000106666667,False,4
2424,319.767,3503.6059613722596,855.3232120018897,215.0,13699.940000000013,69.0,False,4
2425,319.953,3636.0,867.0,215.84545512727271,13711.145854135004,64.3499968,False,4
2426,320.207,3768.7411387096586,871.728069432431,217.0,13726.462222222235,58.0,False,4
2427,320.273,3804.0,871.0,216.7937496,13730.42725311104,55.937496,False,4
2428,320.433,3898.0,866.0,216.2937496,13740.019140901783,50.937496,False,4
2429,320.527,3951.522995362739,860.4226194646087,216.0,13745.662222222236,48.0,False,4
2430,320.673,4036.0,843.0,216.60833386666667,13754.449218635247,57.125008,False,4
2431,320.767,4096.957921247136,821.9380951154852,217.0,13760.128888888903,63.0,False,4
2432,320.993,4242.0,754.0,218.61428662857142,13773.868576147986,76.72143634285715,False,4
2433,321.047,4268.432516668282,739.1665877372072,219.0,13777.16222222224,80.0,False,4
2434,321.353,4395.0,644.0,221.29500096,13795.929620325627,89.94500416,False,4
2435,321.447,4455.086471970947,593.812213379598,222.0,13801.828888888904,93.0,False,4
2436,321.633,4580.0,488.0,227.11500352,13813.766055589418,96.25500224,False,4
2437,321.847,4650.43363111052,427.06673046379365,233.0,13827.71777777779,100.0,False,4
2438,322.007,4713.564939472747,372.9148596968168,235.0,13838.162222222236,100.0,False,4
2439,322.013,4717.0,370.0,235.1500032,13838.55744461904,100.0,False,4
2440,322.207,4853.766420488026,254.73209135536428,240.0,13851.495555555568,100.0,False,4
2441,322.233,4869.0,242.0,240.52000256,13853.244873054275,100.0,False,4
2442,322.407,4933.378852730537,189.0927847699807,244.0,13865.051111111123,100.0,False,4
2443,322.493,4964.0,164.0,246.1500032,13870.983687143173,100.0,False,4
2444,322.647,5041.52843692022,99.62560843446359,250.0,13881.71777777779,100.0,False,4
2445,322.773,5113.0,40.0,251.5750016,13890.525588608718,100.0,False,4
2446,322.807,5131.757568382755,24.3435222065583,252.0,13892.917777777791,100.0,False,4
2447,322.933,5199.0,-32.0,254.3625024,13901.863454293096,100.0,False,4
2448,323.127,5296.44183661755,-115.38001682466371,258.0,13915.851111111126,100.0,False,4
2449,323.213,5351.0,-162.0,259.61755694193215,13922.11701841162,100.0,False,4
2450,323.446,5536.027340358352,-318.6569533248421,264.0,13939.244444444459,100.0,False,4
2451,323.452,5540.0,-322.0,264.05999872,13939.686888445762,100.0,False,4
2452,323.646,5628.653826824297,-395.8665289663321,266.0,13954.022222222236,100.0,False,4
2453,323.806,5677.476417044426,-438.15333558381974,267.0,13965.888888888901,100.0,False,4
2454,323.912,5741.0,-497.0,267.9937512,13973.79234182334,100.0,False,4
2455,324.092,5893.0,-642.0,269.6812488,13987.315121076677,100.0,False,4
2456,324.126,5918.722405161691,-667.5713679039717,270.0,13989.888888888901,100.0,False,4
2457,324.366,6050.625929019544,-811.1923402710174,275.0,14008.222222222237,100.0,False,4
2458,324.472,6097.0,-867.0,276.13571565714284,14016.387392519988,100.0,False,4
2459,324.646,6167.606086035268,-956.8839803031985,278.0,14029.844444444461,100.0,False,4
2460,324.846,6241.80624748724,-1059.4974246191628,279.0,14045.344444444461,100.0,False,4
2461,324.952,6280.0,-1116.0,279.5888896,14053.59401505,100.0,False,4
2462,325.206,6370.043417900258,-1260.0847066065473,281.0,14073.444444444463,100.0,False,4
2463,325.252,6387.0,-1289.0,281.2874992,14077.044814441728,100.0,False,4
2464,325.366,6430.462180603678,-1365.3935021860643,282.0,14085.977777777793,100.0,False,4
2465,325.492,6478.0,-1454.0,282.7874992,14095.879559313955,100.0,False,4
2466,325.526,6490.168923208422,-1477.9353379542642,283.0,14098.555555555573,100.0,False,4
2467,325.712,6553.0,-1610.0,283.66428617142856,14113.220238848458,100.0,False,4
2468,325.806,6583.797442010697,-1678.3876452194522,284.0,14120.64444444446,100.0,False,4
2469,325.832,6592.0,-1697.0,284.06483823478715,14122.699246225027,100.0,False,4
2470,326.207,6689.394336006109,-1938.248792838781,285.0,14152.390277777795,100.0,False,4
2471,326.553,6781.0,-2194.0,285.9611114666667,14179.873586331727,100.0,False,4
2472,326.567,6785.424875172401,-2206.485773276736,286.0,14180.990277777797,100.0,False,4
2473,326.847,6881.793393153404,-2481.4136681572327,288.0,14203.390277777795,100.0,False,4
2474,326.893,6897.0,-2526.0,288.0,14207.069634914656,100.0,False,4
2475,327.007,6932.70351196348,-2632.721104831348,288.0,14216.190277777798,100.0,False,4
2476,327.167,6977.197489926948,-2769.699688894277,289.0,14229.03472222224,100.0,False,4
2477,327.253,6997.0,-2831.0,289.5375008,14235.960363523227,100.0,False,4
2478,327.327,7011.611127153702,-2876.294998864496,290.0,14241.923611111131,100.0,False,4
2479,327.567,7047.222080992708,-2987.0937023110037,290.0,14261.256944444467,100.0,False,4
2480,327.693,7071.0,-3061.0,290.0,14271.41864861472,100.0,False,4
2481,327.727,7078.565318731427,-3084.491120367245,290.0,14274.145833333354,100.0,False,4
2482,327.893,7120.0,-3213.0,287.035712,14287.32147223474,100.0,False,4
2483,328.007,7147.95012993318,-3299.4789666646525,285.0,14296.312500000022,100.0,False,4
2484,328.073,7164.0,-3349.0,284.33999872,14301.51814004696,98.3499968,False,4
2485,328.207,7196.768880925665,-3449.689324453195,283.0,14312.034722222244,95.0,False,4
2486,328.253,7208.0,-3484.0,281.8499968,14315.6032707489,76.791616,False,4
2487,328.447,7254.859190924423,-3626.842335777957,277.0,14330.501388888912,0.0,False,4
2488,328.473,7261.0,-3646.0,276.535712,14332.50044422031,0.0,False,4
2489,328.653,7302.0,-3777.0,273.32142628571427,14346.283910544807,0.0,False,4
2490,328.727,7317.58480011231,-3826.515069893769,272.0,14351.656944444465,0.0,True,4
2491,328.973,7369.0,-4001.0,242.0187344,14367.845783393146,0.0,True,4
2492,329.047,7387.327901994806,-4073.8528157714813,233.0,14372.36805555558,0.0,True,4
2493,329.173,7416.0,-4195.0,220.3999872,14379.791330490822,0.0,True,4
2494,329.287,7429.506294757945,-4257.653698216146,209.0,14386.30138888891,0.0,True,4
2495,329.447,7434.560111675887,-4294.125909992169,200.0,14395.190277777801,0.0,True,4
2496,329.513,7438.0,-4316.0,194.77498986666666,14398.685147497843,0.0,True,4
2497,329.687,7452.764370424069,-4399.823696552479,181.0,14407.256944444467,0.0,True,4
2498,329.773,7461.0,-4443.0,172.3999872,14411.06094214514,0.0,True,4
2499,329.952,7477.0,-4521.0,154.4999808,14418.15782182779,0.0,True,4
2500,330.047,7484.334092491415,-4558.623364913738,145.0,14421.756944444467,0.0,True,4
2501,330.112,7489.0,-4588.0,142.1473275691882,14424.183160539025,0.0,True,4
2502,330.352,7503.0,-4725.0,131.614414321873,14432.872445161454,0.0,True,4
2503,330.366,7503.436499073741,-4731.231338731348,131.0,14433.36500000002,0.0,True,4
2504,330.766,7497.265062716796,-4815.6313813127945,121.0,14446.809444444465,0.0,True,4
2505,330.772,7497.0,-4817.0,120.89091141818182,14447.00351382366,0.06818036363636364,True,4
2506,331.012,7477.0,-4889.0,116.52727505454546,14454.603275042042,2.795453090909091,True,4
2507,331.206,7428.8167200069865,-4961.27589497173,113.0,14460.620555555575,5.0,False,4
2508,331.252,7418.0,-4975.0,112.61666773333333,14462.042047124574,5.0,False,4
2509,331.446,7386.370044987957,-5007.919147460989,111.0,14468.020555555577,5.0,False,4
2510,331.712,7327.0,-5030.0,111.0,14476.214879177303,13.312503999999999,False,4
2511,331.766,7303.166257246566,-5038.903593222625,111.0,14477.887222222242,15.0,False,4
2512,331.912,7236.0,-5064.0,111.81111182222222,14482.431087397326,25.54445368888889,False,4
2513,332.126,7199.341778499713,-5076.391809650212,113.0,14489.187222222241,41.0,False,4
2514,332.152,7194.0,-5078.0,113.52000256,14490.019811271111,41.0,False,4
2515,332.326,7139.756014304955,-5094.289195114566,117.0,14495.687222222241,41.0,False,4
2516,332.372,7124.0,-5099.0,118.14590454568645,14497.230046246234,44.11031233829178,False,4
2517,332.607,7047.355229798542,-5121.6168459983155,124.0,14505.366111111129,60.0,False,4
2518,332.653,7032.0,-5126.0,124.8625024,14506.984779178223,61.0062528,False,4
2519,332.893,6949.0,-5149.0,129.3625024,14515.635629295899,66.2562528,False,4
2520,332.927,6937.621319019202,-5152.1625244721035,130.0,14516.921666666683,67.0,False,4
2521,333.093,6877.0,-5169.0,138.3000064,14523.439068351188,67.0,False,4
2522,333.167,6839.44275662885,-5179.235312790244,142.0,14526.388333333347,67.0,False,4
2523,333.353,6740.0,-5206.0,142.0,14533.759075937618,77.07500693333333,False,4
2524,333.407,6722.056705558745,-5210.757564601828,142.0,14535.855000000014,80.0,False,4
2525,333.613,6678.0,-5222.0,142.0,14543.845661633135,80.0,False,4
2526,333.647,6667.070144970974,-5224.774100347352,142.0,14545.321666666681,80.0,False,4
2527,333.847,6577.4988069475185,-5247.298638118686,175.0,14555.043888888904,100.0,False,4
2528,333.913,6545.0,-5255.0,176.2375024,14558.30210253226,100.0,False,4
2529,334.007,6498.572466281365,-5265.449851879284,178.0,14562.955000000016,100.0,False,4
2530,334.153,6428.0,-5281.0,182.562504,14570.373097803898,100.0,False,4
2531,334.167,6421.493970264014,-5282.493595113446,183.0,14571.088333333348,100.0,False,4
2532,334.313,6348.0,-5300.0,184.8250016,14578.580081921576,100.0,False,4
2533,334.327,6338.814663722636,-5302.218660561446,185.0,14579.31055555557,100.0,False,4
2534,334.513,6196.0,-5337.0,191.20000426666667,14589.258965274763,100.0,False,4
2535,334.567,6164.808745771301,-5344.768327141017,193.0,14592.177222222239,100.0,False,4
2536,334.727,6110.975579551733,-5358.912003700473,195.0,14600.843888888903,100.0,False,4
2537,334.873,6060.0,-5373.0,197.92000256,14608.890623640837,100.0,False,4
2538,334.927,6034.32447134156,-5380.0543883764485,199.0,14611.899444444462,100.0,False,4
2539,335.073,5953.0,-5402.0,201.60714514285715,14620.113435829695,100.0,False,4
2540,335.207,5877.935711986944,-5421.0307855118035,204.0,14627.766111111127,100.0,False,4
2541,335.313,5820.0,-5435.0,206.2714313142857,14633.904610174912,100.0,False,4
2542,335.487,5725.262853899142,-5457.607905637689,210.0,14644.099444444462,100.0,False,4
2543,335.513,5709.0,-5462.0,210.21666773333334,14645.628857452619,92.41662933333333,False,4
2544,335.727,5545.710852121805,-5511.934711545276,212.0,14658.232777777794,30.0,False,4
2545,335.853,5444.0,-5538.0,210.4249984,14665.593289910066,6.374975999999999,False,4
2546,335.887,5417.541506165719,-5543.285970920713,210.0,14667.56611111113,0.0,False,4
2547,336.127,5245.8069590161085,-5561.069028173844,206.0,14681.299444444463,0.0,False,4
2548,336.233,5188.0,-5563.0,203.3499968,14687.245113146793,2.6500032,False,4
2549,336.327,5148.4056440416125,-5562.921018366544,201.0,14692.466111111127,5.0,False,4
2550,336.527,5086.078082723947,-5555.264919834765,198.0,14703.466111111127,11.0,False,4
2551,336.592,5060.0,-5549.0,197.5937488,14707.031337793942,15.8750144,False,4
2552,336.687,5014.417581066243,-5536.209463948574,197.0,14712.221666666683,23.0,False,4
2553,336.832,4939.0,-5510.0,195.54636422313956,14720.043187544481,30.994996772732346,False,4
2554,337.072,4827.0,-5446.0,193.14034957147274,14732.861235461114,44.228077356899874,False,4
2555,337.086,4819.012901272819,-5440.14306780663,193.0,14733.612500000017,45.0,False,4
2556,337.272,4701.0,-5343.0,193.66428617142856,14743.634495011247,54.3000064,False,4
2557,337.366,4650.548461763301,-5293.120572145272,194.0,14748.701388888905,59.0,False,4
2558,337.526,4585.129946196587,-5213.738634692739,194.0,14757.32361111113,62.0,False,4
2559,337.652,4550.0,-5168.0,195.88999808,14764.198298890922,62.0,False,4
2560,337.726,4535.890602536703,-5149.435149134445,197.0,14768.268055555574,62.0,False,4
2561,337.932,4504.0,-5104.0,198.9312488,14779.694009395385,76.8062408,False,4
2562,338.046,4471.200148062091,-5054.111000880803,200.0,14786.045833333352,85.0,False,4
2563,338.132,4444.0,-5011.0,200.3583328,14790.840760860017,87.5083296,False,4
2564,338.286,4399.731704012119,-4935.094417907105,201.0,14799.445833333353,92.0,False,4
2565,338.512,4341.0,-4824.0,202.61428662857142,14812.16789172434,92.0,False,4
2566,338.566,4327.108462351996,-4796.874423469059,203.0,14815.234722222242,92.0,False,4
2567,338.692,4295.0,-4733.0,204.5749984,14822.439164782641,94.51999744,False,4
2568,338.892,4245.0,-4631.0,207.0749984,14834.016391735651,98.51999744,False,4
2569,338.966,4225.9690018605725,-4592.368561603288,208.0,14838.345833333355,100.0,False,4
2570,339.153,4179.0,-4496.0,211.26434079031873,14849.397495050376,100.0,False,4
2571,339.313,4139.0,-4409.0,214.0573586924463,14859.00880381318,100.0,False,4
2572,339.367,4116.950874842276,-4361.703057566729,215.0,14862.294444444466,100.0,False,4
2573,339.493,4058.0,-4236.0,215.3937504,14870.043228127732,60.624959999999994,False,4
2574,339.687,4011.4909410640466,-4135.51745960907,216.0,14881.494444444466,0.0,True,4
2575,339.913,3987.0,-4085.0,184.52141074285714,14892.740987883346,0.0,True,4
2576,339.967,3978.0088468679496,-4067.7489391501094,177.0,14895.261111111133,0.0,True,4
2577,340.173,3928.0,-3980.0,164.124992,14904.577625143054,0.0,True,4
2578,340.207,3916.1533924599235,-3961.308055585835,162.0,14906.061111111132,0.0,True,4
2579,340.353,3862.0,-3879.0,156.32221724444443,14912.242288444832,0.0,True,4
2580,340.567,3825.7877126590315,-3822.555918141804,148.0,14920.861111111131,0.0,True,4
2581,340.693,3808.0,-3797.0,144.14999608888888,14925.774697419547,0.0,True,4
2582,340.927,3749.041353116368,-3725.941407911223,137.0,14934.561111111132,0.0,True,4
2583,340.933,3747.0,-3724.0,136.80713874285715,14934.779946391605,0.0,True,4
2584,341.207,3635.2910193475786,-3644.146271063559,128.0,14944.516666666688,0.0,True,4
2585,341.213,3633.0,-3643.0,128.0,14944.728250088468,0.0,True,4
2586,341.527,3535.785118440845,-3626.2238434602555,128.0,14955.894444444464,0.0,True,4
2587,341.613,3512.0,-3629.0,128.0,14959.044894198996,0.0,True,4
2588,341.687,3491.5341250453557,-3632.452301523509,128.0,14961.583333333354,0.0,True,4
2589,341.853,3446.0,-3645.0,107.249984,14966.099235601752,0.0,True,4
2590,341.967,3415.523567734537,-3659.0754523706805,93.0,14968.816666666688,0.0,True,4
2591,342.113,3380.0,-3680.0,88.61999616,14972.339497132129,0.0,True,4
2592,342.167,3368.7380071117686,-3687.2586189260105,87.0,14973.65000000002,0.0,False,4
2593,342.327,3340.2061120051067,-3708.3077269077967,87.0,14977.516666666688,0.0,False,4
2594,342.433,3318.0,-3729.0,84.87999744,14979.971808359918,0.0,False,4
2595,342.527,3294.1341993760575,-3753.7753617613457,83.0,14982.127777777798,0.0,True,4
2596,342.633,3270.0,-3780.0,83.8833344,14984.599563018372,0.0,True,4
2597,342.767,3256.388312792164,-3795.3706037325205,85.0,14987.794444444466,0.0,False,4
2598,343.033,3253.0,-3803.0,89.156252,14994.406137178637,30.7562648,False,4
2599,343.087,3248.135137773599,-3809.7621181224476,90.0,14995.794444444466,37.0,False,4
2600,343.407,3196.548075528612,-3878.722441489714,97.0,15004.416666666686,45.0,False,4
2601,343.452,3190.0,-3888.0,98.88284200626825,15005.708154226322,46.5062736050146,False,4
2602,343.646,3167.674426888229,-3922.343636048935,107.0,15011.5202777778,53.0,False,4
2603,343.812,3150.0,-3953.0,113.63999488,15016.794473319762,59.63999488,False,4
2604,343.846,3145.9290626289876,-3960.272685862214,115.0,15017.909166666686,61.0,False,4
2605,344.052,3111.0,-4021.0,121.29444053333333,15024.916173888378,65.57777493333333,False,4
2606,344.206,3059.9740276462235,-4102.450208597347,126.0,15030.509166666689,69.0,False,4
2607,344.252,3046.0,-4124.0,128.49165973333334,15032.247989235839,69.5749984,False,4
2608,344.446,3008.908003298597,-4176.1112578905195,139.0,15039.775833333355,72.0,False,4
2609,344.606,2989.7345371114657,-4195.069078197789,139.0,15045.95361111113,71.0,False,4
2610,344.672,2978.0,-4207.0,142.3000064,15048.637852645235,70.44999893333333,False,4
2611,344.846,2932.609293617652,-4251.441533039793,151.0,15056.020277777796,69.0,False,4
2612,344.892,2912.0,-4268.0,151.38333226666666,15057.971245968336,64.4000128,False,4
2613,345.052,2814.0,-4337.0,152.7166656,15064.758603552084,48.4000128,False,4
2614,345.086,2794.5208654695366,-4349.507425493409,153.0,15066.220277777797,45.0,False,4
2615,345.366,2677.7467110631533,-4409.148126408653,158.0,15078.509166666685,31.0,False,4
2616,345.452,2651.0,-4420.0,158.0,15082.297235251815,28.2357184,False,4
2617,345.646,2601.2278804287166,-4438.004803859701,158.0,15090.798055555577,22.0,False,4
2618,345.873,2535.0,-4453.0,158.0,15100.61662881228,44.008320356045715,False,4
2619,345.973,2492.0,-4459.0,158.0,15105.082730752809,53.70361293360451,False,4
2620,346.007,2474.5781778703868,-4460.125984448969,158.0,15106.641944444465,57.0,False,4
2621,346.207,2346.979781674315,-4455.838027167569,161.0,15115.58638888891,61.0,False,4
2622,346.293,2295.0,-4450.0,146.16497792,15118.341400099129,61.86000128,False,4
2623,346.607,2153.5170663014997,-4415.301484705708,92.0,15125.808611111133,65.0,False,4
2624,346.653,2137.0,-4410.0,103.24447573333333,15127.592495680594,65.51111253333333,False,4
2625,346.967,2043.6198207555535,-4376.473110960324,180.0,15143.80861111113,69.0,False,4
2626,347.127,1989.2436499910123,-4349.569459758964,183.0,15151.941944444465,87.0,False,4
2627,347.153,1979.0,-4344.0,183.1857152,15153.256375509503,88.2071488,False,4
2628,347.333,1900.0,-4297.0,184.47142948571428,15162.428723703251,96.56429165714286,False,4
2629,347.407,1867.224407470878,-4274.436330609492,185.0,15166.330833333352,100.0,False,4
2630,347.553,1805.0,-4227.0,193.34286445714287,15174.33055196573,100.0,False,4
2631,347.687,1751.6681005485432,-4182.992209591705,201.0,15181.964166666687,100.0,False,4
2632,347.753,1720.0,-4155.0,203.56667164444445,15185.80702184324,100.0,False,4
2633,347.993,1576.0,-4021.0,212.90000497777777,15200.180818852517,100.0,False,4
2634,348.047,1553.7415928521393,-4000.1620969295236,215.0,15203.464166666687,100.0,False,4
2635,348.287,1490.1974595911151,-3940.1277673250406,221.0,15218.197500000017,100.0,False,4
2636,348.293,1488.0,-3938.0,221.0750016,15218.567227184412,100.0,False,4
2637,348.473,1408.0,-3860.0,223.3250016,15229.710339941957,100.0,False,4
2638,348.527,1386.1145247704205,-3838.731025527171,224.0,15233.13083333335,100.0,False,4
2639,348.767,1281.392853934268,-3737.021506079938,236.0,15248.864166666684,100.0,False,4
2640,348.793,1262.0,-3718.0,236.78000384,15250.59864755299,100.0,False,4
2641,348.933,1139.0,-3597.0,240.98000384,15260.007604523988,100.0,False,4
2642,348.967,1115.8046433216784,-3574.1698299914965,242.0,15262.30861111113,100.0,False,4
2643,349.247,1037.513925037384,-3497.226299925044,247.0,15281.519722222241,100.0,False,4
2644,349.293,1023.0,-3483.0,248.1500032,15284.734977112708,100.0,False,4
2645,349.607,865.186214301368,-3328.1391740297468,256.0,15307.119722222244,100.0,False,4
2646,349.613,862.0,-3325.0,256.1038483692308,15307.5532964911,100.0,False,4
2647,349.752,791.0,-3255.0,258.5096187076923,15317.653169813442,100.0,False,4
2648,349.992,667.0,-3134.0,262.66346486153844,15335.334602216219,100.0,False,4
2649,350.127,549.4926087345416,-3018.824235687131,265.0,15345.397500000021,100.0,False,4
2650,350.232,466.0,-2937.0,267.04735713918984,15353.28058070123,100.0,False,4
2651,350.486,384.69803671176555,-2858.1318324234912,272.0,15372.521944444463,100.0,False,4
2652,350.552,368.0,-2842.0,272.99000192,15377.549329839647,100.0,False,4
2653,350.686,323.73280172711264,-2799.005526847943,275.0,15387.79972222224,100.0,False,4
2654,350.886,231.8265763802087,-2709.305879518423,278.0,15403.24416666669,100.0,False,4
2655,351.286,-22.623948328054905,-2459.8281308040678,282.0,15434.577500000021,100.0,False,4
2656,351.486,-146.50885116169036,-2337.762626418556,285.0,15450.410833333353,100.0,False,4
2657,351.592,-209.0,-2276.0,286.3250016,15458.859992474765,100.0,False,4
2658,351.646,-239.99115957858075,-2245.3171738720707,287.0,15463.166388888912,100.0,False,4
2659,351.806,-330.08121737641414,-2156.4772656762957,287.0,15475.921944444464,100.0,False,4
2660,351.832,-345.0,-2142.0,287.39000192,15478.004458299074,100.0,False,4
2661,352.006,-447.1489408232002,-2044.6882200716668,290.0,15492.033055555574,100.0,False,4
2662,352.072,-485.0,-2009.0,290.7313034869901,15497.39162591326,100.0,False,4
2663,352.253,-591.0,-1909.0,292.73684329960656,15512.179853324655,100.0,False,4
2664,352.367,-681.3097999936798,-1822.6389622867753,294.0,15521.514722222244,100.0,False,4
2665,352.493,-780.0,-1728.0,294.45000045714283,15531.834362971407,100.0,False,4
2666,352.647,-856.9794195973262,-1654.7577791683475,295.0,15544.459166666686,100.0,False,4
2667,352.833,-935.0,-1581.0,295.93000064,15559.748940053858,100.0,False,4
2668,352.847,-942.7644162242423,-1573.624909006345,296.0,15560.90361111113,100.0,False,4
2669,353.047,-1077.662176889074,-1445.1738142145477,298.0,15577.45916666669,100.0,False,4
2670,353.113,-1122.0,-1403.0,298.27500053333335,15582.935072255743,100.0,False,4
2671,353.287,-1227.603653413048,-1302.8740244080434,299.0,15597.39250000002,100.0,False,5
2672,353.333,-1255.0,-1277.0,299.16428617142856,15601.219863720973,100.0,False,5
2673,353.513,-1364.0,-1174.0,299.8071433142857,15616.218549063222,100.0,False,5
2674,353.567,-1396.398970089966,-1142.905921472674,300.0,15620.725833333356,100.0,False,5
2675,353.693,-1472.0,-1070.0,300.52500053333335,15631.25715426413,100.0,False,5
2676,353.807,-1542.493423194922,-1003.2000770842108,301.0,15640.792500000021,100.0,False,5
2677,353.933,-1618.0,-932.0,301.0,15651.32906781834,100.0,False,5
2678,354.113,-1726.0,-829.0,301.0,15666.377878419662,100.0,False,5
2679,354.207,-1813.7456683472249,-745.5806894401642,301.0,15674.236944444463,100.0,False,5
2680,354.367,-1965.4395231375283,-601.4013402499452,301.0,15687.614722222243,100.0,False,5
2681,354.373,-1969.0,-598.0,301.0,15688.116391801894,100.0,False,5
2682,354.613,-2029.0,-540.0,301.0,15708.18173883958,100.0,False,5
2683,354.833,-2163.0,-414.0,301.0,15726.577242395022,100.0,False,5
2684,354.847,-2172.119903499903,-405.3563678386786,301.0,15727.748055555574,100.0,True,5
2685,355.047,-2293.6512945067466,-288.7750345123802,301.0,15744.4702777778,100.0,False,5
2686,355.173,-2369.0,-217.0,301.0,15754.99477210108,100.0,False,5
2687,355.207,-2389.7818304462976,-197.43269714023938,301.0,15757.848055555576,100.0,False,5
2688,355.333,-2467.0,-125.0,303.3625024,15768.48804727773,100.0,False,5
2689,355.367,-2487.1725810381636,-105.87999124848803,304.0,15771.35916666669,100.0,False,5
2690,355.513,-2577.0,-20.0,303.26999936,15783.647009155258,100.0,False,5
2691,355.567,-2617.0273088641943,18.134135340959197,303.0,15788.192500000023,100.0,False,5
2692,355.727,-2755.522251895306,149.5531626152489,304.0,15801.70361111113,100.0,False,5
2693,355.833,-2833.0,223.0,303.0062488,15810.712515563253,100.0,False,5
2694,356.047,-2924.793973825718,310.0740299969958,301.0,15828.45916666669,100.0,False,5
2695,356.233,-2985.0,367.0,273.0999808,15842.488284615334,6.999936000000004,False,5
2696,356.247,-2990.4753212445803,372.1634288746871,271.0,15843.514722222244,0.0,True,5
2697,356.487,-3100.4787226167086,475.5330851730271,257.0,15860.648055555579,0.0,True,5
2698,356.552,-3130.0,503.0,253.09998848,15865.095516159501,0.0,True,5
2699,356.687,-3187.0903264163567,555.584858719295,245.0,15874.259166666689,0.0,True,5
2700,356.832,-3263.0,628.0,245.0,15884.211544582602,0.0,True,5
2701,356.847,-3273.0385615092277,637.8642282189953,245.0,15885.148055555575,0.0,True,5
2702,357.012,-3392.0,757.0,200.22616241972665,15893.994189970901,0.0,True,5
2703,357.046,-3409.8434203187494,775.2505369389263,191.0,15895.706111111132,0.0,True,5
2704,357.332,-3477.0,852.0,184.44583626666667,15910.211938361612,0.0,True,5
2705,357.526,-3532.516193999532,923.8180932279306,180.0,15919.706111111132,0.0,True,5
2706,357.652,-3568.0,975.0,174.05000604444444,15925.575196225738,0.0,True,5
2707,357.752,-3591.0,1013.0,169.32777173333332,15930.076555035936,0.0,True,5
2708,357.886,-3617.470791788187,1057.8480900342877,163.0,15936.006111111132,0.0,True,5
2709,357.992,-3637.0,1105.0,159.28999552,15940.628583148176,3.7100044800000003,True,5
2710,358.086,-3654.372606194015,1165.6821045971383,156.0,15944.6727777778,7.0,False,5
2711,358.192,-3670.0,1240.0,154.6749984,15949.166578563087,9.4291696,False,5
2712,358.566,-3661.7409636107354,1411.5580276475139,150.0,15964.6727777778,18.0,False,5
2713,358.672,-3655.0,1443.0,150.0,15969.079959013896,18.0,False,5
2714,358.726,-3652.0966066428473,1456.9060695412707,150.0,15971.339444444468,18.0,False,5
2715,358.927,-3643.049184853444,1501.092627300572,152.0,15979.826111111135,40.0,False,5
2716,358.993,-3639.0,1519.0,152.16500032,15982.59432813431,45.44501056,False,5
2717,359.313,-3606.0,1654.0,152.96500032,15996.194262838366,71.84501056,False,5
2718,359.327,-3603.8733756432475,1662.728678814769,153.0,15996.826111111135,73.0,False,5
2719,359.487,-3577.468967201299,1772.2321832003113,168.0,16004.292777777802,78.0,False,5
2720,359.513,-3574.0,1787.0,168.7312536,16005.536794535019,78.2437512,False,5
2721,359.807,-3556.6003095417104,1881.7343887159498,177.0,16020.026111111136,81.0,False,5
2722,359.853,-3555.0,1900.0,178.1500032,16022.335180941169,82.916672,False,5
2723,359.973,-3551.0,1959.0,181.1500032,16028.408681853602,87.916672,False,5
2724,360.047,-3549.80257654857,1994.4719615985573,183.0,16032.226111111137,91.0,False,5
2725,360.287,-3556.726120669302,2115.9340582685745,192.0,16045.026111111132,100.0,False,5
2726,360.313,-3559.0,2134.0,192.6500032,16046.443616781853,100.0,False,5
2727,360.527,-3586.8642775497337,2310.0097901128597,198.0,16058.226111111133,100.0,False,5
2728,360.573,-3592.0,2338.0,198.0,16060.74298604792,100.0,False,5
2729,360.727,-3603.1397479052403,2385.1032353068254,198.0,16069.226111111133,100.0,False,5
2730,360.833,-3614.0,2414.0,203.83000704,16075.33001553045,100.0,False,5
2731,360.927,-3630.241283315191,2456.8758055349845,209.0,16080.837222222246,100.0,False,5
2732,361.093,-3670.0,2553.0,211.0750016,16090.575425882442,100.0,False,5
2733,361.167,-3689.801250112121,2592.6305552303497,212.0,16094.970555555577,100.0,False,5
2734,361.293,-3727.0,2657.0,216.7250048,16102.576225211378,100.0,False,5
2735,361.327,-3738.017045130883,2674.438779511987,218.0,16104.659444444467,100.0,False,5
2736,361.453,-3782.0,2739.0,221.1500032,16112.503138646807,100.0,False,5
2737,361.633,-3850.0,2828.0,225.6500032,16123.86939506615,100.0,False,5
2738,361.647,-3855.4020191189934,2834.6600770703853,226.0,16124.748333333355,100.0,False,5
2739,361.847,-3936.724517494799,2928.046399566596,226.0,16137.30388888891,100.0,False,5
2740,361.873,-3949.0,2941.0,226.91000448,16138.965221669678,100.0,False,5
2741,362.047,-4043.6195671153373,3034.7432466884306,233.0,16150.248333333358,100.0,False,5
2742,362.153,-4102.0,3089.0,233.6625008,16157.12454765528,100.0,False,5
2743,362.353,-4202.0,3176.0,234.9125008,16170.203929179945,100.0,False,5
2744,362.367,-4209.021045409893,3181.9769262031823,235.0,16171.137222222245,100.0,False,5
2745,362.533,-4294.0,3254.0,238.51154116923078,16182.39514917415,100.0,False,5
2746,362.693,-4377.0,3325.0,241.89615655384614,16193.58067043043,100.0,False,5
2747,362.972,-4521.0,3454.0,247.79807556923078,16213.814359386819,100.0,False,5
2748,363.152,-4613.0,3539.0,251.6057732923077,16226.941611984985,100.0,False,5
2749,363.372,-4768.0,3686.0,256.2596140307692,16242.861559917204,100.0,False,5
2750,363.407,-4788.549303820411,3705.5924019805443,257.0,16245.381666666686,100.0,False,5
2751,363.607,-4869.399239944616,3783.1329349306925,259.0,16259.770555555577,100.0,False,5
2752,363.766,-4931.244171953467,3844.246788340287,263.0,16271.38638888891,100.0,False,5
2753,363.772,-4934.0,3847.0,263.08999808,16271.827345490106,100.0,False,5
2754,363.966,-5034.840341918549,3948.6421776799803,266.0,16286.164166666687,100.0,False,5
2755,363.992,-5048.0,3962.0,266.2437512,16288.095094152355,100.0,False,5
2756,364.192,-5151.0,4068.0,268.1187512,16303.017344643384,100.0,False,5
2757,364.286,-5222.890624117462,4143.761352085064,269.0,16310.0752777778,100.0,False,5
2758,364.432,-5337.0,4265.0,270.8250016,16321.094591759622,100.0,False,5
2759,364.526,-5380.574228015471,4311.603192616592,272.0,16328.208611111135,100.0,False,5
2760,364.726,-5429.703406607211,4365.6708098718045,273.0,16343.375277777799,100.0,False,5
2761,364.752,-5439.0,4376.0,273.26000128,16345.3544002376,100.0,False,5
2762,364.926,-5524.399421392022,4471.075237465574,275.0,16358.653055555576,100.0,False,5
2763,365.032,-5582.0,4536.0,275.8833344,16366.800917058543,100.0,False,5
2764,365.192,-5663.0,4629.0,277.21666773333334,16379.162732574183,100.0,False,5
2765,365.286,-5708.729493967315,4681.907637136666,278.0,16386.453055555576,100.0,False,5
2766,365.373,-5753.0,4734.0,279.0807465662595,16393.217760544398,100.0,False,5
2767,365.447,-5794.202120594708,4783.55803784213,280.0,16398.975277777798,100.0,False,5
2768,365.607,-5884.967430728338,4894.3168549521115,280.0,16411.419722222243,100.0,False,5
2769,365.613,-5888.0,4898.0,280.0333340444444,16411.887190800342,100.0,False,5
2770,365.793,-5977.0,5007.0,281.0333340444444,16425.95004301883,100.0,False,5
2771,365.967,-6112.72690239917,5182.4635060225855,282.0,16439.61972222224,100.0,False,5
2772,366.033,-6159.0,5243.0,282.3666673777778,16444.825084931683,81.66663111111112,False,5
2773,366.327,-6258.753486504394,5376.217233496805,284.0,16468.01972222224,0.0,False,5
2774,366.473,-6300.0,5433.0,280.3499968,16479.38346545709,0.0,False,5
2775,366.487,-6304.944734303589,5439.786974739863,280.0,16480.464166666687,0.0,False,5
2776,366.647,-6374.525986076089,5535.452958249157,276.0,16492.73083333335,0.0,False,5
2777,366.693,-6400.0,5571.0,276.0,16496.26369498787,0.0,False,5
2778,366.927,-6553.577841345397,5789.081681229371,276.0,16514.197500000017,0.0,False,5
2779,366.933,-6557.0,5794.0,275.7749952,16514.650065226797,0.0,False,5
2780,367.167,-6651.383908948044,5932.404535137569,267.0,16531.997500000012,0.0,False,5
2781,367.373,-6713.0,6026.0,263.32142628571427,16547.004808052603,0.0,False,5
2782,367.447,-6738.71588582551,6064.992975373419,262.0,16552.37527777779,0.0,False,5
2783,367.647,-6816.013000280446,6182.079490450206,255.0,16566.541944444456,0.0,True,5
2784,367.793,-6866.0,6258.0,234.31664853333334,16575.413682776198,0.0,True,5
2785,368.007,-6923.513415116303,6345.880472403503,204.0,16586.941944444457,0.0,True,5
2786,368.053,-6936.0,6365.0,201.843744,16589.426536091603,0.0,True,5
2787,368.327,-7016.348243091787,6488.434859083466,189.0,16603.741944444457,0.0,True,5
2788,368.333,-7018.0,6491.0,188.36665315555555,16604.025074094643,0.0,True,5
2789,368.553,-7073.0,6578.0,165.14443093333333,16613.37174729857,0.0,True,5
2790,368.687,-7102.837214345138,6627.757614256947,151.0,16618.84194444446,0.0,True,5
2791,368.753,-7116.0,6651.0,151.0,16621.619612114617,0.0,True,5
2792,368.927,-7144.599525436604,6707.051408013928,151.0,16628.908611111125,0.0,True,5
2793,369.167,-7171.09273852128,6771.212799318157,132.0,16637.708611111124,0.0,True,5
2794,369.253,-7178.0,6790.0,127.93888284444445,16640.601829925283,0.0,True,5
2795,369.527,-7193.700045847621,6843.72275055576,115.0,16649.208611111124,0.0,True,5
2796,369.532,-7194.0,6845.0,114.85416853333334,16649.361597013158,0.0,True,5
2797,369.712,-7205.0,6899.0,109.60416106666666,16654.789626260434,0.0,True,5
2798,369.767,-7207.330154819768,6915.709862534929,108.0,16656.408611111125,0.0,True,5
2799,370.047,-7210.059399439686,6996.579488948969,102.0,16664.34194444446,0.0,True,5
2800,370.052,-7210.0,6998.0,101.92027438064338,16664.479457211204,0.0,True,5
2801,370.112,-7209.0,7015.0,100.96355062034797,16666.11893917658,0.0,True,5
2802,370.412,-7195.0,7096.0,96.17995631089475,16674.034798466728,0.0,True,5
2803,370.486,-7189.521852782444,7113.942436544444,95.0,16675.92666666668,0.0,False,5
2804,370.572,-7182.0,7134.0,93.656252,16678.097174471244,2.687496,False,5
2805,370.806,-7154.778669781514,7185.781575667848,90.0,16683.92666666668,10.0,False,5
2806,370.812,-7154.0,7187.0,90.02999936,16684.07709260531,10.23999488,False,5
2807,370.972,-7130.0,7218.0,90.82999936,16688.115737829034,16.63999488,False,5
2808,371.006,-7122.868609607548,7224.778511386709,91.0,16688.982222222236,18.0,False,5
2809,371.246,-7051.475282013043,7274.19233791941,93.0,16695.182222222236,27.0,False,5
2810,371.332,-7024.0,7288.0,93.85999872,16697.431919029306,28.28999808,False,5
2811,371.446,-6988.685720084639,7301.426832403102,95.0,16700.460000000014,30.0,False,5
2812,371.732,-6915.0,7317.0,100.3624976,16708.44942713876,41.6187448,False,5
2813,371.766,-6909.107722120643,7318.113464289783,101.0,16709.43777777779,43.0,False,5
2814,372.007,-6874.239146194612,7324.085724577781,109.0,16716.734722222234,43.0,False,5
2815,372.073,-6854.0,7327.0,111.31000448,16718.86557202906,46.46500672,False,5
2816,372.333,-6730.0,7344.0,120.41000448,16727.788842350386,60.11500672,False,5
2817,372.407,-6702.678489358546,7347.613086414477,123.0,16730.4013888889,64.0,False,5
2818,372.687,-6640.284843745487,7354.7345272101375,130.0,16740.51250000001,69.0,False,5
2819,372.773,-6615.0,7357.0,133.44000512,16743.73395423273,73.3000064,False,5
2820,372.887,-6572.3366494555175,7360.592598793645,138.0,16748.17916666668,79.0,False,5
2821,372.993,-6529.0,7365.0,144.89000832,16752.59523971483,76.3499968,False,5
2822,373.033,-6513.0,7367.0,147.49000832,16754.297035162937,75.3499968,False,5
2823,373.087,-6491.101649558136,7369.58647221478,151.0,16756.568055555566,74.0,False,5
2824,373.273,-6415.0,7378.0,148.3428553142857,16764.17387564607,74.0,False,5
2825,373.367,-6379.004927190863,7383.00561033649,147.0,16768.0013888889,74.0,False,5
2826,373.493,-6326.0,7394.0,147.45000045714286,16773.191397174323,40.69996617142857,False,5
2827,373.647,-6238.653852274517,7420.6100800290005,148.0,16779.51250000001,0.0,False,5
2828,373.773,-6173.0,7443.0,145.29999725714285,16784.55437598905,0.0,False,5
2829,373.927,-6124.956986562403,7460.613615528286,142.0,16790.556944444455,0.0,False,5
2830,374.167,-6081.473200004015,7488.656249703525,136.0,16799.62361111112,21.0,False,5
2831,374.213,-6067.0,7500.0,136.0,16801.357215755914,24.910010879999998,False,5
2832,374.367,-6002.941554873823,7552.367059745284,136.0,16807.17916666668,38.0,False,5
2833,374.453,-5970.0,7581.0,136.61428662857142,16810.442953453243,41.071433142857146,False,5
2834,374.647,-5926.927603773011,7625.627582086603,138.0,16817.912500000013,48.0,False,5
2835,374.853,-5899.0,7672.0,141.74545687272726,16826.193351319038,45.65908945454545,False,5
2836,375.033,-5866.0,7735.0,145.01818414545454,16833.566115499492,43.61363490909091,False,5
2837,375.087,-5857.5475758539305,7754.974737178079,146.0,16835.756944444456,43.0,False,5
2838,375.133,-5851.0,7772.0,146.0,16837.615442753508,46.942868114285716,False,5
2839,375.367,-5824.807151448218,7858.738374132405,146.0,16847.112500000014,67.0,False,5
2840,375.513,-5815.0,7928.0,150.69286125714285,16853.33591025912,71.69286125714285,False,5
2841,375.647,-5810.617120416923,8007.007367262494,155.0,16859.16805555557,76.0,False,5
2842,375.693,-5810.0,8032.0,155.6571446857143,16861.17420695966,76.0,False,5
2843,375.927,-5813.1736563943705,8121.093453517835,159.0,16871.534722222237,76.0,False,5
2844,376.052,-5818.0,8167.0,163.51388657777778,16877.343582099187,74.61111182222223,False,5
2845,376.287,-5831.079758296585,8277.48400848146,172.0,16888.734722222234,72.0,False,5
2846,376.352,-5835.0,8308.0,174.60000768,16891.958409916562,72.0,False,5
2847,376.487,-5843.347389608388,8368.792640755304,180.0,16898.734722222238,72.0,False,5
2848,376.552,-5849.0,8407.0,181.2187536,16902.02400010072,83.3750336,False,5
2849,376.647,-5860.308793407497,8480.8370787664,183.0,16906.86805555557,100.0,False,5
2850,376.752,-5873.0,8562.0,185.2500041142857,16912.28517420732,100.0,False,5
2851,376.927,-5884.37073141808,8631.809210253798,189.0,16921.56805555557,100.0,False,5
2852,377.072,-5892.0,8676.0,196.28034241865308,16929.63884511065,100.0,False,5
2853,377.166,-5899.1563640002205,8717.955905997405,201.0,16934.912222222236,100.0,False,5
2854,377.272,-5909.0,8780.0,201.0,16940.799537957744,100.0,False,5
2855,377.406,-5923.605301621255,8884.464375605854,201.0,16948.312222222237,100.0,False,5
2856,377.552,-5938.0,8998.0,205.9772770909091,16956.83570767422,100.0,False,5
2857,377.846,-5947.112781987124,9152.759646996092,216.0,16974.71222222224,100.0,False,5
2858,377.852,-5947.0,9157.0,216.10714057142857,16975.079321823174,99.63572205714286,False,5
2859,378.126,-5932.202393897458,9404.428827463218,221.0,16991.901111111125,83.0,False,5
2860,378.172,-5930.0,9437.0,221.19166613333334,16994.7344973454,78.9750112,False,5
2861,378.366,-5925.260018750237,9512.931858532374,222.0,17006.701111111124,62.0,False,5
2862,378.593,-5895.0,9604.0,222.0,17020.69912964018,58.23236308245327,False,5
2863,378.607,-5890.883585150899,9614.886621933563,222.0,17021.56277777779,58.0,False,5
2864,378.773,-5833.0,9764.0,222.0,17031.808757123636,63.7062544,False,5
2865,378.927,-5805.717914537148,9833.206259706918,222.0,17041.296111111125,69.0,False,5
2866,379.127,-5756.152588371574,9898.210397887964,221.0,17053.573888888903,76.0,False,5
2867,379.133,-5753.0,9902.0,221.02500053333333,17053.94287446679,76.42500906666666,False,5
2868,379.333,-5616.0,10062.0,221.85833386666667,17066.27510218759,90.59167573333333,False,5
2869,379.367,-5597.3585669221475,10082.786856871,222.0,17068.373888888902,93.0,False,5
2870,379.567,-5538.183351196334,10139.664851779171,222.0,17080.707222222234,100.0,False,5
2871,379.733,-5496.0,10171.0,221.3083328,17090.881498738425,100.0,False,5
2872,379.807,-5468.4533176754385,10193.012536431503,221.0,17095.440555555568,100.0,False,5
2873,379.993,-5370.0,10272.0,223.79000192,17107.012849026563,100.0,False,5
2874,380.007,-5360.390652666224,10279.4796870991,224.0,17107.885000000013,100.0,False,5
2875,380.167,-5234.662601561194,10375.462760942015,224.0,17117.840555555566,100.0,False,5
2876,380.213,-5202.0,10400.0,224.0,17120.700295530816,100.0,False,5
2877,380.407,-5102.4827672854035,10472.721097393689,224.0,17132.7738888889,100.0,False,5
2878,380.573,-5032.0,10521.0,225.3833344,17143.178861936343,100.0,False,5
2879,380.647,-4996.022727059151,10544.996630602927,226.0,17147.840555555566,100.0,False,5
2880,380.913,-4852.0,10638.0,227.99500096,17164.71409724184,100.0,False,5
2881,381.047,-4779.8533727062,10682.46361568614,229.0,17173.28500000001,100.0,False,5
2882,381.113,-4743.0,10704.0,229.6187512,17177.524172889975,100.0,False,5
2883,381.153,-4720.0,10717.0,229.9937512,17180.099039814424,100.0,False,5
2884,381.367,-4599.715100708373,10783.20959703834,232.0,17193.90722222223,100.0,False,5
2885,381.393,-4585.0,10791.0,232.0,17195.583991848678,100.0,False,5
2886,381.527,-4508.067301380106,10830.493673591896,232.0,17204.21833333334,100.0,False,5
2887,381.553,-4493.0,10838.0,231.9187496,17205.8912948227,100.0,False,5
2888,381.847,-4322.392048362194,10918.465925481392,231.0,17224.751666666674,100.0,False,5
2889,381.853,-4319.0,10920.0,230.9624992,17225.135557227826,100.0,False,5
2890,382.007,-4230.37603996136,10959.356167233263,230.0,17234.973888888897,100.0,False,5
2891,382.033,-4213.0,10967.0,229.89166613333333,17236.631747407097,100.0,False,5
2892,382.247,-4039.419142537743,11043.096914594636,229.0,17250.240555555563,100.0,False,5
2893,382.293,-4003.0,11059.0,228.76999936,17253.157189982132,100.0,False,5
2894,382.447,-3894.585191212248,11106.138559372805,228.0,17262.907222222228,100.0,False,5
2895,382.687,-3761.8838884365177,11163.771278571012,228.0,17278.10722222223,100.0,False,5
2896,382.712,-3750.0,11169.0,228.0,17279.69164721927,100.0,False,5
2897,383.127,-3578.3058252905353,11245.522911708706,228.0,17305.973888888893,100.0,False,5
2898,383.172,-3554.0,11256.0,227.75000035555556,17308.809372591102,100.0,False,5
2899,383.232,-3519.0,11271.0,227.4166656,17312.584272681233,100.0,False,5
2900,383.487,-3372.200042514008,11336.46202825044,226.0,17328.573888888895,100.0,False,5
2901,383.512,-3358.0,11343.0,225.9107136,17330.139063556893,100.0,False,5
2902,383.712,-3245.0,11396.0,225.1964278857143,17342.64374260253,100.0,False,5
2903,383.767,-3214.0030659291533,11410.653819981246,225.0,17346.073888888895,100.0,False,5
2904,383.932,-3121.0,11455.0,224.4086025155894,17356.338950710615,100.0,False,5
2905,384.046,-3056.5471893518584,11486.451332303688,224.0,17363.433888888896,100.0,False,5
2906,384.152,-2998.0,11516.0,223.4111104,17370.046752875263,70.55552,False,5
2907,384.312,-2911.0,11563.0,222.5222215111111,17379.98406341885,26.111075555555562,False,5
2908,384.406,-2850.9095613087993,11598.163102669727,222.0,17385.633888888897,0.0,True,5
2909,384.652,-2692.0,11696.0,208.9312568,17399.7090898595,0.0,True,5
2910,384.726,-2661.6184535654766,11714.896068914795,205.0,17403.85611111112,0.0,True,5
2911,384.926,-2606.475790930051,11749.618479982071,200.0,17414.96722222223,0.0,False,5
2912,384.952,-2598.0,11755.0,199.4812941217028,17416.386464319352,1.231926460955844,False,5
2913,385.193,-2486.0,11814.0,194.67331458127714,17429.236640229235,12.650877869466791,False,5
2914,385.327,-2378.5473985235158,11839.918940640746,192.0,17436.353888888894,19.0,False,5
2915,385.433,-2300.0,11853.0,192.53000064,17442.030309991445,19.0,False,5
2916,385.527,-2254.3705455574973,11857.858208689791,193.0,17447.076111111117,19.0,False,5
2917,385.727,-2207.3104782287464,11848.606461223035,193.0,17457.79833333334,55.0,False,5
2918,385.793,-2185.0,11841.0,193.4125008,17461.345241878633,59.125008,False,5
2919,386.047,-2056.1554307236242,11793.050672554418,195.0,17475.131666666675,75.0,False,5
2920,386.093,-2033.0,11782.0,196.1500032,17477.6759383935,76.61000448,False,5
2921,386.247,-1962.6753864334512,11739.70892622903,200.0,17486.242777777785,82.0,False,5
2922,386.313,-1928.0,11715.0,200.0,17489.879225870696,85.06429165714286,False,5
2923,386.493,-1816.0,11630.0,200.0,17499.84050811962,93.42143451428572,False,5
2924,386.527,-1798.1343224686868,11616.57887180349,200.0,17501.79833333334,95.0,False,5
2925,386.767,-1708.3516872735613,11554.787353724909,216.0,17516.19833333334,100.0,False,5
2926,386.833,-1681.0,11539.0,215.1749984,17520.126360086095,100.0,False,5
2927,387.007,-1592.4832993404711,11493.450047274024,213.0,17530.39833333334,100.0,False,5
2928,387.033,-1578.0,11487.0,213.43333546666668,17531.94923312689,100.0,False,5
2929,387.233,-1463.0,11444.0,216.7666688,17544.049734247597,100.0,False,5
2930,387.367,-1393.525840949632,11421.42116460952,219.0,17552.298333333343,100.0,False,5
2931,387.573,-1253.0,11386.0,223.29166933333335,17565.12785779003,100.0,False,5
2932,387.607,-1217.9993418747295,11378.432291889489,224.0,17567.231666666677,100.0,False,5
2933,387.753,-1060.0,11346.0,224.0,17576.222815341305,100.0,False,5
2934,387.807,-1022.9487546922387,11338.593414415922,224.0,17579.676111111123,100.0,False,5
2935,388.007,-963.3622988875152,11327.808076604759,245.0,17593.287222222232,100.0,False,5
2936,388.033,-953.0,11326.0,245.5687528,17595.088007622508,100.0,False,5
2937,388.293,-776.0,11292.0,251.2562528,17613.26194768834,100.0,False,5
2938,388.327,-743.3459999376496,11284.609323240862,252.0,17615.68722222223,100.0,False,5
2939,388.593,-476.0,11218.0,257.7000027428571,17634.78889625903,100.0,False,5
2940,388.607,-467.23383279515025,11215.681634254197,258.0,17635.7538888889,100.0,False,5
2941,388.847,-391.72456609674487,11191.90409745277,241.0,17651.82055555556,100.0,False,5
2942,388.873,-381.0,11188.0,243.1357248,17653.63785114389,100.0,False,5
2943,389.127,-209.84904041149966,11124.229897506098,264.0,17672.353888888898,100.0,False,5
2944,389.193,-162.0,11104.0,265.6500032,17677.265709526077,100.0,False,5
2945,389.287,-98.21396356632694,11074.532867035006,268.0,17684.265000000007,100.0,False,5
2946,389.292,-95.0,11073.0,268.0416661333333,17684.638145161112,100.0,False,5
2947,389.527,45.18648613308197,10997.739397140052,270.0,17702.265000000007,100.0,False,5
2948,389.592,97.0,10961.0,270.54166826666665,17707.16306681929,100.0,False,5
2949,389.767,277.3474402538398,10816.205577284349,272.0,17720.39833333334,100.0,False,5
2950,389.832,335.0,10766.0,272.65000192,17725.335760704347,100.0,False,5
2951,389.967,413.73076366405115,10688.82452377899,274.0,17735.620555555564,100.0,False,5
2952,390.127,469.7333670425204,10618.045690691963,275.0,17747.842777777787,100.0,False,5
2953,390.152,480.0,10605.0,275.1562512,17749.75647175943,100.0,False,5
2954,390.287,543.1024253987009,10523.720496764285,276.0,17760.10944444445,100.0,False,5
2955,390.312,556.0,10506.0,276.1562512,17762.02997778466,100.0,False,5
2956,390.447,631.6017490301914,10394.019622505495,277.0,17772.420555555564,100.0,False,5
2957,390.672,747.0,10207.0,278.2534827403262,17789.83029263251,100.0,False,5
2958,390.806,781.3107792168615,10147.209990531985,279.0,17800.243055555562,100.0,False,5
2959,390.972,816.0,10068.0,279.9222215111111,17813.180118909102,100.0,False,5
2960,391.166,893.3674509723959,9868.859015510943,281.0,17828.343055555564,100.0,False,5
2961,391.292,939.0,9746.0,281.44999954285714,17838.210303802094,100.0,False,5
2962,391.446,969.6804665579576,9655.645361625084,282.0,17850.2763888889,100.0,False,5
2963,391.606,985.9995217578706,9593.260552755526,282.0,17862.809722222228,100.0,False,5
2964,391.632,989.0,9581.0,282.144045056008,17864.851077952368,100.0,False,5
2965,391.967,1037.0640069227868,9368.023009963827,284.0,17891.288611111115,100.0,False,5
2966,392.207,1082.0140331121777,9153.535087248738,286.0,17910.35527777778,100.0,False,5
2967,392.647,1147.6014303686322,8784.430527692717,291.0,17945.921944444446,100.0,False,5
2968,392.713,1154.0,8738.0,291.3666673777778,17951.28313363258,100.0,False,5
2969,392.893,1166.0,8593.0,292.3666673777778,17965.92071309448,100.0,False,5
2970,393.007,1167.2316578473435,8412.619456841481,293.0,17975.22194444445,100.0,False,5
2971,393.053,1167.0,8349.0,293.3833344,17978.983368465688,100.0,False,5
2972,393.247,1164.1891687255381,8250.434273278093,295.0,17994.888611111117,100.0,False,5
2973,393.373,1159.0,8201.0,295.45000045714283,18005.237433193433,100.0,False,5
2974,393.527,1147.6692719200894,8052.419993416623,296.0,18017.910833333335,100.0,False,5
2975,393.753,1129.0,7791.0,296.8071433142857,18036.562804176763,100.0,False,5
2976,393.807,1126.0286702250548,7751.864311320427,297.0,18041.010833333337,100.0,False,5
2977,394.047,1115.0686053700551,7642.426183050043,296.0,18060.74416666667,100.0,False,5
2978,394.073,1113.0,7626.0,296.3250016,18062.891505134765,100.0,False,5
2979,394.207,1098.5207974606742,7519.432870201525,298.0,18073.988611111112,100.0,False,5
2980,394.253,1092.0,7481.0,298.0,18077.798076617037,100.0,False,5
2981,394.447,1055.3791735206808,7327.706592240171,298.0,18093.85527777778,100.0,False,5
2982,394.453,1054.0,7323.0,298.0,18094.351901595877,100.0,False,5
2983,394.687,990.7342194228509,7137.744313947273,298.0,18113.72194444445,100.0,False,5
2984,394.693,989.0,7133.0,298.0,18114.218653299853,100.0,False,5
2985,394.887,932.3713933218454,6980.369968563896,298.0,18130.277500000004,100.0,False,5
2986,394.913,925.0,6960.0,298.0,18132.429093268307,100.0,False,5
2987,395.193,850.0,6741.0,298.0,18155.60048147519,100.0,False,5
2988,395.247,835.8075872378848,6698.485086736253,298.0,18160.077500000007,100.0,False,5
2989,395.273,829.0,6678.0,298.10833386666667,18162.234495114757,100.0,False,5
2990,395.487,773.7143273186949,6509.478466650061,299.0,18180.01083333334,100.0,False,5
2991,395.513,767.0,6489.0,299.0,18182.17066104709,100.0,False,5
2992,395.687,721.5990800477565,6351.750679290528,299.0,18196.62194444445,100.0,False,5
2993,395.693,720.0,6347.0,299.0,18197.120269475035,100.0,False,5
2994,395.927,655.6624823688401,6161.562124794988,299.0,18216.555277777785,100.0,False,5
2995,396.012,632.0,6097.0,299.0,18223.615016230626,100.0,False,5
2996,396.112,602.0,6020.0,299.0,18231.920559486414,100.0,False,5
2997,396.247,536.2626381567836,5874.341440241592,299.0,18243.13305555556,100.0,False,5
2998,396.392,457.0,5701.0,299.0,18255.176265651717,100.0,False,5
2999,396.487,416.7361833953033,5604.172014577338,299.0,18263.066388888896,100.0,False,5
3000,396.647,369.4786962839047,5471.08324147885,299.0,18276.35527777778,100.0,False,5
3001,396.832,334.0,5363.0,299.0,18291.726810141914,100.0,False,5
3002,396.927,321.53624794868,5326.394696864019,299.0,18299.61083333334,100.0,False,5
3003,397.232,290.0,5151.0,298.04388673727664,18324.858499802976,100.0,False,5
3004,397.246,287.74503120739257,5131.812571222536,298.0,18326.016944444447,100.0,False,5
3005,397.392,263.0,4904.0,298.0,18338.1002143691,100.0,False,5
3006,397.566,253.59428051026524,4787.2266353946,298.0,18352.505833333336,100.0,False,5
3007,397.752,259.0,4721.0,298.0,18367.90399835297,100.0,False,5
3008,397.766,259.4847676917592,4711.048845675832,298.0,18369.061388888895,100.0,False,5
3009,397.992,269.0,4492.0,297.1928566857143,18387.708208090593,100.0,False,5
3010,398.046,271.86236026991617,4445.642710217714,297.0,18392.161388888893,100.0,False,5
3011,398.232,286.0,4293.0,297.0,18407.50609288688,100.0,False,5
3012,398.286,292.6141805051483,4234.244906262006,297.0,18411.961388888893,100.0,False,5
3013,398.513,330.0,3950.0,297.0,18430.688901092897,100.0,False,5
3014,398.527,332.4509069250823,3934.991573015483,297.0,18431.843888888892,100.0,False,5
3015,398.687,360.84733315667535,3793.129741514994,297.0,18445.043888888893,100.0,False,5
3016,398.813,381.0,3709.0,297.0,18455.438133588836,100.0,False,5
3017,398.967,400.7089737366431,3630.0924563430813,297.0,18468.14388888889,100.0,False,5
3018,399.193,434.0,3518.0,297.0,18486.798589971728,100.0,False,5
3019,399.327,466.8664886375867,3420.529946612652,297.0,18497.843888888892,100.0,False,5
3020,399.513,522.0,3270.0,296.22499946666665,18513.140789381578,100.0,False,5
3021,399.567,538.095989625049,3229.770463083535,296.0,18517.577222222226,100.0,False,5
3022,399.693,579.0,3134.0,295.7374997333333,18527.923665871287,100.0,False,5
3023,399.953,689.0,2895.0,295.1958330666667,18549.234527102606,100.0,False,5
3024,400.047,719.3814032029453,2832.781444377308,295.0,18556.91055555556,100.0,False,5
3025,400.207,762.788384218724,2750.1329363878504,293.0,18569.93277777778,100.0,False,5
3026,400.233,771.0,2735.0,292.73999872,18572.041758349053,100.0,False,5
3027,400.407,836.0856112064214,2617.7306419633906,291.0,18586.099444444444,100.0,False,5
3028,400.567,904.4104721500945,2502.1671439491943,289.0,18598.94388888889,100.0,False,5
3029,400.573,907.0,2498.0,288.9624992,18599.424414432113,100.0,False,5
3030,400.793,1004.0,2352.0,287.5874992,18616.99047855231,100.0,False,5
3031,400.887,1047.643389370672,2291.4899348565978,287.0,18624.455,100.0,False,5
3032,400.973,1089.0,2237.0,285.70999808,18631.259736635766,100.0,False,5
3033,401.087,1145.932336880336,2166.476107583083,284.0,18640.23277777778,100.0,False,5
3034,401.133,1169.0,2139.0,283.4249984,18643.833790538392,100.0,False,5
3035,401.333,1273.0,2022.0,280.9249984,18659.37946914724,100.0,False,5
3036,401.407,1319.6965875081723,1972.5223308496204,280.0,18665.121666666666,100.0,False,5
3037,401.493,1374.0,1916.0,279.56999936,18671.797931096808,100.0,False,5
3038,401.607,1432.9614995576817,1855.2816995278397,279.0,18680.62166666667,100.0,False,5
3039,401.753,1518.0,1772.0,276.91428388571427,18691.813583471332,100.0,False,5
3040,401.887,1643.1313098170988,1654.8847593165608,275.0,18702.010555555556,100.0,False,5
3041,401.993,1743.0,1563.0,273.6749984,18710.048123392065,100.0,False,5
3042,402.047,1785.4655256995754,1524.4040062126255,273.0,18714.14388888889,100.0,False,5
3043,402.207,1878.1889985294636,1442.3793767007694,273.0,18726.277222222223,100.0,False,5
3044,402.393,1970.0,1365.0,269.67856914285716,18740.14755157056,100.0,False,5
3045,402.487,2021.8141413175138,1322.1826522107588,268.0,18747.12166666667,100.0,False,5
3046,402.767,2181.2788908464127,1192.4204543862388,266.0,18767.810555555556,100.0,False,5
3047,402.832,2210.0,1169.0,263.72499328,18772.498948080356,83.74995200000001,False,5
3048,403.167,2322.336815565527,1079.986637996453,252.0,18795.810555555556,0.0,True,5
3049,403.252,2379.0,1040.0,246.47500416,18801.5104132453,0.0,True,5
3050,403.367,2483.8332051264942,967.8265249634594,239.0,18809.088333333337,0.0,True,5
3051,403.412,2522.0,942.0,237.65000192,18812.01300978341,0.0,True,5
3052,403.767,2668.2391751068726,857.2643902294496,227.0,18834.310555555556,0.0,False,5
3053,403.852,2703.0,844.0,224.99705618879,18839.458521355176,3.6303356578181414,False,5
3054,404.032,2800.0,812.0,220.75551889196876,18850.12126860387,11.318122008306615,False,5
3055,404.172,2880.0,799.0,217.4565561631523,18858.21596835581,17.29749195428647,False,5
3056,404.372,3001.0,796.0,212.74374364712872,18869.800701149466,25.83946463957918,False,5
3057,404.446,3042.3207340430986,798.0584583226229,211.0,18874.107500000002,29.0,False,5
3058,404.606,3135.426994874265,808.2619529105806,210.0,18883.440833333334,29.0,False,5
3059,404.652,3172.0,813.0,209.7125008,18886.114155014227,35.3249824,False,5
3060,404.766,3285.0389348873964,828.3505469977895,209.0,18892.729722222226,51.0,False,5
3061,404.873,3384.0,842.0,209.66459693499505,18898.96743160421,51.0,False,5
3062,404.927,3418.793780322963,846.7274613101322,210.0,18902.121388888892,51.0,False,5
3063,405.207,3501.39006640481,855.9477051131295,211.0,18918.5325,59.0,False,5
3064,405.233,3513.0,857.0,211.2437512,18920.06842423264,58.5124976,False,5
3065,405.393,3607.0,865.0,212.7437512,18929.574584366,55.5124976,False,5
3066,405.527,3686.7117266953314,869.4743389134995,214.0,18937.554722222223,53.0,False,5
3067,405.553,3702.0,870.0,214.0,18939.10149207771,53.1625008,False,5
3068,405.687,3780.770223573235,870.9032402325169,214.0,18947.065833333334,54.0,False,5
3069,405.793,3843.0,869.0,214.0,18953.359548206594,57.18000384,False,5
3070,405.887,3898.091793421116,865.0883940250626,214.0,18958.95472222222,60.0,False,5
3071,406.013,3971.0,856.0,215.05000106666665,18966.49961160658,62.100002133333334,False,5
3072,406.127,4035.150550134365,843.1051726140024,216.0,18973.354722222222,64.0,False,5
3073,406.173,4061.0,836.0,216.2875008,18976.124758022757,64.4312512,False,5
3074,406.447,4210.20204784856,772.4983357335062,218.0,18992.7325,67.0,False,5
3075,406.453,4213.0,771.0,218.12000256,18993.100415082976,67.84001792,False,5
3076,406.647,4294.147372395408,719.811162938297,222.0,19005.06583333333,95.0,False,5
3077,406.693,4317.0,703.0,222.0,19007.896172133063,95.0,False,5
3078,406.807,4385.42397556007,649.9968045134422,222.0,19014.9325,95.0,False,5
3079,406.933,4466.0,585.0,225.67500373333334,19022.884901379926,97.62500266666666,False,5
3080,407.047,4528.886170815825,532.6910447580733,229.0,19030.199166666665,100.0,False,5
3081,407.353,4662.0,417.0,234.7375024,19050.165448639826,100.0,False,5
3082,407.367,4667.50455566192,412.2292724086826,235.0,19051.088055555552,100.0,False,5
3083,407.607,4764.226164379425,329.48637339519985,239.0,19067.021388888887,100.0,False,5
3084,407.673,4803.0,297.0,240.031252,19071.448507203597,100.0,False,5
3085,407.927,4997.608523904147,135.6927298491867,244.0,19088.710277777776,100.0,False,5
3086,407.953,5013.0,123.0,244.9750048,19090.502412398597,100.0,False,5
3087,408.087,5066.629606486086,78.99482560808032,250.0,19099.821388888886,100.0,False,5
3088,408.273,5121.0,34.0,253.98571702857143,19113.0092170285,100.0,False,5
3089,408.367,5168.939222603458,-6.4355187019944395,256.0,19119.7325,100.0,False,5
3090,408.453,5218.0,-48.0,257.0750016,19125.897439661127,100.0,False,5
3091,408.607,5302.45975900229,-119.83963894577315,259.0,19136.999166666665,100.0,False,5
3092,408.713,5360.0,-169.0,260.656252,19144.719495833102,100.0,False,5
3093,408.927,5478.380985640035,-270.5022377408628,264.0,19160.465833333332,100.0,False,5
3094,408.953,5493.0,-283.0,264.39000192,19162.387992171167,100.0,False,5
3095,409.127,5591.234811456836,-366.65033350801696,267.0,19175.299166666664,100.0,False,5
3096,409.132,5594.0,-369.0,267.0624992,19175.67140714067,100.0,False,5
3097,409.287,5679.731147622424,-442.4334769680525,269.0,19187.254722222217,100.0,False,5
3098,409.312,5695.0,-456.0,269.3571456,19189.13451861564,100.0,False,5
3099,409.567,5874.688976971551,-624.4870383421687,273.0,19208.488055555554,100.0,False,5
3100,409.632,5913.0,-662.0,273.65000192,19213.459377404528,100.0,False,5
3101,409.952,6038.0,-797.0,276.85000192,19238.105837617648,100.0,False,5
3102,409.967,6044.392359406965,-804.5239846473276,277.0,19239.26583333333,100.0,False,5
3103,410.167,6142.029468962415,-923.4701358497472,279.0,19254.76583333333,100.0,False,5
3104,410.212,6164.0,-952.0,279.2812496,19258.26123188064,100.0,False,5
3105,410.327,6217.602966788419,-1025.443460098236,280.0,19267.210277777776,100.0,False,5
3106,410.432,6263.0,-1091.0,280.6583082817187,19275.409343473086,100.0,False,5
3107,410.646,6352.901807089367,-1230.7841530480537,282.0,19292.19861111111,100.0,False,5
3108,410.652,6356.0,-1236.0,282.0374992,19292.67066870718,100.0,False,5
3109,410.812,6449.0,-1400.0,283.0374992,19305.28564700954,100.0,False,5
3110,410.966,6524.948498779566,-1547.8328468136606,284.0,19317.443055555555,100.0,False,5
3111,411.126,6583.2806523308345,-1677.493682596383,284.0,19330.065277777776,100.0,False,5
3112,411.292,6624.0,-1772.0,284.5187496,19343.18683715728,100.0,False,5
3113,411.446,6644.355202783,-1821.307663635188,285.0,19355.39861111111,100.0,False,5
3114,411.573,6670.0,-1890.0,285.79127781508345,19365.503994676932,100.0,False,5
3115,411.767,6752.1514770152935,-2114.7195178102183,287.0,19380.989444444444,100.0,False,5
3116,411.853,6785.0,-2205.0,287.35833386666667,19387.866945344726,100.0,False,5
3117,412.007,6819.468580986346,-2300.295259953909,288.0,19400.189444444444,100.0,False,5
3118,412.233,6849.0,-2386.0,288.0,19418.24715551015,100.0,False,5
3119,412.407,6892.64467358914,-2514.9002670480013,288.0,19432.189444444444,100.0,False,5
3120,412.493,6916.0,-2584.0,288.86000128,19439.109112437323,100.0,False,5
3121,412.607,6945.460383123405,-2671.226070112085,290.0,19448.300555555557,100.0,False,5
3122,412.673,6962.0,-2721.0,290.0,19453.625010146137,100.0,False,5
3123,412.913,7021.0,-2905.0,290.0,19472.956661777913,100.0,False,5
3124,412.927,7024.517393283644,-2916.013233915842,290.0,19474.078333333335,100.0,False,5
3125,413.287,7119.900129415287,-3211.934444734631,286.0,19502.67833333333,100.0,False,5
3126,413.567,7198.881675623632,-3456.2536722572618,283.0,19524.689444444444,100.0,False,5
3127,413.693,7235.0,-3569.0,281.73999872,19534.52524589296,100.0,False,5
3128,413.767,7256.378257306228,-3636.0253996954893,281.0,19540.300555555554,100.0,False,5
3129,414.007,7322.003051004382,-3842.766337046232,281.0,19559.033888888887,100.0,False,5
3130,414.093,7338.0,-3893.0,277.7749952,19565.676790800666,46.249919999999996,False,5
3131,414.167,7347.747440596829,-3923.42382177608,275.0,19571.256111111106,0.0,True,5
3132,414.367,7366.082293101291,-3988.0638231794833,252.0,19585.25611111111,0.0,True,5
3133,414.393,7370.0,-4004.0,248.9124848,19586.94291906346,0.0,True,5
3134,414.653,7423.0,-4233.0,218.0374848,19602.352118336486,0.0,True,5
3135,414.687,7427.830379941387,-4255.52563633488,214.0,19604.278333333332,0.0,True,5
3136,415.013,7447.0,-4367.0,198.44090298181817,19622.139078141816,0.0,True,5
3137,415.127,7456.478363719392,-4416.163118359255,193.0,19627.86722222222,0.0,True,5
3138,415.313,7475.0,-4508.0,172.4071286857143,19636.46743818922,0.0,True,5
3139,415.407,7483.018562956521,-4549.549947376712,162.0,19640.467222222218,0.0,True,5
3140,415.553,7493.0,-4611.0,144.6624848,19646.27538883999,0.0,True,5
3141,415.567,7493.753258137204,-4617.042578817437,143.0,19646.822777777776,0.0,True,5
3142,415.807,7501.241358227288,-4722.751766244594,138.0,19656.022777777776,0.0,True,5
3143,415.912,7502.0,-4761.0,133.078116,19659.751856087754,0.0,True,5
3144,416.127,7499.5398602222085,-4814.061639803417,123.0,19666.95611111111,0.0,True,5
3145,416.287,7492.129037753004,-4845.795290059702,119.0,19672.245,0.0,False,5
3146,416.352,7487.0,-4862.0,118.02499712,19674.34590747184,1.46250432,False,5
3147,416.512,7470.0,-4907.0,115.62499712,19679.380703063776,5.0625043199999995,False,5
3148,416.687,7444.788453594755,-4948.225419108255,113.0,19684.800555555557,9.0,False,5
3149,416.712,7438.0,-4955.0,112.8437488,19685.573529878326,9.8593816,False,5
3150,416.912,7356.0,-5017.0,111.5937488,19691.745134408764,16.7343816,False,5
3151,417.007,7320.635102620491,-5037.9018015741885,111.0,19694.667222222222,20.0,False,5
3152,417.207,7264.729909331467,-5057.535423619187,111.0,19700.83388888889,24.0,False,5
3153,417.392,7216.0,-5070.0,114.31541486671487,19706.739088189697,38.587825413545424,False,5
3154,417.486,7189.450234796098,-5077.765861533594,116.0,19709.82388888889,46.0,False,5
3155,417.766,7106.860642316119,-5104.0705287998335,123.0,19719.39055555556,64.0,False,5
3156,417.812,7094.0,-5108.0,124.53332906666667,19721.03772748849,64.0,False,5
3157,418.006,7042.884215957762,-5122.706258188833,131.0,19728.12388888889,64.0,False,5
3158,418.167,6996.549963305238,-5135.582600853164,131.0,19733.982500000002,64.0,False,5
3159,418.193,6988.0,-5138.0,132.56000768,19734.971521955256,64.0,False,5
3160,418.367,6924.067873509465,-5156.193216863366,143.0,19741.926944444447,64.0,False,5
3161,418.393,6914.0,-5159.0,143.75833706666666,19742.99329724674,67.14168213333333,False,5
3162,418.607,6828.723791346208,-5181.987910877143,150.0,19751.926944444447,93.0,False,5
3163,418.653,6810.0,-5187.0,150.8625024,19753.86278975342,93.5750016,False,5
3164,418.767,6763.086901491992,-5199.607397430104,153.0,19758.726944444446,95.0,False,5
3165,418.833,6735.0,-5207.0,156.7125072,19761.64370706486,97.062504,False,5
3166,418.927,6693.342499230427,-5217.618600373816,162.0,19765.926944444447,100.0,False,5
3167,418.993,6664.0,-5225.0,165.3000064,19769.02009257118,100.0,False,5
3168,419.127,6605.354838207561,-5239.710881900521,172.0,19775.482500000002,100.0,False,5
3169,419.193,6571.0,-5248.0,173.88571794285716,19778.728385992712,100.0,False,5
3170,419.407,6422.8032611347635,-5282.097225161552,180.0,19789.482500000002,100.0,False,5
3171,419.473,6376.0,-5293.0,181.6500032,19792.844300696965,100.0,False,5
3172,419.607,6287.747811689678,-5314.19572201331,185.0,19799.760277777783,100.0,False,5
3173,419.847,6161.558775730383,-5346.130818401754,192.0,19812.56027777778,100.0,False,5
3174,419.913,6139.0,-5352.0,193.2375024,19816.12244756259,100.0,False,5
3175,420.007,6116.501115489911,-5358.0059639545025,195.0,19821.226944444446,100.0,False,5
3176,420.233,6043.0,-5378.0,198.531252,19833.7217457361,100.0,False,5
3177,420.327,5959.125163200274,-5400.237288484953,200.0,19839.004722222224,100.0,False,5
3178,420.433,5860.0,-5426.0,201.9875024,19845.01989033505,100.0,False,5
3179,420.647,5775.710149360611,-5444.424637396122,206.0,19857.315833333334,100.0,False,5
3180,420.807,5727.6305116488775,-5456.065627843863,209.0,19866.604722222226,100.0,False,5
3181,420.833,5714.0,-5460.0,209.3250016,19868.126874363104,83.74992,False,5
3182,420.967,5617.959482296542,-5489.333117505204,211.0,19875.982500000002,0.0,True,5
3183,421.133,5486.0,-5528.0,207.4428544,19885.483401636608,0.0,True,5
3184,421.247,5423.181367213478,-5541.6450967326555,205.0,19891.926944444447,0.0,False,5
3185,421.393,5361.0,-5551.0,203.43571291428572,19900.158831932767,0.0,False,5
3186,421.527,5303.440589293402,-5560.578033518759,202.0,19907.638055555555,0.0,False,5
3187,421.727,5192.14362027253,-5565.398389763898,197.0,19918.5825,15.0,False,5
3188,421.773,5154.0,-5561.0,196.4249984,19921.069047603625,16.1500032,False,5
3189,421.933,5000.0,-5533.0,194.4249984,19929.640952342666,20.1500032,False,5
3190,422.047,4926.933798790225,-5515.4939929297925,193.0,19935.738055555557,23.0,False,5
3191,422.207,4889.041468505511,-5497.416628484118,193.0,19944.315833333334,39.0,False,5
3192,422.392,4837.0,-5453.0,193.0,19954.231854759888,50.10001152,False,5
3193,422.407,4830.7633156762395,-5447.7683452136425,193.0,19955.038055555557,51.0,False,5
3194,422.607,4721.542881447039,-5356.720028206563,194.0,19965.815833333338,59.0,False,5
3195,422.732,4662.0,-5304.0,194.0,19972.532336693355,70.24999424,False,5
3196,422.807,4637.295394330395,-5279.5990111804285,194.0,19976.593611111115,77.0,False,5
3197,423.032,4590.0,-5220.0,198.687504,19989.023671804945,79.8125024,False,5
3198,423.047,4586.227421530879,-5215.048115187005,199.0,19989.86027777778,80.0,False,5
3199,423.367,4479.931013897068,-5068.012574214702,202.0,20007.815833333338,93.0,False,5
3200,423.372,4478.0,-5065.0,202.0,20008.096166162602,93.0312496,False,5
3201,423.527,4415.567055650588,-4961.532095110634,202.0,20016.793611111112,94.0,False,5
3202,423.612,4386.0,-4910.0,203.0624992,20021.61388015168,94.0,False,5
3203,423.767,4349.09924896589,-4842.434643881115,205.0,20030.46027777778,94.0,False,5
3204,423.972,4312.0,-4768.0,205.0,20042.10687918025,97.85579739570208,False,5
3205,424.086,4283.544633750216,-4710.877735437151,205.0,20048.625555555558,100.0,False,5
3206,424.172,4261.0,-4665.0,206.28999808,20053.585591039224,100.0,False,5
3207,424.286,4232.4868091842945,-4605.496543609017,208.0,20060.181111111113,100.0,False,5
3208,424.352,4216.0,-4571.0,208.0,20063.986887790405,100.0,False,5
3209,424.446,4191.957888261185,-4521.188391668593,208.0,20069.425555555557,100.0,False,5
3210,424.512,4175.0,-4486.0,209.09695523048515,20073.28942136921,100.0,False,5
3211,424.807,4100.53758150358,-4328.090914768329,214.0,20090.885000000002,100.0,False,5
3212,424.833,4094.0,-4314.0,214.0,20092.44162598925,89.16661333333333,False,5
3213,424.993,4054.0,-4227.0,214.0,20101.991489766293,22.499946666666666,False,5
3214,425.047,4040.890907341309,-4198.116928841135,214.0,20105.15166666667,0.0,False,5
3215,425.233,3996.0,-4102.0,203.37142125714286,20115.675568798702,0.0,False,5
3216,425.327,3971.7886846091264,-4056.286699645696,198.0,20120.551666666666,0.0,True,5
3217,425.353,3965.0,-4044.0,194.5642688,20121.83017271594,0.0,True,5
3218,425.553,3913.0,-3956.0,168.13569737142856,20130.78129384004,0.0,True,5
3219,425.607,3899.5816111317295,-3935.2595808395904,161.0,20133.073888888888,0.0,True,5
3220,425.753,3865.0,-3884.0,151.50999168,20139.13373087457,0.0,True,5
3221,425.807,3852.8218155451373,-3865.3293318713972,148.0,20141.29611111111,0.0,True,5
3222,425.973,3817.0,-3810.0,139.0083264,20147.62344752137,0.0,True,5
3223,426.047,3801.428074796215,-3787.826085517936,135.0,20150.29611111111,0.0,True,5
3224,426.193,3766.0,-3745.0,130.39782205217392,20155.310277810648,0.0,True,5
3225,426.453,3673.0,-3662.0,122.20216987826088,20163.388621055143,0.0,True,5
3226,426.913,3568.0,-3630.0,107.70216987826086,20175.971820921535,0.0,True,5
3227,426.967,3549.0963480592354,-3630.380730004356,106.0,20177.385,0.0,True,5
3228,427.113,3492.0,-3635.0,99.156244,20181.140624687047,0.0,True,5
3229,427.287,3433.4177036604437,-3653.915974291573,91.0,20185.473888888886,0.0,False,5
3230,427.433,3398.0,-3671.0,87.3499968,20188.9759471005,0.0,False,5
3231,427.487,3388.9676589673386,-3675.5288514256545,86.0,20190.251666666663,0.0,False,5
3232,427.753,3361.0,-3694.0,84.09999908571429,20196.458326384713,13.3000064,False,5
3233,427.767,3358.98485446729,-3695.657741302673,84.0,20196.784999999996,14.0,False,5
3234,428.087,3293.764425188202,-3754.7992814614145,85.0,20204.34055555555,21.0,False,5
3235,428.153,3280.0,-3769.0,86.10000213333333,20205.94300111794,23.750005333333334,False,5
3236,428.327,3246.7383843883485,-3807.1735635249656,89.0,20210.273888888885,31.0,False,5
3237,428.567,3205.0402875565323,-3864.442815981401,95.0,20216.607222222217,41.0,False,5
3238,428.573,3204.0,-3866.0,95.17143222857143,20216.772401580547,41.128574171428575,False,5
3239,428.847,3158.711731835134,-3939.233314063018,103.0,20224.61833333333,47.0,False,5
3240,428.892,3153.0,-3949.0,103.8437488,20225.931139925797,48.6874976,False,5
3241,429.007,3141.525032981191,-3969.218676000455,106.0,20229.32944444444,53.0,False,5
3242,429.207,3125.5508940011673,-3998.1904495988856,113.0,20235.607222222217,57.0,False,5
3243,429.312,3106.0,-4030.0,117.5937584,20239.199116181593,60.7187568,False,5
3244,429.552,3038.0,-4136.0,128.0937584,20248.171117609396,69.2187568,False,5
3245,429.687,3015.9495753514443,-4167.317142243822,134.0,20253.473888888886,74.0,False,5
3246,429.872,2991.0,-4193.0,140.47500672,20260.96526315207,73.53749952,False,5
3247,430.087,2929.377642432602,-4251.526975358708,148.0,20269.91833333333,73.0,False,5
3248,430.192,2896.0,-4280.0,150.6250048,20274.351843585293,70.89999616,False,5
3249,430.287,2867.3920534501535,-4301.566155229167,153.0,20278.41833333333,69.0,False,5
3250,430.392,2834.0,-4324.0,155.187504,20282.99489422915,61.1249856,False,5
3251,430.527,2783.434198958611,-4355.437773538816,158.0,20288.951666666664,51.0,False,5
3252,430.552,2774.0,-4361.0,158.1562512,20290.055592626522,47.4062224,False,5
3253,430.687,2724.047792875777,-4388.305803301198,159.0,20296.018333333333,28.0,False,5
3254,430.752,2695.0,-4401.0,159.0,20298.887927112915,27.346731948789724,False,5
3255,430.886,2617.4504425165105,-4427.817966456599,159.0,20304.8075,26.0,False,5
3256,431.052,2522.0,-4455.0,159.45983352196495,20312.170522031352,36.57617100519375,False,5
3257,431.247,2467.9096897113736,-4466.056230717437,160.0,20320.851944444443,49.0,False,5
3258,431.407,2420.6311791726453,-4463.059091814681,161.0,20328.007499999996,52.0,False,5
3259,431.433,2408.0,-4462.0,161.3714304,20329.181824226143,52.5571456,False,5
3260,431.613,2298.0,-4451.0,163.94285897142856,20337.416383890424,56.41428845714286,False,5
3261,431.687,2262.926090181677,-4445.625987320843,165.0,20340.840833333332,58.0,False,5
3262,431.913,2188.0,-4425.0,168.7666688,20351.439979476363,67.416672,False,5
3263,431.927,2182.669798562975,-4423.328460628877,169.0,20352.1075,68.0,False,5
3264,432.087,2112.70960146588,-4400.690818054542,174.0,20359.840833333332,76.0,False,5
3265,432.213,2055.0,-4379.0,177.1500032,20366.058419086443,79.937504,False,5
3266,432.247,2039.9971028508276,-4372.639125024084,178.0,20367.751944444444,81.0,False,5
3267,432.393,1981.0,-4345.0,179.8250016,20375.09225495981,79.6312488,False,5
3268,432.567,1930.0117791977768,-4317.740495934797,182.0,20383.929722222223,78.0,False,5
3269,432.653,1888.0,-4288.0,183.29000192,20388.30794187258,78.0,False,5
3270,432.767,1802.3927389014043,-4222.506718236837,185.0,20394.2075,78.0,False,5
3271,432.813,1771.0,-4198.0,187.1083392,20396.653690310293,80.875008,False,5
3272,433.007,1706.04499270516,-4145.133956660736,196.0,20407.274166666666,93.0,False,5
3273,433.213,1654.0,-4094.0,199.60500224,20418.679382558785,96.60500224,False,5
3274,433.407,1528.2998236074163,-3975.2846955363384,203.0,20429.82972222222,100.0,False,5
3275,433.473,1493.0,-3942.0,208.7750112,20433.78326755772,100.0,False,5
3276,433.567,1460.991494607429,-3911.720142880154,217.0,20439.474166666667,100.0,False,5
3277,433.727,1430.7320966420937,-3882.5145826166713,217.0,20449.11861111111,100.0,False,5
3278,433.753,1423.0,-3875.0,218.4625072,20450.72007529237,100.0,False,5
3279,433.887,1367.7351760306078,-3821.201202660765,226.0,20459.163055555557,100.0,False,5
3280,434.013,1306.0,-3761.0,230.0500041142857,20467.3190247697,100.0,False,5
3281,434.167,1234.636170348531,-3691.2221293934554,235.0,20477.440833333334,100.0,False,5
3282,434.253,1195.0,-3652.0,236.6125024,20483.099101273994,100.0,False,5
3283,434.327,1160.3757558916093,-3617.347626064544,238.0,20488.018611111114,100.0,False,5
3284,434.373,1139.0,-3596.0,239.2458368,20491.119828405135,100.0,False,5
3285,434.593,1033.0,-3492.0,245.20417013333332,20506.402813563465,100.0,False,5
3286,434.807,890.9620147535659,-3353.2546833476044,251.0,20521.48527777778,100.0,False,5
3287,434.853,864.0,-3327.0,251.5750016,20524.71248846136,100.0,False,5
3288,434.967,809.8043599862522,-3274.453853765682,253.0,20532.729722222222,100.0,False,5
3289,435.207,722.9894106558024,-3189.940479975432,259.0,20549.99638888889,100.0,False,5
3290,435.233,711.0,-3178.0,259.52000256,20551.88589453483,100.0,False,5
3291,435.333,660.0,-3127.0,261.52000256,20559.178710551863,100.0,False,5
3292,435.407,621.1867498898945,-3088.692903763137,263.0,20564.6075,100.0,False,5
3293,435.647,494.6304606190068,-2965.587818418193,267.0,20582.407499999998,100.0,False,5
3294,435.652,492.0,-2963.0,267.07499904,20582.780868848015,100.0,False,5
3295,435.832,397.0,-2869.0,269.77500288,20596.278876980996,100.0,False,5
3296,435.847,388.94846229669196,-2861.101592521757,270.0,20597.407499999998,100.0,False,5
3297,436.007,302.2529824697872,-2776.8759710545364,272.0,20609.49638888889,100.0,False,5
3298,436.032,289.0,-2764.0,272.52083733333336,20611.40122923607,100.0,False,5
3299,436.247,173.88252377105766,-2651.549885480632,277.0,20627.963055555556,100.0,False,5
3300,436.272,158.0,-2636.0,277.3125024,20629.9028379582,100.0,False,5
3301,436.492,3.0,-2484.0,280.0624992,20647.078343097062,100.0,False,5
3302,436.647,-68.39820894383169,-2413.178164116019,282.0,20659.296388888888,100.0,False,5
3303,436.772,-119.0,-2363.0,283.73611022222224,20669.22138701086,100.0,False,5
3304,436.992,-244.0,-2241.0,286.79166933333335,20686.796742434573,100.0,False,5
3305,437.007,-255.7654780502775,-2229.604101910232,287.0,20687.99638888889,100.0,False,5
3306,437.167,-406.634467078116,-2083.9564477251574,288.0,20700.796388888888,100.0,False,5
3307,437.252,-474.0,-2019.0,288.0,20707.590891216212,100.0,False,5
3308,437.327,-515.6501488112418,-1978.8319170721375,288.0,20713.59638888889,100.0,False,5
3309,437.612,-607.0,-1892.0,290.68024964408784,20736.615918315074,100.0,False,5
3310,437.646,-626.8765171046277,-1873.3717863790228,291.0,20739.382222222226,100.0,False,5
3311,437.793,-715.0,-1791.0,293.739132716177,20751.385296811834,100.0,False,5
3312,437.807,-719.2342013484158,-1787.0641020974672,294.0,20752.53055555556,100.0,False,5
3313,438.047,-676.6241972497218,-1827.5126995149687,295.0,20772.19722222223,100.0,False,5
3314,438.173,-735.0,-1771.0,295.45000045714283,20782.540258437846,100.0,False,5
3315,438.327,-956.8265065503884,-1558.355972043912,296.0,20795.219444444447,100.0,False,5
3316,438.373,-1016.0,-1502.0,296.3833344,20799.020547657754,100.0,False,5
3317,438.613,-1185.0,-1344.0,298.3833344,20818.949533985873,100.0,False,6
3318,438.687,-1256.8682148241946,-1275.5448247873474,299.0,20825.119444444448,100.0,False,6
3319,438.793,-1366.0,-1171.0,299.8833344,20833.975565669545,100.0,False,6
3320,438.927,-1452.4172459189435,-1088.405982323005,301.0,20845.186111111114,100.0,False,6
3321,439.167,-1525.9894487214858,-1018.8350074126504,301.0,20865.252777777776,100.0,False,6
3322,439.213,-1548.0,-998.0,301.0,20869.096342256813,100.0,False,6
3323,439.373,-1645.0,-906.0,301.0,20882.464757856687,100.0,False,6
3324,439.447,-1690.0395799620223,-863.0735240768847,301.0,20888.66388888889,100.0,False,6
3325,439.513,-1730.0,-825.0,301.4714294857143,20894.204822520656,100.0,False,6
3326,439.727,-1860.6328380653251,-701.1948750713096,303.0,20912.230555555554,100.0,False,6
3327,439.733,-1864.0,-698.0,303.01500032,20912.73660836112,100.0,False,6
3328,440.013,-2035.0,-535.0,303.71500032,20936.37919332158,100.0,False,6
3329,440.127,-2163.9282797404067,-411.9666855453987,304.0,20946.008333333335,100.0,False,6
3330,440.193,-2231.0,-348.0,304.0,20951.58205102493,100.0,False,6
3331,440.327,-2308.559774235196,-274.2008531481947,304.0,20962.897222222222,100.0,False,6
3332,440.553,-2366.0,-220.0,304.0,20981.9826155562,100.0,False,6
3333,440.607,-2393.8256668117374,-193.59656022720142,304.0,20986.541666666668,100.0,False,6
3334,440.713,-2464.0,-127.0,304.0,20995.488774209152,100.0,False,6
3335,440.847,-2575.930701803836,-21.01674765826426,304.0,21006.80833333333,100.0,False,6
3336,441.007,-2723.330592079874,118.4001778503003,304.0,21020.319444444445,100.0,False,6
3337,441.093,-2782.0,174.0,301.312496,21027.482934836175,73.12496,False,6
3338,441.327,-2863.6044158628492,251.89041024003785,294.0,21046.452777777777,0.0,False,6
3339,441.453,-2911.0,297.0,284.5499904,21056.254065533733,0.0,False,6
3340,441.613,-3003.0,384.0,272.5499904,21068.079011506336,0.0,False,6
3341,441.647,-3023.2186004585355,403.0393576508929,270.0,21070.452777777777,0.0,True,6
3342,441.933,-3180.0,550.0,238.14998574545456,21088.520295156737,0.0,True,6
3343,442.087,-3246.0322523746177,612.243591619443,221.0,21097.463888888888,0.0,True,6
3344,442.252,-3312.0,676.0,203.67500672,21106.711375212344,0.0,True,6
3345,442.287,-3326.905937563827,690.7461935121481,200.0,21108.574999999997,0.0,True,6
3346,442.412,-3383.0,748.0,190.6250048,21114.87587828343,0.0,True,6
3347,442.647,-3497.2405581046974,878.3801673770847,173.0,21125.874999999996,0.0,True,6
3348,442.692,-3516.0,902.0,172.1562512,21128.000529213637,0.0,True,6
3349,442.807,-3556.142013876155,956.8669150486022,170.0,21133.430555555555,0.0,True,6
3350,443.007,-3601.3071280447543,1033.245738375436,165.0,21142.597222222223,0.0,False,6
3351,443.132,-3620.0,1068.0,162.6562512,21148.1849536685,0.0,False,6
3352,443.327,-3637.477742881478,1103.708014420221,159.0,21156.730555555554,0.0,False,6
3353,443.432,-3646.0,1129.0,156.3749952,21161.265936037707,1.9687535999999999,False,6
3354,443.487,-3651.138958625405,1146.7823515458228,155.0,21163.619444444445,3.0,False,6
3355,443.692,-3669.0,1234.0,152.4375008,21172.247570036456,17.7343704,False,6
3356,443.807,-3671.1289322268135,1288.8977457618832,151.0,21177.041666666668,26.0,False,6
3357,444.007,-3664.232414681395,1383.8452944164449,150.0,21185.375,28.0,False,6
3358,444.012,-3664.0,1386.0,150.0418404574151,21185.58401316132,28.64852708993417,False,6
3359,444.246,-3650.314740968646,1474.4256774109301,152.0,21195.46611111111,59.0,False,6
3360,444.407,-3635.654761193015,1537.4141571675518,158.0,21202.53222222222,59.0,False,6
3361,444.413,-3635.0,1540.0,158.23571931428572,21202.803177049514,59.64287085714286,False,6
3362,444.473,-3628.0,1567.0,160.59286217142858,21205.54704276595,66.07144228571428,False,6
3363,444.687,-3595.7348201316518,1688.598429215819,169.0,21215.676666666666,89.0,False,6
3364,444.813,-3578.0,1767.0,171.52000256,21221.683152007467,89.0,False,6
3365,444.887,-3569.6238023349188,1812.4588765305652,173.0,21225.287777777776,89.0,False,6
3366,445.047,-3556.652352592048,1908.6421514112192,182.0,21233.376666666667,100.0,False,6
3367,445.213,-3550.0,1986.0,186.6687536,21242.061065859474,100.0,False,6
3368,445.367,-3549.7649241857825,2029.2733217085515,191.0,21250.354444444445,100.0,False,6
3369,445.513,-3553.0,2072.0,195.38000384,21258.42081466427,100.0,False,6
3370,445.767,-3568.1633653240633,2213.4139412805744,203.0,21272.91,100.0,False,6
3371,445.773,-3569.0,2218.0,203.19286125714285,21273.258903646183,100.0,False,6
3372,446.033,-3622.0,2440.0,211.5500041142857,21288.57516198555,100.0,False,6
3373,446.047,-3624.509673790253,2449.0009082089946,212.0,21289.39888888889,100.0,False,6
3374,446.287,-3654.8182067653174,2531.41080718233,212.0,21303.53222222222,100.0,False,6
3375,446.433,-3684.0,2581.0,216.86667093333332,21312.42232844851,100.0,False,6
3376,446.527,-3712.901060192231,2629.737978359101,220.0,21318.198888888888,100.0,False,6
3377,446.713,-3789.0,2749.0,220.93000064,21329.59737872173,100.0,False,6
3378,446.927,-3895.9760781611194,2882.0727607423814,222.0,21342.865555555556,100.0,False,6
3379,447.113,-3978.0,2972.0,226.18500288,21354.734624429795,100.0,False,6
3380,447.327,-4038.185355667884,3031.397880512133,231.0,21368.53222222222,100.0,False,6
3381,447.393,-4062.0,3053.0,231.23571474285714,21372.75780836545,100.0,False,6
3382,447.607,-4168.981219551285,3147.404842967561,232.0,21386.576666666668,100.0,False,6
3383,447.613,-4172.0,3150.0,232.36000768,21386.974789933665,100.0,False,6
3384,447.793,-4263.0,3227.0,243.16000768,21399.17384844281,100.0,False,6
3385,447.807,-4271.40571085238,3234.2037705478547,244.0,21400.132222222222,100.0,False,6
3386,448.093,-4468.0,3406.0,247.972224,21419.85974859563,100.0,False,6
3387,448.167,-4503.410593353688,3437.1939287803716,249.0,21425.03222222222,100.0,False,6
3388,448.447,-4586.608203270322,3512.9243042288854,255.0,21444.865555555556,100.0,False,6
3389,448.553,-4654.0,3577.0,256.13571565714284,21452.432718221546,100.0,False,6
3390,448.727,-4815.638441830802,3731.793038128139,258.0,21464.93222222222,100.0,False,6
3391,448.732,-4820.0,3736.0,258.0833322666667,21465.293472233636,100.0,False,6
3392,448.967,-4974.085363609257,3887.298774324771,262.0,21482.39888888889,100.0,False,6
3393,449.167,-5047.61700322747,3961.600942853045,265.0,21497.12111111111,100.0,False,6
3394,449.172,-5049.0,3963.0,265.0312496,21497.49070382105,100.0,False,6
3395,449.452,-5121.0,4037.0,266.7812496,21518.261678901083,100.0,False,6
3396,449.487,-5138.226342791009,4055.032497399933,267.0,21520.85444444445,100.0,False,6
3397,449.687,-5280.993136679262,4205.254993644913,267.0,21535.68777777778,100.0,False,6
3398,449.792,-5355.0,4284.0,270.281256,21543.609659836555,100.0,False,6
3399,449.847,-5389.321925506942,4320.880124838984,272.0,21547.77666666667,100.0,False,6
3400,450.087,-5508.143792965684,4451.8289489433455,273.0,21565.97666666667,100.0,False,6
3401,450.212,-5569.0,4521.0,274.0416661333333,21575.51054577481,100.0,False,6
3402,450.327,-5629.395553632771,4590.620760813396,275.0,21584.310000000005,100.0,False,6
3403,450.567,-5747.163271621242,4727.860121295445,276.0,21602.710000000006,100.0,False,6
3404,450.572,-5749.0,4730.0,276.0,21603.092955352102,100.0,False,6
3405,450.886,-5828.008419409307,4823.086682920542,276.0,21627.166666666675,100.0,False,6
3406,450.973,-5866.0,4870.0,277.44398484819516,21633.909695629533,100.0,False,6
3407,451.127,-5966.187428131451,4995.016544593941,280.0,21645.91111111112,100.0,False,6
3408,451.213,-6021.0,5064.0,280.2687504,21652.620449642673,100.0,False,6
3409,451.447,-6119.442332695769,5190.794907673222,281.0,21670.888888888898,100.0,False,6
3410,451.607,-6170.98146874805,5259.306246794036,281.0,21683.377777777787,100.0,False,6
3411,451.613,-6173.0,5262.0,281.0,21683.845902988454,100.0,False,6
3412,451.887,-6271.784322708525,5394.60361701919,281.0,21705.23333333334,100.0,False,6
3413,452.127,-6368.953482080372,5526.21555390974,281.0,21723.966666666674,81.0,False,6
3414,452.367,-6482.443584861625,5685.382972254772,272.0,21742.10000000001,0.0,False,6
3415,452.613,-6621.0,5888.0,272.0,21761.221559178746,0.0,False,6
3416,452.767,-6718.7860316593005,6034.544745081628,272.0,21772.32222222223,0.0,True,6
3417,452.873,-6780.0,6127.0,249.73997312,21779.17663930034,0.0,True,6
3418,452.967,-6824.538701675651,6194.524720037567,230.0,21785.100000000006,0.0,True,6
3419,453.247,-6910.887870331651,6326.498026100348,230.0,21802.988888888896,0.0,True,6
3420,453.333,-6931.0,6357.0,210.6499712,21807.766350930084,0.0,True,6
3421,453.407,-6946.715457999329,6380.6468769742705,194.0,21811.611111111117,0.0,True,6
3422,453.633,-6998.0,6459.0,175.79443413333334,21822.31856229796,0.0,True,6
3423,453.767,-7046.5986314507045,6536.699020184602,165.0,21828.111111111117,0.0,True,6
3424,453.893,-7087.0,6602.0,157.64999253333335,21833.2655434938,0.0,True,6
3425,454.127,-7109.764364097957,6640.154415227277,144.0,21842.51111111112,0.0,True,6
3426,454.193,-7116.0,6652.0,144.0,21845.190934113652,0.0,True,6
3427,454.367,-7144.334283366098,6706.637133289299,144.0,21852.11111111112,0.0,True,6
3428,454.433,-7155.0,6729.0,138.10713142857142,21854.475321134756,0.0,True,6
3429,454.647,-7179.81954738756,6793.582266093397,119.0,21861.366666666676,0.0,True,6
3430,454.713,-7186.0,6815.0,116.87856731428572,21863.420209715325,0.0,True,6
3431,454.927,-7203.4973081942535,6893.608942104625,110.0,21869.92222222223,0.0,True,6
3432,454.993,-7207.0,6915.0,108.89999786666667,21871.874547776948,0.0,True,6
3433,455.287,-7210.17603825769,6984.0430061038,104.0,21880.32222222223,0.0,False,6
3434,455.312,-7210.0,6990.0,103.74999808,21881.029815797152,0.0,False,6
3435,455.492,-7206.0,7040.0,101.95000064,21886.083917452965,0.0,False,6
3436,455.687,-7187.243175847889,7116.325070437227,100.0,21891.43333333334,0.0,False,6
3437,455.752,-7181.0,7137.0,98.3749952,21893.178630734143,1.6250048,False,6
3438,455.887,-7171.359380987507,7163.223175590213,95.0,21896.71111111112,5.0,False,6
3439,456.087,-7155.6217640384475,7185.187130337978,89.0,21901.655555555564,12.0,False,6
3440,456.092,-7155.0,7186.0,89.02499968,21901.77895162601,12.19999744,False,6
3441,456.252,-7130.0,7217.0,89.82499968,21905.76939793435,18.59999744,False,6
3442,456.287,-7123.835761374801,7223.586827796402,90.0,21906.655555555564,20.0,False,6
3443,456.447,-7093.384739887978,7250.371147515783,93.0,21910.7888888889,23.0,False,6
3444,456.492,-7084.0,7257.0,93.74999893333333,21911.989455063795,24.9687472,False,6
3445,456.732,-7029.0,7286.0,97.74999893333333,21918.69722863288,35.4687472,False,6
3446,456.927,-6981.507367008322,7302.659903200509,101.0,21924.255555555566,44.0,False,6
3447,456.992,-6959.0,7308.0,101.46428708571429,21926.09762281788,44.46428708571428,False,6
3448,457.207,-6856.775386524931,7326.149739314676,103.0,21932.266666666677,46.0,False,6
3449,457.272,-6833.0,7330.0,105.4375072,21934.216362422754,50.333346133333336,False,6
3450,457.447,-6805.481617167881,7334.287741474235,112.0,21939.733333333344,62.0,False,6
3451,457.613,-6768.0,7339.0,119.2625056,21945.445539023025,67.187504,False,6
3452,457.767,-6674.102931175691,7351.108585095804,126.0,21950.933333333345,72.0,False,6
3453,457.873,-6601.0,7360.0,128.12000256,21954.69312422833,73.59000192,False,6
3454,457.967,-6542.899070639708,7366.347726764015,130.0,21958.155555555568,75.0,False,6
3455,458.253,-6410.0,7379.0,145.888896,21969.995531063625,74.2055552,False,6
3456,458.327,-6388.500080617408,7381.59030540394,150.0,21973.155555555568,74.0,False,6
3457,458.567,-6335.288905414625,7392.003772921667,153.0,21983.35555555557,0.0,True,6
3458,458.593,-6327.0,7394.0,153.0,21984.4616722192,0.0,True,6
3459,458.767,-6255.813636938187,7412.378307440155,153.0,21991.85555555557,0.0,False,6
3460,458.833,-6228.0,7421.0,152.00999808,21994.633215998598,0.0,False,6
3461,458.967,-6176.628783731448,7440.650204671356,150.0,22000.1888888889,0.0,False,6
3462,459.093,-6132.0,7462.0,145.2749952,22005.2519101288,0.0,False,6
3463,459.127,-6120.16726081976,7468.277197567414,144.0,22006.588888888902,0.0,False,6
3464,459.333,-6051.0,7511.0,139.78636101818182,22014.41465475627,11.236370618181818,False,6
3465,459.513,-5996.0,7555.0,136.10454283636363,22021.069801769285,21.054552436363636,False,6
3466,459.567,-5980.649605719064,7569.404680070658,135.0,22023.088888888902,24.0,False,6
3467,459.573,-5979.0,7571.0,135.02142902857142,22023.313891979204,24.32143542857143,False,6
3468,459.773,-5929.0,7628.0,135.73571474285714,22030.875059796017,35.03572114285714,False,6
3469,459.847,-5910.040171070557,7658.330902636834,136.0,22033.66666666668,39.0,False,6
3470,460.127,-5843.929705412923,7794.79624765642,136.0,22044.24444444446,39.0,False,6
3471,460.133,-5843.0,7797.0,136.2142902857143,22044.478527727668,39.0,False,6
3472,460.407,-5823.954231606414,7860.977457022607,146.0,22055.600000000013,39.0,False,6
3473,460.513,-5820.0,7892.0,149.9750048,22060.07752613808,39.0,False,6
3474,460.567,-5817.541726347102,7912.530257342325,152.0,22062.35555555557,39.0,False,6
3475,460.693,-5812.0,7968.0,152.0,22067.638305731434,72.8625344,False,6
3476,460.727,-5811.079438138869,7982.901521003183,152.0,22069.111111111124,82.0,False,6
3477,460.853,-5810.0,8038.0,159.35000746666665,22074.853949026434,83.5750016,False,6
3478,460.967,-5812.133065250336,8090.010858250219,166.0,22080.17777777779,85.0,False,6
3479,461.053,-5815.0,8130.0,166.0,22084.1261820519,89.73000704,False,6
3480,461.167,-5819.747539905293,8183.245704133292,166.0,22089.400000000012,96.0,False,6
3481,461.213,-5822.0,8205.0,168.5875072,22091.593530967468,95.7124992,False,6
3482,461.327,-5828.458597539717,8259.856693418287,175.0,22097.17777777779,95.0,False,6
3483,461.413,-5834.0,8302.0,178.2250048,22101.50325521283,96.79166933333333,False,6
3484,461.567,-5845.071102724457,8378.847496312239,184.0,22109.444444444456,100.0,False,6
3485,461.673,-5853.0,8432.0,186.208336,22115.00969589317,100.0,False,6
3486,461.807,-5863.077508951001,8499.615239436904,189.0,22122.04444444446,100.0,False,6
3487,461.853,-5867.0,8525.0,188.53999872,22124.423669823005,100.0,False,6
3488,462.007,-5882.782969248941,8622.33857153555,187.0,22132.433333333345,100.0,False,6
3489,462.167,-5900.065002616216,8725.412299322325,200.0,22141.322222222232,100.0,False,6
3490,462.212,-5904.0,8749.0,201.34999808,22143.878578317,100.0,False,6
3491,462.367,-5914.508247088891,8812.889283548195,206.0,22152.766666666677,100.0,False,6
3492,462.452,-5920.0,8850.0,206.23611093333332,22157.6336924948,100.0,False,6
3493,462.692,-5937.0,8988.0,206.9027776,22171.42171164634,100.0,False,6
3494,462.727,-5938.887101111875,9008.40961367276,207.0,22173.466666666674,100.0,False,6
3495,462.892,-5945.0,9103.0,212.77499776,22183.248779869664,100.0,False,6
3496,462.927,-5945.793496766679,9123.586300421133,214.0,22185.355555555565,100.0,False,6
3497,463.192,-5945.0,9285.0,219.7968792,22201.61442233749,100.0,False,6
3498,463.247,-5942.754867962262,9318.590821386322,221.0,22205.000000000007,100.0,False,6
3499,463.372,-5935.0,9395.0,221.0,22212.673087049487,75.7812624,False,6
3500,463.407,-5932.253185095999,9416.553320448482,221.0,22214.82222222223,69.0,False,6
3501,463.532,-5921.0,9492.0,221.3906248,22222.51168627965,68.2187504,False,6
3502,463.727,-5897.76755552844,9600.539614020925,222.0,22234.555555555562,67.0,False,6
3503,463.772,-5886.0,9634.0,222.24999964444444,22237.344361762105,69.62499626666667,False,6
3504,463.972,-5807.0,9815.0,223.36111075555556,22249.780865457462,81.29166293333333,False,6
3505,464.087,-5776.58463562099,9874.883814112449,224.0,22256.955555555563,88.0,False,6
3506,464.248,-5749.95454282341,9909.565257535703,225.0,22267.018055555563,100.0,False,6
3507,464.313,-5733.0,9930.0,225.0,22271.075669993985,100.0,False,6
3508,464.407,-5700.683021559467,9969.035302238635,225.0,22276.955555555563,100.0,False,6
3509,464.553,-5634.0,10044.0,226.56428708571428,22286.17845318305,100.0,False,6
3510,464.687,-5557.818289808097,10116.370959028072,228.0,22294.688888888897,100.0,False,6
3511,464.873,-5452.0,10207.0,228.77500053333333,22306.50698487107,100.0,False,6
3512,464.927,-5427.881271781462,10226.97441591256,229.0,22309.955555555563,100.0,False,6
3513,465.153,-5341.0,10295.0,231.42142994285715,22324.50675132139,100.0,False,6
3514,465.207,-5315.169346617033,10314.579929159141,232.0,22328.000000000007,100.0,False,6
3515,465.333,-5248.0,10365.0,232.63000064,22336.165993265084,100.0,False,6
3516,465.573,-5116.0,10462.0,233.83000064,22351.78095830882,100.0,False,6
3517,465.607,-5097.271222849281,10475.245823656738,234.0,22354.00000000001,100.0,False,6
3518,465.753,-5018.0,10530.0,234.9125008,22363.548611014314,100.0,False,6
3519,465.927,-4924.686598805726,10592.632699600748,236.0,22374.97777777779,100.0,False,6
3520,465.933,-4921.0,10595.0,236.0750016,22375.37302174795,100.0,False,6
3521,466.087,-4810.886440541912,10662.991276318764,238.0,22385.555555555566,100.0,False,6
3522,466.253,-4694.0,10732.0,240.0750016,22396.678610778356,100.0,False,6
3523,466.407,-4622.306923060401,10772.257004003619,242.0,22407.066666666677,100.0,False,6
3524,466.573,-4553.0,10808.0,242.0,22418.260394105702,100.0,False,6
3525,466.807,-4413.421500380584,10876.653275736859,242.0,22433.955555555567,100.0,False,6
3526,466.873,-4372.0,10896.0,241.26666524444445,22438.343392869414,100.0,False,6
3527,467.053,-4262.0,10945.0,239.26666524444445,22450.232068540856,100.0,False,6
3528,467.167,-4193.115615351061,10975.626879334919,238.0,22457.755555555563,100.0,False,6
3529,467.273,-4129.0,11004.0,238.0,22464.760750309182,100.0,False,6
3530,467.367,-4071.808658159601,11028.916066764868,238.0,22470.97777777779,100.0,False,6
3531,467.493,-3995.0,11062.0,238.0,22479.311547274472,100.0,False,6
3532,467.527,-3974.3304145560355,11070.877299451911,238.0,22481.555555555566,100.0,False,6
3533,467.673,-3886.0,11109.0,237.18888817777778,22491.15633877841,100.0,False,6
3534,467.853,-3778.0,11157.0,236.18888817777778,22502.934050732416,100.0,False,6
3535,467.887,-3757.3026594957546,11166.142093208535,236.0,22505.155555555568,100.0,False,6
3536,468.047,-3658.431173321536,11209.275663477296,235.0,22515.600000000013,100.0,False,6
3537,468.173,-3586.0,11241.0,235.0,22523.824559788096,100.0,False,6
3538,468.207,-3567.882069285402,11249.020000873374,235.0,22526.044444444455,100.0,False,6
3539,468.353,-3492.0,11283.0,235.0,22535.578539624497,100.0,False,6
3540,468.407,-3460.846742285951,11297.05613802401,235.0,22539.10000000001,100.0,False,6
3541,468.512,-3397.0,11326.0,234.5624992,22545.934791731765,100.0,False,6
3542,468.647,-3316.512189561728,11362.786571299273,234.0,22554.70000000001,100.0,False,6
3543,468.807,-3223.8501108621617,11405.669641105165,233.0,22565.05555555557,100.0,False,6
3544,468.812,-3221.0,11407.0,232.97500032,22565.378284181148,100.0,False,6
3545,468.992,-3116.0,11457.0,232.07499904,22576.97573424245,100.0,False,6
3546,469.007,-3106.236089037141,11461.825893852587,232.0,22577.944444444456,100.0,False,6
3547,469.212,-2967.0,11533.0,232.0,22591.21530634071,26.78573714285714,False,6
3548,469.287,-2928.5945492336887,11553.339408221744,232.0,22595.9888888889,0.0,True,6
3549,469.487,-2839.915627685238,11604.235946484958,221.0,22608.26666666668,0.0,True,6
3550,469.492,-2837.0,11606.0,220.687504,22608.56015820994,0.0,True,6
3551,469.812,-2611.0,11747.0,200.687504,22626.03617619625,0.0,True,6
3552,469.887,-2578.161451620024,11767.617979570496,196.0,22630.04444444446,0.0,False,6
3553,470.087,-2534.3114097982784,11793.130445896371,194.0,22640.822222222236,12.0,False,6
3554,470.172,-2509.0,11804.0,193.4687504,22645.38292408657,20.7656184,False,6
3555,470.407,-2400.6203199213464,11841.170785240065,192.0,22657.8888888889,45.0,False,6
3556,470.432,-2388.0,11844.0,191.8220628119713,22659.211657465316,46.423497504229466,False,6
3557,470.633,-2286.0,11853.0,190.39145926277516,22669.811269237252,57.86832589779868,False,6
3558,470.688,-2257.6147115332024,11851.160972305539,190.0,22672.719444444458,61.0,False,6
3559,470.753,-2224.0,11847.0,190.32499968,22676.165323141922,64.57499648,False,6
3560,470.888,-2154.916716140596,11832.877242487026,191.0,22683.330555555567,72.0,False,6
3561,470.933,-2132.0,11826.0,191.0,22685.710882524032,74.07112842534167,False,6
3562,471.093,-2051.0,11792.0,191.0,22694.183703937793,81.43515107761091,False,6
3563,471.127,-2034.0587677605724,11783.127140616192,191.0,22696.01083333335,83.0,False,6
3564,471.453,-1879.0,11678.0,199.89091258181818,22714.15653437064,95.59545949090909,False,6
3565,471.533,-1842.0,11650.0,202.07273076363637,22718.814985238445,98.68636858181819,False,6
3566,471.567,-1822.9946491508808,11636.215118858954,203.0,22720.82194444446,100.0,False,6
3567,471.727,-1704.4389474252073,11555.598520720987,214.0,22730.33305555557,100.0,False,6
3568,471.833,-1630.0,11511.0,208.16999296,22736.268953480532,98.93999872,False,6
3569,471.927,-1577.0893338587516,11485.165009941778,203.0,22741.61083333335,98.0,False,6
3570,472.033,-1522.0,11464.0,214.13001344,22748.11335612697,99.06000128,False,6
3571,472.127,-1467.1659538968963,11444.898268581972,224.0,22754.055277777796,100.0,False,6
3572,472.193,-1427.0,11432.0,224.8250016,22758.20063163632,100.0,False,6
3573,472.287,-1369.2626163639595,11415.128533487166,226.0,22764.09972222224,100.0,False,6
3574,472.413,-1291.0,11395.0,228.10000213333333,22772.07913154544,100.0,False,6
3575,472.527,-1219.4885436732823,11378.861911154894,230.0,22779.43305555557,100.0,False,6
3576,472.593,-1178.0,11370.0,232.59286217142858,22783.773516944166,100.0,False,6
3577,472.807,-1041.6959330349246,11342.058323014591,241.0,22798.17750000002,100.0,False,6
3578,472.853,-1010.0,11336.0,242.0062528,22801.3088658604,100.0,False,6
3579,473.093,-823.0,11301.0,247.2562528,22817.843959663882,100.0,False,6
3580,473.127,-792.9357658853564,11294.67284918716,248.0,22820.221944444464,100.0,False,6
3581,473.367,-565.6741422339286,11241.202521729767,255.0,22837.221944444464,100.0,False,6
3582,473.473,-494.0,11223.0,255.75714377142856,22844.760204534166,100.0,False,6
3583,473.647,-435.9162146701714,11206.26409941352,257.0,22857.21083333335,100.0,False,6
3584,473.753,-398.0,11193.0,259.27143131428573,22864.903806982817,100.0,False,6
3585,473.927,-287.18444326277853,11153.506359640814,263.0,22877.666388888905,100.0,False,6
3586,474.073,-179.0,11111.0,265.19000192,22888.44070903091,100.0,False,6
3587,474.127,-141.6927716444968,11094.6243803929,266.0,22892.444166666683,100.0,False,6
3588,474.313,-21.0,11034.0,267.7437512,22906.317961051198,100.0,False,6
3589,474.447,64.46803881949491,10983.543472681478,269.0,22916.355277777795,100.0,False,6
3590,474.533,118.0,10948.0,269.35833386666667,22922.802612247877,100.0,False,6
3591,474.687,209.8989890342935,10878.172178748602,270.0,22934.355277777795,100.0,False,6
3592,474.773,259.0,10836.0,270.0,22940.80829570553,100.0,False,6
3593,474.887,321.6577244123048,10776.806266799998,270.0,22949.355277777795,100.0,False,6
3594,474.953,357.0,10741.0,270.0,22954.294320786077,100.0,False,6
3595,475.087,427.10043948758687,10665.193936610347,270.0,22964.355277777795,100.0,False,6
3596,475.132,450.0,10639.0,270.9642843428571,22967.769235673102,100.0,False,6
3597,475.332,547.0,10519.0,275.2499986285714,22983.124172435964,100.0,False,6
3598,475.367,562.9920181808553,10497.504621938704,276.0,22985.821944444462,100.0,False,6
3599,475.532,635.0,10394.0,277.3749994666667,22998.55667478506,100.0,False,6
3600,475.607,666.70409838586,10345.412932357203,278.0,23004.355277777795,100.0,False,6
3601,475.632,677.0,10329.0,278.1041674666667,23006.28964484264,100.0,False,6
3602,475.847,758.3499315404978,10184.690320396838,279.0,23022.95527777779,100.0,False,6
3603,475.872,767.0,10168.0,279.0892864,23024.896568749587,100.0,False,6
3604,476.052,827.0,10042.0,279.7321426285714,23038.893491081773,100.0,False,6
3605,476.127,854.5430943015054,9975.322180226745,280.0,23044.73305555557,100.0,False,6
3606,476.372,943.0,9736.0,280.7656248,23063.840339637096,100.0,False,6
3607,476.447,960.6749899120463,9683.387634099287,281.0,23069.71083333335,100.0,False,6
3608,476.752,1003.0,9525.0,282.4506545653678,23093.71887900225,100.0,False,6
3609,476.952,1040.0,9372.0,283.4019028618724,23109.573427628067,100.0,False,6
3610,477.152,1073.0,9218.0,284.35315115837693,23125.466682362203,100.0,False,6
3611,477.288,1106.7165182428485,9039.751654105612,285.0,23136.290000000015,100.0,False,6
3612,477.393,1129.0,8921.0,285.8749994666667,23144.655040145273,100.0,False,6
3613,477.528,1140.7546368476148,8863.184940618385,287.0,23155.42333333335,100.0,False,6
3614,477.673,1146.0,8810.0,287.7286435974853,23167.011937097748,100.0,False,6
3615,477.727,1149.90465826635,8761.420866730181,288.0,23171.34333333335,100.0,False,6
3616,477.933,1168.0,8507.0,289.9312512,23187.969084628872,100.0,False,6
3617,478.047,1171.7441891939427,8415.207886633143,291.0,23197.21000000002,100.0,False,6
3618,478.333,1164.0,8279.0,292.43000064,23220.46026116046,100.0,False,6
3619,478.447,1158.3647084697332,8192.883937088294,293.0,23229.765555555576,100.0,False,6
3620,478.593,1150.0,8067.0,293.9125008,23241.719787670147,100.0,False,6
3621,478.767,1139.3577987697836,7924.723774034613,295.0,23255.9877777778,100.0,False,6
3622,478.833,1135.0,7871.0,295.0,23261.39490159914,100.0,False,6
3623,478.993,1124.0,7741.0,295.0,23274.50074618715,100.0,False,6
3624,479.047,1120.6885483790998,7699.913426706385,295.0,23278.932222222244,100.0,False,6
3625,479.253,1100.0,7530.0,295.73571474285717,23295.877207609898,100.0,False,6
3626,479.327,1081.821676839462,7442.523169214816,296.0,23301.954444444462,100.0,False,6
3627,479.453,1046.0,7294.0,295.2124992,23312.27746902071,100.0,False,6
3628,479.487,1038.3168591112512,7265.4890628519115,295.0,23315.065555555575,100.0,False,6
3629,479.687,1005.4721372195755,7176.434947199163,296.0,23331.51000000002,100.0,False,6
3630,479.753,990.0,7137.0,296.0,23336.93875787099,100.0,False,6
3631,480.113,862.0,6779.0,296.0,23366.536685533072,100.0,False,6
3632,480.127,858.2971888272218,6768.296846152882,296.0,23367.6877777778,100.0,False,6
3633,480.327,823.5870293588658,6664.612287971438,296.0,23384.132222222244,100.0,False,6
3634,480.433,805.0,6607.0,296.0,23392.844922424923,100.0,False,6
3635,480.487,793.2587551499424,6570.589119053674,296.0,23397.2877777778,100.0,False,6
3636,480.713,734.0,6388.0,296.8071433142857,23415.930634708136,100.0,False,6
3637,480.767,720.3087498386612,6346.673026603875,297.0,23420.3877777778,100.0,False,6
3638,480.893,686.0,6247.0,297.0,23430.784562796853,100.0,False,6
3639,481.087,611.2375668238411,6047.547797775242,297.0,23446.787777777798,100.0,False,6
3640,481.153,587.0,5986.0,297.0,23452.232601200765,100.0,False,6
3641,481.327,536.2648649369769,5865.867831712325,297.0,23466.587777777797,100.0,False,6
3642,481.487,497.33886009003584,5784.836153262888,297.0,23479.787777777798,100.0,False,6
3643,481.533,485.0,5760.0,297.0,23483.58281634349,100.0,False,6
3644,481.727,422.38288444380987,5625.352200333949,297.0,23499.587777777793,100.0,False,6
3645,481.752,411.0,5595.0,297.0,23501.65018995771,100.0,False,6
3646,481.887,340.21566556812064,5386.822120091879,297.0,23512.787777777794,100.0,False,6
3647,481.892,338.0,5380.0,297.0,23513.200365213954,100.0,False,6
3648,482.127,293.40462735495584,5219.000367478536,297.0,23532.587777777793,100.0,False,6
3649,482.332,288.0,5138.0,296.2678573714286,23549.445868193045,100.0,False,6
3650,482.407,281.07928597759275,5081.772678526211,296.0,23555.61000000001,100.0,False,6
3651,482.532,268.0,4974.0,296.0,23565.88714373734,100.0,False,6
3652,482.567,265.3741240304805,4946.278871712179,296.0,23568.76555555557,100.0,False,6
3653,482.752,259.0,4793.0,296.0,23583.985845220883,100.0,False,6
3654,482.932,263.0,4566.0,296.0,23598.782283311288,100.0,False,6
3655,482.967,264.93585244252637,4525.99360059922,296.0,23601.654444444455,100.0,False,6
3656,483.167,281.38140759910715,4344.158352241226,295.0,23618.043333333342,100.0,False,6
3657,483.212,285.0,4309.0,295.0,23621.730219723657,100.0,False,6
3658,483.327,293.5331773407174,4223.842621627029,295.0,23631.154444444455,100.0,False,6
3659,483.392,301.0,4162.0,295.0,23636.48291917525,100.0,False,6
3660,483.527,326.55686929866175,3981.310779405984,295.0,23647.543333333342,100.0,False,6
3661,483.592,338.0,3904.0,294.7291658666667,23652.857749395287,100.0,False,6
3662,483.767,354.3484082527879,3798.5185910223895,294.0,23667.143333333344,100.0,False,6
3663,483.973,384.0,3696.0,294.0,23683.966559857916,100.0,False,6
3664,484.008,394.7913613355389,3659.8317655558944,294.0,23686.825000000008,100.0,False,6
3665,484.168,458.6061959793213,3448.450215535207,294.0,23699.891666666677,100.0,False,6
3666,484.213,474.0,3399.0,294.0,23703.567309186143,100.0,False,6
3667,484.408,515.004744749396,3279.472881104146,294.0,23719.49166666668,100.0,False,6
3668,484.613,550.0,3201.0,293.53302955430905,23736.198211987372,100.0,False,6
3669,484.813,615.0,3051.0,293.07744848945356,23752.46039922367,100.0,False,6
3670,484.847,629.3995519234043,3019.9368834882275,293.0,23755.2213888889,100.0,False,6
3671,485.033,714.0,2846.0,292.4187496,23770.3078670737,100.0,False,6
3672,485.167,755.3878767202318,2763.5451843362807,292.0,23781.176944444454,100.0,False,6
3673,485.313,796.0,2688.0,292.0,23793.02235895593,100.0,False,6
3674,485.327,800.7208726658909,2679.538562183045,292.0,23794.154722222233,100.0,False,6
3675,485.567,898.439586065518,2512.1760490700535,289.0,23813.4213888889,100.0,False,6
3676,485.573,901.0,2508.0,288.8999978666667,23813.89919070453,100.0,False,6
3677,485.793,996.0,2362.0,285.2333312,23831.314936112125,100.0,False,6
3678,485.807,1002.3219055283489,2353.0015467314174,285.0,23832.4213888889,100.0,False,6
3679,486.033,1110.0,2211.0,285.0,23850.301267746825,100.0,False,6
3680,486.087,1137.0228496586992,2177.826160295852,285.0,23854.588055555563,100.0,False,6
3681,486.287,1240.8119268827968,2057.536973043412,285.0,23870.421388888895,100.0,False,6
3682,486.293,1244.0,2054.0,284.6624928,23870.8876722154,100.0,False,6
3683,486.447,1326.9519214109189,1964.7471065447232,276.0,23882.688055555565,100.0,False,6
3684,486.473,1341.0,1950.0,276.0,23884.67747322295,100.0,False,6
3685,486.693,1460.0,1829.0,276.0,23901.596226651793,100.0,False,6
3686,486.753,1493.0,1797.0,276.0,23906.20664590903,100.0,False,6
3687,486.887,1566.505954844081,1725.4378064942869,276.0,23916.4213888889,100.0,False,6
3688,486.933,1592.0,1701.0,275.26817978181816,23919.901885292435,100.0,False,6
3689,487.173,1728.0,1576.0,271.44999796363635,23937.856708480667,100.0,False,6
3690,487.327,1815.489923193508,1499.195587936089,269.0,23949.299166666675,100.0,False,6
3691,487.413,1864.0,1457.0,268.38571337142855,23955.680430968136,100.0,False,6
3692,487.607,1972.6188758506419,1362.8717792509267,267.0,23970.065833333345,100.0,False,6
3693,487.613,1976.0,1360.0,267.0,23970.511004064985,100.0,False,6
3694,487.853,2113.0,1247.0,267.0,23988.327087333408,100.0,False,6
3695,487.967,2178.9426877472843,1193.971233103719,267.0,23996.765833333342,100.0,False,6
3696,487.993,2194.0,1182.0,267.0,23998.686598384604,86.999936,False,6
3697,488.167,2294.8763400831626,1103.3703655118668,267.0,24011.599166666674,0.0,True,6
3698,488.253,2346.0,1065.0,267.0,24018.144794584165,0.0,True,6
3699,488.367,2415.7606756225987,1014.401569535521,267.0,24026.43250000001,0.0,True,6
3700,488.452,2465.0,980.0,246.8125152,24031.779053126676,0.0,True,6
3701,488.607,2542.1339581591133,929.5088963176256,210.0,24040.43250000001,0.0,True,6
3702,488.672,2573.0,911.0,208.14285165714287,24044.072161385782,0.0,True,6
3703,488.887,2676.9226624787157,856.4469477485144,202.0,24056.143611111118,0.0,False,6
3704,488.912,2689.0,851.0,201.3749952,24057.52871012313,0.0,False,6
3705,489.032,2747.0,828.0,198.3749952,24064.122588578928,0.0,False,6
3706,489.047,2754.3550211156257,825.5606657713906,198.0,24064.94361111112,0.0,False,6
3707,489.272,2869.0,801.0,196.74999893333333,24077.203699495945,19.375016533333334,False,6
3708,489.407,2942.5605977953155,796.4483035603889,196.0,24084.54361111112,31.0,False,6
3709,489.512,3000.0,797.0,196.0,24090.25653375242,33.6250048,False,6
3710,489.692,3103.0,805.0,196.0,24100.057715137908,38.1249984,False,6
3711,489.767,3160.098674487431,811.8368634357507,196.0,24104.14361111112,40.0,False,6
3712,489.927,3295.7322276936666,830.2040385210997,196.0,24112.854722222233,40.0,False,6
3713,489.972,3324.0,834.0,195.77500032,24115.294938709438,42.92499584,False,6
3714,490.127,3379.124045271776,840.9042355679034,195.0,24123.688055555565,53.0,False,6
3715,490.272,3422.0,846.0,196.3551411707567,24131.601298294812,55.25856861792781,False,6
3716,490.448,3517.15908821385,857.7015453188982,198.0,24141.343055555564,58.0,False,6
3717,490.453,3520.0,858.0,198.1071414857143,24141.622861307464,57.94642925714286,False,6
3718,490.633,3620.0,866.0,201.96428434285716,24151.80227845791,56.01785782857143,False,6
3719,490.728,3673.2760840572955,868.81886384142,204.0,24157.209722222233,55.0,False,6
3720,490.913,3778.0,871.0,204.5781248,24167.747163004056,50.9531264,False,6
3721,491.048,3853.635222423502,868.5892241553995,205.0,24175.431944444455,48.0,False,6
3722,491.113,3890.0,866.0,205.0,24179.12809895805,50.99163125687532,False,6
3723,491.273,3979.0,855.0,205.0,24188.240251784417,58.355653909144564,False,6
3724,491.287,3986.58769047762,853.6512333448917,205.0,24189.041666666675,59.0,False,6
3725,491.513,4107.0,820.0,207.1187512,24202.077332024877,64.6500032,False,6
3726,491.607,4160.525649708716,796.217053692388,208.0,24207.530555555568,67.0,False,6
3727,491.733,4221.0,766.0,209.26000128,24214.85777864228,75.19000832,False,6
3728,491.807,4239.952302572713,756.9052481900177,210.0,24219.197222222232,80.0,False,6
3729,491.973,4274.0,735.0,212.4208352,24229.07846679777,82.4208352,False,6
3730,492.253,4447.0,601.0,216.50416853333334,24246.062626694966,86.50416853333333,False,6
3731,492.287,4461.191375165847,589.6935765015124,217.0,24248.130555555563,87.0,False,6
3732,492.447,4499.9642287378165,557.298854611229,220.0,24257.908333333344,96.0,False,6
3733,492.493,4513.0,546.0,221.3416704,24260.766106702136,96.7666688,False,6
3734,492.687,4596.454281001621,473.25977691211835,227.0,24273.04166666668,100.0,False,6
3735,492.847,4680.784931043084,400.30093019497343,231.0,24283.308333333345,100.0,False,6
3736,492.873,4694.0,389.0,231.43333546666668,24284.992172555783,98.91666133333334,False,6
3737,492.993,4753.0,339.0,233.43333546666668,24292.82550028015,93.91666133333334,False,6
3738,493.207,4856.564465971355,252.62573986129198,237.0,24307.008333333346,85.0,False,6
3739,493.233,4873.0,239.0,237.6500032,24308.74621291814,86.9500096,False,6
3740,493.407,5005.93746311591,128.98820599479143,242.0,24320.45277777779,100.0,False,6
3741,493.453,5035.0,105.0,242.8625024,24323.566928498065,100.0,False,6
3742,493.567,5083.228385731803,65.37037843529124,245.0,24331.34166666668,100.0,False,6
3743,493.767,5142.0149695132,16.37589966336301,251.0,24345.286111111127,100.0,False,6
3744,493.813,5173.0,-10.0,251.7666688,24348.524421051916,100.0,False,6
3745,493.993,5345.0,-157.0,254.7666688,24361.286451683118,100.0,False,6
3746,494.007,5357.325126456936,-167.5248815054556,255.0,24362.286111111127,100.0,False,6
3747,494.207,5488.279274840521,-278.94691288456215,259.0,24376.675000000014,100.0,False,6
3748,494.407,5567.740662482068,-346.15313015493297,262.0,24391.23055555557,100.0,False,6
3749,494.433,5577.0,-354.0,262.3714304,24393.13661774984,100.0,False,6
3750,494.687,5660.806678493601,-425.8398873953077,266.0,24411.91944444446,100.0,False,6
3751,494.753,5689.0,-451.0,266.94285897142856,24416.839598485847,100.0,False,6
3752,494.967,5807.45439818984,-559.567414475568,270.0,24432.919444444455,100.0,False,6
3753,495.032,5843.0,-593.0,271.16071771428574,24437.853322532734,100.0,False,6
3754,495.212,5939.0,-689.0,274.3749988571429,24451.62156006773,100.0,False,6
3755,495.247,5963.0983274154305,-715.479704281604,275.0,24454.308333333345,100.0,False,6
3756,495.472,6139.0,-920.0,276.8750016,24471.62148586312,100.0,False,6
3757,495.487,6147.740442653193,-930.4348996175879,277.0,24472.775000000012,100.0,False,6
3758,495.727,6218.406393292992,-1020.414254078103,277.0,24491.241666666676,100.0,False,6
3759,495.892,6266.0,-1096.0,279.35714194285714,24504.086264311496,100.0,False,6
3760,496.007,6323.1053868096515,-1187.3111299175964,281.0,24513.097222222234,100.0,False,6
3761,496.172,6414.0,-1336.0,282.3749994666667,24526.078878863154,100.0,False,6
3762,496.367,6483.657402925896,-1462.1634364402457,284.0,24541.497222222235,100.0,False,6
3763,496.567,6535.61739310831,-1571.980892725944,286.0,24557.386111111122,100.0,False,6
3764,496.572,6537.0,-1575.0,286.0156248,24557.783948619934,100.0,False,6
3765,496.887,6630.3380280077145,-1789.216698473494,287.0,24582.897222222233,100.0,False,6
3766,496.933,6644.0,-1823.0,287.1908717483511,24586.573260767767,100.0,False,6
3767,497.053,6679.0,-1913.0,287.6887966628674,24596.17297129589,100.0,False,6
3768,497.128,6700.304430684347,-1970.099246816588,288.0,24602.17722222223,100.0,False,6
3769,497.213,6724.0,-2035.0,288.3035712,24608.98515205536,100.0,False,6
3770,497.408,6777.089775364198,-2182.5852739302313,289.0,24624.655000000013,100.0,False,6
3771,497.493,6800.0,-2247.0,289.9107136,24631.535753669337,100.0,False,6
3772,497.688,6852.360621988282,-2395.834203046232,292.0,24647.36611111112,100.0,False,6
3773,497.713,6859.0,-2415.0,291.8207888659192,24649.38795155222,100.0,False,6
3774,497.873,6901.0,-2538.0,290.6738346715995,24662.281424371522,100.0,False,6
3775,497.967,6925.376668247976,-2610.3975912751634,290.0,24669.84111111112,100.0,False,6
3776,498.073,6952.0,-2691.0,289.5583328,24678.362822656756,100.0,False,6
3777,498.207,6984.1756207965645,-2791.66375305248,289.0,24689.107777777786,100.0,False,6
3778,498.233,6991.0,-2813.0,288.6749984,24691.185417418877,100.0,False,6
3779,498.367,7031.114873246336,-2937.2092869486287,287.0,24701.863333333346,100.0,False,6
3780,498.527,7081.91413083076,-3093.5267127996954,286.0,24714.574444444454,100.0,False,6
3781,498.573,7094.0,-3131.0,285.6166656,24718.21363316366,100.0,False,6
3782,498.767,7131.734068089311,-3249.8223944611996,284.0,24733.507777777788,100.0,False,6
3783,498.933,7161.0,-3341.0,283.4812496,24746.609748965904,100.0,False,6
3784,499.087,7196.055875190271,-3446.9784400143058,283.0,24758.66333333334,100.0,False,6
3785,499.153,7215.0,-3505.0,280.79999573333333,24763.765676557032,72.49994666666667,False,6
3786,499.327,7275.806335766352,-3694.7178869543186,275.0,24776.996666666677,0.0,False,6
3787,499.373,7290.0,-3739.0,272.5083264,24780.425603762782,0.0,False,6
3788,499.567,7329.997044330364,-3862.0421812401073,262.0,24794.463333333344,0.0,True,6
3789,499.807,7357.89426921263,-3957.989933048812,239.0,24810.39666666668,0.0,True,6
3790,499.873,7370.0,-4006.0,229.5124816,24814.447704992737,0.0,True,6
3791,499.967,7390.976915526247,-4092.117770001366,216.0,24819.996666666677,0.0,True,6
3792,500.093,7418.0,-4207.0,206.02498986666666,24827.113756720188,0.0,True,6
3793,500.207,7431.3539614147685,-4268.667880145956,197.0,24833.130000000012,0.0,True,6
3794,500.513,7443.0,-4347.0,171.26817105454546,24846.980216996493,0.0,True,6
3795,500.647,7458.768975649813,-4427.758708687204,160.0,24852.685555555567,0.0,True,6
3796,500.693,7464.0,-4454.0,158.38999552,24854.6537492359,0.0,True,6
3797,500.847,7476.781300169747,-4517.589450722215,153.0,24861.185555555567,0.0,True,6
3798,501.053,7487.0,-4574.0,143.55832746666667,24869.36271653647,0.0,True,6
3799,501.087,7488.554270801002,-4584.2768168967405,142.0,24870.652222222234,0.0,True,6
3800,501.327,7498.584676067355,-4665.433283186354,130.0,24879.3188888889,0.0,True,6
3801,501.687,7500.191712023461,-4793.384788912785,120.0,24891.3188888889,0.0,False,6
3802,501.692,7500.0,-4795.0,119.9375008,24891.482589904135,0.0,False,6
3803,501.912,7486.0,-4862.0,117.1874976,24898.63832904226,0.0,False,6
3804,501.927,7484.698186130919,-4866.353369014876,117.0,24899.1188888889,0.0,False,6
3805,502.112,7465.0,-4917.0,113.91666346666666,24904.950111565675,0.0,False,6
3806,502.167,7457.674000003931,-4930.113292171523,113.0,24906.652222222234,0.0,False,6
3807,502.352,7422.0,-4971.0,111.14999808,24912.2768134137,7.40000768,False,6
3808,502.512,7369.0,-5009.0,109.54999808,24917.092281975143,13.80000768,False,6
3809,502.567,7352.689174567515,-5018.936100747377,109.0,24918.763333333347,16.0,False,6
3810,502.872,7282.0,-5048.0,110.52500096,24928.160568989497,24.38750528,False,6
3811,502.967,7256.528676183379,-5056.625186653545,111.0,24931.09666666668,27.0,False,6
3812,503.127,7204.86972938414,-5073.409634115997,112.0,24936.074444444457,27.0,False,6
3813,503.132,7203.0,-5074.0,112.14285531428571,24936.234159832653,27.482136685714284,False,6
3814,503.332,7122.0,-5099.0,117.85714102857143,24942.871614905012,46.76785097142857,False,6
3815,503.407,7096.554969211377,-5106.73885616641,120.0,24945.40777777779,54.0,False,6
3816,503.728,7012.488570027269,-5131.570985426209,123.0,24956.37527777779,61.0,False,6
3817,503.733,7011.0,-5132.0,123.17499776,24956.55118397441,61.17499776,False,6
3818,503.928,6945.830324638253,-5150.5127921460335,130.0,24963.597500000014,68.0,False,6
3819,503.993,6922.0,-5157.0,132.8437472,24966.051350979847,72.062496,False,6
3820,504.033,6907.0,-5161.0,134.5937472,24967.584290187748,74.562496,False,6
3821,504.088,6886.414386863784,-5166.476845884416,137.0,24969.686388888906,78.0,False,6
3822,504.328,6797.075550846832,-5190.356299175425,137.0,24978.819722222237,78.0,False,6
3823,504.373,6780.0,-5195.0,138.290321633483,24980.562823144075,78.0,False,6
3824,504.593,6695.0,-5218.0,144.59856970224152,24989.45170393616,78.0,False,6
3825,504.607,6689.592449810444,-5219.372684073623,145.0,24990.05722222224,78.0,False,6
3826,504.793,6617.0,-5237.0,160.27858194285713,24998.601683859957,92.61429577142857,False,6
3827,504.887,6576.096821399456,-5247.243794146813,168.0,25003.123888888906,100.0,False,6
3828,504.893,6573.0,-5248.0,168.2062544,25003.414935945464,100.0,False,6
3829,505.193,6373.0,-5294.0,178.5187544,25018.323216345867,100.0,False,6
3830,505.207,6366.804962608025,-5295.389242312951,179.0,25019.035000000018,100.0,False,6
3831,505.447,6305.113048465395,-5309.476484441483,186.0,25031.43500000002,100.0,False,6
3832,505.453,6303.0,-5310.0,186.0833351111111,25031.748823905316,100.0,False,6
3833,505.693,6182.0,-5341.0,189.41666844444444,25044.433345597965,100.0,False,6
3834,505.807,6124.669737812493,-5356.143137291005,191.0,25050.53500000002,100.0,False,6
3835,506.053,5994.0,-5391.0,194.69000192,25063.858033312612,100.0,False,6
3836,506.207,5884.9774773535455,-5419.38135698202,197.0,25072.42388888891,100.0,False,6
3837,506.233,5867.0,-5424.0,197.9750048,25073.893536468408,100.0,False,6
3838,506.447,5736.954229406324,-5456.606201873117,206.0,25086.157222222242,100.0,False,6
3839,506.607,5658.426541577578,-5477.618643730244,206.0,25095.3127777778,100.0,False,6
3840,506.633,5647.0,-5481.0,206.07222257777778,25096.805965031308,92.77774222222222,False,6
3841,506.967,5495.314985841337,-5525.135023765841,207.0,25116.012777777796,0.0,False,6
3842,506.973,5491.0,-5526.0,206.8499968,25116.352113487243,0.0,False,6
3843,507.207,5288.026292421297,-5558.737190196599,201.0,25129.412777777798,0.0,False,6
3844,507.233,5271.0,-5561.0,200.8374992,25130.85593516472,0.0,False,6
3845,507.527,5183.20313273332,-5562.816735295276,199.0,25147.101666666687,0.0,False,6
3846,507.553,5174.0,-5562.0,198.5124976,25148.526166683772,3.5750176000000002,False,6
3847,507.687,5109.2464664011995,-5556.529317586349,196.0,25155.8127777778,22.0,False,6
3848,507.773,5059.0,-5548.0,194.3874976,25160.408172073756,25.7625056,False,6
3849,508.007,4911.266472629859,-5495.632429957189,190.0,25172.701666666686,36.0,False,6
3850,508.053,4884.0,-5482.0,190.0,25175.12030980904,38.628578742857144,False,6
3851,508.287,4763.910572554022,-5400.06141611831,190.0,25187.479444444463,52.0,False,6
3852,508.512,4679.0,-5322.0,191.8750016,25199.50777372641,58.0937552,False,6
3853,508.767,4615.950378018621,-5253.058293985364,194.0,25213.346111111132,65.0,False,6
3854,508.852,4592.0,-5223.0,195.18055466666667,25218.01446186155,67.1249984,False,6
3855,509.012,4538.0,-5152.0,197.4027768888889,25226.86924699408,71.1249984,False,6
3856,509.127,4502.498398966317,-5102.58165913522,199.0,25233.246111111133,74.0,False,6
3857,509.287,4455.67681148702,-5030.968449514962,200.0,25242.13500000002,74.0,False,6
3858,509.352,4433.0,-4993.0,200.97500288,25245.77755778789,70.7499904,False,6
3859,509.487,4380.5692963523,-4900.5281280434065,203.0,25253.4127777778,64.0,False,6
3860,509.512,4372.0,-4885.0,203.4687536,25254.836934801864,66.8125216,False,6
3861,509.647,4337.1029359276745,-4819.5411331998075,206.0,25262.568333333355,82.0,False,6
3862,509.847,4300.135153026812,-4744.298186445289,207.0,25274.068333333355,96.0,False,6
3863,509.852,4299.0,-4742.0,207.04672834588212,25274.357163966033,96.06230446117615,False,6
3864,510.032,4253.0,-4649.0,208.72897272285743,25284.8091894699,98.30529696380992,False,6
3865,510.168,4219.499495377244,-4580.049605938507,210.0,25292.793333333357,100.0,False,6
3866,510.253,4197.0,-4533.0,211.27499904,25297.82728747581,88.95000832,False,6
3867,510.368,4162.131650301145,-4459.306496657452,213.0,25304.62666666669,74.0,False,6
3868,510.493,4124.0,-4378.0,209.52777955555555,25311.893981414898,48.30556871111111,False,6
3869,510.713,4071.0,-4263.0,203.41666844444444,25324.135154988253,3.083346488888887,False,6
3870,510.728,4067.957438460981,-4256.218543468123,203.0,25324.926666666688,0.0,True,6
3871,511.013,4006.0,-4123.0,179.8437552,25339.006527731035,0.0,True,6
3872,511.048,3993.248700575909,-4098.647764824302,177.0,25340.66000000002,0.0,True,6
3873,511.193,3937.0,-3995.0,170.47500288,25347.41349491672,0.0,True,6
3874,511.248,3924.1981954070893,-3972.247118029599,168.0,25349.993333333354,0.0,True,6
3875,511.473,3904.0,-3943.0,168.0,25360.657786940737,0.0,True,6
3876,511.527,3894.9882886910464,-3929.584473579606,168.0,25363.013333333354,0.0,True,6
3877,511.753,3842.0,-3848.0,152.0325996521739,25371.492679033952,0.0,True,6
3878,511.933,3808.0,-3797.0,139.3152083478261,25376.65348116075,0.0,True,6
3879,512.053,3785.0,-3768.0,130.83694747826087,25379.427191632632,0.0,True,6
3880,512.273,3741.0,-3719.0,115.2934692173913,25384.759396041904,0.0,True,6
3881,512.447,3704.4010827303446,-3685.74673208523,103.0,25389.335555555575,0.0,True,6
3882,512.633,3663.0,-3658.0,100.20999808,25394.506865508512,0.0,True,6
3883,512.647,3659.7677621730404,-3656.3269216269887,100.0,25394.891111111134,0.0,False,6
3884,512.873,3605.0,-3637.0,95.89090676363637,25400.857460231935,0.0,False,6
3885,513.053,3558.0,-3631.0,92.61817949090909,25405.318707713162,0.0,False,6
3886,513.087,3549.4754058698054,-3630.8919711258854,92.0,25406.13555555558,0.0,False,6
3887,513.113,3543.0,-3631.0,91.3499968,25406.75467143866,0.0,False,6
3888,513.413,3469.0,-3642.0,83.8499968,25413.652751794216,0.0,False,6
3889,513.447,3461.231714051856,-3644.2765182877606,83.0,25414.435555555578,0.0,False,6
3890,513.653,3417.0,-3662.0,83.85833386666667,25419.235704609928,17.166677333333336,False,6
3891,513.687,3409.908938790845,-3665.4569383187795,84.0,25420.035555555576,20.0,False,6
3892,513.873,3372.0,-3687.0,85.55000106666667,25424.45472843426,24.6500032,False,6
3893,513.927,3361.3823540150106,-3694.1655988315356,86.0,25425.76888888891,26.0,False,6
3894,513.973,3352.0,-3701.0,86.7666688,25426.902920924775,27.5333376,False,6
3895,514.253,3282.0,-3765.0,91.43333546666666,25434.07303037493,36.86667093333333,False,6
3896,514.287,3272.6399023488516,-3775.7075516777186,92.0,25434.96888888891,38.0,False,6
3897,514.487,3219.9902163843794,-3843.3256512810212,97.0,25440.357777777797,45.0,False,6
3898,514.513,3215.0,-3850.0,97.6500032,25441.079358500207,45.54166933333333,False,6
3899,514.727,3193.734876438418,-3879.793505463464,103.0,25447.224444444466,50.0,False,6
3900,514.852,3182.0,-3899.0,106.74999808,25450.98479892391,54.37499776,False,6
3901,514.927,3171.320229280399,-3916.7525585540125,109.0,25453.280000000024,57.0,False,6
3902,515.032,3154.0,-3946.0,111.10000384,25456.523884512993,59.10000384,False,6
3903,515.127,3138.863450907279,-3972.3356914903243,113.0,25459.5577777778,61.0,False,6
3904,515.232,3122.0,-4002.0,118.2500096,25463.081509392094,61.0,False,6
3905,515.287,3112.7498684568886,-4018.135407535291,121.0,25464.93555555558,61.0,False,6
3906,515.527,3068.3659665150835,-4092.095663444306,121.0,25473.002222222247,76.0,False,6
3907,515.572,3059.0,-4106.0,123.62499626666667,25474.634625259543,75.75000035555556,False,6
3908,515.772,3013.0,-4167.0,135.29166293333333,25482.47740052379,74.63888924444444,False,6
3909,515.887,2983.3051473417527,-4201.08580114683,142.0,25487.202222222244,74.0,False,6
3910,515.952,2965.0,-4220.0,144.32143542857142,25489.909495701395,67.73212434285715,False,6
3911,516.167,2895.0073030355993,-4280.752134825403,152.0,25499.02444444447,47.0,False,6
3912,516.407,2801.1151686010116,-4344.574558376951,155.0,25509.3577777778,29.0,False,6
3913,516.647,2706.642772600329,-4395.87293558043,155.0,25519.691111111133,40.0,False,6
3914,516.693,2689.0,-4404.0,155.5714294800344,25521.692042815164,40.0,False,6
3915,516.808,2645.4111918137096,-4421.941327977004,157.0,25526.71250000002,40.0,False,6
3916,516.893,2608.0,-4434.0,156.6964288,25530.406569024744,36.964288,False,6
3917,517.088,2496.505751845252,-4458.183146954892,156.0,25538.84583333335,30.0,False,6
3918,517.113,2482.0,-4460.0,156.1041664,25539.928630486116,31.3541632,False,6
3919,517.328,2366.171704099137,-4459.573187542187,157.0,25549.31250000002,43.0,False,6
3920,517.493,2298.0,-4451.0,160.20833208888888,25556.7575027672,50.33333048888889,False,6
3921,517.688,2247.6078976199365,-4441.446741557033,164.0,25565.71250000002,59.0,False,6
3922,517.793,2216.0,-4433.0,164.87499946666668,25570.527728647492,62.9374976,False,6
3923,517.928,2158.735924343593,-4416.357765205122,166.0,25576.779166666685,68.0,False,6
3924,518.033,2109.0,-4400.0,169.07531440359986,25581.753547687982,68.43933062908569,False,6
3925,518.167,2047.035973873526,-4375.971214091878,173.0,25588.264444444463,69.0,False,6
3926,518.253,2011.0,-4360.0,175.54091287272726,25592.552983584355,75.05909992727273,False,6
3927,518.493,1925.0,-4312.0,182.63182196363636,25604.949662477593,91.96819083636363,False,6
3928,518.607,1875.7015906605081,-4278.9530144565615,186.0,25610.997777777793,100.0,False,6
3929,518.653,1857.0,-4266.0,187.64286171428571,25613.463710766795,100.0,False,6
3930,518.887,1781.81801392646,-4209.505048350694,196.0,25626.242222222238,100.0,False,6
3931,518.993,1716.0,-4151.0,199.0916704,25632.16826652136,100.0,False,6
3932,519.113,1607.0,-4051.0,202.5916704,25638.97523438379,100.0,False,6
3933,519.127,1595.1678631321456,-4040.057434675103,203.0,25639.77555555557,100.0,False,6
3934,519.367,1458.045644349923,-3910.5943081753376,209.0,25653.708888888905,100.0,False,6
3935,519.567,1400.1352684768087,-3852.964882931636,216.0,25665.70888888891,100.0,False,6
3936,519.633,1382.0,-3835.0,218.75000533333332,25669.786829505756,100.0,False,6
3937,519.807,1336.4797089748984,-3790.1173074533526,226.0,25680.775555555574,100.0,False,6
3938,520.007,1276.1795620308296,-3731.126062177994,231.0,25693.608888888903,100.0,False,6
3939,520.013,1274.0,-3729.0,231.09000192,25693.996180657243,100.0,False,6
3940,520.193,1190.0,-3647.0,233.79000192,25705.689279918613,100.0,False,6
3941,520.207,1180.4564910838926,-3637.6455159811126,234.0,25706.608888888906,100.0,False,6
3942,520.413,1017.0,-3477.0,238.35769501538462,25720.342774696586,100.0,False,6
3943,520.693,948.0,-3409.0,244.28077193846153,25739.61158864596,100.0,False,6
3944,520.727,936.3616139573923,-3397.5553982250653,245.0,25741.997777777793,100.0,False,6
3945,520.887,855.3964189535402,-3318.046070377641,255.0,25753.331111111125,100.0,False,6
3946,520.993,797.0,-3261.0,255.6625008,25760.851048420507,100.0,False,6
3947,521.047,768.7613824802888,-3233.550645385965,256.0,25764.70888888891,100.0,False,6
3948,521.193,695.0,-3162.0,259.24444728888886,25775.293520831074,100.0,False,6
3949,521.372,601.0,-3070.0,263.2222208,25788.50901595959,100.0,False,6
3950,521.407,582.23094405762,-3051.5730509449418,264.0,25791.10888888891,100.0,False,6
3951,521.592,486.0,-2957.0,268.6250048,25804.928269412947,100.0,False,6
3952,521.607,479.07550911726713,-2950.202429475812,269.0,25806.053333333348,100.0,False,6
3953,521.872,336.0,-2810.0,271.8392877714286,25826.063848939182,100.0,False,6
3954,521.887,321.44279759659895,-2795.730256326459,272.0,25827.2088888889,100.0,False,6
3955,522.012,182.0,-2659.0,274.2727261090909,25836.81265206789,100.0,False,6
3956,522.327,6.660327537452883,-2486.6305016657043,280.0,25861.431111111127,100.0,False,6
3957,522.492,-63.0,-2418.0,282.40624906666665,25874.495800560453,100.0,False,6
3958,522.807,-261.2121874464858,-2223.342815954805,287.0,25899.697777777794,100.0,False,6
3959,522.892,-313.0,-2173.0,288.0624992,25906.539995872157,100.0,False,6
3960,523.047,-396.02694649986364,-2093.2144236149024,290.0,25919.03111111113,100.0,False,6
3961,523.313,-547.0,-1950.0,290.0,25940.40471853907,100.0,False,6
3962,523.408,-622.4905223381126,-1878.1170783497296,290.0,25948.111666666686,100.0,False,6
3963,523.713,-761.0,-1746.0,295.7187488,25973.19111895597,100.0,False,6
3964,523.728,-751.3541289785594,-1755.205905760182,296.0,25974.422777777792,100.0,False,6
3965,523.873,-647.0,-1855.0,295.3958336,25986.28972945891,100.0,False,6
3966,523.968,-740.354465981614,-1766.6665561215639,295.0,25994.08944444446,100.0,False,6
3967,524.053,-879.0,-1635.0,296.4166656,26001.116133392577,100.0,False,6
3968,524.208,-1095.1561442471454,-1428.8006000098087,299.0,26014.022777777795,100.0,False,6
3969,524.273,-1162.0,-1365.0,299.5416661333333,26019.457636521027,100.0,False,6
3970,524.568,-1283.1931884484493,-1250.416484660208,302.0,26044.222777777795,100.0,False,7
3971,524.633,-1308.0,-1227.0,302.0,26049.67625289995,100.0,False,7
3972,524.807,-1407.1979982096072,-1132.8384774872995,302.0,26064.272222222244,100.0,False,7
3973,524.953,-1503.0,-1041.0,302.9125008,26076.55505771081,100.0,False,7
3974,524.967,-1511.7897275398136,-1032.5061452549298,303.0,26077.738888888907,100.0,False,7
3975,525.053,-1564.0,-982.0,304.6125024,26085.041111289152,100.0,False,7
3976,525.127,-1605.7069490487986,-942.2145300404095,306.0,26091.338888888906,100.0,False,7
3977,525.313,-1725.0,-830.0,306.0,26107.13649097472,100.0,False,7
3978,525.407,-1818.9762513568887,-740.8319300325953,306.0,26115.138888888912,100.0,False,7
3979,525.533,-1947.0,-619.0,307.05000106666665,26125.909806130185,100.0,False,7
3980,525.647,-2019.4295901695548,-549.9769693423572,308.0,26135.672222222245,100.0,False,7
3981,525.847,-2066.930008989188,-504.43896655714417,308.0,26152.78333333335,100.0,False,7
3982,525.993,-2145.0,-430.0,308.0,26165.271171491993,100.0,False,7
3983,526.007,-2155.746191010915,-419.76697788692275,308.0,26166.472222222237,100.0,False,7
3984,526.193,-2331.0,-253.0,309.55000106666665,26182.49612997269,100.0,False,7
3985,526.247,-2377.3217958802675,-208.9385399705571,310.0,26187.138888888905,100.0,False,7
3986,526.593,-2591.0,-6.0,306.8545442909091,26216.600358309686,21.363607272727275,False,7
3987,526.687,-2633.1946058505973,33.87197804202586,306.0,26224.53888888891,0.0,False,7
3988,526.887,-2708.7361238689923,104.92635198928646,302.0,26241.316666666684,0.0,False,7
3989,527.033,-2784.0,176.0,296.88999552,26253.336491468253,0.0,False,7
3990,527.087,-2818.4804644157916,208.64062347247042,295.0,26257.705555555578,0.0,False,7
3991,527.233,-2902.0,288.0,287.6999936,26269.34044622539,0.0,False,7
3992,527.247,-2905.7504863482877,291.61702513147424,287.0,26270.46111111113,0.0,False,7
3993,527.413,-2921.0,307.0,287.0,26283.790225922035,0.0,False,7
3994,527.447,-2933.810935387392,319.1769857485322,287.0,26286.40555555558,0.0,False,7
3995,527.593,-3024.0,404.0,262.90997888,26296.92768333257,0.0,False,7
3996,527.647,-3054.627252759891,432.4803813001776,254.0,26300.516666666692,0.0,False,7
3997,527.773,-3118.0,491.0,239.21921575384616,26308.240749593522,0.0,False,7
3998,528.012,-3232.0,598.0,211.1826998153846,26320.696649257497,0.0,False,7
3999,528.092,-3265.0,630.0,201.79808443076922,26324.675341062466,0.0,False,7
4000,528.167,-3294.2877027776813,658.4788321484638,193.0,26328.394444444468,0.0,True,7
4001,528.367,-3367.1269541477263,730.2772450321077,177.0,26338.227777777796,0.0,True,7
4002,528.472,-3407.0,773.0,173.0624928,26343.26797161094,0.0,True,7
4003,528.527,-3428.7634930371355,797.4403886626224,171.0,26345.8277777778,0.0,True,7
4004,528.692,-3490.0,869.0,161.37500373333333,26353.088133542642,0.0,True,7
4005,528.767,-3509.085223075645,891.6378512520325,157.0,26356.294444444466,0.0,True,7
4006,528.967,-3545.857867971243,942.159102413115,153.0,26364.794444444462,0.0,False,7
4007,528.972,-3547.0,944.0,153.0,26365.0070979041,0.0,False,7
4008,529.167,-3602.9522969177997,1042.3011634844117,153.0,26373.294444444466,0.0,False,7
4009,529.312,-3640.0,1116.0,150.2812464,26379.34627265365,0.0,False,7
4010,529.327,-3642.8757565164747,1122.3793880233218,150.0,26379.96111111113,0.0,False,7
4011,529.487,-3662.3891338304866,1175.9074729396875,145.0,26386.40555555557,18.0,False,7
4012,529.647,-3667.2625187985636,1213.3663961584036,145.0,26392.85000000002,18.0,False,7
4013,529.732,-3669.0,1236.0,145.0,26396.27895866842,18.0,False,7
4014,529.928,-3671.390046108419,1296.574543266187,145.0,26404.168055555572,18.0,False,7
4015,530.133,-3665.0,1382.0,144.26785737142856,26412.346663337143,28.249996799999998,False,7
4016,530.208,-3658.6634290154066,1421.4400492554494,144.0,26415.368055555573,32.0,False,7
4017,530.353,-3644.0,1497.0,146.89999872,26421.298894490297,46.499993599999996,False,7
4018,530.408,-3639.5324327449575,1518.5182460581234,148.0,26423.590277777796,52.0,False,7
4019,530.613,-3625.0,1580.0,152.19318050909092,26432.363938687882,60.386361018181816,False,7
4020,530.848,-3599.113532508312,1679.8252884378824,157.0,26442.77916666668,70.0,False,7
4021,530.893,-3594.0,1700.0,158.28571245714286,26444.80414110148,70.80357028571429,False,7
4022,531.033,-3579.0,1762.0,162.28571245714286,26451.174413000866,73.30357028571429,False,7
4023,531.128,-3569.869543780711,1804.6529157108528,165.0,26455.612500000017,75.0,False,7
4024,531.253,-3560.0,1862.0,168.83008365285812,26461.622810971097,76.3927576919484,False,7
4025,531.487,-3551.171523871907,1974.0155793227416,176.0,26473.163611111126,79.0,False,7
4026,531.533,-3551.0,1997.0,176.69000192,26475.423733626714,79.23000064,False,7
4027,531.687,-3554.06214272629,2076.360416302037,179.0,26483.10805555557,80.0,False,7
4028,531.713,-3555.0,2090.0,181.1125104,26484.46293263229,80.1625008,False,7
4029,531.847,-3561.4549628620757,2161.107349470798,192.0,26491.641388888904,81.0,False,7
4030,531.993,-3572.0,2239.0,192.0,26499.433938653925,86.4750048,False,7
4031,532.087,-3580.979380802354,2288.7048777061136,192.0,26504.441388888903,90.0,False,7
4032,532.173,-3591.0,2334.0,193.0750016,26509.032789509878,90.0,False,7
4033,532.327,-3613.967039744819,2415.023337643146,195.0,26517.441388888903,90.0,False,7
4034,532.393,-3626.0,2450.0,199.40000853333333,26521.213005440975,92.75000533333333,False,7
4035,532.567,-3664.489709434663,2542.8350846713934,211.0,26531.50805555557,100.0,False,7
4036,532.573,-3666.0,2546.0,211.1500032,26531.865951241594,100.0,False,7
4037,532.767,-3721.303838480434,2646.434048204936,216.0,26543.508055555572,100.0,False,7
4038,532.813,-3736.0,2670.0,216.7666688,26546.290833758103,100.0,False,7
4039,533.007,-3803.6958405909418,2768.644675170611,220.0,26558.174722222233,100.0,False,7
4040,533.073,-3828.0,2801.0,222.20000426666667,26562.307374962355,100.0,False,7
4041,533.153,-3859.0,2840.0,224.86667093333332,26567.379230322917,100.0,False,7
4042,533.247,-3905.252248369325,2892.9301434273425,228.0,26573.374722222234,100.0,False,7
4043,533.473,-4033.0,3026.0,231.22857325714287,26587.90221072602,100.0,False,7
4044,533.527,-4056.0337975811995,3048.565525863193,232.0,26591.419166666685,100.0,False,7
4045,533.773,-4140.0,3123.0,236.92000256,26607.717565186875,100.0,False,7
4046,533.927,-4211.332362667125,3183.5203393548313,240.0,26618.08583333335,100.0,False,7
4047,534.033,-4274.0,3237.0,243.312504,26625.27737229617,100.0,False,7
4048,534.087,-4310.79574666341,3268.6445351511816,245.0,26628.974722222236,100.0,False,7
4049,534.247,-4431.328674606314,3373.476748776301,250.0,26640.085833333345,100.0,False,7
4050,534.273,-4450.0,3390.0,250.3714304,26641.904795501825,100.0,False,7
4051,534.527,-4608.93199669691,3535.1917701420525,254.0,26659.841388888908,100.0,False,7
4052,534.632,-4659.0,3582.0,255.9687536,26667.361849501413,100.0,False,7
4053,534.847,-4729.903301132878,3649.006009293042,260.0,26682.952500000014,100.0,False,7
4054,535.012,-4785.0,3702.0,263.0937488,26695.079041573652,100.0,False,7
4055,535.167,-4856.841167400665,3771.5848038378786,266.0,26706.596944444464,100.0,False,7
4056,535.252,-4912.0,3826.0,267.15909003636364,26712.964797240693,100.0,False,7
4057,535.492,-5114.0,4029.0,270.4318173090909,26731.116011128644,100.0,False,7
4058,535.607,-5174.738190423513,4091.2509024223964,272.0,26739.841388888904,100.0,False,7
4059,535.767,-5211.809039213913,4131.34710941966,274.0,26752.019166666687,100.0,False,7
4060,535.912,-5261.0,4184.0,277.10714697142856,26763.24414182316,100.0,False,7
4061,536.047,-5332.23249633107,4259.231012383185,280.0,26773.796944444464,100.0,False,7
4062,536.092,-5357.0,4286.0,280.3749994666667,26777.3198304298,100.0,False,7
4063,536.212,-5420.0,4356.0,281.3749994666667,26786.72712561159,100.0,False,7
4064,536.407,-5519.116335463865,4464.612049261945,283.0,26802.096944444464,100.0,False,7
4065,536.473,-5557.0,4507.0,283.9850755963457,26807.33298235786,100.0,False,7
4066,536.608,-5645.606548720003,4608.666797021207,286.0,26818.06527777779,100.0,False,7
4067,536.713,-5712.0,4686.0,286.0,26826.38697761149,100.0,False,7
4068,536.848,-5780.705142677724,4766.861659161129,286.0,26837.131944444456,100.0,False,7
4069,537.048,-5859.307903344256,4861.734731326297,291.0,26853.298611111128,100.0,False,7
4070,537.133,-5896.0,4907.0,291.0,26860.16674008342,100.0,False,7
4071,537.328,-5994.064709108804,5030.252379226728,291.0,26875.93194444446,100.0,False,7
4072,537.333,-5997.0,5034.0,291.0468744,26876.338336133915,99.843752,False,7
4073,537.553,-6137.0,5215.0,293.1093744,26894.320312370946,92.968752,False,7
4074,537.648,-6184.413131743803,5276.944668733955,294.0,26902.065277777798,90.0,False,7
4075,537.848,-6257.796056896454,5374.62923235826,291.0,26918.23194444446,0.0,False,7
4076,537.913,-6283.0,5409.0,289.9635540979553,26923.443527751522,0.0,False,7
4077,538.193,-6413.0,5590.0,285.49885966237144,26945.60073218958,0.0,False,7
4078,538.287,-6467.710462983993,5666.769995440783,284.0,26952.864166666688,0.0,False,7
4079,538.393,-6530.0,5755.0,279.49499456,26960.933847213575,0.0,False,7
4080,538.687,-6666.827638590333,5957.282276088385,267.0,26982.530833333352,0.0,False,7
4081,538.813,-6719.0,6036.0,252.0374848,26991.304090521557,0.0,False,7
4082,538.847,-6733.026395989229,6057.124246281798,248.0,26993.55305555557,0.0,False,7
4083,539.087,-6826.816953253956,6198.084397735418,217.0,27008.019722222238,0.0,True,7
4084,539.153,-6846.0,6227.0,214.79999573333333,27011.91600247351,0.0,True,7
4085,539.327,-6878.440113708219,6276.3147112129645,209.0,27021.953055555572,0.0,True,7
4086,539.613,-6937.0,6366.0,186.52856137142857,27035.969054297544,0.0,True,7
4087,539.773,-7012.0,6480.0,173.9571328,27042.842572239348,0.0,True,7
4088,539.887,-7051.875002454661,6541.620561710008,165.0,27047.619722222236,0.0,True,7
4089,540.127,-7097.2320154432155,6618.044448148665,145.0,27057.286388888904,0.0,True,7
4090,540.193,-7110.0,6642.0,141.6999936,27059.795403164662,0.0,True,7
4091,540.327,-7138.814912862047,6698.660045853189,135.0,27064.786388888904,0.0,True,7
4092,540.473,-7167.0,6758.0,135.0,27070.27981753367,0.0,True,7
4093,540.487,-7169.074657733879,6762.690961204392,135.0,27070.786388888904,0.0,True,7
4094,540.727,-7189.143914604103,6819.747718530054,120.0,27078.786388888904,0.0,True,7
4095,540.833,-7195.0,6846.0,117.61499712,27082.14078420212,0.0,True,7
4096,541.013,-7205.0,6901.0,113.56499712,27087.687205522947,0.0,True,7
4097,541.127,-7209.061553046129,6933.4208198539245,111.0,27091.119722222236,0.0,True,7
4098,541.252,-7210.0,6974.0,107.8750016,27094.81626278922,0.0,True,7
4099,541.327,-7208.232892971366,7005.796437589029,106.0,27097.008611111127,0.0,True,7
4100,541.452,-7203.0,7060.0,104.4375008,27100.62919251446,0.0,True,7
4101,541.567,-7198.214640110053,7093.260643311059,103.0,27103.875277777795,0.0,False,7
4102,541.852,-7181.0,7138.0,96.58750144,27111.407304176893,1.42499968,False,7
4103,541.967,-7167.951957439933,7163.4478479186255,94.0,27114.31972222224,2.0,False,7
4104,542.072,-7154.0,7187.0,92.541664,27116.939274181976,5.2083392,False,7
4105,542.152,-7142.0,7203.0,91.43055288888888,27118.90979693649,7.652783644444445,False,7
4106,542.327,-7093.852867693624,7244.975265389179,89.0,27123.219722222242,13.0,False,7
4107,542.472,-7054.0,7274.0,89.51785782857142,27126.820291202042,16.6250048,False,7
4108,542.607,-7033.971598797493,7286.427338561082,90.0,27130.219722222242,20.0,False,7
4109,542.792,-7012.0,7293.0,91.25850415956282,27134.98601857951,25.03401663825126,False,7
4110,543.048,-6945.75162995064,7310.479249284075,93.0,27141.612222222244,32.0,False,7
4111,543.073,-6939.0,7312.0,93.0,27142.24727538059,33.562496,False,7
4112,543.208,-6903.783017746094,7318.8321811446185,93.0,27145.745555555575,42.0,False,7
4113,543.233,-6897.0,7320.0,95.0312448,27146.443975464346,43.0937472,False,7
4114,543.368,-6857.823928755679,7326.2068946412455,106.0,27150.45666666669,49.0,False,7
4115,543.433,-6839.0,7329.0,107.6249984,27152.43445211805,50.6249984,False,7
4116,543.608,-6790.868499131904,7335.734881776854,112.0,27157.923333333354,55.0,False,7
4117,543.713,-6752.0,7341.0,115.74999771428571,27161.4252028294,57.6249984,False,7
4118,543.888,-6662.580127471753,7352.700032620985,122.0,27167.412222222247,62.0,False,7
4119,543.893,-6660.0,7353.0,122.0,27167.58054998962,62.145831466666664,False,7
4120,544.128,-6549.341471677095,7363.309419156632,122.0,27175.54555555558,69.0,False,7
4121,544.173,-6531.0,7365.0,124.58749632,27177.200838378652,68.21250112,False,7
4122,544.333,-6473.0,7371.0,133.78749632,27183.538215415312,65.41250112,False,7
4123,544.528,-6401.030318933762,7380.386726215608,145.0,27191.65666666669,62.0,False,7
4124,544.553,-6387.0,7383.0,145.44802783520194,27192.696255745905,61.82078886591922,False,7
4125,544.713,-6275.0,7407.0,148.31541332100127,27199.347153458293,60.67383467159949,False,7
4126,544.807,-6226.488075586502,7418.997336455663,150.0,27203.28166666669,60.0,False,7
4127,545.047,-6176.253332986776,7439.3086124903575,151.0,27213.348333333357,0.0,False,7
4128,545.193,-6138.0,7459.0,144.6124944,27219.19383750976,0.0,False,7
4129,545.207,-6133.201819399393,7461.3820393155665,144.0,27219.748333333355,0.0,False,7
4130,545.233,-6124.0,7466.0,143.78333226666666,27220.77689361842,1.1555612444444445,False,7
4131,545.473,-6045.0,7515.0,141.78333226666666,27230.195824728846,11.822227911111112,False,7
4132,545.567,-6018.385287498921,7534.566209550368,141.0,27233.848333333357,16.0,False,7
4133,545.773,-5959.0,7593.0,139.85555484444444,27241.783422692806,20.005558044444445,False,7
4134,545.927,-5902.6316907809105,7668.202570567914,139.0,27247.74833333336,23.0,False,7
4135,545.953,-5895.0,7679.0,139.26000128,27248.76452698834,24.75500864,False,7
4136,546.273,-5857.0,7756.0,142.46000128,27261.467909307503,46.35500864,False,7
4137,546.327,-5851.489823288836,7776.460249160268,143.0,27263.637222222245,50.0,False,7
4138,546.487,-5830.810572809659,7860.574132725882,145.0,27270.081666666687,57.0,False,7
4139,546.653,-5814.0,7943.0,145.0,27276.734118511347,57.0,False,7
4140,546.687,-5811.957327310415,7956.298787539217,145.0,27278.137222222245,57.0,False,7
4141,546.927,-5809.210253870841,8024.814366062928,155.0,27288.470555555577,72.0,False,7
4142,546.993,-5810.0,8046.0,155.0,27291.291650119332,72.0,False,7
4143,547.127,-5812.509373785366,8098.00021356147,155.0,27297.081666666687,72.0,False,7
4144,547.233,-5817.0,8153.0,160.3000064,27301.95769167977,82.6000128,False,7
4145,547.407,-5831.016047364549,8273.627335940057,169.0,27310.226111111137,100.0,False,7
4146,547.453,-5835.0,8305.0,169.0,27312.370316758224,100.0,False,7
4147,547.607,-5847.418422306218,8397.516125877406,169.0,27319.615000000023,100.0,False,7
4148,547.847,-5863.582109002693,8505.136923517557,187.0,27332.08166666669,100.0,False,7
4149,547.872,-5865.0,8514.0,187.25000192,27333.393285670925,100.0,False,7
4150,548.047,-5873.773950187913,8565.754953804157,189.0,27342.581666666694,100.0,False,7
4151,548.132,-5879.0,8597.0,192.1874976,27347.15981463049,100.0,False,7
4152,548.207,-5884.73257712272,8632.338460409183,195.0,27351.24833333336,100.0,False,7
4153,548.352,-5898.0,8716.0,197.58928914285715,27359.22107485754,100.0,False,7
4154,548.487,-5911.4715129954175,8802.268411839548,200.0,27366.803888888913,100.0,False,7
4155,548.647,-5926.658074000241,8904.187482840232,208.0,27376.04833333336,100.0,False,7
4156,548.692,-5930.0,8929.0,208.5624992,27378.665280140434,100.0,False,7
4157,548.807,-5936.5953222791095,8984.279555956553,210.0,27385.381666666693,100.0,False,7
4158,549.032,-5944.0,9082.0,213.7500032,27398.746599146663,100.0,False,7
4159,549.047,-5944.417389869135,9089.67164691987,214.0,27399.64833333336,100.0,False,7
4160,549.212,-5947.0,9189.0,217.43749866666667,27409.6545945381,94.50000213333334,False,7
4161,549.287,-5944.968446390236,9248.468186720555,219.0,27414.248333333362,92.0,False,7
4162,549.447,-5934.9313769997525,9389.609837724407,222.0,27424.115000000027,78.0,False,7
4163,549.492,-5932.0,9421.0,222.0,27426.889525953608,75.187504,False,7
4164,549.607,-5924.817792727897,9479.845880844896,222.0,27433.981666666692,68.0,False,7
4165,549.768,-5912.887177977345,9534.20449318406,223.0,27443.95472222225,61.0,False,7
4166,549.813,-5908.0,9554.0,222.87500017777776,27446.737918791878,62.374998044444446,False,7
4167,550.013,-5873.0,9671.0,222.31944462222222,27459.067734935816,68.48610915555555,False,7
4168,550.128,-5832.736761926267,9758.077354730722,222.0,27466.15472222225,72.0,False,7
4169,550.353,-5740.0,9921.0,222.0,27480.03717574102,79.7343728,False,7
4170,550.448,-5716.04552404723,9957.29370018849,222.0,27485.88805555558,83.0,False,7
4171,550.653,-5669.0,10007.0,221.26785737142856,27498.47476009023,93.2499968,False,7
4172,550.728,-5637.557422765538,10037.912606302254,221.0,27503.07694444447,97.0,False,7
4173,550.928,-5528.511074386946,10142.477674281967,221.0,27515.35472222225,100.0,False,7
4174,550.973,-5507.0,10162.0,221.0,27518.11583818869,100.0,False,7
4175,551.233,-5401.0,10248.0,221.0,27534.064373181693,100.0,False,7
4176,551.328,-5349.009450665732,10288.07110673946,221.0,27539.910277777806,100.0,False,7
4177,551.573,-5195.0,10405.0,222.75627315127042,27555.070976767962,100.0,False,7
4178,551.607,-5176.712163212106,10418.505290348528,223.0,27557.192777777807,100.0,False,7
4179,551.893,-5046.0,10511.0,225.27500101818183,27575.25239937405,100.0,False,7
4180,552.093,-4942.0,10581.0,226.86591010909092,27588.100028558703,100.0,False,7
4181,552.433,-4705.0,10726.0,229.57045556363636,27609.955518221588,100.0,False,7
4182,552.487,-4680.214071329571,10740.469534679902,230.0,27613.415000000026,100.0,False,7
4183,552.713,-4605.0,10781.0,230.0,27627.859383287407,100.0,False,7
4184,552.887,-4511.69423546733,10828.396241241153,230.0,27638.97055555558,100.0,False,7
4185,553.033,-4422.0,10872.0,230.0,27648.30188661016,100.0,False,7
4186,553.127,-4366.345732205176,10897.591039545365,230.0,27654.303888888917,100.0,False,7
4187,553.293,-4271.0,10941.0,229.4812496,27664.87868285686,100.0,False,7
4188,553.333,-4248.0,10952.0,229.3562496,27667.422016061526,100.0,False,7
4189,553.447,-4171.119084052453,10986.78127445397,229.0,27674.659444444475,100.0,False,7
4190,553.647,-4020.3809984983345,11050.99485229281,228.0,27687.326111111146,100.0,False,7
4191,553.673,-4004.0,11058.0,228.0,27688.973194049988,100.0,False,7
4192,553.927,-3885.220657296631,11109.619368062275,228.0,27705.059444444476,100.0,False,7
4193,554.033,-3841.0,11129.0,227.3374992,27711.744447363893,100.0,False,7
4194,554.087,-3817.3157998417637,11139.351670764943,227.0,27715.148333333364,100.0,False,7
4195,554.287,-3721.5739145835378,11181.179406059402,227.0,27727.75944444448,100.0,False,7
4196,554.333,-3697.0,11192.0,226.87222186666668,27730.65497993364,100.0,False,7
4197,554.512,-3593.0,11238.0,226.37499946666668,27741.897908465788,100.0,False,7
4198,554.647,-3511.4250050357855,11273.805292570933,226.0,27750.35944444448,100.0,False,7
4199,554.712,-3473.0,11291.0,225.7968744,27754.429332189775,100.0,False,7
4200,554.872,-3382.0,11333.0,225.2968744,27764.434210074807,100.0,False,7
4201,554.967,-3327.2170456495273,11358.029764797524,225.0,27770.35944444447,100.0,False,7
4202,555.092,-3257.0,11390.0,224.6093752,27778.136259747665,100.0,False,7
4203,555.287,-3148.637515951455,11441.213344645055,224.0,27790.270555555584,100.0,False,7
4204,555.292,-3145.0,11443.0,223.9886365090909,27790.582747960663,99.26137309090909,False,7
4205,555.472,-2990.0,11521.0,223.57954501818182,27801.85906967762,72.67042618181819,False,7
4206,555.727,-2843.099901260224,11600.740315218038,223.0,27817.526111111136,35.0,False,7
4207,555.887,-2785.75257700849,11636.028655374237,210.0,27826.859444444464,0.0,False,7
4208,555.952,-2764.0,11650.0,207.9107081142857,27830.563761278998,0.0,False,7
4209,556.167,-2693.00097094492,11696.968272471935,201.0,27842.492777777803,0.0,False,7
4210,556.233,-2661.0,11716.0,199.18952354017824,27846.061667048696,1.3167101525976326,False,7
4211,556.553,-2452.0,11827.0,190.41147288029228,27862.87809537046,7.700746996151064,False,7
4212,556.568,-2445.8243407091127,11829.87597629533,190.0,27863.656666666688,8.0,False,7
4213,556.768,-2404.089080432171,11841.88989586056,186.0,27873.990000000023,37.0,False,7
4214,556.833,-2386.0,11844.0,186.0,27877.338253779988,41.062496,False,7
4215,557.008,-2302.1666642976647,11852.438383041506,186.0,27886.390000000025,52.0,False,7
4216,557.033,-2287.0,11852.0,186.37499904,27887.69835864144,52.68749824,False,7
4217,557.313,-2097.0,11813.0,190.57499904,27902.611006614457,60.38749824,False,7
4218,557.408,-2051.749633790168,11796.763414699319,192.0,27907.723333333353,63.0,False,7
4219,557.713,-1954.0,11733.0,195.8124992,27924.31128713855,83.9687456,False,7
4220,557.728,-1947.8078174982916,11728.49184908824,196.0,27925.14555555557,85.0,False,7
4221,557.893,-1871.0,11672.0,201.30356937142858,27934.468743501446,93.83928228571429,False,7
4222,558.008,-1817.531625075292,11631.71783637319,205.0,27941.090000000022,100.0,False,7
4223,558.213,-1721.0,11563.0,211.00418704938875,27953.12035022375,100.0,False,7
4224,558.247,-1703.8940265142332,11552.39127555247,212.0,27955.164444444465,100.0,False,7
4225,558.333,-1660.0,11527.0,214.86667093333332,27960.40964983119,100.0,False,7
4226,558.513,-1563.0,11481.0,220.86667093333332,27971.67306578506,100.0,False,7
4227,558.607,-1490.0949346015132,11454.782066442938,224.0,27977.564444444466,100.0,False,7
4228,558.767,-1350.9794189837069,11411.311020489109,225.0,27987.564444444473,100.0,False,7
4229,558.813,-1323.0,11403.0,225.5750016,27990.450597900588,100.0,False,7
4230,559.007,-1257.6012076084558,11386.752002675656,228.0,28002.764444444463,100.0,False,7
4231,559.053,-1234.0,11382.0,229.61000448,28005.744720672144,100.0,False,7
4232,559.207,-1101.4420216952078,11355.515757518322,235.0,28015.820000000025,100.0,False,7
4233,559.393,-922.0,11320.0,235.0,28027.944664294602,100.0,False,7
4234,559.407,-912.3436831702359,11318.1152041153,235.0,28028.875555555587,100.0,False,7
4235,559.753,-773.0,11291.0,248.36818676363637,28052.973169731074,100.0,False,7
4236,559.847,-714.8615938455231,11278.57822437906,252.0,28059.675555555583,100.0,False,7
4237,559.993,-608.0,11254.0,255.6500032,28070.117901932277,100.0,False,7
4238,560.087,-542.1343431351586,11236.699958130934,258.0,28076.87555555558,100.0,False,7
4239,560.273,-416.0,11199.0,260.79000192,28090.354261162083,100.0,False,7
4240,560.287,-406.43666812349596,11195.958809254635,261.0,28091.37555555558,100.0,False,7
4241,560.413,-320.0,11167.0,262.4318196363636,28100.612925685742,100.0,False,7
4242,560.653,-157.0,11101.0,265.1590923636364,28118.389432330852,100.0,False,7
4243,560.727,-107.71109191759936,11078.227170005684,266.0,28123.886666666684,100.0,False,7
4244,560.873,-12.0,11029.0,267.46000128,28134.748362466238,100.0,False,7
4245,560.927,22.878742086764177,11008.744133681403,268.0,28138.775555555574,100.0,False,7
4246,561.052,101.0,10959.0,268.85227229090907,28148.123692442317,100.0,False,7
4247,561.292,244.0,10849.0,270.48863592727275,28166.198010477365,100.0,False,7
4248,561.367,301.0432408162981,10796.774127296912,271.0,28171.897777777795,100.0,False,7
4249,561.492,400.0,10698.0,272.87499904,28181.45538277667,100.0,False,7
4250,561.692,519.0,10555.0,275.87499904,28196.87423329413,100.0,False,7
4251,561.767,554.2012037569567,10508.760522320319,277.0,28202.675555555583,100.0,False,7
4252,561.967,629.8431934152846,10401.322927933483,279.0,28218.175555555576,100.0,False,7
4253,562.032,653.0,10366.0,279.0,28223.208510979344,100.0,False,7
4254,562.127,686.6076856715314,10312.732991820812,279.0,28230.57555555557,100.0,False,7
4255,562.407,784.2790567779864,10142.23265918268,282.0,28252.50888888891,100.0,False,7
4256,562.652,873.0,9934.0,283.3573396437418,28271.815076915864,100.0,False,7
4257,562.768,916.8533691857432,9809.441621509039,284.0,28280.9877777778,100.0,False,7
4258,562.933,969.0,9649.0,284.7499997090909,28294.07344080241,100.0,False,7
4259,563.193,1003.0,9527.0,285.9318178909091,28314.750255215473,100.0,False,7
4260,563.208,1005.3895704641667,9517.014905382071,286.0,28315.943333333347,100.0,False,7
4261,563.448,1058.0553958570629,9288.619428577062,287.0,28335.07666666668,100.0,False,7
4262,563.513,1071.0,9230.0,287.9285705142857,28340.307016188843,100.0,False,7
4263,563.728,1100.7456930069077,9084.380366417936,291.0,28357.71000000001,100.0,False,7
4264,563.893,1120.0,8976.0,291.0,28371.035777372246,100.0,False,7
4265,563.928,1124.589481991773,8949.162526034337,291.0,28373.87666666668,100.0,False,7
4266,564.053,1141.0,8848.0,293.0833322666667,28384.090044650893,100.0,False,7
4267,564.168,1152.415556021793,8759.991151395645,295.0,28393.543333333346,100.0,False,7
4268,564.213,1156.0,8718.0,295.3214281142857,28397.24861167897,100.0,False,7
4269,564.448,1167.5205198831025,8417.197972619817,297.0,28416.643333333344,100.0,False,7
4270,564.473,1168.0,8389.0,297.12499968,28418.70891511715,100.0,False,7
4271,564.648,1167.2450173821626,8243.850153791229,298.0,28433.198888888906,100.0,False,7
4272,564.888,1156.7549339628958,8138.902731340371,301.0,28453.265555555572,100.0,False,7
4273,564.993,1151.0,8072.0,301.2102101224828,28462.072025944242,100.0,False,7
4274,565.213,1137.0,7888.0,301.6506506475725,28480.55265213516,100.0,False,7
4275,565.293,1131.0,7821.0,301.8108108385142,28487.282601588744,100.0,False,7
4276,565.593,1106.0,7571.0,302.41141155454557,28512.55482050822,100.0,False,7
4277,565.853,1064.0,7359.0,302.93193217510606,28534.47959849388,100.0,False,7
4278,565.887,1049.9223142369556,7313.905379068939,303.0,28537.34805555556,100.0,False,7
4279,566.033,977.0,7100.0,303.73000064,28549.671158318484,100.0,False,7
4280,566.087,957.6967308690749,7044.935632652678,304.0,28554.236944444452,100.0,False,7
4281,566.247,931.4825327201031,6974.526149232106,305.0,28567.792500000007,100.0,False,7
4282,566.413,907.0,6908.0,305.0,28581.854007135338,100.0,False,7
4283,566.447,899.0481154187668,6885.26567251749,305.0,28584.736944444452,100.0,False,7
4284,566.613,852.0,6748.0,305.5928576,28598.836607628484,100.0,False,7
4285,566.727,823.4559824112205,6663.199451520208,306.0,28608.536944444448,100.0,False,7
4286,566.813,798.0,6586.0,306.3071433142857,28615.861845431657,100.0,False,7
4287,567.007,721.0153258628748,6349.179242395113,307.0,28632.41472222222,100.0,False,7
4288,567.013,719.0,6343.0,307.0375008,28632.92756456754,100.0,False,7
4289,567.167,682.0677142018751,6231.017079988881,308.0,28646.103611111113,100.0,False,7
4290,567.373,646.0,6133.0,308.0,28663.72858925589,100.0,False,7
4291,567.487,613.1859696985348,6049.128042850039,308.0,28673.481388888886,100.0,False,7
4292,567.632,563.0,5928.0,308.0,28685.887063943894,100.0,False,7
4293,567.767,514.1530917298123,5821.752120454799,308.0,28697.43694444445,100.0,False,7
4294,567.872,476.0,5741.0,308.0,28706.4194757529,100.0,False,7
4295,568.047,414.9529973416757,5605.611176238672,308.0,28721.392500000005,100.0,False,7
4296,568.072,407.0,5586.0,308.0,28723.532266435166,100.0,False,7
4297,568.207,368.3705672302231,5479.011184737798,308.0,28735.08138888889,100.0,False,7
4298,568.252,357.0,5444.0,307.8125002666667,28738.922530607826,100.0,False,7
4299,568.472,310.0,5263.0,306.8958325333333,28757.63070589292,100.0,False,7
4300,568.687,271.15433765582344,5001.2322555615865,306.0,28775.881388888894,100.0,False,7
4301,568.712,268.0,4976.0,306.0,28778.005009897952,100.0,False,7
4302,569.007,257.0368556221439,4805.3313908095715,306.0,28803.08138888889,100.0,False,7
4303,569.092,259.0,4737.0,306.0,28810.30955208142,100.0,False,7
4304,569.167,261.8116662321143,4656.2374208394,306.0,28816.681388888897,100.0,False,7
4305,569.333,271.0,4460.0,305.3112033371326,28830.74744950011,100.0,False,7
4306,569.393,275.0,4409.0,305.0622408798745,28835.828780218686,100.0,False,7
4307,569.408,276.0702881624257,4396.535893275221,305.0,28837.099444444455,100.0,False,7
4308,569.693,301.0,4155.0,305.0,28861.25004697528,100.0,False,7
4309,569.728,304.3713368605466,4126.424345645228,305.0,28864.210555555557,100.0,False,7
4310,569.928,328.1525925044732,3958.773331796871,304.0,28881.099444444448,100.0,False,7
4311,569.933,329.0,3954.0,304.0,28881.521508108937,100.0,False,7
4312,570.173,381.0,3707.0,304.0,28901.784163229477,100.0,False,7
4313,570.328,410.8309316084786,3591.937097699777,304.0,28914.87722222222,100.0,False,7
4314,570.513,446.0,3480.0,304.0,28930.502248861903,100.0,False,7
4315,570.528,449.24360031561827,3470.104883753367,304.0,28931.766111111112,100.0,False,7
4316,570.773,520.0,3274.0,302.8863639272727,28952.31884966655,100.0,False,7
4317,570.968,616.8579947870112,3046.8637834902747,302.0,28968.677222222217,100.0,False,7
4318,570.973,619.0,3042.0,302.0138887111111,28969.09783882219,100.0,False,7
4319,571.328,713.0836370861192,2846.477763012632,303.0,28998.97722222222,100.0,False,7
4320,571.353,721.0,2831.0,302.479168,29001.06194309532,100.0,False,7
4321,571.513,782.0,2713.0,299.14583466666664,29014.317838590894,100.0,False,7
4322,571.568,804.1370987948779,2672.604427542456,298.0,29018.84388888889,100.0,False,7
4323,571.673,847.0,2598.0,296.5376045660726,29027.44334145133,100.0,False,7
4324,571.927,956.251170066529,2421.8856887711254,293.0,29048.062500000004,100.0,False,7
4325,571.973,977.0,2391.0,292.4249984,29051.77881337183,100.0,False,7
4326,572.167,1068.2040435533136,2264.5787670663026,290.0,29067.39583333334,100.0,False,7
4327,572.193,1081.0,2248.0,289.78333226666666,29069.48196247248,100.0,False,7
4328,572.407,1190.6635045681603,2114.682213973719,288.0,29086.595833333336,100.0,False,7
4329,572.433,1204.0,2099.0,287.78333226666666,29088.669503277004,100.0,False,7
4330,572.493,1235.0,2063.0,287.28333226666666,29093.450572491613,100.0,False,7
4331,572.647,1326.7812013251116,1964.5318667275856,286.0,29105.662500000002,100.0,False,7
4332,572.713,1367.0,1923.0,284.67999744,29110.85292014002,100.0,False,7
4333,572.847,1444.6616361099466,1844.0590688931993,282.0,29121.329166666666,100.0,False,7
4334,572.993,1527.0,1763.0,280.90499904,29132.69814922835,100.0,False,7
4335,573.247,1673.9814713719459,1625.7161076608957,279.0,29152.329166666666,100.0,False,7
4336,573.273,1689.0,1612.0,278.6388871111111,29154.323819821217,100.0,False,7
4337,573.433,1781.0,1529.0,276.4166648888889,29166.536695830644,100.0,False,7
4338,573.607,1881.5457893182054,1440.8968632052656,274.0,29179.729166666668,100.0,False,7
4339,573.653,1908.0,1418.0,273.6166656,29183.205764617913,100.0,False,7
4340,573.833,2011.0,1330.0,272.1166656,29196.80083900531,100.0,False,7
4341,573.847,2019.0781980462175,1323.248864793727,272.0,29197.8625,100.0,False,7
4342,574.013,2116.0,1244.0,271.4812496,29210.51220479239,100.0,False,7
4343,574.167,2207.5372240097363,1171.2058614130196,271.0,29221.951388888894,100.0,False,7
4344,574.292,2280.0,1115.0,260.28571977142855,29230.764836536477,55.35716571428571,False,7
4345,574.447,2367.903703800989,1049.2392584867941,247.0,29241.162500000002,0.0,True,7
4346,574.452,2371.0,1047.0,246.71250368,29241.489345583057,0.0,True,7
4347,574.712,2546.0,927.0,231.76248896,29257.79533923077,0.0,True,7
4348,574.847,2611.876318771737,887.1123992010534,224.0,29266.051388888893,0.0,True,7
4349,575.052,2695.0,848.0,220.33928685714287,29278.569168996775,0.0,True,7
4350,575.127,2732.1217597996906,833.1794637280858,219.0,29283.084722222226,0.0,False,7
4351,575.212,2779.0,818.0,216.8750016,29288.139232600803,1.8593735999999998,False,7
4352,575.447,2932.267562381335,797.4855869157457,211.0,29301.840277777785,7.0,False,7
4353,575.532,2985.0,796.0,209.7857152,29306.744216068375,17.9285632,False,7
4354,575.727,3087.7313059914395,802.2790835276157,207.0,29317.940277777783,43.0,False,7
4355,575.873,3164.0,812.0,207.0,29326.33371218317,53.9500096,False,7
4356,575.887,3171.8540402175486,813.0220491719449,207.0,29327.14027777778,55.0,False,7
4357,576.053,3270.0,826.0,207.6887966628674,29336.730097056843,63.265559954408666,False,7
4358,576.128,3314.517387793535,831.9395876705986,208.0,29341.06472222223,67.0,False,7
4359,576.328,3430.165002874693,847.2367779807181,208.0,29352.620277777783,68.0,False,7
4360,576.353,3444.0,849.0,208.24999936,29354.070399643886,68.0,False,7
4361,576.473,3514.0,857.0,209.44999936,29361.05883825049,68.0,False,7
4362,576.528,3557.567121318927,860.5073136985412,210.0,29364.286944444455,68.0,False,7
4363,576.733,3749.0,871.0,212.84722133333332,29376.479455585115,61.1666688,False,7
4364,576.888,3825.896976555597,872.5351455542478,215.0,29385.786944444455,56.0,False,7
4365,577.113,3891.0,866.0,216.02272698181818,29399.336703473633,58.55681745454545,False,7
4366,577.328,4012.1456301407034,848.4830801091622,217.0,29412.309166666677,61.0,False,7
4367,577.353,4029.0,844.0,217.06944426666666,29413.818067613214,61.4166656,False,7
4368,577.633,4215.0,770.0,217.84722204444444,29430.754589178327,66.08333226666667,False,7
4369,577.688,4232.4601164972955,761.9688963115253,218.0,29434.10916666668,67.0,False,7
4370,577.873,4269.0,737.0,220.3124992,29445.481425580965,81.33749504,False,7
4371,578.088,4411.881738899647,627.1761134108979,223.0,29458.886944444454,98.0,False,7
4372,578.193,4489.0,566.0,226.281248,29465.516539795073,99.3124992,False,7
4373,578.248,4525.189971180192,536.4580782926449,228.0,29469.020277777792,100.0,False,7
4374,578.567,4683.684536669337,399.0310210616118,234.0,29489.755277777793,100.0,False,7
4375,578.573,4686.0,397.0,234.0666680888889,29490.148347793893,100.0,False,7
4376,578.927,4799.643932865434,299.4240512546715,238.0,29513.555277777796,100.0,False,7
4377,578.993,4828.0,276.0,240.8875056,29518.024630775097,100.0,False,7
4378,579.087,4875.89541158552,236.80205246755605,245.0,29524.44416666668,100.0,False,7
4379,579.193,4933.0,190.0,246.7666688,29531.731642704424,100.0,False,7
4380,579.327,4997.454434515564,136.2151588130349,249.0,29541.044166666677,100.0,False,7
4381,579.433,5061.0,83.0,251.16818443636365,29548.516429909967,100.0,False,7
4382,579.613,5212.0,-43.0,254.8500026181818,29561.410910424656,100.0,False,7
4383,579.767,5324.216570340827,-138.08352672369642,258.0,29572.577500000018,100.0,False,7
4384,579.993,5442.0,-239.0,261.59545658181815,29589.153009641403,100.0,False,7
4385,580.207,5502.869112965195,-289.2041920275844,265.0,29604.9663888889,100.0,False,7
4386,580.407,5579.949760264679,-355.04344899323263,267.0,29619.799722222237,100.0,False,7
4387,580.473,5633.0,-402.0,267.8250016,29624.73586913408,100.0,False,7
4388,580.613,5778.0,-532.0,269.5750016,29635.287197857313,100.0,False,7
4389,580.807,5920.7088305716325,-667.6142213160005,272.0,29650.021944444456,100.0,False,7
4390,581.047,6015.459025767709,-770.4156363007402,275.0,29668.35527777779,100.0,False,7
4391,581.072,6024.0,-780.0,275.1562512,29670.268798777604,100.0,False,7
4392,581.207,6066.220596862272,-828.4256475743949,276.0,29680.621944444454,100.0,False,7
4393,581.432,6141.0,-922.0,278.41071634285714,29698.038917131187,100.0,False,7
4394,581.487,6165.256425177083,-954.1616977292688,279.0,29702.32194444445,100.0,False,7
4395,581.592,6215.0,-1022.0,279.78750144,29710.522681694067,100.0,False,7
4396,581.852,6328.0,-1191.0,281.73749952,29730.91300274502,100.0,False,7
4397,581.887,6342.318636021969,-1214.2831584174655,282.0,29733.65527777778,100.0,False,7
4398,582.047,6405.512360730266,-1322.748827000099,282.0,29746.18861111112,100.0,False,7
4399,582.132,6438.0,-1381.0,282.3863633454545,29752.869833178276,100.0,False,7
4400,582.332,6511.0,-1520.0,283.29545425454546,29768.66234748253,100.0,False,7
4401,582.392,6531.0,-1563.0,283.5681826909091,29773.40243720375,100.0,False,7
4402,582.487,6561.010455840735,-1628.055518720446,284.0,29780.899722222228,100.0,False,7
4403,582.648,6611.146231853316,-1741.061311604763,284.0,29793.60083333334,100.0,False,7
4404,582.693,6627.0,-1780.0,284.44999936,29797.1654804307,100.0,False,7
4405,582.848,6686.177401485291,-1934.1377327886607,286.0,29809.489722222224,100.0,False,7
4406,582.853,6688.0,-1939.0,286.01249984,29809.887619411453,100.0,False,7
4407,583.053,6752.0,-2113.0,286.51249984,29825.812011550206,100.0,False,7
4408,583.248,6801.108772875716,-2249.044226231901,287.0,29841.378611111122,100.0,False,7
4409,583.333,6827.0,-2323.0,287.3035712,29848.183596664025,100.0,False,7
4410,583.528,6901.898249617273,-2541.503123138777,288.0,29863.778611111116,100.0,False,7
4411,583.573,6915.0,-2580.0,287.4375008,29867.354735187317,100.0,False,7
4412,583.768,6943.336854204117,-2664.498840408673,285.0,29882.778611111116,100.0,False,7
4413,583.813,6950.0,-2685.0,284.8125002666667,29886.33629929936,100.0,False,7
4414,584.008,6994.485502747253,-2823.1618130221323,284.0,29901.71194444445,100.0,False,7
4415,584.133,7027.0,-2924.0,282.046876,29911.45344960532,100.0,False,7
4416,584.328,7073.6943610285225,-3068.0128627512586,279.0,29926.511944444446,100.0,False,7
4417,584.393,7089.0,-3116.0,278.51250048,29931.516095652467,100.0,False,7
4418,584.513,7117.0,-3205.0,277.61250048,29940.73562690132,100.0,False,7
4419,584.728,7161.586700386008,-3342.9445041164213,276.0,29957.17861111111,100.0,False,7
4420,584.813,7188.0,-3424.0,275.4676411060273,29963.64870719908,100.0,False,7
4421,585.013,7268.0,-3670.0,274.215031000597,29978.807228297028,100.0,False,7
4422,585.207,7288.653282409509,-3732.8967909590774,273.0,29993.502777777783,100.0,False,7
4423,585.273,7296.0,-3757.0,272.66999936,29998.508625673352,97.35999488,False,7
4424,585.407,7325.687756593409,-3855.702500582653,272.0,30008.6138888889,92.0,False,7
4425,585.613,7384.0,-4057.0,266.2062464,30023.72402268621,32.7749632,False,7
4426,585.727,7404.286842197057,-4136.523461547434,263.0,30031.991666666672,0.0,True,7
4427,585.967,7426.402301273584,-4252.492130730003,263.0,30049.525000000005,0.0,True,7
4428,586.033,7433.0,-4289.0,263.0,30054.50153110422,0.0,True,7
4429,586.127,7443.583049795659,-4346.9309644603545,263.0,30061.21388888889,0.0,True,7
4430,586.253,7458.0,-4425.0,222.0499584,30068.250674164472,0.0,True,7
4431,586.367,7468.817916405792,-4482.839636344747,185.0,30073.547222222227,0.0,True,7
4432,586.607,7484.5640592336,-4564.252874026564,158.0,30084.08055555556,0.0,True,7
4433,586.767,7490.544173737386,-4595.267416010575,158.0,30091.10277777779,0.0,True,7
4434,587.073,7500.0,-4677.0,138.44999182222222,30102.66851855747,0.0,True,7
4435,587.127,7501.457335918339,-4695.0190827064835,135.0,30104.60277777778,0.0,True,7
4436,587.273,7503.0,-4749.0,129.15999488,30109.793666708556,0.0,True,7
4437,587.327,7501.369441584578,-4770.824358806606,127.0,30111.658333333336,0.0,True,7
4438,587.567,7481.854678499524,-4871.420756213347,118.0,30119.525000000005,0.0,False,7
4439,587.632,7476.0,-4892.0,117.02499712,30121.617010920785,0.0,False,7
4440,587.767,7464.472461608515,-4921.907783753733,115.0,30125.913888888896,0.0,False,7
4441,587.972,7440.0,-4953.0,112.20454632727272,30132.183764517195,8.852269963636363,False,7
4442,588.152,7401.0,-4989.0,109.74999738181818,30137.571373660732,16.62500829090909,False,7
4443,588.207,7387.04496273934,-4998.710314638413,109.0,30139.236111111113,19.0,False,7
4444,588.407,7331.424167765851,-5027.354154641192,110.0,30145.347222222223,26.0,False,7
4445,588.412,7330.0,-5028.0,110.02499968,30145.50017579975,26.2499968,False,7
4446,588.492,7307.0,-5038.0,110.42499968,30147.94581825125,30.249996799999998,False,7
4447,588.607,7272.367009160092,-5051.536719879199,111.0,30151.513888888887,36.0,False,7
4448,588.692,7246.0,-5061.0,113.1249984,30154.244483557657,38.9218728,False,7
4449,588.927,7171.536156356292,-5085.0124854400565,119.0,30162.091666666664,47.0,False,7
4450,589.093,7118.0,-5101.0,121.06638998860217,30167.711193678555,56.643153280143444,False,7
4451,589.168,7093.651418311816,-5108.1517223548835,122.0,30170.258888888882,61.0,False,7
4452,589.253,7066.0,-5116.0,122.0,30173.149715712858,61.0,False,7
4453,589.333,7040.0,-5123.0,122.0,30175.861164737096,61.0,False,7
4454,589.368,7028.649560739789,-5126.093157232981,122.0,30177.036666666663,61.0,False,7
4455,589.593,6955.0,-5147.0,122.0,30184.464012331944,61.0,False,7
4456,589.728,6908.351459359071,-5160.461412766126,122.0,30189.23666666666,61.0,False,7
4457,589.833,6871.0,-5171.0,129.5833287111111,30193.268164056626,66.2499968,False,7
4458,590.013,6800.0,-5190.0,142.5833287111111,30200.766314888457,75.2499968,False,7
4459,590.088,6759.2845246060315,-5200.582075127642,148.0,30204.036666666663,79.0,False,7
4460,590.248,6659.538952687993,-5226.2208362595375,163.0,30211.28111111111,79.0,False,7
4461,590.293,6637.0,-5232.0,164.87499733333334,30213.390574056913,82.9374944,False,7
4462,590.488,6576.242338257387,-5247.530205466594,173.0,30222.814444444444,100.0,False,7
4463,590.673,6506.0,-5264.0,176.85416533333333,30231.919001577608,100.0,False,7
4464,590.728,6470.600532465926,-5272.084007067189,178.0,30234.681111111106,100.0,False,7
4465,590.953,6308.0,-5309.0,185.49999786666666,30246.294175831474,100.0,False,7
4466,590.968,6301.394266587628,-5310.521729757602,186.0,30247.081111111107,100.0,False,7
4467,591.193,6247.0,-5324.0,190.2187488,30259.034462493542,100.0,False,7
4468,591.288,6202.883473626605,-5335.370610931953,192.0,30264.147777777773,100.0,False,7
4469,591.393,6143.0,-5351.0,193.74999893333333,30269.837455124314,100.0,False,7
4470,591.528,6069.053414949677,-5370.980336507384,196.0,30277.21444444444,100.0,False,7
4471,591.673,5995.0,-5391.0,197.81704267887767,30285.21959396076,100.0,False,7
4472,591.913,5865.0,-5424.0,200.82456292309794,30298.694871545264,100.0,False,7
4473,591.927,5853.630321048307,-5426.861643887315,201.0,30299.491944444435,100.0,False,7
4474,592.113,5677.0,-5472.0,206.58000384,30310.182906150494,100.0,False,7
4475,592.127,5665.993777188463,-5474.963102675002,207.0,30310.991944444428,100.0,False,7
4476,592.407,5544.68826242824,-5513.142421842072,208.0,30327.16972222221,16.0,False,7
4477,592.533,5490.0,-5527.0,205.89999786666667,30334.320756214347,10.399994311111112,False,7
4478,592.767,5343.563180212791,-5553.515061180625,202.0,30347.369722222214,0.0,False,7
4479,592.773,5340.0,-5554.0,201.89999786666667,30347.70141424626,0.45000959999999995,False,7
4480,592.933,5253.0,-5562.0,199.2333312,30356.50075468045,12.4500096,False,7
4481,593.007,5212.875392871605,-5563.018988461284,198.0,30360.56972222221,18.0,False,7
4482,593.093,5166.0,-5562.0,198.0,30365.311729168967,22.8375072,False,7
4483,593.167,5126.2900785881975,-5559.034276001054,198.0,30369.369722222214,27.0,False,7
4484,593.293,5060.0,-5549.0,195.47999744,30376.17250941219,35.19000832,False,7
4485,593.367,5021.83382816158,-5539.721861667575,194.0,30380.14749999999,40.0,False,7
4486,593.533,4939.0,-5510.0,194.0,30389.08783624769,46.916672,False,7
4487,593.607,4903.835753959737,-5492.967464309112,194.0,30393.080833333323,50.0,False,7
4488,593.753,4835.0,-5451.0,194.73000064,30400.97436275584,55.84000512,False,7
4489,593.807,4808.312653079176,-5431.8642671020125,195.0,30403.91416666666,58.0,False,7
4490,594.007,4708.478595843847,-5349.0219861255755,198.0,30414.91416666665,67.0,False,7
4491,594.052,4689.0,-5331.0,198.2812496,30417.3970949564,68.406248,False,7
4492,594.167,4645.86081240768,-5287.641875132689,199.0,30423.758611111098,72.0,False,7
4493,594.412,4571.0,-5196.0,201.04166613333334,30437.49467754304,77.61458186666667,False,7
4494,594.647,4493.542268376034,-5088.258863081985,203.0,30450.825277777763,83.0,False,7
4495,594.652,4492.0,-5086.0,203.03749952,30451.109679728794,83.21249728,False,7
4496,594.832,4437.0,-5000.0,204.38750144,30461.369826205362,90.86250816,False,7
4497,595.032,4359.0,-4860.0,205.88750144,30472.848446349588,99.36250816,False,7
4498,595.047,4354.0489184954695,-4850.792187893765,206.0,30473.714166666654,100.0,False,7
4499,595.247,4308.914643225913,-4762.680228103665,209.0,30485.325277777763,100.0,False,7
4500,595.452,4271.0,-4684.0,211.5624992,30497.380876126274,100.0,False,7
4501,595.487,4262.506286376466,-4666.788970750905,212.0,30499.458611111095,100.0,False,7
4502,595.613,4229.0,-4599.0,213.39612255940295,30506.98943640527,100.0,False,7
4503,595.793,4183.0,-4503.0,215.3905813324332,30517.823519377776,100.0,False,7
4504,595.848,4168.985572644312,-4473.285629397387,216.0,30521.11861111109,100.0,False,7
4505,595.973,4137.0,-4405.0,215.68750016,30528.574477446968,68.750016,False,7
4506,596.213,4076.0,-4274.0,215.08750016,30542.891584643632,8.750016000000004,False,7
4507,596.248,4067.2683797977625,-4255.136174193142,215.0,30545.00749999999,0.0,True,7
4508,596.408,4028.0777499587175,-4170.338048103772,215.0,30554.563055555544,0.0,True,7
4509,596.493,4008.0,-4128.0,201.71876,30559.108754412144,0.0,True,7
4510,596.568,3990.7793081624327,-4092.661654058594,190.0,30563.00749999999,0.0,True,7
4511,596.673,3966.0,-4045.0,190.0,30568.631082584023,0.0,True,7
4512,596.728,3951.8291256471844,-4020.04882128836,190.0,30571.451944444434,0.0,True,7
4513,596.893,3908.0,-3949.0,175.5625056,30578.858382188064,0.0,True,7
4514,597.113,3852.0,-3864.0,156.3125056,30587.982376310563,0.0,True,7
4515,597.128,3846.4367450623963,-3855.8074627714795,155.0,30588.67416666666,0.0,True,7
4516,597.273,3786.0,-3768.0,164.6666624,30595.80638442728,0.0,True,7
4517,597.368,3760.2955296093623,-3732.5421913895366,171.0,30600.07416666666,0.0,True,7
4518,597.648,3732.149111386486,-3709.221898302112,115.0,30609.018611111107,0.0,True,7
4519,597.673,3728.0,-3706.0,115.0,30609.803419300526,0.0,True,7
4520,597.808,3698.0076995467425,-3681.3182010825853,115.0,30614.129722222217,0.0,True,7
4521,597.893,3677.0,-3666.0,110.7500032,30616.664423988073,0.0,True,7
4522,598.048,3640.1847689394554,-3647.2879154716948,103.0,30620.996388888885,0.0,True,7
4523,598.073,3634.0,-3645.0,102.64285805714286,30621.691255304086,0.0,True,7
4524,598.313,3570.0,-3631.0,99.21428662857143,30628.29408988499,0.0,True,7
4525,598.328,3565.9798517088825,-3630.646396840706,99.0,30628.696388888882,0.0,False,7
4526,598.433,3538.0,-3630.0,96.95264639250169,30631.469948493537,0.0,False,7
4527,598.687,3470.4624682121184,-3641.23738261681,92.0,30637.87083333333,0.0,False,7
4528,598.713,3464.0,-3643.0,91.3499968,30638.501317180726,0.0,False,7
4529,598.933,3412.0,-3663.0,85.8499968,30643.688352860376,0.0,False,7
4530,598.967,3403.484240655268,-3667.6996772059247,85.0,30644.48194444444,0.0,False,7
4531,599.167,3353.224639003638,-3701.264997053738,84.0,30649.148611111104,16.0,False,7
4532,599.193,3348.0,-3705.0,84.1625008,30649.75741985448,16.4875024,False,7
4533,599.327,3327.60122586132,-3720.149937523205,85.0,30652.926388888878,19.0,False,7
4534,599.533,3298.0,-3750.0,88.218752,30658.034332555802,26.0812544,False,7
4535,599.647,3268.5118970104886,-3784.2338013992403,90.0,30660.926388888878,30.0,False,7
4536,599.793,3232.0,-3828.0,91.8250016,30664.653028793375,34.1062536,False,7
4537,599.967,3217.261974423138,-3846.80743237341,94.0,30669.28194444443,39.0,False,7
4538,600.073,3210.0,-3858.0,97.71000448,30672.297706695415,43.50500544,False,7
4539,600.367,3164.9848799255187,-3928.381321344678,108.0,30681.28194444443,56.0,False,7
4540,600.373,3164.0,-3930.0,108.16363985454545,30681.47078098171,56.17727650909091,False,7
4541,600.612,3126.0,-3995.0,114.68181643636363,30689.151615543506,63.23863447272727,False,7
4542,600.672,3116.0,-4012.0,116.31818705454546,30691.16909082305,65.01136930909091,False,7
4543,600.807,3092.5560888912155,-4051.9491889367323,120.0,30695.9486111111,69.0,False,7
4544,600.932,3070.0,-4089.0,126.94444088888889,30700.67067298121,71.08333226666667,False,7
4545,601.167,3020.676978484027,-4158.149553523484,140.0,30709.9486111111,75.0,False,7
4546,601.192,3013.0,-4167.0,140.0,30710.924098030056,74.0624928,False,7
4547,601.327,2960.7180049143717,-4221.951583409909,140.0,30716.17083333332,69.0,False,7
4548,601.432,2919.0,-4262.0,141.9687536,30720.303210157344,69.0,False,7
4549,601.487,2900.0757535806324,-4278.893161852854,143.0,30722.526388888877,69.0,False,7
4550,601.767,2820.3615193372707,-4334.994119512569,154.0,30734.504166666655,41.0,False,7
4551,601.792,2812.0,-4340.0,154.0,30735.57998214552,39.4821312,False,7
4552,601.972,2744.0,-4378.0,154.0,30743.273874603994,28.553575314285712,False,7
4553,602.047,2714.9347333432215,-4392.1976094079655,154.0,30746.481944444433,24.0,False,7
4554,602.152,2674.0,-4410.0,154.32710320621865,30750.989401416515,26.2897224435305,False,7
4555,602.368,2586.9750373974684,-4440.262625079683,155.0,30760.302777777764,31.0,False,7
4556,602.453,2553.0,-4449.0,155.3541664,30763.972263882915,36.312496,False,7
4557,602.608,2489.437428237799,-4459.255828844297,156.0,30770.70277777776,46.0,False,7
4558,602.633,2477.0,-4460.0,156.35714194285714,30771.79907978817,46.0,False,7
4559,602.888,2321.1130753751304,-4454.124694233417,160.0,30783.147222222204,46.0,False,7
4560,602.913,2309.0,-4453.0,160.49999872,30784.273741464738,48.62499328,False,7
4561,603.088,2254.468909163744,-4444.251418478033,164.0,30792.258333333313,67.0,False,7
4562,603.213,2219.0,-4434.0,167.47222044444445,30798.14291812258,68.73611022222222,False,7
4563,603.448,2113.287299750434,-4400.884402247012,174.0,30809.658333333315,72.0,False,7
4564,603.533,2073.0,-4386.0,176.0326071652174,30813.975401367545,74.58695457391305,False,7
4565,603.633,2028.0,-4367.0,178.42391151304346,30819.157945272174,77.63043283478261,False,7
4566,603.893,1914.0,-4306.0,184.6413028173913,30833.156904330634,85.54347631304348,False,7
4567,604.073,1837.0,-4252.0,188.94565064347827,30843.17116115717,91.0217371826087,False,7
4568,604.293,1745.0,-4176.0,194.20652020869565,30855.513871549792,97.71738935652174,False,7
4569,604.368,1713.7804618815578,-4148.704219086284,196.0,30859.74722222221,100.0,False,7
4570,604.553,1637.0,-4079.0,203.70833066666665,30870.27422555554,100.0,False,7
4571,604.608,1614.3049020021758,-4057.6358614859587,206.0,30873.48055555554,100.0,False,7
4572,604.693,1579.0,-4024.0,209.541664,30878.53147664243,100.0,False,7
4573,604.848,1512.8134901293206,-3960.9671382635634,216.0,30887.88055555554,100.0,False,7
4574,604.893,1494.0,-3943.0,216.0,30890.57077745481,100.0,False,7
4575,605.008,1447.1685262364138,-3898.0903035156125,216.0,30897.480555555547,100.0,False,7
4576,605.073,1416.0,-3868.0,220.062496,30901.507878999942,100.0,False,7
4577,605.168,1359.4840223877973,-3813.1780449710177,226.0,30907.52499999999,100.0,False,7
4578,605.393,1218.0,-3675.0,231.6406699359572,30922.130739802455,100.0,False,7
4579,605.527,1177.9268568117927,-3635.015385862451,235.0,30930.95972222222,100.0,False,7
4580,605.673,1144.0,-3601.0,238.04166933333335,30940.63219235442,100.0,False,7
4581,605.767,1108.6833914288313,-3566.4324351377654,240.0,30946.95972222222,100.0,False,7
4582,605.933,1021.0,-3481.0,245.187504,30958.422428598216,100.0,False,7
4583,606.087,911.6557627996707,-3373.7524673587277,250.0,30969.181944444437,100.0,False,7
4584,606.247,806.9248823992617,-3270.868708656869,250.0,30980.293055555547,100.0,False,7
4585,606.253,804.0,-3268.0,250.0,30980.708218753,100.0,False,7
4586,606.527,721.6086572523388,-3187.437161207582,250.0,30999.7375,100.0,False,7
4587,606.553,712.0,-3178.0,250.9454592,31001.59060486726,100.0,False,7
4588,606.793,590.0,-3058.0,259.6727319272727,31019.205596152507,100.0,False,7
4589,606.967,498.44893189316326,-2968.7393745867266,266.0,31032.248611111103,100.0,False,7
4590,607.013,474.0,-2945.0,266.9857170285714,31035.707615547402,100.0,False,7
4591,607.212,367.0,-2841.0,271.2499986285714,31050.740961271247,100.0,False,7
4592,607.247,349.0597108219434,-2823.3309112356746,272.0,31053.404166666656,100.0,False,7
4593,607.392,271.0,-2746.0,274.265628,31064.50618305569,100.0,False,7
4594,607.567,135.16682539830455,-2613.24641092043,277.0,31078.026388888884,100.0,False,7
4595,607.732,16.0,-2497.0,279.47499904,31090.857288749005,100.0,False,7
4596,607.767,-1.7831836627618265,-2479.5428155871905,280.0,31093.581944444446,100.0,False,7
4597,607.967,-63.19956662907531,-2418.4237307571702,280.0,31109.137499999993,100.0,False,7
4598,608.052,-95.0,-2387.0,280.0,31115.727785831794,100.0,False,7
4599,608.127,-131.8000083762235,-2350.8932204837874,280.0,31121.58194444444,100.0,False,7
4600,608.312,-243.0,-2242.0,285.28571977142855,31136.346539347232,100.0,False,7
4601,608.407,-297.82622473911067,-2187.8990881993577,288.0,31143.981944444447,100.0,False,7
4602,608.512,-357.0,-2130.0,288.6562512,31152.40139510702,100.0,False,7
4603,608.567,-388.05778499408484,-2100.2205282224263,289.0,31156.826388888887,100.0,False,7
4604,608.712,-474.0,-2019.0,290.8079815782233,31168.59039606892,100.0,False,7
4605,608.953,-639.0,-1862.0,293.8129668725944,31188.344247614852,100.0,False,7
4606,608.968,-648.1379480727024,-1853.2996661847208,294.0,31189.574722222216,100.0,False,7
4607,609.328,-823.0568105347643,-1687.2379262434176,296.0,31219.174722222215,100.0,False,7
4608,609.353,-836.0,-1675.0,296.37499904,31221.24402120885,100.0,False,7
4609,609.528,-936.3377372915096,-1580.191541784271,299.0,31235.78583333333,100.0,False,7
4610,609.573,-965.0,-1553.0,299.3214281142857,31239.536899692528,100.0,False,7
4611,609.633,-1006.0,-1514.0,299.74999954285715,31244.545105240835,100.0,False,7
4612,609.808,-1173.7817180117447,-1353.9773906973057,301.0,31259.196944444444,100.0,False,7
4613,609.913,-1263.0,-1269.0,301.5833329777778,31268.020148211068,100.0,False,8
4614,610.168,-1359.6914398238143,-1177.9175292727052,303.0,31289.496944444447,100.0,False,8
4615,610.233,-1385.0,-1154.0,303.0,31294.96347741032,100.0,False,8
4616,610.328,-1433.331364068514,-1108.0726951900365,303.0,31302.963611111114,100.0,False,8
4617,610.593,-1605.0,-944.0,305.2083328,31325.478771798316,100.0,False,8
4618,610.633,-1629.0,-921.0,305.5416661333333,31328.884243573328,100.0,False,8
4619,610.688,-1669.2145238682515,-882.6282441079034,306.0,31333.563611111113,100.0,False,8
4620,610.888,-1865.4852520269785,-696.3697101943087,306.0,31350.56361111112,100.0,False,8
4621,610.913,-1888.0,-675.0,306.12499968,31352.69176341312,100.0,False,8
4622,611.088,-2020.0604692231207,-549.4799779389998,307.0,31367.619166666667,100.0,False,8
4623,611.288,-2125.3086541590897,-449.1915275716134,308.0,31384.730277777784,100.0,False,8
4624,611.313,-2136.0,-439.0,308.0,31386.86973468908,100.0,False,8
4625,611.448,-2184.3579056436224,-392.88607672498114,308.0,31398.41916666667,100.0,False,8
4626,611.653,-2260.0,-321.0,308.0,31415.9342008169,100.0,False,8
4627,611.848,-2379.8898857036247,-207.56873891592744,308.0,31432.64138888889,100.0,False,8
4628,611.893,-2409.0,-180.0,308.1410657149988,31436.513035130072,85.89342850011998,False,8
4629,612.167,-2578.4916556086423,-19.075027217895723,309.0,31460.022222222226,0.0,False,8
4630,612.213,-2607.0,8.0,307.15999488,31463.89481388168,0.0,False,8
4631,612.367,-2706.736233477586,102.69500660014192,301.0,31476.744444444445,0.0,False,8
4632,612.393,-2726.0,121.0,301.0,31478.916561689217,0.0,False,8
4633,612.607,-2903.658285753274,289.88215987456186,301.0,31496.81111111111,0.0,False,8
4634,612.613,-2908.0,294.0,300.75999488,31497.31063394078,0.0,False,8
4635,612.807,-3013.542503043087,393.5938507124535,293.0,31513.08888888889,0.0,True,8
4636,613.073,-3107.0,481.0,251.1999798857143,31531.562077172257,0.0,True,8
4637,613.087,-3112.6663922406724,486.3353228359022,249.0,31532.455555555553,0.0,True,8
4638,613.353,-3230.0,597.0,217.6499849142857,31548.437326503667,0.0,True,8
4639,613.367,-3236.059159296912,602.6786654646348,216.0,31549.25555555555,0.0,True,8
4640,613.533,-3308.0,671.0,207.6999936,31558.82766918743,0.0,True,8
4641,613.567,-3324.1177427785055,687.113636541517,206.0,31560.699999999993,0.0,True,8
4642,613.807,-3445.384341673315,816.0401411282257,183.0,31572.89999999999,0.0,True,8
4643,613.852,-3464.0,837.0,181.00000284444445,31575.06321968928,0.0,True,8
4644,614.167,-3544.2217451022743,939.5066492829603,167.0,31589.599999999988,0.0,True,8
4645,614.252,-3560.0,963.0,166.0892864,31593.49147217708,0.0,True,8
4646,614.447,-3595.0509874065724,1018.9803451851617,164.0,31602.35555555554,0.0,True,8
4647,614.532,-3610.0,1047.0,162.1785728,31606.13857273667,0.0,True,8
4648,614.727,-3642.81279080304,1122.0569734693158,158.0,31614.644444444424,0.0,False,8
4649,614.772,-3649.0,1140.0,156.8750016,31616.580804386114,0.5624992,False,8
4650,614.887,-3661.480968545229,1185.5718345528294,154.0,31621.48888888887,2.0,False,8
4651,615.047,-3670.857367905951,1249.929512570106,152.0,31628.24444444443,28.0,False,8
4652,615.052,-3671.0,1252.0,152.0,31628.45494571175,28.193903232051465,False,8
4653,615.272,-3669.0,1346.0,152.0,31637.704052532074,36.72576457798671,False,8
4654,615.408,-3661.4687691772606,1405.096545665027,152.0,31643.486666666653,42.0,False,8
4655,615.553,-3650.0,1468.0,153.6111104,31649.752067679972,48.041664,False,8
4656,615.653,-3641.0,1511.0,154.72222151111112,31654.114240654202,52.20833066666667,False,8
4657,615.768,-3629.846878196479,1560.2532828691465,156.0,31659.08666666665,57.0,False,8
4658,615.853,-3621.0,1597.0,156.0,31662.727273661523,60.1874976,False,8
4659,616.088,-3594.1210409520995,1702.0348670445967,156.0,31672.953333333313,69.0,False,8
4660,616.133,-3589.0,1723.0,158.89285302857144,31675.027229674557,69.0,False,8
4661,616.353,-3566.0,1827.0,173.03571017142858,31685.727592818486,69.0,False,8
4662,616.368,-3564.700440570132,1833.678934741503,174.0,31686.486666666653,69.0,False,8
4663,616.553,-3553.0,1921.0,183.2499968,31696.143524143346,84.93055004444444,False,8
4664,616.728,-3551.9382124052777,2044.7241907145542,192.0,31705.68666666665,100.0,False,8
4665,616.733,-3552.0,2048.0,192.21428297142856,31705.963882685504,100.0,False,8
4666,617.008,-3561.429013472891,2177.2214932962365,204.0,31721.55333333332,100.0,False,8
4667,617.153,-3573.0,2244.0,207.6249984,31729.95517323665,100.0,False,8
4668,617.208,-3578.8050011739824,2273.8522866220296,209.0,31733.16444444443,100.0,False,8
4669,617.333,-3593.0,2343.0,211.3437488,31740.505427980654,100.0,False,8
4670,617.368,-3596.4659148272003,2359.504908670546,212.0,31742.58666666666,100.0,False,8
4671,617.568,-3633.7446480784697,2470.99000264605,218.0,31754.69777777777,100.0,False,8
4672,617.573,-3636.0,2476.0,218.03571382857143,31755.001881200365,100.0,False,8
4673,617.693,-3704.0,2618.0,218.8928566857143,31762.297366684896,100.0,False,8
4674,617.848,-3754.3615022129143,2712.4945213935257,220.0,31771.808888888878,100.0,False,8
4675,618.048,-3780.369058611727,2737.2702261307904,226.0,31784.36444444444,100.0,False,8
4676,618.073,-3786.0,2744.0,226.1562496,31785.937560753755,100.0,False,8
4677,618.208,-3826.516284748701,2796.300588283051,227.0,31794.453333333327,100.0,False,8
4678,618.413,-3923.0,2914.0,231.270832,31807.649733973547,100.0,False,8
4679,618.448,-3944.0669591744236,2936.5549476562346,232.0,31809.919999999995,100.0,False,8
4680,618.593,-4034.0,3027.0,233.8124992,31819.345387362762,100.0,False,8
4681,618.608,-4041.613638579277,3034.3669987376525,234.0,31820.319999999996,100.0,False,8
4682,618.713,-4092.0,3081.0,234.37634411562033,31827.13413219427,100.0,False,8
4683,618.887,-4233.271576388161,3202.5818377220535,235.0,31838.532499999998,100.0,False,8
4684,618.993,-4308.0,3266.0,238.6437544,31845.662060738683,100.0,False,8
4685,619.207,-4362.734096751043,3312.7747759666872,246.0,31860.399166666666,100.0,False,8
4686,619.273,-4380.0,3328.0,247.6500032,31864.996590796934,100.0,False,8
4687,619.447,-4459.210361953117,3398.2782515154813,252.0,31877.19916666667,100.0,False,8
4688,619.633,-4566.0,3495.0,253.86000128,31890.315392797387,100.0,False,8
4689,619.647,-4573.542216379283,3501.993123274669,254.0,31891.310277777786,100.0,False,8
4690,619.753,-4628.0,3553.0,256.12000256,31898.887345161053,100.0,False,8
4691,619.847,-4671.139713055652,3593.3389471799587,258.0,31905.643611111114,100.0,False,8
4692,619.993,-4753.0,3671.0,259.21666773333334,31916.160364922744,100.0,False,8
4693,620.087,-4837.435746511022,3752.7434832037507,260.0,31922.97694444445,100.0,False,8
4694,620.193,-4930.0,3843.0,261.3250016,31930.727380386536,100.0,False,8
4695,620.512,-5023.0,3937.0,265.3125024,31954.3586341238,100.0,False,8
4696,620.567,-5044.075195131758,3958.5515819437132,266.0,31958.443611111117,100.0,False,8
4697,620.767,-5153.319429293244,4069.9434114649775,268.0,31973.332500000008,100.0,False,8
4698,620.832,-5189.0,4107.0,268.8125024,31978.215281764893,100.0,False,8
4699,620.992,-5271.0,4194.0,270.8125024,31990.344713990064,100.0,False,8
4700,621.167,-5360.552437097683,4290.50196312216,273.0,32003.665833333336,100.0,False,8
4701,621.232,-5394.0,4327.0,273.2708341333333,32008.610608232153,100.0,False,8
4702,621.407,-5484.097201428296,4426.633214343936,274.0,32021.932500000006,100.0,False,8
4703,621.492,-5527.0,4474.0,274.5312496,32028.42369881427,100.0,False,8
4704,621.512,-5537.0,4485.0,274.6562512,32029.953183216912,100.0,False,8
4705,621.727,-5660.701285695806,4626.624750284312,276.0,32046.465833333332,100.0,False,8
4706,621.892,-5748.0,4729.0,277.49659740737707,32059.248523698294,100.0,False,8
4707,622.168,-5851.404293248498,4852.146692573694,280.0,32080.765833333335,100.0,False,8
4708,622.253,-5906.0,4920.0,280.3541664,32087.397144215032,100.0,False,8
4709,622.408,-6038.440350189087,5086.505563489796,281.0,32099.499166666672,100.0,False,8
4710,622.413,-6042.0,5091.0,281.01249984,32099.889942900885,100.0,False,8
4711,622.753,-6147.0,5227.0,281.86249984,32126.517850727712,100.0,False,8
4712,622.808,-6162.223353249153,5247.530730309648,282.0,32130.8325,100.0,False,8
4713,623.208,-6336.966102434738,5484.421413292748,282.0,32162.16583333333,100.0,False,8
4714,623.528,-6500.975397328784,5713.482861083028,278.0,32186.876944444444,100.0,False,8
4715,623.613,-6540.0,5770.0,278.0,32193.419840181505,88.8437584,False,8
4716,623.688,-6572.850838409554,5818.359727303242,278.0,32199.232499999995,79.0,False,8
4717,623.773,-6609.0,5872.0,277.2031256,32205.907850701795,58.0156408,False,8
4718,624.008,-6706.855148822801,6016.681235405549,275.0,32223.67694444444,0.0,True,8
4719,624.113,-6747.0,6077.0,256.6250112,32230.32828466898,0.0,True,8
4720,624.293,-6809.0,6172.0,225.1250112,32239.89960433506,0.0,True,8
4721,624.448,-6858.335958672173,6246.229984431784,198.0,32247.876944444437,0.0,True,8
4722,624.493,-6872.0,6267.0,195.4687536,32250.233555053903,0.0,True,8
4723,624.608,-6905.500747412418,6318.840920674725,189.0,32256.27694444444,0.0,True,8
4724,624.653,-6918.0,6338.0,187.20000256,32258.60902043227,0.0,True,8
4725,624.808,-6958.665724003932,6398.27839615815,181.0,32266.332499999993,0.0,True,8
4726,624.893,-6983.0,6435.0,173.68056106666666,32270.184087208127,0.0,True,8
4727,625.133,-7060.0,6557.0,153.0138944,32279.93192712493,0.0,True,8
4728,625.168,-7068.74375681183,6571.1163453544805,150.0,32281.332499999993,0.0,True,8
4729,625.367,-7100.524239005523,6623.611767536009,143.0,32289.237222222215,0.0,True,8
4730,625.553,-7124.0,6667.0,133.6999936,32296.12711326737,0.0,True,8
4731,625.567,-7126.091034340336,6671.027943552809,133.0,32296.626111111105,0.0,True,8
4732,625.653,-7140.0,6699.0,129.62142354285714,32299.635366439372,0.0,True,8
4733,625.847,-7176.822118807795,6788.725523954159,122.0,32306.114999999994,0.0,True,8
4734,625.893,-7184.0,6808.0,121.05908829090909,32307.603406859194,0.0,True,8
4735,626.287,-7205.057187281357,6896.099438273386,113.0,32319.92611111111,0.0,True,8
4736,626.393,-7207.0,6921.0,113.0,32323.299317420755,0.0,True,8
4737,626.493,-7209.0,6950.0,113.0,32326.43650434235,0.0,True,8
4738,626.527,-7209.367492455219,6960.607118693768,113.0,32327.45944444444,0.0,False,8
4739,626.687,-7208.35803629306,7014.283477063838,103.0,32332.037222222218,0.0,False,8
4740,626.813,-7205.0,7052.0,101.94999893333333,32335.614662969656,0.0,False,8
4741,626.927,-7200.279525587926,7078.851961554793,101.0,32338.770555555555,0.0,False,8
4742,627.072,-7191.0,7109.0,95.92499328,32342.56491803632,0.72500096,False,8
4743,627.127,-7186.175297885522,7121.399178971066,94.0,32343.992777777774,1.0,False,8
4744,627.367,-7158.590527340115,7178.201485005497,94.0,32350.259444444444,4.0,False,8
4745,627.432,-7151.0,7191.0,92.83928228571429,32351.895403435814,7.714296685714285,False,8
4746,627.592,-7126.0,7221.0,89.98213942857143,32355.81733078397,16.85715382857143,False,8
4747,627.647,-7106.864991851427,7237.10699446944,89.0,32357.181666666667,20.0,False,8
4748,627.732,-7072.0,7264.0,90.0624992,32359.319551851306,20.0,False,8
4749,627.807,-7046.83037136374,7281.791521186026,91.0,32361.22611111111,20.0,False,8
4750,628.007,-7006.7821797648985,7300.981004397216,93.0,32366.392777777775,36.0,False,8
4751,628.247,-6970.879663412639,7305.07435737177,99.0,32372.992777777774,42.0,False,8
4752,628.272,-6966.0,7306.0,99.85670388633288,32373.71613805019,42.85670388633288,False,8
4753,628.493,-6914.0,7317.0,107.42990588616222,32380.419246334084,50.42990588616221,False,8
4754,628.568,-6893.256894960273,7320.513867397242,110.0,32382.80111111111,53.0,False,8
4755,628.693,-6856.0,7326.0,113.47222044444445,32386.88117395801,56.1249984,False,8
4756,628.928,-6780.626703417439,7336.852454031343,120.0,32394.80111111111,62.0,False,8
4757,628.973,-6766.0,7339.0,120.65624906666666,32396.32734136321,62.65624906666667,False,8
4758,629.133,-6710.0,7347.0,122.9895824,32401.773301219593,64.9895824,False,8
4759,629.408,-6553.157751605728,7363.857829330838,127.0,32411.734444444442,69.0,False,8
4760,629.493,-6509.0,7368.0,131.88749632,32415.10963613734,67.9375008,False,8
4761,629.693,-6428.0,7376.0,143.38749632,32423.52822588878,65.4375008,False,8
4762,629.753,-6403.0,7380.0,146.83749631999999,32426.07547723386,64.6875008,False,8
4763,629.808,-6380.172871445579,7383.84775967063,150.0,32428.401111111107,64.0,False,8
4764,629.933,-6330.0,7393.0,150.0,32433.65337570378,41.77778915555555,False,8
4765,630.168,-6242.498062938018,7415.119287255619,150.0,32443.401111111107,0.0,False,8
4766,630.253,-6202.0,7431.0,149.22727330909092,32446.885486918534,1.1590900363636363,False,8
4767,630.453,-6087.0,7487.0,147.40909149090908,32455.001155595124,3.8863627636363636,False,8
4768,630.608,-6024.700341704427,7527.929250981135,146.0,32461.245555555546,6.0,False,8
4769,630.833,-5972.0,7578.0,145.4886365090909,32470.260409086102,15.715906327272727,False,8
4770,631.213,-5909.0,7656.0,144.62500014545455,32485.39099615035,32.12499723636363,False,8
4771,631.488,-5858.840734669737,7753.575825771377,144.0,32496.44555555555,44.0,False,8
4772,631.513,-5855.0,7763.0,144.24999936,32497.45686319078,44.0,False,8
4773,631.653,-5837.0,7816.0,145.64999936,32503.135954812522,44.0,False,8
4774,631.688,-5833.27186040714,7829.7670710802095,146.0,32504.55666666666,44.0,False,8
4775,631.893,-5817.0,7913.0,146.73214262857144,32512.89091852104,56.446424685714284,False,8
4776,631.968,-5813.249664723957,7942.180300527755,147.0,32515.989999999994,61.0,False,8
4777,632.113,-5810.0,8006.0,151.37186158491167,32522.10523779983,69.74372316982335,False,8
4778,632.167,-5810.502927449408,8037.457173375833,153.0,32524.4475,73.0,False,8
4779,632.313,-5815.0,8129.0,158.73571931428572,32530.992977471793,80.82143542857143,False,8
4780,632.447,-5819.54317120297,8186.265708443036,164.0,32537.20305555555,88.0,False,8
4781,632.673,-5829.0,8260.0,171.5333376,32547.98674762152,99.3000064,False,8
4782,632.687,-5829.7511305677135,8266.05562233037,172.0,32548.669722222217,100.0,False,8
4783,632.853,-5840.0,8348.0,177.5333376,32556.909985051865,100.0,False,8
4784,632.927,-5845.13133822338,8384.679120459057,180.0,32560.669722222217,100.0,False,8
4785,633.033,-5853.0,8437.0,182.91500352,32566.14943206732,100.0,False,8
4786,633.253,-5871.0,8550.0,188.96500352,32577.861901780383,100.0,False,8
4787,633.327,-5877.371994969053,8588.51699587647,191.0,32581.891944444436,100.0,False,8
4788,633.493,-5892.0,8676.0,195.56500352,32591.092972861294,100.0,False,8
4789,633.727,-5912.575082408764,8804.19886264316,202.0,32604.33638888888,100.0,False,8
4790,633.732,-5913.0,8807.0,202.1249984,32604.621137123224,100.0,False,8
4791,633.887,-5925.620014679205,8894.236523892734,206.0,32613.491944444435,100.0,False,8
4792,633.892,-5926.0,8897.0,206.06818094545454,32613.780016443892,100.0,False,8
4793,634.152,-5942.0,9046.0,209.61363898181818,32628.946961199985,100.0,False,8
4794,634.327,-5946.100161931584,9179.47025915495,212.0,32639.403055555547,100.0,False,8
4795,634.392,-5947.0,9217.0,213.6250048,32643.343612648237,96.20832213333334,False,8
4796,634.672,-5944.0,9302.0,220.6250048,32660.576546940425,79.8749888,False,8
4797,634.687,-5942.75832296136,9311.71174031847,221.0,32661.503055555546,79.0,False,8
4798,634.952,-5907.0,9557.0,222.6562512,32677.90153275796,73.2031208,False,8
4799,635.007,-5901.128742504398,9588.537817961527,223.0,32681.325277777763,72.0,False,8
4800,635.248,-5880.5809372385265,9649.437507732613,225.0,32696.38777777777,70.0,False,8
4801,635.253,-5880.0,9651.0,224.95833386666666,32696.69890681947,69.8125024,False,8
4802,635.488,-5839.731963156736,9759.823528329418,223.0,32711.25444444444,61.0,False,8
4803,635.613,-5785.0,9852.0,223.44642834285713,32719.023464396483,61.892856685714285,False,8
4804,635.768,-5679.59720508171,9992.601188050705,224.0,32728.676666666663,63.0,False,8
4805,635.793,-5665.0,10011.0,224.0,32730.23233219118,63.35714194285714,False,8
4806,636.048,-5593.475223688372,10088.171275809258,224.0,32746.098888888886,67.0,False,8
4807,636.173,-5558.0,10117.0,224.3906248,32753.904459250905,79.8906184,False,8
4808,636.368,-5464.535906289467,10197.871117290428,225.0,32766.098888888886,100.0,False,8
4809,636.373,-5462.0,10200.0,225.0,32766.411244726438,100.0,False,8
4810,636.653,-5323.0,10309.0,225.0,32783.90244455643,100.0,False,8
4811,636.688,-5305.487010042563,10322.135142905781,225.0,32786.09888888888,100.0,False,8
4812,636.693,-5303.0,10324.0,225.04999936,32786.412938706795,100.0,False,8
4813,636.888,-5210.256217165227,10393.913319957164,227.0,32798.70999999999,100.0,False,8
4814,637.033,-5130.0,10452.0,227.9062496,32807.893986048424,100.0,False,8
4815,637.048,-5120.502544175313,10458.679998699512,228.0,32808.84333333332,100.0,False,8
4816,637.253,-4983.0,10553.0,228.0,32821.812107938036,100.0,False,8
4817,637.288,-4963.7039299736825,10566.02010775578,228.0,32824.04333333332,100.0,False,8
4818,637.573,-4843.0,10644.0,231.95833244444444,32842.467181203494,100.0,False,8
4819,637.648,-4804.461413641199,10667.39258008833,233.0,32847.34333333332,100.0,False,8
4820,637.853,-4687.0,10736.0,233.73214262857144,32860.671815314854,100.0,False,8
4821,637.928,-4647.302100830495,10757.909250505234,234.0,32865.54333333332,100.0,False,8
4822,638.013,-4596.0,10785.0,233.76388906666668,32871.05944621474,100.0,False,8
4823,638.233,-4411.0,10878.0,233.15277795555556,32885.29935328479,100.0,False,8
4824,638.288,-4375.517213357795,10895.22289708049,233.0,32888.84333333332,100.0,False,8
4825,638.488,-4299.595689517745,10929.291293703189,231.0,32901.676666666666,100.0,False,8
4826,638.613,-4247.0,10952.0,230.6518105770129,32909.671285243225,100.0,False,8
4827,638.813,-4129.0,11004.0,230.09470721499662,32922.44125547531,100.0,False,8
4828,638.847,-4108.728472669967,11012.933424192215,230.0,32924.61277777777,100.0,False,8
4829,638.993,-4024.0,11050.0,230.0,32933.94045938307,100.0,False,8
4830,639.047,-3992.5499305261114,11063.51406436901,230.0,32937.390555555554,100.0,False,8
4831,639.193,-3907.0,11100.0,230.0,32946.71734945227,100.0,False,8
4832,639.367,-3805.1312949046464,11144.432288672662,230.0,32957.83499999999,100.0,False,8
4833,639.513,-3720.0,11182.0,230.0,32967.164399365836,100.0,False,8
4834,639.527,-3711.861739922388,11185.592357174824,230.0,32968.05722222221,100.0,False,8
4835,639.673,-3627.0,11223.0,229.26999936,32977.341584443624,100.0,False,8
4836,639.813,-3545.0,11259.0,228.56999936,32986.20109794487,100.0,False,8
4837,639.927,-3479.1098366225733,11288.595340076627,228.0,32993.39055555554,100.0,False,8
4838,640.093,-3384.0,11332.0,227.24545396363635,33003.820955344796,100.0,False,8
4839,640.272,-3281.0,11379.0,226.43181730909092,33015.041343630495,100.0,False,8
4840,640.367,-3226.7209875386475,11404.311780082044,226.0,33021.01277777777,100.0,False,8
4841,640.572,-3111.0,11460.0,225.1458336,33033.87086089462,100.0,False,8
4842,640.607,-3091.4725179623556,11469.662617025473,225.0,33036.01277777777,100.0,False,8
4843,640.772,-3000.0,11516.0,218.12500266666666,33045.804021526,54.16668444444445,False,8
4844,640.852,-2956.0,11539.0,214.79166933333335,33050.407024009764,31.944462222222228,False,8
4845,640.967,-2897.2667384966157,11571.291591805491,210.0,33057.01277777777,0.0,True,8
4846,641.012,-2875.0,11584.0,208.8750016,33059.595006016156,0.0,True,8
4847,641.167,-2799.0966411365425,11629.033942443826,205.0,33068.40166666666,0.0,True,8
4848,641.292,-2739.0,11666.0,199.37500288,33075.24630910919,0.0,True,8
4849,641.367,-2703.4988071710573,11688.180458405675,196.0,33079.29055555553,0.0,False,8
4850,641.592,-2601.0,11753.0,193.5069244062895,33091.316864921246,14.335184663835305,False,8
4851,641.713,-2546.0,11785.0,192.1662056068934,33097.74743094061,22.044317760362855,False,8
4852,641.728,-2537.6511222397726,11788.86169532675,192.0,33098.543888888875,23.0,False,8
4853,641.928,-2390.203158167967,11837.134667558203,191.0,33109.154999999984,41.0,False,8
4854,642.033,-2327.0,11852.0,191.3281248,33114.73312622674,43.9531232,False,8
4855,642.248,-2270.7282510184073,11852.756676063338,192.0,33126.221666666665,50.0,False,8
4856,642.313,-2255.0,11851.0,192.9027768888889,33129.73028224762,56.138882844444446,False,8
4857,642.608,-2102.9020642997675,11815.35837421114,197.0,33145.92166666666,84.0,False,8
4858,642.613,-2098.0,11813.0,197.14583146666666,33146.20119798965,84.16666453333333,False,8
4859,642.733,-1968.0,11743.0,200.64583146666666,33152.96467051578,88.16666453333333,False,8
4860,642.848,-1898.964736162297,11701.492352329296,204.0,33159.52166666665,92.0,False,8
4861,643.008,-1888.2269127085524,11685.60422441105,208.0,33168.76611111111,100.0,False,8
4862,643.113,-1852.0,11658.0,211.9374976,33175.008666643844,100.0,False,8
4863,643.248,-1753.1808217545195,11592.91682811606,217.0,33183.23277777777,100.0,False,8
4864,643.448,-1567.767249448967,11482.945364652314,224.0,33195.677222222206,100.0,False,8
4865,643.453,-1564.0,11481.0,224.0,33195.98808108765,100.0,False,8
4866,643.608,-1470.094471474497,11441.439924014809,224.0,33205.63277777776,100.0,False,8
4867,643.793,-1384.0,11420.0,229.28571245714286,33217.4967982526,100.0,False,8
4868,643.888,-1334.963218675265,11406.643230321835,232.0,33223.67722222222,100.0,False,8
4869,644.033,-1232.0,11381.0,234.58928457142858,33233.154075663275,100.0,False,8
4870,644.168,-1080.7874229734139,11349.708098676714,237.0,33242.110555555555,100.0,False,8
4871,644.213,-1037.0,11341.0,237.83467623225806,33245.141779034675,100.0,False,8
4872,644.553,-890.0,11314.0,244.1411278451613,33268.783503743194,100.0,False,8
4873,644.813,-714.0,11279.0,248.96370849032257,33287.73950730378,100.0,False,8
4874,645.408,-302.9680864315724,11162.792362997041,260.0,33331.6661111111,100.0,False,8
4875,645.653,-140.0,11094.0,263.07017611396947,33349.66814828965,100.0,False,8
4876,645.807,-38.60360809076033,11043.099808862986,265.0,33361.03694444444,100.0,False,8
4877,645.853,-9.0,11027.0,265.5750016,33364.4490366212,100.0,False,8
4878,646.047,112.1889091610435,10953.73073437517,268.0,33378.903611111105,100.0,False,8
4879,646.153,187.0,10896.0,268.3312504,33386.82245448505,100.0,False,8
4880,646.367,363.3852474516083,10731.497948954935,269.0,33402.81472222222,100.0,False,8
4881,646.433,406.0,10689.0,269.0,33407.73494256682,100.0,False,8
4882,646.527,448.74000830506407,10644.683897949793,269.0,33414.770277777774,100.0,False,8
4883,646.727,493.0008220569223,10589.106398094444,274.0,33429.99249999999,100.0,False,8
4884,646.793,514.0,10561.0,274.23571474285717,33435.02960974965,100.0,False,8
4885,647.007,610.8988733271473,10429.831943999026,275.0,33451.38138888888,100.0,False,8
4886,647.032,622.0,10414.0,275.1442318769231,33453.299626358756,100.0,False,8
4887,647.272,719.0,10257.0,276.5288472615385,33471.81147363494,100.0,False,8
4888,647.527,842.9420719007977,10003.466105789068,278.0,33491.53694444444,100.0,False,8
4889,647.572,860.0,9966.0,278.0,33495.011351226596,100.0,False,8
4890,647.687,891.8132419543247,9892.199317781624,278.0,33503.89249999999,100.0,False,8
4891,647.972,934.0,9762.0,279.29545425454546,33526.03359018997,100.0,False,8
4892,648.127,969.6011035413264,9645.07058953035,280.0,33538.114722222206,100.0,False,8
4893,648.152,975.0,9627.0,280.12437894586685,33540.064048205226,100.0,False,8
4894,648.328,1007.4219514653712,9511.64313577321,281.0,33553.803888888884,100.0,False,8
4895,648.393,1023.0,9446.0,281.4062496,33558.89541604555,100.0,False,8
4896,648.553,1070.0,9232.0,282.4062496,33571.47113485429,100.0,False,8
4897,648.648,1083.5615688438695,9169.241208892383,283.0,33578.95944444444,100.0,False,8
4898,648.813,1092.0,9124.0,284.1785709714286,33591.99958418275,100.0,False,8
4899,648.928,1107.1926108367138,9039.082903346356,285.0,33601.12611111111,100.0,False,8
4900,649.213,1157.0,8716.0,287.3749994666667,33623.90416266183,100.0,False,8
4901,649.288,1163.5507113154956,8640.537933324786,288.0,33629.92611111111,100.0,False,8
4902,649.533,1169.0,8443.0,289.74999954285715,33649.65771950013,100.0,False,8
4903,649.568,1169.1815932021232,8422.730469213919,290.0,33652.48166666666,100.0,False,8
4904,649.888,1164.6133056265871,8281.189469312023,291.0,33678.34833333333,100.0,False,8
4905,649.973,1159.0,8200.0,291.3541664,33685.23500389315,100.0,False,8
4906,650.128,1143.1405247574742,7981.676788607359,292.0,33697.815,100.0,False,8
4907,650.213,1135.0,7872.0,292.42499968,33704.72926976308,100.0,False,8
4908,650.328,1127.3533013449714,7771.50327476028,293.0,33714.09277777777,100.0,False,8
4909,650.553,1115.0,7650.0,293.0,33732.4053615289,100.0,False,8
4910,650.608,1109.8765029075962,7609.668845285738,293.0,33736.88166666665,100.0,False,8
4911,650.768,1090.6661718646917,7477.870332768263,293.0,33749.90388888889,100.0,False,8
4912,650.773,1090.0,7474.0,293.0,33750.31074766214,100.0,False,8
4913,650.928,1063.3625491415144,7353.723711144564,293.0,33762.92611111111,100.0,False,8
4914,650.933,1062.0,7349.0,293.0156248,33763.33352869157,100.0,False,8
4915,651.213,948.0,7022.0,293.8906248,33786.19959232585,100.0,False,8
4916,651.248,936.926198747141,6991.474612624697,294.0,33789.05944444444,100.0,False,8
4917,651.633,872.0,6807.0,294.0,33820.501602283955,100.0,False,8
4918,651.648,868.6300619175386,6797.034422267951,294.0,33821.726111111115,100.0,False,8
4919,651.813,825.0,6667.0,294.0,33835.19509371868,100.0,False,8
4920,651.888,805.2186188982128,6607.19077770507,294.0,33841.326111111106,100.0,False,8
4921,652.053,764.0,6481.0,294.6874997333333,33854.84442785011,100.0,False,8
4922,652.128,746.3384389549715,6426.605128407373,295.0,33860.99277777778,100.0,False,8
4923,652.353,686.0,6247.0,295.0,33879.43029148743,100.0,False,8
4924,652.367,680.928971374847,6232.694843923122,295.0,33880.577499999985,100.0,False,8
4925,652.533,613.0,6048.0,295.0,33894.181303922436,100.0,False,8
4926,652.607,585.1750986529993,5978.118073565358,295.0,33900.24416666666,100.0,False,8
4927,652.847,510.37159274928246,5814.612766853293,295.0,33919.91083333331,100.0,False,8
4928,652.933,486.0,5763.0,295.3071433142857,33926.97776394774,100.0,False,8
4929,653.127,433.6193547879309,5649.430930062677,296.0,33942.933055555535,100.0,False,8
4930,653.273,395.0,5554.0,295.39166613333333,33954.900988753085,100.0,False,8
4931,653.367,369.9317872838187,5483.48902179212,295.0,33962.59972222221,100.0,False,8
4932,653.472,344.0,5402.0,295.0,33971.20197855441,100.0,False,8
4933,653.712,300.0,5210.0,295.0,33990.87049081271,100.0,False,8
4934,653.727,297.5082995276354,5194.619727829033,295.0,33992.09972222221,100.0,False,8
4935,653.967,262.9419050031452,4897.361741931001,295.0,34011.766388888864,100.0,False,8
4936,653.992,261.0,4867.0,295.0,34013.814899022225,100.0,False,8
4937,654.207,260.6567467606256,4632.798973520821,295.0,34031.433055555535,100.0,False,8
4938,654.352,267.0,4511.0,295.0,34043.31999786888,100.0,False,8
4939,654.447,270.7579560796479,4449.918899425039,295.0,34051.09972222219,100.0,False,8
4940,654.767,286.5953846222478,4284.565813353448,294.0,34077.23305555554,100.0,False,8
4941,654.772,287.0,4281.0,294.0,34077.64125065271,100.0,False,8
4942,654.953,304.0,4135.0,294.0,34092.422079786935,100.0,False,8
4943,655.088,315.0010596589274,4037.927257699867,294.0,34103.448055555535,100.0,False,8
4944,655.213,334.0,3925.0,294.0,34113.656536120165,100.0,False,8
4945,655.368,380.75592215520084,3715.2565798836376,294.0,34126.3147222222,100.0,False,8
4946,655.433,399.0,3639.0,294.0,34131.623132761626,100.0,False,8
4947,655.608,428.43167416588506,3528.429774722956,294.0,34145.914722222195,100.0,False,8
4948,655.813,456.0,3451.0,294.0,34162.655269352006,100.0,False,8
4949,655.848,463.6268351933466,3428.0947358505764,294.0,34165.5147222222,100.0,False,8
4950,655.933,488.0,3358.0,294.0,34172.46150322707,100.0,False,8
4951,656.048,543.007566355522,3220.610804008747,294.0,34181.84805555553,100.0,False,8
4952,656.173,606.0,3072.0,293.2187504,34192.0058808304,100.0,False,8
4953,656.368,652.1793101923117,2969.3113784056623,292.0,34207.803611111085,100.0,False,8
4954,656.533,682.0,2910.0,292.0,34221.18549009311,100.0,False,8
4955,656.568,691.3432064803915,2890.956949051807,292.0,34224.025833333304,100.0,False,8
4956,656.728,748.5684599594821,2775.8823965429788,292.0,34237.00361111108,100.0,False,8
4957,656.773,770.0,2736.0,291.51785782857144,34240.63948838845,100.0,False,8
4958,657.008,914.1945959612032,2489.3460153105934,289.0,34259.481388888875,100.0,False,8
4959,657.093,956.0,2421.0,287.72500096,34266.223003342995,100.0,False,8
4960,657.408,1036.2558232489732,2306.2463309233576,283.0,34290.92583333331,100.0,False,8
4961,657.413,1038.0,2304.0,282.9375008,34291.315971790114,100.0,False,8
4962,657.648,1151.0160752303648,2160.7086905654096,280.0,34309.592499999984,100.0,False,8
4963,657.673,1164.0,2145.0,279.75000064,34311.52881970069,100.0,False,8
4964,657.848,1253.388004208034,2042.530379927283,278.0,34325.03694444442,100.0,False,8
4965,657.913,1288.0,2005.0,277.35000064,34330.03290863309,100.0,False,8
4966,657.973,1320.0,1971.0,276.75000064,34334.634128572405,100.0,False,8
4967,658.048,1349.44272798612,1939.750475474674,276.0,34340.37027777775,100.0,False,8
4968,658.153,1384.0,1904.0,275.21250048,34348.37169186692,100.0,False,8
4969,658.353,1488.0,1802.0,273.71250048,34363.52765546001,100.0,False,8
4970,658.448,1540.4791650565012,1751.5036742658008,273.0,34370.70361111108,100.0,False,8
4971,658.733,1697.0,1605.0,270.86250048,34392.14225197576,100.0,False,8
4972,658.848,1761.048431803522,1547.4136902695755,270.0,34400.70361111108,100.0,False,8
4973,658.873,1775.0,1535.0,269.55197216479803,34402.55561589883,100.0,False,8
4974,659.127,1916.8114085359127,1410.9528109446642,265.0,34421.241111111085,100.0,False,8
4975,659.407,2073.4923216000716,1278.6896493351262,262.0,34441.61888888887,100.0,False,8
4976,659.673,2224.0,1158.0,252.64073623703703,34459.66568526291,75.37035851851851,False,8
4977,659.893,2347.0,1064.0,244.8999954962963,34473.480742714106,54.99998814814815,False,8
4978,660.092,2454.0,988.0,237.8981504,34485.3314908373,36.57408,False,8
4979,660.352,2653.0,867.0,228.74999324444445,34500.787779885155,12.499982222222224,False,8
4980,660.487,2697.7972438779475,838.647321227573,224.0,34508.81888888887,0.0,True,8
4981,660.672,2757.0,824.0,217.39285028571427,34519.82828498124,0.0,True,8
4982,660.767,2836.6352458011024,811.9592569099359,214.0,34525.46333333332,0.0,False,8
4983,660.912,2971.0,795.0,212.1874976,34534.00979483583,11.781265600000001,False,8
4984,660.927,2980.8411976709117,794.0675747921763,212.0,34534.885555555535,13.0,False,8
4985,661.207,3068.4848745079476,800.4899454104623,207.0,34550.98555555554,49.0,False,8
4986,661.232,3079.0,802.0,207.10373515387076,34552.42337015354,50.141086692578234,False,8
4987,661.433,3199.0,816.0,207.93775912012552,34564.03981579449,59.315350321380656,False,8
4988,661.448,3208.323685920226,817.1343458872913,208.0,34564.909999999974,60.0,False,8
4989,661.688,3349.070170953344,836.3514361638938,210.0,34578.909999999974,64.0,False,8
4990,661.733,3375.0,840.0,210.8437488,34581.56131706451,64.0,False,8
4991,661.833,3433.0,848.0,212.7187488,34587.48491869775,64.0,False,8
4992,661.848,3441.82369548401,849.1610074637996,213.0,34588.37666666665,64.0,False,8
4993,662.088,3589.1522575906497,865.6714628414601,215.0,34602.70999999998,50.0,False,8
4994,662.233,3692.0,870.0,214.0937504,34611.33004255418,52.7187488,False,8
4995,662.248,3703.460143822691,870.1017616257546,214.0,34612.221111111096,53.0,False,8
4996,662.408,3835.004430367003,867.1758209472968,214.0,34621.732222222214,46.0,False,8
4997,662.553,3939.0,861.0,214.4531248,34630.376170320495,52.796872,False,8
4998,662.728,4016.1636864414977,851.8175322639224,215.0,34640.84333333332,61.0,False,8
4999,662.973,4097.0,824.0,216.5312496,34655.57560979412,77.8437456,False,8
5000,663.048,4134.05039382775,808.4299365715613,217.0,34660.13222222221,83.0,False,8
5001,663.213,4230.0,761.0,219.578124,34670.259252396165,86.6093736,False,8
5002,663.368,4323.206479920635,698.5064868504951,222.0,34679.865555555545,90.0,False,8
5003,663.433,4358.0,673.0,222.97499904,34683.9112144707,93.2499968,False,8
5004,663.568,4416.700822544575,627.9151609715742,225.0,34692.365555555545,100.0,False,8
5005,663.768,4513.506104907023,546.014865780567,229.0,34705.087777777764,100.0,False,8
5006,663.773,4517.0,543.0,229.08333226666667,34705.408328331614,100.0,False,8
5007,663.973,4683.0,399.0,232.4166656,34718.33224199193,100.0,False,8
5008,664.008,4708.972415735169,376.6362792667992,233.0,34720.621111111104,100.0,False,8
5009,664.248,4838.751869273382,267.27922143409245,239.0,34736.55444444444,100.0,False,8
5010,664.393,4897.0,219.0,241.8194432,34746.36285886631,100.0,False,8
5011,664.608,4971.156783752442,157.31745514780695,246.0,34761.15444444443,100.0,False,8
5012,664.833,5056.0,87.0,250.49999872,34776.95398688107,100.0,False,8
5013,664.973,5132.0,24.0,253.29999872,34786.887958827865,100.0,False,8
5014,665.008,5160.072784328483,0.3715569936138713,254.0,34789.37666666665,100.0,False,8
5015,665.173,5316.0,-132.0,256.47499904,34801.144220574046,100.0,False,8
5016,665.208,5340.169800672896,-152.5849225517427,257.0,34803.65444444443,100.0,False,8
5017,665.553,5448.0,-245.0,261.32330954906126,34828.72044530563,100.0,False,8
5018,665.607,5474.6337107553145,-267.63669474748906,262.0,34832.69277777776,100.0,False,8
5019,665.753,5560.0,-340.0,264.281252,34843.49631693865,100.0,False,8
5020,665.927,5643.745781944543,-410.9402378267079,267.0,34856.4261111111,100.0,False,8
5021,666.033,5710.0,-470.0,267.53000064,34864.2906165709,100.0,False,8
5022,666.127,5790.12492588159,-543.6454090539879,268.0,34871.31499999997,100.0,False,8
5023,666.213,5864.0,-613.0,270.58000384,34877.82581234317,100.0,False,8
5024,666.327,5939.694860984128,-686.7939392359926,274.0,34886.53722222221,100.0,False,8
5025,666.672,6072.0,-837.0,276.8750016,34913.07765183592,100.0,False,8
5026,666.687,6077.761611068525,-844.0730904899507,277.0,34914.237222222204,100.0,False,8
5027,666.847,6142.519295391587,-925.3450303893788,279.0,34926.6372222222,100.0,False,8
5028,666.972,6196.0,-996.0,280.0416661333333,34936.37294509397,100.0,False,8
5029,667.087,6246.931407118519,-1066.9178009120455,281.0,34945.370555555535,100.0,False,8
5030,667.132,6268.0,-1098.0,281.33749952,34948.902432387986,100.0,False,8
5031,667.487,6444.032666917671,-1390.4860061843117,284.0,34976.9261111111,100.0,False,8
5032,667.492,6446.0,-1394.0,284.0138887111111,34977.32147575254,100.0,False,8
5033,667.847,6544.943918747321,-1591.2622066170757,285.0,35005.4261111111,100.0,False,8
5034,667.872,6552.0,-1607.0,285.1562512,35007.4109023566,100.0,False,8
5035,668.007,6593.803023747982,-1702.5685697780505,286.0,35018.1372222222,100.0,False,8
5036,668.093,6621.0,-1767.0,286.0,35024.9649881402,100.0,False,8
5037,668.168,6643.836274491521,-1822.783884700803,286.0,35030.92777777776,100.0,False,8
5038,668.313,6686.0,-1931.0,287.03571382857143,35042.50838789441,100.0,False,8
5039,668.448,6723.864598664782,-2035.3078254192894,288.0,35053.32777777777,100.0,False,8
5040,668.493,6737.0,-2072.0,288.1406248,35056.93727705776,100.0,False,8
5041,668.768,6825.715421552183,-2320.3012776818528,289.0,35079.01666666666,100.0,False,8
5042,668.793,6834.0,-2344.0,289.0,35081.023803710224,100.0,False,8
5043,668.968,6891.855492750892,-2512.9906639658284,289.0,35095.07222222221,100.0,False,8
5044,669.133,6942.0,-2663.0,289.0,35108.3188499465,100.0,False,8
5045,669.168,6951.59314571294,-2691.9701449873846,289.0,35111.12777777777,100.0,False,8
5046,669.328,6990.796016406272,-2811.701622228479,289.0,35123.972222222204,100.0,False,8
5047,669.533,7032.0,-2939.0,289.8541664,35140.49506000955,100.0,False,8
5048,669.568,7038.229719274453,-2958.2284857096006,290.0,35143.30555555555,100.0,False,8
5049,669.873,7091.0,-3122.0,287.1406256,35167.62070099906,100.0,False,8
5050,669.888,7094.2725980671885,-3132.288080540086,287.0,35168.816666666666,100.0,False,8
5051,670.073,7139.0,-3273.0,287.0,35183.58290522035,100.0,False,8
5052,670.128,7151.708014894105,-3312.3722325209806,287.0,35187.95,100.0,False,8
5053,670.313,7198.0,-3454.0,283.9166677333333,35202.51311197459,100.0,False,8
5054,670.368,7216.862116335516,-3511.934859612556,283.0,35206.816666666666,100.0,False,8
5055,670.553,7285.0,-3722.0,281.01785782857144,35221.227126343234,100.0,False,8
5056,670.648,7306.678542865696,-3789.291285866752,280.0,35228.59444444443,100.0,False,8
5057,670.848,7329.1197193386615,-3863.373604629874,275.0,35243.87222222221,71.0,False,8
5058,670.913,7339.0,-3899.0,268.22917333333334,35248.58262142302,51.770852266666665,False,8
5059,671.088,7376.7589652137785,-4039.287869600507,250.0,35260.53888888887,0.0,True,8
5060,671.253,7411.0,-4174.0,228.55000832,35270.90525246065,0.0,True,8
5061,671.288,7416.174642670879,-4196.175565120556,224.0,35272.98333333332,0.0,True,8
5062,671.633,7442.0,-4339.0,190.45833955555557,35291.180640902836,0.0,True,8
5063,671.648,7443.192885285824,-4345.592950782396,189.0,35291.88333333332,0.0,True,8
5064,671.853,7462.0,-4444.0,165.2968824,35300.78849063652,0.0,True,8
5065,671.968,7471.963134320011,-4495.653606310169,152.0,35305.394444444435,0.0,True,8
5066,671.993,7474.0,-4506.0,150.5937536,35306.370514889204,0.0,True,8
5067,672.213,7490.0,-4592.0,138.2187536,35314.599107049246,0.0,True,8
5068,672.288,7494.854503141278,-4631.001726234396,134.0,35317.30555555555,0.0,True,8
5069,672.447,7502.822939221996,-4715.652110503295,127.0,35322.91472222221,0.0,True,8
5070,672.453,7503.0,-4718.0,126.87499733333334,35323.12276568469,0.0,True,8
5071,672.687,7502.853344629264,-4764.504772888854,122.0,35331.04805555554,0.0,False,8
5072,672.753,7501.0,-4777.0,121.08333155555556,35333.23425127145,0.0,False,8
5073,673.047,7484.324688671097,-4867.183104832647,117.0,35342.74805555554,0.0,False,8
5074,673.093,7480.0,-4881.0,116.07999744,35344.20546395218,0.6900019199999999,False,8
5075,673.247,7461.691452307991,-4921.77520216983,113.0,35349.02583333332,3.0,False,8
5076,673.252,7461.0,-4923.0,112.96428617142857,35349.18089324048,3.3749952,False,8
5077,673.452,7425.0,-4969.0,111.53571474285714,35355.32872794503,18.3749952,False,8
5078,673.527,7403.298891308012,-4986.060230053968,111.0,35357.65916666665,24.0,False,8
5079,673.752,7324.0,-5032.0,113.8125024,35364.82259739045,28.9218792,False,8
5080,673.847,7297.479455716418,-5044.278829627792,115.0,35367.88138888887,31.0,False,8
5081,674.087,7242.494335898935,-5062.079317561948,116.0,35375.614722222206,31.0,False,8
5082,674.132,7230.0,-5066.0,116.0,35377.05762031542,31.0,False,8
5083,674.287,7181.54237456293,-5081.512857611409,116.0,35382.05916666666,31.0,False,8
5084,674.292,7180.0,-5082.0,116.12471490261845,35382.22378131577,31.0,False,8
5085,674.533,7100.0,-5106.0,122.13605494303278,35390.44282507949,31.0,False,8
5086,674.728,6994.499609977421,-5136.009392129276,127.0,35397.616666666654,31.0,False,8
5087,674.753,6984.0,-5139.0,127.9374976,35398.576298302476,32.90971733333333,False,8
5088,675.033,6925.0,-5156.0,138.4374976,35409.94391075907,54.29860622222222,False,8
5089,675.353,6800.0,-5190.0,150.4374976,35424.074787326055,78.74305066666666,False,8
5090,675.448,6760.834596872463,-5200.122677419938,154.0,35428.41666666666,86.0,False,8
5091,675.513,6734.0,-5207.0,156.4374976,35431.4252819917,88.27499776,False,8
5092,675.793,6612.0,-5238.0,166.9374976,35444.619087356245,98.07499776,False,8
5093,675.848,6586.496003026771,-5244.137770778115,169.0,35447.19444444442,100.0,False,8
5094,675.993,6519.0,-5260.0,169.0,35453.98424386006,100.0,False,8
5095,676.008,6512.315573803768,-5261.576907078742,169.0,35454.70555555554,100.0,False,8
5096,676.193,6422.0,-5283.0,176.86249727999999,35464.032229844146,100.0,False,8
5097,676.408,6248.727364626738,-5324.004402729733,186.0,35475.37222222221,100.0,False,8
5098,676.433,6232.0,-5328.0,186.3124992,35476.685991232196,100.0,False,8
5099,676.728,6134.188890731246,-5352.626663555647,190.0,35492.26111111109,100.0,False,8
5100,676.833,6096.0,-5363.0,192.9166648888889,35497.98197997059,100.0,False,8
5101,676.953,6033.0,-5380.0,196.24999822222222,35504.653642979974,100.0,False,8
5102,677.088,5945.9625224140445,-5403.030663110759,200.0,35512.26111111109,100.0,False,8
5103,677.273,5826.0,-5434.0,204.6249984,35522.82831611145,100.0,False,8
5104,677.328,5797.2609681796885,-5441.194320410705,206.0,35525.994444444426,100.0,False,8
5105,677.528,5713.6124363463905,-5461.659672785975,209.0,35537.60555555555,100.0,False,8
5106,677.633,5659.0,-5477.0,210.9687488,35543.79537152838,44.218784,False,8
5107,677.688,5624.810654429291,-5487.206291566276,212.0,35547.02777777777,15.0,False,8
5108,677.848,5503.124487259594,-5523.1964060213295,209.0,35556.31666666665,0.0,True,8
5109,677.873,5481.0,-5529.0,208.6875008,35557.76102030676,0.0,True,8
5110,677.913,5445.0,-5538.0,208.1875008,35560.06973872385,0.0,True,8
5111,678.008,5385.370251854219,-5550.610243148644,207.0,35565.51666666666,0.0,True,8
5112,678.113,5334.0,-5555.0,204.75000137142857,35571.437146487224,4.124997485714285,True,8
5113,678.288,5199.393433082077,-5555.308467558193,201.0,35581.149999999994,11.0,False,8
5114,678.448,5075.735669271915,-5550.070166038478,199.0,35589.994444444426,15.0,False,8
5115,678.473,5062.0,-5549.0,199.0,35591.37643821146,17.32142262857143,False,8
5116,678.728,4990.732438899226,-5531.629784654816,199.0,35605.472222222204,41.0,False,8
5117,678.793,4970.0,-5522.0,198.81894158561778,35609.05598125566,44.98328511640875,False,8
5118,679.033,4854.0,-5464.0,198.15041755119825,35622.25232264766,59.69081387363862,False,8
5119,679.087,4828.716455638321,-5447.677096220978,198.0,35625.217222222214,63.0,False,8
5120,679.193,4782.0,-5413.0,198.0,35631.03384243812,67.54286262857143,False,8
5121,679.367,4707.688726192917,-5349.831130482546,198.0,35640.61722222221,75.0,False,8
5122,679.433,4681.0,-5324.0,198.99000192,35644.28457810944,75.0,False,8
5123,679.567,4630.05329976587,-5268.564115974562,201.0,35651.78388888888,75.0,False,8
5124,679.633,4606.0,-5240.0,201.6187512,35655.50176363165,80.15626,False,8
5125,679.872,4523.0,-5131.0,203.8593768,35669.06425685006,98.82814,False,8
5126,679.887,4518.053875116347,-5123.965482242976,204.0,35669.91722222221,100.0,False,8
5127,680.087,4455.30002020544,-5028.439200542523,205.0,35681.3061111111,100.0,False,8
5128,680.247,4409.34754374691,-4949.7119676372695,206.0,35690.461666666655,100.0,False,8
5129,680.447,4354.923071481162,-4849.444253663371,207.0,35701.961666666655,100.0,False,8
5130,680.572,4322.0,-4786.0,207.0,35709.10743641401,100.0,False,8
5131,680.752,4276.0,-4694.0,207.0,35719.43519430171,100.0,False,8
5132,680.807,4262.205977121239,-4666.170629408421,207.0,35722.66166666667,100.0,False,8
5133,680.992,4215.0,-4570.0,213.9375072,35733.75047685174,100.0,False,8
5134,681.047,4199.855212605965,-4538.539863431566,216.0,35737.06166666666,100.0,False,8
5135,681.288,4138.790273748417,-4409.676992034158,216.0,35751.52166666667,100.0,False,8
5136,681.293,4138.0,-4408.0,216.0,35751.82270401638,100.0,False,8
5137,681.493,4116.0,-4361.0,216.0,35763.90955565887,100.0,False,8
5138,681.608,4090.4789703406345,-4306.296074245835,216.0,35770.721666666665,100.0,False,8
5139,681.753,4050.0,-4219.0,210.7638912,35779.04345825662,67.777792,False,8
5140,681.953,4002.0,-4115.0,203.5416689777778,35790.19034524876,23.33334755555556,False,8
5141,681.968,3998.46287524297,-4107.676257073267,203.0,35791.02166666667,20.0,True,8
5142,682.093,3968.0,-4048.0,197.79166933333335,35797.92609048325,9.583338666666666,True,8
5143,682.208,3935.9956939930294,-3993.1395562177377,193.0,35803.888333333336,0.0,True,8
5144,682.413,3878.0,-3903.0,165.4531336,35812.84133929528,0.0,True,8
5145,682.528,3852.798739235857,-3863.6904252090717,150.0,35817.221666666665,0.0,True,8
5146,682.653,3828.0,-3826.0,133.75000832,35821.62471945082,0.0,True,8
5147,682.728,3812.4034132907555,-3803.502998125646,124.0,35824.110555555555,0.0,True,8
5148,682.853,3786.0,-3768.0,117.22917013333333,35828.02044677785,0.0,True,8
5149,682.968,3762.508711698617,-3740.392648660787,111.0,35831.51055555555,0.0,True,8
5150,683.053,3745.0,-3722.0,110.15000064,35834.109981611895,0.0,True,8
5151,683.168,3720.4110593917726,-3698.6087610409045,109.0,35837.56611111111,0.0,True,8
5152,683.313,3688.0,-3673.0,103.82143085714286,35841.64042366334,0.0,True,8
5153,683.448,3656.4966360361814,-3654.80808302496,99.0,35845.26611111111,0.0,False,8
5154,683.633,3611.0,-3638.0,95.91666773333333,35850.152734717296,0.0,False,8
5155,683.688,3596.884774832465,-3634.59807707233,95.0,35851.59944444444,0.0,False,8
5156,683.848,3555.2717641448726,-3629.970624129823,94.0,35855.77722222221,0.0,False,8
5157,683.853,3554.0,-3630.0,93.8906264,35855.90467539834,0.0468744,False,8
5158,683.913,3539.0,-3631.0,92.5781264,35857.41473998524,0.6093744,False,8
5159,684.168,3482.0134432109726,-3637.163375281405,87.0,35863.51055555555,3.0,False,8
5160,684.253,3456.0,-3646.0,85.5833344,35865.47713001167,6.8958304,False,8
5161,684.408,3396.997349729257,-3672.998501590468,83.0,35869.04388888889,14.0,False,8
5162,684.433,3389.0,-3677.0,83.2083328,35869.62626547384,15.041664,False,8
5163,684.768,3339.088626537259,-3711.6313778431813,86.0,35877.64388888888,29.0,False,8
5164,684.813,3331.0,-3719.0,86.74999893333333,35878.752366009736,30.1249984,False,8
5165,684.993,3289.0,-3758.0,89.74999893333333,35883.26245057762,34.6249984,False,8
5166,685.008,3285.9146015977663,-3761.1957757349096,90.0,35883.64388888888,35.0,False,8
5167,685.173,3258.0,-3794.0,93.0937488,35887.89697303323,39.6406232,False,8
5168,685.328,3231.8294504509154,-3825.917323568166,96.0,35892.17722222222,44.0,False,8
5169,685.333,3231.0,-3827.0,96.16681902505029,35892.3227661493,44.12974813059466,False,8
5170,685.573,3193.0,-3883.0,104.17423472238468,35899.858250933685,50.35773811741031,False,8
5171,685.953,3133.0,-3983.0,116.8526429098308,35913.92323695087,60.21872226320174,False,8
5172,686.113,3106.0,-4030.0,122.19092004138707,35920.194706335504,64.3707155877455,False,8
5173,686.273,3078.0,-4077.0,127.52919717294334,35926.47462591379,68.52270891228926,False,8
5174,686.407,3050.903745208553,-4117.329983462088,132.0,35931.74055555556,72.0,False,8
5175,686.452,3041.0,-4131.0,133.5468728,35933.51029335456,70.593752,False,8
5176,686.672,2987.0,-4197.0,141.1093816,35942.22012354639,63.718744,False,8
5177,686.727,2972.0705290038723,-4212.355772915288,143.0,35944.45166666666,62.0,False,8
5178,686.972,2897.0,-4279.0,149.1249984,35954.69558282681,59.7031256,False,8
5179,686.992,2890.0,-4285.0,149.6250048,35955.54267151568,59.5156232,False,8
5180,687.047,2868.5829520067277,-4301.713711986591,151.0,35957.87388888889,59.0,False,8
5181,687.287,2750.2732993271775,-4372.810094162314,153.0,35968.07388888889,37.0,False,8
5182,687.352,2724.0,-4387.0,153.23214354285713,35970.84170749929,38.392861257142854,False,8
5183,687.567,2666.4567397329683,-4414.469571208075,154.0,35980.051666666666,43.0,False,8
5184,687.693,2630.0,-4427.0,155.79359490259708,35985.54220680731,45.24199362824635,False,8
5185,687.848,2566.808862449759,-4445.523913697791,158.0,35992.38444444444,48.0,False,8
5186,687.913,2539.0,-4452.0,158.97499904,35995.27743313233,49.94999808,False,8
5187,688.048,2483.6638521382138,-4460.409955789271,161.0,36001.32888888888,54.0,False,8
5188,688.133,2444.0,-4462.0,162.2142848,36005.16698790816,56.1249984,False,8
5189,688.328,2330.28927153175,-4455.043221797697,165.0,36014.16222222221,61.0,False,8
5190,688.393,2297.0,-4451.0,166.44444302222223,36017.27413225104,62.263887644444445,False,8
5191,688.653,2205.0,-4430.0,172.2222208,36029.8736679062,67.3194432,False,8
5192,688.688,2192.384777668616,-4426.3664376168235,173.0,36031.46222222221,68.0,False,8
5193,688.928,2089.4052522924158,-4393.106948197519,157.0,36041.928888888884,75.0,False,8
5194,689.013,2042.0,-4373.0,165.1964224,36046.03175017766,78.9464256,False,8
5195,689.153,1956.0,-4331.0,178.6964224,36053.31885225698,85.4464256,False,8
5196,689.208,1929.1764571636918,-4316.011121147373,184.0,36056.23999999999,88.0,False,8
5197,689.313,1887.0,-4289.0,187.79166435555555,36061.876066202574,91.49999786666666,False,8
5198,689.513,1802.0,-4225.0,195.01388657777778,36072.852013758355,98.16666453333333,False,8
5199,689.568,1774.233109945849,-4201.657426645559,197.0,36075.93999999999,100.0,False,8
5200,689.813,1642.0,-4083.0,205.7499977142857,36090.01552968845,100.0,False,8
5201,689.848,1626.719917212519,-4068.946505643929,207.0,36092.03999999999,100.0,False,8
5202,690.128,1536.8194854521323,-3983.7341775268337,210.0,36108.37333333332,100.0,False,8
5203,690.213,1507.0,-3955.0,213.6428544,36113.51605572847,100.0,False,8
5204,690.408,1425.1999590533753,-3876.1262523367327,222.0,36125.639999999985,100.0,False,8
5205,690.413,1423.0,-3874.0,222.17499776,36125.95462442767,100.0,False,8
5206,690.608,1335.5155633295262,-3789.1934470991014,229.0,36138.362222222204,100.0,False,8
5207,690.633,1324.0,-3778.0,229.6249984,36139.9729670058,100.0,False,8
5208,690.813,1241.0,-3697.0,234.1249984,36151.71310476493,100.0,False,8
5209,690.848,1225.980318197746,-3682.1978515435653,235.0,36154.028888888875,100.0,False,8
5210,691.013,1148.0,-3605.0,239.71428388571428,36165.09666863301,100.0,False,8
5211,691.128,1059.9594323591175,-3518.5801748090043,243.0,36172.928888888884,100.0,False,8
5212,691.213,993.0,-3453.0,244.8593736,36178.768876643226,100.0,False,8
5213,691.448,861.6279657660168,-3324.550940946339,250.0,36195.1511111111,100.0,False,8
5214,691.648,783.843825080534,-3248.792570125038,256.0,36209.37333333332,100.0,False,8
5215,691.653,782.0,-3247.0,256.07499904,36209.73115308066,100.0,False,8
5216,691.848,713.9101479456593,-3180.931698576049,259.0,36223.76222222221,100.0,False,8
5217,692.008,649.1328312013676,-3117.1071074306738,262.0,36235.40666666666,100.0,False,8
5218,692.033,637.0,-3105.0,262.4166656,36237.239251591294,100.0,False,8
5219,692.093,606.0,-3074.0,263.4166656,36241.652716386365,100.0,False,8
5220,692.248,523.0263965838965,-2992.689725353346,266.0,36253.14,100.0,False,8
5221,692.408,438.5451083308587,-2910.503846602961,269.0,36265.095555555556,100.0,False,8
5222,692.413,436.0,-2908.0,269.062892352675,36265.470267431345,100.0,False,8
5223,692.567,356.2783239274845,-2829.020632910889,271.0,36277.06472222222,100.0,False,8
5224,692.593,340.0,-2813.0,271.5687528,36279.04274847527,100.0,False,8
5225,692.887,112.59457458548484,-2591.5158903806073,278.0,36301.77583333333,100.0,False,8
5226,692.893,109.0,-2588.0,278.0642870857143,36302.24226281472,100.0,False,8
5227,693.167,11.163248781059382,-2490.821763385337,281.0,36323.6313888889,100.0,False,8
5228,693.232,-12.0,-2468.0,282.16071771428574,36328.767444887024,100.0,False,8
5229,693.447,-131.65376617520255,-2351.262748362581,286.0,36345.87583333334,100.0,False,8
5230,693.452,-136.0,-2347.0,286.0,36346.27326629004,100.0,False,8
5231,693.607,-297.0098106225899,-2188.628846227772,286.0,36358.58694444444,100.0,False,8
5232,693.632,-318.0,-2168.0,286.1562512,36360.57766887755,100.0,False,8
5233,693.767,-382.26030096195916,-2105.1928120846756,287.0,36371.3425,100.0,False,8
5234,693.952,-421.0,-2069.0,287.0,36386.058994978725,100.0,False,8
5235,694.007,-445.83845938966004,-2045.5907828122492,287.0,36390.47583333333,100.0,False,8
5236,694.232,-586.0,-1913.0,292.6250048,36408.83519336456,100.0,False,8
5237,694.287,-617.0603463273025,-1883.5122226617013,294.0,36413.3425,100.0,False,8
5238,694.473,-728.0,-1778.0,294.925372887206,36428.58029658103,100.0,False,8
5239,694.488,-739.9725232518185,-1766.6269850689207,295.0,36429.81333333334,100.0,False,8
5240,694.648,-889.9817172322448,-1624.219942883853,297.0,36443.013333333336,100.0,False,8
5241,694.693,-926.0,-1590.0,297.22499968,36446.732257030744,100.0,False,8
5242,694.848,-1007.5433064715495,-1512.3210269689553,298.0,36459.56888888888,100.0,False,8
5243,695.013,-1075.0,-1448.0,299.1785709714286,36473.328802097065,100.0,False,8
5244,695.128,-1144.5699375303636,-1381.954793000836,300.0,36482.90222222223,100.0,False,8
5245,695.328,-1289.6201571405952,-1244.4288929340428,298.0,36499.457777777774,100.0,False,9
5246,695.393,-1329.0,-1207.0,298.73863563636365,36504.873180069146,100.0,False,9
5247,695.613,-1438.0,-1103.0,301.23863563636365,36523.381781405114,100.0,False,9
5248,695.768,-1531.4065503377915,-1013.9024175858422,303.0,36536.491111111114,100.0,False,9
5249,695.853,-1585.0,-963.0,303.6071424,36543.688870006765,100.0,False,9
5250,696.033,-1695.0,-859.0,304.89285668571426,36558.94250887446,100.0,False,9
5251,696.048,-1704.1688776324888,-850.2905150615005,305.0,36560.21333333333,100.0,False,9
5252,696.208,-1802.4537955881601,-756.3492345095735,305.0,36573.76888888888,100.0,False,9
5253,696.293,-1853.0,-708.0,305.21249984,36580.97951913584,100.0,False,9
5254,696.533,-2001.0,-567.0,305.81249984,36601.38153426249,100.0,False,9
5255,696.608,-2065.1176973820416,-505.88697878885705,306.0,36607.76888888888,100.0,False,9
5256,696.793,-2234.0,-345.0,306.7708330666667,36623.544806647566,100.0,False,9
5257,696.848,-2270.9426058855047,-309.9428890548435,307.0,36628.235555555555,100.0,False,9
5258,697.128,-2379.590973745975,-207.6360592429954,307.0,36652.11333333334,100.0,False,9
5259,697.213,-2420.0,-169.0,307.0,36659.37336240693,80.8750144,False,9
5260,697.288,-2463.6480314731907,-126.9981081119429,307.0,36665.75777777778,64.0,False,9
5261,697.413,-2543.0,-51.0,304.6562512,36676.302754798686,39.0000128,False,9
5262,697.593,-2647.0,46.0,301.2812512,36691.276770897515,3.0000128000000026,False,9
5263,697.608,-2656.7366597863943,55.16566506792056,301.0,36692.513333333336,0.0,False,9
5264,697.833,-2816.0,207.0,295.3750016,36710.89133246108,0.0,False,9
5265,697.888,-2847.9816224572774,237.49946336659525,294.0,36715.380000000005,0.0,False,9
5266,698.048,-2919.129068904097,305.02785250072435,291.0,36728.31333333334,0.0,False,9
5267,698.213,-3020.0,400.0,273.81250666666665,36740.53284070619,0.0,False,9
5268,698.288,-3086.564087141069,462.5506274912322,266.0,36746.046666666676,0.0,True,9
5269,698.413,-3201.0,570.0,266.0,36755.51290463214,0.0,True,9
5270,698.568,-3285.1174878920733,648.8609782722831,266.0,36766.73555555557,0.0,True,9
5271,698.893,-3353.0,716.0,209.1250112,36784.72040778733,0.0,True,9
5272,698.968,-3379.6307174275244,743.7167295620854,196.0,36788.513333333336,0.0,True,9
5273,699.073,-3420.0,787.0,189.4100405637146,36793.83191611194,0.0,True,9
5274,699.173,-3454.0,826.0,183.13388489416695,36798.853154278055,0.0,True,9
5275,699.207,-3465.01977339387,838.9626842989549,181.0,36800.52972222223,0.0,True,9
5276,699.353,-3510.0,894.0,174.91666133333334,36807.5500670397,0.0,True,9
5277,699.447,-3536.9938115919754,930.131434539013,171.0,36811.92972222224,0.0,True,9
5278,699.553,-3565.0,971.0,166.22999424,36816.74595906785,0.0,True,9
5279,699.647,-3587.0910947657067,1006.6568908478512,162.0,36820.92972222224,0.0,True,9
5280,699.772,-3613.0,1054.0,159.81250112,36826.394185038225,0.0,True,9
5281,699.952,-3644.0,1124.0,156.66249664,36834.10129514281,0.0,True,9
5282,700.047,-3655.795225435087,1161.784907141055,155.0,36838.15194444446,0.0,False,9
5283,700.152,-3665.0,1204.0,153.94999808,36842.62331053107,5.250009599999999,False,9
5284,700.247,-3669.9980357103254,1242.3899456233057,153.0,36846.65194444446,10.0,False,9
5285,700.432,-3671.0,1320.0,151.67857005714285,36854.42442867234,24.53572937142857,False,9
5286,700.527,-3667.3052504570855,1363.1506415516437,151.0,36858.3963888889,32.0,False,9
5287,700.752,-3651.0,1465.0,151.0,36867.78913904498,47.625013333333335,False,9
5288,700.887,-3640.375691218957,1515.085828103816,151.0,36873.4963888889,57.0,False,9
5289,701.013,-3628.0,1566.0,154.13432854830307,36878.91234838455,60.13432854830308,False,9
5290,701.088,-3618.5857078009712,1603.4824937626,156.0,36882.206388888895,62.0,False,9
5291,701.353,-3581.0,1754.0,163.94999808,36894.381322175715,75.91249664,False,9
5292,701.488,-3568.051307891518,1813.9703321355526,168.0,36900.87305555557,83.0,False,9
5293,701.733,-3555.0,1903.0,176.57499776,36913.11343097041,86.0624992,False,9
5294,701.888,-3551.2941053993604,1961.9185561409547,182.0,36921.095277777786,88.0,False,9
5295,702.073,-3552.0,2043.0,188.16666453333335,36930.8194389799,88.77083306666667,False,9
5296,702.128,-3553.4431459671014,2071.143272217499,190.0,36933.76194444446,89.0,False,9
5297,702.273,-3560.0,2151.0,195.4374976,36941.64632359015,92.6249984,False,9
5298,702.288,-3560.9114453904963,2159.2869898398035,196.0,36942.47305555556,93.0,False,9
5299,702.453,-3574.0,2250.0,200.1249984,36951.700782923086,97.81249813333334,False,9
5300,702.528,-3582.023101811523,2291.0655479837083,202.0,36955.93972222223,100.0,False,9
5301,702.673,-3601.0,2370.0,204.7187488,36964.188227273946,100.0,False,9
5302,702.688,-3603.189726228438,2378.108044829496,205.0,36965.05083333334,100.0,False,9
5303,702.853,-3632.0,2468.0,208.29999872,36974.685244990265,100.0,False,9
5304,703.088,-3702.575993012153,2609.011774318733,213.0,36988.7175,100.0,False,9
5305,703.328,-3809.667453613309,2767.3088455961542,218.0,37003.25083333334,100.0,False,9
5306,703.633,-3942.0,2934.0,226.47222044444445,37022.53000871379,100.0,False,9
5307,703.688,-3963.8222132727187,2958.345126899901,228.0,37026.05083333334,100.0,False,9
5308,703.928,-4053.001215748885,3045.915556729028,232.0,37041.5175,100.0,False,9
5309,704.093,-4121.0,3106.0,235.6093736,37052.40720767867,100.0,False,9
5310,704.248,-4194.568682663557,3169.006028132747,239.0,37062.76194444446,100.0,False,9
5311,704.353,-4252.0,3218.0,240.3124992,37069.79739944769,100.0,False,9
5312,704.488,-4335.843048585823,3290.00699400054,242.0,37078.89527777779,100.0,False,9
5313,704.553,-4374.0,3323.0,243.16071314285713,37083.3102474872,100.0,False,9
5314,704.768,-4473.056492487219,3410.023561430967,247.0,37098.10638888889,100.0,False,9
5315,704.893,-4525.0,3457.0,250.74999808,37106.88274159013,100.0,False,9
5316,704.968,-4557.477589010745,3486.838335699571,253.0,37112.16194444444,100.0,False,9
5317,705.093,-4624.0,3549.0,253.0,37120.92608044513,100.0,False,9
5318,705.328,-4812.2787835352765,3727.9067327558214,253.0,37137.46194444444,100.0,False,9
5319,705.353,-4827.0,3742.0,253.48610986666668,37139.24567790306,100.0,False,9
5320,705.653,-4909.0,3823.0,259.3194432,37160.93241333295,100.0,False,9
5321,705.688,-4923.305353989215,3837.336037832041,260.0,37163.46194444444,100.0,False,9
5322,705.853,-5010.0,3924.0,260.0,37175.34278766412,100.0,False,9
5323,706.007,-5085.798664888745,4000.3571707969822,260.0,37186.500833333324,100.0,False,9
5324,706.033,-5101.0,4016.0,260.52000256,37188.40330835823,100.0,False,9
5325,706.352,-5338.0,4266.0,266.90000384,37212.13782308265,100.0,False,9
5326,706.407,-5368.929609028709,4298.914582826994,268.0,37216.278611111105,100.0,False,9
5327,706.647,-5447.0279857987225,4382.894740809618,273.0,37234.4786111111,100.0,False,9
5328,706.852,-5521.0,4467.0,275.1964278857143,37250.19241830455,100.0,False,9
5329,706.892,-5541.0,4490.0,275.62499931428573,37253.26165902124,100.0,False,9
5330,706.927,-5558.800794773693,4510.340472307907,276.0,37255.94527777778,100.0,False,9
5331,707.087,-5640.526373069301,4602.723926084352,276.0,37268.21194444444,100.0,False,9
5332,707.112,-5653.0,4617.0,276.3125024,37270.13769977851,100.0,False,9
5333,707.327,-5759.352608878814,4741.836273265706,279.0,37286.81194444443,100.0,False,9
5334,707.332,-5762.0,4745.0,279.0311522305881,37287.201027634685,100.0,False,9
5335,707.633,-5929.0,4948.0,280.90654171322115,37310.694229411325,100.0,False,9
5336,707.648,-5936.119417076867,4956.815471285748,281.0,37311.86777777776,100.0,False,9
5337,707.808,-6001.761820363133,5039.264497138634,282.0,37324.4011111111,100.0,False,9
5338,707.893,-6036.0,5083.0,282.3541664,37331.07389125046,100.0,False,9
5339,708.048,-6104.47281444546,5171.363628881191,283.0,37343.26777777777,100.0,False,9
5340,708.208,-6185.220832862992,5277.598079688757,284.0,37355.889999999985,100.0,False,9
5341,708.233,-6199.0,5296.0,284.0892854857143,37357.866705375156,100.0,False,9
5342,708.453,-6330.0,5474.0,284.8749997714286,37375.29182226339,100.0,False,9
5343,708.488,-6350.868792628464,5502.90794700096,285.0,37378.05666666666,100.0,False,9
5344,708.728,-6488.050770186413,5697.08019505632,282.0,37396.856666666645,0.0,False,9
5345,708.893,-6555.0,5793.0,276.6964306285714,37409.42899736423,0.0,False,9
5346,709.008,-6582.453784998797,5832.316147674005,273.0,37418.08999999998,0.0,False,9
5347,709.153,-6615.0,5880.0,270.5833344,37428.96846657756,0.0,False,9
5348,709.248,-6650.092671820852,5932.426452680106,269.0,37436.023333333316,0.0,True,9
5349,709.393,-6713.0,6027.0,261.7500032,37446.614961757106,0.0,True,9
5350,709.488,-6749.601375642467,6082.14975955467,257.0,37453.15666666665,0.0,True,9
5351,709.573,-6782.0,6131.0,246.76137134545453,37458.60505809964,0.0,True,9
5352,709.873,-6902.0,6312.0,210.6250077090909,37475.264196280536,0.0,True,9
5353,709.928,-6918.793945476575,6337.459404101317,204.0,37478.08999999998,0.0,True,9
5354,710.213,-6983.0,6436.0,177.281256,37491.93343518226,0.0,True,9
5355,710.248,-6991.246212818552,6448.805221934182,174.0,37493.55666666664,0.0,True,9
5356,710.453,-7044.0,6532.0,164.88889173333334,37502.76056013255,0.0,True,9
5357,710.608,-7087.599485062951,6603.898259284691,158.0,37509.356666666645,0.0,True,9
5358,710.753,-7122.0,6663.0,146.2187552,37515.21736638174,0.0,True,9
5359,710.768,-7124.734548273404,6667.880392099226,145.0,37515.80111111108,0.0,True,9
5360,710.993,-7153.0,6725.0,134.37500302222222,37524.00831551188,0.0,True,9
5361,711.128,-7170.047505916126,6768.051920228248,128.0,37528.601111111086,0.0,True,9
5362,711.213,-7180.0,6796.0,124.93055786666666,37531.40976728432,0.0,True,9
5363,711.488,-7201.7310511981095,6881.203700399039,115.0,37540.101111111086,0.0,True,9
5364,711.493,-7202.0,6883.0,114.90909207272728,37540.25460767938,0.0,True,9
5365,711.733,-7210.0,6975.0,110.54545570909092,37547.44394480983,0.0,True,9
5366,711.928,-7209.291891790275,7020.538508260013,107.0,37553.17888888887,0.0,False,9
5367,712.033,-7206.0,7044.0,105.95000064,37556.272759409956,0.0,False,9
5368,712.128,-7201.177579090852,7069.695382767079,105.0,37559.0122222222,0.0,False,9
5369,712.253,-7193.0,7105.0,100.3125024,37562.45899068126,0.0,False,9
5370,712.288,-7190.5496459543865,7113.92693140711,99.0,37563.41222222221,0.0,False,9
5371,712.528,-7165.809286736008,7170.106893855871,97.0,37569.87888888887,0.0,False,9
5372,712.553,-7161.0,7177.0,96.47698836645091,37570.53119629795,1.5690349006472843,False,9
5373,712.753,-7112.0,7235.0,92.29288458675248,37575.628642784926,14.121346239742588,False,9
5374,712.767,-7109.220243817463,7237.921572951858,92.0,37575.98666666665,15.0,False,9
5375,712.967,-7083.990377800904,7258.263575064232,93.0,37581.15333333331,22.0,False,9
5376,713.052,-7071.0,7265.0,93.5312496,37583.35582894436,23.5937488,False,9
5377,713.127,-7055.539258588313,7272.801262561847,94.0,37585.33111111108,25.0,False,9
5378,713.292,-7014.0,7292.0,97.0937488,37589.87577746558,28.6093736,False,9
5379,713.447,-6975.385412893389,7304.602481347389,100.0,37594.21999999997,32.0,False,9
5380,713.492,-6961.0,7308.0,100.0,37595.4650219483,34.2499968,False,9
5381,713.607,-6914.125600437017,7317.02853574373,100.0,37598.664444444425,40.0,False,9
5382,713.792,-6833.0,7330.0,105.2031304,37604.13545219107,45.781256,False,9
5383,713.927,-6796.654588441181,7335.396255539055,109.0,37608.35333333332,50.0,False,9
5384,714.168,-6755.133766206509,7340.481478428207,118.0,37616.25277777776,53.0,False,9
5385,714.213,-6743.0,7342.0,118.67499904,37617.758046451985,53.0,False,9
5386,714.333,-6703.0,7347.0,120.47499904,37621.797563457134,53.0,False,9
5387,714.368,-6689.888043997357,7348.553008173473,121.0,37622.97499999999,53.0,False,9
5388,714.568,-6607.594009631128,7357.498692592745,121.0,37629.69722222221,53.0,False,9
5389,714.633,-6583.0,7360.0,122.6249984,37631.8983706686,53.0,False,9
5390,714.728,-6550.743799063659,7363.137985594046,125.0,37635.25277777776,53.0,False,9
5391,714.973,-6474.0,7371.0,141.8437456,37645.297452523184,65.2499968,False,9
5392,715.048,-6445.714305870317,7374.598753102231,147.0,37648.31944444442,69.0,False,9
5393,715.133,-6413.0,7379.0,142.32500352,37651.57007847143,61.35000576,False,9
5394,715.248,-6372.415964270938,7384.663956216338,136.0,37655.874999999985,51.0,False,9
5395,715.433,-6300.0,7400.0,139.69999872,37663.20145233831,27.41250816,False,9
5396,715.633,-6194.0,7434.0,143.69999872,37671.28314451367,1.9125081600000011,False,9
5397,715.648,-6187.699113860982,7436.2867867932155,144.0,37671.874999999985,0.0,False,9
5398,715.808,-6143.568411817705,7455.2861839916595,140.0,37678.097222222204,12.0,False,9
5399,715.953,-6111.0,7474.0,140.0,37683.74642246924,12.0,False,9
5400,716.088,-6068.497027086399,7499.428206918193,140.0,37688.986111111095,12.0,False,9
5401,716.133,-6053.0,7510.0,139.62500053333332,37690.71725494457,13.874997333333333,False,9
5402,716.448,-5943.475117121314,7610.251366378478,137.0,37702.68611111109,27.0,False,9
5403,716.453,-5942.0,7612.0,137.0,37702.87574168085,27.4374944,False,9
5404,716.608,-5902.402215629801,7667.077931293076,137.0,37708.77499999998,41.0,False,9
5405,716.853,-5860.0,7749.0,140.49999908571428,37718.347644799665,41.87499977142857,False,9
5406,716.888,-5855.404546793416,7759.008470621567,141.0,37719.74166666664,42.0,False,9
5407,717.128,-5833.267264524654,7817.434085558024,146.0,37729.47499999998,62.0,False,9
5408,717.288,-5822.616241740788,7875.967147650784,149.0,37736.097222222204,74.0,False,9
5409,717.313,-5821.0,7888.0,149.0,37737.126694528226,74.0,False,9
5410,717.448,-5812.675570098056,7964.8252782945865,149.0,37742.71944444442,74.0,False,9
5411,717.513,-5810.0,7999.0,152.046872,37745.52850720154,76.8437472,False,9
5412,717.768,-5811.202612839337,8090.21078750829,164.0,37757.2972222222,88.0,False,9
5413,717.793,-5812.0,8100.0,165.2499968,37758.50062270458,88.71428388571428,False,9
5414,718.048,-5824.555028996078,8223.636783099599,178.0,37771.14166666665,96.0,False,9
5415,718.093,-5827.0,8245.0,178.67499904,37773.40133308369,96.67499904,False,9
5416,718.248,-5835.9541125156775,8316.402436513272,181.0,37781.197222222196,99.0,False,9
5417,718.293,-5840.0,8345.0,181.0,37783.45126040619,99.22499968,False,9
5418,718.448,-5859.866750932889,8477.464051895682,181.0,37791.25277777776,100.0,False,9
5419,718.473,-5863.0,8498.0,181.9374976,37792.53627042199,100.0,False,9
5420,718.688,-5883.818619953363,8632.143175786856,190.0,37803.919444444415,100.0,False,9
5421,718.833,-5894.0,8691.0,195.69642605714284,37811.97420648033,100.0,False,9
5422,718.968,-5901.956452670242,8729.075245267666,201.0,37819.552777777746,100.0,False,9
5423,719.128,-5909.691777361555,8756.344982428176,201.0,37828.48611111108,100.0,False,9
5424,719.353,-5928.0,8916.0,209.14763435193814,37841.79223879213,100.0,False,9
5425,719.487,-5943.779372968201,9094.68434918912,214.0,37849.82666666663,100.0,False,9
5426,719.512,-5946.0,9123.0,214.0,37851.31368699527,100.0,False,9
5427,719.687,-5950.597523736291,9228.520613628983,214.0,37861.71555555552,100.0,False,9
5428,719.852,-5945.0,9280.0,218.1249984,37871.85247179684,98.16666737777778,False,9
5429,720.047,-5934.745229610544,9396.529250940339,223.0,37884.015555555525,96.0,False,9
5430,720.132,-5928.0,9451.0,222.57500032,37889.26398993048,83.67500928,False,9
5431,720.247,-5916.071218558572,9519.426882411137,222.0,37896.34888888885,67.0,False,9
5432,720.372,-5897.0,9595.0,222.7812496,37904.088445543355,55.281256,False,9
5433,720.407,-5890.026309577933,9618.011547982633,223.0,37906.25999999998,52.0,False,9
5434,720.573,-5847.0,9734.0,223.59074738283454,37916.5771000628,58.49822121117981,False,9
5435,720.688,-5807.148486617082,9812.843939276054,224.0,37923.74444444441,63.0,False,9
5436,720.888,-5723.409241733249,9940.294382964305,225.0,37936.24444444441,78.0,False,9
5437,720.953,-5696.0,9976.0,225.0,37940.30757888776,83.19999488,False,9
5438,721.088,-5639.73535431232,10040.407261269786,225.0,37948.74444444441,94.0,False,9
5439,721.288,-5554.582266867662,10119.97365001649,225.0,37961.24444444441,94.0,False,9
5440,721.333,-5534.0,10138.0,225.18749973333334,37964.05814180836,95.1249984,False,9
5441,721.528,-5438.2972176467565,10217.787083144482,226.0,37976.31111111108,100.0,False,9
5442,721.768,-5322.229369576793,10308.965109029632,231.0,37991.71111111107,100.0,False,9
5443,721.813,-5304.0,10323.0,231.18749973333334,37994.60668500155,100.0,False,9
5444,722.008,-5236.485002177103,10373.786580733913,232.0,38007.177777777746,100.0,False,9
5445,722.113,-5190.0,10408.0,233.1249993142857,38014.0078116146,100.0,False,9
5446,722.288,-5079.712471224576,10488.181461745586,235.0,38025.45555555551,100.0,False,9
5447,722.333,-5047.0,10511.0,235.2812496,38028.40024521582,100.0,False,9
5448,722.448,-4957.52933562771,10570.988883780034,236.0,38035.94444444441,100.0,False,9
5449,722.633,-4826.0,10655.0,238.05555484444446,38048.23532613617,100.0,False,9
5450,722.808,-4762.044232982822,10693.363791261716,240.0,38059.94444444441,100.0,False,9
5451,722.913,-4722.0,10716.0,240.6562496,38066.96604494464,100.0,False,9
5452,722.968,-4694.211388125663,10731.70698799393,241.0,38070.65555555551,100.0,False,9
5453,723.128,-4595.910849952578,10786.20480234313,243.0,38081.45555555551,100.0,False,9
5454,723.153,-4581.0,10794.0,243.1041664,38083.14783756994,100.0,False,9
5455,723.273,-4508.0,10830.0,243.6041664,38091.28241233286,100.0,False,9
5456,723.368,-4427.621257600676,10867.999767837984,244.0,38097.72222222219,100.0,False,9
5457,723.553,-4251.0,10950.0,243.48611128888888,38110.24293141655,100.0,False,9
5458,723.728,-4151.673898478277,10995.232829959969,243.0,38122.02222222218,100.0,False,9
5459,724.033,-4042.0,11042.0,240.1406256,38142.35606482155,100.0,False,9
5460,724.048,-4033.7568248565094,11045.506448501399,240.0,38143.35555555552,100.0,False,9
5461,724.193,-3944.0,11084.0,240.0,38153.02485154728,100.0,False,9
5462,724.248,-3910.663060296746,11098.725498706428,240.0,38156.68888888885,100.0,False,9
5463,724.293,-3883.0,11111.0,239.83928594285715,38159.68344665477,100.0,False,9
5464,724.528,-3720.8034588205865,11181.873300508176,239.0,38175.27777777774,100.0,False,9
5465,724.633,-3654.0,11211.0,238.47500032,38182.22596853027,100.0,False,9
5466,724.728,-3601.701504471808,11233.916963361262,238.0,38188.499999999956,100.0,False,9
5467,724.888,-3527.685682060725,11266.647670625189,237.0,38199.0333333333,100.0,False,9
5468,725.013,-3462.0,11296.0,236.2187504,38207.22865765006,100.0,False,9
5469,725.048,-3441.4751792261613,11305.209647888427,236.0,38209.52222222219,100.0,False,9
5470,725.113,-3402.0,11323.0,236.0,38213.78300434764,100.0,False,9
5471,725.248,-3321.5912103976275,11359.808873281878,236.0,38222.6333333333,100.0,False,9
5472,725.373,-3248.0,11394.0,235.37500032,38230.81810543551,100.0,False,9
5473,725.448,-3203.6889186266308,11414.729010107963,235.0,38235.68888888885,100.0,False,9
5474,725.553,-3142.0,11444.0,233.12500114285714,38242.4268751581,62.50002285714285,False,9
5475,725.728,-3041.821828640117,11493.556000637765,230.0,38253.57777777774,0.0,False,9
5476,725.733,-3039.0,11495.0,229.9772212383291,38253.89829796512,0.0,False,9
5477,726.013,-2884.0,11579.0,228.7015942567337,38271.968402244835,0.0,False,9
5478,726.167,-2800.8178019055604,11628.034028029086,228.0,38281.381111111084,0.0,True,9
5479,726.292,-2734.0,11669.0,218.31250496,38288.528691598185,0.0,True,9
5480,726.352,-2702.0,11689.0,213.66248512,38291.802758633916,0.0,True,9
5481,726.532,-2606.0,11750.0,199.71250496,38301.402911532554,0.0,True,9
5482,726.567,-2588.686738930231,11760.596663412023,197.0,38303.269999999975,0.0,False,9
5483,726.752,-2503.0,11807.0,194.43055288888888,38313.144332129275,15.416682666666668,False,9
5484,726.927,-2418.47368292466,11836.180426638653,192.0,38322.46999999997,30.0,False,9
5485,726.992,-2388.0,11844.0,191.81994416224578,38325.92466698635,35.22161929487284,False,9
5486,727.288,-2240.7619157651075,11851.054177957778,191.0,38341.62305555552,59.0,False,9
5487,727.313,-2222.0,11847.0,191.0,38342.95039697729,59.71428388571429,False,9
5488,727.493,-2068.0,11800.0,191.0,38352.511611472175,64.85714102857143,False,9
5489,727.568,-2026.7031960208144,11784.275486007105,191.0,38356.47861111109,67.0,False,9
5490,727.808,-1970.6725764830242,11745.477052216866,191.0,38369.211944444425,67.0,False,9
5491,727.833,-1962.0,11739.0,192.041664,38370.57981526267,69.2916608,False,9
5492,727.993,-1889.0,11686.0,198.70833066666665,38379.58552093267,83.95832746666666,False,9
5493,728.168,-1807.8457128909906,11624.384463539298,206.0,38389.81194444442,100.0,False,9
5494,728.213,-1787.0,11609.0,207.6874976,38392.48849226136,100.0,False,9
5495,728.373,-1711.0,11557.0,213.6874976,38402.154783877864,100.0,False,9
5496,728.488,-1652.5242230926885,11523.288426670477,218.0,38409.1897222222,100.0,False,9
5497,728.768,-1496.9111543069557,11455.036391506683,222.0,38426.456388888866,100.0,False,9
5498,728.773,-1494.0,11454.0,222.0,38426.763428371254,100.0,False,9
5499,728.928,-1401.5798236339522,11424.812026553924,222.0,38436.32305555552,100.0,False,9
5500,728.973,-1374.0,11417.0,224.2499968,38439.181552116395,100.0,False,9
5501,729.173,-1249.0,11385.0,234.2499968,38452.3463515436,100.0,False,9
5502,729.208,-1227.4486951228669,11380.047474800262,236.0,38454.67861111107,100.0,False,9
5503,729.353,-1132.0,11360.0,239.1718736,38464.379909903146,100.0,False,9
5504,729.528,-979.0172989747282,11330.754314841113,243.0,38476.278611111076,100.0,False,9
5505,729.553,-959.0,11327.0,243.4947904,38478.00654540735,100.0,False,9
5506,729.933,-742.0,11285.0,251.01562373333334,38505.14100703952,100.0,False,9
5507,730.153,-590.0,11249.0,255.3697904,38521.454176733765,100.0,False,9
5508,730.353,-452.0,11210.0,259.3281237333333,38536.225244624555,100.0,False,9
5509,730.488,-359.2179454724947,11180.467583120464,262.0,38546.145277777745,100.0,False,9
5510,730.573,-301.0,11160.0,262.5312496,38552.37035961078,100.0,False,9
5511,730.793,-152.0,11099.0,263.9062496,38568.50189161944,100.0,False,9
5512,730.808,-141.96407514108242,11094.421649363081,264.0,38569.611944444405,100.0,False,9
5513,731.013,-7.0,11026.0,267.66071314285716,38584.91808096226,100.0,False,9
5514,731.088,40.91901322677101,10997.74542540735,269.0,38590.534166666635,100.0,False,9
5515,731.233,130.0,10939.0,269.0,38601.37359486181,100.0,False,9
5516,731.288,161.94804753293525,10915.812755620593,269.0,38605.47861111107,100.0,False,9
5517,731.393,225.0,10865.0,269.0,38613.30548271742,100.0,False,9
5518,731.488,293.02109298847404,10802.486503566912,269.0,38620.423055555526,100.0,False,9
5519,731.633,390.0,10707.0,272.020832,38631.42977788445,100.0,False,9
5520,731.728,424.09469717287993,10672.345902178602,274.0,38638.689722222174,100.0,False,9
5521,731.928,433.2566160614802,10658.515699414338,276.0,38654.02305555552,100.0,False,9
5522,732.033,441.0,10647.0,276.52499968,38662.11752818426,100.0,False,9
5523,732.128,455.6881311476981,10628.20705638101,277.0,38669.41194444441,100.0,False,9
5524,732.288,498.7879382156413,10574.673619482706,274.0,38681.58972222218,100.0,False,9
5525,732.313,508.0,10563.0,274.781248,38683.51146865457,100.0,False,9
5526,732.448,569.3516602789081,10484.241900216197,279.0,38693.98972222218,100.0,False,9
5527,732.553,620.0,10415.0,279.4393306290857,38702.165690700436,100.0,False,9
5528,732.687,677.4409906096005,10327.170840851517,280.0,38712.578611111065,100.0,False,9
5529,732.772,711.0,10271.0,279.2916672,38719.14532804722,100.0,False,9
5530,732.927,768.3327442967559,10166.392053461228,278.0,38731.111944444405,100.0,False,9
5531,732.992,791.0,10121.0,278.72222435555557,38736.16702837632,100.0,False,9
5532,733.212,861.0,9963.0,281.1666659555556,38753.4184381823,100.0,False,9
5533,733.287,881.3842943658295,9912.276258763413,282.0,38759.3119444444,100.0,False,9
5534,733.432,921.0,9801.0,282.6041674666667,38770.706292714225,100.0,False,9
5535,733.527,953.3937113200502,9696.847860964159,283.0,38778.17861111107,100.0,False,9
5536,733.692,1010.0,9498.0,283.6874997333333,38791.181534830524,100.0,False,9
5537,733.767,1028.2275355667496,9426.611875521376,284.0,38797.111944444405,100.0,False,9
5538,733.968,1059.3440388785705,9284.088218161192,286.0,38813.08027777773,100.0,False,9
5539,733.973,1060.0,9281.0,286.02777742222224,38813.47858675827,100.0,False,9
5540,734.328,1098.464769403288,9096.766082287453,288.0,38841.88027777773,100.0,False,9
5541,734.473,1116.0,8999.0,289.44999936,38853.552122011155,100.0,False,9
5542,734.528,1123.5392232313254,8954.46779542614,290.0,38857.991388888855,100.0,False,9
5543,734.693,1146.0,8808.0,290.9166663111111,38871.350832104086,100.0,False,9
5544,734.888,1161.3575675335585,8651.96302418494,292.0,38887.19138888885,100.0,False,9
5545,735.013,1167.0,8566.0,292.5208330666667,38897.356500478214,100.0,False,9
5546,735.128,1170.6135217734522,8497.667945358793,293.0,38906.72472222219,100.0,False,9
5547,735.233,1168.0,8387.0,293.6562496,38915.2981839119,100.0,False,9
5548,735.288,1162.7719878145213,8290.602633727709,294.0,38919.79138888886,100.0,False,9
5549,735.513,1126.0,7774.0,294.0,38938.16644003763,100.0,False,9
5550,735.568,1118.7738634568955,7686.801000643854,294.0,38942.65805555551,100.0,False,9
5551,735.808,1098.1317990678638,7516.474526102887,294.0,38962.25805555552,100.0,False,9
5552,735.913,1089.0,7468.0,294.0,38970.82924406354,100.0,False,9
5553,735.968,1083.6264771765088,7440.8087530943585,294.0,38975.32472222218,100.0,False,9
5554,736.173,1051.0,7311.0,294.8541664,38992.12641583971,100.0,False,9
5555,736.208,1040.8940783583148,7279.3898703079485,295.0,38994.99138888884,100.0,False,9
5556,736.448,940.6395228196158,7001.021923150614,294.0,39014.591388888846,100.0,False,9
5557,736.553,906.0,6907.0,294.26249984,39023.181952327344,100.0,False,9
5558,736.848,863.497543243166,6783.503306982819,295.0,39047.36916666661,100.0,False,9
5559,736.913,848.0,6736.0,295.0,39052.69645532803,100.0,False,9
5560,737.048,798.4670404479918,6584.821892082123,295.0,39063.7580555555,100.0,False,9
5561,737.193,746.0,6425.0,295.0,39075.63972520603,100.0,False,9
5562,737.208,742.3107858034961,6413.770314163652,295.0,39076.86916666661,100.0,False,9
5563,737.368,721.0908954567572,6349.350160491142,295.0,39089.98027777774,100.0,False,9
5564,737.453,710.0,6316.0,294.7343752,39096.92836526761,100.0,False,9
5565,737.688,651.99462263929,6146.860277171172,294.0,39116.11361111107,100.0,False,9
5566,737.753,628.0,6085.0,294.4062496,39121.43705236302,100.0,False,9
5567,737.848,586.3673939785436,5984.909455353042,295.0,39129.22472222218,100.0,False,9
5568,738.013,511.0,5815.0,295.0,39142.74318833425,100.0,False,9
5569,738.048,498.15865502090526,5786.964332484286,295.0,39145.61361111107,100.0,False,9
5570,738.433,403.0,5576.0,295.8020832,39177.27581021236,100.0,False,9
5571,738.528,373.90083628662535,5494.162870402886,296.0,39185.08027777773,100.0,False,9
5572,738.633,342.0,5393.0,295.73750016,39193.69395606224,100.0,False,9
5573,738.928,285.6098557329935,5120.400065874612,295.0,39217.85805555551,100.0,False,9
5574,739.013,276.0,5054.0,295.0,39224.826036994724,100.0,False,9
5575,739.088,269.4813571469332,5001.754601456047,295.0,39230.96916666662,100.0,False,9
5576,739.328,259.57442108008854,4855.833283195239,294.0,39250.56916666661,100.0,False,9
5577,739.372,259.0,4825.0,294.0,39254.16251370299,100.0,False,9
5578,739.527,259.6650723710614,4701.290909348832,294.0,39266.82083333329,100.0,False,9
5579,739.672,264.0,4578.0,293.5972216888889,39278.639108884454,100.0,False,9
5580,739.852,274.0,4431.0,293.0972224,39293.27792494677,100.0,False,9
5581,739.887,276.37217899024216,4402.526125892978,293.0,39296.120833333276,100.0,False,9
5582,740.052,289.0,4268.0,292.65625013333334,39309.50770861744,100.0,False,9
5583,740.232,305.0,4122.0,292.2812496,39324.094172196186,100.0,False,9
5584,740.353,318.0,4026.0,292.0291664,39333.91660417727,100.0,False,9
5585,740.367,319.67498163679096,4014.8635052621275,292.0,39335.05416666661,100.0,False,9
5586,740.613,355.0,3819.0,292.7663550805602,39355.07446389877,100.0,False,9
5587,740.688,367.6694311586188,3761.346944594284,293.0,39361.17999999995,100.0,False,9
5588,740.813,393.0,3661.0,293.0,39371.35273324912,100.0,False,9
5589,740.848,401.78263485528083,3629.6985166321097,293.0,39374.20222222217,100.0,False,9
5590,741.113,480.0,3382.0,293.0,39395.77474371408,100.0,False,9
5591,741.128,483.7539154133355,3371.088803323085,293.0,39396.99111111107,100.0,False,9
5592,741.328,526.6505192939386,3257.716658992353,291.0,39413.15777777773,100.0,False,9
5593,741.373,538.0,3230.0,291.0,39416.79448815338,100.0,False,9
5594,741.528,586.0611274369537,3115.848046060078,291.0,39429.3244444444,100.0,False,9
5595,741.593,608.0,3066.0,290.7968752,39434.574685841464,100.0,False,9
5596,741.833,691.0,2891.0,290.0468752,39453.9008394596,100.0,False,9
5597,741.848,696.3267348059403,2880.2908412441034,290.0,39455.10222222218,100.0,False,9
5598,742.088,784.0133275301929,2710.976987162128,287.0,39474.23555555551,100.0,False,9
5599,742.368,893.2755167184931,2518.7016591314814,286.0,39496.47999999995,100.0,False,9
5600,742.613,1000.0,2357.0,281.6250011428571,39515.62309962767,100.0,False,9
5601,742.648,1016.1578090843318,2334.422403700785,281.0,39518.3355555555,100.0,False,9
5602,742.853,1113.0,2207.0,278.4375008,39534.12516261179,100.0,False,9
5603,743.013,1192.0,2112.0,276.4375008,39546.34134673647,100.0,False,9
5604,743.048,1214.450007108732,2086.943259447922,276.0,39549.002222222174,100.0,False,9
5605,743.273,1384.0,1907.0,273.44318254545453,39566.00994231971,100.0,False,9
5606,743.433,1469.0,1819.0,271.6250007272727,39578.013036436925,100.0,False,9
5607,743.488,1499.2557213748237,1789.050178296159,271.0,39582.1244444444,100.0,False,9
5608,743.633,1584.0,1708.0,269.6818187636364,39592.92764006565,100.0,False,9
5609,743.893,1729.0,1575.0,267.3181824,39612.17692566301,100.0,False,9
5610,743.928,1748.3510082075752,1557.7293781783405,267.0,39614.75777777773,100.0,False,9
5611,744.088,1837.0098961950328,1479.783569511658,265.0,39626.5355555555,100.0,False,9
5612,744.133,1862.0,1458.0,264.7187504,39629.851083604226,100.0,False,9
5613,744.248,1925.9620531276578,1402.5230412193152,264.0,39638.26888888884,100.0,False,9
5614,744.293,1951.0,1381.0,262.71428754285716,39641.49695374486,95.98214857142857,False,9
5615,744.433,2029.0,1315.0,258.71428754285716,39651.28485700874,83.48214857142857,False,9
5616,744.633,2141.0,1224.0,253.00000182857144,39664.59813158274,65.6250057142857,False,9
5617,744.873,2275.0,1118.0,246.14285897142858,39679.58413767679,44.19643428571428,False,9
5618,745.193,2488.0,965.0,237.00000182857144,39699.428436792005,15.625005714285711,False,9
5619,745.368,2573.7125074715213,909.2142866516382,232.0,39710.44666666661,0.0,True,9
5620,745.528,2639.0727996685864,873.273066859175,228.0,39720.57999999994,0.0,True,9
5621,745.593,2669.0,859.0,226.3750016,39724.64366848857,0.0,True,9
5622,745.728,2738.5781575803862,830.2339779347328,223.0,39732.968888888834,0.0,False,9
5623,745.773,2766.0,822.0,222.03571565714284,39735.71678966367,1.4464265142857144,False,9
5624,746.008,2934.4754379046867,795.2121233934126,217.0,39749.846666666606,9.0,False,9
5625,746.012,2937.0,795.0,216.89958793607065,39750.08383449564,9.117147407917583,False,9
5626,746.247,3048.968506796011,796.8285657929976,211.0,39763.85472222217,16.0,False,9
5627,746.392,3133.0,808.0,209.54999808,39772.27275923715,34.125023999999996,False,9
5628,746.447,3175.1555702709675,813.6688683027871,209.0,39775.46583333328,41.0,False,9
5629,746.612,3311.0,832.0,209.37499985454545,39785.067095792794,44.37499869090909,False,9
5630,746.887,3432.6455204173553,847.742005181963,210.0,39801.13249999995,50.0,False,9
5631,746.953,3462.0,851.0,210.27385923410384,39804.99731496215,50.0,False,9
5632,747.128,3560.628023265745,861.012156177487,211.0,39815.25777777773,50.0,False,9
5633,747.253,3637.0,867.0,211.0,39822.592034013156,48.66071497142857,False,9
5634,747.408,3727.754860234373,870.8377787946914,211.0,39831.668888888846,47.0,False,9
5635,747.453,3754.0,871.0,210.77500032,39834.29468621552,49.69999616,False,9
5636,747.553,3812.0,870.0,210.27500032,39840.120407632334,55.69999616,False,9
5637,747.608,3841.9643252594474,869.4480725636269,210.0,39843.3355555555,59.0,False,9
5638,747.793,3950.0,859.0,211.84999936,39854.22654812659,61.77499904,False,9
5639,747.808,3961.533851444757,856.4508146506648,212.0,39855.113333333284,62.0,False,9
5640,748.053,4171.0,793.0,213.74999954285715,39869.666207074435,62.87499977142857,False,9
5641,748.088,4189.1811612747115,786.6030893713806,214.0,39871.75777777773,63.0,False,9
5642,748.248,4223.667682306012,770.0474655223672,216.0,39881.35777777774,63.0,False,9
5643,748.353,4252.0,748.0,216.74999954285715,39887.67849569002,68.62499657142857,False,9
5644,748.528,4352.507341109597,671.7316379035071,218.0,39898.313333333295,78.0,False,9
5645,748.733,4498.0,559.0,222.19318050909092,39911.09125049904,88.2499968,False,9
5646,748.968,4615.1435390634415,458.8330030847483,227.0,39926.057777777736,100.0,False,9
5647,749.113,4671.0,409.0,230.6249984,39935.39238219238,100.0,False,9
5648,749.168,4690.343398774929,391.9745578312213,232.0,39938.94666666663,100.0,False,9
5649,749.328,4741.94719684056,347.3843579573802,234.0,39949.34666666662,100.0,False,9
5650,749.453,4790.0,307.0,237.1249984,39957.64220444557,100.0,False,9
5651,749.568,4844.541280038949,261.86842115719253,240.0,39965.34666666662,100.0,False,9
5652,749.728,4931.046215446807,190.77286936709345,242.0,39976.10222222218,100.0,False,9
5653,749.773,4955.0,171.0,243.406248,39979.16729935794,100.0,False,9
5654,749.888,5015.035983027157,121.23705332789154,247.0,39987.07999999996,100.0,False,9
5655,749.953,5049.0,93.0,248.08333226666667,39991.58204513008,100.0,False,9
5656,750.128,5142.3499539378045,15.201087483458457,251.0,40003.813333333295,100.0,False,9
5657,750.213,5188.0,-23.0,252.517856,40009.822705356564,100.0,False,9
5658,750.393,5285.0,-105.0,255.73214171428572,40022.65368360901,100.0,False,9
5659,750.408,5293.238536192969,-112.10280975275667,256.0,40023.72444444441,100.0,False,9
5660,750.433,5307.0,-124.0,256.24999936,40025.50930069167,100.0,False,9
5661,750.608,5402.438627299095,-206.3141072240848,258.0,40038.057777777736,100.0,False,9
5662,750.693,5449.0,-246.0,260.656248,40044.24593107142,100.0,False,9
5663,750.768,5490.470786217918,-280.9738658834699,263.0,40049.74666666663,100.0,False,9
5664,750.933,5583.0,-359.0,265.47499904,40061.929457506005,100.0,False,9
5665,750.968,5602.860586914024,-376.0853250318728,266.0,40064.52444444441,100.0,False,9
5666,751.128,5694.253129648846,-456.29035781500596,268.0,40076.43555555552,100.0,False,9
5667,751.233,5751.0,-507.0,269.3124992,40084.31951930266,100.0,False,9
5668,751.433,5860.0,-609.0,271.8124992,40099.47195042398,100.0,False,9
5669,751.448,5870.582620444046,-619.6215687018747,272.0,40100.6133333333,100.0,False,9
5670,751.613,5997.0,-751.0,274.47499904,40113.21032032107,100.0,False,9
5671,751.648,6016.2929886042075,-771.5387790113198,275.0,40115.89111111108,100.0,False,9
5672,751.873,6088.0,-855.0,276.6071424,40133.190840546275,100.0,False,9
5673,751.928,6110.296734604372,-883.4157792157984,277.0,40137.43555555552,100.0,False,9
5674,752.133,6210.0,-1015.0,278.7083328,40153.31306620501,100.0,False,9
5675,752.168,6225.089648205601,-1035.794635242285,279.0,40156.03555555553,100.0,False,9
5676,752.328,6294.288435001346,-1138.6590041412119,281.0,40168.52444444441,100.0,False,9
5677,752.333,6297.0,-1143.0,281.0312496,40168.9154677926,100.0,False,9
5678,752.488,6399.878847198273,-1315.1484459646408,282.0,40181.05777777775,100.0,False,9
5679,752.572,6449.0,-1400.0,282.4210515509822,40187.66027834556,100.0,False,9
5680,752.887,6520.732198909409,-1539.0927993220532,284.0,40212.534444444405,100.0,False,9
5681,752.952,6534.0,-1569.0,284.4062512,40217.67798250972,100.0,False,9
5682,753.047,6559.096859836578,-1625.220402031753,285.0,40225.20111111108,100.0,False,9
5683,753.272,6635.0,-1801.0,285.6250005333333,40243.050552050074,100.0,False,9
5684,753.407,6679.676621616458,-1915.9240635019028,286.0,40253.80111111108,100.0,False,9
5685,753.452,6694.0,-1954.0,286.32028402315115,40257.39374256687,100.0,False,9
5686,753.653,6753.0,-2115.0,287.7508893944101,40273.48034522188,100.0,False,9
5687,753.688,6762.1129177392895,-2140.249974392404,288.0,40276.28111111108,100.0,False,9
5688,753.873,6812.0,-2281.0,288.0,40291.07979055068,100.0,False,9
5689,753.888,6817.268064867488,-2296.1295132808286,288.0,40292.28111111108,100.0,False,9
5690,754.113,6911.0,-2569.0,288.9374997333333,40310.341267280266,100.0,False,9
5691,754.128,6916.54235650907,-2585.386925431346,289.0,40311.54777777774,100.0,False,9
5692,754.368,6982.470641703016,-2785.7800383870017,290.0,40330.881111111084,100.0,False,9
5693,754.553,7016.0,-2890.0,290.0,40345.78353409881,100.0,False,9
5694,754.608,7024.519001519524,-2916.0971663240452,290.0,40350.21444444441,100.0,False,9
5695,754.873,7066.0,-3043.0,290.0,40371.56621564842,100.0,False,9
5696,754.928,7078.505643114869,-3082.2959706823463,290.0,40375.992222222194,100.0,False,9
5697,755.033,7105.0,-3166.0,289.3437504,40384.432136608695,100.0,False,9
5698,755.088,7118.7057618087065,-3209.22433385042,289.0,40388.836666666626,100.0,False,9
5699,755.333,7178.0,-3394.0,286.55000064,40408.26455878552,100.0,False,9
5700,755.488,7216.581229131901,-3510.6789940460562,285.0,40420.5033333333,100.0,False,9
5701,755.493,7218.0,-3515.0,284.9375008,40420.89847687914,99.9375008,False,9
5702,755.753,7300.0,-3769.0,281.6875008,40441.32309063974,96.6875008,False,9
5703,755.808,7312.554093243316,-3808.860412452573,281.0,40445.481111111076,96.0,False,9
5704,756.053,7349.0,-3931.0,261.94444942222225,40463.02619280903,30.666683733333333,False,9
5705,756.168,7367.9850987199,-3997.747259078622,253.0,40470.78111111108,0.0,True,9
5706,756.373,7405.0,-4146.0,232.5000064,40483.904088887095,0.0,True,9
5707,756.408,7411.105416602336,-4175.658409522975,229.0,40486.04777777774,0.0,True,9
5708,756.553,7435.0,-4303.0,216.3125056,40494.615203027875,0.0,True,9
5709,756.648,7448.424827542474,-4374.779343506101,208.0,40499.91444444441,0.0,True,9
5710,756.968,7479.808288319328,-4535.629221589832,179.0,40515.82555555552,0.0,True,9
5711,757.168,7489.172879221092,-4578.218748664085,155.0,40524.43666666663,0.0,True,9
5712,757.608,7500.917868651405,-4690.405990199319,134.0,40540.814444444404,0.0,True,9
5713,757.613,7501.0,-4692.0,133.83928777142856,40540.99116495979,0.0,True,9
5714,757.853,7502.0,-4774.0,126.12500205714285,40549.341537006374,0.0,True,9
5715,757.888,7501.095096437584,-4785.798375202755,125.0,40550.53666666662,0.0,True,9
5716,758.033,7494.0,-4833.0,121.3750016,40555.418127754805,0.0,True,9
5717,758.048,7492.979887694955,-4837.715873122823,121.0,40555.91444444441,0.0,True,9
5718,758.273,7471.0,-4904.0,116.7812512,40563.151024178966,1.4062496,True,9
5719,758.368,7457.526116840161,-4928.711126557419,115.0,40566.13666666663,2.0,False,9
5720,758.453,7443.0,-4949.0,113.72500096,40568.7878655868,6.2499968,False,9
5721,758.568,7419.232127776772,-4973.622991698593,112.0,40572.35888888885,12.0,False,9
5722,758.653,7399.0,-4990.0,112.0,40575.00021153777,19.4374944,False,9
5723,758.728,7379.475416281113,-5003.311180845448,112.0,40577.336666666626,26.0,False,9
5724,758.833,7350.0,-5020.0,112.43749973333334,40580.62309815483,26.437499733333333,False,9
5725,758.968,7309.667197479946,-5037.959131799059,113.0,40584.869999999966,27.0,False,9
5726,758.993,7302.0,-5041.0,113.08928548571429,40585.65836944347,27.803569371428573,False,9
5727,759.172,7246.0,-5061.0,113.72857051428572,40591.32104252797,33.557134628571426,False,9
5728,759.248,7222.021185543912,-5068.805352703229,114.0,40593.736666666635,36.0,False,9
5729,759.408,7171.66228040578,-5084.180310512855,116.0,40598.89222222219,44.0,False,9
5730,759.492,7146.0,-5092.0,118.10437856375925,40601.735541229995,45.40291904250617,False,9
5731,759.632,7100.0,-5106.0,121.611693272328,40606.720646354326,47.741128848218665,False,9
5732,759.872,6971.0,-5143.0,127.6242217783937,40615.39550813622,51.7494811855958,False,9
5733,759.887,6964.550754833521,-5144.83786435136,128.0,40615.923333333296,52.0,False,9
5734,760.168,6904.697039664031,-5161.879436826335,128.0,40625.91444444441,52.0,False,9
5735,760.313,6867.0,-5172.0,143.22499328,40631.88720072547,52.0,False,9
5736,760.368,6845.833463894444,-5177.621078611848,149.0,40634.19222222219,52.0,False,9
5737,760.568,6749.441053541394,-5203.105641681487,149.0,40642.46999999996,90.0,False,9
5738,760.613,6731.0,-5208.0,150.24999822222222,40644.36557633769,91.24999822222222,False,9
5739,760.833,6659.0,-5227.0,156.36110933333333,40653.95251076651,97.36110933333333,False,9
5740,760.928,6620.25372569744,-5236.719862056729,159.0,40658.369999999966,100.0,False,9
5741,761.133,6523.0,-5260.0,172.4531208,40668.547285629815,100.0,False,9
5742,761.248,6471.74615962543,-5271.409404645285,180.0,40674.369999999966,100.0,False,9
5743,761.353,6416.0,-5284.0,180.87499946666668,40679.641975336635,100.0,False,9
5744,761.488,6317.271448150404,-5307.456713350689,182.0,40686.5033333333,100.0,False,9
5745,761.593,6245.0,-5325.0,185.67499776,40692.044150447124,100.0,False,9
5746,761.888,6139.015513921049,-5352.180496185381,196.0,40708.281111111064,100.0,False,9
5747,761.973,6099.0,-5363.0,198.1249984,40713.0047703327,100.0,False,9
5748,762.048,6052.793017811738,-5375.50683960063,200.0,40717.169999999955,100.0,False,9
5749,762.208,5940.859460787745,-5405.446931769492,200.0,40726.058888888845,100.0,False,9
5750,762.233,5927.0,-5409.0,200.6249984,40727.46861197559,100.0,False,9
5751,762.488,5819.097444410876,-5435.175912252606,207.0,40742.15888888885,100.0,False,9
5752,762.493,5816.0,-5436.0,207.04999936,40742.448339180526,99.72500352,False,9
5753,762.688,5649.575961271427,-5482.496438309613,209.0,40753.76999999996,89.0,False,9
5754,762.773,5580.0,-5502.0,210.5937488,40758.778752782426,70.40626400000001,False,9
5755,762.848,5530.00218401391,-5515.764070777834,212.0,40763.19222222219,54.0,False,9
5756,763.048,5435.202399292869,-5539.146574545068,208.0,40774.74777777774,2.0,False,9
5757,763.113,5403.0,-5545.0,207.07142948571428,40778.46004513894,4.553568914285714,False,9
5758,763.328,5282.83502611096,-5559.937891350193,204.0,40790.61444444441,13.0,False,9
5759,763.353,5269.0,-5561.0,203.5312512,40792.01564056963,14.2499968,False,9
5760,763.488,5196.237525224799,-5563.445869329404,201.0,40799.54777777774,21.0,False,9
5761,763.533,5170.0,-5562.0,200.7187504,40802.05220330127,22.406248,False,9
5762,763.648,5094.856558850813,-5551.810410874778,200.0,40808.43666666663,26.0,False,9
5763,763.873,4940.0,-5510.0,198.3928576,40820.827897471696,28.4107136,False,9
5764,763.928,4908.464546682312,-5496.945158241417,198.0,40823.83666666664,29.0,False,9
5765,764.128,4815.526121782992,-5440.533311733303,196.0,40834.72555555553,29.0,False,9
5766,764.273,4755.0,-5391.0,196.0,40842.618725890425,43.499993599999996,False,9
5767,764.288,4748.734963368901,-5385.464660059793,196.0,40843.43666666663,45.0,False,9
5768,764.448,4681.865208822474,-5321.624203274342,197.0,40852.19222222219,57.0,False,9
5769,764.673,4599.0,-5232.0,199.4107136,40864.67689600412,72.2678528,False,9
5770,764.728,4583.029006463493,-5213.1682412425425,200.0,40867.74777777774,76.0,False,9
5771,764.968,4527.627139699473,-5138.675123524081,202.0,40881.21444444441,81.0,False,9
5772,765.053,4505.0,-5105.0,202.57954501818182,40886.023656249396,82.93181672727273,False,9
5773,765.353,4403.0,-4941.0,204.62499956363635,40903.13176840302,89.74999854545455,False,9
5774,765.408,4382.6992832253645,-4904.230907968313,205.0,40906.269999999975,91.0,False,9
5775,765.653,4297.0,-4737.0,205.0,40920.22680158788,91.0,False,9
5776,765.688,4287.320109274734,-4717.682672300071,205.0,40922.21444444441,91.0,False,9
5777,766.048,4223.80364142086,-4587.265791085964,205.0,40942.71444444441,91.0,False,9
5778,766.192,4196.0,-4529.0,209.12903509955103,40951.16740715392,95.64516448699491,False,9
5779,766.327,4163.440230205661,-4460.909908120799,213.0,40959.22194444442,100.0,False,9
5780,766.372,4152.0,-4437.0,213.80357028571427,40961.92735810763,83.92859428571428,False,9
5781,766.552,4106.0,-4340.0,217.01786057142857,40972.83520835162,19.642788571428568,False,9
5782,766.607,4092.347358254416,-4310.054337244822,218.0,40976.177499999976,0.0,False,9
5783,766.653,4081.0,-4285.0,217.42679002509755,40978.973963245226,0.0,False,9
5784,766.853,4032.0,-4178.0,214.9345796777592,40991.01524702617,0.0,False,9
5785,766.928,4014.6963357474365,-4140.253461233538,214.0,40995.25916666664,0.0,True,9
5786,767.073,3976.0,-4063.0,199.0468816,41002.91028392869,0.0,True,9
5787,767.248,3903.67081548442,-3943.4234470586907,181.0,41011.34805555553,0.0,True,9
5788,767.313,3881.0,-3907.0,172.0625088,41014.31782957367,0.0,True,9
5789,767.408,3858.3678417948886,-3870.2050247522748,159.0,41018.414722222195,0.0,True,9
5790,767.568,3844.961772216116,-3847.5196917959493,137.0,41024.50361111108,0.0,True,9
5791,767.713,3824.0,-3820.0,133.3750016,41029.85354533038,0.0,True,9
5792,767.768,3810.99910358606,-3803.852488197942,132.0,41031.836944444425,0.0,True,9
5793,768.013,3740.0,-3718.0,125.19444622222223,41040.24073998917,0.0,True,9
5794,768.128,3721.7863132592247,-3696.2261115136257,122.0,41044.03694444442,0.0,True,9
5795,768.328,3690.4705310083987,-3674.7268099801754,115.0,41050.4258333333,0.0,True,9
5796,768.333,3689.0,-3674.0,114.687504,41050.57723661026,0.0,True,9
5797,768.488,3626.8917879015876,-3646.6130354869842,105.0,41055.09249999997,0.0,False,9
5798,768.573,3594.0,-3634.0,104.4687504,41057.55530335335,0.0,False,9
5799,768.808,3544.55246834173,-3624.138173047881,103.0,41064.24805555552,0.0,False,9
5800,769.013,3512.0,-3632.0,94.458336,41069.56792802039,0.0,False,9
5801,769.048,3504.1986096558244,-3633.7602090917385,93.0,41070.44805555552,0.0,False,9
5802,769.253,3451.0,-3647.0,89.796876,41075.50325061787,3.203124,False,9
5803,769.368,3424.043526141914,-3657.353417390774,88.0,41078.270277777745,5.0,False,9
5804,769.413,3414.0,-3662.0,87.4375008,41079.340346971556,6.6874975999999995,False,9
5805,769.533,3388.0,-3676.0,85.9375008,41082.16491402045,11.1874976,False,9
5806,769.608,3372.2409971905136,-3685.87927430506,85.0,41083.93694444442,14.0,False,9
5807,769.873,3313.0,-3735.0,86.6562496,41090.31377793968,23.9374976,False,9
5808,769.928,3297.7559374981624,-3750.5324791809585,87.0,41091.670277777754,26.0,False,9
5809,770.053,3264.0,-3787.0,88.82291573333333,41094.80239772235,29.906248,False,9
5810,770.408,3222.6469020102227,-3840.070449919733,94.0,41104.20361111108,41.0,False,9
5811,770.413,3222.0,-3841.0,94.20833066666667,41104.34369734612,41.104165333333334,False,9
5812,770.613,3191.0,-3886.0,102.541664,41110.10935570455,45.270832,False,9
5813,770.648,3185.936666662055,-3893.695905490962,104.0,41111.13694444441,46.0,False,9
5814,770.853,3154.0,-3946.0,107.8437488,41117.24152950378,54.9687472,False,9
5815,770.968,3123.1754800130434,-3998.747671146953,110.0,41120.914722222195,60.0,False,9
5816,771.033,3107.0,-4027.0,113.2499968,41123.110177752984,61.78749824,False,9
5817,771.368,3071.635442130131,-4093.2078491845627,130.0,41135.35916666663,71.0,False,9
5818,771.493,3043.0,-4129.0,133.1249984,41139.986797921476,71.0,False,9
5819,771.528,3031.380952008926,-4142.729963638429,134.0,41141.31472222219,71.0,False,9
5820,771.733,2946.0,-4238.0,141.0468728,41149.50322442752,64.593752,False,9
5821,771.848,2906.9847619559037,-4275.499691032692,145.0,41154.20361111108,61.0,False,9
5822,772.048,2855.1868648025593,-4312.9511007277015,147.0,41162.37027777775,56.0,False,9
5823,772.133,2832.0,-4328.0,148.4166656,41165.9099798582,46.4375072,False,9
5824,772.288,2784.47580935061,-4357.381930370462,151.0,41172.43694444442,29.0,False,9
5825,772.372,2744.0,-4378.0,151.0,41175.96244798007,19.76002816,False,9
5826,772.488,2666.627849981865,-4412.7622306297,151.0,41180.82583333331,7.0,False,9
5827,772.512,2652.0,-4419.0,151.0,41181.83346037421,8.35,False,9
5828,772.808,2560.161139526906,-4448.654285565401,151.0,41194.24805555552,25.0,False,9
5829,772.912,2533.0,-4453.0,150.4786964910018,41198.553676896045,32.298249125974515,False,9
5830,773.132,2443.0,-4462.0,149.3759403513297,41207.617114244626,47.7368350813843,False,9
5831,773.207,2394.3731202159474,-4459.309001349358,149.0,41210.76222222218,53.0,False,9
5832,773.373,2282.0,-4447.0,153.95522296814522,41217.87141953991,60.43283445221784,False,9
5833,773.408,2266.3340009266662,-4445.250244367391,155.0,41219.41638888886,62.0,False,9
5834,773.688,2209.3463982813496,-4433.381758954844,162.0,41232.01638888885,69.0,False,9
5835,773.753,2177.0,-4422.0,156.3125056,41234.696190170755,70.2187488,False,9
5836,773.848,2106.1327078887375,-4396.854670952471,148.0,41238.59416666663,72.0,False,9
5837,773.933,2045.0,-4375.0,153.52499584,41242.361701098125,73.0624992,False,9
5838,774.248,1979.1237209586413,-4345.82243385893,174.0,41257.92749999996,77.0,False,9
5839,774.273,1973.0,-4342.0,174.4545442909091,41259.180978650315,78.0795426909091,False,9
5840,774.473,1897.0,-4294.0,178.09090792727272,41269.199433923306,86.71590632727273,False,9
5841,774.688,1808.2136006411436,-4229.218867699916,182.0,41280.1719444444,96.0,False,9
5842,774.713,1799.0,-4222.0,183.12499712,41281.47403764783,96.0,False,9
5843,774.888,1738.621075173064,-4171.290228101402,191.0,41290.78305555553,96.0,False,9
5844,774.953,1703.0,-4139.0,193.97916373333334,41294.36475813447,97.08333226666667,False,9
5845,775.113,1580.0,-4025.0,201.31249706666668,41303.39917464042,99.74999893333333,False,9
5846,775.128,1569.7815190729389,-4015.467000794165,202.0,41304.24972222219,100.0,False,9
5847,775.488,1447.1617772328,-3898.319376874223,208.0,41325.04972222219,100.0,False,9
5848,775.633,1395.0,-3847.0,214.9479136,41334.058607458646,100.0,False,9
5849,775.968,1203.4826646224699,-3659.6880723288414,231.0,41355.84972222219,100.0,False,9
5850,776.053,1170.0,-3627.0,232.5937488,41361.348414609005,100.0,False,9
5851,776.128,1151.0548878511943,-3608.5260625013057,234.0,41366.2497222222,100.0,False,9
5852,776.293,1123.0,-3581.0,239.6718728,41377.39826837876,100.0,False,9
5853,776.448,1069.731895105846,-3528.109776669261,245.0,41388.02749999997,100.0,False,9
5854,776.633,960.0,-3420.0,245.0,41400.608910437644,100.0,False,9
5855,776.648,948.4328282125557,-3408.6912125988524,245.0,41401.63861111109,100.0,False,9
5856,776.873,770.0,-3235.0,250.6249984,41417.34933998615,100.0,False,9
5857,776.928,750.7904308813382,-3216.341276159592,252.0,41421.23861111108,100.0,False,9
5858,777.093,729.0,-3195.0,255.43749866666667,41432.98708984614,100.0,False,9
5859,777.168,701.0715941835512,-3167.436019714637,257.0,41438.371944444414,100.0,False,9
5860,777.353,596.0,-3064.0,260.85416533333336,41451.79199549713,100.0,False,9
5861,777.408,565.878570044635,-3034.588122332689,262.0,41455.83861111109,100.0,False,9
5862,777.633,449.0,-2921.0,268.4285696,41472.685227352486,100.0,False,9
5863,777.688,419.648852253253,-2892.2367311224702,270.0,41476.83861111109,100.0,False,9
5864,777.853,331.0,-2805.0,272.47499904,41489.34063479703,100.0,False,9
5865,777.888,312.8600917744597,-2787.1933789217564,273.0,41492.00527777776,100.0,False,9
5866,778.033,234.0,-2710.0,274.8124992,41503.100793455014,100.0,False,9
5867,778.208,105.48881543902202,-2584.4408434304805,277.0,41516.62749999997,100.0,False,9
5868,778.273,58.0,-2538.0,278.35416533333336,41521.69429080667,100.0,False,9
5869,778.448,-53.33462716138058,-2428.861911434822,282.0,41535.427499999976,100.0,False,9
5870,778.693,-177.0,-2307.0,284.0416661333333,41554.780424731085,100.0,False,9
5871,778.808,-226.41985449675505,-2258.0507880462155,285.0,41563.927499999976,100.0,False,9
5872,779.012,-313.0,-2173.0,287.5499968,41580.24844480453,100.0,False,9
5873,779.048,-330.51110570075434,-2156.0981793015426,288.0,41583.12749999999,100.0,False,9
5874,779.208,-417.6232941533463,-2072.956717698364,288.0,41595.927499999976,100.0,False,9
5875,779.312,-487.0,-2007.0,289.85714285714283,41604.342330818574,100.0,False,9
5876,779.472,-609.0,-1891.0,292.7142857142857,41617.40817138045,100.0,False,9
5877,779.488,-620.0700657571105,-1880.4833987962577,293.0,41618.716388888875,100.0,False,9
5878,779.632,-708.0,-1797.0,294.03225877488774,41630.499667750904,100.0,False,9
5879,779.767,-785.85143744878,-1722.9281622026974,295.0,41641.57888888888,100.0,False,9
5880,779.813,-812.0,-1698.0,295.4577122792002,41645.36478440241,100.0,False,9
5881,779.968,-899.780648134935,-1614.1870835942777,297.0,41658.16138888887,100.0,False,9
5882,780.033,-940.0,-1576.0,297.5416661333333,41663.54566813163,100.0,False,9
5883,780.193,-1049.0,-1473.0,298.8749994666667,41676.84460945058,100.0,False,9
5884,780.208,-1058.9589467963217,-1463.5303830079913,299.0,41678.0947222222,100.0,False,9
5885,780.448,-1204.8561808917716,-1323.4737703047667,301.0,41698.16138888887,100.0,False,10
5886,780.473,-1219.0,-1310.0,301.06249984,41700.25551078546,100.0,False,10
5887,780.733,-1377.0,-1161.0,301.71249984,41722.06119783726,100.0,False,10
5888,780.848,-1484.7569432384953,-1058.2962840703515,302.0,41731.71694444443,100.0,False,10
5889,780.973,-1595.0,-953.0,302.31249984,41742.21817543877,100.0,False,10
5890,781.248,-1694.6277617183498,-858.8039806100699,303.0,41765.3836111111,100.0,False,10
5891,781.273,-1705.0,-849.0,303.24999936,41767.49821918964,100.0,False,10
5892,781.448,-1807.1321806874316,-752.1226452792841,305.0,41782.32805555554,100.0,False,10
5893,781.573,-1889.0,-674.0,305.0,41792.91531923218,100.0,False,10
5894,781.653,-1938.0,-627.0,305.0,41799.688222692625,100.0,False,10
5895,781.768,-2008.2496597856139,-559.8983004501481,305.0,41809.43916666665,100.0,False,10
5896,781.893,-2085.0,-487.0,305.7812496,41820.06061033446,100.0,False,10
5897,781.928,-2106.5389756633244,-466.6048527479795,306.0,41823.039166666655,100.0,False,10
5898,782.073,-2196.0,-382.0,306.72499968,41835.39997625994,100.0,False,10
5899,782.128,-2230.0305864225033,-349.7126676794091,307.0,41840.09472222222,100.0,False,10
5900,782.368,-2378.7662852142716,-207.97955407382844,307.0,41860.56138888888,100.0,False,10
5901,782.473,-2443.0,-147.0,305.42500096,41869.42964031777,47.500032000000004,False,10
5902,782.568,-2500.642978664355,-92.50404581097544,304.0,41877.45027777777,0.0,False,10
5903,782.593,-2516.0,-78.0,304.0,41879.56812968821,0.0,False,10
5904,782.768,-2622.3219935623983,22.462606092474996,304.0,41894.33916666666,0.0,False,10
5905,782.773,-2625.0,25.0,303.70000384,41894.75317079807,0.0,False,10
5906,782.968,-2710.859279343168,106.79920966649267,292.0,41910.56138888888,0.0,False,10
5907,783.053,-2754.0,148.0,290.4062512,41917.39054460617,0.0,False,10
5908,783.128,-2800.425666755383,192.29438704338668,289.0,41923.40583333332,0.0,False,10
5909,783.273,-2899.0,286.0,287.55000064,41934.997411789955,0.0,False,10
5910,783.328,-2932.3812887888685,317.4695625200276,287.0,41939.35027777776,0.0,False,10
5911,783.473,-3013.0,393.0,278.8437536,41950.58770749238,0.0,False,10
5912,783.488,-3021.3474067750417,400.8287346370304,278.0,41951.705833333326,0.0,True,10
5913,783.653,-3112.0,486.0,259.7321499428571,41963.31922009666,0.0,True,10
5914,783.753,-3164.0,535.0,248.66072137142856,41969.940252738554,0.0,True,10
5915,783.768,-3172.907995438397,543.4408511153116,247.0,41970.91694444444,0.0,True,10
5916,784.033,-3359.0,722.0,225.2321481142857,41987.44687336011,0.0,True,10
5917,784.048,-3366.9380024526818,729.7791350024477,224.0,41988.33916666666,0.0,True,10
5918,784.288,-3432.406342021321,797.921413555016,204.0,42001.93916666666,0.0,True,10
5919,784.493,-3473.0,848.0,189.2656296,42012.44999732284,0.0,True,10
5920,784.553,-3492.0,871.0,184.9531296,42015.38064771434,0.0,True,10
5921,784.608,-3509.0607954090797,892.4803041586291,181.0,42018.02805555555,0.0,True,10
5922,784.768,-3554.0324136254717,954.5996323897109,169.0,42025.53916666667,0.0,True,10
5923,784.893,-3585.0,1003.0,166.50000128,42031.29204669388,0.0,True,10
5924,784.968,-3601.949898891332,1032.0325616595046,165.0,42034.705833333326,0.0,False,10
5925,785.073,-3623.0,1073.0,163.6875008,42039.440233072586,0.0,False,10
5926,785.448,-3664.7823687799896,1226.5562827771873,159.0,42055.90583333334,0.0,False,10
5927,785.648,-3666.1600652510324,1312.8740558802547,153.0,42064.40583333334,7.0,False,10
5928,785.928,-3655.0584585785205,1433.3568500291258,152.0,42076.22805555555,45.0,False,10
5929,786.092,-3643.0,1503.0,154.0499968,42083.237980331,45.68333226666667,False,10
5930,786.168,-3636.0201269262157,1535.0420468484892,155.0,42086.56138888889,46.0,False,10
5931,786.373,-3614.0,1622.0,161.406248,42095.84914649383,60.0937456,False,10
5932,786.488,-3600.9396117068522,1672.515830194517,165.0,42101.22805555556,68.0,False,10
5933,786.593,-3589.0,1720.0,168.67499776,42106.22887413028,70.09999872,False,10
5934,786.688,-3578.52885425566,1763.74937834199,172.0,42110.78361111111,72.0,False,10
5935,786.693,-3578.0,1766.0,172.0,42111.02308099529,71.9687504,False,10
5936,786.848,-3563.2513329750063,1834.6294779214604,172.0,42118.42805555556,71.0,False,10
5937,786.893,-3560.0,1859.0,172.0,42120.56613833827,71.89999872,False,10
5938,787.048,-3553.208678380917,1967.609467629096,172.0,42127.98361111111,75.0,False,10
5939,787.173,-3552.0,2052.0,178.2499968,42134.23452072848,76.24999936,False,10
5940,787.248,-3552.8506834972477,2090.159279775869,182.0,42138.09472222223,77.0,False,10
5941,787.553,-3565.0,2190.0,191.91249792,42154.50805108328,80.04999936,False,10
5942,787.648,-3569.5043079984766,2228.021451244121,195.0,42159.76138888889,81.0,False,10
5943,787.813,-3590.0,2329.0,199.81249813333332,42168.98607378878,85.1249984,False,10
5944,787.888,-3612.1731004704707,2402.9365502850146,202.0,42173.22805555556,87.0,False,10
5945,787.973,-3640.0,2488.0,203.3522717090909,42178.075764242734,87.57954501818182,False,10
5946,788.328,-3702.1028585494364,2620.6207926855363,209.0,42198.77250000001,90.0,False,10
5947,788.473,-3738.0,2673.0,212.6249984,42207.42581615137,90.0,False,10
5948,788.533,-3758.0,2704.0,214.1249984,42211.03729310878,90.0,False,10
5949,788.608,-3784.1595843851323,2742.216509994752,216.0,42215.572499999995,90.0,False,10
5950,788.773,-3845.0,2822.0,218.578124,42225.631549138794,95.156248,False,10
5951,788.928,-3907.318653205906,2896.077822442015,221.0,42235.216944444444,100.0,False,10
5952,788.953,-3918.0,2908.0,221.74999808,42236.77819461141,100.0,False,10
5953,789.128,-3998.2358493879296,2991.3528440178807,227.0,42247.82805555557,100.0,False,10
5954,789.333,-4099.0,3086.0,232.1249984,42261.06366737574,100.0,False,10
5955,789.368,-4116.266521140593,3101.4939473629693,233.0,42263.361388888894,100.0,False,10
5956,789.513,-4188.0,3164.0,237.66071222857144,42273.00791965128,100.0,False,10
5957,789.648,-4255.1937687951695,3221.0252897990276,242.0,42282.18361111112,100.0,False,10
5958,789.713,-4288.0,3249.0,243.29999872,42286.6715782955,100.0,False,10
5959,789.953,-4412.0,3357.0,248.09999872,42303.6369754231,100.0,False,10
5960,790.113,-4495.0,3430.0,251.29999872,42315.26379656905,100.0,False,10
5961,790.273,-4578.0,3506.0,254.49999872,42326.884039759156,100.0,False,10
5962,790.433,-4660.0,3583.0,257.69999872,42338.437261464336,100.0,False,10
5963,790.448,-4667.736142626091,3590.3155607730637,258.0,42339.51694444445,100.0,False,10
5964,790.633,-4764.0,3682.0,258.92499968,42352.82027792164,100.0,False,10
5965,790.648,-4771.811038563437,3689.5120736277136,259.0,42353.90583333334,100.0,False,10
5966,790.833,-4868.0,3783.0,262.69999872,42367.41492281741,100.0,False,10
5967,790.848,-4875.797892233285,3790.657253844654,263.0,42368.51694444445,100.0,False,10
5968,791.033,-4972.0,3886.0,264.84999936,42382.171619160945,100.0,False,10
5969,791.248,-5083.873267263975,3998.493597134318,267.0,42398.18361111112,100.0,False,10
5970,791.393,-5160.0,4077.0,269.4166656,42409.06734812599,100.0,False,10
5971,791.488,-5210.377249577077,4130.122312214893,271.0,42416.250277777785,100.0,False,10
5972,791.593,-5264.0,4187.0,272.45833244444447,42424.24739016185,100.0,False,10
5973,791.773,-5358.0,4287.0,274.95833244444447,42438.07393210777,100.0,False,10
5974,791.848,-5419.71680464516,4354.858370654923,276.0,42443.850277777776,100.0,False,10
5975,791.973,-5533.0,4481.0,277.24999936,42453.49136610779,100.0,False,10
5976,792.048,-5584.277800687391,4538.680525584482,278.0,42459.294722222214,100.0,False,10
5977,792.288,-5680.743701923774,4650.169420875187,280.0,42477.961388888885,100.0,False,10
5978,792.332,-5696.0,4668.0,280.0,42481.38144857019,100.0,False,10
5979,792.528,-5763.696056523021,4747.275068397618,280.0,42496.62805555554,100.0,False,10
5980,792.652,-5807.0,4799.0,281.85999616,42506.355899505754,100.0,False,10
5981,792.728,-5833.917256705062,4831.775636281732,283.0,42512.35027777776,100.0,False,10
5982,792.852,-5882.0,4891.0,284.3238409847894,42522.17890409788,100.0,False,10
5983,793.009,-5958.442980052052,4985.382304160442,286.0,42534.674166666664,100.0,False,10
5984,793.073,-5991.0,5026.0,286.3216079367693,42539.77037566203,100.0,False,10
5985,793.208,-6058.223329886535,5111.099358733608,287.0,42550.538888888885,100.0,False,10
5986,793.333,-6119.0,5190.0,287.6944440888889,42560.55994340801,65.27779555555556,False,10
5987,793.513,-6205.0,5305.0,288.6944440888889,42575.03175657691,15.277795555555562,False,10
5988,793.568,-6231.453557505811,5340.401909824614,289.0,42579.43888888888,0.0,False,10
5989,793.713,-6301.0,5434.0,287.1875008,42591.00610624209,0.0,False,10
5990,793.728,-6308.050870024304,5443.665987556907,287.0,42592.19444444444,0.0,False,10
5991,793.928,-6399.734385715225,5571.82829908426,282.0,42607.86111111111,0.0,False,10
5992,793.933,-6402.0,5575.0,281.8750016,42608.2487903142,0.0,False,10
5993,794.088,-6471.873536259764,5672.5926488266705,278.0,42620.21666666666,0.0,False,10
5994,794.133,-6492.0,5701.0,277.7500003555555,42623.7069420146,0.0,False,10
5995,794.448,-6628.004927339806,5899.019769972409,276.0,42647.81666666665,0.0,False,10
5996,794.453,-6630.0,5902.0,275.44643565714284,42648.177441871,0.0,False,10
5997,794.613,-6695.0,6000.0,257.7321499428571,42659.26974427106,0.0,False,10
5998,794.728,-6757.024868121866,6093.266157318232,245.0,42666.87222222221,0.0,True,10
5999,794.853,-6818.0,6185.0,236.07143314285713,42674.90498813352,0.0,True,10
6000,795.008,-6848.517178268718,6231.763451726121,225.0,42684.37222222221,0.0,True,10
6001,795.093,-6863.0,6254.0,217.98750528,42689.241951292715,0.0,True,10
6002,795.373,-6949.0,6384.0,194.88750528,42703.945654269366,0.0,True,10
6003,795.408,-6959.485085005826,6399.967507238044,192.0,42705.70555555554,0.0,True,10
6004,795.553,-6998.0,6459.0,183.8437536,42712.852043068575,0.0,True,10
6005,795.728,-7033.62068559722,6514.078934166012,174.0,42721.172222222216,0.0,True,10
6006,795.833,-7066.0,6568.0,169.50000274285713,42726.00745080954,0.0,True,10
6007,795.993,-7138.0,6693.0,162.64285988571427,42733.12328176522,0.0,True,10
6008,796.008,-7143.615560402962,6703.112413778399,162.0,42733.77222222222,0.0,True,10
6009,796.368,-7185.716037904692,6804.330560246811,144.0,42748.172222222216,0.0,True,10
6010,796.493,-7189.0,6824.0,129.00000768,42752.404754619216,0.0,True,10
6011,796.568,-7192.338568769699,6838.594502684178,120.0,42754.83888888889,0.0,True,10
6012,796.808,-7206.244281666283,6904.339540988368,114.0,42762.43888888888,0.0,True,10
6013,796.873,-7208.0,6931.0,112.64583466666667,42764.43532433447,0.0,True,10
6014,797.048,-7207.409810181206,7018.417969639725,109.0,42769.705555555556,0.0,True,10
6015,797.093,-7207.0,7037.0,108.32500096,42771.04984945904,0.0,True,10
6016,797.248,-7206.454385097709,7076.047990004532,106.0,42775.59444444445,0.0,True,10
6017,797.448,-7200.8516106121515,7094.103559449418,99.0,42781.09444444445,0.0,True,10
6018,797.553,-7186.0,7124.0,99.0,42783.99567175795,1.9687488,True,10
6019,797.608,-7174.590414492626,7146.559990928632,99.0,42785.49444444444,3.0,True,10
6020,797.713,-7151.0,7192.0,97.0312512,42788.27071406266,3.6562495999999998,True,10
6021,797.928,-7127.911800686578,7225.781233465354,93.0,42793.76111111112,5.0,True,10
6022,798.093,-7110.0,7237.0,93.41249984,42798.020159379594,10.77499776,True,10
6023,798.273,-7073.0,7264.0,93.86249984,42802.741225979946,17.074997760000002,True,10
6024,798.328,-7060.165833049338,7271.461580194326,94.0,42804.205555555556,19.0,False,10
6025,798.513,-7016.0,7291.0,95.98214217142858,42809.199536700864,19.0,False,10
6026,798.608,-6995.151044376599,7298.68380468018,97.0,42811.75,19.0,False,10
6027,798.712,-6963.0,7307.0,97.0,42814.503036227514,22.9,False,10
6028,798.872,-6880.0,7322.0,97.0,42818.77782128971,28.9,False,10
6029,798.928,-6853.8348579451185,7326.358198038593,97.0,42820.37222222223,31.0,False,10
6030,799.248,-6758.73088326306,7339.910528884889,112.0,42830.327777777784,48.0,False,10
6031,799.392,-6719.0,7345.0,114.16,42834.88833328833,49.44,False,10
6032,799.448,-6701.9646973160225,7347.219307366825,115.0,42836.71666666666,50.0,False,10
6033,799.729,-6606.407353819438,7358.862207937455,125.0,42846.47361111111,60.0,False,10
6034,799.733,-6605.0,7359.0,125.05734765709587,42846.61433598006,60.10035839991779,False,10
6035,799.993,-6511.0,7367.0,128.78494536832795,42855.90302806189,66.6236543945739,False,10
6036,800.008,-6505.295096834839,7367.573716332847,129.0,42856.47111111111,67.0,False,10
6037,800.173,-6441.0,7375.0,139.312496,42863.01655983513,57.37500373333334,False,10
6038,800.248,-6412.031805299869,7378.726180222345,144.0,42866.0711111111,53.0,False,10
6039,800.333,-6378.0,7384.0,144.63749952,42869.54433344258,50.66250176,False,10
6040,800.613,-6254.0,7413.0,146.73749952,42880.99167027623,42.96250176,False,10
6041,800.648,-6240.759238657322,7416.757429112527,147.0,42882.404444444444,42.0,False,10
6042,801.013,-6123.0,7467.0,144.7187504,42896.83335764539,40.8593752,False,10
6043,801.233,-6029.0,7528.0,143.3437504,42905.26201907934,40.1718752,False,10
6044,801.553,-5963.0,7588.0,141.3437504,42917.378310163054,39.1718752,False,10
6045,801.813,-5904.0,7665.0,139.7187504,42927.36594919728,38.3593752,False,10
6046,801.928,-5868.5058547525,7736.4760915524475,139.0,42931.82666666666,38.0,False,10
6047,802.013,-5847.0,7784.0,140.0624992,42935.140771007194,43.8437456,False,10
6048,802.088,-5836.1751557703465,7809.769800248295,141.0,42938.09333333332,49.0,False,10
6049,802.313,-5830.0,7844.0,144.37499904,42947.19078621219,60.2499968,False,10
6050,802.488,-5817.559924888811,7911.350277560502,147.0,42954.426666666666,69.0,False,10
6051,802.513,-5816.0,7922.0,147.5357129142857,42955.46664769163,69.6249984,False,10
6052,802.768,-5809.451785059621,8029.743808399144,153.0,42966.32666666666,76.0,False,10
6053,802.833,-5810.0,8058.0,155.70833066666665,42969.265473226405,78.8437472,False,10
6054,803.073,-5818.0,8167.0,165.70833066666665,42980.7756972553,89.3437472,False,10
6055,803.248,-5827.044484684745,8250.418322018862,173.0,42989.393333333326,97.0,False,10
6056,803.313,-5831.0,8282.0,174.94999808,42992.59777873018,97.97499904,False,10
6057,803.448,-5840.248716963343,8348.441951853725,179.0,42999.337777777764,100.0,False,10
6058,803.513,-5845.0,8381.0,181.70833066666665,43002.68320102713,100.0,False,10
6059,803.688,-5858.37848563357,8470.668643696989,189.0,43011.93777777777,100.0,False,10
6060,803.733,-5862.0,8494.0,189.80357028571427,43014.33964632881,100.0,False,10
6061,803.933,-5879.0,8599.0,193.37499885714286,43025.11640946563,100.0,False,10
6062,803.968,-5882.075147698527,8617.825861544841,194.0,43027.02666666666,100.0,False,10
6063,804.113,-5895.0,8697.0,197.6249984,43035.026184203205,100.0,False,10
6064,804.208,-5903.505393846266,8749.028151231874,200.0,43040.359999999986,100.0,False,10
6065,804.293,-5911.0,8796.0,202.4285696,43045.20346146944,100.0,False,10
6066,804.473,-5926.0,8899.0,207.57142674285714,43055.65724786084,100.0,False,10
6067,804.488,-5927.164252215997,8908.036132824112,208.0,43056.537777777776,100.0,False,10
6068,804.733,-5943.0,9060.0,212.08333226666667,43071.096079033145,100.0,False,10
6069,804.848,-5946.848957062745,9123.791039204203,214.0,43077.93777777777,100.0,False,10
6070,804.933,-5947.0,9180.0,214.0,43082.96970090183,92.2968808,False,10
6071,805.168,-5934.527761431071,9393.59975797245,214.0,43096.95999999999,71.0,False,10
6072,805.193,-5933.0,9412.0,214.7031232,43098.48234267921,68.5000064,False,10
6073,805.488,-5914.651664339676,9529.180713206413,223.0,43116.78222222222,39.0,False,10
6074,805.552,-5907.0,9557.0,222.4,43120.72326043148,42.8,False,10
6075,805.732,-5876.0,9660.0,220.7125024,43131.70729002234,53.4874848,False,10
6076,805.808,-5860.7037324882895,9702.410407301557,220.0,43136.337777777764,58.0,False,10
6077,805.872,-5845.0,9739.0,220.0,43140.239137802986,60.6,False,10
6078,806.128,-5745.367641782162,9909.098065246648,220.0,43155.893333333326,71.0,False,10
6079,806.213,-5711.0,9958.0,221.0559002458237,43161.12823331336,77.86335159785405,False,10
6080,806.289,-5682.58472968168,9994.638803506426,222.0,43165.821666666656,84.0,False,10
6081,806.488,-5616.707434780654,10062.712225476103,223.0,43178.148611111115,90.0,False,10
6082,806.613,-5573.0,10103.0,223.62499968,43185.91498149802,96.2499968,False,10
6083,806.688,-5544.755497386189,10128.69051379543,224.0,43190.59305555555,100.0,False,10
6084,806.793,-5487.0,10178.0,225.1249993142857,43197.174004898014,100.0,False,10
6085,806.953,-5338.0,10297.0,226.83928502857142,43207.29249301877,100.0,False,10
6086,806.968,-5326.849037453842,10305.868300671398,227.0,43208.24861111111,100.0,False,10
6087,807.168,-5264.2688782487385,10356.331577834546,231.0,43221.081944444435,100.0,False,10
6088,807.328,-5223.81326155449,10384.76356690826,231.0,43231.3486111111,100.0,False,10
6089,807.373,-5195.0,10405.0,231.62499911111112,43234.26221558757,100.0,False,10
6090,807.613,-4971.0,10562.0,234.95833244444444,43250.01330693683,100.0,False,10
6091,807.688,-4934.636991103016,10587.048983692373,236.0,43254.948611111104,100.0,False,10
6092,807.848,-4908.7292977225325,10602.937562059698,237.0,43265.48194444443,100.0,False,10
6093,807.893,-4894.0,10612.0,237.67499904,43268.46611778355,100.0,False,10
6094,808.048,-4808.633312594316,10665.203324487991,240.0,43278.81527777777,100.0,False,10
6095,808.093,-4781.0,10682.0,240.24999964444444,43281.827899232114,100.0,False,10
6096,808.408,-4597.911602804249,10784.474104672314,242.0,43303.01527777777,100.0,False,10
6097,808.413,-4595.0,10786.0,242.0624992,43303.35361126774,100.0,False,10
6098,808.568,-4503.249512322845,10832.698562703821,244.0,43313.859722222216,100.0,False,10
6099,808.653,-4449.0,10859.0,243.57500032,43319.603318905196,100.0,False,10
6100,808.768,-4369.068756763346,10896.286907959626,243.0,43327.359722222216,100.0,False,10
6101,808.893,-4277.0,10938.0,243.0,43335.796698584396,100.0,False,10
6102,808.928,-4250.92552954201,10949.691516493502,243.0,43338.159722222204,100.0,False,10
6103,809.168,-4072.665858559191,11028.353788947004,243.0,43354.3597222222,100.0,False,10
6104,809.273,-4007.0,11057.0,242.56250026666666,43361.43296837533,100.0,False,10
6105,809.408,-3938.7933228120046,11086.535721862267,242.0,43370.49305555553,100.0,False,10
6106,809.608,-3857.4472211540533,11121.491722570101,240.0,43383.82638888886,100.0,False,10
6107,809.633,-3847.0,11126.0,240.1041664,43385.495489264315,100.0,False,10
6108,809.813,-3762.0,11163.0,240.8541664,43397.54640450141,100.0,False,10
6109,809.848,-3739.7670732095285,11172.816003054202,241.0,43399.89305555553,100.0,False,10
6110,810.008,-3612.277498265358,11229.568866288259,241.0,43410.60416666664,100.0,False,10
6111,810.113,-3535.0,11264.0,239.25000106666667,43417.54918008651,100.0,False,10
6112,810.248,-3460.241049217133,11297.179250022326,237.0,43426.404166666645,100.0,False,10
6113,810.453,-3367.0,11339.0,235.97500032,43439.80435955168,100.0,False,10
6114,810.648,-3252.260909507969,11392.030720148658,235.0,43452.515277777755,100.0,False,10
6115,810.733,-3201.0,11416.0,234.6458336,43458.04942899215,100.0,False,10
6116,810.793,-3165.0,11433.0,234.3958336,43461.95283470307,100.0,False,10
6117,810.888,-3096.4344250112554,11466.654714468359,234.0,43468.11527777776,100.0,False,10
6118,811.048,-2964.444205568483,11534.048869121525,233.0,43478.47083333331,100.0,False,10
6119,811.093,-2934.0,11550.0,233.0,43481.40824523923,77.500032,False,10
6120,811.248,-2856.63841710147,11592.21255885621,233.0,43491.41527777775,0.0,True,10
6121,811.513,-2768.0,11647.0,210.28571977142857,43506.82299938075,0.0,True,10
6122,811.528,-2761.673618719804,11650.963955296918,209.0,43507.67083333331,0.0,True,10
6123,811.728,-2664.8855712373856,11712.002248026607,202.0,43518.89305555553,0.0,True,10
6124,811.793,-2634.0,11732.0,200.60714422857143,43522.4730213477,5.803565714285715,True,10
6125,811.853,-2606.0,11750.0,199.32142994285715,43525.7434522323,11.160708571428572,True,10
6126,812.008,-2506.545172067815,11799.489792352131,196.0,43534.13749999997,25.0,False,10
6127,812.172,-2397.0,11842.0,195.31666773333333,43543.03437498813,32.516654933333335,False,10
6128,812.248,-2360.270453889839,11852.661847697465,195.0,43547.13749999997,36.0,False,10
6129,812.568,-2254.7151685528033,11851.187930121367,193.0,43564.29305555552,58.0,False,10
6130,812.572,-2253.0,11851.0,193.06638581016054,43564.50977322171,58.182560977941506,False,10
6131,812.753,-2157.0,11834.0,196.07053917225937,43574.40518437265,66.44398272371325,False,10
6132,812.809,-2118.2887454661,11819.661599910694,197.0,43577.481111111076,69.0,False,10
6133,812.969,-1994.5515751697224,11758.151893425536,198.0,43586.28111111108,73.0,False,10
6134,813.013,-1966.0,11742.0,198.36820073822238,43588.70813937155,75.02510406022319,False,10
6135,813.208,-1880.419933705775,11682.973944137506,200.0,43599.55888888886,84.0,False,10
6136,813.433,-1797.0,11616.0,206.4285696,43612.49236078725,96.8571392,False,10
6137,813.488,-1766.5784222457876,11595.312793591193,208.0,43615.736666666635,100.0,False,10
6138,813.713,-1623.0,11508.0,215.49999786666666,43629.36551732547,99.37500017777778,False,10
6139,813.848,-1551.820727035599,11474.671772402766,220.0,43637.736666666635,99.0,False,10
6140,813.893,-1523.0,11464.0,221.31249813333332,43640.549800157954,99.18749973333334,False,10
6141,814.088,-1347.851837575453,11411.300246625182,227.0,43652.869999999966,100.0,False,10
6142,814.193,-1265.0,11389.0,229.6249984,43659.589761371055,100.0,False,10
6143,814.248,-1233.3076045948922,11380.973700642255,231.0,43663.13666666663,100.0,False,10
6144,814.513,-1137.0,11362.0,235.9687488,43680.52075378022,100.0,False,10
6145,814.568,-1106.6820689271945,11356.088549640705,237.0,43684.203333333295,100.0,False,10
6146,814.753,-980.0,11331.0,242.94642651428572,43696.791135333246,100.0,False,10
6147,814.848,-915.5942475009799,11318.591358227008,246.0,43703.336666666626,100.0,False,10
6148,815.053,-779.0,11292.0,250.270832,43717.60472740994,100.0,False,10
6149,815.088,-755.1469399048594,11287.046436256658,251.0,43720.06999999996,100.0,False,10
6150,815.273,-629.0,11259.0,254.96428434285716,43733.256293159284,100.0,False,10
6151,815.368,-567.7207893895679,11243.74727027222,257.0,43740.05888888886,100.0,False,10
6152,815.433,-519.0,11230.0,257.0,43744.70728368446,100.0,False,10
6153,815.608,-343.55240903509673,11173.726659214999,257.0,43757.19222222219,100.0,False,10
6154,815.673,-287.0,11155.0,257.0,43761.81470470528,100.0,False,10
6155,815.808,-209.86734645293302,11129.331476185302,257.0,43771.46999999997,100.0,False,10
6156,816.053,-99.0,11075.0,263.8055537777778,43789.60052104185,100.0,False,10
6157,816.168,12.878568198755708,11010.732115159331,267.0,43798.16999999997,100.0,False,10
6158,816.273,116.0,10949.0,267.0,43805.95346444819,100.0,False,10
6159,816.328,158.20959902864774,10922.4051725223,267.0,43810.03666666664,100.0,False,10
6160,816.568,253.20206902529577,10848.76418778729,269.0,43827.96999999997,100.0,False,10
6161,816.753,321.0,10778.0,269.0,43841.76564054702,100.0,False,10
6162,816.848,370.67705679619655,10726.163463265,269.0,43848.89222222219,100.0,False,10
6163,816.913,400.0,10695.0,270.015624,43853.80068141158,100.0,False,10
6164,817.053,439.0,10650.0,272.203124,43864.45712193787,100.0,False,10
6165,817.168,488.01695192372415,10590.655051107173,274.0,43873.24777777775,100.0,False,10
6166,817.333,573.0,10484.0,275.3749994666667,43885.890040076934,100.0,False,10
6167,817.408,604.4211134471216,10441.441156872106,276.0,43891.64777777775,100.0,False,10
6168,817.533,659.0,10357.0,276.62499968,43901.25944372997,100.0,False,10
6169,817.608,704.0503521174319,10279.00163182632,277.0,43907.03666666664,100.0,False,10
6170,817.733,780.0,10142.0,277.62499968,43916.68339701851,100.0,False,10
6171,817.808,808.4645724083014,10090.048529929936,278.0,43922.481111111076,100.0,False,10
6172,818.088,855.484871122462,9977.18425656889,279.0,43944.18111111107,100.0,False,10
6173,818.093,857.0,9973.0,279.0156248,43944.56925508857,100.0,False,10
6174,818.333,951.0,9709.0,279.7656248,43963.226252264925,100.0,False,10
6175,818.408,968.2656929078939,9657.297350116583,280.0,43969.06999999996,100.0,False,10
6176,818.632,990.0,9574.0,280.93333333333334,43986.55490699607,100.0,False,10
6177,818.648,992.18815893561,9565.364935053816,281.0,43987.8033333333,100.0,False,10
6178,818.848,1029.774716925018,9415.494306871915,281.0,44003.41444444441,100.0,False,10
6179,818.872,1035.0,9393.0,281.3,44005.29539820393,100.0,False,10
6180,819.008,1066.5021557279847,9248.547843478938,283.0,44015.992222222194,100.0,False,10
6181,819.172,1100.0,9084.0,284.36666453333333,44028.95761283221,100.0,False,10
6182,819.248,1110.0367555455373,9032.264590214887,285.0,44034.992222222194,100.0,False,10
6183,819.449,1125.9090020563378,8940.593520953033,287.0,44051.01638888885,100.0,False,10
6184,819.473,1128.0,8928.0,287.0,44052.92939800296,100.0,False,10
6185,819.609,1141.6699652356376,8844.943863134995,287.0,44063.77194444441,100.0,False,10
6186,819.813,1161.0,8659.0,288.27899660860254,44080.1323472185,100.0,False,10
6187,819.928,1166.2767049514853,8505.244011004908,289.0,44089.380555555515,100.0,False,10
6188,820.013,1168.0,8403.0,289.23611093333335,44096.21833154072,100.0,False,10
6189,820.288,1163.6614637904574,8258.65348430898,290.0,44118.380555555515,100.0,False,10
6190,820.353,1161.0,8225.0,290.32499968,44123.638607557936,100.0,False,10
6191,820.688,1141.299744643881,7954.162888358622,292.0,44150.82499999997,100.0,False,10
6192,820.693,1141.0,7950.0,292.0,44151.230870627376,100.0,False,10
6193,820.873,1130.0,7805.0,292.0,44165.83605916043,100.0,False,10
6194,820.913,1127.0,7772.0,292.0,44169.07694650916,100.0,False,10
6195,820.928,1125.7172021735798,7759.046049738639,292.0,44170.29166666663,100.0,False,10
6196,821.168,1092.8002373440354,7508.353104487993,291.0,44189.69166666664,100.0,False,10
6197,821.293,1072.0,7391.0,291.0,44199.78916727824,100.0,False,10
6198,821.528,1032.2939717734869,7245.384884924258,291.0,44218.79166666663,100.0,False,10
6199,821.733,987.0,7127.0,291.8541664,44235.41861557284,100.0,False,10
6200,821.768,977.449529093267,7101.717398538681,292.0,44238.2583333333,100.0,False,10
6201,821.893,941.0,7004.0,292.0,44248.39813944454,100.0,False,10
6202,822.013,908.0,6912.0,292.0,44258.13069249179,100.0,False,10
6203,822.048,898.6800551686609,6885.35591078375,292.0,44260.9694444444,100.0,False,10
6204,822.173,866.0,6790.0,292.0,44271.10816446469,100.0,False,10
6205,822.248,846.3713767968356,6731.97200547462,292.0,44277.19166666664,100.0,False,10
6206,822.448,795.2095627690511,6577.72566990788,292.0,44293.413888888856,100.0,False,10
6207,822.453,794.0,6574.0,292.0,44293.8193483058,100.0,False,10
6208,822.633,749.0,6435.0,292.0,44308.41529375414,100.0,False,10
6209,822.688,731.0836068733673,6381.769844792089,292.0,44312.880555555515,100.0,False,10
6210,822.973,626.0,6082.0,292.7916664888889,44336.07398819328,100.0,False,10
6211,823.048,609.9941523561384,6038.844852390341,293.0,44342.18055555552,100.0,False,10
6212,823.248,578.2184914092184,5964.720551322084,293.0,44358.4583333333,100.0,False,10
6213,823.253,577.0,5962.0,293.0,44358.865236465004,100.0,False,10
6214,823.493,496.0,5784.0,293.0,44378.39746295166,100.0,False,10
6215,823.568,469.4010191220333,5727.2930314107825,293.0,44384.50277777774,100.0,False,10
6216,823.673,434.0,5650.0,293.0,44393.051959467484,100.0,False,10
6217,824.033,338.0,5379.0,293.0,44422.37802234429,100.0,False,10
6218,824.193,308.0,5252.0,293.0,44435.40090403434,100.0,False,10
6219,824.373,283.0,5107.0,293.0,44450.02814357531,100.0,False,10
6220,824.408,279.12235289877793,5078.324519904787,293.0,44452.86944444441,100.0,False,10
6221,824.608,263.0776159513907,4914.857359742845,292.0,44469.09166666663,100.0,False,10
6222,824.653,261.0,4881.0,292.0,44472.741197464624,100.0,False,10
6223,824.808,258.3363835451878,4766.483555803262,292.0,44485.31388888885,100.0,False,10
6224,824.853,259.0,4718.0,292.0,44488.96495581984,100.0,False,10
6225,824.953,263.0,4580.0,292.0,44497.08003374768,100.0,False,10
6226,825.088,274.76156633983794,4405.235128539105,292.0,44508.024999999965,100.0,False,10
6227,825.232,290.0,4254.0,291.6,44519.675487505825,100.0,False,10
6228,825.448,306.7561936839533,4107.29748114481,291.0,44537.124999999956,100.0,False,10
6229,825.632,323.0,3997.0,291.0,44551.996563633395,100.0,False,10
6230,825.648,324.79055000679045,3985.7388002029807,291.0,44553.29166666663,100.0,False,10
6231,825.873,357.0,3808.0,291.623268631272,44571.54509980489,100.0,False,10
6232,825.973,376.0,3729.0,291.9002769906308,44579.656322848416,100.0,False,10
6233,826.009,383.0813256608767,3700.963560166733,292.0,44582.572777777736,100.0,False,10
6234,826.173,418.0,3573.0,291.4875,44595.83484690175,100.0,False,10
6235,826.329,461.0185301134668,3442.067338428774,291.0,44608.439444444404,100.0,False,10
6236,826.529,531.1909846162341,3259.4718897160274,291.0,44624.606111111076,100.0,False,10
6237,826.728,617.5063084274772,3061.804192544816,290.0,44640.63666666663,100.0,False,10
6238,826.968,715.5344236008376,2850.6166132459653,290.0,44659.96999999996,100.0,False,10
6239,827.233,797.0,2685.0,288.10714331428574,44681.16914446387,100.0,False,10
6240,827.248,800.7710005498536,2677.746065392374,288.0,44682.369999999966,100.0,False,10
6241,827.488,852.7419953190262,2585.53270220513,288.0,44701.56999999998,100.0,False,10
6242,827.593,885.0,2533.0,285.81250133333333,44709.86126564836,100.0,False,10
6243,827.728,940.9600434830477,2443.9392274989236,283.0,44720.43666666663,100.0,False,10
6244,827.753,952.0,2427.0,282.7916672,44722.3904955888,100.0,False,10
6245,827.973,1051.0,2286.0,280.9583338666667,44739.524104525655,100.0,False,10
6246,828.133,1129.0,2187.0,279.6250005333333,44751.88404115423,100.0,False,10
6247,828.208,1175.1444362897214,2132.8329497798745,279.0,44757.63666666664,100.0,False,10
6248,828.408,1309.2256588013934,1983.0410077699814,274.0,44772.85888888886,100.0,False,10
6249,828.413,1312.0,1980.0,273.9375008,44773.23783640975,100.0,False,10
6250,828.568,1380.5767076636298,1906.2964793079864,272.0,44784.94777777775,100.0,False,10
6251,828.773,1482.0,1807.0,270.2916672,44800.28827309434,100.0,False,10
6252,828.928,1622.9849735803039,1673.7229304448788,269.0,44811.84777777776,100.0,False,10
6253,829.013,1691.0,1610.0,269.0,44818.19452377294,100.0,False,10
6254,829.088,1732.773699884831,1571.2185312421786,269.0,44823.803333333315,100.0,False,10
6255,829.288,1782.1413530769148,1527.70037736916,269.0,44838.74777777775,100.0,False,10
6256,829.373,1813.0,1501.0,266.8750016,44844.98532754922,100.0,False,10
6257,829.553,1912.0,1415.0,262.3750016,44857.94938319485,100.0,False,10
6258,829.648,1965.8110060121608,1368.9589336686022,260.0,44864.74777777775,100.0,False,10
6259,829.873,2089.0,1266.0,258.31250048,44880.797978906325,100.0,False,10
6260,829.953,2133.0,1230.0,257.71250048,44886.50601274964,100.0,False,10
6261,830.048,2185.9843848860446,1187.4344351077425,257.0,44893.303333333315,100.0,False,10
6262,830.208,2276.527547500023,1116.780617956364,257.0,44904.72555555553,100.0,False,10
6263,830.293,2324.0,1081.0,253.0535744,44910.619826314185,69.64288,False,10
6264,830.488,2431.2364992747957,1003.9039391644232,244.0,44923.703333333324,0.0,False,10
6265,830.493,2434.0,1002.0,243.843752,44924.034163570075,0.0,False,10
6266,830.653,2520.0,944.0,238.843752,44934.51075244596,0.0,False,10
6267,830.808,2584.5341630058515,898.6644388959755,234.0,44944.50333333331,0.0,False,10
6268,830.913,2658.0,864.0,230.85000192,44951.208765184885,0.0,False,10
6269,831.008,2763.8074490055164,825.3005458534568,228.0,44957.169999999984,0.0,False,10
6270,831.053,2809.0,810.0,226.3750023111111,44959.940232954716,0.0,False,10
6271,831.368,2913.7708438295704,795.2507733503099,215.0,44978.669999999984,0.0,False,10
6272,831.393,2923.0,796.0,214.6875008,44980.14986452849,0.0,False,10
6273,831.528,2996.2735947221063,798.6271334678146,213.0,44988.13666666666,0.0,False,10
6274,831.673,3094.0,803.0,211.1875008,44996.62102075842,22.3541568,False,10
6275,831.768,3153.6750267161756,809.2703248839058,210.0,45002.13666666666,37.0,False,10
6276,831.952,3262.0,825.0,208.68571428571428,45012.75521203787,46.2,False,10
6277,831.992,3285.0,828.0,208.4,45015.06708672126,48.2,False,10
6278,832.048,3317.2939640900568,832.2791381795262,208.0,45018.31444444443,51.0,False,10
6279,832.328,3480.656639946729,853.7406778557348,211.0,45034.725555555546,56.0,False,10
6280,832.332,3483.0,854.0,211.04968628062062,45034.96166296951,55.82609801782778,False,10
6281,832.489,3575.1013119344702,862.7993859801276,213.0,45044.25138888888,49.0,False,10
6282,832.593,3636.0,867.0,213.0,45050.40057407114,50.41818181818182,False,10
6283,832.793,3753.0,871.0,213.0,45062.21233074002,53.14545454545455,False,10
6284,832.929,3833.9068308400374,869.9975401645233,213.0,45070.284722222204,55.0,False,10
6285,832.993,3871.0,868.0,213.8,45074.09896287919,56.6,False,10
6286,833.033,3894.0,866.0,214.3,45076.48801574025,57.6,False,10
6287,833.089,3930.5227255315485,860.4330582596567,215.0,45079.84027777777,59.0,False,10
6288,833.368,4156.942354184534,795.9602926296404,217.0,45096.65777777777,61.0,False,10
6289,833.413,4184.0,786.0,217.1406248,45099.38093378996,63.2499968,False,10
6290,833.688,4273.923419479373,734.7709457085148,218.0,45116.03555555554,77.0,False,10
6291,833.773,4306.0,711.0,218.0,45121.16417052297,77.0,False,10
6292,833.888,4364.015816844228,668.8270043449899,218.0,45128.14666666665,77.0,False,10
6293,833.913,4377.0,659.0,218.6249984,45129.68328096325,79.05356617142857,False,10
6294,834.113,4474.0,579.0,223.6249984,45142.18443560372,95.4821376,False,10
6295,834.168,4498.75441082114,557.8094662021987,225.0,45145.64666666665,100.0,False,10
6296,834.293,4560.0,505.0,226.5624992,45153.525954834986,100.0,False,10
6297,834.328,4581.569448202561,486.4078133977472,227.0,45155.73555555554,100.0,False,10
6298,834.528,4732.413733446302,356.58943094803385,229.0,45168.457777777774,100.0,False,10
6299,834.593,4774.0,321.0,231.4374976,45172.69365976157,100.0,False,10
6300,834.768,4849.933580835373,256.8194689704794,238.0,45184.32444444444,100.0,False,10
6301,835.008,4918.360495238173,201.09302146695356,243.0,45200.52444444444,100.0,False,10
6302,835.053,4938.0,185.0,243.8437488,45203.599492947644,100.0,False,10
6303,835.213,5023.0,115.0,246.8437488,45214.635060976594,100.0,False,10
6304,835.328,5084.540776619199,63.65818049403196,249.0,45222.65777777777,100.0,False,10
6305,835.433,5140.0,17.0,251.24999862857143,45230.04667356689,100.0,False,10
6306,835.608,5233.474282822768,-62.12876021106337,255.0,45242.4911111111,100.0,False,10
6307,835.653,5258.0,-83.0,255.67499904,45245.71563305413,100.0,False,10
6308,835.893,5389.0,-195.0,259.27499904,45263.07960198588,100.0,False,10
6309,836.008,5446.881332883831,-244.36176217199105,261.0,45271.4911111111,100.0,False,10
6310,836.053,5477.0,-270.0,261.67499904,45274.79800305108,100.0,False,10
6311,836.273,5679.0,-442.0,264.97499904,45291.08663382572,100.0,False,10
6312,836.408,5734.2070668017395,-489.7844648462772,267.0,45301.15777777777,100.0,False,10
6313,836.568,5766.262683547011,-520.3474478114257,270.0,45313.15777777777,100.0,False,10
6314,836.573,5768.0,-522.0,270.04999936,45313.53396234033,100.0,False,10
6315,836.768,5869.153537129929,-618.337369795087,272.0,45328.26888888888,100.0,False,10
6316,836.873,5930.0,-679.0,273.3124992,45336.26544361687,100.0,False,10
6317,837.008,6000.574379951384,-754.3506320041267,275.0,45346.602222222224,100.0,False,10
6318,837.073,6033.0,-791.0,275.8124992,45351.59569041374,100.0,False,10
6319,837.168,6079.684164525193,-846.0432625959369,277.0,45358.91333333333,100.0,False,10
6320,837.353,6168.0,-958.0,278.3214281142857,45373.23066506308,100.0,False,10
6321,837.448,6211.871381482223,-1017.723094542039,279.0,45380.61333333333,100.0,False,10
6322,837.533,6250.0,-1072.0,279.6071424,45387.23492782854,100.0,False,10
6323,837.728,6332.934912139874,-1198.6766041058713,281.0,45402.46888888888,100.0,False,10
6324,837.733,6335.0,-1202.0,281.02499968,45402.859885103986,100.0,False,10
6325,837.928,6413.097329085474,-1334.4333832612158,282.0,45418.13555555555,100.0,False,10
6326,837.973,6430.0,-1365.0,282.44999936,45421.67622364765,100.0,False,10
6327,838.033,6452.0,-1406.0,283.04999936,45426.407810354285,100.0,False,10
6328,838.128,6488.8315072946125,-1477.6517966529532,284.0,45433.91333333333,100.0,False,10
6329,838.352,6577.0,-1662.0,284.8,45451.64608321413,100.0,False,10
6330,838.408,6595.636375832036,-1703.9582309330171,285.0,45456.07999999999,100.0,False,10
6331,838.728,6678.719954571083,-1913.529156098,285.0,45481.413333333316,100.0,False,10
6332,838.772,6689.0,-1941.0,285.21999872,45484.90325057988,100.0,False,10
6333,838.928,6724.786613592904,-2038.0560472413547,286.0,45497.302222222206,100.0,False,10
6334,838.972,6735.0,-2066.0,286.24376593795296,45500.810290940324,100.0,False,10
6335,839.173,6789.0,-2216.0,287.35734060628755,45516.89402381373,100.0,False,10
6336,839.289,6838.598463204084,-2357.956235467278,288.0,45526.18222222221,100.0,False,10
6337,839.373,6873.0,-2457.0,288.0,45532.9029156312,100.0,False,10
6338,839.609,6923.60977014863,-2603.3576753649554,288.0,45551.78222222222,100.0,False,10
6339,839.813,6955.0,-2700.0,288.6375,45568.1433845554,100.0,False,10
6340,839.929,6982.895107876362,-2787.8666297154205,289.0,45577.471111111096,100.0,False,10
6341,839.993,6999.0,-2838.0,289.2293906283835,45582.62610385925,100.0,False,10
6342,840.053,7014.0,-2884.0,289.44444434249306,45587.464503029696,100.0,False,10
6343,840.208,7065.916396181796,-3044.5598450558323,290.0,45599.9461111111,100.0,False,10
6344,840.393,7132.0,-3250.0,288.4583338666667,45614.75630447733,100.0,False,10
6345,840.448,7146.898746246954,-3296.2489279224424,288.0,45619.1461111111,100.0,False,10
6346,840.728,7194.081565743416,-3441.984392843818,286.0,45641.39055555554,100.0,False,10
6347,840.853,7215.0,-3506.0,283.6562512,45651.221839179125,100.0,False,10
6348,840.888,7221.58870377088,-3526.1198160456997,283.0,45653.96833333332,100.0,False,10
6349,841.093,7268.0,-3670.0,282.1458336,45670.02914338086,100.0,False,10
6350,841.128,7277.714652383264,-3701.216184020651,282.0,45672.768333333326,100.0,False,10
6351,841.368,7353.340964857287,-3951.7998249836583,280.0,45691.43499999998,0.0,True,10
6352,841.453,7373.0,-4019.0,273.0937552,45697.88257136496,0.0,True,10
6353,841.528,7385.1019573315025,-4061.6688733910123,267.0,45703.30166666665,0.0,True,10
6354,841.773,7405.0,-4147.0,230.93056497777778,45718.30858733218,0.0,True,10
6355,841.888,7417.964971963348,-4210.710530550595,214.0,45724.701666666646,0.0,True,10
6356,842.013,7433.0,-4288.0,202.02083946666667,45731.53368193016,0.0,True,10
6357,842.128,7444.6276380208155,-4352.228744247554,191.0,45737.43499999998,0.0,True,10
6358,842.233,7454.0,-4404.0,178.5312576,45742.28766478722,0.0,True,10
6359,842.448,7472.422312065929,-4497.137452635109,153.0,45751.03499999999,0.0,True,10
6360,842.473,7475.0,-4511.0,151.7500032,45752.002573640886,0.0,True,10
6361,842.653,7495.0,-4626.0,142.7500032,45758.6986451103,0.0,True,10
6362,842.888,7503.587587885999,-4694.46699858417,131.0,45767.04611111109,0.0,True,10
6363,843.013,7503.0,-4719.0,127.8750016,45771.45078629219,0.0,True,10
6364,843.088,7501.921744058854,-4737.419421314172,126.0,45774.04611111109,0.0,True,10
6365,843.488,7483.870649188987,-4869.911618063293,118.0,45787.15722222222,0.0,False,10
6366,843.613,7470.0,-4907.0,116.8281256,45791.1803852438,2.3437487999999997,False,10
6367,843.808,7438.865623191167,-4954.7446587845825,115.0,45797.379444444436,6.0,False,10
6368,843.913,7416.0,-4977.0,113.50000091428572,45800.63609176953,9.749997714285714,False,10
6369,844.088,7367.058487224944,-5010.41594214357,111.0,45806.01277777777,16.0,False,10
6370,844.328,7277.932159164749,-5048.770520626689,112.0,45813.47944444443,27.0,False,10
6371,844.488,7216.696299015685,-5069.231957168406,112.0,45818.457222222205,26.0,False,10
6372,844.733,7146.0,-5092.0,116.52717273043478,45826.57061954476,35.05434546086956,False,10
6373,845.012,7088.0,-5109.0,121.6826039652174,45836.61024848312,45.365207930434785,False,10
6374,845.272,7001.0,-5134.0,126.48695652173913,45846.30198960255,54.97391304347826,False,10
6375,845.408,6953.4136711478795,-5147.640128318443,129.0,45851.42388888888,60.0,False,10
6376,845.472,6931.0,-5154.0,131.24,45853.846643186436,63.839999999999996,False,10
6377,845.608,6882.903534372476,-5167.441722829596,136.0,45858.97944444443,72.0,False,10
6378,845.773,6822.0,-5184.0,136.0,45865.14280413774,82.67164104967675,False,10
6379,845.809,6808.048664291067,-5187.715068975449,136.0,45866.572777777765,85.0,False,10
6380,845.953,6750.0,-5203.0,144.28,45872.76835938133,90.4,False,10
6381,846.053,6708.0,-5214.0,150.03,45877.44978750071,94.15,False,10
6382,846.209,6641.714421306081,-5230.5723187956855,159.0,45884.23944444442,100.0,False,10
6383,846.213,6640.0,-5231.0,158.73333333333332,45884.4025229363,99.63333333333334,False,10
6384,846.449,6536.801663476938,-5256.577636839887,143.0,45893.77277777776,78.0,False,10
6385,846.453,6535.0,-5257.0,143.8,45893.95184601973,78.55,False,10
6386,846.609,6463.123518889179,-5273.038218284749,175.0,45901.55055555554,100.0,False,10
6387,846.693,6423.0,-5282.0,177.6415083707136,45905.75024465175,100.0,False,10
6388,846.768,6386.28687490103,-5290.467397520062,180.0,45909.50055555554,100.0,False,10
6389,846.993,6276.0,-5317.0,181.24999964444444,45920.7529679821,100.0,False,10
6390,847.128,6211.537600306353,-5333.01094317588,182.0,45927.70055555554,100.0,False,10
6391,847.153,6196.0,-5337.0,182.85227054545456,45929.014550874475,100.0,False,10
6392,847.393,5999.0,-5389.0,191.03408872727272,45942.05219715288,100.0,False,10
6393,847.568,5919.121452159955,-5410.27073303831,197.0,45951.77833333331,100.0,False,10
6394,847.808,5850.298102857058,-5427.448304726358,201.0,45965.178333333315,100.0,False,10
6395,847.813,5848.0,-5428.0,201.0312496,45965.45803252896,100.0,False,10
6396,847.973,5761.0,-5449.0,202.0312496,45974.41829560272,100.0,False,10
6397,848.128,5679.224426272063,-5470.932688997181,203.0,45983.22277777776,100.0,False,10
6398,848.153,5665.0,-5475.0,203.6249984,45984.66322807333,89.58336,False,10
6399,848.368,5524.345451941298,-5516.910951579426,209.0,45997.15611111109,0.0,False,10
6400,848.453,5471.0,-5531.0,207.51250112,46002.01463636136,4.2499968,False,10
6401,848.653,5353.0,-5552.0,204.01250112,46013.219816700584,14.2499968,False,10
6402,848.768,5259.026735303347,-5559.902460321168,202.0,46019.60055555553,20.0,False,10
6403,848.853,5197.0,-5563.0,200.4062512,46024.2997292737,62.499967999999996,False,10
6404,848.928,5160.25887935159,-5563.145729482704,199.0,46028.44499999998,100.0,False,10
6405,849.088,5112.718924429566,-5557.252438985559,199.0,46037.28944444441,24.0,False,10
6406,849.093,5111.0,-5557.0,198.92500096,46037.56388559246,24.32499584,False,10
6407,849.288,5027.015910177882,-5543.851062281714,196.0,46048.1783333333,37.0,False,10
6408,849.433,4937.0,-5508.0,196.0,46056.0742555654,24.3125056,False,10
6409,849.448,4926.108038115148,-5502.174120195581,196.0,46056.889444444416,23.0,False,10
6410,849.673,4761.0,-5396.0,195.2968752,46069.06250393498,37.7656208,False,10
6411,849.768,4731.738297179628,-5375.931495611779,195.0,46074.222777777744,44.0,False,10
6412,849.953,4704.0,-5345.0,196.38749952,46084.36163984249,57.8749952,False,10
6413,850.168,4582.45496494786,-5207.026048723106,198.0,46096.222777777744,74.0,False,10
6414,850.213,4558.0,-5178.0,198.2812496,46098.70491749031,74.5624992,False,10
6415,850.328,4507.966833456704,-5114.861256001847,199.0,46105.06722222219,76.0,False,10
6416,850.648,4436.071677568018,-4997.878107144966,203.0,46123.111666666635,88.0,False,10
6417,850.693,4427.0,-4982.0,203.2812496,46125.66215980529,89.2656232,False,10
6418,850.968,4368.5361377081135,-4878.874039660798,205.0,46141.333888888854,97.0,False,10
6419,851.093,4339.0,-4821.0,206.5624992,46148.58833890216,98.1718744,False,10
6420,851.153,4324.0,-4790.0,207.3124992,46152.09893584062,98.7343744,False,10
6421,851.288,4288.572455065013,-4719.611384751354,209.0,46159.91166666664,100.0,False,10
6422,851.393,4261.0,-4665.0,207.42500096,46165.88778733631,100.0,False,10
6423,851.488,4236.997697328052,-4615.772611974164,206.0,46171.356111111076,100.0,False,10
6424,851.572,4216.0,-4572.0,210.7249856,46176.33846367098,100.0,False,10
6425,851.648,4196.807149022404,-4531.915616983523,215.0,46180.91166666664,100.0,False,10
6426,851.812,4155.0,-4444.0,215.9111096888889,46190.83314445379,89.52223857777778,False,10
6427,852.008,4105.107439440659,-4337.028401559378,217.0,46202.611666666635,77.0,False,10
6428,852.052,4094.0,-4313.0,215.76636207179806,46205.21364437007,66.44554216982772,False,10
6429,852.213,4054.0,-4226.0,211.25233709703917,46214.5958140249,27.825550719112915,False,10
6430,852.329,4026.4037282052527,-4165.8451202031765,208.0,46221.1583333333,0.0,True,10
6431,852.393,4010.0,-4132.0,205.15555555555557,46224.69762283923,0.0,True,10
6432,852.689,3919.060102698089,-3967.7251947943787,192.0,46240.35833333331,0.0,True,10
6433,852.753,3902.0,-3939.0,186.24,46243.609288656604,0.0,True,10
6434,852.889,3872.5131591083373,-3891.3146702967297,174.0,46250.02499999998,0.0,True,10
6435,853.049,3843.266188557271,-3848.117258389044,135.0,46256.02499999998,0.0,True,10
6436,853.093,3834.0,-3835.0,133.625,46257.62488654,0.0,True,10
6437,853.209,3806.7791719084153,-3797.429742660984,130.0,46261.802777777746,0.0,True,10
6438,853.393,3762.0,-3740.0,121.56666666666666,46267.89532540084,0.0,True,10
6439,853.449,3750.248355371293,-3726.7864811504314,119.0,46269.73611111108,0.0,True,10
6440,853.608,3721.0139539808515,-3699.1709154748933,119.0,46274.991944444424,0.0,True,10
6441,853.693,3705.0,-3686.0,114.0416704,46277.58941747644,0.0,True,10
6442,853.848,3672.7308072945934,-3662.2303177860513,105.0,46281.991944444424,0.0,True,10
6443,853.933,3648.0,-3651.0,102.8750016,46284.346044541555,0.0,True,10
6444,854.128,3567.9461686040067,-3633.177148203005,98.0,46289.61416666665,0.0,True,10
6445,854.193,3546.0,-3630.0,97.02500096,46291.334180340156,0.0,True,10
6446,854.528,3494.962011388866,-3634.735319727939,92.0,46299.83638888887,0.0,False,10
6447,854.533,3494.0,-3635.0,91.89583466666667,46299.95682553973,0.13541493333333335,False,10
6448,854.733,3445.0,-3649.0,87.729168,46304.60527530563,5.5520816,False,10
6449,855.008,3386.5032771640344,-3677.366374422706,82.0,46310.769722222205,13.0,False,10
6450,855.033,3381.0,-3681.0,82.12499968,46311.339154350426,13.0,False,10
6451,855.208,3340.439508976596,-3711.362323188072,83.0,46315.380833333315,13.0,False,10
6452,855.253,3331.0,-3719.0,83.64285622857143,46316.441874772296,15.410710857142858,False,10
6453,855.488,3292.687469736105,-3753.5838078935653,87.0,46322.14749999998,28.0,False,10
6454,855.613,3268.0,-3782.0,89.49999872,46325.30553474062,30.49999872,False,10
6455,855.688,3249.1090529399366,-3805.4406454475416,91.0,46327.20305555554,32.0,False,10
6456,855.793,3223.0,-3839.0,91.0,46329.829321069425,36.12499748571429,False,10
6457,855.968,3199.041367856015,-3871.9263729769673,91.0,46334.28083333331,43.0,False,10
6458,856.128,3186.3020665535105,-3893.160567297573,99.0,46338.68083333332,48.0,False,10
6459,856.173,3181.0,-3902.0,100.2656232,46339.98315927108,49.406248,False,10
6460,856.333,3157.0,-3942.0,104.7656232,46344.82725422918,54.406248,False,10
6461,856.448,3138.364532367266,-3973.1406442198545,108.0,46348.28083333331,58.0,False,10
6462,856.573,3118.0,-4008.0,108.0,46351.90339573132,60.678570057142856,False,10
6463,856.728,3092.927020068487,-4052.6745987364643,108.0,46356.68083333332,64.0,False,10
6464,856.773,3085.0,-4066.0,113.624992,46358.24516026091,65.34999808,False,10
6465,856.928,3054.2631568167244,-4113.11651274955,133.0,46364.06972222221,70.0,False,10
6466,856.993,3040.0,-4133.0,134.6249984,46366.56205088769,67.21428845714286,False,10
6467,857.153,3002.0,-4181.0,138.6249984,46372.77932657633,60.3571456,False,10
6468,857.208,2988.274575213751,-4196.501454471731,140.0,46374.9586111111,58.0,False,10
6469,857.373,2941.0,-4243.0,144.94999808,46381.63257534124,49.7500032,False,10
6470,857.408,2928.3587855591263,-4254.085609681636,146.0,46383.06972222221,48.0,False,10
6471,857.533,2878.0,-4295.0,147.5624992,46388.256525210934,47.06250048,False,10
6472,857.808,2770.068956535309,-4363.73542398571,151.0,46399.847499999974,45.0,False,10
6473,857.873,2745.0,-4377.0,151.23214262857144,46402.58583942441,43.14285897142857,False,10
6474,858.088,2661.9088340755466,-4415.13757661865,152.0,46411.6697222222,37.0,False,10
6475,858.113,2652.0,-4419.0,152.3124992,46412.735633500895,37.0,False,10
6476,858.212,2612.0,-4433.0,153.5499968,46416.97916560796,37.0,False,10
6477,858.328,2563.408198014185,-4445.906104148658,155.0,46422.00305555553,37.0,False,10
6478,858.512,2487.0,-4459.0,157.875,46430.097036669235,47.35,False,10
6479,858.648,2432.7812476635813,-4463.046764831018,160.0,46436.22527777776,55.0,False,10
6480,858.692,2408.0,-4462.0,161.31342561223502,46438.24117498998,55.0,False,10
6481,858.849,2286.950597309046,-4448.244012573203,166.0,46445.49361111109,55.0,False,10
6482,858.873,2271.0,-4446.0,165.85,46446.5925660504,55.0,False,10
6483,859.009,2211.1974677573053,-4435.703959240288,165.0,46452.826944444416,55.0,False,10
6484,859.169,2180.810524624075,-4424.823736168686,169.0,46460.338055555534,55.0,False,10
6485,859.233,2162.0,-4418.0,163.8,46463.13357393921,61.8,False,10
6486,859.329,2125.0130743311247,-4404.867438818812,156.0,46467.27138888887,72.0,False,10
6487,859.433,2079.0,-4388.0,162.5,46472.132951489606,77.46,False,10
6488,859.613,2001.0,-4355.0,173.75,46481.36264975784,86.91,False,10
6489,859.729,1953.3700627467772,-4329.243757703258,181.0,46487.38249999998,93.0,False,10
6490,859.773,1936.0,-4319.0,181.85555555555555,46489.65612133741,93.85555555555555,False,10
6491,860.089,1808.294818056273,-4229.160310302988,188.0,46506.18249999998,100.0,False,10
6492,860.133,1783.0,-4208.0,190.0208765567096,46508.60720897566,100.0,False,10
6493,860.353,1633.0,-4075.0,200.12525934025763,46521.28272516883,100.0,False,10
6494,860.568,1537.662571726174,-3986.049478237877,210.0,46534.12416666665,100.0,False,10
6495,860.733,1480.0,-3930.0,214.1249984,46544.08635643429,100.0,False,10
6496,860.968,1384.8065492944354,-3837.1293008988782,220.0,46558.5686111111,100.0,False,10
6497,861.173,1304.0,-3758.0,228.541664,46571.63917691533,100.0,False,10
6498,861.208,1291.6280543503135,-3745.8511867282195,230.0,46573.90194444443,100.0,False,10
6499,861.493,1193.0,-3649.0,236.2343736,46592.627614532554,100.0,False,10
6500,861.528,1177.9471192218027,-3634.315379740514,237.0,46594.96861111111,100.0,False,10
6501,861.688,1100.3161846245605,-3558.765729376665,243.0,46605.768611111096,100.0,False,10
6502,861.733,1078.0,-3537.0,243.37499946666668,46608.81508887929,100.0,False,10
6503,861.928,982.4475178091883,-3443.4044746404234,245.0,46622.10194444444,100.0,False,10
6504,861.933,980.0,-3441.0,245.11249856,46622.44723302957,100.0,False,10
6505,862.053,921.0,-3383.0,247.81249856,46630.81430298688,100.0,False,10
6506,862.328,781.7465446916631,-3246.5726560791486,254.0,46650.32416666666,100.0,False,10
6507,862.353,769.0,-3234.0,254.24999936,46652.09512433766,100.0,False,10
6508,862.528,679.5772089058021,-3145.5297340375887,256.0,46664.54638888888,100.0,False,10
6509,862.533,677.0,-3143.0,256.17856914285716,46664.90746694531,100.0,False,10
6510,862.793,541.0,-3011.0,265.46428342857143,46684.11253203057,100.0,False,10
6511,862.808,533.0802549811916,-3003.274526282236,266.0,46685.23527777777,100.0,False,10
6512,862.993,435.0,-2907.0,269.85416533333336,46699.155924940686,100.0,False,10
6513,863.048,405.75010685247054,-2878.2719745874992,271.0,46703.301944444436,100.0,False,10
6514,863.193,328.0,-2802.0,271.72499968,46714.23454732129,100.0,False,10
6515,863.248,297.96380143194153,-2772.570911861449,272.0,46718.413055555546,100.0,False,10
6516,863.448,186.0481461998043,-2663.0824573188756,277.0,46733.801944444436,100.0,False,10
6517,863.648,69.91232506734646,-2549.7177998670004,279.0,46749.301944444436,100.0,False,10
6518,864.088,-164.6202160271717,-2319.3580381333013,282.0,46783.768611111096,100.0,False,10
6519,864.093,-167.0,-2317.0,282.07499904,46784.163051351,100.0,False,10
6520,864.288,-258.22659462565497,-2226.4191131650646,285.0,46799.601944444425,100.0,False,10
6521,864.393,-336.0,-2151.0,285.8749994666667,46807.975529790885,100.0,False,10
6522,864.553,-497.0,-1997.0,287.2083328,46820.800311287865,100.0,False,10
6523,864.648,-555.0893884815096,-1941.656894534709,288.0,46828.40194444443,100.0,False,10
6524,864.808,-587.0528800593471,-1911.5669974089537,288.0,46841.20194444443,100.0,False,10
6525,864.912,-633.0,-1868.0,289.85714285714283,46849.62739154781,100.0,False,10
6526,865.088,-782.4173033344437,-1725.8314940889325,293.0,46863.990833333315,100.0,False,10
6527,865.192,-861.0,-1651.0,292.7119113062668,46872.432147592495,100.0,False,10
6528,865.449,-953.247308709882,-1563.093099722658,292.0,46893.27194444442,100.0,False,10
6529,865.473,-967.0,-1550.0,292.34285714285716,46895.23341289828,100.0,False,10
6530,865.729,-1208.4559527241522,-1320.247065905801,296.0,46916.294166666645,100.0,False,10
6531,865.813,-1276.0,-1256.0,296.42,46923.21813835867,100.0,False,11
6532,865.929,-1336.173959996862,-1198.7904307571562,297.0,46932.794166666645,100.0,False,11
6533,866.249,-1452.6717256220675,-1088.1633408026128,299.0,46959.37194444443,100.0,False,11
6534,866.253,-1456.0,-1085.0,299.0125,46959.70496588541,100.0,False,11
6535,866.433,-1637.0,-913.0,299.575,46974.70323014019,100.0,False,11
6536,866.569,-1724.2140864366263,-830.4108262750585,300.0,46986.038611111086,100.0,False,11
6537,866.729,-1767.3198456170976,-790.0189768792799,300.0,46999.37194444443,100.0,False,11
6538,866.853,-1819.0,-741.0,300.31077689250696,47009.72180623165,100.0,False,11
6539,867.033,-1928.0,-637.0,300.7619046396945,47024.77565857608,100.0,False,11
6540,867.128,-1978.290332656386,-589.0079576516689,301.0,47032.73277777777,100.0,False,11
6541,867.213,-2037.0,-533.0,301.3035712,47039.85911824128,100.0,False,11
6542,867.393,-2231.0,-348.0,301.94642834285713,47054.96311949055,100.0,False,11
6543,867.408,-2244.3505363747604,-335.2855917079667,302.0,47056.22166666665,100.0,False,11
6544,867.608,-2340.9045942115463,-243.75951515188842,302.0,47072.99944444443,100.0,False,11
6545,867.808,-2398.739327215756,-189.1494545199069,302.0,47089.77722222221,100.0,False,11
6546,867.813,-2401.0,-187.0,301.9821430857143,47090.196663657654,98.21430857142857,False,11
6547,868.073,-2559.0,-37.0,301.05357165714287,47111.94577448789,5.357165714285711,False,11
6548,868.088,-2568.7238043952916,-27.89061759138654,301.0,47113.188333333324,0.0,False,11
6549,868.173,-2619.0,19.0,298.8750016,47120.19572283568,0.0,False,11
6550,868.328,-2657.932751891777,55.67637690789088,295.0,47132.85499999998,0.0,False,11
6551,868.373,-2674.0,71.0,293.8750016,47136.51180052431,0.0,False,11
6552,868.528,-2780.183109097914,172.2118088139992,290.0,47148.966111111105,0.0,False,11
6553,868.733,-2947.0,331.0,280.48214582857145,47164.77989966115,0.0,False,11
6554,868.808,-2981.7907209930036,363.9669132643314,277.0,47170.51055555555,0.0,False,11
6555,869.033,-3047.0,425.0,272.50000128,47187.77022376153,0.0,False,11
6556,869.208,-3138.362290466693,510.52501917605684,269.0,47200.39944444444,0.0,True,11
6557,869.213,-3141.0,513.0,268.02501248,47200.741003658244,0.0,True,11
6558,869.408,-3236.7586168639946,603.3299263493461,230.0,47213.17722222222,0.0,True,11
6559,869.433,-3249.0,615.0,227.1590981818182,47214.63226021847,0.0,True,11
6560,869.733,-3400.0,765.0,193.0681890909091,47229.79590590694,0.0,True,11
6561,869.848,-3454.4552293718766,826.5447434929314,180.0,47235.17722222222,0.0,True,11
6562,869.973,-3503.0,885.0,175.13889137777778,47240.98403929094,0.0,True,11
6563,870.208,-3548.875955292494,946.9244050570209,166.0,47251.77722222221,0.0,True,11
6564,870.253,-3557.0,959.0,165.4375008,47253.824700097815,0.0,True,11
6565,870.513,-3615.0,1057.0,162.1875008,47265.5071478773,0.0,True,11
6566,870.608,-3636.082845028318,1109.226887414884,161.0,47269.6661111111,0.0,False,11
6567,870.753,-3662.0,1189.0,156.85714468571427,47275.87995336762,3.1071414857142856,False,11
6568,870.888,-3672.3715547466204,1235.9669826811382,153.0,47281.56611111111,6.0,False,11
6569,871.113,-3671.0,1295.0,151.31250048,47290.925696801,26.24999424,False,11
6570,871.253,-3668.0,1354.0,150.26250048,47296.76212710921,38.84999424,False,11
6571,871.288,-3666.5493151507976,1369.2730983717677,150.0,47298.23277777777,42.0,False,11
6572,871.448,-3655.9345641776067,1438.347297558341,152.0,47304.98833333333,46.0,False,11
6573,871.532,-3649.0,1474.0,152.0,47308.503694805506,50.1999872,False,11
6574,871.608,-3642.2528723500222,1505.8624225040087,152.0,47311.74388888887,54.0,False,11
6575,871.792,-3624.0,1583.0,158.77003999117287,47320.13229293603,65.12220855692686,False,11
6576,871.953,-3606.0,1653.0,164.6938226286526,47328.10346775848,74.8541371756436,False,11
6577,872.193,-3579.0,1762.0,173.52430957366073,47340.6078125614,89.36136572815691,False,11
6578,872.369,-3559.502176874124,1863.6805316271507,180.0,47349.793888888875,100.0,False,11
6579,872.413,-3556.0,1887.0,181.98,47352.09117377942,100.0,False,11
6580,872.569,-3550.100975647721,1954.500452929817,189.0,47360.293888888875,100.0,False,11
6581,872.673,-3550.0,1999.0,192.03333333333333,47365.90254361078,100.0,False,11
6582,872.809,-3552.8660923300117,2067.9179324967818,196.0,47373.36055555554,100.0,False,11
6583,872.973,-3561.0,2160.0,198.92857142857142,47382.43101468308,95.9,False,11
6584,873.089,-3569.9637132239827,2225.4615418080402,201.0,47388.99388888889,93.0,False,11
6585,873.193,-3580.0,2283.0,204.71428571428572,47395.03358421379,93.0,False,11
6586,873.273,-3589.0,2326.0,207.57142857142858,47399.76142156907,93.0,False,11
6587,873.369,-3602.465370599162,2378.3425715404155,211.0,47405.405,93.0,False,11
6588,873.553,-3637.0,2480.0,211.0,47416.08637010335,93.0,False,11
6589,873.728,-3680.559185199829,2574.6741342187497,211.0,47426.446388888886,93.0,False,11
6590,873.833,-3711.0,2630.0,217.12499626666667,47432.9198705077,96.06249813333334,False,11
6591,873.968,-3754.3397389266,2699.18183199072,225.0,47441.446388888886,100.0,False,11
6592,874.053,-3784.0,2742.0,226.8214272,47446.87522663646,100.0,False,11
6593,874.113,-3806.0,2772.0,228.1071414857143,47450.73491962823,100.0,False,11
6594,874.248,-3858.5767897191354,2838.9945441714094,231.0,47459.41305555556,100.0,False,11
6595,874.293,-3878.0,2862.0,231.0,47462.29421057613,100.0,False,11
6596,874.408,-3933.1892901943916,2923.3945837437277,231.0,47469.67972222222,100.0,False,11
6597,874.673,-4075.0,3065.0,237.6249984,47487.23934393132,100.0,False,11
6598,874.728,-4102.573761892503,3090.4551150749708,239.0,47490.924166666664,100.0,False,11
6599,874.888,-4178.473274333354,3156.368962841606,242.0,47501.67972222222,100.0,False,11
6600,875.033,-4249.0,3216.0,244.58928457142858,47511.54531359045,100.0,False,11
6601,875.168,-4319.219085130261,3275.8111368285076,247.0,47520.890833333324,100.0,False,11
6602,875.273,-4375.0,3324.0,249.6249984,47528.29591019385,100.0,False,11
6603,875.453,-4470.0,3408.0,254.1249984,47541.215025139565,100.0,False,11
6604,875.568,-4530.485638839162,3462.471789820353,257.0,47549.446388888886,100.0,False,11
6605,875.613,-4554.0,3484.0,257.0,47552.65361595646,100.0,False,11
6606,875.768,-4634.659493434506,3559.4669941912884,257.0,47563.72416666667,100.0,False,11
6607,875.793,-4648.0,3572.0,257.7142838857143,47565.53427019632,100.0,False,11
6608,875.973,-4744.0,3662.0,262.85714102857145,47578.7764158419,100.0,False,11
6609,876.048,-4777.781650575823,3693.8087249958844,265.0,47584.335277777776,100.0,False,11
6610,876.313,-4924.0,3837.0,267.2083328,47604.02837695929,100.0,False,11
6611,876.408,-5026.572065977298,3940.3257682521253,268.0,47611.13527777778,100.0,False,11
6612,876.433,-5051.0,3965.0,268.35714194285714,47613.01104962539,100.0,False,11
6613,876.688,-5159.527258865622,4075.921889990203,272.0,47632.29083333333,100.0,False,11
6614,876.833,-5199.0,4118.0,274.58928457142855,47643.39954927596,100.0,False,11
6615,876.968,-5262.82684732874,4185.66897081402,277.0,47653.835277777776,100.0,False,11
6616,877.093,-5336.0,4264.0,278.5624992,47663.573556624426,100.0,False,11
6617,877.333,-5483.0,4425.0,281.5624992,47682.41693513704,100.0,False,11
6618,877.368,-5501.703039538635,4445.709794748049,282.0,47685.16861111112,100.0,False,11
6619,877.673,-5640.0,4602.0,283.9062496,47709.22043014961,100.0,False,11
6620,877.688,-5647.248889191705,4610.3995015194005,284.0,47710.41305555556,100.0,False,11
6621,877.853,-5733.0,4711.0,286.2916657777778,47723.61147576067,100.0,False,11
6622,878.048,-5848.986730770366,4850.41467744652,289.0,47739.313055555554,100.0,False,11
6623,878.072,-5865.0,4870.0,289.15,47741.245974043515,100.0,False,11
6624,878.208,-5963.928515440566,4992.427578699009,290.0,47752.201944444445,100.0,False,11
6625,878.312,-6036.0,5083.0,289.67601239646353,47760.58639633878,67.60123964635308,False,11
6626,878.529,-6147.198785085341,5227.069691015365,289.0,47777.97111111111,0.0,False,11
6627,878.729,-6220.475066050676,5326.020692280454,282.0,47793.63777777778,0.0,False,11
6628,878.773,-6236.0,5347.0,281.26666666666665,47797.053792304985,0.0,False,11
6629,879.053,-6336.0,5483.0,276.6,47818.526079878924,0.0,False,11
6630,879.089,-6350.988920224102,5503.728706286229,276.0,47821.23777777779,0.0,False,11
6631,879.233,-6415.0,5593.0,272.4,47831.95959530676,0.0,False,11
6632,879.473,-6518.0,5739.0,266.4,47849.6104654426,0.0,False,11
6633,879.489,-6524.724905103501,5748.696004234213,266.0,47850.793333333335,0.0,False,11
6634,879.649,-6591.180853877136,5845.596945823471,266.0,47862.61555555556,0.0,False,11
6635,879.673,-6601.0,5860.0,265.07272727272726,47864.36554994462,0.0,False,11
6636,879.913,-6697.0,6002.0,255.8,47881.39242232933,0.0,False,11
6637,880.089,-6765.183206934409,6105.737476373951,249.0,47893.048888888894,0.0,True,11
6638,880.233,-6818.0,6186.0,234.55486183225344,47901.94636017435,0.0,True,11
6639,880.273,-6832.0,6207.0,230.5423234523238,47904.32263221915,0.0,True,11
6640,880.408,-6878.128435041256,6277.06827096843,217.0,47912.2775,0.0,True,11
6641,880.513,-6911.0,6327.0,210.70000384,47918.40459261436,0.0,True,11
6642,880.608,-6937.319085345001,6366.316304208188,205.0,47923.66638888889,0.0,True,11
6643,880.768,-6983.580459979406,6436.208696958055,179.0,47931.62194444444,0.0,True,11
6644,880.793,-6993.0,6451.0,178.0625024,47932.83530183589,0.0,True,11
6645,880.993,-7078.0,6588.0,170.5625024,47942.295724657655,0.0,True,11
6646,881.008,-7082.633068771687,6595.608215747422,170.0,47942.95527777777,0.0,True,11
6647,881.168,-7108.105066589968,6639.059616989572,148.0,47949.533055555556,0.0,True,11
6648,881.313,-7114.0,6650.0,141.3541696,47955.14507472668,0.0,True,11
6649,881.408,-7117.16855485446,6654.822678706107,137.0,47958.66638888889,0.0,True,11
6650,881.553,-7129.0,6678.0,130.78571702857144,47963.78714118803,0.0,True,11
6651,881.688,-7159.119207368729,6744.695855064685,125.0,47968.388611111106,0.0,True,11
6652,881.773,-7178.0,6790.0,123.229168,47971.25433431294,0.0,True,11
6653,881.928,-7198.624515145931,6851.909415727074,120.0,47976.388611111106,0.0,True,11
6654,882.128,-7205.285683564645,6900.5795407728665,115.0,47982.7775,0.0,True,11
6655,882.213,-7207.0,6918.0,113.72500096,47985.44839564082,0.0,True,11
6656,882.328,-7208.857605496022,6939.246307488513,112.0,47988.999722222215,0.0,True,11
6657,882.553,-7210.0,6983.0,107.50000128,47995.6176121132,0.0,True,11
6658,882.728,-7207.157295013374,7032.455479743778,104.0,48000.55527777776,0.0,False,11
6659,882.813,-7204.0,7057.0,101.8750016,48002.91146426214,0.0,False,11
6660,882.928,-7197.509447668087,7087.785827533017,99.0,48006.05527777776,0.0,False,11
6661,883.073,-7186.0,7124.0,96.82500096,48009.94414684124,2.89999872,False,11
6662,883.128,-7180.7742140655455,7137.460834147306,96.0,48011.388611111106,4.0,False,11
6663,883.253,-7167.0,7167.0,93.91666773333333,48014.59870862785,9.208330666666667,False,11
6664,883.368,-7151.711657392752,7191.854734321643,92.0,48017.52194444444,14.0,False,11
6665,883.608,-7111.669236707344,7236.343161788652,93.0,48023.721944444434,19.0,False,11
6666,883.968,-7032.961677979915,7284.643213325077,97.0,48033.42194444443,26.0,False,11
6667,884.113,-6996.0,7298.0,97.9062496,48037.356284929774,30.531248,False,11
6668,884.128,-6992.005771224227,7299.182154645237,98.0,48037.77749999998,31.0,False,11
6669,884.273,-6952.0,7309.0,102.531248,48042.04541114885,35.9843728,False,11
6670,884.448,-6901.797342085561,7318.767506979855,108.0,48047.37749999999,42.0,False,11
6671,884.533,-6877.0,7323.0,108.0,48049.90308337768,44.97499776,False,11
6672,884.648,-6843.189747117287,7328.330902988408,108.0,48053.37749999999,49.0,False,11
6673,884.752,-6811.0,7333.0,113.2,48056.73566251408,53.766666666666666,False,11
6674,884.888,-6765.6353504604995,7339.140822580494,120.0,48061.37749999999,60.0,False,11
6675,884.932,-6752.0,7341.0,121.20697571383154,48062.921037828084,60.54862532446888,False,11
6676,885.213,-6657.0,7353.0,128.91521163734052,48073.16988745761,64.05236892606386,False,11
6677,885.289,-6603.526193223,7358.265162732161,131.0,48075.96944444443,65.0,False,11
6678,885.373,-6543.0,7364.0,132.575,48079.05928393519,67.625,False,11
6679,885.449,-6503.393134291935,7367.708023763074,134.0,48081.92499999999,70.0,False,11
6680,885.769,-6437.478075484864,7374.9463729905965,148.0,48095.08055555554,57.0,False,11
6681,885.813,-6424.0,7377.0,148.0,48096.90213106945,46.55,False,11
6682,885.993,-6351.0,7389.0,148.0,48104.29120828882,3.7999999999999994,False,11
6683,886.009,-6344.570183715908,7390.190415360894,148.0,48104.94722222221,0.0,False,11
6684,886.153,-6288.0,7403.0,148.0,48110.85494490857,0.0,False,11
6685,886.249,-6244.139611251221,7417.219795824705,148.0,48114.81388888888,0.0,False,11
6686,886.493,-6130.0,7463.0,148.0,48124.89210647646,0.0,False,11
6687,886.529,-6117.766755252918,7468.264988315907,148.0,48126.325,0.0,False,11
6688,886.689,-6079.881054234368,7485.870134207415,139.0,48132.50277777777,10.0,False,11
6689,886.849,-6042.376621907629,7514.946118064791,139.0,48138.68055555555,10.0,False,11
6690,886.893,-6027.0,7529.0,138.63179926177762,48140.36343924941,10.0,False,11
6691,887.088,-5943.0945284993995,7611.715976113352,137.0,48147.77583333332,10.0,False,11
6692,887.113,-5935.0,7620.0,137.3124992,48148.73755020028,13.0208256,False,11
6693,887.328,-5906.135371491081,7654.882208815835,140.0,48157.10916666666,39.0,False,11
6694,887.413,-5896.0,7677.0,140.38636334545455,48160.423795016715,40.931816727272725,False,11
6695,887.693,-5837.0,7816.0,141.6590906181818,48171.420423377014,47.29545309090909,False,11
6696,887.768,-5827.466495930114,7844.057498544766,142.0,48174.46472222221,49.0,False,11
6697,888.033,-5817.0,7914.0,151.46428342857143,48185.63532139429,67.92856685714285,False,11
6698,888.048,-5816.5066076929725,7919.085171072027,152.0,48186.28694444444,69.0,False,11
6699,888.293,-5810.0,8028.0,159.87499794285714,48197.211148051036,76.87499794285715,False,11
6700,888.328,-5810.347126195553,8047.71018944854,161.0,48198.80916666666,78.0,False,11
6701,888.488,-5816.784431623699,8148.964112601021,167.0,48206.231388888875,82.0,False,11
6702,888.593,-5822.0,8206.0,170.06249813333332,48211.228086498144,85.06249813333334,False,11
6703,888.728,-5827.9163354178145,8257.091642704092,174.0,48217.83138888888,89.0,False,11
6704,888.893,-5836.0,8314.0,180.87499733333334,48226.21708981096,96.56249706666667,False,11
6705,888.968,-5840.873387043851,8350.135534767433,184.0,48230.09805555554,100.0,False,11
6706,889.053,-5847.0,8395.0,186.1249984,48234.527847912555,100.0,False,11
6707,889.168,-5855.7222468380405,8454.82864254579,189.0,48240.59805555554,100.0,False,11
6708,889.353,-5871.0,8552.0,194.54999808,48250.60959516752,100.0,False,11
6709,889.368,-5872.3214386651725,8560.15910218405,195.0,48251.43138888889,100.0,False,11
6710,889.553,-5889.0,8660.0,198.85416533333333,48261.6752300536,100.0,False,11
6711,889.608,-5893.607768494446,8686.099250925141,200.0,48264.764722222215,100.0,False,11
6712,889.768,-5906.848515374048,8762.773953598133,205.0,48273.875833333324,100.0,False,11
6713,889.833,-5914.0,8815.0,206.35416533333333,48277.630819994345,100.0,False,11
6714,890.008,-5938.5041426183025,9021.9048739922,210.0,48287.875833333324,100.0,False,11
6715,890.073,-5945.0,9084.0,211.29999872,48291.719127350894,100.0,False,11
6716,890.208,-5949.361355022373,9147.491995492323,214.0,48299.764722222215,100.0,False,11
6717,890.368,-5947.02316241686,9178.312955000982,217.0,48309.409166666665,96.0,False,11
6718,890.373,-5947.0,9180.0,217.0624992,48309.712266079165,95.375008,False,11
6719,890.528,-5947.216644173223,9255.679399059796,219.0,48319.14249999999,76.0,False,11
6720,890.613,-5942.0,9325.0,219.0,48324.31312911655,69.6250048,False,11
6721,890.793,-5915.0,9518.0,219.0,48335.256912407276,56.1250048,False,11
6722,890.848,-5908.876026660815,9556.229666476518,219.0,48338.60916666665,52.0,False,11
6723,891.048,-5896.630618382782,9603.695729366887,220.0,48350.83138888888,58.0,False,11
6724,891.113,-5889.0,9623.0,220.0,48354.805213974396,59.29999872,False,11
6725,891.248,-5863.698625896919,9687.621277810113,220.0,48363.0536111111,62.0,False,11
6726,891.452,-5808.0,9813.0,220.0,48375.5022243439,64.18571154285715,False,11
6727,891.528,-5784.6922780810255,9853.589052719619,220.0,48380.16472222221,65.0,False,11
6728,891.613,-5757.0,9896.0,220.7943920836171,48385.40623621494,70.5607445853198,False,11
6729,891.813,-5681.0,9993.0,222.66355133478905,48397.81565364347,83.64485934352335,False,11
6730,891.849,-5663.695802850758,10011.9347866441,223.0,48400.04888888888,86.0,False,11
6731,892.089,-5531.217270970437,10140.909049832306,223.0,48414.91555555555,86.0,False,11
6732,892.113,-5520.0,10151.0,223.0,48416.40025546077,87.68,False,11
6733,892.289,-5454.678925991386,10205.063681187015,223.0,48427.30444444444,100.0,False,11
6734,892.373,-5423.0,10230.0,224.05,48432.55378324937,100.0,False,11
6735,892.593,-5314.0,10316.0,226.8,48446.46182448957,100.0,False,11
6736,892.609,-5304.11614417395,10323.522285779038,227.0,48447.482222222214,100.0,False,11
6737,892.953,-5066.0,10497.0,231.77777777777777,48469.64786421112,100.0,False,11
6738,892.969,-5057.8943182569155,10502.731027741378,232.0,48470.682222222225,100.0,False,11
6739,893.129,-4999.787064406816,10542.769111009311,233.0,48481.037777777776,100.0,False,11
6740,893.293,-4948.0,10577.0,234.36666666666667,48491.7446050359,100.0,False,11
6741,893.489,-4850.2933076315785,10640.441193558168,236.0,48504.63777777777,100.0,False,11
6742,893.533,-4816.0,10661.0,236.36820073822238,48507.53919304091,100.0,False,11
6743,893.728,-4624.861891346359,10769.843263583176,238.0,48520.438333333324,100.0,False,11
6744,893.733,-4621.0,10772.0,238.02499968,48520.7703268123,100.0,False,11
6745,894.073,-4503.0,10833.0,239.72499968,48543.448643077485,100.0,False,11
6746,894.128,-4478.2972162091255,10844.89463228403,240.0,48547.104999999996,100.0,False,11
6747,894.353,-4335.0,10913.0,238.12500053333332,48561.98359325204,100.0,False,11
6748,894.368,-4324.21463314105,10917.920676940763,238.0,48562.971666666665,100.0,False,11
6749,894.593,-4154.0,10993.0,236.3928576,48577.73716156898,100.0,False,11
6750,894.648,-4113.435124571283,11010.644512030845,236.0,48581.327222222215,100.0,False,11
6751,894.993,-3877.0,11113.0,233.6477277090909,48603.675049311,100.0,False,11
6752,895.088,-3816.7440637364048,11139.27838149009,233.0,48609.80499999998,100.0,False,11
6753,895.288,-3696.7488153067206,11192.004068930832,232.0,48622.69388888887,100.0,False,11
6754,895.393,-3638.0,11218.0,231.62500022857142,48629.44107047007,100.0,False,11
6755,895.568,-3546.80397870716,11258.63413197789,231.0,48640.66055555554,100.0,False,11
6756,895.768,-3445.5693726905156,11304.050033029918,230.0,48653.438333333324,100.0,False,11
6757,895.833,-3410.0,11320.0,229.3035721142857,48657.55448674163,76.78573714285714,False,11
6758,896.013,-3306.0,11367.0,227.3750006857143,48668.88440676741,12.500022857142854,False,11
6759,896.048,-3285.8783263263813,11376.377952522182,227.0,48671.09388888888,0.0,False,11
6760,896.213,-3192.0,11421.0,227.0,48681.55268466662,0.0,False,11
6761,896.328,-3126.377188354775,11451.693706498438,227.0,48688.74944444443,0.0,False,11
6762,896.353,-3113.0,11458.0,226.1406272,48690.29274783596,0.0,False,11
6763,896.648,-2955.9684821402084,11538.77238411922,216.0,48707.94944444443,0.0,False,11
6764,896.653,-2952.0,11541.0,215.80357394285716,48708.240437324595,0.0,False,11
6765,896.833,-2792.0,11633.0,208.73214537142857,48718.54387657266,0.0,False,11
6766,896.928,-2744.0938384704073,11661.295937705718,205.0,48723.89388888888,0.0,True,11
6767,897.173,-2698.0,11692.0,200.23611235555555,48737.493469278284,0.0,True,11
6768,897.288,-2646.0920825184226,11725.26565193292,198.0,48743.69388888888,0.0,True,11
6769,897.333,-2624.0,11739.0,195.4687536,48746.07899405804,0.0,True,11
6770,897.448,-2569.8505652559897,11771.17949979836,189.0,48752.09388888888,0.0,True,11
6771,897.693,-2461.0,11824.0,186.7031256,48764.754024528505,24.4999936,True,11
6772,897.768,-2427.4980861062395,11835.141143185749,186.0,48768.62722222222,32.0,False,11
6773,897.872,-2377.0,11846.0,186.37142857142857,48774.01200139914,42.028571428571425,False,11
6774,898.048,-2270.9436701692102,11850.459099395492,187.0,48783.17166666666,59.0,False,11
6775,898.112,-2235.0,11849.0,187.3545706999793,48786.521586559786,61.6592802498447,False,11
6776,898.409,-2109.5833194249058,11820.687378811406,189.0,48802.12416666666,74.0,False,11
6777,898.493,-2065.0,11798.0,189.0,48806.50963283978,79.6,False,11
6778,898.649,-1959.5801145945313,11734.649243283855,189.0,48814.72416666665,90.0,False,11
6779,898.713,-1916.0,11706.0,191.88,48818.18437782883,90.64,False,11
6780,898.849,-1832.1772297158846,11646.114925129135,198.0,48825.72416666665,92.0,False,11
6781,899.049,-1722.0262850391189,11563.868059302213,207.0,48837.22416666665,96.0,False,11
6782,899.113,-1685.0,11541.0,207.8,48840.93156050703,97.06666666666666,False,11
6783,899.289,-1577.2116026169545,11487.335847254368,210.0,48851.22416666665,100.0,False,11
6784,899.553,-1440.0,11436.0,218.4857142857143,48867.273218841525,100.0,False,11
6785,899.569,-1434.736008740086,11434.209196922666,219.0,48868.25749999998,100.0,False,11
6786,899.809,-1370.731915939543,11416.443563806206,223.0,48883.12416666665,100.0,False,11
6787,899.813,-1369.0,11416.0,223.08,48883.37432935317,100.0,False,11
6788,900.009,-1249.5396893458214,11385.718414276766,227.0,48895.73527777777,100.0,False,11
6789,900.053,-1221.0,11379.0,227.55,48898.53374856204,100.0,False,11
6790,900.253,-1096.0,11353.0,230.05,48911.35503014595,100.0,False,11
6791,900.329,-1041.5396114361854,11342.50214050141,231.0,48916.268611111096,100.0,False,11
6792,900.528,-883.5593488291938,11312.938171830248,235.0,48929.258888888886,100.0,False,11
6793,900.613,-826.0,11302.0,236.8214272,48934.89092287133,100.0,False,11
6794,900.808,-725.3643227785501,11281.923549686426,241.0,48948.00333333333,100.0,False,11
6795,900.913,-669.0,11269.0,243.18749866666667,48955.16089019051,100.0,False,11
6796,901.048,-581.1079497352698,11246.926672954003,246.0,48964.40333333332,100.0,False,11
6797,901.113,-537.0,11235.0,246.0,48968.84037861336,100.0,False,11
6798,901.293,-419.0,11200.0,246.0,48981.12818442023,100.0,False,11
6799,901.328,-397.25774242464433,11193.163750594316,246.0,48983.53666666665,100.0,False,11
6800,901.493,-289.0,11155.0,248.578124,48994.99508514692,100.0,False,11
6801,901.648,-142.65611666821513,11091.086234733515,251.0,49005.84777777777,100.0,False,11
6802,901.793,-11.0,11028.0,251.8055552,49016.021999940625,100.0,False,11
6803,902.008,93.89392118431046,10967.825498529171,253.0,49031.147777777776,100.0,False,11
6804,902.233,164.0,10913.0,253.8035712,49047.02372460019,100.0,False,11
6805,902.288,187.2938897800896,10895.254300478578,254.0,49050.90333333332,100.0,False,11
6806,902.473,294.0,10804.0,254.0,49063.938361558976,100.0,False,11
6807,902.608,412.5367703238778,10679.382075631547,254.0,49073.481111111105,100.0,False,11
6808,902.653,445.0,10644.0,254.44999936,49076.67434624789,100.0,False,11
6809,902.808,498.82684739046084,10582.261251702688,256.0,49087.703333333324,100.0,False,11
6810,902.953,526.0,10545.0,256.0,49098.01731408134,100.0,False,11
6811,903.168,616.5257172951767,10421.70121027046,256.0,49113.30333333333,100.0,False,11
6812,903.173,619.0,10418.0,256.0,49113.65885986987,100.0,False,11
6813,903.368,720.9623634217113,10250.981024224824,256.0,49127.52555555555,100.0,False,11
6814,903.453,758.0,10186.0,256.0,49133.569555608294,100.0,False,11
6815,903.648,810.2752906124564,10086.522541686329,256.0,49147.43666666666,100.0,False,11
6816,903.848,847.8330733193719,9995.957411174797,256.0,49161.65888888888,100.0,False,11
6817,903.853,849.0,9993.0,255.97916693333335,49162.013780154855,100.0,False,11
6818,904.088,912.6721981031487,9824.853854094366,255.0,49178.65888888888,100.0,False,11
6819,904.133,924.0,9793.0,255.0,49181.845743777754,100.0,False,11
6820,904.328,964.0864644223152,9670.2367236705,255.0,49195.65888888888,100.0,False,11
6821,904.552,1004.0,9522.0,254.2,49211.49194847325,100.0,False,11
6822,904.608,1015.2056107004965,9476.583641301686,254.0,49215.41444444444,100.0,False,11
6823,904.752,1043.0,9359.0,251.0124473394051,49225.408141530905,100.0,False,11
6824,904.849,1056.2887235167595,9299.569697610028,249.0,49232.08361111111,100.0,False,11
6825,904.993,1072.0,9224.0,246.3,49241.92863267788,100.0,False,11
6826,905.009,1073.9104555201086,9214.61661175592,246.0,49243.01694444445,100.0,False,11
6827,905.289,1110.511083752115,9027.655742661822,242.0,49261.83916666666,100.0,False,11
6828,905.293,1111.0,9025.0,241.875,49262.104070594505,100.0,False,11
6829,905.433,1127.0,8934.0,237.5,49271.31919316134,100.0,False,11
6830,905.449,1128.715327489332,8923.610468043089,237.0,49272.3725,100.0,False,11
6831,905.609,1144.6430398327525,8818.826872356081,237.0,49282.90583333334,100.0,False,11
6832,905.713,1153.0,8751.0,234.9777777777778,49289.64220109949,98.26666666666667,False,11
6833,905.953,1165.0,8597.0,230.3111111111111,49304.89324751838,94.26666666666667,False,11
6834,905.969,1165.4727313641197,8586.781721541829,230.0,49305.90583333334,94.0,False,11
6835,906.113,1168.0,8495.0,228.65,49315.00528823052,83.65,False,11
6836,906.289,1167.150701202881,8383.828779605452,227.0,49326.08361111111,71.0,False,11
6837,906.353,1166.0,8344.0,226.2,49330.097240635136,54.2,False,11
6838,906.433,1164.0,8294.0,225.2,49335.09083285129,33.2,False,11
6839,906.449,1163.5093062355231,8283.475661974637,225.0,49336.08361111111,29.0,False,11
6840,906.833,1146.0,8010.0,219.76363636363635,49359.44609925701,3.6909090909090936,False,11
6841,906.889,1143.8028387976044,7982.499296737746,219.0,49362.850277777776,0.0,False,11
6842,907.073,1137.0,7902.0,219.0,49374.05319776287,0.0,False,11
6843,907.089,1136.3046109295574,7892.863062400944,219.0,49375.01694444445,0.0,False,11
6844,907.248,1128.2835840278467,7786.345276573094,214.0,49384.46861111112,0.0,False,11
6845,907.253,1128.0,7783.0,213.9062512,49384.763071755006,0.0,False,11
6846,907.408,1118.326353842577,7685.062638600774,211.0,49393.846388888895,0.0,False,11
6847,907.513,1112.0,7626.0,211.0,49400.01185282624,0.0,False,11
6848,907.568,1109.0508702089653,7597.636730056476,211.0,49403.22416666667,0.0,False,11
6849,907.833,1083.0,7442.0,207.21428662857141,49418.46094938142,0.0,False,11
6850,907.848,1079.5545024947526,7428.3028692527005,207.0,49419.32416666666,0.0,False,11
6851,908.008,1036.0250653912847,7270.575978579401,207.0,49428.52416666667,0.0,False,11
6852,908.013,1035.0,7267.0,206.8593768,49428.807817281384,0.0,False,11
6853,908.293,1010.0,7193.0,198.9843768,49444.232436307444,0.0,False,11
6854,908.328,1005.1064152819984,7180.037263890898,198.0,49446.12416666666,0.0,False,11
6855,908.533,964.0,7068.0,194.796876,49457.11142172657,0.0,False,11
6856,908.648,942.445930354847,7008.472127633458,193.0,49463.27972222223,0.0,False,11
6857,908.753,924.0,6957.0,193.37499977142858,49468.94655298826,1.874998857142857,False,11
6858,908.928,893.7691858248961,6871.2451251159555,194.0,49478.36861111112,5.0,False,11
6859,908.993,882.0,6837.0,192.64583466666667,49481.8170664488,3.6458346666666666,False,11
6860,909.168,847.9048772201307,6735.091725359551,189.0,49490.96861111111,0.0,False,11
6861,909.293,826.0,6669.0,187.4375008,49497.40407854422,3.1249984,False,11
6862,909.568,787.8976741616359,6554.717257393369,184.0,49511.41305555556,10.0,False,11
6863,909.573,787.0,6552.0,184.0,49511.66869034084,9.9687504,False,11
6864,909.728,753.067633374979,6448.745561395209,184.0,49519.590833333335,9.0,False,11
6865,909.853,727.0,6369.0,182.4375008,49525.890207861696,5.4843768,False,11
6866,910.048,703.4327412202204,6296.178435622638,180.0,49535.590833333335,0.0,False,11
6867,910.233,683.0,6237.0,178.6785718857143,49544.75338115585,0.0,False,11
6868,910.328,667.0733055295257,6193.208978170157,178.0,49549.43527777778,0.0,False,11
6869,910.393,656.0,6163.0,177.35000064,49552.62736858458,0.0,False,11
6870,910.528,636.2779475168982,6109.184989815494,176.0,49559.21305555556,0.0,False,11
6871,910.733,596.0,6009.0,173.4375008,49569.04173238459,0.0,False,11
6872,910.848,555.1894940875594,5914.873612985463,172.0,49574.50194444445,0.0,False,11
6873,910.913,535.0,5869.0,171.67500032,49577.57942672403,0.0,False,11
6874,911.212,503.0,5800.0,170.18000128,49591.688615816296,0.0,False,11
6875,911.248,499.6957938357426,5792.831917809619,170.0,49593.39083333334,0.0,False,11
6876,911.409,479.99913259650225,5748.783567857855,170.0,49600.99361111112,0.0,False,11
6877,911.569,452.45835304987196,5685.590990112324,167.0,49608.41583333333,0.0,False,11
6878,911.729,418.0999423695774,5605.06878689211,166.0,49615.79361111112,0.0,False,11
6879,911.969,372.738994616074,5485.995582298223,163.0,49626.66027777779,0.0,False,11
6880,912.113,351.0,5419.0,162.16923076923078,49633.11975261434,0.0,False,11
6881,912.433,316.0,5280.0,160.3230769230769,49647.31896941006,0.0,False,11
6882,912.489,311.05466232365205,5256.031429268172,160.0,49649.7713888889,0.0,False,11
6883,912.573,304.0,5220.0,158.95,49653.4308255169,0.0,False,11
6884,912.793,287.0,5125.0,156.2,49662.94577153106,0.0,False,11
6885,912.809,285.9662678663201,5118.129783091472,156.0,49663.63805555555,0.0,False,11
6886,912.969,277.19677340310733,5049.714290877756,156.0,49670.571388888886,0.0,False,11
6887,912.973,277.0,5048.0,156.0,49670.745092644036,0.0,False,11
6888,913.169,268.48775921117294,4963.749040688396,156.0,49679.23805555556,0.0,False,11
6889,913.213,267.0,4945.0,155.12,49681.11406764129,0.0,False,11
6890,913.369,263.1275718720446,4879.243055115454,152.0,49687.682499999995,0.0,False,11
6891,913.433,262.0,4852.0,151.77142857142857,49690.36833587769,0.0,False,11
6892,913.633,260.0,4767.0,151.05714285714285,49698.75509465732,0.0,False,11
6893,913.649,259.97700135376516,4760.7043398329815,151.0,49699.426944444436,0.0,False,11
6894,913.793,261.0,4700.0,151.0,49705.47063484967,0.0,False,11
6895,913.809,261.2976608189131,4690.905450724753,151.0,49706.13805555555,0.0,False,11
6896,914.013,267.0,4551.0,149.08150508709616,49714.546657913845,0.0,False,11
6897,914.128,268.9081254922072,4503.24944132661,148.0,49719.2525,0.0,False,11
6898,914.368,270.45202234819044,4473.7479319354225,147.0,49729.052500000005,0.0,False,11
6899,914.513,277.0,4403.0,146.1944448,49734.91050434898,0.0,False,11
6900,914.633,286.0,4307.0,145.52777813333333,49739.72937597461,0.0,False,11
6901,914.728,291.9435753333622,4245.942681194936,145.0,49743.55249999999,0.0,False,11
6902,914.928,299.64041523399146,4175.743797977041,145.0,49751.60805555555,0.0,False,11
6903,915.073,304.0,4139.0,143.7916672,49757.38011580992,0.0,False,11
6904,915.168,306.7356018199316,4116.00126257144,143.0,49761.14138888888,0.0,False,11
6905,915.368,313.10456543082654,4065.4891775739993,142.0,49769.03027777777,0.0,False,11
6906,915.493,321.0,4014.0,141.1071433142857,49773.91272133966,0.0,False,11
6907,915.648,335.7698656406977,3924.858202619797,140.0,49779.91916666666,0.0,False,11
6908,915.733,343.0,3883.0,140.0,49783.196395544524,0.0,False,11
6909,915.928,352.3718681451366,3834.9663660426477,140.0,49790.80805555555,0.0,False,11
6910,916.013,357.0,3815.0,143.7187472,49794.2643064243,0.0,False,11
6911,916.088,362.4972266015768,3791.7067586587696,147.0,49797.34138888889,0.0,False,11
6912,916.288,381.72902109458335,3711.5673013138367,147.0,49805.50805555556,0.0,False,11
6913,916.333,386.0,3694.0,147.0,49807.35611930283,0.0,False,11
6914,916.473,399.0,3642.0,147.0,49813.07702457602,0.0,False,11
6915,916.488,400.47667753854586,3636.4604096669686,147.0,49813.67472222223,0.0,False,11
6916,916.653,418.0,3575.0,141.843752,49820.015861402746,6.1874975999999995,False,11
6917,916.808,435.4190589922993,3516.866886216068,137.0,49825.85250000001,12.0,False,11
6918,916.813,436.0,3515.0,137.0,49826.042939369596,12.0,False,11
6919,917.053,465.0,3427.0,137.0,49835.22085786742,12.0,False,11
6920,917.088,469.23255029374974,3414.6384308372494,137.0,49836.50805555556,12.0,False,11
6921,917.288,493.3182012677243,3346.438259974836,127.0,49843.56361111111,0.0,False,11
6922,917.393,507.0,3311.0,126.3437504,49847.248969184875,0.0,False,11
6923,917.448,514.5784793715536,3292.3814440839647,126.0,49849.163611111115,0.0,False,11
6924,917.473,518.0,3284.0,125.6875008,49850.0268120502,0.0,False,11
6925,917.768,555.484422307702,3190.2456638404506,122.0,49860.00805555556,0.0,False,11
6926,917.772,556.0,3189.0,122.0,49860.14396511932,0.0,False,11
6927,917.928,576.6369449669654,3140.648419742447,122.0,49865.43027777778,0.0,True,11
6928,917.953,580.0,3133.0,121.06832499610435,49866.254692552306,0.0,True,11
6929,918.089,598.4294616734026,3092.0131985018056,116.0,49870.61805555556,0.0,False,11
6930,918.153,607.0,3073.0,115.08571428571429,49872.63021113729,0.0,False,11
6931,918.313,628.0,3026.0,112.8,49877.58846596477,0.0,False,11
6932,918.369,635.427656022169,3009.63624359765,112.0,49879.32916666666,0.0,False,11
6933,918.529,656.7359751566606,2963.691233012019,112.0,49884.30694444444,0.0,False,11
6934,918.613,667.0,2942.0,110.32,49886.85387074627,0.0,False,11
6935,918.729,680.1560134183742,2914.755182823717,108.0,49890.30694444444,0.0,False,11
6936,918.793,691.0,2893.0,107.6,49892.1999591825,0.0,False,11
6937,918.953,731.0,2814.0,106.6,49896.90256085583,0.0,False,11
6938,919.049,746.6358935413841,2782.9594162250223,106.0,49899.72916666667,0.0,False,11
6939,919.209,754.39059935548,2767.015258405719,106.0,49904.44027777777,0.0,False,11
6940,919.353,765.0,2747.0,103.94285714285714,49908.56923855028,0.0,False,11
6941,919.489,784.6037028027062,2711.083761415044,102.0,49912.37361111111,0.0,False,11
6942,919.533,793.0,2696.0,101.38888888888889,49913.58842826143,0.24444444444444446,False,11
6943,919.849,868.2978491352576,2564.2113912067002,97.0,49922.073611111104,2.0,False,11
6944,919.853,869.0,2563.0,96.92,49922.1781257065,2.0,False,11
6945,920.049,889.6123943351912,2528.1183612875275,93.0,49927.240277777775,2.0,False,11
6946,920.253,904.0,2505.0,93.0,49932.53339068098,2.7285714285714286,False,11
6947,920.329,913.3848243433528,2489.5896484787236,93.0,49934.4736111111,3.0,False,11
6948,920.413,925.0,2471.0,91.59414263587813,49936.58160327647,4.757321705152346,False,11
6949,920.513,939.0,2450.0,89.92050291668541,49939.0445122619,6.849371354143235,False,11
6950,920.568,947.8027486719897,2436.927758942711,89.0,49940.38222222221,8.0,False,11
6951,920.768,984.8113632824777,2382.0115873812065,86.0,49945.15999999999,0.0,False,11
6952,920.833,995.0,2367.0,85.53571474285714,49946.695321013176,0.0,False,11
6953,921.048,1018.1108757955543,2333.5475703181887,84.0,49951.69333333333,0.0,False,11
6954,921.208,1032.7751388671238,2313.8040233680877,81.0,49955.29333333332,0.0,False,11
6955,921.253,1038.0,2307.0,81.0,49956.306430412675,0.0,False,11
6956,921.448,1064.7321806191858,2272.4649498462927,81.0,49960.69333333333,0.0,False,11
6957,921.473,1068.0,2268.0,80.7916672,49961.24796279255,0.0,False,11
6958,921.553,1078.0,2254.0,80.12500053333333,49963.00823374314,0.0,False,11
6959,921.688,1096.7472244915732,2230.346490731449,79.0,49965.95999999999,0.0,False,11
6960,921.753,1106.0,2219.0,79.0,49967.386972482724,0.0,False,11
6961,921.848,1119.1830508052183,2202.5511952613465,79.0,49969.47111111111,0.0,False,11
6962,922.048,1146.097235846718,2168.6435364391773,78.0,49973.80444444444,0.0,False,11
6963,922.113,1155.0,2158.0,77.63888924444444,49975.191995855144,0.0,False,11
6964,922.313,1183.0,2126.0,76.52777813333333,49979.40471446671,0.0,False,11
6965,922.408,1196.3781224386275,2110.2650821361667,76.0,49981.404444444444,0.0,False,11
6966,922.513,1211.0,2093.0,76.0,49983.62121181762,0.0,False,11
6967,922.673,1233.0,2068.0,76.0,49987.008430393355,0.0,False,11
6968,922.808,1253.2466774120257,2045.8171439241326,76.0,49989.84888888888,0.0,False,11
6969,922.968,1277.298398313182,2019.7659149034864,75.0,49993.182222222225,0.0,False,11
6970,922.973,1278.0,2019.0,74.9687504,49993.28548759129,0.0,False,11
6971,923.233,1312.0,1982.0,73.3437504,49998.571929731625,0.0,False,11
6972,923.288,1319.5565691174452,1974.1799765544254,73.0,49999.67111111111,0.0,False,11
6973,923.573,1360.0,1932.0,73.0,50005.354588734466,0.0,False,11
6974,923.613,1365.0,1926.0,73.0,50006.20689829507,0.0,False,11
6975,923.648,1368.4507384965334,1921.8084471279692,73.0,50006.97111111111,0.0,False,11
6976,923.808,1373.6186261311705,1915.322503477652,81.0,50010.571111111116,0.0,False,11
6977,923.893,1377.0,1912.0,77.458336,50012.32301528707,0.0,False,11
6978,924.048,1390.217493649537,1899.6291688278418,71.0,50015.30444444444,0.0,False,11
6979,924.073,1393.0,1897.0,71.0,50015.791640985466,0.0,False,11
6980,924.288,1422.9095750247961,1868.1547840075116,71.0,50020.037777777776,0.0,False,11
6981,924.412,1441.0,1850.0,70.38000128,50022.45511137575,0.0,False,11
6982,924.488,1451.3758375868783,1839.2207928567482,70.0,50023.926666666666,0.0,False,11
6983,924.613,1468.0,1822.0,69.65373972808682,50026.33862906585,0.0,False,11
6984,924.793,1493.0,1798.0,69.15512468124093,50029.78491999558,0.0,False,11
6985,924.849,1500.7221651132184,1790.6161438779536,69.0,50030.845833333326,0.0,False,11
6986,924.993,1520.0,1772.0,68.2,50033.54817432469,0.0,False,11
6987,925.209,1549.3048899753203,1743.6539814862872,67.0,50037.54583333332,0.0,False,11
6988,925.213,1550.0,1743.0,66.98333333333333,50037.619437328016,0.0,False,11
6989,925.373,1581.0,1714.0,66.31666666666666,50040.55259531614,0.0,False,11
6990,925.449,1592.5983883631257,1702.5387974218106,66.0,50041.94583333333,0.0,False,11
6991,925.553,1606.0,1689.0,66.0,50043.85725732584,0.0,False,11
6992,925.689,1624.618061099999,1671.533546323055,66.0,50046.345833333326,0.0,False,11
6993,925.833,1644.0,1654.0,64.97142857142858,50048.93707315333,0.0,False,11
6994,925.969,1660.995811721926,1638.3979809933337,64.0,50051.323611111104,0.0,True,11
6995,926.013,1668.0,1632.0,63.34,50052.07933124635,0.0,True,11
6996,926.169,1700.7764228286187,1602.282468669323,61.0,50054.712499999994,0.0,True,11
6997,926.233,1711.0,1593.0,60.644444444444446,50055.78714708114,0.0,True,11
6998,926.453,1723.0,1582.0,59.422222222222224,50059.42664436677,0.0,True,11
6999,926.529,1729.8128844904704,1576.0113923181052,59.0,50060.6125,0.0,True,11
7000,926.673,1748.0,1560.0,53.96,50062.73176349362,0.0,True,11
7001,926.729,1755.2717370045184,1553.4695975587642,52.0,50063.50138888889,0.0,True,11
7002,927.049,1793.6372052075346,1518.3263328153075,44.0,50067.412500000006,0.0,True,11
7003,927.053,1794.0,1518.0,43.98746081756272,50067.46047989502,0.0,True,11
7004,927.368,1815.6267201216515,1499.318827216313,43.0,50071.22277777779,0.0,True,11
7005,927.373,1816.0,1499.0,42.92500096,50071.27907667981,0.0,True,11
7006,927.633,1838.0,1480.0,39.02500096,50074.00474348191,0.0,True,11
7007,927.768,1848.209486986417,1470.9174560333147,37.0,50075.3338888889,0.0,True,11
7008,927.873,1856.0,1464.0,35.0312512,50076.34580019889,0.0,True,11
7009,927.928,1860.2673302178202,1460.2660895354568,34.0,50076.845,0.0,True,11
7010,928.073,1871.0,1451.0,30.3750016,50078.01280665102,0.0,True,11
7011,928.168,1876.0835172368081,1446.6654557103104,28.0,50078.71166666667,0.0,True,11
7012,928.333,1884.0,1440.0,25.52500096,50079.86749858582,0.0,True,11
7013,928.368,1886.2456918203072,1438.1049687373072,25.0,50080.10055555556,0.0,True,11
7014,928.613,1904.0,1423.0,22.772727854545455,50081.60047797632,0.0,True,11
7015,928.808,1910.0332831829285,1417.442392909695,21.0,50082.667222222226,0.0,True,11
7016,928.993,1914.0,1414.0,18.6875008,50083.60169349611,0.0,True,11
7017,929.048,1915.9800995837998,1412.4872195730086,18.0,50083.86722222222,0.0,False,11
7018,929.213,1923.0,1407.0,17.08333368888889,50084.633315925166,0.0,False,11
7019,929.408,1929.4682825892885,1400.2540756746646,16.0,50085.46722222223,0.0,False,11
7020,929.493,1932.0,1398.0,15.420454981818182,50085.80157547102,0.0,False,11
7021,929.593,1935.0,1396.0,14.7386368,50086.17224915238,0.0,False,11
7022,929.773,1941.0,1391.0,13.511364072727273,50086.79922817221,0.0,False,11
7023,929.848,1943.675331586323,1388.762952387105,13.0,50087.05611111112,0.0,False,11
7024,930.088,1951.8635102302733,1382.1143188670826,12.0,50087.85611111112,0.0,False,11
7025,930.093,1952.0,1382.0,11.9843752,50087.87209095068,0.0,False,11
7026,930.408,1957.7381856825016,1376.8217816818246,11.0,50088.8338888889,0.0,False,11
7027,930.533,1960.0,1375.0,11.0,50089.21773573336,0.0,False,11
7028,930.568,1960.7296771415563,1374.4584350282462,11.0,50089.32277777778,0.0,False,11
7029,930.713,1964.0,1372.0,10.3958336,50089.73820775357,0.0,False,11
7030,930.808,1966.0164301672937,1370.0859979957029,10.0,50089.98944444445,0.0,False,11
7031,930.912,1968.0,1368.0,9.567567510029773,50090.24300467242,0.0,False,11
7032,931.093,1971.0,1365.0,8.814968923405429,50090.63365176157,0.0,False,11
7033,931.289,1975.3011165567625,1361.3887923281397,8.0,50091.058333333334,0.0,False,11
7034,931.373,1977.0,1360.0,8.0,50091.25023479169,0.0,False,11
7035,931.689,1981.360666926059,1356.4343823433326,8.0,50091.947222222225,0.0,False,11
7036,931.733,1982.0,1356.0,7.67,50092.023663970744,0.0,False,11
7037,931.913,1985.0,1354.0,6.32,50092.275747557214,0.0,False,11
7038,932.089,1988.1134177517997,1350.8791397884345,5.0,50092.50277777779,0.0,False,11
7039,932.153,1989.0,1350.0,5.0,50092.59205392322,0.0,False,11
7040,932.289,1990.1768082382343,1349.1676905508232,5.0,50092.78055555557,0.0,False,11
7041,932.473,1991.0,1349.0,4.233333333333333,50092.98925449891,0.0,False,11
7042,932.529,1991.295873683519,1348.7955136766816,4.0,50093.04722222223,0.0,False,11
7043,932.793,1993.0,1347.0,3.2666666666666666,50093.29482095744,0.0,False,11
7044,932.889,1993.739538203712,1346.1551697415834,3.0,50093.34722222223,0.0,False,11
7045,933.053,1995.0,1345.0,1.6333333333333333,50093.37048147421,0.0,False,11
7046,933.233,1996.0,1345.0,0.13333333333333328,50093.34842618619,0.0,False,11
7047,933.249,1996.0539366019377,1345.017619110161,0.0,50093.34722222223,0.0,False,11
7048,933.633,1996.0,1345.0,0.0,50093.34704827935,0.0,False,11
7049,933.649,1995.9936232453022,1344.9434040975789,0.0,50093.34722222223,0.0,False,11
7050,933.853,1996.0,1344.0,0.0,50093.347390549665,0.0,False,11
7051,933.929,1996.0051313731126,1343.8284735143936,0.0,50093.34722222223,0.0,False,11
7052,934.128,1996.0020338889885,1343.9320131624377,0.0,50093.34722222223,0.0,False,11
7053,934.233,1996.0,1344.0,0.0,50093.34722552233,0.0,False,11
7054,934.288,1995.999662693894,1344.0112751362371,0.0,50093.34722222223,0.0,False,11
7055,934.413,1996.0,1344.0,0.0,50093.34722074565,0.0,False,11
7056,934.528,1996.0001176969593,1343.9960657419858,0.0,50093.34722222223,0.0,False,11
7057,934.713,1996.0,1344.0,0.0,50093.347222244,0.0,False,11
7058,934.728,1995.9999957415478,1344.000142347351,0.0,50093.34722222223,0.0,False,11
7059,934.913,1996.0,1344.0,0.0,50093.3472222033,0.0,False,11
7060,934.968,1996.0000033278598,1343.9998887595777,0.0,50093.34722222223,0.0,False,11
7061,935.353,1996.0,1344.0,0.0,50093.34722222468,0.0,False,11
7062,935.408,1995.999999576468,1344.0000141574046,0.0,50093.34722222223,0.0,False,11
7063,935.608,1995.9999998935084,1344.0000035597004,0.0,50093.34722222223,0.0,False,11
7064,935.653,1996.0,1344.0,0.0,50093.34722222251,0.0,False,11
7065,935.968,1996.0000000438615,1343.9999985338377,0.0,50093.34722222223,0.0,False,11
7066,936.073,1996.0,1344.0,0.0,50093.34722222213,0.0,False,11
7067,936.313,1996.0,1344.0,0.0,50093.34722222219,0.0,False,11
7068,936.448,1996.0000000015216,1343.9999999491301,0.0,50093.34722222223,0.0,False,11
7069,936.573,1996.0,1344.0,0.0,50093.34722222223,0.0,False,11
7070,936.673,1996.0,1344.0,0.0,50093.34722222225,0.0,False,11
7071,936.728,1996.0000000000366,1343.999999998769,0.0,50093.34722222223,0.0,False,11
7072,936.893,1996.0,1344.0,0.0,50093.34722222225,0.0,False,11
7073,936.968,1995.9999999999948,1344.0000000001673,0.0,50093.34722222223,0.0,False,11
7074,937.073,1996.0,1344.0,0.0,50093.34722222225,0.0,False,11
7075,937.248,1996.0000000000002,1343.9999999999907,0.0,50093.34722222223,0.0,False,11
7076,937.293,1996.0,1344.0,0.0,50093.34722222223,0.0,False,11
7077,937.452,1996.0,1344.0,0.0,50093.34722222223,0.0,False,11
7078,937.488,1996.0,1343.999999999999,0.0,50093.34722222223,0.0,False,11
7079,937.793,1996.0,1344.0,0.0,50093.34722222223,0.0,False,11
7080,937.889,1995.9999999999998,1344.0000000000002,0.0,50093.34722222223,0.0,False,11
7081,938.213,1996.0,1344.0,0.0,50093.34722222225,0.0,False,11
7082,938.249,1996.0000000000002,1344.0,0.0,50093.34722222223,0.0,False,11
7083,938.393,1996.0,1344.0,0.0,50093.34722222225,0.0,False,11
7084,938.449,1996.0000000000002,1343.9999999999998,0.0,50093.34722222223,0.0,False,11
7085,938.573,1996.0,1344.0,0.0,50093.34722222225,0.0,False,11
7086,938.833,1996.0,1344.0,0.0,50093.34722222225,0.0,False,11
7087,938.849,1995.9999999999998,1344.0,0.0,50093.34722222223,0.0,False,11
7088,939.033,1996.0,1344.0,0.0,50093.34722222223,0.0,False,11
7089,939.333,1996.0,1344.0,0.0,50093.34722222225,0.0,False,11
7090,939.633,1996.0,1344.0,0.0,50093.34722222225,0.0,False,11
7091,939.873,1996.0,1344.0,0.0,50093.34722222225,0.0,False,11
7092,939.929,1995.9999999999998,1344.0,0.0,50093.34722222223,0.0,False,11
7093,940.093,1996.0,1344.0,0.0,50093.34722222225,0.0,False,11
7094,940.273,1996.0,1344.0,0.0,50093.34722222223,0.0,False,11
7095,940.369,1996.0,1344.0,0.0,50093.34722222223,0.0,False,11
7096,940.473,1996.0,1344.0,0.0,50093.34722222223,0.0,False,11
7097,940.713,1996.0,1344.0,0.0,50093.34722222225,0.0,False,11
7098,940.728,1996.0,1344.0000000000002,0.0,50093.34722222223,0.0,False,11
7099,941.033,1996.0,1344.0,0.0,50093.34722222223,0.0,False,11
7100,941.168,1996.0000000000002,1344.0,0.0,50093.34722222223,0.0,False,11
7101,941.368,1996.0000000000002,1344.0000000000002,0.0,50093.34722222223,0.0,False,11
7102,941.393,1996.0,1344.0,0.0,50093.34722222225,0.0,False,11
7103,941.528,1996.0,1344.0,0.0,50093.34722222223,0.0,False,11
7104,941.713,1996.0,1344.0,0.0,50093.34722222225,0.0,False,11
7105,941.848,1996.0000000000002,1344.0,0.0,50093.34722222223,0.0,False,11
7106,941.993,1996.0,1344.0,0.0,50093.34722222223,0.0,False,11
7107,942.168,1996.0000000000002,1344.0000000000002,0.0,50093.34722222223,0.0,False,11
7108,942.173,1996.0,1344.0,0.0,50093.34722222223,0.0,False,11
7109,942.368,1996.0,1343.9999999999998,0.0,50093.34722222223,0.0,False,11
7110,942.393,1996.0,1344.0,0.0,50093.34722222225,0.0,False,11
7111,942.608,1995.9999999999998,1343.9999999999998,0.0,50093.34722222223,0.0,False,11
7112,942.753,1996.0,1344.0,0.0,50093.34722222223,0.0,False,11
7113,942.928,1996.0,1344.0,0.0,50093.34722222223,0.0,False,11
7114,942.993,1996.0,1344.0,0.0,50093.34722222223,0.0,False,11
7115,943.128,1996.0000000000005,1344.0000000000002,0.0,50093.34722222223,0.0,False,11
7116,943.293,1996.0,1344.0,0.0,50093.34722222225,0.0,False,11
7117,943.368,1995.9999999999995,1343.9999999999995,0.0,50093.34722222223,0.0,False,11
7118,943.573,1996.0,1344.0,0.0,50093.34722222223,0.0,False,11
7119,943.608,1995.9999999999998,1343.9999999999998,0.0,50093.34722222223,0.0,False,11
7120,943.733,1996.0,1344.0,0.0,50093.34722222222,0.0,False,11
7121,943.913,1996.0,1344.0,0.0,50093.34722222223,0.0,False,11
7122,943.928,1996.0,1344.0,0.0,50093.34722222223,0.0,False,11
7123,944.128,1996.0000000000002,1344.0000000000002,0.0,50093.34722222223,0.0,False,11
7124,944.333,1996.0,1344.0,0.0,50093.34722222223,0.0,False,11
7125,944.489,1996.0000000000002,1344.0000000000002,0.0,50093.34722222223,0.0,False,11
7126,944.673,1996.0,1344.0,0.0,50093.34722222223,0.0,False,11
7127,944.889,1996.0,1344.0,0.0,50093.34722222223,0.0,False,11
7128,944.953,1996.0,1344.0,0.0,50093.34722222225,0.0,False,11
7129,945.193,1996.0,1344.0,0.0,50093.34722222223,0.0,False,11
7130,945.249,1996.0,1344.0000000000002,0.0,50093.34722222223,0.0,False,11
7131,945.393,1996.0,1344.0,0.0,50093.34722222223,0.0,False,11
7132,945.489,1995.9999999999998,1344.0,0.0,50093.34722222223,0.0,False,11
7133,945.649,1996.0,1344.0000000000002,0.0,50093.34722222223,0.0,False,11
7134,945.713,1996.0,1344.0,0.0,50093.34722222223,0.0,False,11
7135,945.929,1996.0000000000005,1344.0000000000002,0.0,50093.34722222223,0.0,False,11
7136,945.993,1996.0,1344.0,0.0,50093.34722222225,0.0,False,11
7137,946.173,1996.0,1344.0,0.0,50093.34722222223,0.0,False,11
7138,946.329,1996.0000000000002,1344.0,0.0,50093.34722222223,0.0,False,11
7139,946.353,1996.0,1344.0,0.0,50093.34722222223,0.0,False,11
7140,946.569,1996.0,1344.0000000000002,0.0,50093.34722222223,0.0,False,11
7141,946.673,1996.0,1344.0,0.0,50093.34722222225,0.0,False,11
7142,946.809,1996.0000000000002,1344.0000000000002,0.0,50093.34722222223,0.0,False,11
7143,946.833,1996.0,1344.0,0.0,50093.34722222225,0.0,False,11
7144,947.013,1996.0,1344.0,0.0,50093.34722222223,0.0,False,11
7145,947.089,1995.9999999999998,1344.0,0.0,50093.34722222223,0.0,False,11
7146,947.253,1996.0,1344.0,0.0,50093.34722222223,0.0,False,11
7147,947.568,1996.0000000000002,1344.0000000000002,0.0,50093.34722222223,0.0,False,11
7148,947.728,1996.0,1344.0,0.0,50093.34722222223,0.0,False,11
7149,947.888,1996.0,1344.0,0.0,50093.34722222223,0.0,False,11
7150,948.048,1996.0,1344.0,0.0,50093.34722222223,0.0,False,11
7151,948.153,1996.0,1344.0,0.0,50093.34722222223,0.0,False,11
7152,948.313,1996.0,1344.0,0.0,50093.34722222225,0.0,False,11
7153,948.328,1996.0000000000002,1344.0,0.0,50093.34722222223,0.0,False,11
7154,948.533,1996.0,1344.0,0.0,50093.34722222223,0.0,False,11
7155,948.608,1996.0,1343.9999999999998,0.0,50093.34722222223,0.0,False,11
7156,948.753,1996.0,1344.0,0.0,50093.34722222223,0.0,False,11
7157,948.848,1995.9999999999998,1343.9999999999995,0.0,50093.34722222223,0.0,False,11
7158,948.993,1996.0,1344.0,0.0,50093.34722222223,0.0,False,11
7159,949.168,1996.0000000000002,1344.0,0.0,50093.34722222223,0.0,False,11
7160,949.233,1996.0,1344.0,0.0,50093.34722222223,0.0,False,11
7161,949.433,1996.0,1344.0,0.0,50093.34722222222,0.0,False,11
7162,949.593,1996.0,1344.0,0.0,50093.34722222223,0.0,False,11
7163,949.648,1996.0,1344.0,0.0,50093.34722222223,0.0,False,11
7164,949.733,1996.0,1344.0,0.0,50093.34722222223,0.0,False,11
7165,949.808,1996.0000000000002,1344.0,0.0,50093.34722222223,0.0,False,11
7166,949.968,1996.0000000000005,1344.0,0.0,50093.34722222223,0.0,False,11
7167,950.013,1996.0,1344.0,0.0,50093.34722222222,0.0,False,11
7168,950.128,1996.0000000000002,1344.0,0.0,50093.34722222223,0.0,False,11
7169,950.193,1996.0,1344.0,0.0,50093.34722222223,0.0,False,11
7170,950.328,1996.0,1344.0000000000002,0.0,50093.34722222223,0.0,False,11
7171,950.393,1996.0,1344.0,0.0,50093.34722222223,0.0,False,11
7172,950.608,1995.9999999999995,1344.0,0.0,50093.34722222223,0.0,False,11
7173,950.712,1996.0,1344.0,0.0,50093.34722222223,0.0,False,11
7174,950.833,1996.0,1344.0,0.0,50093.34722222222,0.0,False,11
7175,950.929,1996.0000000000002,1344.0,0.0,50093.34722222223,0.0,False,11
7176,951.089,1995.9999999999998,1344.0,0.0,50093.34722222223,0.0,False,11
7177,951.113,1996.0,1344.0,0.0,50093.34722222225,0.0,False,11
7178,951.273,1996.0,1344.0,0.0,50093.34722222225,0.0,False,11
7179,951.369,1996.0000000000002,1344.0000000000002,0.0,50093.34722222223,0.0,False,11
7180,951.473,1996.0,1344.0,0.0,50093.34722222223,0.0,False,11
7181,951.529,1996.0,1344.0,0.0,50093.34722222223,0.0,False,11
7182,951.729,1995.9999999999998,1343.9999999999995,0.0,50093.34722222223,0.0,False,11
7183,951.853,1996.0,1344.0,0.0,50093.34722222223,0.0,False,11
7184,952.033,1996.0,1344.0,0.0,50093.34722222223,0.0,False,11
7185,952.089,1996.0000000000005,1344.0,0.0,50093.34722222223,0.0,False,11
7186,952.293,1996.0,1344.0,0.0,50093.34722222223,0.0,False,11
7187,952.329,1995.9999999999998,1344.0,0.0,50093.34722222223,0.0,False,11
7188,952.473,1996.0,1344.0,0.0,50093.34722222223,0.0,False,11
7189,952.569,1995.9999999999998,1344.0,0.0,50093.34722222223,0.0,False,11
7190,952.653,1996.0,1344.0,0.0,50093.34722222223,0.0,False,11
7191,952.889,1996.0,1344.0000000000002,0.0,50093.34722222223,0.0,False,11
7192,952.893,1996.0,1344.0,0.0,50093.34722222223,0.0,False,11
7193,953.093,1996.0,1344.0,0.0,50093.34722222223,0.0,False,11
7194,953.169,1996.0,1344.0,0.0,50093.34722222223,0.0,False,11
7195,953.293,1996.0,1344.0,0.0,50093.34722222223,0.0,False,11
7196,953.449,1995.9999999999993,1344.0,0.0,50093.34722222223,0.0,False,11
7197,953.573,1996.0,1344.0,0.0,50093.34722222223,0.0,False,11
7198,953.689,1996.0000000000002,1344.0,0.0,50093.34722222223,0.0,False,11
7199,953.849,1996.0000000000002,1344.0,0.0,50093.34722222223,0.0,False,11
7200,953.933,1996.0,1344.0,0.0,50093.34722222223,0.0,False,11
7201,954.113,1996.0,1344.0,0.0,50093.34722222223,0.0,False,11
7202,954.328,1996.0,1343.9999999999998,0.0,50093.34722222223,0.0,False,11
7203,954.393,1996.0,1344.0,0.0,50093.34722222225,0.0,False,11
7204,954.568,1996.0,1344.0,0.0,50093.34722222223,0.0,False,11
7205,954.753,1996.0,1344.0,0.0,50093.34722222225,0.0,False,11
7206,954.888,1996.0,1344.0,0.0,50093.34722222223,0.0,False,11
7207,954.973,1996.0,1344.0,0.0,50093.34722222225,0.0,False,11
7208,955.088,1996.0000000000002,1344.0000000000002,0.0,50093.34722222223,0.0,False,11
7209,955.153,1996.0,1344.0,0.0,50093.34722222225,0.0,False,11
7210,955.248,1996.0,1344.0,0.0,50093.34722222223,0.0,False,11
7211,955.373,1996.0,1344.0,0.0,50093.34722222223,0.0,False,11
7212,955.568,1996.0,1344.0000000000002,0.0,50093.34722222223,0.0,False,11
7213,955.613,1996.0,1344.0,0.0,50093.34722222223,0.0,False,11
7214,955.713,1996.0,1344.0,0.0,50093.34722222223,0.0,False,11
7215,955.808,1996.0,1344.0,0.0,50093.34722222223,0.0,False,11
7216,955.893,1996.0,1344.0,0.0,50093.34722222225,0.0,False,11
7217,956.213,1996.0,1344.0,0.0,50093.34722222225,0.0,False,11
7218,956.653,1996.0,1344.0,0.0,50093.34722222223,0.0,False,11
7219,956.733,1996.0,1344.0,0.0,50093.34722222223,0.0,False,11
7220,956.928,1996.0,1344.0,0.0,50093.34722222223,0.0,False,11
7221,957.073,1996.0,1344.0,0.0,50093.34722222225,0.0,False,11
7222,957.368,1996.0,1344.0,0.0,50093.34722222223,0.0,False,11
7223,957.433,1996.0,1344.0,0.0,50093.34722222223,0.0,False,11
7224,957.529,1996.0,1344.0,0.0,50093.34722222223,0.0,False,11
7225,957.633,1996.0,1344.0,0.0,50093.34722222223,0.0,False,11
7226,957.753,1996.0,1344.0,0.0,50093.34722222223,0.0,False,11
7227,957.849,1996.0,1344.0,0.0,50093.34722222223,0.0,False,11
7228,958.049,1996.0000000000002,1344.0000000000002,0.0,50093.34722222223,0.0,False,11
7229,958.053,1996.0,1344.0,0.0,50093.34722222223,0.0,False,11
7230,958.333,1996.0,1344.0,0.0,50093.34722222225,0.0,False,11
7231,958.369,1995.9999999999998,1343.9999999999998,0.0,50093.34722222223,0.0,False,11
7232,958.569,1995.9999999999995,1343.9999999999998,0.0,50093.34722222223,0.0,False,11
7233,958.753,1996.0,1344.0,0.0,50093.34722222223,0.0,False,11
7234,958.809,1995.9999999999995,1344.0,0.0,50093.34722222223,0.0,False,11
7235,958.933,1996.0,1344.0,0.0,50093.34722222223,0.0,False,11
7236,959.009,1996.0000000000005,1344.0000000000005,0.0,50093.34722222223,0.0,False,11
7237,959.353,1996.0,1344.0,0.0,50093.34722222223,0.0,False,11
7238,959.449,1995.9999999999995,1343.9999999999995,0.0,50093.34722222223,0.0,False,11
7239,959.649,1995.9999999999995,1343.9999999999998,0.0,50093.34722222223,0.0,False,11
7240,959.673,1996.0,1344.0,0.0,50093.34722222223,0.0,False,11
7241,959.873,1996.0,1344.0,0.0,50093.34722222223,0.0,False,11
7242,959.929,1996.0,1344.0000000000002,0.0,50093.34722222223,0.0,False,11
7243,960.093,1996.0,1344.0,0.0,50093.34722222223,0.0,False,11
7244,960.129,1995.9999999999998,1344.0,0.0,50093.34722222223,0.0,False,11
7245,960.253,1996.0,1344.0,0.0,50093.34722222223,0.0,False,11
7246,960.409,1995.9999999999998,1343.9999999999998,0.0,50093.34722222223,0.0,False,11
7247,960.513,1996.0,1344.0,0.0,50093.34722222223,0.0,False,11
7248,960.689,1996.0000000000005,1344.0000000000002,0.0,50093.34722222223,0.0,False,11
7249,960.753,1996.0,1344.0,0.0,50093.34722222223,0.0,False,11
7250,960.928,1995.9999999999998,1343.9999999999998,0.0,50093.34722222223,0.0,False,11
7251,960.933,1996.0,1344.0,0.0,50093.34722222223,0.0,False,11
7252,961.288,1995.9999999999995,1343.9999999999998,0.0,50093.34722222223,0.0,False,11
7253,961.393,1996.0,1344.0,0.0,50093.34722222223,0.0,False,11
7254,961.613,1996.0,1344.0,0.0,50093.34722222223,0.0,False,11
7255,961.728,1996.0000000000007,1344.0000000000002,0.0,50093.34722222223,0.0,False,11
7256,961.753,1996.0,1344.0,0.0,50093.34722222225,0.0,False,11
7257,961.928,1996.0000000000002,1344.0000000000002,0.0,50093.34722222223,0.0,False,11
7258,961.993,1996.0,1344.0,0.0,50093.34722222223,0.0,False,11
7259,962.193,1996.0,1344.0,0.0,50093.34722222225,0.0,False,11
7260,962.288,1996.0000000000005,1344.0,0.0,50093.34722222223,0.0,False,11
7261,962.593,1996.0,1344.0,0.0,50093.34722222223,0.0,False,11
7262,962.648,1995.9999999999995,1344.0,0.0,50093.34722222223,0.0,False,11
7263,962.773,1996.0,1344.0,0.0,50093.34722222223,0.0,False,11
7264,962.848,1996.0,1344.0000000000002,0.0,50093.34722222223,0.0,False,11
7265,963.008,1995.9999999999998,1344.0,0.0,50093.34722222223,0.0,False,11
7266,963.233,1996.0,1344.0,0.0,50093.34722222223,0.0,False,11
7267,963.368,1995.9999999999998,1344.0,0.0,50093.34722222223,0.0,False,11
7268,963.608,1996.0000000000002,1344.0000000000002,0.0,50093.34722222223,0.0,False,11
7269,963.613,1996.0,1344.0,0.0,50093.34722222223,0.0,False,11
7270,963.812,1996.0,1344.0,0.0,50093.34722222223,0.0,False,11
7271,963.888,1995.9999999999998,1344.0,0.0,50093.34722222223,0.0,False,11
7272,964.073,1996.0,1344.0,0.0,50093.34722222225,0.0,False,11
7273,964.169,1995.9999999999995,1343.9999999999998,0.0,50093.34722222223,0.0,False,11
7274,964.233,1996.0,1344.0,0.0,50093.34722222225,0.0,False,11
7275,964.529,1995.9999999999998,1343.9999999999995,0.0,50093.34722222223,0.0,False,11
7276,964.613,1996.0,1344.0,0.0,50093.34722222223,0.0,False,11
7277,964.729,1996.0000000000002,1344.0,0.0,50093.34722222223,0.0,False,11
7278,964.793,1996.0,1344.0,0.0,50093.34722222223,0.0,False,11
7279,964.929,1995.9999999999998,1344.0,0.0,50093.34722222223,0.0,False,11
7280,965.033,1996.0,1344.0,0.0,50093.34722222223,0.0,False,11
7281,965.209,1996.0000000000002,1344.0,0.0,50093.34722222223,0.0,False,11
7282,965.233,1996.0,1344.0,0.0,50093.34722222223,0.0,False,11
7283,965.393,1996.0,1344.0,0.0,50093.34722222223,0.0,False,11
7284,965.449,1996.0000000000002,1344.0,0.0,50093.34722222223,0.0,False,11
7285,965.713,1996.0,1344.0,0.0,50093.34722222225,0.0,False,11
7286,965.849,1995.9999999999998,1343.9999999999998,0.0,50093.34722222223,0.0,False,11
7287,965.953,1996.0,1344.0,0.0,50093.34722222225,0.0,False,11
7288,966.049,1995.9999999999995,1343.9999999999998,0.0,50093.34722222223,0.0,False,11
7289,966.213,1996.0,1344.0,0.0,50093.34722222223,0.0,False,11
7290,966.289,1995.9999999999998,1344.0,0.0,50093.34722222223,0.0,False,11
7291,966.433,1996.0,1344.0,0.0,50093.34722222223,0.0,False,11
7292,966.609,1995.9999999999998,1344.0,0.0,50093.34722222223,0.0,False,11
7293,966.613,1996.0,1344.0,0.0,50093.34722222223,0.0,False,11
7294,966.913,1996.0,1344.0,0.0,50093.34722222223,0.0,False,11
7295,966.969,1996.0000000000002,1344.0,0.0,50093.34722222223,0.0,False,11
7296,967.133,1996.0,1344.0,0.0,50093.34722222223,0.0,False,11
7297,967.169,1995.9999999999998,1343.9999999999998,0.0,50093.34722222223,0.0,False,11
7298,967.369,1996.0000000000002,1344.0000000000005,0.0,50093.34722222223,0.0,False,11
7299,967.373,1996.0,1344.0,0.0,50093.34722222223,0.0,False,11
7300,967.608,1995.9999999999998,1343.9999999999995,0.0,50093.34722222223,0.0,False,11
7301,967.733,1996.0,1344.0,0.0,50093.34722222222,0.0,False,11
7302,967.913,1996.0,1344.0,0.0,50093.34722222225,0.0,False,11
7303,968.088,1996.0,1344.0,0.0,50093.34722222223,0.0,False,11
7304,968.173,1996.0,1344.0,0.0,50093.34722222223,0.0,False,11
7305,968.288,1996.0000000000002,1344.0000000000002,0.0,50093.34722222223,0.0,False,11
7306,968.353,1996.0,1344.0,0.0,50093.34722222223,0.0,False,11
7307,968.568,1996.0000000000002,1344.0000000000002,0.0,50093.34722222223,0.0,False,11
7308,968.753,1996.0,1344.0,0.0,50093.34722222223,0.0,False,11
7309,968.848,1995.9999999999998,1343.9999999999998,0.0,50093.34722222223,0.0,False,11
7310,969.013,1996.0,1344.0,0.0,50093.34722222223,0.0,False,11
7311,969.128,1996.0,1344.0,0.0,50093.34722222223,0.0,False,11
7312,969.213,1996.0,1344.0,0.0,50093.34722222225,0.0,False,11
7313,969.328,1995.9999999999998,1344.0,0.0,50093.34722222223,0.0,False,11
7314,969.433,1996.0,1344.0,0.0,50093.34722222223,0.0,False,11
7315,969.608,1996.0,1344.0000000000002,0.0,50093.34722222223,0.0,False,11
7316,969.693,1996.0,1344.0,0.0,50093.34722222223,0.0,False,11
7317,969.933,1996.0,1344.0,0.0,50093.34722222223,0.0,False,11
7318,969.968,1995.9999999999995,1343.9999999999995,0.0,50093.34722222223,0.0,False,11
7319,970.128,1996.0,1344.0,0.0,50093.34722222223,0.0,False,11
7320,970.153,1996.0,1344.0,0.0,50093.34722222223,0.0,False,11
7321,970.568,1995.9999999999998,1344.0,0.0,50093.34722222223,0.0,False,11
7322,970.573,1996.0,1344.0,0.0,50093.34722222223,0.0,False,11
7323,970.929,1996.0,1343.9999999999998,0.0,50093.34722222223,0.0,False,11
7324,970.953,1996.0,1344.0,0.0,50093.34722222223,0.0,False,11
7325,971.169,1996.0,1343.9999999999998,0.0,50093.34722222223,0.0,False,11
7326,971.329,1995.9999999999998,1343.9999999999998,0.0,50093.34722222223,0.0,False,11
7327,971.393,1996.0,1344.0,0.0,50093.34722222223,0.0,False,11
7328,971.593,1996.0,1344.0,0.0,50093.34722222225,0.0,False,11
7329,971.649,1995.9999999999998,1344.0,0.0,50093.34722222223,0.0,False,11
7330,971.809,1995.9999999999998,1343.9999999999998,0.0,50093.34722222223,0.0,False,11
7331,971.813,1996.0,1344.0,0.0,50093.34722222223,0.0,False,11
7332,972.049,1996.0,1343.9999999999998,0.0,50093.34722222223,0.0,False,11
7333,972.209,1995.9999999999998,1343.9999999999998,0.0,50093.34722222223,0.0,False,11
7334,972.233,1996.0,1344.0,0.0,50093.34722222223,0.0,False,11
7335,972.453,1996.0,1344.0,0.0,50093.34722222223,0.0,False,11
7336,972.489,1995.9999999999998,1343.9999999999998,0.0,50093.34722222223,0.0,False,11
7337,972.633,1996.0,1344.0,0.0,50093.34722222223,0.0,False,11
7338,972.729,1996.0,1344.0,0.0,50093.34722222223,0.0,False,11
7339,972.873,1996.0,1344.0,0.0,50093.34722222223,0.0,False,11
7340,973.073,1996.0,1344.0,0.0,50093.34722222225,0.0,False,11
7341,973.089,1995.9999999999998,1343.9999999999998,0.0,50093.34722222223,0.0,False,11
7342,973.313,1996.0,1344.0,0.0,50093.34722222223,0.0,False,11
7343,973.449,1995.9999999999998,1344.0,0.0,50093.34722222223,0.0,False,11
7344,973.633,1996.0,1344.0,0.0,50093.34722222223,0.0,False,11
7345,973.849,1996.0000000000005,1344.0000000000005,0.0,50093.34722222223,0.0,False,11
7346,973.913,1996.0,1344.0,0.0,50093.34722222223,0.0,False,11
7347,974.089,1996.0,1344.0000000000002,0.0,50093.34722222223,0.0,False,11
7348,974.153,1996.0,1344.0,0.0,50093.34722222223,0.0,False,11
7349,974.288,1996.0000000000002,1344.0,0.0,50093.34722222223,0.0,False,11
7350,974.313,1996.0,1344.0,0.0,50093.34722222223,0.0,False,11
7351,974.488,1996.0000000000005,1344.0000000000002,0.0,50093.34722222223,0.0,False,11
7352,974.713,1996.0,1344.0,0.0,50093.34722222223,0.0,False,11
7353,974.808,1996.0,1343.9999999999998,0.0,50093.34722222223,0.0,False,11
7354,974.893,1996.0,1344.0,0.0,50093.34722222223,0.0,False,11
7355,975.088,1996.0000000000002,1344.0,0.0,50093.34722222223,0.0,False,11
7356,975.133,1996.0,1344.0,0.0,50093.34722222223,0.0,False,11
7357,975.248,1996.0,1344.0,0.0,50093.34722222223,0.0,False,11
7358,975.313,1996.0,1344.0,0.0,50093.34722222223,0.0,False,11
7359,975.513,1996.0,1344.0,0.0,50093.34722222225,0.0,False,11
7360,975.568,1996.0,1344.0,0.0,50093.34722222223,0.0,False,11
7361,975.673,1996.0,1344.0,0.0,50093.34722222223,0.0,False,11
7362,975.768,1996.0,1344.0000000000002,0.0,50093.34722222223,0.0,False,11
7363,975.993,1996.0,1344.0,0.0,50093.34722222223,0.0,False,11
7364,976.153,1996.0,1344.0,0.0,50093.34722222223,0.0,False,11
7365,976.288,1996.0,1344.0,0.0,50093.34722222223,0.0,False,11
7366,976.333,1996.0,1344.0,0.0,50093.34722222225,0.0,False,11
7367,976.488,1996.0000000000002,1344.0000000000002,0.0,50093.34722222223,0.0,False,11
7368,976.673,1996.0,1344.0,0.0,50093.34722222223,0.0,False,11
7369,976.688,1996.0,1344.0,0.0,50093.34722222223,0.0,False,11
7370,977.008,1995.9999999999998,1344.0,0.0,50093.34722222223,0.0,False,11
7371,977.052,1996.0,1344.0,0.0,50093.34722222223,0.0,False,11
7372,977.209,1995.9999999999998,1343.9999999999998,0.0,50093.34722222223,0.0,False,11
7373,977.449,1996.0,1343.9999999999998,0.0,50093.34722222223,0.0,False,11
7374,977.473,1996.0,1344.0,0.0,50093.34722222223,0.0,False,11
7375,977.633,1996.0,1344.0,0.0,50093.34722222223,0.0,False,11
7376,977.689,1996.0000000000005,1344.0,0.0,50093.34722222223,0.0,False,11
7377,977.713,1996.0,1344.0,0.0,50093.34722222223,0.0,False,11
7378,977.889,1995.9999999999998,1343.9999999999995,0.0,50093.34722222223,0.0,False,11
7379,978.013,1996.0,1344.0,0.0,50093.34722222223,0.0,False,11
7380,978.089,1995.9999999999998,1344.0,0.0,50093.34722222223,0.0,False,11
7381,978.393,1996.0,1344.0,0.0,50093.34722222223,0.0,False,11
7382,978.409,1995.9999999999998,1343.9999999999998,0.0,50093.34722222223,0.0,False,11
7383,978.593,1996.0,1344.0,0.0,50093.34722222223,0.0,False,11
7384,978.649,1995.9999999999995,1343.9999999999998,0.0,50093.34722222223,0.0,False,11
7385,978.753,1996.0,1344.0,0.0,50093.34722222225,0.0,False,11
7386,978.929,1996.0,1344.0000000000002,0.0,50093.34722222223,0.0,False,11
7387,978.953,1996.0,1344.0,0.0,50093.34722222225,0.0,False,11
7388,979.289,1996.0,1344.0000000000002,0.0,50093.34722222223,0.0,False,11
7389,979.293,1996.0,1344.0,0.0,50093.34722222225,0.0,False,11
7390,979.449,1996.0000000000002,1344.0,0.0,50093.34722222223,0.0,False,11
7391,979.689,1996.0,1344.0000000000002,0.0,50093.34722222223,0.0,False,11
7392,979.929,1996.0000000000005,1344.0000000000005,0.0,50093.34722222223,0.0,False,11
7393,980.073,1996.0,1344.0,0.0,50093.34722222223,0.0,False,11
7394,980.249,1996.0,1344.0,0.0,50093.34722222223,0.0,False,11
7395,980.273,1996.0,1344.0,0.0,50093.34722222223,0.0,False,11
7396,980.529,1996.0,1344.0,0.0,50093.34722222223,0.0,False,11
7397,980.593,1996.0,1344.0,0.0,50093.34722222225,0.0,False,11
7398,980.849,1996.0000000000005,1344.0000000000005,0.0,50093.34722222223,0.0,False,11
7399,980.953,1996.0,1344.0,0.0,50093.34722222223,0.0,False,11
7400,981.008,1996.0000000000002,1344.0,0.0,50093.34722222223,0.0,False,11
7401,981.193,1996.0,1344.0,0.0,50093.34722222225,0.0,False,11
7402,981.328,1996.0000000000002,1344.0000000000002,0.0,50093.34722222223,0.0,False,11
7403,981.353,1996.0,1344.0,0.0,50093.34722222225,0.0,False,11
7404,981.528,1996.0000000000002,1343.9999999999998,0.0,50093.34722222223,0.0,False,11
7405,981.553,1996.0,1344.0,0.0,50093.34722222223,0.0,False,11
7406,981.768,1996.0,1344.0,0.0,50093.34722222223,0.0,False,11
7407,981.773,1996.0,1344.0,0.0,50093.34722222223,0.0,False,11
7408,982.093,1996.0,1344.0,0.0,50093.34722222223,0.0,False,11
7409,982.168,1996.0,1343.9999999999998,0.0,50093.34722222223,0.0,False,11
7410,982.353,1996.0,1344.0,0.0,50093.34722222225,0.0,False,11
7411,982.488,1996.0000000000002,1344.0,0.0,50093.34722222223,0.0,False,11
7412,982.613,1996.0,1344.0,0.0,50093.34722222223,0.0,False,11
7413,982.793,1996.0,1344.0,0.0,50093.34722222222,0.0,False,11
7414,982.808,1995.9999999999998,1344.0,0.0,50093.34722222223,0.0,False,11
7415,982.968,1996.0000000000002,1344.0,0.0,50093.34722222223,0.0,False,11
7416,983.053,1996.0,1344.0,0.0,50093.34722222223,0.0,False,11
7417,983.213,1996.0,1344.0,0.0,50093.34722222223,0.0,False,11
7418,983.248,1996.0000000000002,1344.0,0.0,50093.34722222223,0.0,False,11
7419,983.453,1996.0,1344.0,0.0,50093.34722222225,0.0,False,11
7420,983.488,1996.0,1344.0,0.0,50093.34722222223,0.0,False,11
7421,983.672,1996.0,1344.0,0.0,50093.34722222225,0.0,False,11
7422,983.769,1996.0,1344.0,0.0,50093.34722222223,0.0,False,11
7423,983.833,1996.0,1344.0,0.0,50093.34722222225,0.0,False,11
7424,984.073,1996.0,1344.0,0.0,50093.34722222225,0.0,False,11
7425,984.129,1996.0000000000048,1344.0000000000005,0.0,50093.34722222223,0.0,False,11
7426,984.273,1996.0,1344.0,0.0,50093.34722222223,0.0,False,11
7427,984.329,1995.999999999975,1344.0,0.0,50093.34722222223,0.0,False,11
7428,984.613,1996.0,1344.0,0.0,50093.34722222222,0.0,False,11
7429,984.649,1996.0000000001044,1344.0000000000002,0.0,50093.34722222223,0.0,False,11
7430,985.013,1996.0,1344.0,0.0,50093.34722222223,0.0,False,11
7431,985.089,1995.9999999984582,1344.0000000000002,0.0,50093.34722222223,0.0,False,11
7432,985.353,1996.0,1344.0,0.0,50093.34722222223,0.0,False,11
7433,985.369,1996.000000001476,1344.0,0.0,50093.34722222223,0.0,False,11
7434,985.609,1996.0000000165644,1343.9999999999998,0.0,50093.34722222223,0.0,False,11
7435,985.653,1996.0,1344.0,0.0,50093.34722222223,0.0,False,11
7436,985.809,1995.9999999565068,1344.0,0.0,50093.34722222223,0.0,False,11
7437,985.833,1996.0,1344.0,0.0,50093.34722222223,0.0,False,11
7438,986.013,1996.0,1344.0,0.0,50093.34722222225,0.0,False,11
7439,986.049,1995.9999994052362,1344.0000000000002,0.0,50093.34722222223,0.0,False,11
7440,986.213,1996.0,1344.0,0.0,50093.34722222223,0.0,False,11
7441,986.289,1996.000009252146,1344.0000000000002,0.0,50093.34722222223,0.0,False,11
7442,986.449,1996.0000019783756,1344.0,0.0,50093.34722222223,0.0,False,11
7443,986.453,1996.0,1344.0,0.0,50093.34722222223,0.0,False,11
7444,986.633,1996.0,1344.0,0.0,50093.34722222223,0.0,False,11
7445,986.649,1996.0000467924024,1344.0,0.0,50093.34722222223,0.0,False,11
7446,986.849,1996.0000651365278,1343.9999999999998,0.0,50093.34722222223,0.0,False,11
7447,986.853,1996.0,1344.0,0.0,50093.34722222225,0.0,False,11
7448,987.133,1996.0,1344.0,0.0,50093.34722222225,0.0,False,11
7449,987.329,1996.0433188337247,1344.0,0.0,50093.34722222223,0.0,False,11
7450,987.533,1996.0,1344.0,0.0,50093.34722222223,0.0,False,11
7451,987.569,1995.9682104179676,1344.0000000000002,0.0,50093.34722222223,0.0,False,11
7452,987.793,1996.0,1344.0,0.0,50093.34722222222,0.0,False,11
7453,987.968,1996.9821094905362,1343.9999999999998,0.0,50093.34722222223,0.0,False,11
7454,987.973,1997.0,1344.0,0.0,50093.34722222223,0.0,False,11
7455,988.168,1997.0173006043844,1344.0,0.0,50093.34722222223,0.0,False,11
7456,988.193,1997.0,1344.0,0.0,50093.34722222225,0.0,False,11
7457,988.413,1997.0,1344.0,0.0,50093.34722222223,0.0,False,11
7458,988.488,1997.005282962737,1344.0000000000002,0.0,50093.34722222223,0.0,False,11
7459,988.693,1997.0,1344.0,0.0,50093.34722222223,0.0,False,11
7460,988.728,1996.9995367893453,1344.0,0.0,50093.34722222223,0.0,False,11
7461,988.888,1996.9999275285872,1343.9999999999998,0.0,50093.34722222223,0.0,False,11
7462,988.913,1997.0,1344.0,0.0,50093.34722222223,0.0,False,11
7463,989.053,1997.0,1344.0,0.0,50093.34722222223,0.0,False,11
7464,989.088,1996.999986846827,1344.0000000000002,0.0,50093.34722222223,0.0,False,11
7465,989.248,1996.9999974614211,1343.9999999999998,0.0,50093.34722222223,0.0,False,11
7466,989.273,1997.0,1344.0,0.0,50093.34722222223,0.0,False,11
7467,989.448,1997.0000017507869,1343.9999999999998,0.0,50093.34722222223,0.0,False,11
7468,989.533,1997.0,1344.0,0.0,50093.34722222223,0.0,False,11
7469,989.693,1997.0,1344.0,0.0,50093.34722222223,0.0,False,11
7470,989.768,1997.0000000786101,1344.0,0.0,50093.34722222223,0.0,False,11
7471,989.893,1997.0,1344.0,0.0,50093.34722222223,0.0,False,11
7472,990.073,1997.0,1344.0,0.0,50093.34722222223,0.0,False,11
7473,990.128,1997.0000000031505,1344.0000000000002,0.0,50093.34722222223,0.0,False,11
7474,990.288,1997.0000000014288,1344.0000000000002,0.0,50093.34722222223,0.0,False,11
7475,990.373,1997.0,1344.0,0.0,50093.34722222225,0.0,False,11
7476,990.553,1997.0,1344.0,0.0,50093.34722222223,0.0,False,11
7477,990.569,1997.0000000000243,1344.0,0.0,50093.34722222223,0.0,False,11
7478,990.733,1997.0,1344.0,0.0,50093.34722222222,0.0,False,11
7479,990.769,1996.9999999999893,1344.0000000000002,0.0,50093.34722222223,0.0,False,11
7480,991.013,1997.0,1344.0,0.0,50093.34722222223,0.0,False,11
7481,991.209,1997.0000000000032,1343.9999999999998,0.0,50093.34722222223,0.0,False,11
7482,991.393,1997.0,1344.0,0.0,50093.34722222223,0.0,False,11
7483,991.593,1997.0,1344.0,0.0,50093.34722222225,0.0,False,11
7484,991.649,1997.0000000000002,1344.0000000000002,0.0,50093.34722222223,0.0,False,11
7485,991.773,1997.0,1344.0,0.0,50093.34722222225,0.0,False,11
7486,991.953,1997.0,1344.0,0.0,50093.34722222225,0.0,False,11
7487,991.969,1996.9999999999998,1344.0,0.0,50093.34722222223,0.0,False,11
7488,992.209,1997.0,1344.0,0.0,50093.34722222223,0.0,False,11
7489,992.273,1997.0,1344.0,0.0,50093.34722222223,0.0,False,11
7490,992.449,1997.0000000000002,1344.0000000000002,0.0,50093.34722222223,0.0,False,11
7491,992.573,1997.0,1344.0,0.0,50093.34722222223,0.0,False,11
7492,992.649,1996.9999999999998,1343.9999999999998,0.0,50093.34722222223,0.0,False,11
7493,992.813,1997.0,1344.0,0.0,50093.34722222222,0.0,False,11
7494,992.849,1996.9999999999998,1343.9999999999998,0.0,50093.34722222223,0.0,False,11
7495,993.073,1997.0,1344.0,0.0,50093.34722222223,0.0,False,11
7496,993.289,1997.0,1343.9999999999998,0.0,50093.34722222223,0.0,False,11
7497,993.293,1997.0,1344.0,0.0,50093.34722222223,0.0,False,11
7498,993.613,1997.0,1344.0,0.0,50093.34722222225,0.0,False,11
7499,993.649,1997.0,1344.0,0.0,50093.34722222223,0.0,False,11
7500,993.813,1997.0,1344.0,0.0,50093.34722222223,0.0,False,11
7501,993.889,1997.0,1344.0,0.0,50093.34722222223,0.0,False,11
7502,993.993,1997.0,1344.0,0.0,50093.34722222223,0.0,False,11
7503,994.289,1996.9999999999998,1344.0,0.0,50093.34722222223,0.0,False,11
7504,994.293,1997.0,1344.0,0.0,50093.34722222223,0.0,False,11
7505,994.448,1997.0,1343.9999999999998,0.0,50093.34722222223,0.0,False,11
7506,994.473,1997.0,1344.0,0.0,50093.34722222223,0.0,False,11
7507,994.673,1997.0,1344.0,0.0,50093.34722222225,0.0,False,11
7508,994.688,1997.0000000000002,1344.0,0.0,50093.34722222223,0.0,False,11
7509,994.848,1996.9999999999998,1343.9999999999998,0.0,50093.34722222223,0.0,False,11
7510,994.953,1997.0,1344.0,0.0,50093.34722222225,0.0,False,11
7511,995.133,1997.0,1344.0,0.0,50093.34722222225,0.0,False,11
7512,995.168,1997.0,1344.0,0.0,50093.34722222223,0.0,False,11
7513,995.368,1997.0000000000002,1344.0,0.0,50093.34722222223,0.0,False,11
7514,995.593,1997.0,1344.0,0.0,50093.34722222223,0.0,False,11
7515,995.768,1997.0,1343.9999999999998,0.0,50093.34722222223,0.0,False,11
7516,995.913,1997.0,1344.0,0.0,50093.34722222225,0.0,False,11
7517,996.048,1997.0000000000005,1344.0000000000005,0.0,50093.34722222223,0.0,False,11
7518,996.093,1997.0,1344.0,0.0,50093.34722222223,0.0,False,11
7519,996.273,1997.0,1344.0,0.0,50093.34722222223,0.0,False,11
7520,996.328,1997.0000000000002,1344.0,0.0,50093.34722222223,0.0,False,11
7521,996.493,1997.0,1344.0,0.0,50093.34722222225,0.0,False,11
7522,996.568,1997.0,1344.0,0.0,50093.34722222223,0.0,False,11
7523,996.733,1997.0,1344.0,0.0,50093.34722222223,0.0,False,11
7524,996.768,1997.0,1343.9999999999995,0.0,50093.34722222223,0.0,False,11
7525,997.089,1996.9999999999998,1343.9999999999998,0.0,50093.34722222223,0.0,False,11
7526,997.289,1996.9999999999998,1343.9999999999998,0.0,50093.34722222223,0.0,False,11
7527,997.529,1996.9999999999995,1343.9999999999998,0.0,50093.34722222223,0.0,False,11
7528,997.693,1997.0,1344.0,0.0,50093.34722222223,0.0,False,11
7529,997.729,1996.9999999999998,1344.0,0.0,50093.34722222223,0.0,False,11
7530,997.933,1997.0,1344.0,0.0,50093.34722222225,0.0,False,11
7531,997.969,1997.0000000000002,1344.0,0.0,50093.34722222223,0.0,False,11
7532,998.133,1997.0,1344.0,0.0,50093.34722222225,0.0,False,11
7533,998.169,1997.0,1343.9999999999998,0.0,50093.34722222223,0.0,False,11
7534,998.329,1997.0,1343.9999999999998,0.0,50093.34722222223,0.0,False,11
7535,998.353,1997.0,1344.0,0.0,50093.34722222225,0.0,False,11
7536,998.533,1997.0,1344.0,0.0,50093.34722222225,0.0,False,11
7537,998.569,1996.9999999999998,1343.9999999999998,0.0,50093.34722222223,0.0,False,11
7538,998.753,1997.0,1344.0,0.0,50093.34722222223,0.0,False,11
7539,998.809,1997.0,1343.9999999999998,0.0,50093.34722222223,0.0,False,11
7540,999.049,1997.0,1344.0,0.0,50093.34722222223,0.0,False,11
7541,999.093,1997.0,1344.0,0.0,50093.34722222223,0.0,False,11
7542,999.353,1997.0,1344.0,0.0,50093.34722222223,0.0,False,11
7543,999.369,1997.0,1344.0,0.0,50093.34722222223,0.0,False,11
7544,999.609,1997.0000000000002,1344.0000000000002,0.0,50093.34722222223,0.0,False,11
7545,999.673,1997.0,1344.0,0.0,50093.34722222223,0.0,False,11
7546,999.849,1996.9999999999998,1344.0,0.0,50093.34722222223,0.0,False,11
7547,999.953,1997.0,1344.0,0.0,50093.34722222223,0.0,False,11
7548,1000.033,1997.0,1344.0,0.0,50093.34722222223,0.0,False,11
7549,1000.249,1997.0000000000005,1344.0000000000002,0.0,50093.34722222223,0.0,False,11
7550,1000.393,1997.0,1344.0,0.0,50093.34722222225,0.0,False,11
7551,1000.449,1997.0000000000002,1344.0,0.0,50093.34722222223,0.0,False,11
7552,1000.813,1997.0,1344.0,0.0,50093.34722222225,0.0,False,11
7553,1000.849,1997.0000000000002,1344.0000000000002,0.0,50093.34722222223,0.0,False,11
7554,1001.009,1996.9999999999998,1343.9999999999998,0.0,50093.34722222223,0.0,False,11
7555,1001.248,1997.0000000000002,1344.0,0.0,50093.34722222223,0.0,False,11
7556,1001.253,1997.0,1344.0,0.0,50093.34722222223,0.0,False,11
7557,1001.408,1996.9999999999998,1343.9999999999998,0.0,50093.34722222223,0.0,False,11
7558,1001.608,1997.0000000000002,1344.0000000000002,0.0,50093.34722222223,0.0,False,11
7559,1001.673,1997.0,1344.0,0.0,50093.34722222225,0.0,False,11
7560,1001.768,1997.0,1344.0,0.0,50093.34722222223,0.0,False,11
7561,1001.833,1997.0,1344.0,0.0,50093.34722222223,0.0,False,11
7562,1002.008,1996.9999999999998,1344.0,0.0,50093.34722222223,0.0,False,11
7563,1002.093,1997.0,1344.0,0.0,50093.34722222223,0.0,False,11
7564,1002.368,1997.0,1344.0,0.0,50093.34722222223,0.0,False,11
7565,1002.413,1997.0,1344.0,0.0,50093.34722222223,0.0,False,11
7566,1002.608,1996.9999999999998,1344.0,0.0,50093.34722222223,0.0,False,11
7567,1002.633,1997.0,1344.0,0.0,50093.34722222223,0.0,False,11
7568,1002.833,1997.0,1344.0,0.0,50093.34722222223,0.0,False,11
7569,1003.008,1996.9999999999998,1343.9999999999995,0.0,50093.34722222223,0.0,False,11
7570,1003.053,1997.0,1344.0,0.0,50093.34722222225,0.0,False,11
7571,1003.213,1997.0,1344.0,0.0,50093.34722222223,0.0,False,11
7572,1003.368,1997.0,1343.9999999999884,0.0,50093.34722222223,0.0,False,11
7573,1003.433,1997.0,1344.0,0.0,50093.34722222223,0.0,False,11
7574,1003.809,1997.0000000000002,1344.0000000000098,0.0,50093.34722222223,0.0,False,11
7575,1003.813,1997.0,1344.0,0.0,50093.34722222223,0.0,False,11
7576,1003.969,1997.0,1343.9999999997897,0.0,50093.34722222223,0.0,False,11
7577,1003.993,1997.0,1344.0,0.0,50093.34722222223,0.0,False,11
7578,1004.313,1997.0,1344.0,0.0,50093.34722222225,0.0,False,11
7579,1004.633,1997.0,1344.0,0.0,50093.34722222223,0.0,False,11
7580,1004.889,1997.0000000000002,1344.0000002555737,0.0,50093.34722222223,0.0,False,11
7581,1005.073,1997.0,1344.0,0.0,50093.34722222225,0.0,False,11
7582,1005.129,1997.0,1343.9999997719642,0.0,50093.34722222223,0.0,False,11
7583,1005.289,1996.9999999999995,1343.9999994569087,0.0,50093.34722222223,0.0,False,11
7584,1005.333,1997.0,1344.0,0.0,50093.34722222225,0.0,False,11
7585,1005.553,1997.0,1344.0,0.0,50093.34722222223,0.0,False,11
7586,1005.569,1997.0,1343.9999984737483,0.0,50093.34722222223,0.0,False,11
7587,1005.729,1996.9999999999998,1343.9999982220988,0.0,50093.34722222223,0.0,False,11
7588,1005.733,1997.0,1344.0,0.0,50093.34722222222,0.0,False,11
7589,1005.973,1997.0,1344.0,0.0,50093.34722222223,0.0,False,11
7590,1006.033,1997.0,1344.0,0.0,50093.34722222225,0.0,False,11
7591,1006.169,1997.0000000000002,1344.0064020924467,0.0,50093.34722222223,0.0,False,11
7592,1006.373,1997.0,1344.0,0.0,50093.34722222223,0.0,False,11
7593,1006.409,1997.0,1343.9911619883899,0.0,50093.34722222223,0.0,False,11
7594,1006.713,1997.0,1344.0,0.0,50093.34722222223,0.0,False,11
7595,1006.769,1997.0,1344.0872068186586,0.0,50093.34722222223,0.0,False,11
7596,1006.929,1997.0,1344.1302907950262,0.0,50093.34722222223,0.0,False,11
7597,1006.953,1997.0,1344.0,0.0,50093.34722222223,0.0,False,11
7598,1007.073,1997.0,1343.0,0.0,50093.34722222223,0.0,False,11
7599,1007.209,1997.0000000000002,1342.9378789956527,0.0,50093.34722222223,0.0,False,11
7600,1007.253,1997.0,1343.0,0.0,50093.34722222223,0.0,False,11
7601,1007.533,1997.0,1343.0,0.0,50093.34722222223,0.0,False,11
7602,1007.609,1997.0000000000002,1342.9883363840836,0.0,50093.34722222223,0.0,False,11
7603,1007.848,1997.0000000000005,1342.9984379486084,0.0,50093.34722222223,0.0,False,11
7604,1007.893,1997.0,1343.0,0.0,50093.34722222223,0.0,False,11
7605,1008.073,1997.0,1343.0,0.0,50093.34722222223,0.0,False,11
7606,1008.128,1997.0000000000002,1342.9997686221438,0.0,50093.34722222223,0.0,False,11
7607,1008.368,1997.0000000000002,1342.999978238295,0.0,50093.34722222223,0.0,False,11
7608,1008.393,1997.0,1343.0,0.0,50093.34722222225,0.0,False,11
7609,1008.593,1997.0,1343.0,0.0,50093.34722222223,0.0,False,11
7610,1008.648,1996.9999999999998,1342.9999967723174,0.0,50093.34722222223,0.0,False,11
7611,1008.753,1997.0,1343.0,0.0,50093.34722222225,0.0,False,11
7612,1008.953,1997.0,1343.0,0.0,50093.34722222223,0.0,False,11
7613,1009.088,1997.0000000000002,1342.999999872835,0.0,50093.34722222223,0.0,False,11
7614,1009.193,1997.0,1343.0,0.0,50093.34722222223,0.0,False,11
7615,1009.248,1996.9999999999998,1343.0000000432158,0.0,50093.34722222223,0.0,False,11
7616,1009.528,1997.0,1343.0000000368248,0.0,50093.34722222223,0.0,False,11
7617,1009.693,1997.0,1343.0,0.0,50093.34722222223,0.0,False,11
7618,1009.768,1997.0000000000005,1342.9999999926151,0.0,50093.34722222223,0.0,False,11
7619,1010.008,1997.0000000000002,1342.9999999983952,0.0,50093.34722222223,0.0,False,11
7620,1010.073,1997.0,1343.0,0.0,50093.34722222223,0.0,False,11
7621,1010.293,1997.0,1343.0,0.0,50093.34722222223,0.0,False,11
7622,1010.329,1996.9999999999995,1342.999999999923,0.0,50093.34722222223,0.0,False,11
7623,1010.493,1997.0,1343.0,0.0,50093.34722222223,0.0,False,11
7624,1010.609,1997.0,1343.0000000000198,0.0,50093.34722222223,0.0,False,11
7625,1010.733,1997.0,1343.0,0.0,50093.34722222225,0.0,False,11
7626,1010.889,1997.0,1342.9999999999966,0.0,50093.34722222223,0.0,False,11
7627,1011.013,1997.0,1343.0,0.0,50093.34722222223,0.0,False,11
7628,1011.169,1997.0000000000002,1343.0000000000005,0.0,50093.34722222223,0.0,False,11
7629,1011.253,1997.0,1343.0,0.0,50093.34722222223,0.0,False,11
7630,1011.329,1997.0000000000002,1343.0,0.0,50093.34722222223,0.0,False,11
7631,1011.493,1997.0,1343.0,0.0,50093.34722222225,0.0,False,11
7632,1011.569,1997.0,1343.0,0.0,50093.34722222223,0.0,False,11
7633,1011.913,1997.0,1343.0,0.0,50093.34722222223,0.0,False,11
7634,1011.929,1997.0000000000002,1343.0000000000002,0.0,50093.34722222223,0.0,False,11
7635,1012.089,1997.0000000000002,1343.0,0.0,50093.34722222223,0.0,False,11
7636,1012.289,1997.0000000000002,1343.0,0.0,50093.34722222223,0.0,False,11
7637,1012.333,1997.0,1343.0,0.0,50093.34722222223,0.0,False,11
7638,1012.569,1997.0000000000002,1343.0,0.0,50093.34722222223,0.0,False,11
7639,1012.673,1997.0,1343.0,0.0,50093.34722222225,0.0,False,11
7640,1012.849,1996.9999999999998,1343.0,0.0,50093.34722222223,0.0,False,11
7641,1012.853,1997.0,1343.0,0.0,50093.34722222223,0.0,False,11
7642,1013.033,1997.0,1343.0,0.0,50093.34722222225,0.0,False,11
7643,1013.209,1997.0000000000002,1343.0,0.0,50093.34722222223,0.0,False,11
7644,1013.273,1997.0,1343.0,0.0,50093.34722222223,0.0,False,11
7645,1013.409,1996.9999999999998,1343.0,0.0,50093.34722222223,0.0,False,11
7646,1013.653,1997.0,1343.0,0.0,50093.34722222225,0.0,False,11
7647,1013.813,1997.0,1343.0,0.0,50093.34722222223,0.0,False,11
7648,1013.889,1997.0000000000002,1342.9999999999998,0.0,50093.34722222223,0.0,False,11
7649,1014.053,1997.0,1343.0,0.0,50093.34722222225,0.0,False,11
7650,1014.089,1997.0000000000002,1343.0,0.0,50093.34722222223,0.0,False,11
7651,1014.289,1996.9999999999995,1342.9999999999998,0.0,50093.34722222223,0.0,False,11
7652,1014.353,1997.0,1343.0,0.0,50093.34722222226,0.0,False,11
7653,1014.573,1997.0,1343.0,0.0,50093.34722222225,0.0,False,11
7654,1014.648,1997.0,1343.0000000000002,0.0,50093.34722222223,0.0,False,11
7655,1014.888,1997.0,1343.0,0.0,50093.34722222223,0.0,False,11
7656,1014.933,1997.0,1343.0,0.0,50093.34722222223,0.0,False,11
7657,1015.253,1997.0,1343.0,0.0,50093.34722222223,0.0,False,11
7658,1015.288,1996.9999999999998,1343.0,0.0,50093.34722222223,0.0,False,11
7659,1015.568,1996.9999999999998,1343.0,0.0,50093.34722222223,0.0,False,11
7660,1015.613,1997.0,1343.0,0.0,50093.34722222225,0.0,False,11
7661,1015.761,1996.9999999999998,1342.9999999999995,0.0,50093.34722222223,0.0,False,11
