,TimeSeconds,X,Y,Speed,Distance,Throttle,Brake,LapNumber
0,0.0,-8325.0,-7058.0,0.0,-5609.570534567761,25.0,False,1
1,0.219,-8325.000000000002,-7058.000000000001,0.0,-5609.498611111123,25.0,False,1
2,0.448,-8325.0,-7058.0,4.2937536,-5609.114847581101,25.0,False,1
3,0.539,-8325.000000000002,-7058.000000000001,6.0,-5608.965277777789,25.0,False,1
4,0.628,-8325.0,-7058.0,6.0,-5608.848391847877,24.4437488,False,1
5,0.699,-8325.0,-7058.0,6.0,-5608.698611111123,24.0,False,1
6,1.049,-8325.0,-7058.0,17.83823962352941,-5606.401171995313,24.514706070588236,False,1
7,1.379,-8325.0,-7057.999999999999,29.0,-5603.220833333346,25.0,False,1
8,1.389,-8325.0,-7058.0,29.106762859436053,-5603.128580890608,25.17793809906009,False,1
9,1.569,-8325.0,-7058.0,31.028469731437053,-5601.5097940004,28.38078288572842,False,1
10,1.66,-8325.0,-7058.0,32.0,-5600.723055555567,30.0,False,1
11,1.729,-8325.0,-7058.0,32.0,-5600.141106084809,35.1749952,False,1
12,1.82,-8325.0,-7058.0,32.0,-5599.3008333333455,42.0,False,1
13,2.109,-8325.0,-7058.0,44.6437472,-5595.243008590551,50.4291648,False,1
14,2.3,-8325.000000000002,-7058.0,53.0,-5592.234166666679,56.0,False,1
15,2.369,-8325.0,-7058.0,53.0,-5591.204079794645,56.0,False,1
16,2.5,-8325.000000000002,-7058.000000000001,53.0,-5589.289722222234,56.0,False,1
17,2.569,-8325.0,-7058.0,53.0,-5588.269653081807,56.0,False,1
18,2.66,-8325.000000000002,-7058.000000000001,53.0,-5586.934166666679,56.0,False,1
19,2.809,-8325.0,-7058.0,53.0,-5584.833772219012,56.0,False,1
20,2.9,-8325.000000000002,-7058.0,53.0,-5583.400833333345,56.0,False,1
21,3.029,-8325.0,-7058.0,60.16666311111111,-5580.989020377777,55.641666844444444,False,1
22,3.26,-8325.000000000004,-7058.000000000004,73.0,-5576.100833333345,55.0,False,1
23,3.309,-8325.0,-7058.0,73.0,-5575.101749239477,55.0,False,1
24,3.549,-8325.0,-7058.0,73.0,-5570.319114740446,55.0,False,1
25,3.619,-8325.00000000007,-7058.000000000063,73.0,-5568.821111111123,55.0,False,1
26,3.859,-8325.000000000264,-7058.000000000242,89.0,-5562.88777777779,68.0,False,1
27,3.929,-8325.0,-7058.0,99.5000192,-5560.681562502235,69.458336,False,1
28,4.099,-8324.999999998563,-7057.99999999869,125.0,-5554.554444444456,73.0,False,1
29,4.379,-8324.99999999907,-7057.9999999991505,140.0,-5543.665555555567,100.0,False,1
30,4.409,-8325.0,-7058.0,140.7500032,-5542.483768275676,100.0,False,1
31,4.539,-8325.000000006148,-7058.000000005601,144.0,-5537.2655555555675,100.0,False,1
32,4.669,-8325.0,-7058.0,152.125008,-5531.581155190623,100.0,False,1
33,4.859,-8324.999999941127,-7057.999999946368,164.0,-5522.68777777779,100.0,False,1
34,5.029,-8325.0,-7058.0,168.7812536,-5514.573430443402,100.0,False,1
35,5.179,-8325.000000253978,-7058.0000002313745,173.0,-5507.310000000012,100.0,False,1
36,5.368,-8325.0,-7058.0,175.3625024,-5498.056651511911,100.0,False,1
37,5.419,-8324.999999626572,-7057.999999659804,176.0,-5495.576666666679,100.0,False,1
38,5.568,-8325.0,-7058.0,176.0,-5488.370663153662,100.0,False,1
39,5.619,-8325.000001947623,-7058.000001774296,176.0,-5485.7988888889,100.0,False,1
40,5.728,-8325.0,-7058.0,183.26667946666666,-5480.005513584222,100.0,False,1
41,5.888,-8325.0,-7058.0,193.93334613333334,-5470.933258202253,100.0,False,1
42,5.979,-8325.00014051485,-7058.000128009722,200.0,-5465.7988888889,100.0,False,1
43,6.139,-8325.000490872928,-7058.000447187661,200.0,-5456.910000000012,100.0,False,1
44,6.248,-8325.0,-7058.0,200.0,-5450.906500089943,100.0,False,1
45,6.299,-8324.99950758004,-7057.999551402985,200.0,-5448.021111111123,100.0,False,1
46,6.428,-8325.0,-7058.0,209.6750144,-5440.366221760584,100.0,False,1
47,6.499,-8325.003914402902,-7058.003566040366,215.0,-5436.076666666679,100.0,False,1
48,6.648,-8325.0,-7058.0,217.23500288,-5427.094152657759,100.0,False,1
49,6.699,-8324.984556716974,-7057.985931092921,218.0,-5423.965555555567,100.0,False,1
50,6.928,-8325.0,-7058.0,226.5875072,-5409.402570387816,100.0,False,1
51,7.019,-8325.200686742153,-7058.182826612862,230.0,-5403.521111111123,100.0,False,1
52,7.168,-8325.0,-7058.0,231.8625024,-5393.879093657487,100.0,False,1
53,7.259,-8323.854901111195,-7056.956809259114,233.0,-5387.987777777789,100.0,False,1
54,7.469,-8325.0,-7058.0,233.0,-5374.394420250109,100.0,False,1
55,7.809,-8325.0,-7058.0,233.0,-5352.390302539635,100.0,False,1
56,7.939,-8312.482483163414,-7046.596480364731,233.0,-5343.976666666678,100.0,False,1
57,7.949,-8325.0,-7058.0,233.0,-5343.329441868708,100.1990073322915,False,1
58,8.14,-9089.599471416293,-7754.553893175254,233.0,-5330.967500000012,104.0,True,1
59,8.54,-11911.110487460608,-10324.964358176074,233.0,-5305.078611111123,100.0,True,1
60,8.7,-9933.677610927209,-8523.513245359192,233.0,-5294.723055555567,100.0,True,1
61,8.769,-8325.0,-7058.0,233.0,-5290.265896977443,100.0,True,1
62,8.9,-4235.29543415178,-3329.7949453116757,233.0,-5281.778611111123,100.0,True,1
63,8.949,-3034.0,-2226.0,233.68055466666667,-5278.573652544521,86.38890666666667,True,1
64,9.26,-3066.380895380391,-2068.001287949659,238.0,-5257.978611111123,0.0,True,1
65,9.329,-3356.0,-2297.0,238.0,-5253.4191834141775,0.0,True,1
66,9.46,-3433.7799557609783,-2323.6847178575745,238.0,-5244.756388888901,0.0,True,1
67,9.489,-3435.0,-2314.0,238.0,-5242.8284665351475,0.0,True,1
68,9.62,-3521.3341396810674,-2328.0287272485557,238.0,-5234.178611111123,0.0,True,1
69,9.689,-3591.0,-2348.0,233.17000448,-5229.800706862441,0.0,True,1
70,9.82,-3733.108299866702,-2378.940422312371,224.0,-5221.734166666679,0.0,True,1
71,9.849,-3767.0,-2386.0,223.2750016,-5219.955445494384,0.0,True,1
72,10.02,-3972.8393197372293,-2430.969074748222,219.0,-5209.567500000012,0.0,True,1
73,10.029,-3982.0,-2433.0,218.70676886140257,-5209.03172214291,0.0,True,1
74,10.419,-4196.40824466624,-2480.61497850317,206.0,-5186.735833333345,0.0,True,1
75,10.469,-4226.0,-2487.0,205.0624976,-5183.916359793854,0.0,True,1
76,10.579,-4304.552890295209,-2503.787263252316,203.0,-5177.713611111123,0.0,True,1
77,10.649,-4363.0,-2516.0,203.0,-5173.763967557727,0.0,True,1
78,10.899,-4604.7091835215115,-2563.58997398832,203.0,-5159.669166666678,0.0,True,1
79,10.969,-4657.0,-2572.0,203.0,-5155.739711639878,0.0,True,1
80,11.059,-4705.58774745665,-2577.510586132069,203.0,-5150.6469444444565,0.0,True,1
81,11.219,-4769.635649770028,-2573.470667258797,203.0,-5141.624722222234,0.0,True,1
82,11.249,-4787.0,-2571.0,196.2499712,-5140.1210456889075,0.0,True,1
83,11.379,-4885.951306016603,-2554.1683673314615,167.0,-5134.202500000012,0.0,True,1
84,11.549,-5022.0,-2526.0,164.8749984,-5126.399949703197,0.0,True,1
85,11.619,-5059.109178057798,-2516.0054908471357,164.0,-5123.269166666679,0.0,True,1
86,11.779,-5109.759309337266,-2494.6619415424975,154.0,-5116.424722222234,3.0,True,1
87,11.869,-5142.0,-2477.0,153.54999936,-5112.603904750836,3.45000064,True,1
88,11.979,-5192.416187292099,-2447.9234897603583,153.0,-5107.924722222234,4.0,False,1
89,12.168,-5287.0,-2388.0,153.0,-5099.863571103832,15.2218864,False,1
90,12.299,-5337.59022534813,-2348.2558020613856,153.0,-5094.324722222234,23.0,False,1
91,12.348,-5357.0,-2331.0,152.50999808,-5092.273340590016,25.20500864,False,1
92,12.608,-5474.0,-2209.0,149.90999808,-5081.534461577697,36.90500864,False,1
93,12.699,-5509.175830193262,-2160.879894898971,149.0,-5077.769166666679,41.0,False,1
94,12.859,-5558.916889060751,-2077.1920809956755,150.0,-5071.102500000012,41.0,False,1
95,12.928,-5575.0,-2048.0,150.5750016,-5068.202387329229,37.8374912,False,1
96,13.099,-5600.609047783009,-1996.8949762686896,152.0,-5060.969166666679,30.0,False,1
97,13.259,-5613.291358700038,-1960.3504873198917,152.0,-5054.213611111123,30.0,True,1
98,13.348,-5623.0,-1928.0,150.3312464,-5050.509532971327,26.1062416,True,1
99,13.419,-5632.316128751089,-1895.5515551221972,149.0,-5047.591388888901,23.0,False,1
100,13.508,-5644.0,-1851.0,147.76388622222223,-5043.983524788159,26.955564088888888,False,1
101,13.748,-5662.0,-1732.0,144.43055288888888,-5034.429730324962,37.622230755555556,False,1
102,13.779,-5662.787197372725,-1714.1830339465562,144.0,-5033.191388888901,39.0,False,1
103,14.089,-5656.0,-1533.0,144.9687504,-5020.707083493362,38.0312496,False,1
104,14.099,-5655.6358319869805,-1529.3834785534712,145.0,-5020.302500000012,38.0,True,1
105,14.299,-5647.494530903758,-1485.170567523492,145.0,-5012.246944444456,16.0,True,1
106,14.309,-5647.0,-1483.0,144.7812472,-5011.851822698752,15.7187464,True,1
107,14.549,-5631.0,-1416.0,139.5312472,-5002.628942311867,8.9687464,True,1
108,14.619,-5623.939643799675,-1392.5053757334251,138.0,-4999.9802777777895,7.0,True,1
109,14.809,-5602.0,-1330.0,136.64768684570862,-4992.815438193404,11.733096040019788,True,1
110,14.9,-5593.047618309595,-1308.8312666354154,136.0,-4989.364722222234,14.0,True,1
111,14.969,-5586.0,-1294.0,136.0,-4986.731254325852,12.0593768,True,1
112,15.149,-5562.0,-1250.0,136.0,-4979.8690549239645,6.9968768,True,1
113,15.22,-5548.760580516254,-1229.5075234149206,136.0,-4977.275833333345,5.0,True,1
114,15.349,-5522.0,-1192.0,127.1312544,-4972.769595698069,3.3875008,True,1
115,15.38,-5516.007497511575,-1184.261431931715,125.0,-4971.720277777789,3.0,True,1
116,15.66,-5468.91876675288,-1134.2584750423798,116.0,-4962.698055555567,3.0,True,1
117,15.709,-5461.0,-1127.0,114.7750016,-4961.166407635286,3.0,True,1
118,15.86,-5437.02655917028,-1106.1457034333735,111.0,-4956.531388888901,3.0,True,1
119,15.949,-5431.0,-1101.0,109.2694456888889,-4953.88862040266,3.0,True,1
120,15.989,-5431.0,-1101.0,108.49166791111111,-4952.72323208545,3.0,True,1
121,16.22,-5395.371570593028,-1075.681161946976,104.0,-4946.131388888901,3.0,True,1
122,16.249,-5390.0,-1072.0,103.6375008,-4945.306890205203,3.0,True,1
123,16.38,-5368.260658577415,-1057.85815680708,102.0,-4941.598055555568,3.0,True,1
124,16.449,-5356.0,-1051.0,101.1375008,-4939.668832512645,3.0,True,1
125,16.54,-5337.236269525589,-1041.8420947106438,100.0,-4937.153611111124,3.0,True,1
126,16.629,-5320.0,-1034.0,99.2562675465275,-4934.72715235158,3.0,True,1
127,16.869,-5282.0,-1019.0,97.25069544326887,-4928.287875775344,3.0,True,1
128,16.899,-5272.709118276496,-1015.9736523629846,97.0,-4927.480555555568,3.0,True,1
129,17.069,-5206.0,-996.0,97.0,-4922.88967181271,7.2500032,True,1
130,17.139,-5184.84694227218,-991.1041195395043,97.0,-4921.013888888901,9.0,False,1
131,17.269,-5147.0,-986.0,96.1874992,-4917.574273699412,10.6250016,False,1
132,17.409,-5087.0,-981.0,95.3124992,-4913.895946492941,12.3750016,False,1
133,17.459,-5069.25422996449,-980.115906110358,95.0,-4912.569444444456,13.0,False,1
134,17.739,-5012.542871868598,-983.4372743685562,96.0,-4905.10277777779,13.0,False,1
135,17.769,-5007.0,-984.0,95.39999744,-4904.324600473039,13.0,False,1
136,17.939,-4971.645256756643,-988.0246768208295,92.0,-4899.991666666679,13.0,True,1
137,17.989,-4958.0,-991.0,92.0,-4898.716298004778,13.0,True,1
138,18.099,-4920.99820733692,-1001.7922304110338,92.0,-4895.90277777779,13.0,False,1
139,18.229,-4882.0,-1015.0,92.0,-4892.574650438953,7.79999488,False,1
140,18.299,-4872.016721996983,-1018.6380810586988,92.0,-4890.791666666679,5.0,False,1
141,18.369,-4863.0,-1023.0,91.4166656,-4889.019717433377,5.0,False,1
142,18.539,-4818.42521117857,-1048.9375354236756,90.0,-4884.791666666679,5.0,True,1
143,18.628,-4795.0,-1064.0,88.66499712,-4882.648325631363,3.8874976,True,1
144,18.939,-4750.253238002584,-1104.8577540030572,84.0,-4875.458333333346,0.0,False,1
145,18.988,-4744.0,-1113.0,83.59166506666666,-4874.3445685731995,0.0,False,1
146,19.228,-4711.0,-1162.0,81.59166506666666,-4868.943073610504,0.0,False,1
147,19.299,-4703.577295961845,-1175.4566186690727,81.0,-4867.358333333345,0.0,False,1
148,19.459,-4692.422328646963,-1201.9147065292439,80.0,-4863.80277777779,0.0,True,1
149,19.659,-4685.216096465868,-1226.160812592367,80.0,-4859.358333333345,0.0,True,1
150,19.668,-4685.0,-1227.0,80.0,-4859.158292385539,0.0,True,1
151,19.819,-4682.752136893681,-1237.873054700161,80.0,-4855.80277777779,0.0,True,1
152,19.948,-4681.0,-1247.0,80.0,-4852.938900409037,0.0,True,1
153,20.019,-4679.4531210469095,-1253.5480466573767,80.0,-4851.358333333345,0.0,True,1
154,20.128,-4677.0,-1266.0,80.0,-4848.920746913953,0.0,True,1
155,20.379,-4675.098392270423,-1302.843312760691,80.0,-4843.358333333345,0.0,False,1
156,20.408,-4675.0,-1306.0,79.56499712,-4842.734741328067,0.0,False,1
157,20.579,-4675.704738759566,-1323.845080154691,77.0,-4839.080555555568,0.0,False,1
158,20.589,-4676.0,-1326.0,77.13636538181818,-4838.861632914868,0.7272820363636363,False,1
159,20.809,-4690.0,-1404.0,80.13636538181818,-4833.846058762243,16.727282036363636,False,1
160,21.019,-4706.742258736976,-1457.9867555505996,83.0,-4828.936111111123,32.0,False,1
161,21.129,-4716.0,-1480.0,83.0,-4826.396175997261,32.0,False,1
162,21.219,-4723.810630010412,-1497.3428702683611,83.0,-4824.325000000012,32.0,False,1
163,21.469,-4751.0,-1552.0,83.0,-4818.567266920211,37.102041207274574,False,1
164,21.629,-4777.0,-1605.0,83.0,-4814.874167021644,40.3673459080943,False,1
165,21.66,-4781.857276932167,-1616.9836386120858,83.0,-4814.157500000012,41.0,False,1
166,21.86,-4807.681011210133,-1699.9624720717557,83.0,-4809.546388888901,41.0,False,1
167,21.889,-4810.0,-1710.0,83.0,-4808.887589504832,41.0,False,1
168,22.06,-4815.099189325257,-1753.4397425395773,83.0,-4804.935277777789,41.0,False,1
169,22.3,-4808.239846639577,-1787.732679959764,93.0,-4798.73527777779,41.0,True,1
170,22.309,-4808.0,-1789.0,92.36250453333334,-4798.52237019864,39.462510933333334,True,1
171,22.54,-4800.657305408669,-1825.6463041525851,76.0,-4793.668611111123,0.0,True,1
172,22.589,-4797.0,-1838.0,75.65000045714285,-4792.670027315482,3.4999954285714283,True,1
173,22.709,-4784.0,-1875.0,74.7928576,-4790.208815518129,12.071423999999999,True,1
174,22.82,-4769.557545915922,-1903.254292117241,74.0,-4787.913055555568,20.0,False,1
175,22.909,-4760.0,-1919.0,74.31785691428571,-4786.0592509419685,20.0,False,1
176,23.089,-4749.0,-1936.0,74.96071405714285,-4782.306805244462,20.0,False,1
177,23.1,-4747.958541126773,-1937.3118997036654,75.0,-4782.0797222222345,20.0,False,1
178,23.26,-4724.277001988974,-1964.6094933983318,75.0,-4778.746388888901,43.0,False,1
179,23.409,-4694.0,-1993.0,79.96666453333333,-4775.31269138381,28.720839466666668,False,1
180,23.5,-4673.999177569418,-2007.5169706990039,83.0,-4773.213055555568,20.0,True,1
181,23.609,-4653.0,-2021.0,80.81453657240857,-4770.821770196455,14.536341431021441,True,1
182,23.849,-4626.0,-2036.0,76.00250418165615,-4765.910695362847,2.5062604541403686,True,1
183,23.899,-4616.0319373482325,-2039.852233703284,75.0,-4764.900555555568,0.0,True,1
184,24.009,-4589.0,-2049.0,72.9374976,-4762.686144138485,0.0,True,1
185,24.059,-4576.791030940952,-2052.3423147401527,72.0,-4761.700555555568,0.0,True,1
186,24.169,-4550.0,-2058.0,70.16666453333333,-4759.60209945473,0.0,True,1
187,24.299,-4517.236210006581,-2062.4661790992654,68.0,-4757.167222222234,0.0,False,1
188,24.329,-4510.0,-2063.0,68.0,-4756.598263698755,0.3750016,False,1
189,24.459,-4481.158469525487,-2062.81525022833,68.0,-4754.145000000012,2.0,False,1
190,24.569,-4460.0,-2061.0,65.6428544,-4752.194133167615,1.2142848,False,1
191,24.739,-4431.529848289171,-2056.845840158859,62.0,-4749.32277777779,0.0,True,1
192,24.789,-4421.0,-2054.0,62.0,-4748.477391577288,0.25000064,True,1
193,24.939,-4379.139196583635,-2039.1742294213802,62.0,-4745.878333333345,1.0,False,1
194,25.049,-4347.0,-2025.0,64.7500032,-4743.8148712440725,12.55001344,False,1
195,25.339,-4282.949268209028,-1982.7925055702444,72.0,-4737.878333333345,43.0,False,1
196,25.619,-4239.92659064246,-1928.9976924262833,76.0,-4731.967222222234,34.0,False,1
197,25.779,-4208.750109547823,-1882.6333098407106,76.0,-4728.589444444457,34.0,False,1
198,25.828,-4198.0,-1866.0,78.65417706666666,-4727.460298599402,37.266679466666666,False,1
199,26.019,-4152.044106634613,-1791.6532944187345,89.0,-4722.656111111123,50.0,False,1
200,26.068,-4141.0,-1772.0,90.47000576,-4721.386032092614,51.71500672,False,1
201,26.219,-4111.17212484403,-1712.401599081227,95.0,-4717.378333333345,57.0,False,1
202,26.248,-4106.0,-1701.0,95.7250048,-4716.583587324304,57.3625024,False,1
203,26.528,-4063.0,-1589.0,102.7250048,-4708.485248532586,60.8625024,False,1
204,26.619,-4051.7421093095895,-1553.377931162969,105.0,-4705.711666666679,62.0,False,1
205,26.628,-4051.0,-1551.0,105.24750528,-4705.433886860336,62.1125024,False,1
206,26.788,-4048.0,-1541.0,109.64750528,-4700.391640291604,64.1125024,False,1
207,27.019,-4035.3795058592955,-1490.6869595660812,116.0,-4692.82277777779,67.0,False,1
208,27.109,-4031.0,-1473.0,118.50000355555555,-4689.804341163401,68.50000213333334,False,1
209,27.289,-4027.0,-1453.0,123.50000355555555,-4683.57789162796,71.50000213333334,False,1
210,27.379,-4024.6025236003725,-1434.30608307038,126.0,-4680.22277777779,73.0,False,1
211,27.569,-4019.0,-1374.0,136.92500736,-4672.529653637971,76.80000256,False,1
212,27.779,-4018.5399912697085,-1289.4045075230626,149.0,-4663.667222222234,81.0,False,1
213,27.809,-4020.0,-1274.0,149.0,-4662.427051515316,80.87551824025103,False,1
214,28.02,-4041.03092398631,-1150.3762682372787,149.0,-4653.692500000012,80.0,False,1
215,28.029,-4042.0,-1146.0,149.40499712,-4653.305055347117,80.0,False,1
216,28.309,-4075.0,-1052.0,162.00499712,-4640.4919237551685,80.0,False,1
217,28.42,-4098.286184233343,-1006.5933549861198,167.0,-4635.136944444456,80.0,False,1
218,28.589,-4144.0,-930.0,174.7458304,-4626.783742224118,94.083328,False,1
219,28.66,-4165.037512616024,-900.9258542607778,178.0,-4623.2702777777895,100.0,False,1
220,28.86,-4223.139295816564,-833.2002167292243,178.0,-4613.381388888901,100.0,False,1
221,28.909,-4233.0,-822.0,179.55908887272727,-4610.879604629112,100.0,False,1
222,29.189,-4272.0,-776.0,188.46817978181818,-4595.906741478882,100.0,False,1
223,29.3,-4311.246220414062,-729.8514774509565,192.0,-4589.914722222235,100.0,False,1
224,29.449,-4382.0,-647.0,192.0,-4581.927067811202,100.0,False,1
225,29.54,-4427.089537585278,-594.3744410968931,192.0,-4577.114722222234,100.0,False,1
226,29.609,-4460.0,-556.0,192.0,-4573.51143129589,100.0,False,1
227,29.9,-4573.867946707673,-422.7200408371961,192.0,-4557.914722222235,100.0,False,1
228,29.909,-4577.0,-419.0,193.43998976,-4557.383882125927,100.0,False,1
229,30.1,-4642.612326895901,-340.4664520846177,224.0,-4545.470277777789,100.0,False,1
230,30.129,-4654.0,-327.0,224.90908944998486,-4543.6141366383945,100.0,False,1
231,30.309,-4726.0,-243.0,230.55172607502007,-4531.949795356207,100.0,False,1
232,30.419,-4743.849557271862,-222.35362217937626,234.0,-4524.73527777779,100.0,False,1
233,30.429,-4745.0,-221.0,234.2500032,-4524.076868382877,100.0,False,1
234,30.619,-4770.706768983671,-189.79719908200673,239.0,-4511.457500000012,100.0,False,1
235,30.669,-4790.0,-167.0,240.50000384,-4508.082156506067,100.0,False,1
236,30.819,-4889.763737639642,-50.30701051033442,245.0,-4497.846388888901,100.0,False,1
237,30.889,-4927.0,-7.0,245.75000137142857,-4493.051605695649,100.0,False,1
238,31.099,-4945.316514637863,13.168396467835452,248.0,-4478.557500000012,100.0,False,1
239,31.169,-4959.0,29.0,250.187504,-4473.65481589441,100.0,False,1
240,31.259,-4998.411304147131,75.23000975130338,253.0,-4467.313055555567,100.0,False,1
241,31.429,-5102.0,197.0,254.70000128,-4455.279983938406,100.0,False,1
242,31.459,-5116.574148066994,214.05368124936385,255.0,-4453.146388888901,100.0,False,1
243,31.629,-5187.0,296.0,256.70000128,-4441.007602718852,100.0,False,1
244,31.659,-5201.468540459819,312.8225950757538,257.0,-4438.868611111123,100.0,False,1
245,31.808,-5278.0,402.0,257.0,-4428.240567206507,100.0,False,1
246,31.819,-5282.847090846233,407.68034303901544,257.0,-4427.4463888889,100.0,False,1
247,32.059,-5367.71745410171,508.28439582901746,265.0,-4409.779722222234,100.0,False,1
248,32.088,-5381.0,524.0,265.0,-4407.642807842396,100.0,False,1
249,32.328,-5517.0,684.0,265.0,-4390.010619720755,100.0,False,1
250,32.379,-5539.119185699756,709.8107700279303,265.0,-4386.224166666679,100.0,False,1
251,32.528,-5602.0,783.0,267.7090944,-4375.037429463633,100.0,False,1
252,32.728,-5751.0,958.0,271.34545803636365,-4359.800009906554,100.0,False,1
253,32.819,-5804.9869291404,1021.5669867811532,273.0,-4352.857500000012,100.0,False,1
254,33.108,-5900.0,1133.0,274.6055566222222,-4330.796530839036,100.0,False,1
255,33.179,-5915.101478516042,1150.0929423938219,275.0,-4325.357500000012,100.0,False,1
256,33.288,-5943.0,1188.0,275.6055566222222,-4316.985943418,100.0,False,1
257,33.508,-6046.0,1370.0,276.8277788444444,-4300.042951794123,100.0,False,1
258,33.539,-6057.158518261532,1394.7501775387761,277.0,-4297.657500000012,100.0,False,1
259,33.729,-6100.0,1521.0,277.0,-4283.0516547661655,100.0,False,1
260,33.859,-6122.358866671105,1589.1669219689174,277.0,-4273.03527777779,100.0,False,1
261,33.969,-6147.0,1663.0,277.0,-4264.527321082501,69.44440888888889,False,1
262,34.219,-6234.786708369078,1929.2527320613538,277.0,-4245.335277777789,0.0,False,1
263,34.229,-6238.0,1939.0,276.5290800953369,-4244.583311095737,0.0,False,1
264,34.58,-6318.612283113371,2182.6311630509954,260.0,-4219.263055555567,0.0,True,1
265,34.629,-6329.0,2214.0,253.2625088,-4215.96910728251,0.0,True,1
266,34.74,-6353.729541721413,2288.739806258613,238.0,-4208.685277777789,0.0,True,1
267,34.849,-6376.0,2357.0,234.3666688,-4201.623752841664,0.0,True,1
268,34.969,-6397.0,2423.0,230.3666688,-4194.032190496381,0.0,True,1
269,34.98,-6399.477488542709,2430.646114885285,230.0,-4193.351944444456,0.0,True,1
270,35.22,-6478.892326212662,2669.714697805683,213.0,-4179.151944444457,0.0,True,1
271,35.289,-6498.0,2727.0,207.13500544,-4175.283012213,0.0,True,1
272,35.42,-6521.404674356551,2797.512705556593,196.0,-4168.263055555567,0.0,True,1
273,35.58,-6531.816120024647,2829.66975166098,179.0,-4160.307500000012,0.0,True,1
274,35.709,-6545.0,2870.0,179.0,-4153.764225025944,0.0,True,1
275,35.889,-6573.0,2955.0,179.0,-4144.894308088507,0.0,True,1
276,35.9,-6574.605162751203,2959.869550182566,179.0,-4144.396388888901,0.0,True,1
277,36.1,-6598.076708425251,3031.09658738755,152.0,-4135.951944444456,0.0,True,1
278,36.3,-6617.010254703366,3088.085099182949,152.0,-4127.5075000000115,0.0,True,1
279,36.329,-6620.0,3097.0,147.40834346666668,-4126.44746112032,0.0,True,1
280,36.509,-6639.0,3154.0,118.90834346666666,-4120.8477359348635,0.0,True,1
281,36.54,-6641.909504731103,3163.15626581312,114.0,-4119.907500000012,0.0,True,1
282,36.669,-6654.0,3202.0,112.15714377142857,-4115.895126687908,0.0,True,1
283,36.82,-6674.895732650434,3265.2345188530257,110.0,-4111.3519444444555,0.0,True,1
284,36.969,-6695.0,3325.0,98.77823848293636,-4107.456812092561,0.0,True,1
285,37.059,-6702.902928749066,3348.7942158268256,92.0,-4105.244166666678,0.0,True,1
286,37.309,-6714.0,3382.0,86.5312472,-4099.278602504792,0.0,True,1
287,37.379,-6716.899553977976,3389.7055526858035,85.0,-4097.688611111123,0.0,True,1
288,37.669,-6729.0,3430.0,80.53845956923077,-4091.559566110117,0.0,True,1
289,37.989,-6736.0,3518.0,75.61538264615385,-4085.611755125337,0.0,True,1
290,38.309,-6722.0,3566.0,70.69230572307693,-4079.7897146417845,0.0,True,1
291,38.419,-6724.084490885682,3562.8939058677674,69.0,-4077.755277777789,0.0,False,1
292,38.488,-6722.0,3566.0,68.75357074285715,-4076.470479516842,4.189297371428571,False,1
293,38.699,-6684.114151941611,3620.7553081031365,68.0,-4072.4663888889,17.0,False,1
294,38.708,-6682.0,3623.0,68.09000192,-4072.2911583023088,17.29250624,False,1
295,38.948,-6624.0,3661.0,70.49000192,-4067.483399571387,25.09250624,False,1
296,39.099,-6599.967691521813,3671.273181725172,72.0,-4064.4663888889,30.0,False,1
297,39.299,-6568.1241910564095,3674.9588984338916,72.0,-4060.4663888889,42.0,False,1
298,39.308,-6566.0,3675.0,72.3937584,-4060.27143038331,42.3093816,False,1
299,39.508,-6506.0,3670.0,81.1437584,-4055.514993128324,49.1843816,False,1
300,39.619,-6468.57594270771,3655.603790084556,86.0,-4052.8219444444558,53.0,False,1
301,39.819,-6402.645059707377,3616.619196142302,86.0,-4048.044166666678,54.0,False,1
302,39.828,-6400.0,3615.0,86.6750144,-4047.812215930337,54.36000768,False,1
303,40.019,-6350.964215718063,3584.4550869864056,101.0,-4042.433055555567,62.0,False,1
304,40.249,-6299.0,3550.0,111.86111715555556,-4035.072904893023,70.30556017777778,False,1
305,40.379,-6266.858447637824,3527.47550766213,118.0,-4030.633055555567,75.0,False,1
306,40.539,-6226.368594436778,3498.125915046204,127.0,-4024.9886111111223,80.0,False,1
307,40.609,-6210.0,3486.0,128.7500032,-4022.4798972126673,84.55000832,False,1
308,40.739,-6182.047247190338,3464.8434916811084,132.0,-4017.655277777789,93.0,False,1
309,40.889,-6147.0,3437.0,143.2500096,-4011.57247353848,98.25000448,False,1
310,40.939,-6132.828427357174,3425.3782727415455,147.0,-4009.4886111111223,100.0,False,1
311,41.069,-6093.0,3392.0,149.15767675405004,-4004.0283465384173,100.0,False,1
312,41.18,-6061.294389785778,3364.538337519461,151.0,-3999.380000000011,100.0,False,1
313,41.289,-6019.0,3325.0,151.0,-3994.8604183402676,100.0,False,1
314,41.34,-5990.848588751068,3297.591510871222,151.0,-3992.6688888889003,100.0,False,1
315,41.489,-5898.0,3205.0,160.51944035555556,-3985.7789270546978,100.0,False,1
316,41.7,-5833.330137858763,3136.206525162267,174.0,-3975.2688888889,100.0,False,1
317,41.86,-5813.17608450418,3109.21189005385,182.0,-3967.180000000011,100.0,False,1
318,41.929,-5800.0,3092.0,184.10833137777777,-3963.603753033889,100.0,False,1
319,42.22,-5716.095429422985,2983.574786638526,193.0,-3947.8800000000115,100.0,False,1
320,42.369,-5668.0,2916.0,197.84249792,-3939.472182420718,100.0,False,1
321,42.62,-5591.539144549646,2793.7659540562904,206.0,-3924.9911111111223,100.0,False,1
322,42.809,-5524.0,2676.0,208.83499904,-3914.029293201519,100.0,False,1
323,42.82,-5519.516979668355,2668.07123207174,209.0,-3913.380000000011,100.0,False,1
324,43.06,-5416.655505711419,2484.271372279153,218.0,-3898.8466666666777,100.0,False,1
325,43.089,-5407.0,2467.0,218.6343736,-3897.059394691345,100.0,False,1
326,43.38,-5352.318235986629,2369.7238290198397,225.0,-3878.8466666666777,100.0,False,1
327,43.409,-5348.0,2362.0,225.54545366999093,-3877.0064053084143,100.0,False,1
328,43.569,-5319.0,2310.0,228.5548598700097,-3866.7742741763714,100.0,False,1
329,43.699,-5276.183184374036,2233.899382893105,231.0,-3858.3775000000114,100.0,False,1
330,43.749,-5260.0,2205.0,232.00000256,-3855.130313966016,100.0,False,1
331,43.899,-5221.716054844778,2135.677605092364,235.0,-3845.3219444444558,100.0,False,1
332,43.969,-5202.0,2100.0,236.1666688,-3840.7030768956192,100.0,False,1
333,44.139,-5140.036717208877,1988.8060124923988,239.0,-3829.3886111111224,100.0,False,1
334,44.169,-5129.0,1969.0,239.25000106666667,-3827.3813317343693,100.0,False,1
335,44.499,-5017.42841004582,1767.9749833901499,242.0,-3805.1886111111226,100.0,False,1
336,44.549,-4998.0,1733.0,242.0,-3801.8362139214205,100.0,False,1
337,44.699,-4935.499429244063,1620.739505191986,242.0,-3791.744166666678,100.0,False,1
338,44.729,-4925.0,1602.0,242.937504,-3789.6991671551577,100.0,False,1
339,44.859,-4892.543778670283,1544.824040347598,247.0,-3780.7663888889,100.0,False,1
340,44.968,-4861.0,1489.0,247.0,-3773.2934920721527,100.0,False,1
341,45.019,-4839.473725760041,1450.4562465656213,247.0,-3769.7886111111225,100.0,False,1
342,45.048,-4827.0,1428.0,247.24166826666666,-3767.7900672385254,89.8499328,False,1
343,45.259,-4752.813772644995,1292.5871660306304,249.0,-3753.1886111111226,16.0,False,1
344,45.348,-4719.0,1236.0,248.10999808,-3747.0636849760685,8.87998464,False,1
345,45.459,-4668.90455007552,1158.5073077432137,247.0,-3739.4663888889,0.0,False,1
346,45.588,-4613.0,1078.0,244.5812464,-3730.705510363141,0.8062512,False,1
347,45.619,-4602.380687527181,1063.6950865320775,244.0,-3728.621944444456,1.0,True,1
348,45.908,-4541.0,995.0,236.7749952,-3709.677085173543,7.42222648888889,True,1
349,45.979,-4527.767620414676,979.2248062680577,235.0,-3705.121944444456,9.0,True,1
350,46.179,-4446.809219342471,905.6555701029325,228.0,-3692.455277777789,9.0,False,1
351,46.188,-4439.0,900.0,227.8312464,-3691.8903282326046,9.0,False,1
352,46.339,-4259.341602918953,779.0382611800438,225.0,-3682.455277777789,9.0,False,1
353,46.388,-4206.0,745.0,225.0,-3679.3953018811144,17.8812848,False,1
354,46.659,-4073.1149436797573,678.6514896725229,225.0,-3662.455277777789,67.0,False,1
355,46.809,-4013.0,665.0,225.0,-3653.08019750712,68.8750016,False,1
356,46.899,-3957.119574438381,649.3741548972991,225.0,-3647.455277777789,70.0,False,1
357,47.009,-3877.0,629.0,225.0,-3640.5796594374933,73.928576,False,1
358,47.179,-3750.0628648889865,610.7996361749983,225.0,-3629.955277777789,80.0,False,1
359,47.269,-3689.0,606.0,225.0,-3624.3334348019516,84.48878228966035,False,1
360,47.58,-3526.2865686667806,608.7255918777802,225.0,-3604.892777777789,100.0,False,1
361,47.649,-3489.0,613.0,225.17249984,-3600.5655193382354,100.0,False,1
362,47.849,-3371.0,632.0,225.67249984,-3587.9963904217375,100.0,False,1
363,47.98,-3299.2174859087427,648.4915919442823,226.0,-3579.781666666678,100.0,False,1
364,48.069,-3245.0,665.0,225.68214308571427,-3574.2158835161963,100.0,False,1
365,48.26,-3098.7714892440713,721.9712319578258,225.0,-3562.281666666678,100.0,False,1
366,48.309,-3060.0,741.0,225.17499977142856,-3559.21149425933,100.0,False,1
367,48.54,-2886.6966218378566,852.9012964426665,226.0,-3544.7038888889,100.0,False,1
368,48.709,-2804.0,914.0,226.0,-3534.093854310371,100.0,False,1
369,48.82,-2782.2779781170348,928.7362794880305,226.0,-3527.126111111122,100.0,False,1
370,48.989,-2753.0,962.0,226.0,-3516.516223633422,100.0,False,1
371,49.02,-2739.994813651664,978.3014329003822,226.0,-3514.5705555555664,100.0,False,1
372,49.329,-2552.0,1222.0,226.0,-3495.182571076045,100.0,False,1
373,49.42,-2531.645220448801,1251.5595130149322,226.0,-3489.4594444444556,100.0,False,1
374,49.549,-2517.0,1282.0,226.2931816727273,-3481.3290971584643,88.85909643636364,False,1
375,49.749,-2459.0,1399.0,226.74772712727273,-3468.70101205387,71.58636916363636,False,1
376,49.86,-2427.5245993022972,1463.7946215610941,227.0,-3461.715000000011,62.0,False,1
377,50.069,-2377.0,1570.0,224.6777784888889,-3448.62345322335,26.005566577777778,False,1
378,50.22,-2345.568590971388,1635.8079687856475,223.0,-3439.415000000011,0.0,True,1
379,50.419,-2307.32676410724,1715.3638031544829,210.0,-3427.8066666666778,0.0,True,1
380,50.569,-2269.0,1795.0,202.4999936,-3419.4837642206276,0.0,True,1
381,50.659,-2241.115683784967,1852.9372171648583,198.0,-3414.6066666666775,0.0,True,1
382,50.749,-2212.0,1913.0,195.37499626666667,-3409.7848598284913,0.37500053333333333,True,1
383,50.899,-2165.987329053945,2005.2668922484268,191.0,-3401.873333333344,1.0,True,1
384,50.909,-2163.0,2011.0,190.687496,-3401.3515565954076,1.0625008,True,1
385,51.059,-2119.183168732647,2090.256744995061,186.0,-3393.6066666666775,2.0,True,1
386,51.209,-2068.0,2163.0,182.87499733333334,-3386.002198153916,1.3749994666666667,True,1
387,51.299,-2029.3253371539954,2206.4576066414893,181.0,-3381.540000000011,1.0,True,1
388,51.628,-1870.0,2345.0,172.02726749090908,-3365.9761196270374,3.243183127272727,True,1
389,51.739,-1831.2192368451874,2372.140900189889,169.0,-3360.8844444444553,4.0,True,1
390,52.028,-1748.0,2412.0,162.6781208,-3347.8611631087497,9.4187536,True,1
391,52.059,-1736.8991618841476,2416.5293989220227,162.0,-3346.484444444455,10.0,False,1
392,52.248,-1663.0,2444.0,159.29999725714285,-3338.172080911306,14.050004114285715,False,1
393,52.339,-1630.1172357302642,2453.3559417071056,158.0,-3334.1955555555664,16.0,False,1
394,52.488,-1576.0,2465.0,157.0687488,-3327.6972195736967,29.0375168,False,1
395,52.499,-1571.5869561176373,2465.872197151655,157.0,-3327.2177777777883,30.0,False,1
396,52.688,-1488.0,2480.0,157.0,-3318.983010533712,30.196772694544322,False,1
397,53.008,-1318.0,2479.0,157.0,-3305.0537759298913,30.529932473843292,False,1
398,53.208,-1181.0,2451.0,157.0,-3296.3564417151,30.73815733590515,False,1
399,53.489,-1143.0,2439.0,157.0,-3284.1473265605387,31.030713200470103,False,1
400,53.729,-1041.0,2398.0,157.0,-3273.702919865574,31.28058303494433,False,1
401,53.969,-946.0,2343.0,157.0,-3263.22432925383,31.530452869418557,False,1
402,54.129,-874.0,2288.0,157.0,-3256.2196111144567,31.697032759068044,False,1
403,54.42,-766.0342899989546,2182.3570742094303,157.0,-3243.440833333344,32.0,False,1
404,54.469,-749.0,2160.0,157.2041664,-3241.2841400522093,33.1229152,False,1
405,54.789,-646.0,1989.0,158.53749973333333,-3227.161148686878,40.45624853333333,False,1
406,54.9,-623.6433410704726,1945.200487273021,159.0,-3222.240833333344,43.0,False,1
407,55.06,-605.1680519333588,1902.0002974697518,160.0,-3215.129722222233,9.0,False,1
408,55.209,-592.0,1871.0,160.0,-3208.5066540329017,9.0,False,1
409,55.22,-591.0703658303837,1868.937853372807,160.0,-3208.018611111122,9.0,True,1
410,55.389,-575.0,1835.0,158.31000064,-3200.573546773717,1.39500288,True,1
411,55.42,-570.6275508084153,1825.721545206601,158.0,-3199.240833333344,0.0,True,1
412,55.589,-541.0,1762.0,150.39500288,-3192.2134556050833,0.0,True,1
413,55.62,-535.871952126286,1750.7858567837936,149.0,-3190.963055555567,0.0,True,1
414,55.769,-512.0,1698.0,144.44722417777777,-3185.1088730656816,0.0,True,1
415,55.98,-469.0538893408598,1603.8758436935402,138.0,-3177.1630555555666,0.0,True,1
416,56.129,-454.0,1571.0,132.4125024,-3171.697142803498,0.0,True,1
417,56.14,-453.9537837883478,1570.898314314602,132.0,-3171.2963888889,0.0,True,1
418,56.189,-454.0,1571.0,131.3875008,-3169.5145150243047,0.0,True,1
419,56.38,-412.29578778514326,1480.0017276193162,129.0,-3162.6963888889,0.0,True,1
420,56.449,-396.0,1444.0,126.78214491428571,-3160.3387381785346,0.0,True,1
421,56.609,-371.0,1389.0,121.63928777142857,-3155.048144040177,0.0,True,1
422,56.66,-362.46852319169864,1372.5732001318863,120.0,-3153.363055555567,0.0,True,1
423,56.9,-313.88589514482976,1295.4622409939502,120.0,-3145.363055555567,0.0,True,1
424,56.929,-308.0,1288.0,120.0,-3144.388122773027,0.0,True,1
425,57.1,-274.5364300421115,1254.7268683452478,120.0,-3138.6963888889,0.0,True,1
426,57.299,-237.33511225673308,1232.6694023086527,111.0,-3132.5605555555667,0.0,False,1
427,57.349,-228.0,1228.0,110.3749984,-3131.052496382304,0.0,False,1
428,57.539,-192.49872573589124,1213.093726886567,108.0,-3125.3605555555664,0.0,False,1
429,57.689,-163.0,1204.0,108.0,-3120.8656765924134,21.250018133333334,False,1
430,57.779,-144.17593302285115,1199.5026127183896,108.0,-3118.160555555566,34.0,False,1
431,57.889,-113.0,1196.0,108.45833386666666,-3114.8421946483236,34.0,False,1
432,58.019,-57.839396108251165,1196.6696469378007,109.0,-3110.8938888888997,34.0,False,1
433,58.029,-54.0,1197.0,109.10714422857143,-3110.588484180256,34.321432685714285,False,1
434,58.248,3.0,1212.0,111.45357348571429,-3103.8119337815024,41.36072045714286,False,1
435,58.299,13.100664431656039,1215.5723171990353,112.0,-3102.1827777777885,43.0,False,1
436,58.428,40.0,1227.0,115.2250048,-3097.9526028012624,47.3000064,False,1
437,58.628,99.0,1265.0,120.2250048,-3091.150623559961,53.966673066666665,False,1
438,58.659,107.00203609641584,1271.3680465092634,121.0,-3090.0827777777886,55.0,False,1
439,58.988,172.0,1346.0,127.39722595555556,-3078.4383659877367,55.91388942222222,False,1
440,59.019,179.37657087127644,1355.473745401389,128.0,-3077.2827777777884,56.0,False,1
441,59.088,197.0,1378.0,130.8031328,-3074.6654107111817,56.6468768,False,1
442,59.268,247.0,1440.0,138.11563280000001,-3067.5844568622124,58.3343768,False,1
443,59.339,266.71748437651837,1464.109889985396,141.0,-3064.749444444455,59.0,False,1
444,59.528,323.0,1533.0,144.937504,-3057.1184773371283,65.3000064,False,1
445,59.579,341.2388447531783,1555.645730361608,146.0,-3055.0161111111215,67.0,False,1
446,59.808,430.0,1666.0,151.08889315555555,-3045.2944550128736,68.90833493333334,False,1
447,59.939,470.5916844813631,1714.5170773190628,154.0,-3039.6161111111214,70.0,False,1
448,60.219,535.4626371123499,1795.8333617512828,159.0,-3027.2494444444546,68.0,False,1
449,60.249,542.0,1806.0,160.07143314285713,-3025.87845446546,68.10714331428571,False,1
450,60.499,592.442698369792,1904.2157082134756,169.0,-3014.10500000001,69.0,False,1
451,60.589,602.0,1942.0,171.24066530204257,-3009.781525616799,71.98755373605677,False,1
452,60.74,602.9419378437753,2005.810018905698,175.0,-3002.389722222232,77.0,False,1
453,61.069,554.0,2142.0,184.72045265454545,-2985.3593434923414,94.19772392727273,False,1
454,61.18,526.9475458167525,2188.9900542000037,188.0,-2979.4119444444545,100.0,False,1
455,61.189,524.0,2194.0,188.281248,-2978.926357935662,100.0,False,1
456,61.429,418.0,2375.0,195.781248,-2965.7834157444036,100.0,False,1
457,61.5,399.2426132230761,2406.8901338768524,198.0,-2961.8119444444546,100.0,False,1
458,61.589,382.0,2436.0,200.5031232,-2956.775773490625,100.0,False,1
459,61.789,331.0,2522.0,206.1281232,-2945.228842221054,100.0,False,1
460,61.82,319.87601506296744,2540.893171256709,207.0,-2943.4119444444545,100.0,False,1
461,62.06,215.03860791757103,2720.0771949103796,215.0,-2929.078611111121,100.0,False,1
462,62.109,200.0,2746.0,216.57499794285715,-2926.0812003195783,100.0,False,1
463,62.249,170.0,2798.0,221.07499794285715,-2917.382023444435,100.0,False,1
464,62.34,140.51570750686565,2848.0159318047827,224.0,-2911.6563888888986,100.0,False,1
465,62.509,73.0,2962.0,228.2249984,-2900.913183359371,100.0,False,1
466,62.54,62.539158902324715,2979.835505672697,229.0,-2898.9341666666764,100.0,False,1
467,62.729,8.0,3074.0,230.7718744,-2886.8327686142397,100.0,False,1
468,62.86,-32.020823629264726,3143.4333225970668,232.0,-2878.311944444454,100.0,False,1
469,62.929,-52.0,3178.0,234.41499776,-2873.7557931156157,100.0,False,1
470,63.06,-84.80710159356637,3234.3880225861553,239.0,-2865.0341666666764,100.0,False,1
471,63.22,-128.3089902322229,3308.4764686633544,240.0,-2854.36750000001,100.0,False,1
472,63.269,-148.0,3342.0,241.13076775384616,-2851.0490863951377,100.0,False,1
473,63.429,-229.0,3480.0,244.82307544615384,-2839.997805998448,100.0,False,1
474,63.74,-362.40022506086325,3708.5612110287975,252.0,-2817.9675000000097,100.0,False,1
475,63.749,-365.0,3713.0,252.1253473650883,-2817.3277964870904,100.0,False,1
476,64.099,-429.26413065525907,3821.2068369643257,257.0,-2792.3388888888985,100.0,False,1
477,64.189,-472.0,3894.0,258.6875024,-2785.8536150598115,100.0,False,1
478,64.259,-518.7510344640261,3973.8603594408323,260.0,-2780.7833333333433,100.0,False,1
479,64.389,-613.0,4135.0,261.8571446857143,-2771.2931694278386,100.0,False,1
480,64.539,-674.3484522812021,4239.613082311499,264.0,-2760.25000000001,100.0,False,1
481,64.808,-725.0,4325.0,266.88214491428573,-2740.3004864120917,100.0,False,1
482,64.819,-728.3957151562981,4330.739506576844,267.0,-2739.483333333343,100.0,False,1
483,65.019,-798.7046788375534,4450.051049235615,268.0,-2724.594444444454,100.0,False,1
484,65.028,-801.0,4454.0,268.09643062857145,-2723.920295918919,96.78564571428572,False,1
485,65.188,-836.0,4515.0,269.8107163428571,-2711.8631043435453,39.64278857142857,False,1
486,65.299,-896.4463470237928,4618.388267121935,271.0,-2703.516666666676,0.0,False,1
487,65.408,-962.0,4730.0,269.6374976,-2695.3896000806576,0.0,False,1
488,65.539,-1009.271011511666,4810.108011093373,268.0,-2685.6500000000096,0.0,False,1
489,65.739,-1046.9604650149722,4873.539436789499,264.0,-2670.9833333333427,0.0,True,1
490,65.748,-1049.0,4877.0,263.0062288,-2670.3634700578127,0.0,True,1
491,66.088,-1155.0,5058.0,225.46456213333335,-2650.0172017009986,0.0,True,1
492,66.219,-1208.811921647882,5149.749727775615,211.0,-2642.85000000001,0.0,True,1
493,66.268,-1216.0,5162.0,205.4874784,-2640.1874932033975,0.0,True,1
494,66.288,-1216.0,5162.0,203.2374784,-2639.103634105108,0.0,True,1
495,66.379,-1226.9457144462096,5180.682295848487,193.0,-2634.2722222222314,0.0,True,1
496,66.669,-1342.0,5377.0,176.32499264,-2620.3687606936433,0.0,True,1
497,66.779,-1376.586421352622,5435.9673287553605,170.0,-2615.3833333333428,0.0,True,1
498,67.019,-1423.3705910995297,5515.589156554705,157.0,-2604.9166666666756,0.0,True,1
499,67.3,-1465.8824502444938,5586.486468193662,132.0,-2594.613333333343,0.0,True,1
500,67.389,-1485.0,5618.0,128.50357394285714,-2591.5276758160553,0.0,True,1
501,67.58,-1532.3827851945507,5695.916880456543,121.0,-2585.2022222222317,0.0,True,1
502,67.629,-1542.0,5712.0,118.2437536,-2583.6974455259265,0.0,True,1
503,67.849,-1572.0,5764.0,105.8687536,-2577.451274910956,0.0,True,1
504,67.9,-1582.7217813916204,5782.115672441625,103.0,-2576.046666666676,0.0,True,1
505,68.049,-1618.0,5841.0,99.2750016,-2571.9801120308407,0.0,True,1
506,68.1,-1625.9354793914185,5854.2188477604,98.0,-2570.602222222232,0.0,True,1
507,68.3,-1643.0320493917313,5882.424093886273,96.0,-2565.2688888888983,0.0,True,1
508,68.309,-1644.0,5884.0,95.8875008,-2565.031245023799,0.0,True,1
509,68.46,-1664.177082251149,5916.931711252015,94.0,-2561.091111111121,0.0,True,1
510,68.509,-1670.0,5927.0,93.02000128,-2559.8475176351317,0.24499968,True,1
511,68.66,-1681.7842994611888,5950.481157709252,90.0,-2556.091111111121,1.0,True,1
512,68.769,-1695.0,5970.0,90.0,-2553.371622788865,1.0,True,1
513,68.94,-1737.1226149760803,6017.21096637978,90.0,-2549.091111111121,1.0,True,1
514,69.069,-1771.0,6047.0,90.0,-2545.8660639065156,1.0,True,1
515,69.14,-1785.990101076825,6055.651807563782,90.0,-2544.091111111121,1.0,True,1
516,69.3,-1811.9243096584555,6059.553405395184,90.0,-2540.091111111121,1.0,True,1
517,69.349,-1819.0,6060.0,90.0,-2538.868584381377,1.0,True,1
518,69.46,-1834.0351881643435,6061.106420984076,90.0,-2536.091111111121,1.0,True,1
519,69.589,-1858.0,6056.0,90.0,-2532.8101427971305,1.0,True,1
520,69.7,-1892.3040882642654,6039.6487122524995,90.0,-2530.091111111121,1.0,True,1
521,69.889,-1954.0,6005.0,82.9125024,-2525.8762486116084,27.774990933333335,True,1
522,69.94,-1963.3249023630342,5999.978764047867,81.0,-2524.691111111121,35.0,False,1
523,70.289,-2007.0,5959.0,92.89772509090909,-2515.4185825780064,50.86363345454546,False,1
524,70.38,-2049.692888286058,5914.304961737729,96.0,-2512.9577777777877,55.0,False,1
525,70.409,-2062.0,5901.0,96.0,-2512.1838910709557,55.40389904609643,False,1
526,70.689,-2109.0,5836.0,96.0,-2504.7891802212503,59.30362258021041,False,1
527,70.739,-2114.274439895498,5827.608183760895,96.0,-2503.384444444454,60.0,False,1
528,71.089,-2162.0,5764.0,107.93182254545455,-2492.6303862298396,31.36362589090909,False,1
529,71.179,-2179.208390297108,5744.213590589843,111.0,-2489.8177777777873,24.0,False,1
530,71.379,-2231.4172654973236,5696.075556482936,111.0,-2483.6511111111204,24.0,False,1
531,71.408,-2242.0,5689.0,111.0,-2482.758070959549,24.0,False,1
532,71.619,-2334.2436098545113,5640.702403802259,111.0,-2476.2511111111207,24.0,False,1
533,71.668,-2349.0,5634.0,111.0,-2474.740174908178,24.0,False,1
534,71.948,-2368.0,5629.0,111.0,-2466.109793236703,24.0,False,1
535,72.059,-2377.7038803042865,5623.791999270043,111.0,-2462.684444444454,24.0,False,1
536,72.219,-2419.304395575887,5617.397324195371,111.0,-2457.7511111111207,24.0,True,1
537,72.268,-2447.0,5621.0,110.7277767111111,-2456.252502157746,22.911106844444443,True,1
538,72.408,-2545.0,5641.0,109.94999893333333,-2452.0106530012013,19.799995733333333,True,1
539,72.579,-2561.7817758938822,5647.873586291519,109.0,-2446.8511111111206,16.0,True,1
540,72.588,-2563.0,5649.0,108.98269193846154,-2446.5790405280754,16.0,True,1
541,72.888,-2682.0,5738.0,108.40576886153846,-2437.488258243433,16.0,True,1
542,73.099,-2722.0067465461166,5773.389163439614,108.0,-2431.2511111111203,16.0,False,1
543,73.269,-2739.0,5795.0,103.7499968,-2426.384705168503,43.20002048,False,1
544,73.299,-2742.9314162134565,5799.8673516386,103.0,-2425.528888888898,48.0,False,1
545,73.539,-2784.2851235713224,5851.502211373545,103.0,-2418.662222222232,48.0,False,1
546,73.589,-2795.0,5866.0,103.0,-2417.231299185824,48.0,False,1
547,73.739,-2831.1963077453856,5918.928852888335,103.0,-2412.9400000000096,48.0,False,1
548,73.769,-2839.0,5932.0,103.0,-2412.0817209196935,48.0,False,1
549,73.98,-2892.4061096518926,6034.887541428865,103.0,-2406.044722222232,48.0,False,1
550,73.989,-2894.0,6038.0,103.0,-2405.787211287696,48.0,False,1
551,74.18,-2910.131609334153,6068.065518680164,103.0,-2400.3225000000098,48.0,True,1
552,74.289,-2919.0,6104.0,103.0,-2397.204739534507,86.1499776,True,1
553,74.34,-2925.641189583731,6134.123742686891,103.0,-2395.744722222232,104.0,True,1
554,74.569,-2962.0,6309.0,103.0,-2389.175360524414,104.0,True,1
555,74.7,-2968.8363069614475,6344.646821538179,103.0,-2385.444722222232,104.0,True,1
556,74.869,-2966.0,6369.0,103.0,-2380.6408901906743,104.0,True,1
557,74.9,-2965.0460012485332,6380.403321512927,103.0,-2379.72250000001,104.0,True,1
558,75.14,-2954.543634704411,6519.845060154062,122.0,-2371.5891666666766,64.0,True,1
559,75.209,-2952.0,6548.0,141.406232,-2368.5363750225433,68.312496,True,1
560,75.3,-2949.0305574984495,6569.644437298567,167.0,-2364.1669444444547,74.0,False,1
561,75.349,-2944.0,6587.0,168.36110933333333,-2361.788634526609,72.63889066666667,False,1
562,75.609,-2872.0,6784.0,175.58333155555556,-2348.9753707314935,65.41666844444444,False,1
563,75.66,-2861.3012318796304,6809.610327775491,177.0,-2346.466944444455,64.0,False,1
564,75.82,-2842.729385905115,6840.392684856631,177.0,-2338.6002777777885,61.0,False,1
565,75.949,-2819.0,6868.0,179.4187488,-2332.0995904245488,63.4187488,False,1
566,76.129,-2755.0,6945.0,182.7937488,-2322.893219533476,66.7937488,False,1
567,76.14,-2749.943428761272,6950.116555249072,183.0,-2322.3336111111216,67.0,False,1
568,76.46,-2575.0177852581633,7085.5206371989225,183.0,-2306.066944444455,71.0,False,1
569,76.509,-2558.0,7097.0,183.83617656489864,-2303.517555038593,70.49829406106082,False,1
570,76.769,-2503.0,7121.0,188.27303760230174,-2289.621916253325,67.83617743861896,False,1
571,77.109,-2264.0,7193.0,194.07508665121347,-2270.6819740142837,64.35494800927192,False,1
572,77.269,-2195.0,7203.0,196.80546267423077,-2261.675186337114,62.716722395461545,False,1
573,77.339,-2152.3173483625988,7205.856348907405,198.0,-2257.721944444455,62.0,False,1
574,77.509,-2035.0,7211.0,201.77778062222222,-2248.088803957912,79.94445795555555,False,1
575,77.689,-1955.0,7207.0,205.77778062222222,-2237.7086638544856,98.94445795555555,False,1
576,77.699,-1948.0881980724168,7206.060431762736,206.0,-2237.121944444455,100.0,False,1
577,77.889,-1778.0,7178.0,212.10714697142856,-2225.790025422892,100.0,False,1
578,77.979,-1731.2420192785005,7168.703071135361,215.0,-2220.399722222233,100.0,False,1
579,78.228,-1701.0,7158.0,215.0,-2205.551618918016,100.0,False,1
580,78.259,-1696.073194073075,7156.878911643484,215.0,-2203.6775000000107,100.0,False,1
581,78.459,-1628.3746887554107,7134.797835176811,221.0,-2191.399722222233,100.0,False,1
582,78.488,-1606.0,7124.0,221.5437536,-2189.6050003475,100.0,False,1
583,78.619,-1458.32946318502,7045.766722938101,224.0,-2181.4441666666776,100.0,False,1
584,78.708,-1361.0,6991.0,226.59583893333334,-2175.806570012707,100.0,False,1
585,78.859,-1266.0823578788918,6931.091335836695,231.0,-2166.044166666678,100.0,False,1
586,79.108,-1214.0,6871.0,239.0035776,-2149.4456390589316,100.0,False,1
587,79.139,-1205.7828149136606,6860.524742171951,240.0,-2147.3775000000114,100.0,False,1
588,79.299,-1154.9401275947698,6794.548428299951,240.0,-2136.710833333344,100.0,False,1
589,79.539,-1052.3493117099806,6658.342475294798,247.0,-2120.2441666666778,100.0,False,1
590,79.779,-943.2562528046283,6504.762574979228,250.0,-2103.5775000000112,100.0,False,1
591,79.929,-881.0,6410.0,252.91666915555555,-2092.958435839326,100.0,False,1
592,80.029,-844.0,6351.0,254.8611136,-2085.792527046435,100.0,False,1
593,80.139,-819.9056582271639,6313.439656688475,257.0,-2077.8775000000114,100.0,False,1
594,80.189,-806.0,6292.0,258.00000256,-2074.2694037063493,100.0,False,1
595,80.339,-733.0937051953141,6178.834345175829,261.0,-2063.3775000000114,100.0,False,1
596,80.429,-687.0,6107.0,262.96261843980454,-2056.756398368635,100.0,False,1
597,80.629,-606.0,5980.0,267.32398654764665,-2041.8189982307167,100.0,False,1
598,80.66,-591.6498799066284,5957.490399251522,268.0,-2039.480833333345,100.0,False,1
599,80.949,-445.0,5728.0,273.77999872,-2017.405436203701,100.0,False,1
600,81.06,-413.26169850536644,5678.829041363135,276.0,-2008.814166666678,100.0,False,1
601,81.269,-369.0,5610.0,279.265624,-1992.4968865217638,100.0,False,1
602,81.38,-327.1289201038531,5543.372197856835,281.0,-1983.8363888889007,100.0,False,1
603,81.469,-289.0,5483.0,280.62916693333335,-1976.9217696478418,100.0,False,1
604,81.62,-224.55538855867465,5382.701403458945,280.0,-1965.1697222222333,100.0,False,1
605,81.689,-197.0,5340.0,281.37999872,-1959.7424447661133,100.0,False,1
606,81.82,-149.86043316693747,5266.718920638503,284.0,-1949.3919444444564,100.0,False,1
607,81.989,-73.0,5146.0,284.0,-1936.0803875326083,100.0,False,1
608,82.02,-53.02109536900505,5114.452966129418,284.0,-1933.6141666666786,100.0,False,1
609,82.209,87.0,4893.0,290.2999978666667,-1918.3279235804748,100.0,False,1
610,82.26,117.58209923855746,4844.762091362916,292.0,-1914.147500000011,100.0,False,1
611,82.42,185.32014257350698,4738.541763611731,298.0,-1900.9030555555669,100.0,False,1
612,82.629,243.0,4649.0,301.9187488,-1883.284113758179,100.0,False,1
613,82.74,271.04654463174734,4605.534366112182,304.0,-1873.8808333333454,100.0,False,1
614,82.9,316.3504301842329,4535.227814952901,305.0,-1860.3252777777889,100.0,False,1
615,82.969,346.0,4489.0,306.2937488,-1854.432713046057,100.0,False,1
616,83.06,395.5107556109119,4411.659155362592,308.0,-1846.6363888889005,100.0,False,1
617,83.209,475.0,4287.0,308.0,-1833.899909571593,100.0,False,1
618,83.389,518.0,4219.0,308.0,-1818.5008351718202,100.0,False,1
619,83.42,526.862066752087,4205.541010833729,308.0,-1815.8363888889007,100.0,False,1
620,83.489,551.0,4169.0,309.03499904,-1809.8923192772404,100.0,False,1
621,83.62,615.3235646041021,4069.0899433648674,311.0,-1798.558611111123,100.0,False,1
622,83.849,739.0,3874.0,313.1468744,-1778.6106798153041,100.0,False,1
623,83.94,767.7541684800318,3828.678535678687,314.0,-1770.6475000000123,100.0,False,1
624,84.069,820.0,3747.0,315.2964830197223,-1759.3306968395468,100.0,False,1
625,84.129,863.0,3680.0,315.89949867690325,-1754.05874835023,100.0,False,1
626,84.139,869.688385941402,3669.565016180568,316.0,-1753.179722222235,100.0,False,1
627,84.329,960.0,3528.0,316.95000064,-1736.4512496801526,100.0,False,1
628,84.339,964.5498896000046,3520.8870920970253,317.0,-1735.5686111111236,100.0,False,1
629,84.509,1046.0,3394.0,318.2142866285714,-1720.5241041045379,100.0,False,1
630,84.619,1094.6638153458675,3318.109297424449,319.0,-1710.7575000000124,100.0,False,1
631,84.828,1181.0,3183.0,320.04500096,-1692.1441989414761,100.0,False,1
632,85.019,1261.4616769745714,3056.5755827661983,321.0,-1675.0908333333455,100.0,False,1
633,85.048,1272.0,3040.0,321.12083413333335,-1672.4996318428707,100.0,False,1
634,85.259,1352.009848036538,2914.3723591994576,322.0,-1653.6241666666792,100.0,False,1
635,85.268,1358.0,2905.0,322.0375008,-1652.817635558164,100.0,False,1
636,85.428,1493.0,2694.0,322.70416746666666,-1638.461094057313,100.0,False,1
637,85.499,1535.5970208127435,2627.424275423348,323.0,-1632.0908333333464,100.0,False,1
638,85.739,1578.0281712845335,2560.9622411747837,323.0,-1610.5575000000122,100.0,False,1
639,85.868,1622.0,2492.0,324.29000192,-1598.9157148975064,100.0,False,1
640,85.939,1662.5822335515459,2428.3869234665995,325.0,-1592.5019444444574,100.0,False,1
641,86.028,1719.0,2340.0,325.0,-1584.468180281508,100.0,False,1
642,86.099,1757.9094364848838,2279.114197770181,325.0,-1578.0575000000122,100.0,False,1
643,86.329,1859.0,2121.0,325.63888924444444,-1557.2468394339244,100.0,False,1
644,86.459,1915.077457665263,2032.8416212463048,326.0,-1545.4575000000123,100.0,False,1
645,86.529,1945.0,1986.0,326.35000064,-1539.1019006907504,100.0,False,1
646,86.659,2000.1947568021126,1900.338110045809,327.0,-1527.2908333333453,100.0,False,1
647,86.729,2037.0,1843.0,327.0,-1520.9316956484017,100.0,False,1
648,86.859,2127.350989973792,1701.2174404390173,327.0,-1509.1241666666792,100.0,False,1
649,86.969,2209.0,1573.0,327.0,-1499.1352741102855,100.0,False,1
650,87.019,2243.2044730677717,1519.439096753687,327.0,-1494.5908333333446,100.0,False,1
651,87.3,2401.1266613113753,1273.1576223776144,328.0,-1468.9886111111227,100.0,False,1
652,87.329,2414.0,1253.0,328.0,-1466.3449012721148,100.0,False,1
653,87.54,2493.5250092261335,1127.9244378149447,328.0,-1447.121944444455,100.0,False,1
654,87.569,2505.0,1110.0,327.92750016,-1444.4844253801193,100.0,False,1
655,87.829,2635.0,908.0,327.27750016,-1420.8817915404643,100.0,False,1
656,87.94,2716.0140565269135,780.694051256867,327.0,-1410.788611111123,100.0,False,1
657,88.029,2780.0,680.0,327.44499968,-1402.6796362566756,100.0,False,1
658,88.14,2844.8554339843,578.224957707098,328.0,-1392.5663888889003,100.0,False,1
659,88.34,2914.478016901688,469.5817905654231,327.0,-1374.3997222222333,100.0,False,1
660,88.409,2920.0,461.0,327.0,-1368.131009768049,100.0,False,1
661,88.469,2920.0,461.0,327.0,-1362.680236472258,100.0,False,1
662,88.5,2925.551329223551,452.2703934189667,327.0,-1359.8663888889005,100.0,False,1
663,88.74,3087.9924148165046,197.27352367007379,326.0,-1338.1330555555678,100.0,False,1
664,88.769,3108.0,166.0,325.93409105454543,-1335.511402529236,100.0,False,1
665,89.149,3292.0,-119.0,325.0704546909091,-1301.2095954495153,100.0,False,1
666,89.18,3305.1478188789474,-139.444604903455,325.0,-1298.4108333333443,100.0,False,1
667,89.5,3438.0297933801244,-347.9153452520226,325.0,-1269.5219444444556,100.0,False,1
668,89.629,3480.0,-414.0,324.46250026666667,-1257.9080501761564,100.0,False,1
669,89.74,3508.362560934917,-458.6392263607419,324.0,-1247.9219444444561,100.0,False,1
670,89.869,3566.0,-549.0,324.0,-1236.3130137831768,100.0,False,1
671,89.94,3626.703076837912,-644.0121482212771,324.0,-1229.9219444444561,100.0,False,1
672,90.029,3706.0,-768.0,324.0,-1221.9089249093004,100.0,False,1
673,90.18,3768.312896933204,-864.8492358822701,324.0,-1208.3219444444549,100.0,False,1
674,90.389,3798.0,-911.0,323.4194446222222,-1189.570066163782,100.0,False,1
675,90.54,3868.8964350724023,-1023.3798943266495,323.0,-1176.0219444444547,100.0,False,1
676,90.569,3889.0,-1055.0,323.0,-1173.417028479469,100.0,False,1
677,90.7,4008.535248525317,-1241.8039445105187,323.0,-1161.6663888888997,100.0,False,1
678,90.809,4110.0,-1400.0,320.9498432299997,-1151.9805227458628,65.83072049999478,False,1
679,91.019,4240.575760915026,-1604.0189624134428,317.0,-1133.5766666666777,0.0,False,1
680,91.109,4288.0,-1678.0,314.97499712,-1125.7919163626593,0.0,False,1
681,91.328,4380.0,-1821.0,310.04749568,-1107.078064106041,0.0,False,1
682,91.368,4380.0,-1821.0,309.14749568,-1103.680125614981,0.0,False,1
683,91.419,4389.70823163115,-1836.1633895291823,308.0,-1099.354444444456,0.0,False,1
684,91.628,4515.0,-2032.0,305.3874976,-1081.700882458019,0.0,False,1
685,91.739,4565.288237772963,-2111.0570015868684,304.0,-1072.3322222222332,0.0,False,1
686,91.828,4606.0,-2175.0,304.0,-1064.8105247190642,0.0,False,1
687,91.899,4646.208611687703,-2237.891925576223,304.0,-1058.8211111111223,0.0,False,1
688,92.168,4822.0,-2512.0,288.62856045714284,-1037.1826364669469,0.0,False,1
689,92.179,4827.688305469664,-2520.8832858933724,288.0,-1036.4211111111217,0.0,True,1
690,92.339,4892.325042893723,-2622.069694415444,225.0,-1026.4211111111217,0.0,True,1
691,92.508,4935.0,-2689.0,225.0,-1015.9116534508785,0.0,True,1
692,92.619,4954.502171103163,-2719.4161854419845,225.0,-1008.9211111111217,0.0,True,1
693,92.819,4980.5920157064875,-2759.8732055278506,225.0,-996.4211111111217,0.0,True,1
694,92.869,4989.0,-2773.0,222.4999936,-993.4067174126512,0.0,True,1
695,93.099,5042.031199135032,-2856.2219630828317,211.0,-980.0100000000102,0.0,True,1
696,93.189,5075.0,-2908.0,211.0,-974.764538802443,0.0,True,1
697,93.409,5161.0,-3043.0,211.0,-961.8543203429999,0.0,True,1
698,93.469,5161.0,-3043.0,211.0,-958.3300470208123,0.0,True,1
699,93.539,5167.701557644837,-3053.612120306846,211.0,-954.2211111111219,0.0,True,1
700,93.749,5225.0,-3144.0,211.0,-941.9109130345214,68.03738395271739,True,1
701,93.86,5247.876352816125,-3179.692054055016,211.0,-935.4069444444558,104.0,True,1
702,94.14,5282.180607008783,-3232.1943728681003,211.0,-918.9958333333443,104.0,True,1
703,94.249,5301.0,-3262.0,211.0,-912.6071601300291,104.0,True,1
704,94.38,5328.516362018672,-3306.0247641992587,211.0,-904.9291666666777,104.0,True,1
705,94.409,5333.0,-3313.0,211.0,-903.2294543689559,104.0,True,1
706,94.529,5344.0,-3329.0,211.0,-896.196118181073,104.0,True,1
707,94.58,5349.707283076123,-3337.782781385049,211.0,-893.2069444444551,104.0,True,1
708,94.729,5371.0,-3372.0,211.0,-884.4738913714737,104.0,True,1
709,94.82,5382.8946652979375,-3391.134470723839,211.0,-879.1402777777885,104.0,True,1
710,95.049,5408.0,-3431.0,211.0,-865.7183374331444,104.0,True,1
711,95.18,5419.900377464978,-3449.1947845012464,211.0,-858.0402777777881,104.0,True,1
712,95.309,5430.0,-3464.0,211.0,-850.4794480863038,104.0,True,1
713,95.54,5444.445048833334,-3486.218462178229,211.0,-836.9402777777877,104.0,True,1
714,95.569,5446.0,-3490.0,211.0,-835.2405593116791,104.0,True,1
715,95.74,5454.1363052945035,-3519.714297427098,211.0,-825.218055555566,104.0,False,1
716,95.889,5457.0,-3547.0,211.0,-816.4850037501692,39.43336106666666,False,1
717,95.98,5455.683812375528,-3560.676994298669,211.0,-811.1513888888985,0.0,False,1
718,96.22,5440.262129391334,-3589.6521661116412,211.0,-797.0847222222319,0.0,False,1
719,96.289,5432.0,-3599.0,211.0,-793.0405593068899,0.0,False,1
720,96.429,5410.0,-3619.0,211.0,-784.835003752346,0.0,False,1
721,96.58,5381.272106937671,-3633.2603085876153,211.0,-775.9847222222315,0.0,False,1
722,96.629,5374.0,-3636.0,211.0,-773.1127815276623,0.0,False,1
723,96.74,5364.200538000179,-3638.8761213168573,211.0,-766.6069444444538,0.0,True,1
724,96.829,5355.0,-3639.0,211.0,-761.390559320921,33.05711908571429,True,1
725,97.02,5312.996793111606,-3634.1621009041787,211.0,-750.1958333333423,104.0,True,1
726,97.049,5305.0,-3632.0,211.0,-748.4961148385992,104.0,True,1
727,97.209,5259.0,-3614.0,211.0,-739.118337048073,104.0,True,1
728,97.22,5256.274064045821,-3612.8070937998204,211.0,-738.4736111111197,104.0,True,1
729,97.409,5222.0,-3597.0,211.0,-727.3961156737805,104.0,True,1
730,97.46,5216.198678861044,-3594.399102252425,211.0,-724.4069444444531,104.0,True,1
731,97.569,5204.0,-3589.0,211.0,-718.0183329950478,104.0,True,1
732,97.739,5166.156249309449,-3570.9780908604794,211.0,-708.0544444444522,104.0,True,1
733,97.829,5141.0,-3558.0,211.0,-702.779436586151,104.0,True,1
734,97.899,5120.428181690273,-3546.7404151622145,211.0,-698.6766666666745,104.0,True,1
735,98.108,5055.0,-3508.0,211.0,-686.4269332139256,104.0,True,1
736,98.139,5045.05240229459,-3501.8063862770887,211.0,-684.6100000000079,104.0,True,1
737,98.368,4971.0,-3453.0,211.0,-671.1880443006212,4.766583466666663,True,1
738,98.379,4967.502977898469,-3450.541178547703,211.0,-670.5433333333403,0.0,False,1
739,98.748,4851.0,-3364.0,211.0,-648.9158220838153,0.0,False,1
740,98.859,4813.045453949648,-3337.7960110668937,211.0,-642.410000000008,0.0,False,1
741,99.148,4719.0,-3274.0,211.0,-625.4713776334866,0.0,False,1
742,99.219,4701.873839903062,-3260.725265307755,211.0,-621.3100000000077,0.0,False,1
743,99.419,4656.883654577032,-3215.5015525213485,211.0,-609.587777777785,104.0,True,1
744,99.429,4654.0,-3212.0,211.0,-609.0016591627318,104.0,True,1
745,99.619,4584.965537400626,-3119.611414940392,211.0,-597.8655555555624,104.0,True,1
746,99.779,4527.208107124791,-3037.676843122949,211.0,-588.4877777777847,104.0,True,1
747,99.809,4519.0,-3026.0,211.0,-586.7294367573868,104.0,True,1
748,100.059,4479.732723051956,-2969.6869091230965,211.0,-572.0766666666732,104.0,True,1
749,100.189,4456.0,-2936.0,211.0,-564.4572226991068,104.0,True,1
750,100.26,4437.4716020441865,-2909.8935519742718,211.0,-560.295833333339,104.0,True,1
751,100.389,4392.0,-2846.0,211.0,-552.7350039649427,104.0,True,1
752,100.42,4378.308349642221,-2826.765072160515,211.0,-550.9180555555613,104.0,True,1
753,100.529,4328.0,-2756.0,211.0,-544.5294479661543,104.0,True,1
754,100.66,4288.608023499137,-2700.0061820141846,211.0,-536.8513888888947,104.0,True,1
755,100.769,4259.0,-2658.0,211.0,-530.4627815816066,104.0,True,1
756,100.94,4194.05762012856,-2567.2246150544784,211.0,-520.4402777777832,104.0,True,1
757,101.009,4166.0,-2528.0,211.0,-516.396114853932,104.0,True,1
758,101.22,4083.151889616577,-2411.434042837814,211.0,-504.0291666666717,104.0,True,1
759,101.5,3980.024450267819,-2264.5918366975657,211.0,-487.6180555555602,104.0,True,1
760,101.66,3923.3812336894593,-2184.097355037339,211.0,-478.24027777778247,104.0,True,1
761,101.82,3867.6277492374415,-2105.7003995264936,211.0,-468.86250000000473,104.0,True,1
762,101.909,3837.0,-2063.0,211.0,-463.646114862222,104.0,True,1
763,102.029,3796.0,-2006.0,211.0,-456.6127815288919,104.0,True,1
764,102.06,3785.343827052274,-1990.9938545373027,211.0,-454.7958333333372,104.0,True,1
765,102.22,3728.9903520696125,-1910.076003849843,211.0,-445.4180555555595,104.0,True,1
766,102.309,3693.0,-1858.0,211.0,-440.2016704178095,104.0,True,1
767,102.42,3641.687180065101,-1783.7683697757564,211.0,-433.69583333333685,104.0,True,1
768,102.649,3534.0,-1628.0,211.0,-420.27389263941404,104.0,True,1
769,102.78,3491.1169202663696,-1565.955485468141,211.0,-412.5958333333365,104.0,True,1
770,102.98,3448.314724445234,-1504.078012617403,211.0,-400.87361111111386,104.0,True,1
771,103.089,3426.0,-1472.0,211.0,-394.48500374296236,104.0,True,1
772,103.18,3406.8537879027203,-1444.585081058254,211.0,-389.15138888889123,104.0,True,1
773,103.269,3380.0,-1406.0,211.0,-383.9350037875065,104.0,True,1
774,103.429,3306.0,-1299.0,211.0,-374.55722606476957,104.0,True,1
775,103.5,3285.0433004011097,-1268.3436875996101,211.0,-370.39583333333576,104.0,True,1
776,103.629,3261.0,-1233.0,211.0,-362.8350035613221,20.150041599999998,True,1
777,103.66,3253.9945298805137,-1222.940393054933,211.0,-361.018055555558,0.0,True,1
778,103.929,3186.0,-1127.0,211.0,-345.2516732295571,0.0,True,1
779,103.98,3178.6452605577792,-1116.4236605508959,211.0,-342.26250000000164,0.0,True,1
780,104.109,3169.0,-1102.0,211.0,-334.7016558187115,0.0,True,1
781,104.329,3164.0,-1094.0,211.0,-321.80721165306204,0.0,True,1
782,104.339,3163.262243772522,-1092.9765068623233,211.0,-321.2211111111128,0.0,True,1
783,104.608,3123.0,-1036.0,211.0,-305.45472920811153,0.0,True,1
784,104.619,3121.0937978580437,-1033.0153835491822,211.0,-304.8100000000013,0.0,True,1
785,104.828,3077.0,-971.0,211.0,-292.55980150501364,77.62864274285715,True,1
786,104.899,3051.408034770226,-948.4955393921133,211.0,-288.3988888888898,104.0,True,1
787,105.028,3008.0,-917.0,211.0,-280.8401891160629,104.0,True,1
788,105.139,2998.9607739466805,-913.9472808812694,211.0,-274.3322222222232,104.0,True,1
789,105.148,2998.0,-914.0,211.0,-273.8041861852289,104.0,True,1
790,105.339,2949.011288704442,-915.3043908188032,211.0,-262.6100000000006,104.0,True,1
791,105.448,2909.0,-919.0,211.0,-256.2783930571177,104.0,True,1
792,105.619,2841.264068593694,-931.9688813193586,211.0,-246.1988888888891,104.0,True,1
793,105.779,2773.913375325681,-948.8882898569335,211.0,-236.82111111111135,34.0,True,1
794,105.828,2753.0,-954.0,191.88992512,-234.61421764528222,34.0,True,1
795,105.979,2687.5177142511616,-969.6108986873013,133.0,-229.43222222222266,34.0,True,1
796,106.029,2665.0,-975.0,133.0,-227.7383991670622,37.7500096,True,1
797,106.209,2578.0,-996.0,133.0,-221.00540431440095,51.2500096,True,1
798,106.219,2572.715301210717,-997.2487511473727,133.0,-220.56555555555587,52.0,False,1
799,106.379,2485.143838408242,-1017.6282602258259,177.0,-212.6988888888891,100.0,False,1
800,106.409,2471.0,-1021.0,178.20000512,-211.1716399322204,100.0,False,1
801,106.529,2422.0,-1033.0,183.00000512,-205.0284744708315,100.0,False,1
802,106.579,2399.2232624577273,-1038.3915448132257,185.0,-202.4211111111117,100.0,False,1
803,106.829,2266.0,-1069.0,193.56697745526583,-188.88727565789577,100.0,False,1
804,106.9,2231.739360986928,-1077.3280188323367,196.0,-184.94444444444434,100.0,False,1
805,106.949,2208.0,-1083.0,197.2249984,-182.20524061675587,100.0,False,1
806,107.249,2042.0,-1119.0,204.7249984,-165.05910066682736,100.0,False,1
807,107.3,2010.8797390650595,-1125.923195260532,206.0,-162.05555555555566,100.0,False,1
808,107.429,1935.0,-1143.0,213.2562464,-154.35081907453514,100.0,False,1
809,107.46,1919.5959236849121,-1146.3883052759973,215.0,-152.5,100.0,False,1
810,107.629,1837.0,-1164.0,215.0,-142.4398062295768,100.0,False,1
811,107.66,1815.172581372296,-1168.664177366298,215.0,-140.55555555555566,100.0,False,1
812,107.849,1651.0,-1204.0,222.6781224,-128.66095204507474,100.0,False,1
813,107.98,1558.9619602071868,-1224.1484273133594,228.0,-120.28888888888832,100.0,False,1
814,108.18,1458.9839872044888,-1246.5299332114023,228.0,-107.62222222222135,100.0,False,1
815,108.309,1397.0,-1260.0,228.0,-99.45918222875298,100.0,False,1
816,108.46,1319.6116737672337,-1276.3087371694012,228.0,-89.88888888888869,100.0,False,1
817,108.529,1270.0,-1287.0,228.0,-85.50719512142223,100.0,False,1
818,108.729,1075.0,-1330.0,228.0,-72.84487716821695,100.0,False,1
819,108.74,1065.6034470254863,-1332.0710169759495,228.0,-72.15555555555511,100.0,False,1
820,108.98,929.6357807018517,-1361.6716263719761,228.0,-56.95555555555438,100.0,False,1
821,109.149,840.0,-1381.0,244.05499392,-44.96401980419978,100.0,False,1
822,109.38,658.0098703883043,-1420.5463487497502,266.0,-27.399999999999636,100.0,False,1
823,109.529,537.0,-1447.0,269.3111096888889,-16.061519813703853,100.0,False,1
824,109.74,390.94460706439014,-1479.1578900874215,274.0,0.0,100.0,False,2
825,109.809,346.0,-1489.0,274.4312496,5.257347448900873,100.0,False,2
826,109.9,287.34503998386157,-1501.7526319419378,275.0,12.222222222222626,100.0,False,2
827,110.049,180.0,-1525.0,277.48333226666665,23.787976266710757,100.0,False,2
828,110.26,-30.891291915718252,-1570.9380918303907,281.0,40.32222222222299,100.0,False,2
829,110.369,-132.0,-1593.0,281.0,48.8242715615288,100.0,False,2
830,110.42,-172.12836622049514,-1601.7590739807786,281.0,52.81111111111204,100.0,False,2
831,110.62,-293.0296357837772,-1628.1773556829019,283.0,68.53333333333467,100.0,False,2
832,110.709,-347.0,-1640.0,283.0,75.51660492777955,100.0,False,2
833,110.82,-420.8277269910352,-1656.1971110362215,283.0,84.25555555555638,100.0,False,2
834,110.909,-484.0,-1670.0,284.48746490694504,91.33893451727545,100.0,False,2
835,111.128,-640.0,-1704.0,288.14763506503044,108.97255846966073,100.0,False,2
836,111.179,-668.898069329626,-1710.5275094308488,289.0,113.07527777777887,100.0,False,2
837,111.288,-728.0,-1724.0,289.0,121.82641440691532,100.0,False,2
838,111.379,-791.2625285473258,-1737.8953416251557,289.0,129.13083333333452,100.0,False,2
839,111.488,-884.0,-1758.0,289.45416746666666,137.89534316581012,100.0,False,2
840,111.619,-1017.6750709150305,-1787.1108043311344,290.0,148.46416666666755,100.0,False,2
841,111.708,-1109.0,-1807.0,290.6068194909091,155.6763636880287,100.0,False,2
842,111.988,-1344.0,-1858.0,292.5159104,178.4905639983872,100.0,False,2
843,112.059,-1388.7616500720967,-1867.7239021323494,293.0,184.27527777777868,100.0,False,2
844,112.259,-1485.2811210563514,-1888.763738839616,293.0,200.55305555555697,100.0,False,2
845,112.448,-1656.0,-1926.0,293.0,215.9338531895255,100.0,False,2
846,112.459,-1670.120896062064,-1929.0784922132582,293.0,216.83083333333525,100.0,False,2
847,112.508,-1734.0,-1943.0,293.20416746666666,220.83000433924735,100.0,False,2
848,112.769,-1891.0,-1977.0,294.2916672,242.21928157194816,100.0,False,2
849,112.939,-2005.1519114869968,-2001.8860251769456,295.0,256.16416666666737,100.0,False,2
850,112.989,-2047.0,-2011.0,295.0,260.2623557538591,100.0,False,2
851,113.099,-2152.1658802551215,-2033.8553080576519,295.0,269.2752777777796,100.0,False,2
852,113.229,-2291.0,-2064.0,295.0,279.92784125271555,100.0,False,2
853,113.34,-2413.385927744334,-2090.597776336915,295.0,289.0238888888907,100.0,False,2
854,113.449,-2516.0,-2113.0,295.0,297.9558625533555,100.0,False,2
855,113.5,-2551.0272903649407,-2120.721050196856,295.0,302.1350000000011,100.0,False,2
856,113.7,-2635.4195122733017,-2139.7338879833615,295.0,318.5238888888898,100.0,True,2
857,113.769,-2682.0,-2150.0,295.0,324.17857727534556,101.14999893333334,True,2
858,113.94,-2865.510625109011,-2189.8962445182688,295.0,338.1905555555559,104.0,True,2
859,114.129,-3014.0,-2222.0,295.0,353.67626389468205,104.0,True,2
860,114.14,-3014.9629751755124,-2222.207117584351,295.0,354.57944444444456,104.0,True,2
861,114.189,-3014.0,-2222.0,295.1749997714286,358.6063148941239,97.93334125714286,True,2
862,114.529,-3210.0,-2265.0,296.3892854857143,386.71166560089205,55.83810316190477,True,2
863,114.749,-3376.0,-2301.0,297.1749997714286,404.984916961409,28.60000792380953,True,2
864,114.98,-3563.896260277453,-2341.9736068393518,298.0,424.1127777777783,0.0,False,2
865,115.029,-3610.0,-2352.0,297.26500096,428.16217653956755,0.0,False,2
866,115.18,-3770.3829098871456,-2386.756744982207,295.0,440.501666666667,0.0,False,2
867,115.309,-3923.0,-2420.0,287.9636398545455,450.60989983752825,0.0,False,2
868,115.529,-4177.0,-2476.0,275.9636398545455,467.00368332902417,0.0,False,2
869,115.62,-4236.490505252515,-2489.147710499475,271.0,473.62388888888927,0.0,True,2
870,115.749,-4314.0,-2506.0,260.5187552,482.8808449928483,0.0,True,2
871,115.78,-4342.924878599592,-2512.2132922892765,258.0,485.0905555555555,0.0,True,2
872,115.969,-4548.0,-2556.0,253.2750016,498.4164720909921,0.0,True,2
873,116.02,-4576.74605195573,-2562.1069905976797,252.0,501.8905555555548,0.0,True,2
874,116.189,-4618.0,-2567.0,239.3250048,512.9319161293533,0.0,True,2
875,116.26,-4654.031807359249,-2568.1942767012324,234.0,517.4905555555551,0.0,True,2
876,116.42,-4783.360626606227,-2569.4331867700503,229.0,527.6683333333331,0.0,True,2
877,116.529,-4877.0,-2561.0,222.3388928,534.2105817354286,0.6055552000000001,True,2
878,116.749,-5051.0,-2516.0,208.89444835555557,546.6289558216131,1.8277774222222223,True,2
879,116.78,-5073.380520454487,-2507.3311950297925,207.0,548.3683333333329,2.0,True,2
880,116.94,-5179.709403432104,-2454.4797011571327,202.0,557.3461111111101,3.0,True,2
881,117.109,-5262.0,-2405.0,200.7928576,566.8095397020861,3.0,True,2
882,117.22,-5293.804244267421,-2384.70934581812,200.0,572.9016666666657,3.0,True,2
883,117.449,-5341.0,-2344.0,191.00357394285714,584.9794637834239,3.0,True,2
884,117.5,-5358.724024232322,-2326.7898181294177,189.0,587.6016666666656,3.0,True,2
885,117.788,-5486.0,-2193.0,181.77742511995493,602.0912267364783,3.0,True,2
886,117.819,-5496.940267838864,-2179.549167090688,181.0,603.6402777777766,3.0,True,2
887,118.019,-5547.705852327706,-2103.045781243114,178.0,613.5291666666653,3.0,True,2
888,118.208,-5583.0,-2030.0,168.5499904,622.2589154034295,0.6374976000000001,True,2
889,118.259,-5592.647382624726,-2008.1376959706959,166.0,624.5958333333319,0.0,True,2
890,118.408,-5620.0,-1937.0,166.0,631.5033946992799,0.0,True,2
891,118.579,-5645.830423779753,-1837.051343565934,166.0,639.3513888888874,0.0,True,2
892,118.668,-5655.0,-1792.0,162.9406184,643.2940506092718,0.8343767999999999,True,2
893,118.899,-5663.311763709692,-1718.6561340118753,155.0,653.1291666666657,3.0,False,2
894,118.948,-5664.0,-1702.0,153.7749952,655.159204871442,3.2722232888888887,False,2
895,119.129,-5664.0,-1622.0,149.2499968,662.5042122037348,4.277778488888889,False,2
896,119.259,-5654.680376570509,-1544.3295226798364,146.0,667.7291666666661,5.0,False,2
897,119.459,-5633.070228599927,-1426.7922937299265,144.0,675.7291666666661,5.0,False,2
898,119.489,-5631.0,-1416.0,143.39999744,676.9105995532273,4.2499968,False,2
899,119.659,-5625.317367709505,-1389.6044988492822,140.0,683.5069444444443,0.0,False,2
900,119.769,-5616.0,-1368.0,138.43416294889934,687.7191165278182,0.0,False,2
901,119.94,-5580.422794120359,-1287.6250319356134,136.0,694.1224999999995,0.0,True,2
902,120.049,-5552.0,-1233.0,133.2750016,698.0542059549707,0.27249984,True,2
903,120.34,-5479.436749902694,-1144.2425226613045,126.0,708.1224999999995,1.0,True,2
904,120.409,-5468.0,-1133.0,124.2750016,710.4726611973174,1.0,True,2
905,120.5,-5457.86595411805,-1123.1813840560287,122.0,713.5447222222219,1.0,True,2
906,120.589,-5446.0,-1113.0,120.72857234285715,716.5052332120631,1.3178569142857144,True,2
907,120.78,-5391.350992293863,-1072.0154429440029,118.0,722.7224999999999,2.0,True,2
908,120.829,-5373.0,-1061.0,116.7750016,724.2914996303416,2.0,True,2
909,120.94,-5326.926737930226,-1038.3341289326374,114.0,727.7891666666665,2.0,True,2
910,121.009,-5301.0,-1027.0,112.7062512,729.9032330262871,2.1437498666666666,True,2
911,121.229,-5245.0,-1006.0,108.5812512,736.3387154774373,2.6020832,True,2
912,121.42,-5191.751728232066,-992.6254389982137,105.0,741.7891666666665,3.0,True,2
913,121.529,-5157.0,-987.0,103.9781256,744.8932637948556,3.6812496,True,2
914,121.709,-5097.0,-982.0,102.2906256,749.9876292866347,4.8062496,True,2
915,121.74,-5088.182737052112,-981.6216139700155,102.0,750.8558333333331,5.0,False,2
916,121.829,-5067.0,-981.0,101.1656256,753.3325080859531,3.609376,False,2
917,122.06,-5041.171641106535,-979.8537576868001,99.0,759.6558333333332,0.0,False,2
918,122.149,-5017.0,-983.0,98.1656256,762.0550426272193,0.2781248,False,2
919,122.309,-4948.0,-994.0,96.6656256,766.3176031910061,0.7781248,False,2
920,122.38,-4933.379956339411,-996.725164035599,96.0,768.1891666666661,1.0,False,2
921,122.489,-4919.0,-1002.0,94.6375008,771.0393818192488,1.0,False,2
922,122.54,-4904.601801199325,-1007.7893081887519,94.0,772.366944444444,1.0,False,2
923,122.729,-4836.0,-1037.0,93.21250026666667,777.2606504539508,1.0,False,2
924,122.78,-4827.922246150035,-1041.4331977797879,93.0,778.5669444444438,1.0,False,2
925,122.889,-4820.0,-1048.0,92.0916672,781.3329094118444,1.0,False,2
926,123.02,-4800.180805769698,-1060.9086367275556,91.0,784.6336111111104,1.0,False,2
927,123.089,-4787.0,-1071.0,90.80833351111112,786.373753086561,1.0,False,2
928,123.38,-4729.69247072989,-1132.3688490021211,90.0,793.6336111111104,1.0,False,2
929,123.409,-4726.0,-1137.0,89.42000128,794.3353890488543,0.85500032,False,2
930,123.58,-4713.991764569218,-1155.5294257028013,86.0,798.4113888888887,0.0,False,2
931,123.629,-4711.0,-1162.0,86.0,799.5788283100164,0.0,False,2
932,123.86,-4691.283074688051,-1211.0897532304898,86.0,805.1002777777776,0.0,False,2
933,124.009,-4685.0,-1227.0,86.0,808.6647729149936,29.05498752,False,2
934,124.029,-4685.0,-1227.0,86.0,809.1412128730317,32.95498752,False,2
935,124.06,-4684.900288309674,-1228.7850087895267,86.0,809.8780555555559,39.0,False,2
936,124.22,-4681.385275352351,-1278.5443274191134,86.0,813.700277777778,39.0,False,2
937,124.408,-4679.0,-1356.0,93.55779623666773,818.5930884851023,39.0,False,2
938,124.419,-4679.143528053289,-1359.301607970645,94.0,818.8963888888893,39.0,False,2
939,124.619,-4686.909666555309,-1397.3943308429011,104.0,824.6741666666676,39.0,False,2
940,124.728,-4693.0,-1414.0,104.7785728,827.8747434345432,23.8178304,False,2
941,124.899,-4703.466989412649,-1445.951057496356,106.0,832.9186111111121,0.0,True,2
942,124.968,-4709.0,-1461.0,106.0,834.9664923215769,0.0,True,2
943,125.099,-4722.503995372544,-1493.0906963993966,106.0,838.8075000000008,0.0,True,2
944,125.248,-4742.0,-1534.0,101.74285165714285,842.9356410751088,0.0,True,2
945,125.379,-4761.854144364454,-1572.5019501664228,98.0,846.4297222222231,0.0,True,2
946,125.428,-4769.0,-1587.0,97.31944177777778,847.7218139380539,0.0,True,2
947,125.588,-4789.0,-1633.0,95.09721955555555,851.8844163584608,0.0,True,2
948,125.739,-4801.791827471512,-1671.4653829065735,93.0,855.7297222222232,0.0,True,2
949,125.909,-4810.0,-1710.0,90.8749984,859.9599487799142,0.0,True,2
950,126.059,-4812.918506668102,-1741.5675353025495,89.0,863.6408333333338,0.0,False,2
951,126.169,-4811.0,-1769.0,88.44999936,866.328268944816,0.0,False,2
952,126.259,-4806.150711588352,-1796.9390470822225,88.0,868.5297222222225,0.0,False,2
953,126.419,-4792.305254350034,-1851.9913307090487,88.0,872.4408333333331,0.0,False,2
954,126.469,-4788.0,-1866.0,87.2882548920109,873.6332335653851,0.0,False,2
955,126.7,-4769.607793128767,-1906.6244859266837,84.0,878.9974999999995,0.0,False,2
956,126.869,-4755.0,-1927.0,84.0,882.9478764410951,0.0,False,2
957,126.9,-4752.019826385541,-1931.0125241965418,84.0,883.6641666666665,0.0,False,2
958,126.989,-4743.0,-1943.0,83.25833386666666,885.6955600799156,2.4722204444444444,False,2
959,127.26,-4702.699541308922,-1986.6674070132292,81.0,891.7641666666668,10.0,False,2
960,127.289,-4694.0,-1993.0,81.08055537777778,892.4201617153703,11.611107555555556,False,2
961,127.469,-4626.0,-2036.0,81.58055537777778,896.5316291332729,21.611107555555556,False,2
962,127.62,-4597.362679913728,-2054.505420640373,82.0,899.9641666666666,30.0,False,2
963,127.86,-4585.735564512675,-2054.9822260893566,82.0,905.4308333333329,39.0,False,2
964,127.949,-4560.0,-2057.0,85.70833066666667,907.6313464535224,39.74166613333333,False,2
965,128.089,-4500.0,-2063.0,91.541664,911.2735371762064,40.9083328,False,2
966,128.1,-4496.21282129221,-2063.407628833537,92.0,911.5641666666661,41.0,False,2
967,128.38,-4467.333042054186,-2065.8528485902234,99.0,919.2641666666659,46.0,False,2
968,128.489,-4451.0,-2060.0,102.9361088,922.5472573069001,49.027776,False,2
969,128.729,-4383.0,-2043.0,111.60277546666667,930.122091107718,55.69444266666667,False,2
970,128.74,-4381.50477450728,-2043.4823795754342,112.0,930.4641666666666,56.0,False,2
971,128.969,-4339.0,-2020.0,112.0,937.5271341865728,58.453570742857146,False,2
972,129.02,-4290.79673453179,-1967.735498199871,112.0,939.1752777777774,59.0,False,2
973,129.109,-4187.0,-1850.0,115.55999744,942.1608210328914,61.00249856,False,2
974,129.42,-4000.275389991711,-1563.3164494871107,128.0,953.3974999999991,68.0,False,2
975,129.58,-4006.6195172094604,-1492.8264866727468,135.0,959.3975,68.0,False,2
976,129.909,-4025.0,-1444.0,148.15999744,973.1020547914404,70.46749952,False,2
977,129.98,-4025.1608753691094,-1445.3685243788832,151.0,976.1752777777765,71.0,False,2
978,129.989,-4025.0,-1444.0,151.3937472,976.5658809245224,71.0,False,2
979,130.14,-4018.180795918594,-1360.1681409961272,158.0,983.1974999999984,71.0,False,2
980,130.149,-4018.0,-1354.0,158.281248,983.6025232084794,71.8156192,False,2
981,130.46,-4042.164552252066,-1148.4807391250947,168.0,998.1308333333327,100.0,False,2
982,130.529,-4054.0,-1108.0,168.0,1001.335429710638,100.0,False,2
983,130.7,-4092.1213035637124,-1018.401051750453,168.0,1009.3308333333316,100.0,False,2
984,130.909,-4122.0,-964.0,176.21071177142858,1019.7169437076054,100.0,False,2
985,130.98,-4121.105510858272,-965.1256668104583,179.0,1023.253055555554,100.0,False,2
986,130.988,-4122.0,-964.0,179.0,1023.649006474312,100.0,False,2
987,131.179,-4212.9948426649335,-846.5165645206364,179.0,1033.1477777777773,100.0,False,2
988,131.208,-4226.0,-830.0,181.32001536,1034.6654766102474,100.0,False,2
989,131.379,-4266.899180229366,-781.4842633754977,195.0,1043.9811111111103,100.0,False,2
990,131.468,-4298.0,-746.0,195.74166826666666,1048.8409354620753,100.0,False,2
991,131.739,-4485.622351319591,-525.7062759076936,198.0,1063.7811111111114,100.0,False,2
992,131.768,-4499.0,-510.0,199.0875072,1065.435895405155,100.0,False,2
993,132.048,-4538.0,-465.0,209.5875072,1081.8083343906665,100.0,False,2
994,132.059,-4540.411445320457,-462.17855627532816,210.0,1082.4477777777774,100.0,False,2
995,132.349,-4661.0,-320.0,210.0,1099.1366579092773,100.0,False,2
996,132.459,-4714.504779647687,-256.9038218890701,210.0,1105.7811111111114,100.0,False,2
997,132.629,-4784.0,-175.0,224.8750112,1116.62623788169,100.0,False,2
998,132.699,-4800.704761737236,-155.32581257919733,231.0,1121.181111111112,100.0,False,2
999,132.979,-4827.492601532586,-123.78202124370996,237.0,1139.6144444444453,100.0,False,2
1000,132.989,-4829.0,-122.0,237.30471287948788,1140.2864407498564,100.0,False,2
1001,133.169,-4868.0,-76.0,242.78947450532104,1152.5802400242792,100.0,False,2
1002,133.34,-4925.346580787577,-9.209409619209815,248.0,1164.4833333333336,100.0,False,2
1003,133.449,-4972.0,45.0,249.94642742857144,1172.130765723915,100.0,False,2
1004,133.62,-5060.84641699534,148.33406209021598,253.0,1184.1611111111115,100.0,False,2
1005,133.809,-5148.0,250.0,253.0,1197.4127512584246,100.0,False,2
1006,133.86,-5162.965013531506,267.5771945477136,253.0,1201.0277777777792,100.0,False,2
1007,133.969,-5193.0,303.0,256.11428388571426,1208.8451810402012,100.0,False,2
1008,134.14,-5278.534147506905,403.57235495453784,261.0,1221.3277777777776,100.0,False,2
1009,134.149,-5284.0,410.0,261.26999808,1221.9906791156518,100.0,False,2
1010,134.34,-5418.045161938517,567.7214532599689,267.0,1236.1611111111124,100.0,False,2
1011,134.489,-5517.0,684.0,267.9312496,1247.2506637820998,100.0,False,2
1012,134.5,-5523.269735396928,691.3530579014017,268.0,1248.072222222223,100.0,False,2
1013,134.849,-5660.0,851.0,270.61749952,1274.3451225703047,100.0,False,2
1014,134.9,-5673.857728336754,867.1964206664763,271.0,1278.1833333333343,100.0,False,2
1015,135.22,-5757.1207412777585,964.7101390722667,271.0,1302.2722222222228,100.0,False,2
1016,135.289,-5790.0,1003.0,272.2937488,1307.540798766804,100.0,False,2
1017,135.469,-5900.0,1133.0,275.6687488,1321.4178347620518,100.0,False,2
1018,135.54,-5937.346822041867,1181.0967411866893,277.0,1326.8944444444442,100.0,False,2
1019,135.749,-6021.0,1316.0,277.0,1342.980523096414,100.0,False,2
1020,135.82,-6045.212386725802,1370.0449438861594,277.0,1348.4388888888889,100.0,False,2
1021,135.949,-6078.0,1455.0,277.0,1358.3540523853871,100.0,False,2
1022,136.02,-6084.448411138588,1473.2391272953475,277.0,1363.8277777777794,100.0,False,2
1023,136.089,-6097.0,1512.0,277.68999936,1369.166606087967,100.0,False,2
1024,136.22,-6175.365634957248,1750.095726967093,279.0,1379.3277777777785,100.0,False,2
1025,136.329,-6244.0,1958.0,278.5458336,1387.7656979474596,54.58336,False,2
1026,136.46,-6278.342745378115,2061.4142181795005,278.0,1397.8611111111122,0.0,False,2
1027,136.62,-6284.325366878108,2078.939348300602,272.0,1409.9500000000007,0.0,True,2
1028,136.629,-6285.0,2081.0,271.2500053333333,1410.6021469616999,0.0,True,2
1029,136.98,-6349.918732868435,2280.64195411682,242.0,1434.1499999999996,0.0,True,2
1030,136.989,-6353.0,2290.0,242.0,1434.7594332386561,0.0,True,2
1031,137.209,-6441.0,2556.0,242.0,1449.6021759921177,0.0,True,2
1032,137.22,-6444.651221236404,2567.0305379560546,242.0,1450.2833333333338,0.0,True,2
1033,137.38,-6482.875066368368,2682.6540406658214,208.0,1459.5277777777783,0.0,True,2
1034,137.58,-6505.1082619717745,2750.1717412006888,208.0,1471.0833333333348,0.0,True,2
1035,137.628,-6510.0,2765.0,202.32257673811733,1473.638564716559,0.0,True,2
1036,137.859,-6532.227014454165,2832.191576891247,175.0,1484.6458333333348,0.0,True,2
1037,138.048,-6557.0,2907.0,163.44998826666668,1492.935108442498,0.0,True,2
1038,138.219,-6588.923066062997,3003.5011336692523,153.0,1499.9458333333341,0.0,True,2
1039,138.268,-6598.0,3031.0,148.406232,1501.8645470986366,0.0,True,2
1040,138.379,-6616.956886448809,3088.5806048937675,138.0,1506.0791666666673,0.0,True,2
1041,138.579,-6644.917483528091,3174.0313891308438,132.0,1513.4125000000013,0.0,True,2
1042,138.668,-6654.0,3202.0,132.0,1516.7433898712034,0.0,True,2
1043,138.819,-6664.443852619466,3234.55896816869,132.0,1522.2125000000005,0.0,True,2
1044,139.059,-6675.373266167663,3267.7546033275858,106.0,1529.2791666666672,0.0,True,2
1045,139.109,-6679.0,3278.0,102.2499904,1530.5898351422502,0.0,True,2
1046,139.229,-6689.0,3306.0,93.2499904,1533.5923549642157,0.0,True,2
1047,139.259,-6691.042909781556,3312.000405553955,91.0,1534.3347222222228,0.0,True,2
1048,139.459,-6700.448717191384,3342.331025462228,88.0,1539.2236111111124,1.0,True,2
1049,139.469,-6701.0,3344.0,87.8130818314277,1539.4619811036828,1.0,True,2
1050,139.649,-6714.0,3382.0,84.4485978625209,1543.6305304497582,1.0,True,2
1051,139.78,-6727.646339315885,3425.390338382123,82.0,1546.535277777779,1.0,False,2
1052,139.889,-6737.0,3459.0,80.1833344,1548.876811739131,0.6972224,False,2
1053,140.14,-6739.624235989366,3495.5422230004397,76.0,1554.1352777777784,0.0,False,2
1054,140.169,-6739.0,3499.0,76.0,1554.7489487084194,0.0,False,2
1055,140.3,-6734.736962644204,3516.2255630558006,76.0,1557.513055555557,0.0,False,2
1056,140.46,-6726.324304484634,3540.831728946828,73.0,1560.7575000000015,0.0,False,2
1057,140.66,-6710.850909389914,3577.1059101420215,72.0,1564.7575000000015,2.0,False,2
1058,141.02,-6664.458637500334,3638.465898917518,71.0,1571.857500000002,21.0,False,2
1059,141.229,-6624.0,3661.0,75.06388764444445,1576.290688158645,35.51388444444444,False,2
1060,141.38,-6588.568264300046,3671.22170047821,78.0,1579.6575000000012,46.0,False,2
1061,141.589,-6536.0,3675.0,84.09583146666667,1584.5559293406477,50.354165333333334,False,2
1062,141.62,-6528.4955434640315,3674.2833452383456,85.0,1585.3241666666681,51.0,False,2
1063,141.9,-6462.21621544303,3653.1004018593526,95.0,1592.7130555555568,55.0,False,2
1064,141.909,-6460.0,3652.0,95.1124992,1592.9542483279738,55.1968736,False,2
1065,142.22,-6377.592801286821,3600.7067111820425,99.0,1601.513055555557,62.0,False,2
1066,142.229,-6375.0,3599.0,99.5343712,1601.7818090187247,62.2531232,False,2
1067,142.54,-6279.902294259278,3536.40738990134,118.0,1612.001944444446,71.0,False,2
1068,142.649,-6250.0,3516.0,123.7906216,1615.9930088529109,74.7468728,False,2
1069,142.86,-6199.41234988225,3479.0724425423514,135.0,1624.001944444447,82.0,False,2
1070,142.929,-6178.0,3462.0,135.0,1626.5665472412938,87.1749952,False,2
1071,143.1,-6106.747803634354,3402.6257134015955,135.0,1633.001944444446,100.0,False,2
1072,143.229,-6056.0,3359.0,140.32124736,1638.2811417921548,100.0,False,2
1073,143.529,-5990.0,3298.0,152.69624736,1652.0592974472693,100.0,False,2
1074,143.769,-5933.0,3241.0,162.59624736,1663.847936937911,100.0,False,2
1075,143.9,-5871.437345543271,3175.732441023381,168.0,1670.33527777778,100.0,False,2
1076,143.929,-5858.0,3161.0,169.57082986666666,1671.7764346240847,100.0,False,2
1077,144.14,-5779.233059926649,3067.254409810374,181.0,1682.4019444444457,100.0,False,2
1078,144.208,-5756.0,3037.0,183.21553991324225,1685.942983407509,100.0,False,2
1079,144.488,-5663.0,2907.0,192.33835132071042,1701.0943270353637,100.0,False,2
1080,144.539,-5649.785738420787,2887.424350673202,194.0,1703.9036111111127,100.0,False,2
1081,144.739,-5606.120208807389,2818.5073835589715,200.0,1715.014722222225,100.0,False,2
1082,144.748,-5604.0,2815.0,200.1125024,1715.5175653101896,100.0,False,2
1083,144.979,-5541.201631058932,2707.248146431746,203.0,1728.5480555555587,100.0,False,2
1084,145.048,-5519.0,2668.0,204.7250048,1732.5270171663315,100.0,False,2
1085,145.288,-5431.0,2510.0,210.7250048,1746.6507789681064,100.0,False,2
1086,145.299,-5426.806370704277,2502.4736618765423,211.0,1747.3036111111142,100.0,False,2
1087,145.459,-5365.224566073626,2392.328270327894,215.0,1756.8591666666698,100.0,False,2
1088,145.649,-5304.0,2283.0,218.5625024,1768.4659172119318,100.0,False,2
1089,145.779,-5278.205833726195,2236.6257720737813,221.0,1776.503611111114,100.0,False,2
1090,146.019,-5240.566763087532,2168.371479286574,224.0,1791.4369444444483,100.0,False,2
1091,146.089,-5217.0,2126.0,224.63492151948995,1795.8297970898984,100.0,False,2
1092,146.169,-5183.0,2065.0,225.36054478633878,1800.873169956768,100.0,False,2
1093,146.429,-5085.0,1890.0,227.71882040359748,1817.3903990374965,100.0,False,2
1094,146.46,-5076.8799111941025,1875.4792045348697,228.0,1819.3669444444486,100.0,False,2
1095,146.589,-5046.0,1820.0,229.07499946666667,1827.606705077489,100.0,False,2
1096,146.82,-4957.231078493501,1659.7912818667915,231.0,1842.466944444448,100.0,False,2
1097,146.829,-4954.0,1654.0,231.14999893333334,1843.050361270998,100.0,False,2
1098,147.06,-4882.45023523909,1527.1746961828746,235.0,1858.133611111115,100.0,False,2
1099,147.129,-4851.0,1471.0,235.8624992,1862.6722247191155,100.0,False,2
1100,147.22,-4796.560375521905,1373.2114652567575,237.0,1868.6669444444478,100.0,False,2
1101,147.309,-4744.0,1279.0,237.0,1874.5221827442174,100.0,False,2
1102,147.46,-4689.444370236925,1183.2694336625482,237.0,1884.466944444448,100.0,False,2
1103,147.709,-4644.0,1118.0,238.77857097142856,1900.9941489920457,100.0,False,2
1104,147.74,-4636.026013497337,1107.7112041246976,239.0,1903.0558333333374,100.0,False,2
1105,147.909,-4588.0,1048.0,239.0,1914.2975749842808,91.0218784,False,2
1106,148.06,-4555.879123710274,1010.6254750182014,239.0,1924.300277777781,83.0,False,2
1107,148.169,-4527.0,981.0,237.36500096,1931.4723611051731,83.0,False,2
1108,148.26,-4492.573494781392,947.7488481140517,236.0,1937.4113888888915,83.0,False,2
1109,148.389,-4431.0,893.0,233.94772829090908,1945.7311491977043,70.1000064,False,2
1110,148.569,-4327.0,816.0,231.08409192727274,1957.1602829297735,52.1000064,False,2
1111,148.7,-4233.404242252148,759.0414705849462,229.0,1965.4002777777805,39.0,False,2
1112,148.749,-4198.0,740.0,227.7750016,1968.4679779986982,43.593744,False,2
1113,148.86,-4121.210609601952,704.262918278395,225.0,1975.4002777777823,54.0,False,2
1114,149.02,-4026.393718844794,668.5670425790014,225.0,1985.4002777777823,59.0,False,2
1115,149.029,-4022.0,667.0,225.0,1985.963030094441,59.2249984,False,2
1116,149.189,-3936.0,642.0,225.0,1995.9661467430487,63.2249984,False,2
1117,149.22,-3904.817492668161,635.287466665877,225.0,1997.9002777777814,64.0,False,2
1118,149.309,-3799.0,615.0,224.55500032,2003.4426804946916,80.01998848,False,2
1119,149.42,-3703.853364677415,602.9853574592872,224.0,2010.3447222222248,100.0,False,2
1120,149.609,-3609.0,605.0,224.0,2022.1043070939268,100.0,False,2
1121,149.66,-3585.268757056855,605.9063870450768,224.0,2025.2780555555591,100.0,False,2
1122,149.9,-3473.3104708067135,613.3450351128985,224.0,2040.2113888888935,100.0,False,2
1123,149.989,-3420.0,622.0,224.0,2045.7466089187483,100.0,False,2
1124,150.06,-3371.077102427387,631.9036430953622,224.0,2050.1669444444487,100.0,False,2
1125,150.149,-3303.0,649.0,224.2781248,2055.719631363626,100.0,False,2
1126,150.38,-3107.7603645112586,719.6588619667032,225.0,2070.1669444444487,100.0,False,2
1127,150.449,-3060.0,741.0,225.0,2074.4802551049206,100.0,False,2
1128,150.58,-2993.7137300877725,776.8171475026202,225.0,2082.6669444444497,100.0,False,2
1129,150.709,-2948.0,806.0,225.0,2090.730002320981,100.0,False,2
1130,150.98,-2866.401588871674,859.3574348939384,225.0,2107.666944444448,100.0,False,2
1131,151.088,-2797.0,921.0,225.0,2114.4119962110217,100.0,False,2
1132,151.148,-2746.0,969.0,225.0,2118.1579993119267,100.0,False,2
1133,151.379,-2629.333814358491,1102.795884479739,225.0,2132.604444444448,100.0,False,2
1134,151.408,-2617.0,1121.0,225.1812512,2134.4232339408754,100.0,False,2
1135,151.539,-2556.887980139538,1218.4867685240404,226.0,2142.6488888888916,100.0,False,2
1136,151.728,-2481.0,1354.0,226.0,2154.5160857206492,100.0,False,2
1137,151.899,-2455.3021078780835,1404.6714282374337,226.0,2165.248888888893,100.0,False,2
1138,152.089,-2425.0,1471.0,226.0,2177.1756287775934,100.0,False,2
1139,152.099,-2421.737351728746,1477.7285892099537,226.0,2177.8044444444477,100.0,False,2
1140,152.209,-2381.0,1561.0,226.0,2184.726435486642,31.249919999999996,False,2
1141,152.259,-2367.6193226039727,1588.5923185994864,226.0,2187.8488888888915,0.0,True,2
1142,152.429,-2338.0,1651.0,221.04166293333333,2198.267884269906,0.0,True,2
1143,152.499,-2318.8065439414595,1690.812324051003,219.0,2202.448888888892,0.0,True,2
1144,152.629,-2277.0,1777.0,213.42856594285715,2210.0254017816915,0.0,True,2
1145,152.779,-2238.524706630972,1856.1806410247855,207.0,2218.548888888892,0.0,True,2
1146,152.949,-2203.0,1930.0,202.77114513403052,2228.0806653211903,0.0,True,2
1147,152.98,-2196.72559458792,1943.240040940915,202.0,2229.827222222225,0.0,True,2
1148,153.189,-2144.0,2046.0,202.0,2241.757799412205,1.04499968,True,2
1149,153.309,-2092.0,2131.0,202.0,2248.4710111545837,1.64499968,True,2
1150,153.38,-2070.0041280863975,2164.851707300901,202.0,2252.2716666666693,2.0,True,2
1151,153.589,-2023.0,2217.0,183.71250560000001,2262.809482316361,2.8708330666666666,True,2
1152,153.62,-2010.510329853028,2229.0425452060117,181.0,2264.338333333337,3.0,True,2
1153,153.769,-1935.0,2298.0,176.343752,2271.6300862089665,3.0,True,2
1154,153.78,-1929.4981176136673,2302.538966905364,176.0,2272.160555555559,3.0,True,2
1155,154.009,-1819.0,2376.0,170.9906264,2282.9302571273765,3.7156248,True,2
1156,154.1,-1768.8193967906602,2401.9268581554566,169.0,2287.1827777777808,4.0,False,2
1157,154.209,-1730.0,2421.0,169.0,2292.310370018421,4.0,False,2
1158,154.289,-1730.0,2421.0,169.0,2296.0594819091466,4.0,False,2
1159,154.3,-1728.1746784671516,2421.507650578968,169.0,2296.5716666666704,4.0,False,2
1160,154.509,-1606.0,2459.0,165.734376,2306.1533196944783,1.3875008000000002,False,2
1161,154.62,-1563.757850085055,2470.949519356463,164.0,2311.149444444448,0.0,False,2
1162,154.769,-1518.0,2477.0,161.51666773333332,2317.7746039836147,5.5874976,False,2
1163,154.86,-1468.9032471815578,2479.839696323285,160.0,2321.816111111115,9.0,False,2
1164,155.049,-1348.0,2482.0,160.0,2330.263819943083,4.8656264,False,2
1165,155.18,-1291.499143242398,2478.1704212905934,160.0,2336.0383333333366,2.0,False,2
1166,155.429,-1220.0,2461.0,155.15833457777777,2346.6459004287117,25.516660622222222,False,2
1167,155.54,-1182.6586858678384,2450.767214332427,153.0,2351.338333333336,36.0,False,2
1168,155.74,-1105.199515788085,2426.860132270715,153.0,2359.838333333337,36.0,False,2
1169,155.869,-1050.0,2402.0,153.0,2365.3183422473503,36.0,False,2
1170,155.9,-1036.1752229576089,2394.7470927168984,153.0,2366.638333333337,36.0,False,2
1171,156.06,-961.3729481728709,2349.434063151683,154.0,2373.482777777781,36.0,False,2
1172,156.269,-874.0,2288.0,155.04499968,2382.4993355418483,42.26999808,False,2
1173,156.46,-821.8618112889396,2245.816528842837,156.0,2390.816111111115,48.0,False,2
1174,156.649,-768.0,2183.0,157.88999936,2399.11070876962,49.88999936,False,2
1175,156.66,-763.9361995026438,2177.6608254141843,158.0,2399.5938888888923,50.0,False,2
1176,156.809,-709.0,2103.0,158.62083306666668,2406.1399119559574,50.62083306666667,False,2
1177,156.9,-696.3287289608239,2087.726107113518,159.0,2410.1938888888926,51.0,False,2
1178,157.089,-678.0,2051.0,163.7249984,2418.802921327244,52.88999936,False,2
1179,157.1,-673.8461417742581,2042.5552561635616,164.0,2419.305000000003,53.0,False,2
1180,157.209,-621.0,1935.0,163.3187504,2424.2634975885985,16.8937712,False,2
1181,157.26,-600.8934426709992,1893.3241672576542,163.0,2426.5494444444475,0.0,True,2
1182,157.46,-561.4268934222087,1805.9435542398362,157.0,2435.27166666667,0.0,True,2
1183,157.528,-554.0,1789.0,156.15,2438.2182482149574,0.0,True,2
1184,157.78,-535.0023131715676,1747.931919849498,153.0,2448.8716666666696,0.0,True,2
1185,157.848,-525.0,1726.0,147.9,2451.539534107461,0.0,True,2
1186,157.98,-497.13105127240954,1664.2702322483003,138.0,2456.5383333333357,0.0,True,2
1187,158.008,-492.0,1653.0,137.4371853866311,2457.593987004235,0.0,True,2
1188,158.179,-473.74838910945954,1614.382867042165,134.0,2463.9455555555587,0.0,True,2
1189,158.268,-462.0,1589.0,129.99499136,2467.080372806231,0.0,True,2
1190,158.379,-438.2284329791658,1536.1664352703324,125.0,2470.890000000003,0.0,True,2
1191,158.448,-421.0,1498.0,124.1374976,2473.258640380658,0.4312512,True,2
1192,158.539,-397.59638655384015,1446.8182527839358,123.0,2476.3566666666693,1.0,True,2
1193,158.709,-358.0,1362.0,120.343748,2481.961649516229,0.46874960000000004,True,2
1194,158.859,-337.796661199975,1320.9889901679269,118.0,2486.8455555555593,0.0,True,2
1195,159.059,-324.0116199279237,1303.0779723893102,118.0,2493.401111111114,0.0,True,2
1196,159.169,-308.0,1288.0,116.34999808,2496.9226003171216,0.0,True,2
1197,159.259,-289.2799888856451,1271.079962878271,115.0,2499.7900000000027,0.0,False,2
1198,159.369,-262.0,1249.0,115.0,2503.3222832155134,12.323655974514743,False,2
1199,159.5,-227.23212413541697,1227.8922290196642,115.0,2507.4886111111146,27.0,False,2
1200,159.529,-219.0,1224.0,114.482144,2508.391328780831,28.7607104,False,2
1201,159.78,-145.13589437758333,1200.6294127736937,110.0,2516.04416666667,44.0,False,2
1202,159.789,-143.0,1200.0,110.13499904,2516.3220320598857,44.0,False,2
1203,159.98,-110.79788331414676,1188.976305982457,113.0,2522.3219444444476,44.0,False,2
1204,160.189,-54.0,1197.0,115.98571337142857,2529.0856460545747,46.985713371428574,False,2
1205,160.26,-16.577576273175204,1208.3743888811991,117.0,2531.421944444448,48.0,False,2
1206,160.389,58.0,1236.0,119.4187488,2535.7130812609776,49.6124992,False,2
1207,160.42,72.37157850016196,1242.7637052196549,120.0,2536.755277777781,50.0,False,2
1208,160.62,128.90604369427152,1286.733203914262,123.0,2543.588611111115,44.0,False,2
1209,160.78,148.27640478368212,1316.1207341313584,126.0,2549.1886111111144,49.0,False,2
1210,160.829,153.0,1323.0,126.97999872,2550.9356256202254,48.75500032,False,2
1211,160.98,163.99241357326494,1337.945733899303,130.0,2556.410833333336,48.0,False,2
1212,161.18,194.33908485859018,1374.7454334476174,133.0,2563.7997222222257,44.0,False,2
1213,161.189,197.0,1378.0,133.0,2564.132008883149,43.81250133333333,False,2
1214,161.42,289.1868714214191,1491.1550844405717,133.0,2572.6663888888916,39.0,False,2
1215,161.449,298.0,1502.0,133.517856,2573.753992728927,40.4499968,False,2
1216,161.7,330.2255178043737,1542.1063563624052,138.0,2583.399722222224,53.0,False,2
1217,161.769,342.0,1557.0,139.7249984,2586.141120544915,55.299997866666665,False,2
1218,162.06,438.2645413995375,1677.815844058525,147.0,2598.099722222225,65.0,False,2
1219,162.109,454.0,1697.0,148.2249984,2600.1618056177867,66.6333312,False,2
1220,162.3,502.9229590313735,1753.9955430935734,153.0,2608.2997222222257,73.0,False,2
1221,162.46,539.7586868284388,1802.6596395773263,156.0,2615.233055555558,73.0,False,2
1222,162.469,542.0,1806.0,156.4499968,2615.634006545697,73.35999744,False,2
1223,162.66,588.4684922239336,1889.7142201504096,166.0,2624.455277777779,81.0,False,2
1224,162.669,590.0,1894.0,166.28928365714285,2624.882246821411,81.61070994285714,False,2
1225,162.869,603.0,1992.0,172.7178550857143,2634.5785703506517,95.18213851428571,False,2
1226,162.94,599.3943805094827,2025.73695856303,175.0,2638.0663888888903,100.0,False,2
1227,163.089,577.0,2098.0,177.328124,2645.4161047902744,100.0,False,2
1228,163.26,523.3983337153726,2195.328778203621,180.0,2654.0663888888903,100.0,False,2
1229,163.329,498.0,2238.0,182.95714011428572,2657.678486255085,100.0,False,2
1230,163.529,428.0,2358.0,191.52856868571428,2668.409079861118,100.0,False,2
1231,163.54,425.2269968503665,2362.761924208171,192.0,2668.9997222222228,100.0,False,2
1232,163.889,372.0,2453.0,194.9083328,2687.8828042821497,100.0,False,2
1233,163.9,368.6482364050406,2458.706809523265,195.0,2688.4997222222228,100.0,False,2
1234,164.128,281.0,2608.0,206.4,2701.605810177747,100.0,False,2
1235,164.14,277.7131710788147,2613.549710412276,207.0,2702.299722222222,100.0,False,2
1236,164.288,250.0,2660.0,207.925,2710.849364344931,100.0,False,2
1237,164.3,247.85999228356295,2663.6394833867867,208.0,2711.5441666666684,100.0,False,2
1238,164.5,201.4945978498751,2743.9573579789712,210.0,2723.2108333333344,100.0,False,2
1239,164.568,170.0,2798.0,211.21863883146472,2727.242132612113,100.0,False,2
1240,164.779,31.97626732620437,3033.230161474796,215.0,2739.873333333335,100.0,False,2
1241,164.788,28.0,3040.0,215.0,2740.40968449717,100.0,False,2
1242,164.939,2.6478225152635377,3083.188389591977,215.0,2749.4288888888896,100.0,False,2
1243,165.068,-7.0,3100.0,220.16000768,2757.3876495051973,100.0,False,2
1244,165.139,-24.67480777856003,3130.560245565532,223.0,2761.81777777778,100.0,False,2
1245,165.269,-72.0,3212.0,224.3928585142857,2769.9392210548667,100.0,False,2
1246,165.419,-131.5579454805821,3313.284237298723,226.0,2779.3955555555585,100.0,False,2
1247,165.589,-204.0,3436.0,229.64285988571427,2790.3223021638805,100.0,False,2
1248,165.699,-253.3758399354463,3520.0309237910515,232.0,2797.4400000000023,100.0,False,2
1249,166.009,-381.0,3738.0,233.40589566001822,2817.508712388544,100.0,False,2
1250,166.14,-412.7926705826491,3792.156346854233,234.0,2826.1050000000014,100.0,False,2
1251,166.309,-452.0,3859.0,237.6968736,2837.355848088564,100.0,False,2
1252,166.46,-508.29700625620893,3955.3962668575577,241.0,2847.5272222222247,100.0,False,2
1253,166.609,-563.0,4049.0,242.8624992,2857.6449392754657,100.0,False,2
1254,166.78,-604.6035923195959,4119.771060412814,245.0,2869.305000000002,100.0,False,2
1255,166.849,-634.0,4170.0,245.17249984,2874.0071998627172,100.0,False,2
1256,167.069,-780.0,4420.0,245.72249984,2889.008044595732,100.0,False,2
1257,167.18,-808.2002377589514,4467.667653564231,246.0,2896.638333333336,100.0,False,2
1258,167.329,-816.0,4480.0,248.48333226666668,2906.9666966070545,100.0,False,2
1259,167.42,-831.3556381607439,4506.052518033713,250.0,2913.305000000002,100.0,False,2
1260,167.689,-912.0,4644.0,251.6812496,2932.1220888119333,15.937519999999994,False,2
1261,167.74,-929.2043262391389,4673.191013574796,252.0,2935.7050000000036,0.0,False,2
1262,167.889,-978.0,4756.0,252.0,2946.201690672664,0.0,False,2
1263,168.02,-1010.6695754355289,4812.6227244034935,252.0,2955.305000000004,0.0,False,2
1264,168.169,-1038.0,4860.0,246.4125024,2965.363666291023,0.0,False,2
1265,168.26,-1051.1456566998622,4881.668048747572,243.0,2971.505000000003,0.0,False,2
1266,168.369,-1069.0,4911.0,243.0,2978.9405858419905,0.0,False,2
1267,168.42,-1080.613389857187,4930.641090017111,243.0,2982.305000000002,0.0,True,2
1268,168.729,-1185.0,5110.0,216.73500544,3000.309467584053,0.0,True,2
1269,168.82,-1219.9474585105183,5169.08506050565,209.0,3005.5272222222247,0.0,True,2
1270,168.889,-1246.0,5213.0,209.0,3009.577529529388,0.0,True,2
1271,168.98,-1278.490422720062,5267.845602821114,209.0,3014.816111111113,0.0,True,2
1272,169.22,-1350.590154817306,5390.096968008034,183.0,3027.016111111114,0.0,True,2
1273,169.309,-1368.0,5420.0,183.0,3031.607075674887,0.0,True,2
1274,169.409,-1383.0,5446.0,183.0,3036.658143835264,0.0,True,2
1275,169.42,-1385.0595672845373,5449.519922003191,183.0,3037.18277777778,0.0,True,2
1276,169.609,-1434.0,5532.0,157.80000853333334,3045.280106078133,0.0,True,2
1277,169.66,-1446.9488312784256,5553.887263224559,151.0,3047.2494444444474,0.0,True,2
1278,169.869,-1490.0,5627.0,133.58333866666666,3054.574439685768,0.0,True,2
1279,170.02,-1506.3135055058256,5654.299863329628,121.0,3059.3494444444477,0.0,True,2
1280,170.269,-1531.0,5695.0,109.79500288,3066.6115753023605,0.0,True,2
1281,170.409,-1562.0,5747.0,103.49500288,3070.492201994599,0.0,True,2
1282,170.42,-1564.5161498588634,5751.232962923812,103.0,3070.793888888891,0.0,True,2
1283,170.58,-1599.6305686207866,5810.493785910398,98.0,3075.149444444447,0.0,True,2
1284,170.708,-1618.0,5841.0,98.0,3078.663920456487,0.0,True,2
1285,170.868,-1629.0,5858.0,98.0,3083.11063240118,0.0,True,2
1286,171.1,-1683.5836902448862,5950.4824230118975,98.0,3089.305000000002,0.0,True,2
1287,171.108,-1685.0,5953.0,97.775,3089.51026252721,0.0,True,2
1288,171.42,-1700.6297539330426,5983.827498691881,89.0,3097.2161111111127,0.0,True,2
1289,171.488,-1711.0,5995.0,89.0,3098.892377782695,0.0,True,2
1290,171.619,-1745.3341857883686,6030.153250947034,89.0,3102.1358333333355,0.0,True,2
1291,171.648,-1753.0,6037.0,89.0,3102.8539133735394,0.0,True,2
1292,171.819,-1789.304962069021,6057.811118258017,89.0,3107.080277777779,0.0,False,2
1293,171.969,-1819.0,6060.0,89.0,3110.7608595560996,0.0,False,2
1294,172.059,-1839.9922699491358,6058.685033332904,89.0,3113.0136111111133,0.0,False,2
1295,172.169,-1868.0,6053.0,90.718752,3115.85268236115,16.1562688,False,2
1296,172.379,-1925.4266156420986,6024.582720359099,94.0,3121.369166666669,47.0,False,2
1297,172.649,-1993.0,5973.0,94.0,3128.318671259858,54.57009251882317,False,2
1298,172.7,-2002.825329901781,5964.281225185381,94.0,3129.7508333333353,56.0,False,2
1299,172.9,-2036.4483274581562,5929.402434088456,109.0,3135.806388888892,56.0,False,2
1300,172.929,-2042.0,5923.0,109.0,3136.689760617486,56.0,False,2
1301,173.06,-2070.4570504124085,5888.656532497462,109.0,3140.650833333337,56.0,False,2
1302,173.209,-2098.0,5853.0,109.0,3145.1621241972916,56.0,False,2
1303,173.22,-2099.283523096611,5851.182949189109,109.0,3145.4952777777817,56.0,False,2
1304,173.369,-2115.0,5828.0,109.0,3150.0067710332733,56.0,False,2
1305,173.42,-2127.443484530588,5811.86191289415,109.0,3151.5508333333364,56.0,False,2
1306,173.589,-2183.0,5742.0,109.0,3156.667702751831,56.0,False,2
1307,173.74,-2204.1050617007973,5713.095464056269,109.0,3161.239722222226,56.0,False,2
1308,174.029,-2242.0,5689.0,109.0,3169.9899984956046,56.0,False,2
1309,174.06,-2255.8429198184713,5680.448321707403,109.0,3170.928611111114,56.0,False,2
1310,174.189,-2330.0,5641.0,109.0,3174.8344455936003,56.0,False,2
1311,174.22,-2349.2767681888354,5635.098596264978,109.0,3175.773055555559,56.0,False,2
1312,174.54,-2562.697684201017,5667.665843850645,109.0,3185.461944444447,56.0,False,2
1313,174.709,-2645.0,5705.0,109.0,3190.579034546836,56.0,False,2
1314,174.74,-2656.070250915998,5711.289758123379,109.0,3191.5175000000036,56.0,False,2
1315,174.98,-2703.974729194786,5754.6428036409,109.0,3198.78416666667,32.0,False,2
1316,175.089,-2719.0,5773.0,109.0,3202.0897828567104,32.0,False,2
1317,175.14,-2726.2531195085426,5781.497620331263,109.0,3203.628611111115,32.0,False,2
1318,175.369,-2759.0,5818.0,108.0458336,3210.49325079514,41.541664,False,2
1319,175.38,-2760.4638169978984,5819.616084656916,108.0,3210.8286111111156,42.0,False,2
1320,175.62,-2794.956021549518,5862.67702430213,112.0,3218.2952777777828,51.0,False,2
1321,175.669,-2807.0,5882.0,112.0,3219.822727861745,51.0,False,2
1322,175.82,-2859.0514222699517,5972.551022929946,112.0,3224.5175000000054,51.0,False,2
1323,175.929,-2894.0,6038.0,112.0,3227.90699584259,51.0,False,2
1324,176.22,-2929.722404494763,6132.468455671358,112.0,3236.9619444444506,51.0,False,2
1325,176.309,-2936.0,6161.0,112.0,3239.732147983832,51.0,False,2
1326,176.54,-2955.580036394417,6258.997749956136,112.0,3246.917500000007,51.0,True,2
1327,176.609,-2960.0,6289.0,112.0,3249.0594953369564,51.0,True,2
1328,176.9,-2966.1118946237166,6400.046710447182,112.0,3258.1175000000076,51.0,False,2
1329,176.929,-2966.0,6409.0,112.0,3259.0300002013355,51.0,False,2
1330,177.089,-2963.0,6459.0,112.0,3264.1023892648846,51.0,False,2
1331,177.248,-2952.0,6548.0,112.0,3269.077127257089,51.0,False,2
1332,177.34,-2940.15365446158,6602.2892876820315,112.0,3271.8063888888955,51.0,False,2
1333,177.428,-2929.0,6645.0,112.0,3274.311626606468,57.91428571428571,False,2
1334,177.588,-2913.0,6693.0,112.0,3279.255787924185,70.48571428571428,False,2
1335,177.62,-2906.7276096063288,6706.016308990806,112.0,3280.517500000007,73.0,False,2
1336,177.78,-2853.836577964023,6801.4047696507405,168.0,3287.9841666666744,73.0,False,2
1337,177.968,-2789.0,6908.0,168.0,3296.778958758272,73.0,False,2
1338,178.02,-2777.246339928733,6925.577624187542,168.0,3299.184166666675,73.0,False,2
1339,178.288,-2727.0,6974.0,168.0,3311.6767952761347,76.8422965509711,False,2
1340,178.299,-2723.2057982144456,6977.071070357309,168.0,3312.2041666666755,77.0,False,2
1341,178.609,-2558.0,7097.0,179.27273192727273,3327.7306185085126,78.40909149090909,False,2
1342,178.739,-2477.1294340824147,7133.652644263934,184.0,3334.6930555555646,79.0,False,2
1343,178.809,-2429.0,7150.0,187.49206835719474,3338.5632844997017,80.4285734188524,False,2
1344,179.129,-2185.0,7204.0,203.45578022786893,3357.0030030566013,86.95918282049183,False,2
1345,179.18,-2157.76438827815,7208.020292518125,206.0,3359.928055555565,88.0,False,2
1346,179.34,-2101.0248263097465,7211.887669013148,206.0,3369.0836111111203,100.0,False,2
1347,179.469,-2055.0,7211.0,212.4499968,3376.7327004833205,100.0,False,2
1348,179.5,-2041.8793768549315,7210.611334875116,214.0,3378.594722222231,100.0,False,2
1349,179.74,-1914.256653318619,7202.449109546782,219.0,3393.1947222222316,100.0,False,2
1350,179.769,-1896.0,7200.0,219.48333226666668,3394.9816489510267,100.0,False,2
1351,179.929,-1788.0,7180.0,222.14999893333334,3404.9062934793,100.0,False,2
1352,179.98,-1754.2866281083975,7171.795480277112,223.0,3408.0613888888965,100.0,False,2
1353,180.14,-1659.3348206391083,7143.374779805322,223.0,3417.972500000007,100.0,False,2
1354,180.209,-1634.0,7135.0,226.4499968,3422.378282638696,100.0,False,2
1355,180.34,-1612.1442710843032,7126.552700412011,233.0,3430.9169444444524,100.0,False,2
1356,180.369,-1606.0,7124.0,233.43499904,3432.8110587094397,100.0,False,2
1357,180.54,-1545.318448969669,7098.538186316801,236.0,3444.028055555562,100.0,False,2
1358,180.549,-1542.0,7097.0,236.17999872,3444.623833234771,100.0,False,2
1359,180.74,-1482.1281746869045,7066.039874368634,240.0,3457.361388888896,100.0,False,2
1360,180.749,-1480.0,7065.0,240.0,3457.960730113511,100.0,False,2
1361,180.94,-1450.6083139409016,7054.593349063091,240.0,3470.694722222228,100.0,False,2
1362,181.089,-1385.0,7009.0,242.681998848,3480.8927269118685,100.0,False,2
1363,181.249,-1244.0,6898.0,245.561998848,3492.1513126708487,100.0,False,2
1364,181.609,-1107.0,6752.0,252.041998848,3518.4114190908294,100.0,False,2
1365,181.909,-978.0,6562.0,257.441998848,3540.137562588712,100.0,False,2
1366,181.94,-962.0902879518156,6537.35124130046,258.0,3542.361388888894,100.0,False,2
1367,182.069,-897.0,6435.0,258.0,3551.5795451229515,100.0,False,2
1368,182.14,-869.5072409589704,6391.749826869726,258.0,3556.694722222226,100.0,False,2
1369,182.34,-824.2717170359007,6321.051965044148,264.0,3571.361388888894,100.0,False,2
1370,182.489,-784.0,6258.0,264.0,3582.288304546937,100.0,False,2
1371,182.5,-780.2681245797789,6252.142939859154,264.0,3583.0947222222276,100.0,False,2
1372,182.729,-677.0,6090.0,265.63571382857145,3599.9529625741343,100.0,False,2
1373,182.78,-646.3233851685412,6041.978683787463,266.0,3603.7836111111174,100.0,False,2
1374,182.949,-542.0,5879.0,274.4499968,3616.726261958458,100.0,False,2
1375,182.98,-527.7552457446669,5856.791496829508,276.0,3619.1169444444495,100.0,False,2
1376,183.209,-461.0,5753.0,277.9083328,3636.8011982679673,100.0,False,2
1377,183.22,-458.0090534521911,5748.3367096360735,278.0,3637.650277777784,100.0,False,2
1378,183.46,-388.33295818338746,5639.145425539909,279.0,3656.2502777777845,100.0,False,2
1379,183.489,-380.0,5626.0,279.906248,3658.5365177971253,100.0,False,2
1380,183.689,-316.0,5525.0,286.156248,3674.574992429001,100.0,False,2
1381,183.78,-268.74591803714094,5451.301117560593,289.0,3681.9391666666725,100.0,False,2
1382,183.94,-173.97594543877298,5304.166683534081,292.0,3694.9169444444506,100.0,False,2
1383,183.948,-170.0,5298.0,292.04,3695.566294756398,100.0,False,2
1384,184.14,-92.22125018222741,5177.067556472964,293.0,3711.194722222228,100.0,False,2
1385,184.148,-89.0,5172.0,293.15,3711.85080452852,100.0,False,2
1386,184.328,-9.0,5045.0,296.525,3726.742153613428,100.0,False,2
1387,184.46,59.966827701737316,4935.644555708066,299.0,3737.772500000008,100.0,False,2
1388,184.568,130.0,4826.0,300.8,3746.8447883821846,100.0,False,2
1389,184.648,190.0,4733.0,302.1333333333333,3753.586552502511,100.0,False,2
1390,184.7,222.64511382163343,4682.28843026495,303.0,3757.972500000007,100.0,False,2
1391,184.949,324.0,4523.0,304.7849470061284,3779.04894214008,100.0,False,2
1392,184.979,337.6748939928406,4501.487167858544,305.0,3781.6100000000097,100.0,False,2
1393,185.129,410.0,4388.0,307.67857371428573,3794.5066853683584,100.0,False,2
1394,185.259,459.17577144590325,4311.558190533279,310.0,3805.721111111119,100.0,False,2
1395,185.349,491.0,4262.0,310.0,3813.464136046525,100.0,False,2
1396,185.499,548.9371795680718,4170.762907833745,310.0,3826.387777777787,100.0,False,2
1397,185.649,631.0,4042.0,312.8125024,3839.4273447343367,100.0,False,2
1398,185.659,637.9687113212073,4031.1314785913373,313.0,3840.2988888888976,100.0,False,2
1399,185.709,674.0,3975.0,313.3115270909246,3844.6593009482513,100.0,False,2
1400,185.98,804.2894315792054,3771.8015797472867,315.0,3868.3863888888973,100.0,False,2
1401,186.089,847.0,3705.0,316.0218744,3877.990941672635,100.0,False,2
1402,186.3,936.2734491267321,3565.115939848017,318.0,3896.6530555555655,100.0,False,2
1403,186.409,981.0,3495.0,318.24772712727275,3906.3016120220764,100.0,False,2
1404,186.649,1073.0,3351.0,318.79318167272726,3927.5659785827356,100.0,False,2
1405,186.74,1111.4535017564556,3291.1177407749556,319.0,3935.6419444444546,100.0,False,2
1406,186.849,1159.0,3217.0,319.3892854857143,3945.325968537787,100.0,False,2
1407,187.02,1232.0416123329944,3102.3266240069584,320.0,3960.5308333333433,100.0,False,2
1408,187.049,1245.0,3082.0,320.0,3963.109133994263,100.0,False,2
1409,187.329,1380.0,2871.0,320.0,3987.9980276873157,100.0,False,2
1410,187.46,1442.4209291791972,2773.348882771499,320.0,3999.6419444444546,100.0,False,2
1411,187.649,1520.0,2652.0,320.0,4016.4420651794226,100.0,False,2
1412,187.74,1547.2304686962605,2609.5715351425865,320.0,4024.5308333333433,100.0,False,2
1413,187.789,1563.0,2585.0,320.0,4028.8861692406845,100.0,False,2
1414,188.02,1666.462842851808,2423.3942178892344,320.0,4049.419722222232,100.0,False,2
1415,188.089,1698.0,2374.0,320.0,4055.555089609945,100.0,False,2
1416,188.22,1753.004726758988,2287.6411715011236,320.0,4067.1975000000093,100.0,False,2
1417,188.289,1784.0,2239.0,319.71250026666667,4073.31955314512,100.0,False,2
1418,188.46,1875.6177537194242,2095.4424256357875,319.0,4088.4641666666776,100.0,False,2
1419,188.469,1881.0,2087.0,318.9795456,4089.260429600685,100.0,False,2
1420,188.749,2058.0,1809.0,318.34318196363637,4113.997304279759,100.0,False,2
1421,188.9,2125.7713961076174,1703.0039277795904,318.0,4127.330833333344,100.0,False,2
1422,189.1,2216.4576642854304,1561.55857751312,318.0,4144.99750000001,100.0,False,2
1423,189.129,2236.0,1531.0,318.0,4147.558999253808,100.0,False,2
1424,189.26,2341.5143324447868,1365.875591584449,318.0,4159.130833333344,100.0,False,2
1425,189.309,2376.0,1312.0,318.0,4163.46139059871,100.0,False,2
1426,189.42,2429.406905545338,1228.98382161338,318.0,4173.264166666677,100.0,False,2
1427,189.529,2468.0,1169.0,317.3187504,4182.852743006653,100.0,False,2
1428,189.74,2560.4382340378984,1023.301820627505,316.0,4201.353055555568,100.0,False,2
1429,189.809,2602.0,958.0,316.0,4207.407118392157,100.0,False,2
1430,189.98,2725.5324321723992,764.7612304544,316.0,4222.419722222234,100.0,False,2
1431,190.009,2742.0,739.0,316.0,4224.966202817743,100.0,False,2
1432,190.34,2811.1749885800236,630.2212529633065,316.0,4254.019722222234,100.0,False,2
1433,190.389,2828.0,604.0,315.87750016,4258.3127648221,100.0,False,2
1434,190.568,2925.0,453.0,315.43,4273.974304338333,100.0,False,2
1435,190.74,3030.6216512920123,287.3777895027336,315.0,4289.019722222234,100.0,False,2
1436,190.868,3108.0,166.0,315.0,4300.22435769933,100.0,False,2
1437,191.1,3237.3646202637756,-35.60392814478406,315.0,4320.519722222232,100.0,False,2
1438,191.248,3297.0,-128.0,314.26,4333.42937458107,100.0,False,2
1439,191.3,3311.650568168945,-150.59807431320232,314.0,4337.964166666678,100.0,False,2
1440,191.619,3394.0633577751487,-278.3557838517648,314.0,4365.788055555566,100.0,False,2
1441,191.669,3432.0,-338.0,313.8437496,4370.1409077711705,100.0,False,2
1442,191.729,3486.0,-423.0,313.6562496,4375.360133931148,100.0,False,2
1443,191.939,3568.490649350327,-552.7281318348131,313.0,4393.610277777787,100.0,False,2
1444,191.969,3577.0,-566.0,313.0,4396.217915772217,100.0,False,2
1445,192.169,3658.0,-692.0,313.0,4413.606601567431,100.0,False,2
1446,192.34,3788.3905259322305,-896.0933518060788,313.0,4428.4750000000095,100.0,False,2
1447,192.489,3900.0,-1071.0,313.0,4441.429134558626,100.0,False,2
1448,192.54,3927.8984511032495,-1114.6904274367669,313.0,4445.863888888898,100.0,False,2
1449,192.82,4004.6884046342693,-1234.6282471088055,313.0,4470.208333333343,100.0,False,2
1450,192.949,4051.0,-1307.0,312.5968752,4481.396383605403,100.0,False,2
1451,193.14,4154.056421626404,-1468.2597413365945,312.0,4497.941666666677,100.0,False,2
1452,193.149,4159.0,-1476.0,312.0,4498.721495645743,100.0,False,2
1453,193.34,4259.894818646901,-1634.0308740139512,312.0,4515.275000000011,100.0,False,2
1454,193.389,4288.0,-1678.0,312.0,4519.521761871289,100.0,False,2
1455,193.54,4385.3514320097465,-1830.0856085601383,312.0,4532.608333333343,100.0,False,2
1456,193.769,4520.0,-2040.0,312.0,4552.455038746699,100.0,False,2
1457,193.78,4524.282351883293,-2046.660391892836,312.0,4553.408333333344,100.0,False,2
1458,193.98,4571.131661919128,-2119.2230505333405,312.0,4570.741666666676,100.0,False,2
1459,194.089,4612.0,-2183.0,312.0,4580.192898862266,69.1166848,False,2
1460,194.22,4692.8066899787755,-2309.5865399154777,312.0,4591.541666666677,32.0,True,2
1461,194.249,4709.0,-2335.0,311.85500032,4594.049850421663,27.36001024,True,2
1462,194.42,4773.077107749718,-2435.9287171704445,311.0,4608.819444444454,0.0,True,2
1463,194.469,4789.0,-2461.0,311.0,4613.051877650794,0.0,True,2
1464,194.62,4843.041662905818,-2545.780982407562,311.0,4626.0972222222335,0.0,True,2
1465,194.769,4897.0,-2630.0,311.0,4638.967002124373,0.0,True,2
1466,194.849,4924.0,-2672.0,311.0,4645.877201066245,0.0,True,2
1467,194.94,4956.84024812413,-2723.4423286431174,311.0,4653.741666666678,0.0,True,2
1468,195.18,5048.274149157681,-2867.7301645755706,311.0,4674.475000000011,0.0,True,2
1469,195.209,5058.0,-2883.0,311.0,4676.97001647007,12.566638933333333,True,2
1470,195.42,5117.756726606471,-2975.985547429086,311.0,4695.208333333343,104.0,True,2
1471,195.629,5161.0,-3043.0,311.0,4713.522909750853,13.433361066666663,True,2
1472,195.66,5166.325539493085,-3051.3434512935414,311.0,4715.941666666677,0.0,False,2
1473,195.969,5220.0,-3136.0,236.06751552,4734.59611865107,0.0,False,2
1474,196.06,5247.44343013165,-3178.661392652041,214.0,4739.719444444454,0.0,True,2
1475,196.189,5285.0,-3237.0,214.0,4747.359386193037,0.0,True,2
1476,196.26,5296.544359639371,-3255.133233670562,214.0,4751.608333333343,0.0,True,2
1477,196.549,5311.0,-3279.0,214.0,4768.62612769143,0.0,True,2
1478,196.66,5330.564968540535,-3309.463452477288,214.0,4775.38611111112,0.0,True,2
1479,196.709,5338.0,-3321.0,214.0,4778.445912760733,0.0,True,2
1480,196.94,5349.159624760999,-3338.33864073921,214.0,4792.030555555564,0.0,True,2
1481,196.989,5354.0,-3346.0,194.8083584,4794.150702519657,0.0,True,2
1482,197.18,5392.254414611479,-3406.5309937858906,120.0,4800.030555555564,0.0,True,2
1483,197.268,5408.0,-3431.0,105.54285714285714,4802.0655072560585,0.0,True,2
1484,197.46,5421.335910069028,-3449.5638171112787,74.0,4805.78611111112,0.0,True,2
1485,197.628,5430.0,-3464.0,74.0,4809.224973405993,0.0,True,2
1486,197.7,5438.084520859918,-3479.139060159723,74.0,4810.719444444452,0.0,True,2
1487,197.828,5453.0,-3508.0,74.0,4813.362707558599,0.0,True,2
1488,198.049,5457.0,-3528.0,74.0,4817.896233135689,0.0,True,2
1489,198.14,5456.016626841354,-3549.2298047465024,74.0,4819.763888888896,0.0,False,2
1490,198.209,5453.0,-3567.0,74.0,4821.1812427955065,0.0,False,2
1491,198.419,5426.525221799363,-3604.909446984731,74.0,4825.4988888888965,0.0,False,2
1492,198.509,5418.0,-3613.0,74.0,4827.349073992371,3.2142902857142857,False,2
1493,198.689,5410.0,-3619.0,74.0,4831.048897430479,9.642861714285713,False,2
1494,198.699,5408.795839972596,-3619.6737452521675,74.0,4831.254444444452,10.0,False,2
1495,198.869,5374.0,-3636.0,74.0,4834.748884319977,10.0,False,2
1496,198.9,5366.8590720213815,-3637.721460255991,74.0,4835.386111111118,10.0,False,2
1497,199.14,5316.34351122271,-3635.2615661520254,74.0,4840.319444444451,10.0,False,2
1498,199.149,5315.0,-3635.0,74.0,4840.504442980266,10.0,False,2
1499,199.369,5287.0,-3625.0,74.0,4845.0266650228095,10.0,False,2
1500,199.46,5263.471693029988,-3614.862093716485,74.0,4846.897222222229,10.0,False,2
1501,199.609,5222.0,-3597.0,74.0,4849.959998690156,10.0,False,2
1502,199.62,5220.0138999725295,-3596.1580418020267,74.0,4850.1861111111175,10.0,False,2
1503,199.969,5159.0,-3567.0,74.0,4857.359998675518,10.0,False,2
1504,200.009,5133.0,-3554.0,74.0,4858.182220902363,10.0,False,2
1505,200.06,5104.190150374099,-3539.1523825934773,74.0,4859.230555555561,10.0,False,2
1506,200.34,5035.012183506462,-3495.398496184118,74.0,4864.986111111117,10.0,True,2
1507,200.369,5030.0,-3492.0,74.0,4865.582220906388,19.7356928,True,2
1508,200.62,4983.215207450954,-3461.6147081784957,74.0,4870.741666666672,104.0,True,2
1509,200.669,4971.0,-3453.0,74.0,4871.7488875734,104.0,True,2
1510,200.86,4909.853242813168,-3406.9523433076483,74.0,4875.675000000007,104.0,True,2
1511,201.029,4851.0,-3364.0,74.0,4879.148887573398,104.0,True,2
1512,201.18,4804.038759416241,-3334.0664382928862,74.0,4882.252777777785,104.0,True,2
1513,201.329,4751.0,-3297.0,74.0,4885.315554239691,104.0,True,2
1514,201.42,4709.594957591214,-3263.286282617066,74.0,4887.1861111111175,104.0,True,2
1515,201.529,4661.0,-3219.0,74.0,4889.426665352143,104.0,True,2
1516,201.58,4643.014301827914,-3199.949196650902,74.0,4890.475000000008,104.0,True,2
1517,201.829,4577.0,-3107.0,74.0,4895.593331997088,104.0,True,2
1518,201.94,4536.541333158672,-3049.9075943289486,74.0,4897.875000000007,104.0,True,2
1519,202.009,4513.0,-3017.0,74.0,4899.29333204744,104.0,True,2
1520,202.14,4480.079729948763,-2970.9072043630476,74.0,4901.986111111119,104.0,True,2
1521,202.209,4461.0,-2944.0,74.0,4903.40444297059,104.0,True,2
1522,202.3,4428.502459994229,-2897.9442186776732,74.0,4905.275000000009,104.0,True,2
1523,202.469,4363.0,-2805.0,74.0,4908.748890636916,47.264307200000005,True,2
1524,202.58,4334.552269275752,-2764.9735467049354,74.0,4911.030555555564,10.0,False,2
1525,202.769,4293.0,-2707.0,74.0,4914.915530365704,10.0,False,2
1526,202.98,4210.990610198906,-2591.7842768459013,74.0,4919.252777777787,10.0,False,2
1527,203.109,4160.0,-2520.0,74.0,4921.904486015419,10.0,False,2
1528,203.14,4149.110321725082,-2504.6575868643345,74.0,4922.541666666675,10.0,False,2
1529,203.34,4089.8262846958405,-2420.982589275568,74.0,4926.6527777777865,10.0,False,2
1530,203.449,4056.0,-2373.0,74.0,4928.89564000473,10.0,False,2
1531,203.54,4024.2911743035565,-2327.8857080483635,74.0,4930.763888888898,10.0,False,2
1532,203.649,3987.0,-2275.0,74.0,4932.990707715815,10.0,False,2
1533,203.768,3952.0,-2226.0,74.0,4935.445483298523,10.0,False,2
1534,203.78,3948.1715099677563,-2220.6508865008645,74.0,4935.697222222232,10.0,False,2
1535,204.14,3799.553558442145,-2011.1254733191342,74.0,4943.097222222232,10.0,False,2
1536,204.148,3796.0,-2006.0,74.0,4943.23437719275,10.0,False,2
1537,204.308,3728.0,-1907.0,74.0,4946.173026773995,10.0,False,2
1538,204.34,3716.8414172939188,-1890.7683673893773,74.0,4947.208333333343,10.0,False,2
1539,204.568,3648.0,-1792.0,173.0375,4960.244240153883,10.0,False,2
1540,204.66,3606.2355359833086,-1732.8200965153692,213.0,4966.1416666666755,10.0,False,2
1541,204.729,3579.0,-1694.0,213.0,4970.301402451634,10.0,False,2
1542,204.82,3559.5273247119126,-1665.425706528081,213.0,4975.608333333343,10.0,False,2
1543,204.889,3545.0,-1644.0,213.0,4979.654585895216,24.145778943028603,False,2
1544,205.089,3465.0,-1529.0,213.0,4991.496489931747,65.14807478002359,False,2
1545,205.259,3388.954985644947,-1419.2353463171269,213.0,5001.5825000000095,100.0,False,2
1546,205.369,3346.0,-1357.0,213.0,5008.092803827938,100.0,False,2
1547,205.46,3317.026990310078,-1314.937073079968,213.0,5013.475000000011,100.0,True,2
1548,205.74,3256.605129723748,-1227.2956787454357,213.0,5030.041666666679,100.0,True,2
1549,205.749,3255.0,-1225.0,213.0,5030.574186616463,100.0,True,2
1550,205.969,3226.0,-1184.0,213.0,5043.590897964037,100.0,True,2
1551,206.06,3226.9830526718165,-1185.355435717108,213.0,5048.975000000011,100.0,True,2
1552,206.189,3215.0,-1168.0,213.0,5056.607437444261,100.0,True,2
1553,206.3,3158.126495889163,-1086.6288127291284,213.0,5063.175000000012,100.0,True,2
1554,206.369,3123.0,-1036.0,213.0,5067.257613662479,101.37999872,True,2
1555,206.5,3089.749418731019,-986.2560741431305,213.0,5075.008333333344,104.0,True,2
1556,206.7,3078.2762100101236,-972.1725455420487,213.0,5086.841666666676,104.0,True,2
1557,206.709,3077.0,-971.0,213.0,5087.374516400985,103.87142948571429,True,2
1558,206.98,3014.0811158357797,-920.3227693401462,213.0,5103.408333333344,100.0,True,2
1559,207.009,3008.0,-917.0,213.0,5105.115607752872,100.0,True,2
1560,207.169,2978.0,-911.0,213.0,5114.577678978718,100.0,True,2
1561,207.18,2975.3450821122638,-911.0329167742084,213.0,5115.241666666678,100.0,True,2
1562,207.369,2909.0,-919.0,213.0,5126.861484305566,100.0,True,2
1563,207.46,2860.2052981787565,-929.583028518661,213.0,5131.808333333345,100.0,True,2
1564,207.549,2812.0,-941.0,190.750016,5135.914005460807,62.916693333333335,True,2
1565,207.7,2752.522459953416,-955.1301158097402,153.0,5142.008333333344,0.0,False,2
1566,207.86,2697.681351243686,-968.0499449499465,153.0,5148.808333333345,0.0,False,2
1567,207.889,2685.0,-971.0,153.48333226666668,5150.061451475143,0.0,False,2
1568,208.1,2572.9099130242303,-996.8678486589235,157.0,5159.275000000011,0.0,False,2
1569,208.109,2568.0,-998.0,157.0,5159.669847443987,4.499968,False,2
1570,208.3,2467.3553150141,-1021.2418476581247,157.0,5167.997222222233,100.0,False,2
1571,208.509,2354.0,-1048.0,157.0,5176.69298482924,100.0,False,2
1572,208.609,2296.0,-1062.0,157.0,5181.39459640428,100.0,False,2
1573,208.62,2290.0988367775935,-1063.4123747159213,157.0,5181.952777777788,100.0,False,2
1574,208.849,2188.0,-1087.0,201.8458208,5194.922476309575,100.0,False,2
1575,208.86,2183.137869388796,-1088.0916638006654,204.0,5195.552777777788,100.0,False,2
1576,209.02,2108.649479462626,-1104.5916595326537,204.0,5204.619444444454,100.0,False,2
1577,209.129,2052.0,-1117.0,208.0874976,5211.033691756584,100.0,False,2
1578,209.34,1925.9959962993805,-1144.454448403899,216.0,5223.8194444444525,100.0,False,2
1579,209.529,1837.0,-1164.0,216.0,5235.146360087585,100.0,False,2
1580,209.54,1833.6242543863325,-1164.756811142189,216.0,5235.8194444444525,100.0,False,2
1581,209.689,1788.0,-1175.0,225.312496,5245.159932635383,100.0,False,2
1582,209.7,1781.79504597953,-1176.3579001269763,226.0,5245.863888888896,100.0,False,2
1583,209.86,1634.3251330237492,-1208.2431446418034,235.0,5256.308333333342,100.0,False,2
1584,209.969,1534.0,-1230.0,238.50356937142857,5263.637769274646,100.0,False,2
1585,210.14,1439.6244206019605,-1250.890166100837,244.0,5275.286111111118,100.0,False,2
1586,210.209,1407.0,-1258.0,244.0,5279.943431312009,100.0,False,2
1587,210.42,1289.1466520466838,-1282.8862135458978,244.0,5294.263888888896,100.0,False,2
1588,210.448,1270.0,-1287.0,245.0818181818182,5296.220743524116,100.0,False,2
1589,210.628,1133.0,-1317.0,252.03636363636363,5309.163546431597,100.0,False,2
1590,210.828,997.0,-1347.0,259.76363636363635,5323.8371438938575,100.0,False,2
1591,210.86,970.0089888744546,-1352.8923364960904,261.0,5326.163888888897,100.0,False,2
1592,211.06,762.2538014841947,-1397.878598817835,261.0,5340.663888888897,100.0,False,2
1593,211.168,674.0,-1417.0,263.7,5348.652188253114,100.0,False,2
1594,211.34,605.9081630534097,-1431.9438563512813,268.0,5361.508333333342,100.0,False,2
1595,211.489,537.0,-1447.0,268.0,5372.5923678334675,100.0,False,2
1596,211.5,528.8985563464641,-1448.7557768189818,268.0,5373.419444444453,100.0,False,2
1597,211.66,382.56240223784494,-1480.3678800635093,274.0,5385.59722222223,100.0,False,3
1598,211.669,375.0,-1482.0,274.0,5386.282664953847,100.0,False,3
1599,211.939,189.23173243198198,-1522.4699298992948,274.0,5406.8322222222305,100.0,False,3
1600,211.969,160.0,-1529.0,274.8713723182428,5409.147237208208,100.0,False,3
1601,212.109,4.0,-1564.0,278.9377591201255,5420.062702333504,100.0,False,3
1602,212.18,-45.55604556173488,-1574.8667897228017,281.0,5425.64361111112,100.0,False,3
1603,212.369,-132.0,-1593.0,284.77999872,5440.602938837195,100.0,False,3
1604,212.38,-141.43867184250934,-1595.0561860818773,285.0,5441.476944444452,100.0,False,3
1605,212.62,-426.90460756413705,-1658.2053162206403,287.0,5460.610277777785,100.0,False,3
1606,212.629,-435.0,-1660.0,287.03749973333333,5461.329225180996,100.0,False,3
1607,212.86,-529.9627594762214,-1680.9395210435612,288.0,5479.810277777786,100.0,False,3
1608,212.969,-581.0,-1692.0,288.54499968,5488.553562658088,100.0,False,3
1609,213.06,-652.784471522096,-1707.5632685167143,289.0,5495.865833333341,100.0,False,3
1610,213.229,-816.0,-1743.0,289.6035712,5509.47797922216,100.0,False,3
1611,213.329,-894.0,-1760.0,289.96071405714287,5517.535513770659,100.0,False,3
1612,213.34,-901.8598697240554,-1761.7132892085162,290.0,5518.421388888895,100.0,False,3
1613,213.58,-1046.7643992885796,-1793.2612491043474,290.0,5537.754722222229,100.0,False,3
1614,213.689,-1119.0,-1809.0,291.08999936,5546.581983034346,100.0,False,3
1615,213.78,-1188.9635658063455,-1824.259319487572,292.0,5553.97694444445,100.0,False,3
1616,213.869,-1275.0,-1843.0,292.5562496,5561.229478782727,100.0,False,3
1617,214.1,-1578.1365291103969,-1908.856642994174,294.0,5580.110277777783,100.0,False,3
1618,214.109,-1588.0,-1911.0,294.0,5580.8458376422695,100.0,False,3
1619,214.5,-1817.1800590136577,-1960.948077351328,294.0,5612.776944444451,100.0,False,3
1620,214.509,-1822.0,-1962.0,294.0,5613.511280229444,100.0,False,3
1621,214.729,-1969.0,-1994.0,294.0,5631.47546502757,100.0,False,3
1622,214.74,-1978.544896968853,-1996.0681744786318,294.0,5632.3769444444515,100.0,False,3
1623,214.909,-2135.0,-2030.0,295.68999936,5646.270712342752,100.0,False,3
1624,214.94,-2157.118493185593,-2034.8680548184686,296.0,5648.821388888895,100.0,False,3
1625,215.169,-2301.0,-2067.0,296.0,5667.650729773572,100.0,False,3
1626,215.22,-2362.345338459016,-2080.3744913485516,296.0,5671.843611111117,100.0,True,3
1627,215.349,-2536.0,-2118.0,296.0,5682.4504110493235,101.43333262222222,True,3
1628,215.58,-2649.0072308313615,-2142.4092868425832,296.0,5701.443611111117,104.0,True,3
1629,215.689,-2702.0,-2154.0,296.0,5710.40227242826,104.0,True,3
1630,215.969,-2985.0,-2216.0,296.0,5733.426519491468,104.0,True,3
1631,215.98,-2997.9566895147323,-2218.8154782339343,296.0,5734.332500000004,104.0,True,3
1632,216.209,-3249.0,-2273.0,296.7156248,5753.219692519942,101.1375008,True,3
1633,216.3,-3301.2493614649275,-2284.2239629113374,297.0,5760.7325000000055,100.0,True,3
1634,216.369,-3337.0,-2292.0,297.0,5766.430274218432,93.1000064,True,3
1635,216.469,-3405.0,-2307.0,297.0,5774.681144796394,83.1000064,True,3
1636,216.5,-3430.07202440206,-2312.5225390544965,297.0,5777.232500000004,80.0,False,3
1637,216.7,-3632.810437136708,-2356.974286657464,295.0,5793.621388888892,0.0,False,3
1638,216.809,-3747.0,-2382.0,294.22142902857144,5802.517590311863,0.0,False,3
1639,216.98,-3912.2223739360707,-2418.2720080395584,293.0,5816.410277777781,0.0,False,3
1640,217.22,-4085.247730222786,-2456.1858260174677,287.0,5835.543611111114,0.0,False,3
1641,217.228,-4089.0,-2457.0,286.45,5836.158949597013,0.0,False,3
1642,217.54,-4181.5475193116645,-2476.667656715652,265.0,5859.099166666669,0.0,True,3
1643,217.568,-4197.0,-2480.0,264.125,5861.129551928358,0.0,True,3
1644,217.7,-4297.864725583846,-2501.8980670536976,260.0,5870.654722222223,0.0,True,3
1645,217.768,-4353.0,-2514.0,256.84285714285716,5875.467916958887,0.0,True,3
1646,217.969,-4500.0,-2546.0,247.51071725714286,5889.15074983448,0.0,True,3
1647,217.98,-4508.7521877145855,-2547.759219204689,247.0,5889.865833333335,0.0,True,3
1648,218.129,-4637.0,-2569.0,227.4437584,5899.232841180457,0.0,True,3
1649,218.14,-4646.6855034134605,-2569.8815678745573,226.0,5899.910277777779,0.0,True,3
1650,218.42,-4878.23005176576,-2560.222132108548,217.0,5916.788055555557,0.0,True,3
1651,218.449,-4896.0,-2558.0,216.08805122582285,5918.511763703569,0.18238975483542724,True,3
1652,218.579,-4956.2623766031,-2547.7852677688256,212.0,5926.151388888891,1.0,True,3
1653,218.709,-5013.0,-2529.0,206.44839690358646,5933.4933383387925,0.5373664086322048,True,3
1654,218.86,-5109.869004689221,-2486.1823944774537,200.0,5941.762500000003,0.0,True,3
1655,219.02,-5228.838656324022,-2425.036109632357,194.0,5950.384722222225,1.0,True,3
1656,219.089,-5271.0,-2400.0,191.843752,5954.020474304429,0.5687504,True,3
1657,219.18,-5317.352948803641,-2368.575066600259,189.0,5958.784722222224,0.0,True,3
1658,219.42,-5404.015957241055,-2287.1560529857293,189.0,5971.384722222223,0.0,True,3
1659,219.449,-5414.0,-2276.0,187.8722247111111,5972.855435725609,0.0,True,3
1660,219.78,-5524.769079218703,-2132.452219191963,175.0,5988.884722222223,0.0,True,3
1661,219.869,-5546.0,-2101.0,174.11000064,5993.185707310417,0.0,True,3
1662,219.98,-5564.858020267194,-2070.1322255820323,173.0,5998.495833333334,0.0,False,3
1663,220.14,-5585.626500668173,-2024.494627753528,166.0,6005.873611111112,1.0,False,3
1664,220.149,-5587.0,-2021.0,165.92500053333333,6006.284355820899,0.9750001777777778,False,3
1665,220.5,-5647.008522432149,-1835.2388594229058,163.0,6022.173611111113,0.0,False,3
1666,220.509,-5648.0,-1831.0,162.9437504,6022.580139750382,0.0,False,3
1667,220.729,-5661.0,-1742.0,161.5687504,6032.493080949545,0.0,False,3
1668,220.82,-5663.907186272057,-1703.1863605589865,161.0,6036.484722222223,0.0,True,3
1669,220.929,-5665.0,-1652.0,156.09500288,6041.139648603095,0.54499968,True,3
1670,221.02,-5662.562979440309,-1604.59429628575,152.0,6044.929166666669,1.0,True,3
1671,221.249,-5647.0,-1483.0,146.2750016,6054.128140278386,1.0,True,3
1672,221.34,-5639.795162796927,-1444.7823932750944,144.0,6057.729166666668,1.0,True,3
1673,221.5,-5626.1371690930855,-1393.2025672615441,142.0,6064.040277777778,0.0,True,3
1674,221.7,-5604.464059493928,-1336.3422903877884,139.0,6071.762500000001,0.0,True,3
1675,221.749,-5598.0,-1321.0,137.42500205714285,6073.589782717549,0.0,True,3
1676,221.949,-5562.0,-1250.0,130.99643062857143,6080.782585456611,0.0,True,3
1677,221.98,-5552.990271557402,-1236.6981528294295,130.0,6081.873611111112,0.0,True,3
1678,222.169,-5489.0,-1155.0,126.69250112,6088.412379041996,0.47249984,True,3
1679,222.38,-5459.354680823453,-1122.4315981057537,123.0,6095.540277777778,1.0,False,3
1680,222.449,-5446.0,-1113.0,121.7062512,6097.846322847377,1.0,False,3
1681,222.54,-5419.36735009147,-1095.6480062091712,120.0,6100.873611111112,1.0,True,3
1682,222.74,-5339.7439811135655,-1046.3615752358023,119.0,6107.484722222223,0.0,False,3
1683,222.809,-5320.0,-1034.0,118.31000064,6109.740355750888,0.0,False,3
1684,222.94,-5298.105965545519,-1019.7414345694992,117.0,6113.984722222223,0.0,False,3
1685,223.1,-5279.914162347606,-1013.0704211131424,115.0,6119.095833333335,0.0,False,3
1686,223.189,-5245.0,-1006.0,113.3312512,6121.876452175467,0.5562496,False,3
1687,223.26,-5202.572765157732,-998.0901001163993,112.0,6124.073611111113,1.0,False,3
1688,223.389,-5117.0,-983.0,111.1937504,6128.04424288759,0.5968752,False,3
1689,223.58,-5059.256989390672,-975.0049531210391,110.0,6133.851388888892,0.0,False,3
1690,223.848,-5037.0,-981.0,107.02222222222223,6141.792572519456,0.0,False,3
1691,223.94,-5015.022027157919,-983.2223646149943,106.0,6144.451388888892,0.0,False,3
1692,224.048,-4987.0,-986.0,103.84,6147.524761857163,0.0,False,3
1693,224.14,-4968.445392448697,-988.734888923056,102.0,6150.118055555558,0.0,False,3
1694,224.188,-4958.0,-991.0,101.65714285714286,6151.46709709776,0.0,False,3
1695,224.42,-4889.856805523375,-1012.11835675819,100.0,6157.895833333336,0.0,True,3
1696,224.449,-4882.0,-1015.0,99.2750016,6158.677284710611,0.0,True,3
1697,224.58,-4852.11915567205,-1027.3754877759177,96.0,6162.162500000004,0.0,False,3
1698,224.78,-4813.037113579721,-1051.46818203173,96.0,6167.495833333336,0.0,False,3
1699,224.789,-4811.0,-1053.0,96.0,6167.735853574071,0.0,False,3
1700,224.98,-4765.401787000332,-1091.2497229361852,96.0,6172.829166666668,0.0,False,3
1701,225.029,-4758.0,-1098.0,96.0,6174.139041975286,0.0,False,3
1702,225.109,-4751.0,-1105.0,96.0,6176.275023333961,0.0,False,3
1703,225.14,-4748.286972167118,-1107.9020906200005,96.0,6177.095833333335,0.0,False,3
1704,225.289,-4732.0,-1128.0,94.75833386666666,6180.979644157387,0.0,False,3
1705,225.5,-4702.576223238973,-1180.909725891292,93.0,6186.395833333336,0.0,False,3
1706,225.609,-4691.0,-1208.0,93.0,6189.209563643859,0.0,False,3
1707,225.82,-4681.310266760948,-1245.748848852758,93.0,6194.662500000002,0.0,False,3
1708,225.829,-4681.0,-1247.0,93.0,6194.894085856749,0.0,False,3
1709,225.98,-4675.68464635593,-1264.6369321445645,93.0,6198.795833333335,0.0,True,3
1710,226.089,-4675.0,-1296.0,94.94642742857143,6201.711632097977,15.571419428571428,True,3
1711,226.209,-4679.0,-1356.0,97.08928457142856,6205.008434121539,32.71427657142857,True,3
1712,226.26,-4680.886300554923,-1373.3181644721672,98.0,6206.418055555558,40.0,False,3
1713,226.449,-4690.0,-1404.0,99.57499946666667,6211.6711270915,40.0,False,3
1714,226.5,-4694.453047655842,-1418.193866026424,100.0,6213.084722222224,40.0,False,3
1715,226.609,-4705.0,-1452.0,99.673000192,6216.0911445734855,35.64000256,False,3
1716,226.769,-4716.0,-1480.0,99.193000192,6220.467755920543,29.24000256,False,3
1717,227.069,-4751.0,-1552.0,98.293000192,6228.559155150109,17.24000256,False,3
1718,227.229,-4777.0,-1605.0,97.813000192,6232.833467433358,10.840002559999999,False,3
1719,227.489,-4804.0,-1680.0,97.033000192,6239.738164091859,0.44000255999999915,False,3
1720,227.5,-4804.692927202103,-1682.880263599944,97.0,6240.029166666669,0.0,True,3
1721,227.66,-4810.838598595433,-1722.538453305747,95.0,6244.251388888892,0.0,True,3
1722,227.809,-4811.0,-1759.0,94.37916693333334,6248.162974568584,0.0,True,3
1723,227.9,-4808.87226363441,-1782.3289723744083,94.0,6250.518055555558,0.0,False,3
1724,228.109,-4797.0,-1838.0,91.3875008,6255.783760161488,0.0,False,3
1725,228.22,-4786.18485341268,-1867.86526079314,90.0,6258.518055555558,0.0,False,3
1726,228.369,-4771.0,-1902.0,87.76500096,6262.132568017663,0.0,False,3
1727,228.42,-4767.0600099255535,-1910.053442419828,87.0,6263.351388888892,0.0,False,3
1728,228.689,-4749.0,-1936.0,84.4781256,6269.63417035667,16.812496,False,3
1729,228.74,-4743.156227215408,-1942.9994039474952,84.0,6270.818055555559,20.0,False,3
1730,228.9,-4718.4543310368745,-1970.9839747952165,84.0,6274.551388888893,25.0,False,3
1731,228.989,-4701.0,-1987.0,85.1124992,6276.667633945677,26.1124992,False,3
1732,229.06,-4685.263328398608,-1999.3205828819982,86.0,6278.373611111116,27.0,False,3
1733,229.209,-4653.0,-2021.0,87.06428525714286,6281.990760232282,28.596427885714284,False,3
1734,229.329,-4635.0,-2031.0,87.92142811428572,6284.945181505456,29.882142171428573,False,3
1735,229.34,-4633.141426544508,-2031.881266249378,88.0,6285.218055555561,30.0,False,3
1736,229.509,-4598.0,-2046.0,89.68999936,6289.443481330516,33.37999872,False,3
1737,229.54,-4591.117432666818,-2048.3087771918244,90.0,6290.218055555561,34.0,False,3
1738,229.7,-4554.968894349201,-2058.108055801589,90.0,6294.218055555561,37.0,False,3
1739,229.809,-4530.0,-2062.0,92.17999872,6297.01607004403,39.7249984,False,3
1740,229.9,-4509.02705942732,-2063.271734439457,94.0,6299.440277777783,42.0,False,3
1741,230.109,-4460.0,-2061.0,99.2249984,6305.408137427245,45.483332266666665,False,3
1742,230.368,-4392.0,-2046.0,105.7,6313.213650655964,49.8,False,3
1743,230.38,-4388.143981566518,-2044.0890390033237,106.0,6313.573611111116,50.0,False,3
1744,230.58,-4312.133408817902,-1991.8962150837524,109.0,6319.629166666673,57.0,False,3
1745,230.78,-4231.137821794953,-1911.5441360396042,118.0,6326.184722222228,65.0,False,3
1746,230.808,-4221.0,-1899.0,118.7,6327.137830893269,65.4,False,3
1747,230.969,-4166.0,-1816.0,122.7249984,6332.749479123342,67.69999908571428,False,3
1748,231.06,-4131.945248491371,-1750.435413552285,125.0,6335.90694444445,69.0,False,3
1749,231.209,-4083.0,-1645.0,125.0,6341.010051155508,71.23499904,False,3
1750,231.26,-4073.675401767813,-1623.6295031719533,125.0,6342.851388888894,72.0,False,3
1751,231.469,-4059.0,-1579.0,137.77221831111112,6351.2261925480125,76.06388764444445,False,3
1752,231.62,-4039.0896626681933,-1513.0173699339525,147.0,6357.5513888888945,79.0,False,3
1753,231.669,-4033.0,-1483.0,147.60995787152407,6359.575667252413,79.60995787152409,False,3
1754,231.861,-4018.2846245162864,-1339.2060525904685,150.0,6367.593055555561,82.0,False,3
1755,231.869,-4018.0,-1334.0,150.40100244194448,6367.943414909099,82.36090219775002,False,3
1756,232.229,-4033.0,-1185.0,168.44611232944564,6384.943522976768,98.60150109650108,False,3
1757,232.26,-4036.861893619974,-1171.0825589124881,170.0,6386.434722222228,100.0,False,3
1758,232.42,-4063.0370006073013,-1087.948947975417,173.0,6394.123611111116,100.0,False,3
1759,232.529,-4084.0,-1034.0,175.7249984,6399.448051210675,100.0,False,3
1760,232.58,-4094.2548942010235,-1011.5164039229433,177.0,6401.990277777784,100.0,False,3
1761,232.86,-4163.285906761404,-905.7194054946725,187.0,6416.534722222228,100.0,False,3
1762,232.949,-4200.0,-860.0,188.33499904,6421.227930082234,100.0,False,3
1763,233.06,-4258.616656567273,-789.7266131841133,190.0,6427.090277777783,100.0,False,3
1764,233.369,-4434.0,-586.0,190.0,6443.3989417199755,100.0,False,3
1765,233.38,-4437.763026541475,-581.6346385070917,190.0,6443.9791666666715,100.0,False,3
1766,233.66,-4483.45465912483,-528.2731260548197,190.0,6458.756944444449,100.0,False,3
1767,233.749,-4512.0,-495.0,190.0,6463.473234050065,100.0,False,3
1768,233.82,-4546.121704205497,-455.29293663171524,190.0,6467.201388888892,100.0,False,3
1769,233.909,-4590.0,-404.0,190.0,6471.787786616369,100.0,False,3
1770,234.06,-4632.696361727265,-352.76410956001325,190.0,6479.86805555556,100.0,False,3
1771,234.069,-4635.0,-350.0,191.3499904,6480.390803220183,100.0,False,3
1772,234.3,-4702.558985086781,-270.3929188919956,226.0,6494.934722222228,100.0,False,3
1773,234.369,-4726.0,-243.0,226.0,6499.265361658705,100.0,False,3
1774,234.46,-4759.255066517108,-204.17491861114715,226.0,6504.9791666666715,100.0,False,3
1775,234.569,-4797.0,-160.0,230.0874976,6512.031441736666,100.0,False,3
1776,234.7,-4829.890459886581,-121.04672461411623,235.0,6520.645833333338,100.0,False,3
1777,234.849,-4868.0,-76.0,235.0,6530.375206537519,100.0,False,3
1778,234.9,-4885.970616339994,-55.02421815487804,235.0,6533.701388888894,100.0,False,3
1779,235.1,-4975.383944275637,48.69544749538854,235.0,6546.756944444449,100.0,False,3
1780,235.149,-4998.0,75.0,235.0,6549.955209256064,100.0,False,3
1781,235.3,-5066.284286892901,154.75389768419467,235.0,6559.8125000000055,100.0,False,3
1782,235.429,-5122.0,220.0,235.0,6568.245822273722,100.0,False,3
1783,235.54,-5167.409992400604,273.1614960290631,235.0,6575.4791666666715,100.0,False,3
1784,235.78,-5257.588735210377,378.6801971115534,235.0,6591.145833333339,100.0,True,3
1785,236.22,-5465.1365374748775,622.3090826640392,255.0,6622.3125000000055,100.0,False,3
1786,236.269,-5498.0,661.0,255.24499968,6625.824148637112,100.0,False,3
1787,236.529,-5686.0,882.0,256.54499968,6644.381971238912,100.0,False,3
1788,236.62,-5734.387470044189,938.0162493489356,257.0,6650.868055555562,100.0,False,3
1789,236.86,-5809.649522593654,1022.6351894898648,257.0,6668.001388888895,100.0,False,3
1790,237.028,-5874.0,1102.0,258.4,6680.109205298515,100.0,False,3
1791,237.22,-5962.52291118431,1216.6216451634536,260.0,6694.001388888893,100.0,False,3
1792,237.248,-5966.0,1221.0,260.0,6696.024090399573,100.0,False,3
1793,237.288,-5966.0,1221.0,260.0,6698.912209342414,100.0,False,3
1794,237.42,-5988.045993938174,1266.352330929039,260.0,6708.445833333337,100.0,False,3
1795,237.62,-6071.282647189187,1445.415871847925,261.0,6722.945833333339,100.0,False,3
1796,237.669,-6090.0,1493.0,261.11136349090907,6726.503758872639,100.0,False,3
1797,237.889,-6159.0,1701.0,261.61136349090907,6742.497738787148,100.0,False,3
1798,238.06,-6191.386664227622,1802.4180548553497,262.0,6754.968055555561,100.0,False,3
1799,238.269,-6234.0,1929.0,262.87083306666665,6770.244613480119,12.916693333333333,False,3
1800,238.3,-6243.860487557093,1957.7774903905788,263.0,6772.501388888895,0.0,False,3
1801,238.349,-6260.0,2005.0,262.2686574387765,6776.060664321905,0.0,False,3
1802,238.501,-6299.461724642891,2124.6031009108974,260.0,6787.018055555562,0.0,False,3
1803,238.609,-6316.0,2176.0,256.9916439903476,6794.689399415054,0.0,False,3
1804,238.86,-6330.540191478837,2219.5561809516485,250.0,6811.948611111118,0.0,False,3
1805,238.869,-6332.0,2224.0,249.23500544,6812.544894429122,0.0,False,3
1806,239.06,-6384.190590785262,2383.811580002739,233.0,6824.893055555562,0.0,True,3
1807,239.109,-6397.0,2423.0,231.1625024,6828.018818557974,0.0,True,3
1808,239.209,-6419.0,2490.0,227.4125024,6834.349793993046,0.0,True,3
1809,239.3,-6442.484611596756,2560.7394395374286,224.0,6839.826388888896,0.0,True,3
1810,239.509,-6498.0,2727.0,197.875008,6851.077274282092,0.0,True,3
1811,239.58,-6508.877154062511,2759.9030936646923,189.0,6854.526388888897,0.0,True,3
1812,239.849,-6529.0,2822.0,160.17857828571428,6866.405762864408,0.0,True,3
1813,239.86,-6530.271253927716,2825.8306142627134,159.0,6866.8930555555635,0.0,True,3
1814,240.06,-6561.719358795369,2920.0945472684093,159.0,6875.726388888896,0.0,True,3
1815,240.129,-6573.0,2955.0,151.11429302857144,6878.427216944889,0.0,True,3
1816,240.209,-6585.0,2993.0,141.97143588571427,6881.268198870073,0.0,True,3
1817,240.34,-6599.406898379989,3036.4808230139943,127.0,6885.604166666673,0.0,True,3
1818,240.409,-6607.0,3059.0,123.89500288,6887.806855412173,0.0,True,3
1819,240.74,-6654.718040565481,3204.814617947865,109.0,6897.715277777785,0.0,True,3
1820,240.789,-6660.0,3221.0,107.7750016,6899.1209818602365,0.0,True,3
1821,241.1,-6676.646681887744,3271.1126057989823,100.0,6907.715277777785,0.0,True,3
1822,241.149,-6679.0,3278.0,98.53000192,6909.015855709737,0.0,True,3
1823,241.3,-6687.9587231111545,3304.129241923424,94.0,6912.937500000007,0.0,True,3
1824,241.389,-6695.0,3325.0,92.51666773333334,6915.1958526476865,0.0,True,3
1825,241.54,-6710.277558646199,3371.1602737537473,90.0,6918.937500000007,0.0,True,3
1826,241.609,-6717.0,3392.0,88.76785828571428,6920.608668661625,0.0,True,3
1827,241.82,-6732.568524144477,3443.3181509977785,85.0,6925.548611111119,0.0,True,3
1828,242.009,-6739.0,3479.0,81.32500124444445,6929.70847453247,0.5249998222222223,True,3
1829,242.18,-6737.767690773239,3508.1612360814725,78.0,6933.34861111112,1.0,False,3
1830,242.229,-6736.0,3518.0,77.51000064,6934.38536947015,0.75500032,False,3
1831,242.38,-6726.374927090786,3554.4212831086033,76.0,6937.570833333342,0.0,False,3
1832,242.429,-6722.0,3566.0,76.0,6938.60617303791,2.9399961599999997,False,3
1833,242.58,-6704.843485021732,3597.0540273268134,76.0,6941.793055555565,12.0,False,3
1834,242.78,-6676.337675478086,3628.775834913109,75.0,6945.959722222231,34.0,False,3
1835,242.789,-6675.0,3630.0,75.0,6946.1458380928,34.0,False,3
1836,242.98,-6645.568467766703,3651.88625940373,75.0,6950.126388888897,34.0,False,3
1837,243.14,-6618.1833578135775,3664.283272075143,80.0,6953.681944444452,40.0,False,3
1838,243.209,-6605.0,3668.0,81.37999872,6955.249332711202,41.03499904,False,3
1839,243.34,-6577.677643514874,3672.3555771362317,84.0,6958.34861111112,43.0,False,3
1840,243.66,-6510.387112461418,3670.658144462657,98.0,6967.059722222231,52.0,False,3
1841,243.688,-6506.0,3670.0,98.35,6967.84121837575,52.7875,False,3
1842,243.928,-6469.0,3656.0,101.35,6974.593310171063,59.5375,False,3
1843,243.98,-6454.423136040262,3647.755686164049,102.0,6976.126388888897,61.0,False,3
1844,244.18,-6376.302330925993,3600.010146167781,112.0,6982.34861111112,68.0,False,3
1845,244.269,-6349.0,3583.0,116.4499968,6985.299553880155,69.1124992,False,3
1846,244.42,-6323.293989224288,3566.8109538337567,124.0,6990.615277777786,71.0,False,3
1847,244.549,-6299.0,3550.0,130.12749696,6995.532087059642,80.35249536,False,3
1848,244.82,-6194.576101657941,3474.4124152925,143.0,7006.504166666675,100.0,False,3
1849,244.869,-6178.0,3462.0,143.7313425612235,7008.470542137682,100.0,False,3
1850,245.021,-6140.828334162533,3432.829882616949,146.0,7014.655833333341,100.0,False,3
1851,245.269,-6086.0,3385.0,158.4310757002786,7025.870043872343,100.0,False,3
1852,245.409,-6026.0,3332.0,165.4486184343068,7032.528204802766,100.0,False,3
1853,245.42,-6020.179057054419,3326.525225714831,166.0,7033.054166666674,100.0,False,3
1854,245.729,-5813.0,3107.0,174.58333155555556,7048.078858736619,100.0,False,3
1855,245.78,-5780.7329795533105,3067.1642120530614,176.0,7050.654166666674,100.0,False,3
1856,245.909,-5715.0,2981.0,181.98928274285714,7057.3223982263935,100.0,False,3
1857,246.06,-5694.5574994061235,2954.450073849219,189.0,7065.354166666675,100.0,False,3
1858,246.189,-5680.0,2932.0,192.2249984,7072.35547316221,100.0,False,3
1859,246.409,-5593.0,2798.0,197.7249984,7084.539582196245,100.0,False,3
1860,246.42,-5588.935960519278,2791.4145057194105,198.0,7085.154166666674,100.0,False,3
1861,246.62,-5534.620703617913,2696.9429552193546,202.0,7096.376388888897,100.0,False,3
1862,246.629,-5533.0,2694.0,202.0,7096.879853178732,100.0,False,3
1863,246.789,-5509.0,2650.0,202.0,7105.806839536937,100.0,False,3
1864,246.86,-5491.122643206349,2617.8886654771854,202.0,7109.843055555564,100.0,False,3
1865,247.069,-5416.0,2484.0,210.70833066666665,7122.128188360635,100.0,False,3
1866,247.1,-5405.008128516584,2464.331609018322,212.0,7123.976388888896,100.0,False,3
1867,247.249,-5353.0,2371.0,213.8624992,7132.90795496224,100.0,False,3
1868,247.42,-5288.547591322487,2255.357625697619,216.0,7143.1763888888945,100.0,False,3
1869,247.589,-5231.0,2152.0,216.0,7153.248631605695,100.0,False,3
1870,247.74,-5194.683057780835,2086.495828940249,216.0,7162.376388888895,100.0,False,3
1871,247.969,-5139.0,1986.0,222.99722026666666,7176.747155648187,100.0,False,3
1872,248.1,-5086.969055450354,1892.566893147552,227.0,7185.076388888894,100.0,False,3
1873,248.149,-5066.0,1855.0,227.3062496,7188.189619463064,100.0,False,3
1874,248.42,-4973.3872698410405,1689.6893627515108,229.0,7205.43194444445,100.0,False,3
1875,248.429,-4973.0,1689.0,229.08999936,7206.007757399211,100.0,False,3
1876,248.469,-4973.0,1689.0,229.48999936,7208.570008087356,100.0,False,3
1877,248.62,-4938.699723587034,1627.5196582415745,231.0,7218.265277777784,100.0,False,3
1878,248.769,-4871.0,1506.0,231.0,7227.823335574078,100.0,False,3
1879,248.78,-4865.672162693385,1496.4225728004055,231.0,7228.53194444445,100.0,False,3
1880,248.989,-4764.0,1314.0,232.74166613333333,7242.112985966123,100.0,False,3
1881,249.26,-4683.712865568562,1176.7312942620667,235.0,7259.8652777777825,100.0,False,3
1882,249.389,-4649.0,1126.0,235.0,7268.283537764441,100.0,False,3
1883,249.42,-4639.776403151044,1113.3459715126066,235.0,7270.309722222226,100.0,False,3
1884,249.58,-4584.680842721035,1044.1836215122532,236.0,7280.798611111117,100.0,False,3
1885,249.589,-4581.0,1040.0,236.0,7281.389171610459,100.0,False,3
1886,249.809,-4484.0,939.0,236.0,7295.819948257358,100.0,False,3
1887,249.86,-4468.778069214888,923.6001674656479,236.0,7299.154166666673,100.0,False,3
1888,250.168,-4400.0,868.0,234.075,7319.176567545275,3.749999999999992,False,3
1889,250.18,-4394.141368412607,863.9689207099634,234.0,7319.954166666672,0.0,False,3
1890,250.38,-4257.736111022203,773.7730490170869,232.0,7332.843055555561,0.0,False,3
1891,250.428,-4224.0,754.0,230.8,7335.882118877304,9.085714285714285,False,3
1892,250.608,-4107.0,698.0,226.3,7347.102603257357,43.15714285714286,False,3
1893,250.66,-4072.2730949144125,684.7113244081559,225.0,7350.343055555561,53.0,False,3
1894,250.809,-3975.0,653.0,225.0,7359.656250677794,53.0,False,3
1895,250.82,-3968.6850565071927,651.1439145659693,225.0,7360.343055555561,53.0,False,3
1896,251.089,-3838.0,622.0,224.03928594285713,7377.080983400814,56.84285622857143,False,3
1897,251.1,-3832.091233649172,621.0370090462311,224.0,7377.765277777782,57.0,False,3
1898,251.26,-3731.9873264420826,608.4114240333055,224.0,7387.720833333338,59.0,False,3
1899,251.289,-3709.0,607.0,223.939709064743,7389.522830462196,59.54261841731305,False,3
1900,251.369,-3639.0,605.0,223.7733888762929,7394.488224338405,61.03950011336384,False,3
1901,251.609,-3460.0,616.0,223.27442831094265,7409.344394388363,65.5301452015162,False,3
1902,251.741,-3372.7297963201404,629.9677535545478,223.0,7417.516111111117,68.0,False,3
1903,251.901,-3261.22674552844,659.9000092118226,223.0,7427.427222222228,98.0,False,3
1904,251.909,-3255.0,662.0,223.0,7427.922657093537,98.05734765709587,False,3
1905,252.109,-3097.0,724.0,223.0,7440.305501375597,99.49103908449283,False,3
1906,252.18,-3059.93105003975,740.0802266255027,223.0,7444.709722222227,100.0,False,3
1907,252.429,-2982.0,785.0,223.88928548571428,7460.202287123024,100.0,False,3
1908,252.46,-2967.738291611195,794.4770285442568,224.0,7462.131944444449,100.0,False,3
1909,252.66,-2848.943992844366,877.9479262282917,224.0,7474.576388888892,100.0,False,3
1910,252.709,-2820.0,901.0,224.0,7477.625124755354,100.0,False,3
1911,252.86,-2738.540037867025,975.1354959382033,224.0,7487.020833333338,100.0,False,3
1912,253.009,-2671.0,1049.0,224.0,7496.292848063105,100.0,False,3
1913,253.1,-2636.695925120949,1092.5915523670976,224.0,7501.95416666667,100.0,False,3
1914,253.229,-2594.0,1154.0,224.0,7509.9784725663685,100.0,False,3
1915,253.26,-2584.071669293443,1169.0520118974823,224.0,7511.909722222226,100.0,False,3
1916,253.449,-2526.0,1265.0,224.94499968,7523.720587704076,100.0,False,3
1917,253.46,-2522.7366068926185,1270.9648318515613,225.0,7524.409722222228,100.0,False,3
1918,253.62,-2476.59903494535,1363.0481768843572,226.0,7534.454166666672,100.0,False,3
1919,253.749,-2438.0,1444.0,226.0,7542.582615529729,67.750016,False,3
1920,253.909,-2390.0,1543.0,226.0,7552.666213237964,27.750016000000002,False,3
1921,254.02,-2371.8979983526174,1579.7930899461264,226.0,7559.565277777783,0.0,False,3
1922,254.129,-2359.0,1606.0,222.3666688,7566.250453567265,0.0,False,3
1923,254.26,-2337.330362983388,1651.0175962544963,218.0,7574.098611111116,0.0,True,3
1924,254.389,-2303.0,1723.0,211.01250346666666,7581.542032112793,0.0,True,3
1925,254.5,-2258.1255638664115,1817.249829878911,205.0,7587.765277777784,0.0,True,3
1926,254.649,-2195.0,1949.0,199.14643108571428,7595.912253781073,0.5321426285714286,True,3
1927,254.78,-2160.1510929410924,2019.486488863407,194.0,7602.854166666673,1.0,True,3
1928,255.029,-2119.0,2090.0,185.70000213333333,7615.465037055501,1.691666488888889,True,3
1929,255.14,-2092.5650225546074,2130.2652312146324,182.0,7621.054166666672,2.0,True,3
1930,255.349,-2016.0,2224.0,182.0,7631.655507943038,1.1291669333333334,True,3
1931,255.38,-1999.817255994101,2239.755074290948,182.0,7633.1875000000055,1.0,True,3
1932,255.509,-1927.0,2304.0,177.70000213333333,7639.384526773578,1.5374997333333333,True,3
1933,255.809,-1810.0,2380.0,167.70000213333333,7653.013478054467,2.7874997333333336,True,3
1934,255.86,-1787.7094231089372,2390.8227049698407,166.0,7655.3208333333405,3.0,True,3
1935,256.089,-1682.0,2437.0,164.28250048,7665.714021836135,1.2825004800000002,True,3
1936,256.26,-1631.7767999100686,2456.0980483548096,163.0,7673.43194444445,0.0,False,3
1937,256.489,-1547.0,2471.0,160.45555626666666,7683.623277431561,0.0,False,3
1938,256.62,-1451.8049887173595,2481.523472349742,159.0,7689.331944444451,0.0,False,3
1939,256.668,-1418.0,2484.0,158.4,7691.395773256805,2.6,False,3
1940,257.048,-1249.0,2468.0,153.65,7707.228264990365,23.183333333333334,False,3
1941,257.34,-1157.789809806054,2443.3272129109546,150.0,7719.33194444445,39.0,False,3
1942,257.449,-1124.0,2432.0,150.6812496,7723.915076669435,40.703124,False,3
1943,257.66,-1053.3704309991092,2404.4676390686545,152.0,7732.843055555562,44.0,False,3
1944,257.749,-1014.0,2384.0,152.0,7736.604185133288,44.0,False,3
1945,257.82,-976.5885222794802,2362.2014587551225,152.0,7739.598611111116,44.0,False,3
1946,257.909,-929.0,2332.0,152.0,7743.341304689673,44.0,False,3
1947,258.141,-844.6109951368045,2263.5307773690542,152.0,7753.151944444451,44.0,False,3
1948,258.329,-795.0,2213.0,156.7,7761.346690674647,44.0,False,3
1949,258.341,-791.805846599381,2209.770987898935,157.0,7761.874166666674,44.0,False,3
1950,258.449,-761.0,2176.0,157.77142857142857,7766.637173550345,44.385714285714286,False,3
1951,258.621,-689.9825879902813,2068.2371779656532,159.0,7774.240833333339,45.0,False,3
1952,258.709,-659.0,2016.0,159.0,7778.113235313456,46.1,False,3
1953,258.781,-641.7752643262488,1984.7334370769106,159.0,7781.307500000006,47.0,False,3
1954,259.02,-617.9463758900986,1928.1859521242714,164.0,7792.195277777782,37.0,False,3
1955,259.029,-617.0,1926.0,164.0,7792.6072272164965,35.33501184,False,3
1956,259.22,-591.5795089764546,1871.3701652605139,164.0,7801.3063888888955,0.0,False,3
1957,259.269,-583.0,1853.0,162.91111253333332,7803.505834787469,0.0,False,3
1958,259.509,-533.0,1744.0,157.5777792,7813.9811561594925,0.0,False,3
1959,259.58,-520.7696848390855,1717.4154956917764,156.0,7816.906388888894,0.0,True,3
1960,259.809,-487.0,1644.0,144.5500032,7825.714226275784,0.0,True,3
1961,259.98,-454.81097020739,1572.4975632847854,136.0,7832.017500000007,0.0,True,3
1962,260.029,-446.0,1553.0,135.02000128,7833.824332486216,0.0,True,3
1963,260.18,-422.535918470325,1501.723447277191,132.0,7839.350833333339,0.0,True,3
1964,260.409,-404.0,1462.0,127.99250112,7847.381018679884,1.14499968,True,3
1965,260.549,-404.0,1462.0,125.54250112,7852.178756712976,1.8449996800000001,True,3
1966,260.58,-402.14802760858095,1458.0285514385914,125.0,7853.239722222228,2.0,True,3
1967,260.729,-383.0,1417.0,123.93571474285714,7858.332168819963,2.0,True,3
1968,260.86,-362.2341832480236,1372.7173846902758,123.0,7862.8063888888955,2.0,False,3
1969,260.949,-348.0,1345.0,123.0,7865.847625077193,2.0,False,3
1970,261.129,-321.0,1303.0,123.0,7871.997593636173,2.0,False,3
1971,261.14,-319.4004476176794,1300.8458920893497,123.0,7872.373055555561,2.0,False,3
1972,261.489,-254.0,1244.0,123.0,7884.286108540182,0.25500031999999995,False,3
1973,261.54,-236.30084137067746,1234.677592626281,123.0,7886.039722222229,0.0,False,3
1974,261.689,-182.0,1209.0,123.0,7891.169491357672,0.0,False,3
1975,261.74,-169.97475143831147,1203.5102356017173,123.0,7892.873055555561,0.0,False,3
1976,261.969,-133.0,1198.0,115.1281272,7900.0414908401945,4.2937487999999995,False,3
1977,262.06,-99.31191160391069,1201.0194532962632,112.0,7902.828611111117,6.0,True,3
1978,262.309,12.0,1216.0,112.56590894545455,7910.553807317694,25.806813090909092,True,3
1979,262.5,34.655838932946516,1223.8840136622089,113.0,7916.639722222228,41.0,False,3
1980,262.549,40.0,1227.0,114.020832,7918.230426550648,41.0,False,3
1981,262.74,77.03486275182678,1248.6203441118369,118.0,7924.506388888894,41.0,False,3
1982,262.789,90.0,1259.0,118.34999954285715,7926.1173965177495,43.4499968,False,3
1983,263.009,153.0,1323.0,119.92142811428572,7933.457875007591,54.4499968,False,3
1984,263.02,155.09823478906952,1325.3644181914453,120.0,7933.839722222227,55.0,False,3
1985,263.189,178.0,1354.0,127.7458304,7939.916153503427,61.3374976,False,3
1986,263.26,194.2086402741113,1374.4156386089992,131.0,7942.57305555556,64.0,False,3
1987,263.428,247.0,1440.0,135.96363636363637,7949.085093090707,66.67272727272727,False,3
1988,263.7,324.35884113602464,1535.208580819047,144.0,7960.1730555555605,71.0,False,3
1989,263.728,329.0,1541.0,144.9,7961.340309396837,71.5,False,3
1990,263.889,348.0,1565.0,150.07499794285715,7968.145019718937,74.37499885714286,False,3
1991,263.98,372.1878724916951,1594.4037176631582,153.0,7972.073055555562,76.0,False,3
1992,264.089,411.0,1642.0,155.7249984,7976.861576361165,75.6972224,False,3
1993,264.329,492.0,1744.0,161.7249984,7987.759958142135,75.03055573333333,False,3
1994,264.34,494.66512068043625,1747.0786519872338,162.0,7988.273055555561,75.0,False,3
1995,264.58,539.4335491928796,1801.6035104203431,171.0,7999.6730555555605,77.0,False,3
1996,264.589,542.0,1806.0,171.0,8000.100321984433,77.0,False,3
1997,264.749,595.0,1913.0,171.0,8007.682861938256,77.0,False,3
1998,264.781,601.4392964467988,1932.9312603257151,171.0,8009.220555555561,77.0,False,3
1999,264.981,599.9540252837058,2029.815475195061,178.0,8019.10944444445,100.0,False,3
2000,265.029,594.0,2051.0,179.86666666666667,8021.573820106551,100.0,False,3
2001,265.341,512.6156579057083,2213.744104362812,192.0,8038.3094444444505,100.0,False,3
2002,265.349,509.0,2220.0,192.24,8038.746170155044,100.0,False,3
2003,265.509,428.0,2358.0,197.04,8047.535525417605,100.0,False,3
2004,265.541,415.20820335477987,2379.745157658621,198.0,8049.3094444444505,100.0,False,3
2005,265.729,367.0,2462.0,201.1464426720823,8059.842484275896,100.0,False,3
2006,265.78,356.2934666989329,2480.245328227654,202.0,8062.720000000005,100.0,False,3
2007,265.989,311.0,2557.0,204.08999936,8074.570714811482,100.0,False,3
2008,266.18,252.87547931876279,2655.096318366315,206.0,8085.608888888895,100.0,False,3
2009,266.189,250.0,2660.0,206.3937472,8086.1366368815,100.0,False,3
2010,266.34,201.3999851361759,2743.7306379532333,213.0,8095.075555555561,100.0,False,3
2011,266.389,185.0,2772.0,213.6124992,8097.994858020991,100.0,False,3
2012,266.5,146.19024357576413,2838.5723338575617,215.0,8104.631111111117,100.0,False,3
2013,266.649,89.0,2936.0,215.9312496,8113.581410829593,100.0,False,3
2014,266.809,23.0,3048.0,216.9312496,8123.252510112548,100.0,False,3
2015,266.82,19.093930288153373,3054.665498303751,217.0,8123.9200000000055,100.0,False,3
2016,267.029,-42.0,3160.0,219.23928502857143,8136.667719226298,100.0,False,3
2017,267.1,-66.02925866050502,3201.362557030094,220.0,8141.031111111119,100.0,False,3
2018,267.38,-170.25116350567916,3379.80556710768,224.0,8158.453333333338,100.0,False,3
2019,267.409,-178.0,3393.0,224.86999808,8160.287552299791,100.0,False,3
2020,267.569,-214.0,3454.0,229.66999808,8170.520650029617,100.0,False,3
2021,267.58,-217.24377686111433,3459.4957573461816,230.0,8171.231111111116,100.0,False,3
2022,267.749,-280.0,3566.0,233.520832,8182.248630478216,100.0,False,3
2023,267.82,-304.30336162584786,3607.400259456362,235.0,8186.897777777784,100.0,False,3
2024,267.98,-352.7214870749467,3690.21840112575,236.0,8197.386666666675,100.0,False,3
2025,268.069,-386.0,3747.0,237.1124992,8203.268963692255,100.0,False,3
2026,268.22,-456.40945583044874,3866.8343489071585,239.0,8213.320000000009,100.0,False,3
2027,268.289,-487.0,3919.0,239.51749952,8217.928442058954,100.0,False,3
2028,268.529,-568.0,4058.0,241.31749952,8234.04342404566,100.0,False,3
2029,268.62,-594.6040324911951,4103.6102035643335,242.0,8240.208888888896,100.0,False,3
2030,268.86,-664.4340922133003,4222.742501231502,246.0,8256.608888888897,100.0,False,3
2031,268.889,-674.0,4239.0,246.12083306666668,8258.596245956458,100.0,False,3
2032,269.069,-750.0,4368.0,246.87083306666668,8270.945719094489,100.0,False,3
2033,269.1,-770.603731773733,4403.004976348966,247.0,8273.075555555564,100.0,False,3
2034,269.269,-897.0,4618.0,247.84499968,8284.70988593473,100.0,False,3
2035,269.3,-911.0052687572435,4641.9053925784165,248.0,8286.853333333342,100.0,False,3
2036,269.569,-932.0,4679.0,250.24166613333333,8305.593351220126,100.0,False,3
2037,269.66,-946.2029567820969,4703.432931655841,251.0,8311.953333333342,100.0,False,3
2038,269.86,-1005.2515865290328,4803.949999989425,251.0,8325.897777777785,0.0,False,3
2039,269.948,-1033.0,4851.0,249.35,8331.966818862442,0.0,False,3
2040,270.02,-1055.2953630019833,4888.72374123998,248.0,8336.920000000006,0.0,False,3
2041,270.18,-1102.6244979738094,4968.592689787256,246.0,8347.85333333334,0.0,True,3
2042,270.308,-1130.0,5015.0,236.93333333333334,8356.135184639334,0.0,True,3
2043,270.42,-1144.4276915654937,5039.799928577081,229.0,8363.120000000006,0.0,True,3
2044,270.489,-1155.0,5058.0,225.1187536,8367.356943401062,0.0,True,3
2045,270.58,-1175.8783461673415,5093.763135331533,220.0,8372.897777777782,0.0,True,3
2046,270.789,-1251.0,5222.0,213.03333546666667,8385.347776976081,0.0,True,3
2047,270.82,-1264.85709308409,5245.632122972638,212.0,8387.031111111115,0.0,True,3
2048,270.989,-1342.0,5377.0,182.4250112,8395.223330780336,0.0,True,3
2049,271.06,-1364.765249206757,5415.530485897983,170.0,8398.364444444449,0.0,True,3
2050,271.369,-1419.0,5506.0,147.85981325553908,8410.996337403858,0.0,True,3
2051,271.381,-1421.7481611977232,5510.6353649041475,147.0,8411.471944444447,0.0,True,3
2052,271.541,-1464.4465473579849,5583.051374045897,140.0,8417.69416666667,0.0,True,3
2053,271.629,-1475.0,5601.0,133.4,8420.864366959016,0.0,True,3
2054,271.669,-1475.0,5601.0,130.4,8422.264522135902,0.0,True,3
2055,271.701,-1476.1431912131284,5602.912191426119,128.0,8423.38305555556,0.0,True,3
2056,271.941,-1521.6544224133509,5679.2933754702835,123.0,8431.583055555559,0.0,True,3
2057,271.989,-1531.0,5695.0,119.88,8433.104124276211,0.0,True,3
2058,272.141,-1554.8788722697027,5735.1463866158765,110.0,8437.694166666672,0.0,True,3
2059,272.189,-1562.0,5747.0,109.4838710861371,8439.12692937079,0.0,True,3
2060,272.389,-1593.0,5798.0,107.33333394504167,8445.066116218297,0.0,True,3
2061,272.42,-1597.7683565542063,5805.9005324403215,107.0,8445.986666666671,0.0,True,3
2062,272.58,-1622.5313452578507,5847.496208845907,107.0,8450.742222222227,0.0,True,3
2063,272.589,-1624.0,5850.0,107.0,8451.009750885753,0.0,True,3
2064,272.74,-1649.6153670035972,5894.134980084844,107.0,8455.497777777782,0.0,True,3
2065,272.809,-1659.0,5910.0,107.0,8457.548570470173,0.0,True,3
2066,272.989,-1675.0,5936.0,107.0,8462.898598879754,0.0,True,3
2067,273.02,-1678.4457629227973,5942.160470706666,107.0,8463.820000000003,0.0,True,3
2068,273.249,-1717.0,6004.0,107.0,8470.626481602063,0.0,True,3
2069,273.42,-1760.353043811649,6039.68267110691,107.0,8475.708888888894,0.0,True,3
2070,273.509,-1771.0,6047.0,107.0,8478.354013685866,0.0,True,3
2071,273.569,-1771.0,6047.0,107.0,8480.137443561225,0.0,True,3
2072,273.58,-1771.3310533770964,6047.104861622871,107.0,8480.46444444445,0.0,True,3
2073,273.74,-1797.5236018650073,6057.299755885461,107.0,8485.220000000005,104.0,True,3
2074,273.849,-1829.0,6060.0,107.0,8488.453117713101,104.0,True,3
2075,273.94,-1859.8903150888793,6054.001310382757,107.0,8491.164444444448,104.0,True,3
2076,274.109,-1913.0,6033.0,107.0,8496.264163378022,55.17779626666667,True,3
2077,274.289,-1938.0,6016.0,107.0,8501.55509358582,3.177796266666663,True,3
2078,274.3,-1939.7833308920913,6014.745875468271,107.0,8501.864444444449,0.0,False,3
2079,274.469,-1978.0,5987.0,99.39500288,8506.462381433108,41.40498432,False,3
2080,274.5,-1987.1370943452366,5978.892517128275,98.0,8507.308888888892,49.0,False,3
2081,274.729,-2062.0,5901.0,100.1468744,8513.771586990273,49.9541664,False,3
2082,275.129,-2120.0,5820.0,103.8968744,8525.846275542297,51.62083306666667,False,3
2083,275.349,-2150.0,5780.0,105.9593744,8532.51316920505,52.537499733333334,False,3
2084,275.46,-2165.212225265106,5761.519683581374,107.0,8535.842222222225,53.0,True,3
2085,275.569,-2190.0,5735.0,107.0,8539.088640762253,53.0,True,3
2086,275.629,-2211.0,5714.0,107.0,8540.868576393013,53.0,True,3
2087,275.7,-2234.1934451657153,5693.488101557716,107.0,8542.975555555558,53.0,True,3
2088,275.989,-2302.0,5653.0,107.0,8551.561504909372,86.49771985454545,True,3
2089,276.14,-2327.079158423532,5632.536381804754,107.0,8556.053333333337,104.0,True,3
2090,276.34,-2400.7757998827515,5621.364063421272,107.0,8561.99777777778,104.0,True,3
2091,276.349,-2407.0,5622.0,107.0,8562.263890675707,104.0,True,3
2092,276.548,-2572.0,5653.0,107.0,8568.15634508046,104.0,True,3
2093,276.58,-2587.9264151893635,5657.475661746168,107.0,8569.131111111114,104.0,True,3
2094,276.78,-2627.345162927697,5689.42998817658,113.0,8575.408888888891,104.0,True,3
2095,276.788,-2630.0,5692.0,113.0,8575.660770818044,104.0,True,3
2096,276.948,-2704.0,5759.0,113.0,8580.671154315625,104.0,True,3
2097,277.06,-2737.3285921517804,5789.55450032939,113.0,8584.197777777781,104.0,True,3
2098,277.26,-2755.7644229001107,5811.823253337843,115.0,8590.58666666667,104.0,True,3
2099,277.349,-2771.0,5833.0,115.0,8593.432170520762,77.61787611428572,True,3
2100,277.509,-2812.0,5890.0,115.0,8598.541085008605,30.189304685714287,True,3
2101,277.54,-2819.1445850125574,5900.198887501478,115.0,8599.531111111115,21.0,True,3
2102,277.7,-2848.1046417101015,5944.47639744753,115.0,8604.642222222225,21.0,True,3
2103,277.789,-2864.0,5975.0,115.0,8607.485355159131,21.0,True,3
2104,278.021,-2912.3799574220634,6090.2879408258705,115.0,8614.896388888892,21.0,True,3
2105,278.129,-2931.0,6142.0,115.0,8618.346375919169,21.0,True,3
2106,278.341,-2951.821878507446,6217.134668779433,115.0,8625.118611111115,21.0,True,3
2107,278.541,-2958.3562366200267,6271.00530572728,115.0,8631.507500000003,104.0,True,3
2108,278.629,-2961.0,6299.0,115.0,8634.318628006988,104.0,True,3
2109,278.789,-2965.0,6359.0,115.0,8639.429793958334,104.0,True,3
2110,278.941,-2964.3053863586556,6435.971301504667,115.0,8644.28527777778,104.0,True,3
2111,279.049,-2961.0,6489.0,115.0,8647.735154014988,104.0,True,3
2112,279.1,-2958.6770558016674,6510.375020348336,115.0,8649.364444444449,104.0,True,3
2113,279.26,-2946.964446980257,6572.7960991912305,115.0,8654.475555555558,104.0,True,3
2114,279.269,-2946.0,6577.0,115.0,8654.762812261104,104.0,True,3
2115,279.449,-2920.0,6674.0,115.0,8660.501522914064,104.0,True,3
2116,279.58,-2895.0975944235906,6737.9176021772055,115.0,8664.697777777781,104.0,True,3
2117,279.769,-2852.0,6818.0,115.0,8670.774991585056,38.637522133333334,True,3
2118,279.82,-2839.184227917795,6838.617926937208,115.0,8672.364444444447,21.0,False,3
2119,279.98,-2794.502021553761,6901.440352084417,115.0,8677.475555555558,21.0,False,3
2120,280.069,-2762.0,6938.0,131.84641645714285,8681.17350842767,21.0,False,3
2121,280.249,-2682.0,7013.0,165.91784502857143,8690.01114021166,21.0,False,3
2122,280.26,-2677.4795927270834,7016.880127793568,168.0,8690.542222222224,21.0,False,3
2123,280.5,-2588.5746103590313,7079.839260581341,168.0,8701.742222222225,21.0,False,3
2124,280.529,-2575.0,7087.0,168.0,8703.081743928838,21.0,False,3
2125,280.7,-2474.258617355729,7132.079005940591,168.0,8711.075555555557,21.0,False,3
2126,280.829,-2390.0,7162.0,176.062496,8717.42612357136,21.0,False,3
2127,280.94,-2320.156608085923,7180.90588876799,183.0,8723.275555555558,21.0,False,3
2128,281.1,-2222.577046133573,7198.626094027711,206.0,8732.431111111115,100.0,False,3
2129,281.129,-2205.0,7201.0,206.906248,8734.125451644728,100.0,False,3
2130,281.26,-2125.9290112290128,7208.634720445684,211.0,8741.80888888889,100.0,False,3
2131,281.42,-2029.485817743733,7210.758316665447,211.0,8751.18666666667,100.0,False,3
2132,281.509,-1975.0,7208.0,215.4499968,8756.572957242537,100.0,False,3
2133,281.58,-1931.0452005923526,7203.747000974578,219.0,8760.920000000002,100.0,False,3
2134,281.82,-1792.199517241414,7180.841273314962,221.0,8775.653333333335,100.0,False,3
2135,281.829,-1788.0,7180.0,221.1285705142857,8776.209165125256,100.0,False,3
2136,282.1,-1691.824685733852,7155.2669929951,225.0,8793.153333333337,100.0,False,3
2137,282.129,-1682.0,7152.0,225.9321408,8795.00520768732,100.0,False,3
2138,282.329,-1616.0,7128.0,232.36071222857143,8807.995190103284,100.0,False,3
2139,282.38,-1605.2914986254204,7124.220186519951,234.0,8811.353333333336,100.0,False,3
2140,282.569,-1560.0,7105.0,237.30749888,8823.93715634246,100.0,False,3
2141,282.729,-1445.0,7045.0,240.10749888,8834.698357297793,100.0,False,3
2142,282.78,-1404.6070274989881,7019.514306026461,241.0,8838.131111111112,100.0,False,3
2143,282.94,-1281.0027805175973,6926.685424074372,243.0,8848.931111111113,100.0,False,3
2144,283.029,-1229.0,6884.0,244.77999872,8855.00981300131,100.0,False,3
2145,283.14,-1186.5532380692393,6846.390850304559,247.0,8862.653333333334,100.0,False,3
2146,283.328,-1139.0,6791.0,249.35,8875.691176789733,100.0,False,3
2147,283.38,-1120.9443470972994,6767.5810981768445,250.0,8879.320000000002,100.0,False,3
2148,283.54,-1052.8735327796505,6674.899234579763,253.0,8890.564444444448,100.0,False,3
2149,283.629,-1016.0,6621.0,254.29791573333333,8896.902412319116,100.0,False,3
2150,283.729,-978.0,6562.0,255.75624906666667,8904.101413678296,100.0,False,3
2151,283.929,-908.0,6452.0,258.67291573333335,8918.63538534875,100.0,False,3
2152,284.02,-881.9797194114126,6411.550321504105,260.0,8925.231111111112,100.0,False,3
2153,284.189,-827.0,6326.0,260.6035712,8937.44604502327,100.0,False,3
2154,284.3,-767.0468175683749,6231.347036083632,261.0,8945.531111111115,100.0,False,3
2155,284.409,-709.0,6140.0,263.7153015152288,8953.567269599815,100.0,False,3
2156,284.581,-647.1518578097197,6044.936479306941,268.0,8966.450000000004,100.0,False,3
2157,284.609,-633.0,6023.0,268.8,8968.571649882402,100.0,False,3
2158,284.789,-509.0,5829.0,273.9428571428571,8982.360880072521,100.0,False,3
2159,284.861,-468.5891524985313,5765.617007657096,276.0,8987.91666666667,100.0,False,3
2160,285.061,-406.00374359009675,5667.202112641314,279.0,9003.41666666667,100.0,False,3
2161,285.301,-350.4576415647741,5579.853686144473,281.0,9022.150000000003,100.0,False,3
2162,285.309,-348.0,5576.0,281.175,9022.782009180188,100.0,False,3
2163,285.529,-267.0,5449.0,285.9875,9040.37549008636,100.0,False,3
2164,285.621,-228.08826910636301,5387.721005824601,288.0,9047.750000000002,100.0,False,3
2165,285.729,-176.0,5306.0,288.0,9056.37396630881,100.0,False,3
2166,285.82,-123.87688110461853,5224.935525751013,288.0,9063.670000000004,100.0,False,3
2167,285.869,-95.0,5180.0,289.0499986285714,9067.628457105535,100.0,False,3
2168,286.1,34.52905518988041,4976.655577484064,294.0,9086.536666666672,100.0,False,3
2169,286.309,125.0,4834.0,298.35416533333336,9103.884847130445,100.0,False,3
2170,286.34,134.97795893832074,4818.3423845316565,299.0,9106.470000000001,100.0,False,3
2171,286.58,191.02378368168024,4731.113254816154,301.0,9126.536666666669,100.0,False,3
2172,286.649,211.0,4700.0,301.0,9132.300377914742,100.0,False,3
2173,286.86,295.8567519157164,4567.426496380443,301.0,9149.947777777783,100.0,False,3
2174,286.949,341.0,4497.0,302.1124992,9157.448055288194,100.0,False,3
2175,287.109,427.0,4363.0,304.1124992,9171.016177792888,100.0,False,3
2176,287.18,453.77238245256603,4321.082665028633,305.0,9177.058888888894,100.0,False,3
2177,287.349,513.0,4228.0,306.5843744,9191.489696679495,100.0,False,3
2178,287.5,623.632468220766,4055.229688043102,308.0,9204.436666666672,100.0,False,3
2179,287.589,691.0,3950.0,308.74166613333335,9212.089800073278,100.0,False,3
2180,287.74,779.4903535238675,3811.3917135684615,310.0,9225.10333333334,100.0,False,3
2181,287.94,849.555743749086,3701.1160590720183,311.0,9242.381111111117,100.0,False,3
2182,288.009,863.0,3680.0,311.4928566857143,9248.364667243804,100.0,False,3
2183,288.22,881.8334977977551,3650.7509391030953,313.0,9266.725555555564,100.0,False,3
2184,288.289,906.0,3613.0,313.34499968,9272.739268882502,100.0,False,3
2185,288.42,994.2306385848885,3474.9337627760337,314.0,9284.170000000007,100.0,False,3
2186,288.509,1046.0,3394.0,314.2781248,9291.94910518383,100.0,False,3
2187,288.689,1084.0,3335.0,314.8406248,9307.705782081694,100.0,False,3
2188,288.74,1103.5018511368069,3304.5095238974613,315.0,9312.170000000007,100.0,False,3
2189,289.009,1267.0,3048.0,315.0,9335.708000588167,100.0,False,3
2190,289.1,1301.6811364803355,2993.4698995526333,315.0,9343.67000000001,100.0,False,3
2191,289.229,1342.0,2930.0,315.0,9354.957487599559,100.0,False,3
2192,289.38,1409.0190897294972,2824.6693563548215,315.0,9368.170000000007,100.0,False,3
2193,289.449,1444.0,2770.0,315.0,9374.20707196791,100.0,False,3
2194,289.629,1536.0,2627.0,315.0,9389.956754834278,100.0,False,3
2195,289.66,1548.650390421231,2607.2134151715736,315.0,9392.67000000001,100.0,False,3
2196,289.828,1611.0,2509.0,315.0,9407.378062896641,100.0,False,3
2197,289.94,1677.4748472020979,2405.02960568701,315.0,9417.170000000007,100.0,False,3
2198,290.068,1757.0,2281.0,314.36,9428.335923118791,100.0,False,3
2199,290.14,1789.7481324369269,2229.9943726741876,314.0,9434.61444444445,100.0,False,3
2200,290.329,1854.0,2130.0,314.0,9451.103911675371,100.0,False,3
2201,290.38,1874.0964036539358,2098.638617143741,314.0,9455.547777777785,100.0,False,3
2202,290.609,1978.0,1936.0,313.1821430857143,9475.458546177633,100.0,False,3
2203,290.66,2001.546717744485,1899.0130904363027,313.0,9479.892222222232,100.0,False,3
2204,290.829,2080.0,1776.0,313.0,9494.589016351041,100.0,False,3
2205,290.86,2094.7118831401235,1753.1376864182018,313.0,9497.28111111112,100.0,False,3
2206,290.909,2118.0,1717.0,312.8471140689786,9501.532470587525,100.0,False,3
2207,291.289,2333.0,1380.0,311.6614665247018,9534.356701310031,100.0,False,3
2208,291.489,2521.0,1085.0,311.03744150139823,9551.619765390524,100.0,False,3
2209,291.501,2527.864878589128,1074.2578471587171,311.0,9552.656388888896,100.0,False,3
2210,291.701,2556.492002300345,1030.245094579326,311.0,9569.934166666677,100.0,False,3
2211,291.749,2565.0,1017.0,310.76,9574.072145951857,100.0,False,3
2212,291.901,2626.8419401687624,919.7560157827244,310.0,9587.156388888898,100.0,False,3
2213,291.969,2661.0,866.0,310.0,9593.010019737361,100.0,False,3
2214,292.301,2822.9373840594963,611.854789155065,310.0,9621.60083333334,100.0,False,3
2215,292.349,2844.0,579.0,310.0,9625.735535672151,100.0,False,3
2216,292.46,2889.6033253033065,508.13916042472437,310.0,9635.292500000005,100.0,False,3
2217,292.569,2936.0,436.0,309.6593752,9644.658573903138,100.0,False,3
2218,292.78,3043.266718612258,268.0970782178532,309.0,9662.75916666667,100.0,False,3
2219,292.849,3076.0,217.0,309.0,9668.68054448512,100.0,False,3
2220,293.02,3146.1495241885723,108.1242205721442,309.0,9683.35916666667,100.0,False,3
2221,293.069,3168.0,74.0,309.0,9687.565197694485,100.0,False,3
2222,293.249,3259.0,-69.0,309.0,9703.015109950346,100.0,False,3
2223,293.34,3300.4666871139775,-133.55786831412505,309.0,9710.825833333336,100.0,False,3
2224,293.449,3351.0,-212.0,309.0,9720.181611275624,100.0,False,3
2225,293.66,3471.5853287029986,-400.7181900947126,309.0,9738.292500000007,100.0,False,3
2226,293.709,3496.0,-439.0,309.0,9742.498330754013,100.0,False,3
2227,293.82,3540.597727012628,-508.94256245468586,309.0,9752.025833333337,100.0,False,3
2228,293.929,3588.0,-583.0,309.0,9761.38166065933,100.0,False,3
2229,294.02,3643.7823239129716,-669.8026401244576,309.0,9769.192500000003,100.0,False,3
2230,294.149,3723.0,-793.0,309.0,9780.26499460189,100.0,False,3
2231,294.22,3750.1651981865075,-835.3993126790399,309.0,9786.359166666673,100.0,False,3
2232,294.489,3814.0,-936.0,309.0,9809.448327596072,100.0,False,3
2233,294.54,3841.4818569623585,-979.0384485313947,309.0,9813.825833333338,100.0,False,3
2234,294.649,3906.0,-1080.0,309.0,9823.181662154248,100.0,False,3
2235,294.78,3948.4398859062567,-1146.5824769679937,309.0,9834.425833333335,100.0,False,3
2236,294.989,4024.0,-1265.0,309.0,9852.364989944452,100.0,False,3
2237,295.02,4049.4631256762696,-1304.7877256310305,309.0,9855.025833333335,100.0,False,3
2238,295.149,4170.0,-1493.0,309.0,9866.09836812995,100.0,False,3
2239,295.26,4223.768230681949,-1576.7697579877167,309.0,9875.625833333335,100.0,False,3
2240,295.489,4267.0,-1644.0,309.0,9895.281411287553,100.0,False,3
2241,295.54,4293.663636206804,-1685.7832685935455,309.0,9899.659166666672,100.0,False,3
2242,295.809,4455.0,-1939.0,309.0,9922.748728969607,100.0,False,3
2243,295.82,4455.863478152668,-1940.3628622055646,309.0,9923.692500000003,100.0,False,3
2244,295.889,4455.0,-1939.0,309.0,9929.611401704635,100.0,False,3
2245,296.06,4530.300246651917,-2055.631268958745,309.0,9944.292500000003,100.0,False,3
2246,296.209,4639.0,-2225.0,309.0,9957.140147543278,100.0,False,3
2247,296.38,4752.136301680832,-2403.0272339841918,309.0,9971.759166666669,100.0,False,3
2248,296.408,4768.0,-2428.0,307.95,9974.117945648188,88.33333333333333,False,3
2249,296.62,4857.425130508168,-2568.0850983538867,300.0,9991.759166666669,0.0,False,3
2250,296.869,4919.0,-2664.0,300.0,10012.500638169655,0.0,False,3
2251,297.02,4949.111177658465,-2711.4918349049863,300.0,10025.0925,0.0,True,3
2252,297.169,4983.0,-2765.0,300.0,10037.509938967858,0.0,True,3
2253,297.26,5010.295467097532,-2807.8809706088887,300.0,10045.0925,0.0,True,3
2254,297.509,5096.0,-2942.0,300.0,10065.842172632329,58.72108186428399,True,3
2255,297.701,5147.4324521630715,-3022.0777769879414,300.0,10081.842500000002,104.0,True,3
2256,297.861,5182.288682209713,-3076.145145379054,300.0,10095.175833333333,104.0,True,3
2257,297.889,5188.0,-3085.0,300.0,10097.50914446086,104.0,True,3
2258,298.101,5227.487511148195,-3146.1774773426537,300.0,10115.175833333333,104.0,True,3
2259,298.341,5267.6676114730235,-3208.898950355756,300.0,10135.175833333333,104.0,True,3
2260,298.349,5269.0,-3211.0,300.0,10135.842306083967,104.0,True,3
2261,298.541,5300.857621052703,-3261.6505302364594,300.0,10151.842499999999,104.0,True,3
2262,298.701,5325.005882813899,-3300.3922924637723,300.0,10165.175833333335,104.0,True,3
2263,298.829,5338.0,-3321.0,300.0,10175.665495473366,104.0,True,3
2264,298.989,5349.0,-3338.0,300.0,10189.022144830093,104.0,True,3
2265,299.021,5352.425783114689,-3343.315245732159,300.0,10191.8425,104.0,True,3
2266,299.189,5376.0,-3380.0,300.0,10207.040194370493,30.895417065662375,True,3
2267,299.26,5384.32724401976,-3392.8872824590335,300.0,10211.759166666665,0.0,True,3
2268,299.389,5398.0,-3414.0,196.33933714285715,10215.952429314066,0.0,True,3
2269,299.54,5417.113072602576,-3443.742991368831,75.0,10217.592499999999,0.0,True,3
2270,299.609,5425.0,-3456.0,75.0,10218.782090265382,0.0,True,3
2271,299.809,5441.0,-3481.0,75.0,10223.192479018706,0.0,True,3
2272,299.82,5441.660761043084,-3482.0937690366864,75.0,10223.425833333331,0.0,True,3
2273,299.989,5450.0,-3498.0,71.982144,10226.759720392716,0.0,True,3
2274,300.1,5455.12233952334,-3511.8193017260487,70.0,10228.870277777776,0.0,False,3
2275,300.3,5458.188086678754,-3546.272279125912,70.0,10232.759166666665,0.0,False,3
2276,300.349,5455.0,-3557.0,70.0,10233.713878725359,0.0,False,3
2277,300.529,5432.0,-3599.0,70.0,10237.212947753835,0.0,False,3
2278,300.62,5420.260860443724,-3611.40937574804,70.0,10238.981388888888,0.0,False,3
2279,300.729,5410.0,-3619.0,70.0,10241.100663483372,0.0,False,3
2280,300.82,5406.81205194696,-3622.16430520602,70.0,10242.870277777776,0.0,False,3
2281,300.889,5402.0,-3625.0,70.0,10244.211971726138,0.0,False,3
2282,300.98,5386.563266881618,-3631.773766900187,70.0,10245.981388888888,0.0,False,3
2283,301.069,5364.0,-3637.0,70.0,10247.711932277238,0.0,False,3
2284,301.26,5303.7776022286735,-3630.6143287901173,70.0,10251.425833333331,0.0,False,3
2285,301.289,5296.0,-3629.0,70.0,10251.989721840091,0.0,False,3
2286,301.5,5261.011301084076,-3617.7792731879435,70.0,10256.092499999997,0.0,False,3
2287,301.749,5232.0,-3601.0,70.0,10260.934165177176,64.73998336,False,3
2288,301.9,5198.789386256122,-3585.9560428057234,70.0,10263.870277777774,104.0,True,3
2289,301.949,5186.0,-3580.0,70.0,10264.823054316023,104.0,True,3
2290,302.22,5108.143535119895,-3540.2040599531188,70.0,10270.092499999997,104.0,True,3
2291,302.229,5106.0,-3539.0,70.0,10270.267498787991,104.0,True,3
2292,302.42,5070.752077525555,-3517.0076487858523,70.0,10273.981388888886,104.0,True,3
2293,302.529,5047.0,-3502.0,70.0,10276.100829561996,104.0,True,3
2294,302.58,5032.821307512412,-3493.4073477597267,70.0,10277.092499999997,104.0,True,3
2295,302.709,4988.0,-3465.0,70.0,10279.60085676667,104.0,True,3
2296,302.9,4899.954645058917,-3398.352863368915,70.0,10283.31472222222,104.0,True,3
2297,302.988,4867.0,-3375.0,70.0,10285.025738316843,104.0,True,3
2298,303.1,4841.21017860513,-3361.832411668826,70.0,10287.20361111111,104.0,True,3
2299,303.3,4805.506333172608,-3344.9970663513204,70.0,10291.092499999999,104.0,True,3
2300,303.369,4768.0,-3309.0,70.0,10292.43195789002,104.0,True,3
2301,303.609,4565.0,-3091.0,70.0,10297.086038176021,104.0,True,3
2302,303.74,4511.070958876055,-3021.0165332127176,70.0,10299.648055555554,104.0,True,3
2303,303.869,4484.0,-2977.0,70.0,10302.192807422445,70.54365215659287,True,3
2304,304.141,4411.557651100634,-2873.953303630966,70.0,10307.445277777775,0.0,False,3
2305,304.169,4403.0,-2862.0,70.0,10307.95535380509,0.0,False,3
2306,304.301,4359.987807863762,-2801.608419460788,70.0,10310.556388888886,0.0,False,3
2307,304.529,4276.0,-2683.0,95.74827586206897,10318.106235791185,19.655172413793103,False,3
2308,304.949,4108.0,-2446.0,143.1793103448276,10342.598748599637,55.862068965517246,False,3
2309,305.309,4004.0,-2300.0,183.83448275862068,10366.133906869853,86.89655172413794,False,3
2310,305.409,3969.0,-2251.0,195.12758620689655,10372.229373397317,95.51724137931035,False,3
2311,305.461,3950.478175968713,-2224.914147922529,201.0,10375.323055555555,100.0,False,3
2312,305.749,3848.0,-2079.0,201.0,10391.544582863828,100.0,False,3
2313,305.94,3780.7692808625843,-1983.2544616803496,201.0,10402.06722222222,100.0,True,3
2314,306.049,3745.0,-1932.0,201.0,10408.149541818797,100.0,True,3
2315,306.1,3729.2965647950855,-1909.344726582809,201.0,10411.000555555554,100.0,True,3
2316,306.26,3680.9438152995112,-1839.294210587909,201.0,10419.933888888885,100.0,True,3
2317,306.289,3671.0,-1825.0,201.0,10421.552795823061,100.0,True,3
2318,306.54,3566.292044814582,-1675.207317832606,201.0,10435.56722222222,100.0,True,3
2319,306.549,3562.0,-1669.0,201.0,10436.069734940305,100.0,True,3
2320,306.709,3483.0,-1554.0,201.0,10445.003132448192,100.0,True,3
2321,306.86,3417.9620476704176,-1459.9329608108253,201.0,10453.433888888887,100.0,True,3
2322,307.009,3386.0,-1414.0,201.0,10461.753040993543,102.12857051428571,True,3
2323,307.089,3386.0,-1414.0,201.0,10466.219715583558,103.27142765714285,True,3
2324,307.14,3378.61459014891,-1403.3412696049973,201.0,10469.067222222218,104.0,True,3
2325,307.34,3291.9417716427643,-1278.339566916387,201.0,10480.233888888884,104.0,True,3
2326,307.409,3266.0,-1241.0,201.0,10484.086384181124,102.85000106666666,True,3
2327,307.58,3228.241888320231,-1186.926527012275,201.0,10493.633888888884,100.0,True,3
2328,307.649,3215.0,-1168.0,201.0,10497.48639022278,100.0,True,3
2329,307.74,3194.7004839685687,-1138.9312327494226,201.0,10502.567222222218,100.0,True,3
2330,307.869,3169.0,-1102.0,201.0,10509.769662600998,100.0,True,3
2331,307.94,3162.043805844213,-1091.8800599314686,201.0,10513.733888888884,100.0,True,3
2332,308.129,3158.0,-1086.0,201.0,10524.286749511966,100.0,True,3
2333,308.18,3155.942973131684,-1083.3817898532209,201.0,10527.133888888884,100.0,True,3
2334,308.38,3139.247229807786,-1059.9001500168768,201.0,10538.30055555555,100.0,True,3
2335,308.409,3135.0,-1053.0,201.0,10539.921637457734,100.28999936,True,3
2336,308.729,3050.0,-942.0,201.0,10557.806120070449,103.48999936,True,3
2337,308.78,3028.352797572815,-931.8025724070677,201.0,10560.633888888882,104.0,True,3
2338,308.98,2924.041693536849,-922.7525352287588,201.0,10571.800555555552,104.0,True,3
2339,309.089,2870.0,-927.0,203.97272552727273,10578.289537349101,103.00909149090909,True,3
2340,309.42,2740.4280394680254,-956.0204437000002,213.0,10597.833888888885,100.0,False,3
2341,309.488,2714.0,-963.0,196.0,10601.082198483176,100.0,False,3
2342,309.62,2659.7275713147196,-976.5346201922472,163.0,10606.88944444444,100.0,False,3
2343,309.82,2580.695426566168,-995.349684338951,163.0,10615.944999999994,100.0,False,3
2344,309.828,2578.0,-996.0,163.6,10616.321532804304,100.0,False,3
2345,309.98,2524.664483886428,-1008.894043072288,175.0,10623.722777777773,100.0,False,3
2346,309.989,2520.0,-1010.0,175.4499968,10624.17581225297,100.0,False,3
2347,310.3,2271.5607534040814,-1067.7234787856703,191.0,10640.700555555552,100.0,False,3
2348,310.309,2266.0,-1069.0,191.35356891428572,10641.19529552019,100.0,False,3
2349,310.58,2174.685593244054,-1089.494531266948,202.0,10656.411666666661,100.0,False,3
2350,310.629,2159.0,-1093.0,203.52173774777154,10659.222329657174,100.0,False,3
2351,310.741,2114.766897860751,-1102.9776175401626,207.0,10665.669166666661,100.0,False,3
2352,310.969,1993.0,-1130.0,207.0,10678.690364296244,100.0,False,3
2353,311.021,1960.5170274040427,-1136.9206179474022,207.0,10681.769166666663,100.0,False,3
2354,311.169,1876.0,-1155.0,214.09166666666667,10690.891344480826,100.0,False,3
2355,311.269,1847.0,-1162.0,218.88333333333333,10697.35517561841,100.0,False,3
2356,311.501,1764.1645186813214,-1179.566277244602,230.0,10712.435833333328,100.0,False,3
2357,311.549,1739.0,-1185.0,230.48,10715.5199320342,100.0,False,3
2358,311.701,1640.547575883965,-1206.8742896873084,232.0,10725.32472222222,100.0,False,3
2359,311.729,1622.0,-1211.0,232.95454545454547,10727.171852303041,100.0,False,3
2360,311.949,1485.0,-1241.0,240.45454545454547,10742.184862809452,100.0,False,3
2361,312.141,1363.9015687308174,-1266.7208309940188,247.0,10755.513611111108,100.0,False,3
2362,312.149,1358.0,-1268.0,247.0,10756.066477113105,100.0,False,3
2363,312.309,1231.0,-1296.0,247.0,10767.081822175436,100.0,False,3
2364,312.501,1120.6671711349497,-1320.4013979366948,247.0,10780.213611111105,100.0,False,3
2365,312.529,1104.0,-1324.0,247.0,10782.122627745595,100.0,False,3
2366,312.66,1012.7216606308687,-1343.4481720332362,247.0,10791.122777777777,100.0,False,3
2367,312.689,987.0,-1349.0,249.1749952,10793.167733388304,100.0,False,3
2368,312.82,839.7171991403337,-1381.3189183116278,259.0,10802.633888888884,100.0,False,3
2369,313.009,655.0,-1422.0,264.3156232,10816.667883465414,100.0,False,3
2370,313.14,636.6980687887069,-1425.432197165508,268.0,10826.456111111105,100.0,False,3
2371,313.169,625.0,-1428.0,268.0,10828.614612714946,100.0,False,3
2372,313.249,567.0,-1441.0,268.0,10834.55865188451,100.0,False,3
2373,313.3,529.334922682387,-1449.1933468980565,268.0,10838.367222222218,100.0,False,3
2374,313.449,430.0,-1470.0,271.10416533333336,10849.624211997414,100.0,False,4
2375,313.54,369.703534852797,-1483.068670518038,273.0,10856.567222222218,100.0,False,4
2376,313.789,150.0,-1532.0,276.1124992,10875.74939929554,100.0,False,4
2377,313.94,-62.93791749755735,-1578.7932437785096,278.0,10887.456111111105,100.0,False,4
2378,313.949,-73.0,-1581.0,278.07499946666667,10888.15466129359,100.0,False,4
2379,314.18,-174.67866785981434,-1603.183705503734,280.0,10906.122777777773,100.0,False,4
2380,314.289,-220.0,-1613.0,280.49545425454545,10914.638337935556,100.0,False,4
2381,314.549,-445.0,-1662.0,281.67727243636364,10935.024423788394,100.0,False,4
2382,314.62,-492.9770270031524,-1672.5121620139187,282.0,10940.58944444444,100.0,False,4
2383,314.769,-591.0,-1694.0,282.0,10952.261050199055,100.0,False,4
2384,314.78,-600.9392951223297,-1696.1673321212381,282.0,10953.12277777777,100.0,False,4
2385,314.98,-836.2917516953302,-1747.3015752076114,282.0,10968.789444444441,100.0,False,4
2386,315.049,-904.0,-1762.0,282.0,10974.186182534197,100.0,False,4
2387,315.18,-984.8300012243542,-1779.55947580626,282.0,10984.456111111105,100.0,True,4
2388,315.469,-1129.0,-1811.0,285.6124992,11007.47606362033,100.0,True,4
2389,315.58,-1279.1760338684826,-1843.7304786879627,287.0,11016.344999999992,100.0,False,4
2390,315.649,-1363.0,-1862.0,287.0,11021.847909582671,100.0,False,4
2391,315.82,-1450.774931274992,-1881.1409206944927,287.0,11035.478333333327,100.0,False,4
2392,315.969,-1519.0,-1896.0,287.74499968,11047.39660552491,100.0,False,4
2393,316.02,-1565.3816252520758,-1906.0951189521095,288.0,11051.478333333327,100.0,False,4
2394,316.22,-1828.7678224904357,-1963.3893733603186,288.0,11067.47833333333,100.0,False,4
2395,316.308,-1910.0,-1981.0,288.0,11074.517956071055,100.0,False,4
2396,316.529,-1989.0,-1998.0,288.0,11092.198124533928,100.0,False,4
2397,316.58,-2015.678230700264,-2003.878045784396,288.0,11096.278333333326,100.0,False,4
2398,316.78,-2176.6149948984016,-2039.5815527712743,288.0,11112.278333333326,100.0,False,4
2399,316.849,-2233.0,-2052.0,288.0,11117.796505987646,100.0,False,4
2400,316.94,-2302.4092566095424,-2067.165991044399,288.0,11125.07833333333,100.0,False,4
2401,317.049,-2389.0,-2086.0,288.33956373125255,11133.818187492541,100.0,False,4
2402,317.209,-2545.0,-2120.0,288.83800619823177,11146.67111935147,100.0,False,4
2403,317.261,-2599.5793506200807,-2131.8630272949536,289.0,11150.847499999998,100.0,True,4
2404,317.529,-2868.0,-2190.0,289.0,11172.361998572504,100.0,True,4
2405,317.541,-2876.9932828654664,-2191.947431487072,289.0,11173.325277777772,100.0,True,4
2406,317.741,-2983.4458378845484,-2215.02078544441,289.0,11189.380833333327,100.0,True,4
2407,317.849,-3034.0,-2226.0,289.0,11198.050772920195,100.0,True,4
2408,318.009,-3112.0,-2243.0,289.0,11210.895237694289,100.0,True,4
2409,318.021,-3116.127116163599,-2243.9115861044284,289.0,11211.858611111109,100.0,True,4
2410,318.189,-3161.0,-2254.0,289.0,11225.34633322754,100.0,True,4
2411,318.301,-3230.4036605467154,-2269.2683652568962,289.0,11234.336388888883,100.0,True,4
2412,318.501,-3415.259281771891,-2309.5916610348686,289.0,11250.391944444438,100.0,False,4
2413,318.549,-3454.0,-2318.0,289.24,11254.252294582968,100.0,False,4
2414,318.701,-3566.2342542859533,-2342.278846198292,290.0,11266.503055555551,100.0,False,4
2415,318.749,-3620.0,-2354.0,290.0,11270.381720381907,88.0,False,4
2416,318.929,-3903.0,-2416.0,290.0,11284.9656740341,43.0,False,4
2417,319.101,-4045.4005254911285,-2447.0400990065814,290.0,11298.72527777777,0.0,False,4
2418,319.269,-4138.0,-2467.0,281.6,11311.841611842641,0.0,False,4
2419,319.301,-4163.417695016639,-2472.493446994415,280.0,11314.280833333325,0.0,True,4
2420,319.449,-4294.0,-2501.0,269.92114926539944,11325.270118075214,0.0,True,4
2421,319.58,-4373.781394834083,-2519.555154996255,261.0,11334.508333333326,0.0,True,4
2422,319.769,-4490.0,-2544.0,249.5605301894737,11346.897402864217,0.24868412631578948,True,4
2423,319.929,-4647.0,-2571.0,239.8763196631579,11356.518236121274,0.4592104421052632,True,4
2424,320.089,-4717.0,-2574.0,230.1921091368421,11365.610117294169,0.6697367578947369,True,4
2425,320.209,-4847.0,-2565.0,222.92895124210526,11372.43323871375,0.827631494736842,True,4
2426,320.34,-4924.246339946231,-2554.071632131018,215.0,11379.897222222213,1.0,True,4
2427,320.409,-4955.0,-2546.0,212.843752,11383.835093484793,1.4312496,True,4
2428,320.629,-5079.0,-2506.0,205.968752,11396.369710821358,2.8062496,True,4
2429,320.66,-5094.258907383064,-2500.0080350201865,205.0,11398.119444444439,3.0,True,4
2430,320.889,-5186.0,-2454.0,200.229168,11410.85399780021,3.9541664,True,4
2431,320.9,-5190.422933938362,-2451.4630345404676,200.0,11411.452777777771,4.0,True,4
2432,321.18,-5322.557650913965,-2360.262555950818,191.0,11426.308333333329,4.0,True,4
2433,321.209,-5341.0,-2344.0,190.39583466666667,11427.82397626235,3.8791669333333334,True,4
2434,321.349,-5435.0,-2254.0,187.479168,11435.092071823909,3.2958336,True,4
2435,321.42,-5464.907565789093,-2223.0369073549546,186.0,11438.70833333333,3.0,True,4
2436,321.629,-5498.0,-2177.0,179.468752,11449.019392505224,2.3468752,True,4
2437,321.74,-5521.027937491612,-2142.341130945826,176.0,11454.352777777773,2.0,True,4
2438,321.949,-5575.0,-2048.0,171.52142994285714,11464.221840250584,0.5071433142857142,True,4
2439,322.02,-5592.726339445157,-2006.689882386578,170.0,11467.574999999995,0.0,True,4
2440,322.189,-5629.0,-1909.0,170.0,11475.616668408367,0.0,True,4
2441,322.34,-5646.031894770529,-1862.0249488208158,170.0,11482.686111111105,0.0,True,4
2442,322.54,-5653.929197996512,-1807.5834136351218,161.0,11491.63055555555,1.0,True,4
2443,322.569,-5655.0,-1792.0,160.20909265454546,11492.885648303707,1.0,True,4
2444,322.828,-5663.0,-1602.0,153.14545454545456,11503.647811963567,1.0,True,4
2445,322.98,-5662.823480160885,-1541.8089032348164,149.0,11509.841666666662,1.0,True,4
2446,323.18,-5652.89964336409,-1503.2661616924868,146.0,11517.952777777771,0.0,True,4
2447,323.249,-5645.0,-1474.0,143.4125024,11520.660161880694,0.0,True,4
2448,323.34,-5631.009034991129,-1421.1646851339756,140.0,11524.174999999994,0.0,True,4
2449,323.409,-5622.0,-1387.0,139.1375008,11526.829311150226,0.0,True,4
2450,323.58,-5610.337196394289,-1351.9729043864743,137.0,11533.308333333329,0.0,True,4
2451,323.589,-5609.0,-1349.0,136.7437740056994,11533.641563120387,0.032028249287572794,True,4
2452,323.789,-5557.0,-1241.0,131.04982253092044,11540.845319281876,0.7437721836349458,True,4
2453,323.861,-5538.965860741938,-1209.0909492594715,129.0,11543.377499999997,1.0,True,4
2454,324.221,-5472.874801479326,-1137.5736470389008,123.0,11555.677499999996,2.0,True,4
2455,324.249,-5468.0,-1133.0,122.125,11556.604799725077,2.0,True,4
2456,324.381,-5441.343729394136,-1108.8192165320588,118.0,11560.92194444444,2.0,False,4
2457,324.389,-5439.0,-1107.0,117.91428571428571,11561.181284954559,2.0,False,4
2458,324.629,-5338.0,-1042.0,115.34285714285714,11568.85540817958,2.0,False,4
2459,324.661,-5327.0640372827565,-1036.3082510281135,115.0,11569.866388888886,2.0,False,4
2460,324.829,-5282.0,-1019.0,113.6,11575.137978020952,2.7,False,4
2461,324.901,-5260.366484998029,-1011.9158220572454,113.0,11577.399722222219,3.0,False,4
2462,325.089,-5196.0,-994.0,113.0,11583.338202974404,3.0,False,4
2463,325.181,-5163.472883976246,-988.2596486473228,113.0,11586.188611111107,3.0,False,4
2464,325.449,-5077.0,-981.0,107.25714285714285,11594.159524603752,3.0,False,4
2465,325.461,-5074.048584171308,-980.8312407837277,107.0,11594.510833333332,3.0,False,4
2466,325.701,-5031.687720591358,-979.9579669878617,105.0,11601.510833333332,2.0,True,4
2467,325.849,-4997.0,-985.0,105.0,11605.850213619311,0.52,True,4
2468,325.901,-4980.3490805920355,-988.1648827547541,105.0,11607.344166666664,0.0,True,4
2469,326.049,-4929.0,-999.0,101.28451982339219,11611.453403302667,0.0,True,4
2470,326.14,-4905.874641039448,-1004.2282550045082,99.0,11613.916666666662,0.0,False,4
2471,326.34,-4875.196349650698,-1014.0325167295981,96.0,11619.249999999995,0.0,False,4
2472,326.469,-4845.0,-1032.0,95.5968752,11622.660686437428,0.0,False,4
2473,326.66,-4780.161286824143,-1076.8809780764798,95.0,11627.69444444444,0.0,False,4
2474,326.689,-4772.0,-1083.0,95.0,11628.459342897497,0.0,False,4
2475,326.86,-4742.560485472962,-1108.708416017768,95.0,11632.972222222217,0.0,False,4
2476,327.109,-4726.0,-1137.0,95.0,11639.543664483606,0.0,False,4
2477,327.3,-4703.068455946793,-1177.4313559829395,95.0,11644.583333333327,0.0,False,4
2478,327.309,-4702.0,-1180.0,95.0,11644.820772381647,0.0,False,4
2479,327.54,-4678.953520743409,-1258.6729105357385,95.0,11650.916666666659,0.0,False,4
2480,327.569,-4677.0,-1266.0,95.0,11651.682871060244,0.0,False,4
2481,327.98,-4674.60188893808,-1313.2867462319184,95.0,11662.527777777768,0.0,False,4
2482,327.989,-4675.0,-1316.0,95.0,11662.763225406523,0.87749376,False,4
2483,328.169,-4685.0,-1385.0,95.0,11667.447600879901,18.42749376,False,4
2484,328.38,-4690.677098118088,-1416.2523671109107,95.0,11673.083333333323,39.0,False,4
2485,328.569,-4702.0,-1443.0,99.25249856,11678.462304085055,20.57250624,False,4
2486,328.729,-4724.0,-1498.0,102.85249856,11683.150546216844,4.972506239999998,False,4
2487,328.78,-4731.940712850925,-1515.277912875281,104.0,11684.638888888878,0.0,False,4
2488,328.929,-4755.0,-1560.0,104.0,11688.968166498902,0.0,False,4
2489,329.02,-4766.88595713054,-1582.887123581862,104.0,11691.572222222212,0.0,True,4
2490,329.22,-4788.11624859794,-1630.451742817705,100.0,11697.12777777777,0.0,True,4
2491,329.229,-4789.0,-1633.0,99.8568192,11697.371041840574,0.0,True,4
2492,329.508,-4811.0,-1720.0,95.41818181818182,11704.621503876087,0.0,True,4
2493,329.66,-4812.875232782046,-1749.1479951182928,93.0,11708.494444444435,0.0,False,4
2494,329.769,-4811.0,-1769.0,92.3187504,11711.282147143813,0.0,False,4
2495,329.82,-4809.603177327835,-1780.1345926699316,92.0,11712.583333333323,0.0,False,4
2496,329.98,-4802.571192268857,-1821.9769396241,91.0,11716.627777777767,0.0,False,4
2497,330.069,-4795.0,-1847.0,90.04642925714286,11718.832017138122,0.0,False,4
2498,330.26,-4768.189033381841,-1902.3112170266234,88.0,11723.47222222221,0.0,False,4
2499,330.429,-4743.0,-1943.0,86.59751053211897,11727.530353188997,0.0,False,4
2500,330.501,-4734.543146535807,-1955.4079331385904,86.0,11729.229444444432,0.0,False,4
2501,330.781,-4703.476038323088,-1986.2574741421104,83.0,11735.684999999989,23.0,False,4
2502,330.829,-4694.0,-1993.0,83.3,11736.802929435895,24.5,False,4
2503,330.941,-4665.6296251442245,-2011.85173325843,84.0,11739.418333333322,28.0,False,4
2504,331.069,-4635.0,-2031.0,84.0,11742.359372204568,28.0,False,4
2505,331.221,-4620.569262641405,-2038.3782429651935,84.0,11745.951666666655,28.0,False,4
2506,331.349,-4608.0,-2042.0,88.4,11749.228949103637,28.0,False,4
2507,331.541,-4561.553742969286,-2056.645458569539,95.0,11754.3961111111,28.0,False,4
2508,331.609,-4540.0,-2060.0,95.85,11756.227347133905,33.3125,False,4
2509,331.861,-4456.345411062674,-2059.0767192213875,99.0,11763.1961111111,53.0,False,4
2510,331.889,-4451.0,-2060.0,100.05,11764.020676290156,53.63,False,4
2511,332.261,-4417.380788431264,-2060.501403595169,114.0,11775.862777777767,62.0,False,4
2512,332.289,-4402.0,-2049.0,114.58333333333333,11776.791331224607,62.525,False,4
2513,332.509,-4221.0,-1899.0,119.16666666666667,11784.214722490708,66.65,False,4
2514,332.729,-4127.0,-1746.0,123.75,11791.961803494736,70.775,False,4
2515,332.741,-4122.552590217527,-1735.8343233262447,124.0,11792.3961111111,71.0,False,4
2516,332.909,-4063.0,-1589.0,133.28642917421374,11798.643352501747,74.37688333607773,False,4
2517,332.94,-4055.6815734188267,-1571.4181481458374,135.0,11799.858611111102,75.0,False,4
2518,333.329,-4033.0,-1483.0,153.56590603636363,11816.699264687397,79.42045381818181,False,4
2519,333.38,-4024.3740251592526,-1431.8803175198752,156.0,11818.925277777767,80.0,False,4
2520,333.409,-4020.0,-1404.0,156.0,11820.182114699617,82.8999936,False,4
2521,333.58,-4016.1617722374885,-1315.5058577895502,156.0,11827.591944444435,100.0,False,4
2522,333.629,-4019.0,-1294.0,158.7562464,11829.795518554578,100.0,False,4
2523,333.74,-4029.143305645089,-1232.953494008248,165.0,11834.925277777771,100.0,False,4
2524,333.949,-4054.0,-1108.0,168.77360995555554,11844.941327217724,100.0,False,4
2525,334.389,-4122.0,-964.0,176.7180544,11866.987069182373,100.0,False,4
2526,334.46,-4156.0206706928075,-919.1037198867241,178.0,11870.52527777777,100.0,False,4
2527,334.589,-4220.0,-837.0,178.0,11876.916398302985,100.0,False,4
2528,334.62,-4230.25879123621,-824.0435903879078,178.0,11878.436388888882,100.0,False,4
2529,334.889,-4278.0,-769.0,178.0,11891.472211660637,100.0,False,4
2530,334.98,-4317.89245724098,-722.7733271593921,178.0,11896.236388888881,100.0,False,4
2531,335.089,-4376.0,-655.0,188.5593688,11902.342222740126,100.0,False,4
2532,335.3,-4474.331082565983,-539.9314066159171,209.0,11914.814166666658,100.0,False,4
2533,335.349,-4493.0,-518.0,209.0,11917.666826242204,100.0,False,4
2534,335.549,-4564.0,-434.0,209.0,11929.235074967479,100.0,False,4
2535,335.58,-4580.116516766399,-414.8200499222792,209.0,11931.069722222213,100.0,False,4
2536,335.709,-4654.0,-327.0,214.80499712,11938.86229251891,100.0,False,4
2537,335.78,-4680.567481345487,-295.9225553938757,218.0,11943.180833333323,100.0,False,4
2538,335.948,-4713.0,-259.0,218.7,11953.35185962562,100.0,False,4
2539,336.02,-4726.36338431935,-243.17495397720614,219.0,11957.780833333325,100.0,False,4
2540,336.189,-4764.0,-198.0,225.035712,11968.466071945806,100.0,False,4
2541,336.3,-4799.333120423415,-156.69859280966364,229.0,11975.591944444439,100.0,False,4
2542,336.409,-4836.0,-114.0,230.16785645714285,11982.608576494129,100.0,False,4
2543,336.569,-4888.0,-53.0,231.88214217142857,11992.927164249917,100.0,False,4
2544,336.58,-4892.6323813765675,-47.58206003454373,232.0,11993.636388888883,100.0,False,4
2545,336.869,-5057.0,144.0,232.0,12012.26013748218,100.0,False,4
2546,336.98,-5112.641866201816,209.03353298147223,232.0,12019.414166666664,100.0,False,4
2547,337.141,-5181.520505773987,289.8223908709172,232.0,12029.789722222218,100.0,False,4
2548,337.249,-5232.0,349.0,232.0,12036.732212063498,100.0,False,4
2549,337.341,-5279.283832401949,404.38182308402105,232.0,12042.678611111105,100.0,False,4
2550,337.581,-5414.134303319567,562.1935026748308,237.0,12058.478611111104,100.0,False,4
2551,337.709,-5472.0,630.0,240.2,12067.029725323098,100.0,False,4
2552,337.741,-5484.191189419603,644.3042817233396,241.0,12069.189722222212,100.0,False,4
2553,337.901,-5531.89742126711,700.4060086807117,246.0,12080.123055555547,100.0,False,4
2554,338.029,-5563.0,737.0,246.7111111111111,12088.918211370585,100.0,False,4
2555,338.189,-5608.0,790.0,247.6,12099.945815774341,100.0,False,4
2556,338.261,-5645.788684634071,834.7915574921717,248.0,12104.923055555546,100.0,False,4
2557,338.349,-5705.0,905.0,248.73333333333332,12111.01907704562,100.0,False,4
2558,338.501,-5825.589279817141,1047.6192648688761,250.0,12121.58972222221,100.0,False,4
2559,338.669,-5943.0,1188.0,251.26,12133.351544979572,100.0,False,4
2560,338.901,-5999.465042460238,1264.1423425604569,253.0,12149.700833333323,100.0,False,4
2561,339.049,-6021.0,1316.0,253.925,12160.171901728203,100.0,False,4
2562,339.221,-6066.338446840244,1431.1068049162984,255.0,12172.367499999991,100.0,False,4
2563,339.349,-6100.0,1521.0,255.40125383799295,12181.451042599101,100.0,False,4
2564,339.54,-6135.779347377381,1628.2628442080686,256.0,12195.051944444438,100.0,False,4
2565,339.589,-6147.0,1663.0,256.27222186666665,12198.559062980634,100.0,False,4
2566,339.689,-6175.0,1749.0,256.8277774222222,12205.739556306262,100.0,False,4
2567,339.849,-6222.0,1891.0,257.7166663111111,12217.22083507757,100.0,False,4
2568,339.9,-6233.091859323394,1924.8798090118385,258.0,12220.851944444434,100.0,False,4
2569,340.049,-6256.0,1996.0,254.2750016,12231.370968980815,100.0,False,4
2570,340.06,-6257.588179468696,2000.8882441156732,254.0,12232.140833333326,100.0,False,4
2571,340.229,-6281.0,2072.0,250.982144,12243.845876925885,39.64288,False,4
2572,340.34,-6293.932580533928,2110.728106266316,249.0,12251.50749999999,0.0,False,4
2573,340.549,-6319.0,2186.0,249.0,12266.029782137202,0.0,False,4
2574,340.7,-6345.028399483966,2265.7995111375567,249.0,12276.407499999992,0.0,True,4
2575,340.729,-6350.0,2281.0,247.40500352,12278.37525772039,0.0,True,4
2576,340.9,-6377.416525285617,2364.0442104697145,238.0,12289.629722222215,0.0,True,4
2577,340.989,-6397.0,2423.0,227.51072182857143,12295.00020624262,0.0,True,4
2578,341.18,-6457.881425945795,2606.251476406315,205.0,12305.57416666666,0.0,True,4
2579,341.249,-6476.0,2661.0,198.1000064,12309.226542015616,0.0,True,4
2580,341.34,-6491.976466758634,2709.6432569475405,189.0,12313.974166666658,0.0,True,4
2581,341.509,-6510.0,2765.0,189.0,12322.823365691203,0.0,True,4
2582,341.54,-6514.226377198676,2777.777526348891,189.0,12324.474166666661,0.0,True,4
2583,341.7,-6541.445096152888,2859.2341365463717,189.0,12332.87416666666,0.0,True,4
2584,341.849,-6567.0,2936.0,166.23612088888888,12339.032382986561,0.0,True,4
2585,342.06,-6594.87421891817,3021.6486880308744,134.0,12346.27416666666,0.0,True,4
2586,342.209,-6607.0,3059.0,134.0,12351.890174124279,0.0,True,4
2587,342.26,-6609.469314060304,3066.3961132113855,134.0,12353.718611111106,0.0,True,4
2588,342.449,-6623.0,3107.0,119.30000497777777,12359.606175314288,0.0,True,4
2589,342.608,-6660.0,3221.0,106.93333333333334,12363.990240205503,0.0,True,4
2590,342.62,-6662.269330608504,3227.9904218841243,106.0,12364.318611111108,0.0,True,4
2591,342.86,-6675.622964908602,3268.6169700255346,97.0,12370.785277777775,0.0,True,4
2592,343.089,-6682.0,3287.0,92.229168,12376.645783170714,0.0,True,4
2593,343.1,-6683.2286907831985,3290.707892328798,92.0,12376.91861111111,0.0,False,4
2594,343.329,-6717.0,3392.0,87.229168,12382.45481919723,0.0,False,4
2595,343.34,-6717.962484649746,3394.7029710653906,87.0,12382.71861111111,0.0,False,4
2596,343.5,-6722.015240119188,3403.434998917632,86.0,12386.54083333333,0.0,False,4
2597,343.569,-6723.0,3411.0,85.23545763731104,12388.155432939058,0.0,False,4
2598,343.861,-6735.773474453086,3515.627347523918,82.0,12394.763611111108,0.0,False,4
2599,343.869,-6736.0,3518.0,81.91428571428571,12394.941569494802,0.0,False,4
2600,344.141,-6735.049532370971,3552.2006604147973,79.0,12400.908055555554,0.0,False,4
2601,344.349,-6722.0,3566.0,77.51428571428572,12405.359247423728,6.685714285714286,False,4
2602,344.421,-6714.834515870817,3576.214693006602,77.0,12406.896944444443,9.0,False,4
2603,344.581,-6694.239168355663,3607.671617115703,77.0,12410.319166666666,17.0,False,4
2604,344.709,-6675.0,3630.0,77.0,12413.03113945123,25.32,False,4
2605,344.781,-6663.374051460627,3639.7594157554386,77.0,12414.596944444444,30.0,False,4
2606,344.909,-6642.0,3653.0,79.4888888888889,12417.51512315162,34.97777777777778,False,4
2607,345.129,-6605.0,3668.0,83.76666666666667,12422.718532140812,43.53333333333333,False,4
2608,345.141,-6602.776669828987,3668.6233567229224,84.0,12422.996944444445,44.0,False,4
2609,345.301,-6570.526865032212,3675.090650950332,84.0,12426.730277777779,47.0,False,4
2610,345.369,-6556.0,3676.0,87.74,12428.451817211431,49.72,False,4
2611,345.501,-6526.963558894198,3673.918336508884,95.0,12432.008055555556,55.0,False,4
2612,345.549,-6516.0,3672.0,97.1,12433.332811496663,56.2,False,4
2613,345.661,-6489.0689021288235,3664.7619055447035,102.0,12436.541388888889,59.0,False,4
2614,345.669,-6487.0,3664.0,102.33333333333333,12436.78179251326,59.25,False,4
2615,345.829,-6442.0,3642.0,109.0,12441.922556425043,64.25,False,4
2616,346.049,-6383.0,3605.0,118.16666666666667,12449.660117203513,71.125,False,4
2617,346.141,-6363.58819915379,3592.2497519874537,122.0,12452.808055555555,74.0,False,4
2618,346.289,-6333.0,3572.0,122.0,12457.80798902235,80.51572064776025,False,4
2619,346.3,-6330.278539744411,3570.1995072983605,122.0,12458.196388888888,81.0,False,4
2620,346.529,-6258.0,3521.0,134.59499648,12467.078857481674,91.87749696,False,4
2621,346.7,-6182.769786416633,3464.3617902750457,144.0,12474.196388888888,100.0,False,4
2622,346.849,-6116.0,3411.0,151.4499968,12480.479333820096,100.0,False,4
2623,346.86,-6111.47759197519,3407.259532091007,152.0,12480.951944444443,100.0,False,4
2624,347.06,-6038.800690680652,3343.8811489421,160.0,12489.84083333333,100.0,False,4
2625,347.209,-5990.0,3298.0,164.69673711304347,12496.914900698646,100.0,False,4
2626,347.98,-5744.336209552877,3027.97052912252,189.0,12538.14083333333,100.0,False,4
2627,348.369,-5604.0,2815.0,197.75249856,12559.537604178005,100.0,False,4
2628,348.38,-5599.738840116366,2807.8707955806203,198.0,12560.14083333333,100.0,False,4
2629,348.54,-5538.038406912364,2701.3320067794843,198.0,12568.940833333332,100.0,False,4
2630,348.609,-5519.0,2668.0,200.01249813333334,12572.817491896347,100.0,False,4
2631,348.769,-5494.0,2624.0,204.6791648,12581.975362108684,100.0,False,4
2632,348.78,-5491.87375170255,2620.1788198828394,205.0,12582.607499999996,100.0,False,4
2633,348.989,-5431.0,2510.0,207.6124992,12594.669545598825,100.0,False,4
2634,349.02,-5419.632855240613,2489.6104250792155,208.0,12596.474166666665,100.0,False,4
2635,349.228,-5338.0,2344.0,211.46666666666667,12608.708005675266,100.0,False,4
2636,349.26,-5326.976382716069,2324.2252474796383,212.0,12610.6075,100.0,False,4
2637,349.549,-5246.0,2178.0,215.6124992,12627.937139994045,100.0,False,4
2638,349.58,-5237.620546176193,2163.062299294555,216.0,12629.8075,100.0,False,4
2639,349.78,-5179.526997103342,2060.401216698101,218.0,12641.91861111111,100.0,False,4
2640,349.849,-5153.0,2013.0,218.4928566857143,12646.123644477904,100.0,False,4
2641,350.06,-5054.644694920338,1835.5685884095205,220.0,12659.029722222223,100.0,False,4
2642,350.069,-5051.0,1829.0,220.0,12659.57915994707,100.0,False,4
2643,350.221,-5002.66309550286,1742.287971699269,220.0,12668.868611111111,100.0,False,4
2644,350.381,-4963.707792808418,1672.596321632427,223.0,12678.77972222222,100.0,False,4
2645,350.429,-4949.0,1646.0,223.0,12681.753232959965,100.0,False,4
2646,350.621,-4883.159536637423,1526.8143120062257,223.0,12693.646388888888,100.0,False,4
2647,350.629,-4881.0,1523.0,223.1,12694.144307018318,100.0,False,4
2648,350.749,-4851.0,1471.0,224.6,12701.640273181873,100.0,False,4
2649,350.781,-4838.435845291913,1448.787653423378,225.0,12703.646388888888,100.0,False,4
2650,351.009,-4709.0,1218.0,226.62857142857143,12718.013262131555,100.0,False,4
2651,351.061,-4688.270950609532,1182.3254849737943,227.0,12721.301944444442,100.0,False,4
2652,351.221,-4655.2775881307825,1131.4893958681394,228.0,12731.435277777777,100.0,False,4
2653,351.369,-4631.0,1102.0,228.0,12740.798308618394,100.0,False,4
2654,351.501,-4599.547303190499,1063.8349353629678,228.0,12749.168611111107,100.0,False,4
2655,351.661,-4556.067296069395,1012.3608858908216,229.0,12759.346388888885,86.0,False,4
2656,351.669,-4554.0,1010.0,228.875,12759.852317396484,83.85,False,4
2657,351.829,-4506.0,960.0,226.375,12769.882125827791,40.849999999999994,False,4
2658,351.981,-4415.399242467195,880.88042353494,224.0,12779.257499999998,0.0,False,4
2659,352.009,-4400.0,868.0,223.475,12780.96862481705,0.35,False,4
2660,352.249,-4293.0,794.0,218.975,12795.485656104896,3.3499999999999996,False,4
2661,352.301,-4255.402911310398,774.3554288968551,218.0,12798.635277777774,4.0,False,4
2662,352.461,-4101.835727219371,700.905363664519,218.0,12808.324166666664,1.0,False,4
2663,352.549,-4032.0,670.0,215.43333333333334,12813.53992306232,1.0,False,4
2664,352.701,-3960.3000999124497,643.6935126329141,211.0,12822.39083333333,1.0,False,4
2665,352.861,-3909.6731296249795,635.1929928962486,208.0,12831.63527777777,0.0,False,4
2666,352.889,-3897.0,633.0,207.53138087862604,12833.239351955612,0.0,False,4
2667,353.1,-3764.6413860137523,611.3724646771034,204.0,12845.178611111105,0.0,False,4
2668,353.169,-3709.0,607.0,202.62000128,12849.028618011396,7.58999296,False,4
2669,353.3,-3588.5332551076203,606.0127798607194,200.0,12856.289722222215,22.0,False,4
2670,353.389,-3509.0,610.0,199.4437504,12861.214598340188,35.906240000000004,False,4
2671,353.46,-3452.6835763845356,615.5338299912808,199.0,12865.134166666658,47.0,False,4
2672,353.62,-3348.511448058135,635.5053815068707,198.0,12873.93416666666,51.0,False,4
2673,353.789,-3255.0,662.0,198.5281248,12883.252408325863,53.640624,False,4
2674,353.94,-3178.419598086754,687.90793591169,199.0,12891.62305555555,56.0,False,4
2675,354.18,-3055.6219553759865,743.4707274101024,201.0,12905.023055555552,69.0,False,4
2676,354.229,-3026.0,760.0,201.13611093333333,12907.76349511622,69.0,False,4
2677,354.409,-2915.0,828.0,201.63611093333333,12917.838623671263,69.0,False,4
2678,354.54,-2873.400091349598,855.5746992723515,202.0,12925.223055555552,69.0,False,4
2679,354.689,-2835.0,889.0,203.8624992,12933.695759890501,76.4499968,False,4
2680,354.78,-2792.3853887424657,928.7590792545948,205.0,12938.889722222217,81.0,False,4
2681,355.02,-2640.325081186029,1090.0584650280564,206.0,12952.62305555555,85.0,False,4
2682,355.029,-2635.0,1097.0,206.0562496,12953.140233892036,85.0,False,4
2683,355.249,-2526.0,1265.0,207.4312496,12965.839216869937,85.0,False,4
2684,355.34,-2501.696214077911,1307.813624721528,208.0,12971.11194444444,85.0,False,4
2685,355.5,-2481.5004284857473,1351.862837483264,209.0,12980.400833333331,85.0,False,4
2686,355.569,-2468.0,1381.0,209.24642834285714,12984.413297728142,85.49285668571429,False,4
2687,355.78,-2399.9258686085905,1522.252602324071,210.0,12996.734166666663,87.0,False,4
2688,355.908,-2355.0,1615.0,211.2,13004.280920857565,85.4,False,4
2689,356.1,-2298.702005002148,1732.4417848283053,213.0,13015.667500000001,83.0,False,4
2690,356.229,-2273.0,1786.0,213.64499968,13023.325473657298,83.0,False,4
2691,356.3,-2264.1885610441855,1804.066019804884,214.0,13027.556388888888,83.0,False,4
2692,356.429,-2251.0,1831.0,214.0,13035.25588168483,16.081283199999998,False,4
2693,356.46,-2246.42458370708,1840.5490354313567,214.0,13037.0675,0.0,True,4
2694,356.649,-2212.0,1913.0,206.53430506901356,13047.609806013703,0.0,True,4
2695,356.809,-2190.0,1958.0,200.21413790791024,13056.047134821363,0.0,True,4
2696,356.941,-2168.363810319303,1999.6730461664376,195.0,13063.121666666664,0.0,True,4
2697,357.089,-2144.0,2046.0,195.0,13071.149442162141,0.9249999999999999,True,4
2698,357.101,-2142.3114391202707,2049.263465799263,195.0,13071.788333333332,1.0,True,4
2699,357.261,-2123.5702463462876,2086.080421148486,187.0,13080.099444444446,1.0,True,4
2700,357.389,-2098.0,2124.0,185.93333333333334,13086.715381036052,1.5333333333333334,True,4
2701,357.501,-2059.6367486917475,2172.584726659083,185.0,13092.432777777778,2.0,True,4
2702,357.649,-1994.0,2245.0,180.68333333333334,13099.77964821011,2.0,True,4
2703,357.741,-1950.3528216983,2284.753072355758,178.0,13104.299444444447,2.0,True,4
2704,357.909,-1870.0,2345.0,176.32,13112.533785491962,2.0,True,4
2705,357.941,-1855.6344761931093,2354.319096271951,176.0,13114.077222222224,2.0,False,4
2706,358.089,-1792.0,2390.0,172.97272727272727,13121.06542020917,2.3363636363636364,False,4
2707,358.381,-1672.1274535314599,2440.7003827408926,167.0,13134.488333333336,3.0,False,4
2708,358.409,-1663.0,2444.0,167.0,13135.787850635568,3.0,False,4
2709,358.621,-1605.4233617431473,2460.5039444969584,167.0,13145.621666666671,3.0,False,4
2710,358.689,-1576.0,2465.0,165.64,13148.700438715374,6.06,False,4
2711,358.969,-1398.0,2483.0,160.04,13161.013080793231,18.66,False,4
2712,359.021,-1378.0000170845428,2484.4400884017628,159.0,13163.28833333334,21.0,False,4
2713,359.289,-1328.0,2480.0,158.04285714285714,13175.048614901929,41.1,False,4
2714,359.301,-1324.0434118678863,2479.3950244792113,158.0,13175.577222222228,42.0,False,4
2715,359.541,-1199.5428691962338,2456.3261037739594,159.0,13186.17722222223,42.0,False,4
2716,359.569,-1181.0,2451.0,159.0,13187.413246287886,42.17610055804757,False,4
2717,359.7,-1087.6524556087124,2418.4813846825186,159.0,13193.199722222229,43.0,False,4
2718,359.729,-1068.0,2411.0,159.1812496,13194.485759978483,42.8187504,False,4
2719,359.86,-989.8031987189252,2379.342255097915,160.0,13200.310833333342,42.0,False,4
2720,360.18,-871.6251870712352,2316.72859886795,160.0,13214.533055555565,42.0,False,4
2721,360.42,-831.8634997933344,2273.0845683528737,162.0,13225.333055555564,42.0,False,4
2722,360.62,-788.6584932434179,2215.8294864395075,162.0,13234.333055555564,56.0,False,4
2723,360.769,-749.0,2160.0,165.2593736,13241.248391754672,56.0,False,4
2724,360.94,-695.970612238526,2081.9009019561377,169.0,13249.355277777786,56.0,False,4
2725,361.029,-668.0,2034.0,170.6687488,13253.600211710318,56.0,False,4
2726,361.1,-646.3936465514332,1991.8076864105965,172.0,13256.999722222232,56.0,False,4
2727,361.289,-596.0,1880.0,172.0,13266.07034743752,56.787499733333334,False,4
2728,361.34,-585.8800835629319,1857.3909898879915,172.0,13268.466388888895,57.0,False,4
2729,361.7,-548.3015018046561,1775.8946756540959,160.0,13284.466388888895,0.0,True,4
2730,361.729,-546.0,1771.0,158.84000256,13285.701562127966,0.0,True,4
2731,361.9,-530.1670334750432,1737.074404492569,152.0,13292.91083333334,0.0,True,4
2732,361.949,-521.0,1717.0,152.0,13294.995685656957,0.0,True,4
2733,362.06,-489.14319392840326,1646.7281747926525,152.0,13299.666388888896,0.0,True,4
2734,362.149,-467.0,1598.0,146.66000384,13303.193563088224,0.0,True,4
2735,362.26,-458.6467244491878,1580.3308464259032,140.0,13307.444166666673,0.0,True,4
2736,362.369,-454.0,1571.0,138.9781256,13311.6382444239,0.3406248,True,4
2737,362.58,-408.74339537365034,1472.190234564539,137.0,13319.621944444452,1.0,True,4
2738,362.709,-379.0,1408.0,132.5656272,13324.218648241002,0.5968752,True,4
2739,362.9,-351.45355519637104,1351.700483005326,126.0,13330.821944444453,0.0,True,4
2740,362.929,-348.0,1345.0,126.0,13331.832669628033,0.0,True,4
2741,363.06,-333.241013446752,1317.3657855069778,126.0,13336.421944444455,0.0,True,4
2742,363.22,-312.98478101897126,1287.8793349064842,126.0,13342.021944444457,0.0,False,4
2743,363.349,-278.0,1261.0,123.9906548018751,13346.423311421922,0.0,False,4
2744,363.541,-197.40702270717358,1216.8279610680936,121.0,13352.811111111123,0.0,False,4
2745,363.589,-182.0,1209.0,120.46666666666667,13354.392235719688,1.2,False,4
2746,363.901,-135.55312930621676,1198.0598357499111,117.0,13364.511111111124,9.0,False,4
2747,363.909,-133.0,1198.0,116.9,13364.766549901606,9.0,False,4
2748,364.089,-54.0,1197.0,114.65,13370.467752199997,9.0,False,4
2749,364.141,-34.252387093741056,1198.332649865299,114.0,13372.111111111122,9.0,False,4
2750,364.341,13.69362805416324,1212.2376280598116,114.0,13378.444444444454,42.0,False,4
2751,364.541,39.145430018971545,1226.6026087161586,114.0,13384.777777777786,39.0,False,4
2752,364.549,40.0,1227.0,114.0,13385.029282012054,39.4,False,4
2753,364.701,55.99553878600287,1233.8390039458925,114.0,13389.844444444452,47.0,False,4
2754,364.789,90.0,1259.0,118.95,13392.80759017238,47.0,False,4
2755,364.829,114.0,1278.0,121.2,13394.192932038137,47.0,False,4
2756,364.861,129.3988930820771,1290.8115998767705,123.0,13395.31111111112,47.0,False,4
2757,365.069,160.0,1331.0,127.55,13402.783950274354,50.25,False,4
2758,365.181,188.85140498555756,1367.2239367349878,130.0,13406.866666666674,52.0,False,4
2759,365.249,210.0,1393.0,130.85,13409.345245523737,54.975,False,4
2760,365.341,239.03635170739176,1428.906087744382,132.0,13412.733333333343,59.0,False,4
2761,365.609,310.0,1518.0,138.7,13423.116422294437,61.233333333333334,False,4
2762,365.701,320.05503917608456,1530.1703060888722,141.0,13426.833333333345,62.0,False,4
2763,365.769,329.0,1541.0,143.26666666666668,13429.626109843686,64.83333333333333,False,4
2764,365.941,376.48922574063397,1599.7334763830245,149.0,13436.766666666676,72.0,False,4
2765,366.049,417.0,1650.0,149.0,13441.186169020786,75.15,False,4
2766,366.181,471.57598690456746,1717.830075162319,149.0,13446.70000000001,79.0,False,4
2767,366.249,498.0,1752.0,152.98326253167866,13449.686168572718,80.4225937613138,False,4
2768,366.42,551.8978996809236,1828.8059739668806,163.0,13457.5213888889,84.0,False,4
2769,366.649,595.0,1913.0,169.6791648,13468.323655086935,95.4499968,False,4
2770,366.66,596.198142511695,1916.5707977941763,170.0,13468.854722222231,96.0,False,4
2771,366.969,600.0,2012.0,179.44166471111112,13484.302300300236,99.43333262222222,False,4
2772,367.02,596.191492383943,2031.8119607255821,181.0,13486.95472222223,100.0,False,4
2773,367.189,568.0,2116.0,187.6392832,13495.950352540838,100.0,False,4
2774,367.3,525.0212544620844,2196.9868155377812,192.0,13501.888055555564,100.0,False,4
2775,367.489,438.0,2341.0,192.0,13511.9150784684,100.0,False,4
2776,367.54,421.86225261159115,2367.8469050814188,192.0,13514.688055555564,100.0,False,4
2777,367.74,379.03397384004853,2440.5230787613614,203.0,13525.965833333341,100.0,False,4
2778,367.749,377.0,2444.0,203.1687488,13526.482332072728,100.0,False,4
2779,368.06,293.49042671679257,2586.764960556067,209.0,13544.543611111118,100.0,False,4
2780,368.069,291.0,2591.0,209.0,13545.065212016585,100.0,False,4
2781,368.289,225.0,2703.0,209.0,13557.828324825086,100.0,False,4
2782,368.3,220.72526260452298,2710.2864060003667,209.0,13558.476944444452,100.0,False,4
2783,368.509,129.0,2867.0,215.09583146666665,13571.013197008107,100.0,False,4
2784,368.54,118.03866291215174,2885.6646537605006,216.0,13572.876944444453,100.0,False,4
2785,368.709,83.0,2945.0,216.0,13582.984716987181,100.0,False,4
2786,368.789,83.0,2945.0,216.0,13587.780153626567,100.0,False,4
2787,368.86,68.56651309015204,2969.931025080875,216.0,13592.076944444454,100.0,False,4
2788,369.068,-32.0,3143.0,220.45714285714286,13604.873314214057,100.0,False,4
2789,369.14,-61.80382648431531,3193.8421490181127,222.0,13609.34361111112,100.0,False,4
2790,369.229,-93.0,3247.0,222.8343744,13614.885397334363,100.0,False,4
2791,369.449,-158.0,3359.0,224.8968744,13628.65310836314,100.0,False,4
2792,369.46,-162.3220155545459,3366.3961136126427,225.0,13629.34361111112,100.0,False,4
2793,369.609,-229.0,3480.0,226.8624992,13638.73319366843,100.0,False,4
2794,369.62,-233.38894956392315,3487.465931125338,227.0,13639.432500000012,100.0,False,4
2795,369.901,-311.0989528273114,3619.550352418799,232.0,13657.5413888889,100.0,False,4
2796,369.989,-340.0,3669.0,232.0,13663.196651072163,100.0,False,4
2797,370.101,-386.8008615205774,3749.3341361859957,232.0,13670.430277777787,100.0,False,4
2798,370.209,-441.0,3842.0,235.375,13677.533266043296,100.0,False,4
2799,370.261,-469.7458249056025,3890.839978350661,237.0,13680.963611111123,100.0,False,4
2800,370.429,-558.0,4040.0,237.0,13692.006600542789,100.0,False,4
2801,370.501,-579.8747776962562,4076.843367803368,237.0,13696.763611111119,100.0,False,4
2802,370.769,-624.0,4152.0,240.82857142857142,13714.70062636757,100.0,False,4
2803,370.781,-628.2837483392468,4159.403850716694,241.0,13715.508055555567,100.0,False,4
2804,370.929,-694.0,4273.0,242.23333333333332,13725.48316214522,100.0,False,4
2805,371.021,-727.4815933133871,4330.340236752511,243.0,13731.708055555568,100.0,False,4
2806,371.169,-775.0,4411.0,243.925,13741.770709832339,100.0,False,4
2807,371.341,-843.066671659257,4526.997085748359,245.0,13753.485833333345,100.0,False,4
2808,371.349,-846.0,4532.0,245.0,13754.029630542054,100.0,False,4
2809,371.581,-914.9737082876388,4649.5608027274275,245.0,13769.81916666668,100.0,False,4
2810,371.589,-917.0,4653.0,245.16,13770.368583453235,100.0,False,4
2811,371.781,-964.4117224052593,4733.324623992817,249.0,13783.652500000013,100.0,False,4
2812,371.809,-973.0,4748.0,249.0,13785.592671157561,86.0,False,4
2813,371.909,-1008.0,4808.0,249.0,13792.51691684122,36.0,False,4
2814,371.981,-1033.4091991852074,4851.250422223952,249.0,13797.485833333345,0.0,False,4
2815,372.129,-1084.0,4937.0,247.15,13807.640002119895,0.0,False,4
2816,372.221,-1114.4613784874987,4989.1721139678775,246.0,13813.885833333346,0.0,False,4
2817,372.329,-1150.0,5050.0,244.11,13821.135233400228,0.0,False,4
2818,372.549,-1221.0,5170.0,240.26,13835.689009854888,0.0,False,4
2819,372.621,-1239.914285400311,5202.639180587608,239.0,13840.441388888901,0.0,True,4
2820,372.729,-1266.0,5248.0,239.0,13847.570370854382,0.0,True,4
2821,372.821,-1289.6347075282304,5288.428485117645,239.0,13853.719166666682,0.0,True,4
2822,372.981,-1334.6813570090758,5364.299200997586,239.0,13864.341388888903,0.0,True,4
2823,373.069,-1363.0,5412.0,222.01754658365167,13869.26059287911,0.0,True,4
2824,373.249,-1424.0,5515.0,187.28071005021192,13877.065270462908,0.0,True,4
2825,373.38,-1452.1203905985224,5562.576993765714,162.0,13882.296388888904,0.0,True,4
2826,373.58,-1476.7211085326644,5604.1343873363785,145.0,13890.35194444446,0.0,True,4
2827,373.629,-1485.0,5618.0,145.0,13892.358780069762,0.0,True,4
2828,373.74,-1507.7166417518401,5655.916898426895,145.0,13896.796388888904,0.0,True,4
2829,373.809,-1521.0,5678.0,139.25000533333332,13899.288345186602,0.0,True,4
2830,374.009,-1547.0,5721.0,122.58333866666666,13905.5041630658,0.0,True,4
2831,374.1,-1556.502228568975,5737.0952849605965,115.0,13908.296388888904,0.0,True,4
2832,374.189,-1567.0,5755.0,115.0,13911.097340028822,0.0,True,4
2833,374.38,-1599.5098882736474,5809.9965627860865,115.0,13917.24083333335,0.0,True,4
2834,374.489,-1618.0,5841.0,115.0,13920.72815328714,0.0,True,4
2835,374.62,-1636.1302477251716,5871.026534857185,115.0,13924.907500000018,0.0,True,4
2836,374.729,-1649.0,5893.0,115.0,13928.388298622574,0.0,True,4
2837,374.9,-1666.9869421133872,5926.649816358833,115.0,13933.851944444463,0.0,True,4
2838,375.06,-1689.30647455834,5962.381616818997,115.0,13938.963055555576,0.0,True,4
2839,375.089,-1695.0,5970.0,115.0,13939.889797373367,0.0,True,4
2840,375.22,-1726.9690412193272,6008.713895862797,115.0,13944.074166666689,0.0,True,4
2841,375.329,-1753.0,6037.0,115.0,13947.543614966258,0.0,True,4
2842,375.46,-1775.008771904795,6056.737091335646,115.0,13951.740833333353,0.0,True,4
2843,375.62,-1791.5053187643607,6061.641166598574,115.0,13956.851944444466,0.0,True,4
2844,375.769,-1819.0,6060.0,105.06667093333333,13960.899668381635,17.383325866666667,True,4
2845,375.98,-1882.978542831559,6048.202222075356,91.0,13965.951944444465,42.0,False,4
2846,375.989,-1886.0,6047.0,91.0,13966.173305779355,42.0562496,False,4
2847,376.14,-1937.8380379877203,6016.855842158846,91.0,13969.996388888909,43.0,False,4
2848,376.189,-1954.0,6005.0,92.32432277080386,13971.304549972943,44.93554866502103,False,4
2849,376.529,-2042.0,5923.0,101.51351318267119,13981.186208915204,58.365903882365586,False,4
2850,376.621,-2053.4954639024722,5910.988774680252,104.0,13983.891944444464,62.0,False,4
2851,376.849,-2074.0,5885.0,104.0,13990.49265358332,62.0,False,4
2852,377.021,-2110.4885781996136,5834.956073884295,104.0,13995.447500000018,62.0,False,4
2853,377.221,-2149.322332080694,5780.960624001093,104.0,14001.225277777796,62.0,False,4
2854,377.229,-2150.0,5780.0,104.0,14001.454575748323,62.0,False,4
2855,377.389,-2156.0,5772.0,104.0,14006.046961153867,62.0,False,4
2856,377.421,-2159.0740536888047,5768.491751670994,104.0,14007.003055555573,62.0,False,4
2857,377.589,-2190.0,5735.0,110.06666666666666,14012.32686156752,62.0,False,4
2858,377.769,-2242.0,5689.0,116.56666666666666,14018.307165510012,62.0,False,4
2859,377.781,-2246.5626013872375,5685.674203050675,117.0,14018.703055555574,62.0,True,4
2860,377.989,-2349.0,5634.0,117.0,14025.507633966574,62.0,True,4
2861,378.429,-2622.0,5686.0,117.0,14039.755023188807,62.0,True,4
2862,378.461,-2633.1303754461323,5690.619692089951,117.0,14040.803055555572,62.0,False,4
2863,378.621,-2661.868975800088,5708.535190264128,117.0,14046.003055555573,62.0,False,4
2864,378.849,-2690.0,5745.0,109.4,14052.630907057634,52.025,False,4
2865,378.949,-2719.0,5773.0,106.06666666666666,14055.307554255634,47.65,False,4
2866,379.101,-2753.0590494136973,5810.8122337425975,101.0,14059.46972222224,41.0,False,4
2867,379.129,-2759.0,5818.0,101.0,14060.249121212853,41.525,False,4
2868,379.261,-2788.6652088699516,5855.219916560395,101.0,14063.95861111113,44.0,False,4
2869,379.409,-2824.0,5906.0,101.0,14068.114191129103,44.0,False,4
2870,379.541,-2856.194566959866,5961.840076596001,101.0,14071.814166666683,44.0,False,4
2871,379.669,-2882.0,6011.0,101.0,14075.400604782588,44.0,False,4
2872,379.741,-2891.6445186068026,6030.408696888872,101.0,14077.425277777793,44.0,True,4
2873,379.94,-2906.787095221035,6069.143776399384,101.0,14083.008333333348,44.0,True,4
2874,379.989,-2912.0,6085.0,101.0,14084.334769536408,51.3499904,True,4
2875,380.209,-2943.0,6190.0,101.0,14090.116721878467,84.3499904,True,4
2876,380.34,-2955.9385706742637,6256.955098384929,101.0,14094.23055555557,104.0,True,4
2877,380.489,-2964.0,6329.0,117.93181090909091,14099.864193722906,83.6818269090909,True,4
2878,380.78,-2963.754767910592,6448.005251311237,151.0,14112.686111111127,44.0,False,4
2879,380.809,-2963.0,6459.0,151.9321408,14113.974869984699,47.3142784,False,4
2880,381.06,-2951.8817914526426,6551.603075637124,160.0,14125.130555555572,76.0,False,4
2881,381.169,-2942.0,6597.0,160.0,14129.98044140907,76.0,False,4
2882,381.22,-2935.9991780736777,6620.183904820535,160.0,14132.241666666685,76.0,False,4
2883,381.369,-2913.0,6693.0,160.0,14138.823436450204,76.0,False,4
2884,381.42,-2902.995642333195,6718.4644541205735,160.0,14141.130555555572,76.0,False,4
2885,381.549,-2872.0,6784.0,165.06785462857144,14147.171830233694,76.0,False,4
2886,381.7,-2823.442875630427,6862.5751908921275,171.0,14154.430555555571,76.0,False,4
2887,381.729,-2813.0,6877.0,171.0,14155.821185196173,76.0906248,False,4
2888,381.909,-2749.0,6953.0,171.0,14164.418916975033,76.6531248,False,4
2889,382.02,-2728.163265253816,6974.875437385036,171.0,14169.630555555572,77.0,False,4
2890,382.089,-2713.0,6988.0,171.0,14172.822809018651,77.0,False,4
2891,382.389,-2575.0,7087.0,171.0,14186.993334162666,77.0,False,4
2892,382.42,-2558.4434116880993,7096.205769082984,171.0,14188.630555555572,77.0,True,4
2893,382.569,-2476.0,7134.0,189.1593672,14197.067587358675,87.7093704,True,4
2894,382.74,-2365.9785521212148,7170.139625163976,210.0,14207.29722222224,100.0,False,4
2895,382.809,-2303.0,7184.0,210.73928502857143,14211.381067817982,100.0,False,4
2896,382.909,-2195.0,7203.0,211.8107136,14217.260365169886,100.0,False,4
2897,383.02,-2123.411538434319,7214.982079941703,213.0,14223.863888888905,100.0,False,4
2898,383.289,-2055.0,7211.0,219.70637078450895,14240.374466678497,100.0,False,4
2899,383.381,-1982.0947230408688,7205.3892116239695,222.0,14246.12555555557,100.0,False,4
2900,383.509,-1876.0,7197.0,225.2,14254.185158211467,100.0,False,4
2901,383.581,-1843.8957343279528,7193.584812321764,227.0,14258.736666666684,100.0,False,4
2902,383.781,-1818.408536414504,7187.259541501939,229.0,14271.458888888907,100.0,False,4
2903,383.789,-1817.0,7187.0,229.2,14271.974122778784,100.0,False,4
2904,383.869,-1797.0,7183.0,231.2,14277.160237076632,100.0,False,4
2905,384.061,-1651.8372407628344,7133.508861711043,236.0,14289.81444444446,100.0,False,4
2906,384.249,-1480.0,7065.0,239.35714285714286,14302.38946003507,100.0,False,4
2907,384.341,-1424.3644777145767,7037.935460559635,241.0,14308.558888888909,100.0,False,4
2908,384.629,-1313.0,6956.0,241.9,14327.89094524471,100.0,False,4
2909,384.661,-1297.176785149796,6943.198098393146,242.0,14330.07000000002,100.0,False,4
2910,384.809,-1214.0,6871.0,246.31666666666666,14340.26413492433,100.0,False,4
2911,384.901,-1159.660750271064,6812.941141997135,249.0,14346.670000000022,100.0,False,4
2912,385.049,-1083.0,6720.0,251.05555555555554,14357.054676051526,100.0,False,4
2913,385.261,-1035.025760236469,6652.486953826248,254.0,14372.070000000023,100.0,False,4
2914,385.389,-1000.0,6596.0,255.92,14381.192730969016,100.0,False,4
2915,385.461,-968.635724281794,6546.554079110529,257.0,14386.3477777778,100.0,False,4
2916,385.661,-860.6612557677047,6378.142970087068,259.0,14400.736666666688,100.0,False,4
2917,385.689,-849.0,6360.0,259.0,14402.747166068815,100.0,False,4
2918,385.861,-802.607401687621,6288.006779943766,259.0,14415.125555555574,100.0,False,4
2919,385.989,-773.0,6242.0,262.2,14424.540325303567,100.0,False,4
2920,386.141,-722.8496368324796,6163.699252469093,266.0,14435.814444444464,100.0,False,4
2921,386.381,-610.6158515173996,5987.890500250841,266.0,14453.547777777794,100.0,False,4
2922,386.58,-514.5257592361785,5837.199323418285,275.0,14468.749166666685,100.0,False,4
2923,386.749,-450.0,5736.0,278.37999872,14481.84383572696,100.0,False,4
2924,386.78,-439.8664500152881,5720.105955899334,279.0,14484.249166666685,100.0,False,4
2925,386.94,-394.0067952119577,5648.170946567359,279.0,14496.649166666686,100.0,False,4
2926,387.049,-348.0,5576.0,279.0,14505.065028847775,100.0,False,4
2927,387.3,-181.93591130142545,5315.5394273273205,279.0,14524.549166666688,100.0,False,4
2928,387.329,-165.0,5289.0,279.7249984,14526.840338376509,100.0,False,4
2929,387.669,-36.0,5087.0,288.2249984,14554.170982865957,100.0,False,4
2930,387.7,-25.96567565309514,5071.197085826384,289.0,14556.660277777797,100.0,False,4
2931,387.9,39.71295442801437,4967.297590388706,289.0,14572.715833333352,100.0,False,4
2932,388.009,76.0,4910.0,292.81499776,14581.63981790258,100.0,False,4
2933,388.1,106.50671156762118,4862.00864216709,296.0,14589.1602777778,100.0,False,4
2934,388.3,184.87088876379804,4739.536337482082,299.0,14605.77138888891,100.0,False,4
2935,388.329,200.0,4716.0,299.14499968,14608.18567618681,100.0,False,4
2936,388.5,306.29750385193495,4550.980209249608,300.0,14622.438055555574,100.0,False,4
2937,388.569,341.0,4497.0,300.0,14628.191149675438,100.0,False,4
2938,388.66,370.703984009371,4450.518102178962,300.0,14635.77138888891,100.0,False,4
2939,388.869,421.0,4371.0,300.0,14653.162861559626,100.0,False,4
2940,388.9,436.022077481246,4347.469520185589,300.0,14655.771388888907,100.0,False,4
2941,389.06,544.1958332518765,4178.520136071516,306.0,14669.371388888909,100.0,False,4
2942,389.149,599.0,4093.0,306.0,14676.938009847481,100.0,False,4
2943,389.38,679.4099951516408,3967.5602516065624,306.0,14696.57138888891,100.0,False,4
2944,389.569,734.0,3882.0,307.5706368657085,14712.762335630034,100.0,False,4
2945,389.741,807.9953720297815,3765.768866151227,309.0,14727.557222222242,100.0,False,4
2946,389.769,820.0,3747.0,309.1,14729.967136841862,100.0,False,4
2947,389.869,863.0,3680.0,309.45714285714286,14738.577276961698,100.0,False,4
2948,390.021,956.759377297823,3533.368612068247,310.0,14751.668333333355,100.0,False,4
2949,390.229,1089.0,3326.0,310.0,14769.578099813558,100.0,False,4
2950,390.381,1133.063120272772,3256.7232850386918,310.0,14782.668333333351,100.0,False,4
2951,390.509,1175.0,3191.0,310.0,14793.696023158349,100.0,False,4
2952,390.661,1270.9539339566825,3041.1146061720883,310.0,14806.779444444464,100.0,False,4
2953,390.789,1353.0,2913.0,309.46666666666664,14817.770274928438,100.0,False,4
2954,390.901,1401.4820109674672,2837.2337380003855,309.0,14827.379444444467,100.0,False,4
2955,391.141,1454.538139996872,2754.1252403497683,309.0,14847.979444444469,100.0,False,4
2956,391.249,1493.0,2694.0,309.0,14857.251802058106,100.0,False,4
2957,391.381,1560.2600244783537,2588.9572660012745,309.0,14868.579444444464,100.0,False,4
2958,391.649,1714.0,2349.0,308.44166666666666,14891.53250632113,100.0,False,4
2959,391.861,1774.745436532264,2254.2415869733254,308.0,14909.646111111133,100.0,False,4
2960,392.069,1854.0,2130.0,307.1333333333333,14927.384470192343,100.0,False,4
2961,392.101,1874.4728854974364,2097.8557500291504,307.0,14930.1127777778,100.0,False,4
2962,392.309,2031.0,1852.0,307.0,14947.849433674352,100.0,False,4
2963,392.381,2070.0576863140836,1790.6869528726543,307.0,14953.990555555576,100.0,False,4
2964,392.541,2119.958298743682,1712.4905416818112,307.0,14967.635000000022,100.0,False,4
2965,392.709,2166.0,1641.0,306.3,14981.923443306741,100.0,False,4
2966,392.781,2190.9188684624105,1602.4848596963636,306.0,14988.035000000024,100.0,False,4
2967,392.889,2242.0,1523.0,305.55,14997.189980317637,100.0,False,4
2968,392.989,2312.0,1413.0,305.1333333333333,15005.658470527886,100.0,False,4
2969,393.021,2335.0416470995765,1376.8464837430927,305.0,15008.36833333336,100.0,False,4
2970,393.221,2469.213371266333,1167.251830722254,305.0,15025.312777777805,100.0,False,4
2971,393.269,2495.0,1127.0,305.1720429712876,15029.387050305011,100.0,False,4
2972,393.5,2578.604511229262,996.22019889464,306.0,15049.027777777805,100.0,False,4
2973,393.629,2624.0,925.0,306.0,15059.993749680712,100.0,False,4
2974,393.74,2673.2527526486638,847.6889611498061,306.0,15069.427777777806,100.0,False,4
2975,393.849,2726.0,765.0,306.0,15078.691737306837,100.0,False,4
2976,393.98,2788.968553378649,666.603480458541,306.0,15089.827777777808,100.0,False,4
2977,394.109,2861.0,554.0,306.0,15100.799113027357,100.0,False,4
2978,394.22,2939.1392470554247,431.5222562370593,306.0,15110.227777777809,100.0,False,4
2979,394.369,3044.0,267.0,305.0687504,15122.851716155792,100.0,False,4
2980,394.38,3050.395954949542,256.967991237065,305.0,15123.78333333336,100.0,False,4
2981,394.74,3180.130665013363,53.83949031238979,305.0,15154.28333333336,100.0,False,4
2982,394.769,3189.0,40.0,305.0,15156.741277516792,100.0,False,4
2983,394.98,3257.6997677849204,-67.00889274452608,305.0,15174.616666666696,100.0,False,4
2984,395.149,3324.0,-170.0,304.2958336,15188.890142322356,100.0,False,4
2985,395.22,3356.1683971606426,-219.9021523594437,304.0,15194.883333333362,100.0,False,4
2986,395.329,3416.0,-313.0,304.0,15204.086877066902,100.0,False,4
2987,395.46,3516.837860361021,-470.9994794427136,304.0,15215.150000000025,100.0,False,4
2988,395.589,3604.0,-608.0,304.0,15226.043351272858,100.0,False,4
2989,395.62,3616.842874409845,-628.2284860611309,304.0,15228.66111111114,100.0,False,4
2990,395.82,3640.4227967540824,-665.7987106017774,304.0,15245.550000000027,100.0,False,4
2991,395.889,3652.0,-684.0,304.0,15251.37666497985,100.0,False,4
2992,395.98,3679.4309815555243,-726.8954478739107,304.0,15259.061111111141,100.0,False,4
2993,396.229,3830.0,-962.0,304.0,15280.087750460722,103.10280355943748,False,4
2994,396.301,3896.3768228182744,-1065.7855424928568,304.0,15286.167777777804,104.0,True,4
2995,396.389,3970.0,-1181.0,304.0,15293.59895366046,104.0,True,4
2996,396.461,4003.0670439549167,-1232.8904607254362,304.0,15299.678888888919,104.0,True,4
2997,396.689,4029.0,-1274.0,304.0,15318.931507237694,100.74285714285715,True,4
2998,396.741,4049.2895506641325,-1305.5968088798672,304.0,15323.323333333361,100.0,False,4
2999,396.941,4182.597543170695,-1512.729621703043,304.0,15340.212222222248,100.0,False,4
3000,397.029,4240.0,-1602.0,303.78,15347.629858231188,100.0,False,4
3001,397.341,4389.626855333428,-1835.4825085368059,303.0,15373.878888888916,100.0,False,4
3002,397.429,4429.0,-1897.0,303.0,15381.285177563352,100.0,False,4
3003,397.501,4462.529688683641,-1949.3700203236451,303.0,15387.34555555558,100.0,False,4
3004,397.701,4560.51442393894,-2102.39682665294,303.0,15404.178888888915,100.0,True,4
3005,397.809,4612.0,-2183.0,303.0,15413.268828219041,100.0,True,4
3006,397.941,4672.115481392857,-2277.378980219337,303.0,15424.378888888912,100.0,True,4
3007,398.101,4739.620125388223,-2383.6534508383475,303.0,15437.84555555558,100.0,True,4
3008,398.249,4789.0,-2461.0,303.0,15450.300968422527,100.0,True,4
3009,398.301,4802.986065664576,-2482.7560877523456,303.0,15454.678888888911,100.0,True,4
3010,398.461,4838.3594666114695,-2537.3611499397844,303.0,15468.145555555579,0.0,False,4
3011,398.549,4865.0,-2579.0,302.37142857142857,15475.520720035403,0.0,False,4
3012,398.741,4946.260972355414,-2707.2873912449063,301.0,15491.556666666687,0.0,False,4
3013,398.809,4967.0,-2740.0,301.0,15497.238852372151,0.0,False,4
3014,398.989,4994.0,-2782.0,301.0,15512.2904295003,0.0,False,4
3015,399.101,5030.148247750251,-2838.2861245154377,301.0,15521.65666666669,0.0,False,4
3016,399.169,5053.0,-2874.0,301.0,15527.342680161984,0.0,False,4
3017,399.389,5107.0,-2959.0,301.0,15545.736621690803,0.0,False,4
3018,399.421,5116.449597590146,-2973.7695359012914,301.0,15548.412222222245,0.0,True,4
3019,399.621,5188.981196683513,-3086.463737331037,301.0,15565.134444444468,104.0,True,4
3020,399.709,5215.0,-3127.0,301.0,15572.489724855566,104.0,True,4
3021,399.861,5242.471530272564,-3170.3091687046863,301.0,15585.201111111133,104.0,True,4
3022,400.009,5258.0,-3195.0,301.0,15597.606390649302,104.0,True,4
3023,400.14,5270.562790913899,-3214.5188819195655,301.0,15608.528611111133,104.0,True,4
3024,400.269,5285.0,-3237.0,301.0,15619.163306507655,56.085738057142855,True,4
3025,400.42,5308.409966529338,-3274.121060423679,301.0,15631.939722222245,0.0,True,4
3026,400.549,5333.0,-3313.0,301.0,15643.607150121456,0.0,True,4
3027,400.709,5365.0,-3363.0,301.0,15656.792877984337,0.0,True,4
3028,400.74,5369.403450585744,-3369.8387023012347,301.0,15658.6952777778,0.0,True,4
3029,401.1,5386.257405426846,-3395.8044953420294,105.0,15669.1952777778,0.0,True,4
3030,401.109,5387.0,-3397.0,105.0,15669.427649374613,0.0,True,4
3031,401.3,5406.8705071359,-3429.173425734816,105.0,15675.028611111133,0.0,True,4
3032,401.329,5408.0,-3431.0,105.0,15675.893378999232,0.0,True,4
3033,401.489,5408.0,-3431.0,105.0,15680.567648594066,0.0,True,4
3034,401.62,5435.150241454513,-3475.4463006757383,105.0,15684.361944444465,0.0,True,4
3035,401.709,5453.0,-3508.0,105.0,15686.950941969395,0.0,True,4
3036,401.909,5459.0,-3537.0,105.0,15692.79046546285,0.0,True,4
3037,401.94,5459.110553798272,-3539.20441274155,105.0,15693.695277777797,0.0,True,4
3038,402.14,5455.846937793978,-3555.4033599760146,105.0,15699.528611111129,0.0,True,4
3039,402.149,5455.0,-3557.0,105.0,15699.791080252771,0.0,True,4
3040,402.369,5418.0,-3613.0,105.0,15706.207744305395,0.0,True,4
3041,402.42,5409.707520335732,-3621.9764229486304,105.0,15707.695277777797,0.0,True,4
3042,402.58,5388.57054892657,-3633.156129565093,105.0,15712.361944444461,0.0,True,4
3043,402.729,5374.0,-3636.0,105.0,15716.707771820542,48.27413219172729,True,4
3044,402.901,5362.069863474397,-3640.0174583472367,105.0,15721.72444444446,104.0,True,4
3045,403.029,5345.0,-3639.0,105.0,15725.457778323189,104.0,True,4
3046,403.141,5317.956454393574,-3632.8207002791314,105.0,15728.72444444446,104.0,True,4
3047,403.341,5260.733813390064,-3614.6991201495343,105.0,15734.557777777793,104.0,True,4
3048,403.349,5259.0,-3614.0,105.0,15734.791111114993,104.0,True,4
3049,403.509,5232.0,-3601.0,105.0,15739.457777786416,104.0,True,4
3050,403.581,5220.73346202692,-3596.117543343923,105.0,15741.557777777793,104.0,True,4
3051,403.669,5204.0,-3589.0,105.0,15744.12444444182,104.0,True,4
3052,403.781,5172.774169609584,-3574.217094969969,105.0,15747.391111111125,104.0,True,4
3053,403.909,5133.0,-3554.0,105.0,15751.12444444472,104.0,True,4
3054,403.981,5113.774842954114,-3543.4836696687294,105.0,15753.224444444457,104.0,True,4
3055,404.249,5055.0,-3508.0,105.0,15761.041111111115,104.0,True,4
3056,404.261,5052.369820814946,-3506.4283005397706,105.0,15761.391111111125,104.0,True,4
3057,404.449,5004.0,-3476.0,105.0,15766.874444444476,104.0,True,4
3058,404.581,4947.4810970514545,-3434.2850256586294,105.0,15770.724444444457,104.0,True,4
3059,404.649,4916.0,-3411.0,105.0,15772.70777777779,104.0,True,4
3060,404.861,4824.1735120584135,-3346.5329993422865,105.0,15778.891111111121,104.0,True,4
3061,404.989,4776.0,-3314.0,105.0,15782.624444444458,104.0,True,4
3062,405.141,4727.717221612709,-3281.913927273937,105.0,15787.057777777789,104.0,True,4
3063,405.329,4667.0,-3226.0,105.0,15792.541111111137,104.0,True,4
3064,405.501,4595.876771014899,-3133.000640438675,105.0,15797.557777777789,104.0,True,4
3065,405.549,4577.0,-3107.0,105.0,15798.957777777772,104.0,True,4
3066,405.741,4513.733752171849,-3018.617454147412,105.0,15804.557777777789,104.0,True,4
3067,405.829,4490.0,-2985.0,105.0,15807.124444444611,104.0,True,4
3068,405.901,4472.663283399255,-2960.2848305203806,105.0,15809.224444444457,104.0,True,4
3069,406.009,4450.0,-2928.0,105.0,15812.374444443265,104.0,True,4
3070,406.101,4433.449912823805,-2904.8634679896645,105.0,15815.057777777789,104.0,True,4
3071,406.169,4415.0,-2879.0,105.0,15817.04111111491,104.0,True,4
3072,406.329,4340.0,-2773.0,105.0,15821.707777780468,104.0,True,4
3073,406.341,4334.453205616649,-2765.1511493061826,105.0,15822.057777777789,104.0,True,4
3074,406.541,4257.593032512803,-2656.3987211853623,105.0,15827.891111111121,104.0,True,4
3075,406.609,4236.0,-2626.0,105.0,15829.874444574265,102.64,True,4
3076,406.729,4201.0,-2577.0,105.0,15833.374444526899,100.24,True,4
3077,406.741,4197.425177741812,-2572.001090857689,105.0,15833.724444444453,100.0,True,4
3078,406.9,4147.16824203105,-2501.688085824826,105.0,15838.361944444454,100.0,True,4
3079,406.949,4131.0,-2479.0,105.0,15839.79110900071,100.0,True,4
3080,407.1,4079.765410747596,-2406.8280135350146,105.0,15844.19527777779,100.0,True,4
3081,407.269,4027.0,-2332.0,105.0,15849.124442643237,100.0,True,4
3082,407.42,3988.200216751802,-2276.527446879186,105.0,15853.528611111122,100.0,True,4
3083,407.489,3958.0,-2234.0,105.0,15855.54110923705,100.0,True,4
3084,407.549,3923.0,-2185.0,105.0,15857.29110924062,100.0,True,4
3085,407.62,3889.250555503617,-2137.6667735349793,105.0,15859.361944444454,100.0,True,4
3086,407.769,3842.0,-2071.0,105.0,15863.707775911525,102.97999872,True,4
3087,407.82,3826.819352683898,-2049.5312037232466,105.0,15865.195277777786,104.0,True,4
3088,407.98,3776.333313135181,-1977.7703819436138,105.0,15869.861944444454,104.0,True,4
3089,407.989,3773.0,-1973.0,105.0,15870.12444257779,104.0,True,4
3090,408.14,3707.924998016177,-1879.382629472219,105.0,15874.528611111118,104.0,True,4
3091,408.329,3619.0,-1751.0,105.0,15880.04110924592,104.0,True,4
3092,408.409,3585.0,-1702.0,105.0,15882.37444257938,104.0,True,4
3093,408.5,3543.701649929081,-1642.4944435378957,105.0,15885.028611111118,104.0,True,4
3094,408.74,3434.2887933111774,-1484.7503496113707,105.0,15892.028611111118,104.0,True,4
3095,408.749,3431.0,-1480.0,105.0,15892.291109245742,104.0,True,4
3096,408.98,3369.7482521128163,-1391.230861904555,105.0,15899.028611111118,104.0,True,4
3097,409.129,3340.0,-1348.0,105.0,15903.374442439368,104.0,True,4
3098,409.18,3329.7327140633115,-1333.0981267272539,105.0,15904.86194444445,104.0,True,4
3099,409.34,3295.9145631235956,-1284.0408180111294,105.0,15909.528611111115,104.0,True,4
3100,409.369,3289.0,-1274.0,105.0,15910.374441769285,104.0,True,4
3101,409.569,3238.0,-1200.0,105.0,15916.207775633482,104.0,True,4
3102,409.581,3235.367075488082,-1196.2064130253445,105.0,15916.557777777782,104.0,True,4
3103,409.789,3198.0,-1143.0,105.0,15922.624515656988,104.0,True,4
3104,409.901,3177.0681541707427,-1113.4003292550435,105.0,15925.891111111114,104.0,True,4
3105,410.189,3123.0,-1036.0,105.0,15934.290435490237,104.0,True,4
3106,410.341,3102.316710056472,-1004.5145091373689,105.0,15938.724444444446,104.0,True,4
3107,410.509,3077.0,-971.0,105.0,15943.626706842844,104.0,True,4
3108,410.661,3042.4710075645035,-935.4267680917184,105.0,15948.057777777778,104.0,True,4
3109,410.749,3017.0,-920.0,105.0,15950.61901601199,104.0,True,4
3110,410.941,2946.7467237673354,-912.3191643025018,105.0,15956.224444444442,104.0,True,4
3111,411.101,2881.3890643943587,-924.4475721538271,105.0,15960.89111111111,104.0,True,4
3112,411.189,2850.0,-931.0,105.0,15963.288206810177,96.3,True,4
3113,411.261,2826.8357336887043,-936.1852260802797,105.0,15965.557777777778,90.0,True,4
3114,411.529,2734.0,-959.0,167.21428571428572,15978.17967497944,99.57142857142857,True,4
3115,411.541,2727.888066259406,-960.4675661834234,170.0,15978.78,100.0,False,4
3116,411.821,2553.2211253519404,-1001.6503555532169,178.0,15992.624444444447,100.0,False,4
3117,411.849,2539.0,-1005.0,179.3125,15994.069386762045,100.0,False,4
3118,412.109,2442.0,-1028.0,191.5,16008.061250773537,100.0,False,4
3119,412.141,2428.166983357825,-1031.2776165010066,193.0,16009.780000000004,100.0,False,4
3120,412.301,2344.460074881065,-1051.0683574685902,193.0,16018.357777777781,100.0,False,4
3121,412.489,2237.0,-1076.0,201.72857142857143,16029.049310761513,100.0,False,4
3122,412.581,2187.8269650078646,-1087.078542958412,206.0,16034.380000000006,100.0,False,4
3123,412.821,2065.161690631687,-1114.0797320835222,209.0,16048.31333333334,100.0,False,4
3124,412.829,2061.0,-1115.0,209.225,16048.785367118397,100.0,False,4
3125,413.049,1925.0,-1145.0,215.4125,16062.025759995768,100.0,False,4
3126,413.141,1829.891230818204,-1165.5842084142596,218.0,16067.691111111117,100.0,False,4
3127,413.289,1661.0,-1202.0,223.55,16076.950953173602,100.0,False,4
3128,413.381,1582.238736656645,-1219.0955755123252,227.0,16082.824444444448,100.0,False,4
3129,413.62,1473.6749608616117,-1243.0541489033549,236.0,16098.492222222229,100.0,False,4
3130,413.709,1465.0,-1245.0,236.44499968,16104.37540076503,100.0,False,4
3131,413.769,1465.0,-1245.0,236.74499968,16108.347558173095,100.0,False,4
3132,414.02,1279.1230384936139,-1285.2228885229797,238.0,16124.93666666667,100.0,False,4
3133,414.089,1211.0,-1300.0,238.0,16129.469098536547,100.0,False,4
3134,414.22,1087.6082315676817,-1326.8306137186837,238.0,16138.158888888896,100.0,False,4
3135,414.42,920.1458974216675,-1363.3763814310055,249.0,16151.992222222229,100.0,False,4
3136,414.449,899.0,-1368.0,249.0,16154.00664249922,100.0,False,4
3137,414.62,790.9264358430846,-1391.680700527576,249.0,16165.82555555556,100.0,False,4
3138,414.829,694.0,-1413.0,249.0,16180.102228773032,100.0,False,4
3139,414.94,656.4318133507091,-1421.282995286364,249.0,16187.958888888892,100.0,False,4
3140,415.089,557.0,-1443.0,260.1749952,16199.05592417563,100.0,False,4
3141,415.26,293.5744214027476,-1500.263247995012,273.0,16212.225555555558,100.0,False,5
3142,415.289,258.0,-1508.0,273.6214272,16214.463833262367,100.0,False,5
3143,415.54,165.16860238825626,-1528.3324346198533,279.0,16233.92555555556,100.0,False,5
3144,415.629,121.0,-1538.0,280.1124992,16240.89466219926,100.0,False,5
3145,415.86,-139.93911434299096,-1594.8696938228882,283.0,16259.081111111112,100.0,False,5
3146,415.909,-191.0,-1606.0,283.0,16262.93012210199,100.0,False,5
3147,416.061,-303.5669251042579,-1630.5688885903096,283.0,16274.881944444443,100.0,False,5
3148,416.261,-383.48398364485075,-1648.0891733069705,286.0,16290.770833333338,100.0,False,5
3149,416.329,-415.0,-1655.0,286.0,16296.175056508097,100.0,False,5
3150,416.461,-485.54445371882565,-1670.4657701973879,286.0,16306.659722222224,100.0,False,5
3151,416.741,-676.1121156513004,-1712.2326074439454,286.0,16328.904166666665,100.0,False,5
3152,417.061,-942.417553070076,-1770.5476224674665,286.0,16354.326388888889,104.0,True,5
3153,417.261,-1106.7734090084418,-1806.4584506596393,295.0,16370.715277777783,100.0,False,5
3154,417.349,-1178.0,-1822.0,295.0,16377.927815483547,100.0,False,5
3155,417.421,-1235.7808537106737,-1834.597988067479,295.0,16383.826388888892,100.0,False,5
3156,417.549,-1334.0,-1856.0,295.35555555555555,16394.3315445774,100.0,False,5
3157,417.781,-1485.0162845596196,-1888.9129701522445,296.0,16413.426388888896,100.0,False,5
3158,417.789,-1490.0,-1890.0,296.04,16414.085841989276,100.0,False,5
3159,417.981,-1636.1171024259522,-1921.850321900277,297.0,16429.926388888896,100.0,False,5
3160,417.989,-1646.0,-1924.0,297.0,16430.586472745847,100.0,False,5
3161,418.141,-1893.6270811377651,-1977.8065143182607,297.0,16443.126388888893,100.0,False,5
3162,418.189,-1959.0,-1992.0,297.0,16447.08627535626,100.0,False,5
3163,418.509,-2116.0,-2026.0,297.0,16473.486345467834,100.0,False,5
3164,418.581,-2174.567366196037,-2038.7292478988645,297.0,16479.426388888896,100.0,False,5
3165,418.829,-2438.0,-2096.0,297.0,16499.886422811163,100.0,False,5
3166,418.981,-2514.3614630412176,-2112.4818664318345,297.0,16512.42638888889,100.0,False,5
3167,419.149,-2594.0,-2130.0,297.0,16526.2863242948,100.0,False,5
3168,419.329,-2760.0,-2167.0,297.0,16541.13633334526,100.0,False,5
3169,419.381,-2799.9253782117003,-2175.790569074862,297.0,16545.42638888889,100.0,True,5
3170,419.549,-2907.0,-2199.0,297.0,16559.286531143844,100.0,True,5
3171,419.581,-2930.692295497058,-2204.152232956583,297.0,16561.92638888889,100.0,True,5
3172,419.789,-3141.0,-2250.0,297.0,16579.0845976551,100.0,True,5
3173,419.861,-3253.4806616432456,-2274.4492319157052,297.0,16585.026388888888,100.0,True,5
3174,419.989,-3454.0,-2318.0,297.0,16595.594609210377,100.0,True,5
3175,420.101,-3544.0637383344915,-2337.590767478663,297.0,16604.82638888889,100.0,True,5
3176,420.369,-3601.0,-2350.0,295.0788534872881,16626.790917621816,100.0,True,5
3177,420.38,-3607.1520666298075,-2351.329795460977,295.0,16627.688888888886,100.0,True,5
3178,420.569,-3767.0,-2386.0,294.05500032,16643.117931423243,5.5000320000000045,True,5
3179,420.58,-3778.516293025457,-2388.5224242224494,294.0,16644.022222222222,0.0,False,5
3180,420.809,-4021.0,-2442.0,294.0,16662.763249794625,0.0,False,5
3181,420.82,-4028.6459882253953,-2443.6764247139845,294.0,16663.62222222222,0.0,True,5
3182,420.989,-4109.0,-2461.0,277.1000064,16676.12848772866,0.0,True,5
3183,421.18,-4265.020746266896,-2494.529472730846,258.0,16689.422222222223,0.0,True,5
3184,421.269,-4343.0,-2512.0,255.52777955555555,16695.603785664665,0.24722204444444446,True,5
3185,421.449,-4490.0,-2544.0,250.52777955555555,16708.044461897087,0.7472220444444445,True,5
3186,421.54,-4582.833520044339,-2557.0650442963993,248.0,16714.22222222222,1.0,True,5
3187,421.71,-4757.0,-2572.0,240.916672,16725.525165942752,1.0,True,5
3188,421.78,-4804.3006195398775,-2572.7172633694804,238.0,16730.088888888888,1.0,True,5
3189,422.009,-4887.0,-2560.0,232.795456,16744.64991560181,1.0,True,5
3190,422.22,-4957.269621373208,-2545.017108626665,228.0,16757.955555555556,1.0,True,5
3191,422.289,-4993.0,-2535.0,228.0,16762.358660304206,1.68999936,True,5
3192,422.389,-5060.0,-2513.0,228.0,16768.706195155006,2.68999936,True,5
3193,422.42,-5082.629564859423,-2503.614987469269,228.0,16770.62222222222,3.0,True,5
3194,422.749,-5311.0,-2370.0,209.34920727063326,16789.428717534705,3.7460317091746695,True,5
3195,422.861,-5339.328729610885,-2351.6353226985807,203.0,16795.48972222222,4.0,True,5
3196,423.089,-5364.0,-2325.0,193.7375,16807.574453826142,3.2875,True,5
3197,423.181,-5398.829840207398,-2289.261205433265,190.0,16812.378611111104,3.0,True,5
3198,423.369,-5492.0,-2185.0,186.64285714285714,16822.0892797572,3.0,True,5
3199,423.461,-5526.9930673740655,-2132.371169454279,185.0,16826.767499999994,3.0,True,5
3200,423.529,-5546.0,-2101.0,182.96,16830.18830145664,2.66,True,5
3201,423.661,-5566.300427336557,-2066.4063092797946,179.0,16836.71194444444,2.0,True,5
3202,423.689,-5571.0,-2057.0,177.775,16838.069029462582,1.65,True,5
3203,423.821,-5600.829041112675,-1990.5868162019333,172.0,16844.35638888889,0.0,True,5
3204,423.849,-5607.0,-1975.0,171.41666666666666,16845.67399100554,0.0,True,5
3205,424.061,-5641.201341602879,-1859.3660866244381,167.0,16855.48972222222,0.0,True,5
3206,424.229,-5656.0,-1782.0,164.2,16863.08927608189,0.0,True,5
3207,424.301,-5659.773681403377,-1755.228135524875,163.0,16866.35638888889,0.0,True,5
3208,424.489,-5664.0,-1692.0,163.0,16875.001917603688,0.0,True,5
3209,424.621,-5664.269797594634,-1636.0254738086885,163.0,16880.84527777778,0.0,True,5
3210,424.669,-5663.0,-1612.0,159.9142857142857,16882.872902801668,0.0,True,5
3211,424.901,-5647.441770921094,-1485.8335648142315,145.0,16892.123055555552,0.0,True,5
3212,424.909,-5647.0,-1483.0,144.8,16892.435455551837,0.03333333333333333,True,5
3213,425.089,-5638.0,-1444.0,140.3,16899.3984172145,0.7833333333333333,True,5
3214,425.141,-5632.500867371469,-1427.158596026121,139.0,16901.389722222222,1.0,True,5
3215,425.449,-5581.0,-1285.0,135.57777777777778,16912.984923938915,2.7111111111111112,True,5
3216,425.501,-5574.898411480351,-1271.3559525227356,135.0,16914.889722222222,3.0,True,5
3217,425.589,-5562.0,-1250.0,132.36,16918.071877255126,3.0,True,5
3218,425.701,-5526.801010853704,-1204.2896415604728,129.0,16922.056388888886,3.0,True,5
3219,425.869,-5461.0,-1127.0,125.64,16927.9106663754,3.0,True,5
3220,425.901,-5451.7032051809165,-1116.874012594985,125.0,16929.00083333333,3.0,True,5
3221,426.061,-5421.756696636727,-1089.460711565727,120.0,16934.334166666667,3.0,False,5
3222,426.289,-5381.0,-1067.0,118.1,16941.809511187974,3.0,False,5
3223,426.301,-5377.438109152354,-1064.7319896371293,118.0,16942.200833333336,3.0,False,5
3224,426.369,-5356.0,-1051.0,117.575,16944.41509063352,2.3625,False,5
3225,426.621,-5297.2282124684825,-1023.324618713178,116.0,16952.511944444443,0.0,False,5
3226,426.689,-5273.0,-1016.0,114.9341694928312,16954.637484398438,0.0,False,5
3227,426.889,-5176.0,-990.0,111.7993738835112,16960.777138767713,0.0,False,5
3228,426.94,-5156.695095920447,-985.669206194831,111.0,16962.34777777778,0.0,False,5
3229,427.1,-5119.92814582434,-980.9028750882478,111.0,16967.281111111115,0.0,False,5
3230,427.269,-5087.0,-981.0,108.359376,16972.321173146775,0.0,False,5
3231,427.42,-5047.4800344817695,-980.8309226939655,106.0,16976.70333333334,0.0,False,5
3232,427.469,-5037.0,-981.0,105.3875008,16978.11085317954,0.0,False,5
3233,427.669,-5007.0,-984.0,102.8875008,16983.783076277497,0.0,False,5
3234,427.74,-4988.093426584743,-986.4509604700248,102.0,16985.770000000004,0.0,True,5
3235,427.909,-4919.0,-1002.0,100.1892864,16990.444119876673,0.0,True,5
3236,428.02,-4858.79534935964,-1026.9804444093281,99.0,16993.47,0.0,True,5
3237,428.069,-4836.0,-1037.0,98.3875008,16994.794301813294,0.0,True,5
3238,428.18,-4802.95175128856,-1050.8270077898965,97.0,16997.781111111115,0.0,False,5
3239,428.42,-4786.143134725448,-1064.8181985735132,97.0,17004.247777777782,0.0,False,5
3240,428.49,-4772.0,-1083.0,96.41666773333333,17006.106173504275,0.0,False,5
3241,428.66,-4718.13583401431,-1152.3729925717987,95.0,17010.58111111111,0.0,False,5
3242,428.689,-4711.0,-1162.0,95.0,17011.34630671308,0.0,False,5
3243,428.9,-4695.810952132059,-1190.334216891159,95.0,17016.914444444446,0.0,False,5
3244,429.009,-4695.0,-1199.0,95.0,17019.757495968384,0.0,False,5
3245,429.261,-4681.926028005119,-1241.4665366513782,95.0,17026.440833333334,0.0,False,5
3246,429.329,-4679.0,-1256.0,97.18571428571428,17028.354023315027,0.0,False,5
3247,429.541,-4675.328600229499,-1301.8949568351643,104.0,17034.52972222222,0.0,False,5
3248,429.569,-4675.0,-1306.0,104.28,17035.347219343916,6.3,False,5
3249,429.741,-4676.360331204379,-1332.7546978656358,106.0,17040.418611111112,45.0,False,5
3250,429.749,-4677.0,-1336.0,106.24,17040.661284957867,44.76,False,5
3251,429.909,-4699.0,-1433.0,111.04,17045.638899091085,39.96,False,5
3252,429.941,-4702.599882677939,-1447.6850814320621,112.0,17046.64083333333,39.0,False,5
3253,430.181,-4714.890733179287,-1480.28836442353,112.0,17054.1075,0.0,False,5
3254,430.249,-4720.0,-1489.0,111.575,17056.208061722486,0.0,False,5
3255,430.501,-4754.291656255445,-1556.9435212687272,110.0,17063.88527777778,0.0,False,5
3256,430.609,-4769.0,-1587.0,108.65,17067.079123492666,0.0,False,5
3257,430.901,-4796.76342897458,-1652.499153950912,105.0,17075.551944444444,0.0,True,5
3258,430.929,-4799.0,-1661.0,105.0,17076.370800000535,0.0,True,5
3259,431.061,-4808.750276149277,-1707.593036213269,105.0,17080.218611111108,0.0,True,5
3260,431.109,-4811.0,-1720.0,104.1,17081.585398004805,0.0,True,5
3261,431.289,-4812.0,-1739.0,100.725,17086.543903407037,0.0,True,5
3262,431.381,-4810.833295003106,-1760.0429524522397,99.0,17089.01861111111,0.0,True,5
3263,431.529,-4805.0,-1809.0,96.04,17092.938659741994,0.0,True,5
3264,431.581,-4800.713932919564,-1825.9704541452325,95.0,17094.296388888884,0.0,False,5
3265,431.829,-4775.0,-1893.0,92.52,17100.62603656148,0.0,False,5
3266,431.981,-4772.929197231988,-1905.3408615887288,91.0,17104.407499999994,0.0,False,5
3267,432.189,-4755.0,-1927.0,88.4,17109.493017950233,5.2,False,5
3268,432.221,-4746.048230159018,-1936.5246777586071,88.0,17110.274166666662,6.0,False,5
3269,432.381,-4686.328194932427,-1998.061293206418,88.0,17114.185277777775,16.0,False,5
3270,432.409,-4678.0,-2006.0,88.0,17114.86841833705,17.8,False,5
3271,432.661,-4646.486308944176,-2025.218748704658,88.0,17121.02972222222,34.0,False,5
3272,432.709,-4644.0,-2026.0,88.53333333333333,17122.22291451478,34.666666666666664,False,5
3273,432.989,-4617.0,-2039.0,91.64444444444445,17129.38017640148,38.55555555555556,False,5
3274,433.021,-4607.794147532985,-2041.459920522319,92.0,17130.22972222222,39.0,False,5
3275,433.221,-4523.112042078297,-2059.348314394063,98.0,17135.674166666664,44.0,False,5
3276,433.289,-4500.0,-2063.0,99.02,17137.546935361068,46.38,False,5
3277,433.421,-4473.693705161645,-2064.4073521357477,101.0,17141.285277777773,51.0,False,5
3278,433.609,-4451.0,-2060.0,108.41218467964222,17147.12058852162,57.06451473788909,False,5
3279,433.7,-4430.980047488599,-2058.7867978189233,112.0,17149.965277777774,60.0,False,5
3280,433.929,-4347.0,-2025.0,112.0,17156.863864615792,65.7249984,False,5
3281,434.06,-4270.405391423679,-1949.118286199398,112.0,17161.165277777778,69.0,False,5
3282,434.229,-4171.0,-1824.0,127.4916608,17167.431737233732,74.6333312,False,5
3283,434.3,-4141.81776108429,-1777.7977129268074,134.0,17170.098611111112,77.0,False,5
3284,434.489,-4090.0,-1664.0,134.0,17177.11167679524,77.94499968,False,5
3285,434.5,-4087.3335471253954,-1657.0626512075796,134.0,17177.543055555558,78.0,False,5
3286,434.609,-4063.0,-1589.0,141.2666624,17182.029703858832,84.6611072,False,5
3287,434.86,-4033.0219980953316,-1485.6178524114528,158.0,17193.343055555553,100.0,False,5
3288,434.95,-4027.0,-1453.0,160.5312464,17197.46622601088,100.0,False,5
3289,435.18,-4017.137749799953,-1358.3924475310632,167.0,17208.1875,100.0,False,5
3290,435.289,-4018.0,-1304.0,171.7687472,17213.435405950462,100.0,False,5
3291,435.34,-4020.012173211394,-1275.893187166854,174.0,17215.92083333333,100.0,False,5
3292,435.449,-4027.0,-1215.0,175.55714194285713,17221.285739210536,100.0,False,5
3293,435.62,-4044.066838287509,-1134.8572355471795,178.0,17229.765277777777,100.0,False,5
3294,435.669,-4054.0,-1108.0,178.0,17232.183703047886,100.0,False,5
3295,435.781,-4088.456441588311,-1033.3095464878263,178.0,17237.725833333338,100.0,False,5
3296,435.949,-4150.0,-922.0,181.36,17246.212363511564,100.0,False,5
3297,435.981,-4159.260753122663,-907.3752523117773,182.0,17247.836944444447,100.0,False,5
3298,436.221,-4212.638333221651,-845.0982319500035,182.0,17259.97027777778,100.0,False,5
3299,436.249,-4220.0,-837.0,182.0,17261.36541131259,100.0,False,5
3300,436.569,-4330.0,-708.0,182.0,17277.144478848597,100.0,False,5
3301,436.701,-4378.0987528125615,-651.9052499005895,182.0,17284.23694444445,100.0,False,5
3302,436.789,-4415.0,-609.0,191.075,17289.270568446707,100.0,False,5
3303,436.949,-4493.0,-518.0,207.575,17298.938339741624,100.0,False,5
3304,437.021,-4521.382941170806,-484.6624167406772,215.0,17303.348055555558,100.0,False,5
3305,437.169,-4570.0,-427.0,218.2375,17312.46328908232,100.0,False,5
3306,437.341,-4634.535554768977,-350.0060314652936,222.0,17323.081388888888,100.0,False,5
3307,437.389,-4654.0,-327.0,222.0,17326.035919076334,100.0,False,5
3308,437.501,-4700.965660250464,-272.0399308963704,222.0,17332.948055555556,100.0,False,5
3309,437.549,-4719.0,-251.0,223.2,17335.94147288349,100.0,False,5
3310,437.661,-4752.271326337032,-212.1311798169351,226.0,17342.9925,100.0,False,5
3311,437.809,-4784.0,-175.0,228.775,17352.40423643969,100.0,False,5
3312,437.821,-4786.377135404479,-172.2193402416467,229.0,17353.170277777783,100.0,False,5
3313,438.021,-4835.270290434608,-115.0542434176323,231.0,17366.00361111111,100.0,False,5
3314,438.049,-4849.0,-99.0,231.46666666666667,17367.81631888519,100.0,False,5
3315,438.249,-4985.0,60.0,234.8,17380.881573398117,100.0,False,5
3316,438.261,-4991.16515108972,67.19952791466751,235.0,17381.670277777783,100.0,False,5
3317,438.549,-5070.0,159.0,237.7,17400.708173299987,100.0,False,5
3318,438.581,-5084.890576579853,176.40103033417552,238.0,17402.825833333336,100.0,False,5
3319,438.781,-5216.158265583298,330.02421243527755,238.0,17416.048055555555,100.0,False,5
3320,438.849,-5252.0,372.0,238.0,17420.53981066346,100.0,False,5
3321,438.941,-5285.006069540118,410.68060521780194,238.0,17426.62583333333,100.0,False,5
3322,439.189,-5349.0,486.0,240.325,17443.1806571537,100.0,False,5
3323,439.261,-5390.250737559226,534.5742021208105,241.0,17448.048055555562,100.0,False,5
3324,439.409,-5485.0,646.0,244.08333333333334,17458.152205568033,100.0,False,5
3325,439.501,-5521.062456471265,688.1288520118449,246.0,17464.448055555556,100.0,False,5
3326,439.689,-5576.0,752.0,246.0,17477.290571523445,100.0,False,5
3327,439.701,-5581.464886938821,758.4098160826458,246.0,17478.114722222228,100.0,False,5
3328,439.909,-5712.0,912.0,248.6,17492.525958226528,100.0,False,5
3329,440.021,-5797.491209670909,1012.3893012916373,250.0,17500.336944444454,100.0,False,5
3330,440.129,-5868.0,1094.0,250.675,17507.881373811077,100.0,False,5
3331,440.341,-5923.520764859852,1153.2516752344989,252.0,17522.73694444445,100.0,False,5
3332,440.449,-5955.0,1204.0,252.45093939695172,17530.336806195846,100.0,False,5
3333,440.649,-6054.0,1389.0,253.28601235426976,17544.462195878616,100.0,False,5
3334,440.82,-6102.93186045541,1512.866411835807,254.0,17556.533055555563,100.0,False,5
3335,441.009,-6131.0,1616.0,254.0,17569.85705458458,100.0,False,5
3336,441.06,-6139.465716734386,1643.5438274092407,254.0,17573.466388888897,100.0,False,5
3337,441.269,-6181.0,1768.0,255.74166613333333,17588.357518457597,100.0,False,5
3338,441.42,-6222.490862857639,1891.9714616906658,257.0,17599.166388888894,100.0,False,5
3339,441.51,-6241.0,1948.0,257.44999936,17605.61333312955,91.90001152,False,5
3340,441.62,-6250.828434260833,1979.0980413925254,258.0,17613.49972222223,82.0,False,5
3341,441.65,-6253.0,1986.0,258.0,17615.65231668151,66.6250656,False,5
3342,441.78,-6265.094837273221,2023.108146256137,258.0,17624.96638888889,0.0,False,5
3343,441.849,-6275.0,2053.0,256.7678582857143,17629.871832640907,0.0,False,5
3344,442.06,-6322.603600407111,2196.2796617496288,253.0,17644.644166666672,0.0,False,5
3345,442.129,-6338.0,2243.0,251.45137276031883,17649.375005919683,0.0,False,5
3346,442.289,-6369.0,2338.0,247.86034974329772,17660.15664547591,0.0,False,5
3347,442.461,-6407.052951098329,2453.111586921441,244.0,17671.823055555564,0.0,False,5
3348,442.629,-6451.0,2585.0,244.0,17683.317229016873,0.0,False,5
3349,442.661,-6460.129159192041,2612.376751778976,244.0,17685.37861111112,0.0,False,5
3350,442.709,-6473.0,2651.0,235.36,17688.353926688607,0.0,False,5
3351,442.861,-6493.396767899803,2712.8601258971125,208.0,17696.934166666673,0.0,True,5
3352,442.989,-6507.0,2755.0,194.61818181818182,17703.347587863078,0.0,True,5
3353,443.149,-6538.0,2850.0,177.89090909090908,17710.420207340845,0.0,True,5
3354,443.301,-6559.935948066705,2914.8888191781944,162.0,17716.73416666667,0.0,True,5
3355,443.349,-6567.0,2936.0,158.7,17718.672697843154,0.0,True,5
3356,443.609,-6604.0,3050.0,140.825,17728.730823089623,0.0,True,5
3357,443.621,-6604.226138561551,3050.706471800491,140.0,17729.178611111114,0.0,True,5
3358,443.689,-6604.0,3050.0,136.6,17731.68954548429,0.0,True,5
3359,443.861,-6624.121820741671,3111.7400877428854,128.0,17737.711944444447,0.0,True,5
3360,443.929,-6635.0,3145.0,123.75,17739.878303177487,0.0,True,5
3361,444.109,-6660.0,3221.0,112.5,17745.030134506524,0.0,True,5
3362,444.261,-6669.888092511806,3251.025774309619,103.0,17749.156388888892,0.0,True,5
3363,444.429,-6679.0,3278.0,99.73333333333333,17753.68362881938,0.0,True,5
3364,444.621,-6701.700882465945,3344.4723785667493,96.0,17758.75638888889,0.0,True,5
3365,444.689,-6708.0,3363.0,94.58333333333333,17760.510277790367,0.0,True,5
3366,444.861,-6713.74716725674,3380.4797897083317,91.0,17764.823055555556,0.0,True,5
3367,444.989,-6720.0,3401.0,88.67272727272727,17767.87999468379,0.0,True,5
3368,445.149,-6737.0,3459.0,85.76363636363637,17771.532610022747,0.0,True,5
3369,445.301,-6740.6763454977645,3494.811005714191,83.0,17774.967500000006,0.0,False,5
3370,445.449,-6736.0,3518.0,81.15,17778.30015406842,0.0,False,5
3371,445.461,-6735.55927285168,3520.0066654941197,81.0,17778.567500000005,0.0,False,5
3372,445.689,-6726.0,3557.0,79.29,17783.538017264946,13.11,False,5
3373,445.769,-6722.0,3566.0,78.69,17785.25571599201,17.71,False,5
3374,445.861,-6711.680812318715,3582.3005240215352,78.0,17787.234166666676,23.0,False,5
3375,446.069,-6675.0,3630.0,78.0,17791.7318908241,23.0,False,5
3376,446.101,-6670.10185906041,3635.184636194034,78.0,17792.434166666673,23.0,False,5
3377,446.261,-6649.716755162466,3650.848928913821,80.0,17795.989722222228,39.0,False,5
3378,446.421,-6630.718362367557,3658.2807842763555,80.0,17799.545277777783,39.0,False,5
3379,446.469,-6624.0,3661.0,80.0,17800.596014163886,40.2,False,5
3380,446.621,-6598.007622780636,3670.3673101919444,80.0,17803.989722222228,44.0,False,5
3381,446.669,-6585.0,3672.0,82.4,17805.153149563703,45.542857142857144,False,5
3382,446.901,-6490.117010564509,3664.718263525037,94.0,17811.300833333342,53.0,False,5
3383,446.909,-6487.0,3664.0,94.24120595257698,17811.519257094107,53.24120595257698,False,5
3384,447.1,-6425.927269324647,3637.4285438179454,100.0,17816.828611111116,59.0,False,5
3385,447.3,-6384.461420973409,3606.0624329163434,106.0,17822.717500000006,65.0,False,5
3386,447.309,-6383.0,3605.0,106.48749653333333,17822.996792938633,65.48749653333333,False,5
3387,447.54,-6355.786620689252,3586.839345291653,119.0,17830.65083333334,78.0,False,5
3388,447.669,-6333.0,3572.0,126.37142491428571,17835.32645844866,88.13570925714286,False,5
3389,447.82,-6289.21031525899,3542.592680090814,135.0,17841.15083333334,100.0,False,5
3390,448.01,-6218.0,3492.0,144.4999936,17848.9911216942,100.0,False,5
3391,448.14,-6166.825668290256,3452.4454174527154,151.0,17854.573055555564,100.0,False,5
3392,448.409,-6063.0,3366.0,159.6464265142857,17866.51347086543,100.0,False,5
3393,448.42,-6059.1702726334215,3362.684291330458,160.0,17867.01750000001,100.0,False,5
3394,448.7,-5969.45618916852,3280.0634359743867,171.0,17880.317500000005,100.0,False,5
3395,448.809,-5926.0,3234.0,174.92520614740496,17885.739346960792,100.0,False,5
3396,449.061,-5794.092089122333,3082.0776009735587,184.0,17898.768611111118,100.0,False,5
3397,449.209,-5726.0,2997.0,188.44,17906.710538261286,100.0,False,5
3398,449.409,-5663.0,2907.0,194.44,17917.684171964524,100.0,False,5
3399,449.461,-5646.666080516929,2881.9825204212025,196.0,17920.5463888889,100.0,False,5
3400,449.609,-5604.0,2815.0,198.775,17928.722206914957,100.0,False,5
3401,449.621,-5601.592074148181,2811.1636648278673,199.0,17929.39083333334,100.0,False,5
3402,449.781,-5579.384261959609,2774.3806419562584,203.0,17938.41305555556,100.0,False,5
3403,449.789,-5578.0,2772.0,203.15,17938.86934229723,100.0,False,5
3404,450.069,-5494.0,2624.0,208.4,17955.1123535019,100.0,False,5
3405,450.101,-5480.082397662793,2598.9984789489677,209.0,17956.990833333337,100.0,False,5
3406,450.269,-5402.0,2458.0,212.36,17966.915658274615,100.0,False,5
3407,450.301,-5389.568240482209,2435.6452917757365,213.0,17968.824166666673,100.0,False,5
3408,450.609,-5309.0,2292.0,216.33666666666667,17987.541777944745,100.0,False,5
3409,450.829,-5251.0,2187.0,218.72,18001.297758913104,100.0,False,5
3410,451.049,-5153.0,2013.0,221.10333333333332,18015.305544466042,100.0,False,5
3411,451.389,-5090.0,1899.0,224.78666666666666,18037.003547730288,100.0,False,5
3412,451.501,-5036.69668673097,1803.4717802253354,226.0,18044.1575,100.0,False,5
3413,451.609,-4988.0,1716.0,227.8,18051.05894590386,100.0,False,5
3414,451.741,-4960.549778273218,1665.8123516889873,230.0,18059.490833333337,100.0,False,5
3415,451.749,-4959.0,1663.0,230.0,18060.001442029214,100.0,False,5
3416,452.069,-4871.0,1506.0,230.0,18080.433854963405,100.0,False,5
3417,452.101,-4860.485150544562,1486.9048894411596,230.0,18082.490833333337,100.0,False,5
3418,452.289,-4783.0,1349.0,232.0142857142857,18094.64568489681,100.0,False,5
3419,452.381,-4721.295029570448,1246.0471489439249,233.0,18100.613055555557,100.0,False,5
3420,452.509,-4631.0,1102.0,233.0,18108.919158088218,88.11428571428571,False,5
3421,452.661,-4565.518277264677,1012.8656960204586,233.0,18118.735277777778,74.0,False,5
3422,452.869,-4520.0,974.0,230.2,18131.975951399065,44.4,False,5
3423,453.181,-4458.801350994417,917.3181610910273,226.0,18151.37972222222,0.0,False,5
3424,453.269,-4439.0,900.0,224.02,18156.741596580396,7.92,False,5
3425,453.549,-4360.0,838.0,217.72,18173.570484276417,33.12,False,5
3426,453.581,-4348.650330858001,829.900697176806,217.0,18175.490833333337,36.0,False,5
3427,453.741,-4283.196755066495,785.8210677248758,216.0,18185.090833333335,44.0,False,5
3428,453.869,-4206.0,745.0,215.46443528985833,18192.740828391667,47.21338826085,False,5
3429,453.98,-4115.160153758313,705.0745545135308,215.0,18199.364444444444,50.0,False,5
3430,454.129,-4003.0,661.0,215.0,18208.260358218256,52.97999872,False,5
3431,454.289,-3946.0,645.0,215.0,18217.817580959207,56.17999872,False,5
3432,454.38,-3888.31234883608,632.6526914841743,215.0,18223.253333333334,58.0,False,5
3433,454.489,-3808.0,617.0,215.0,18229.764175202457,60.7249984,False,5
3434,454.62,-3737.0595085170357,607.2017223921064,215.0,18237.586666666662,64.0,False,5
3435,454.79,-3629.0,605.0,215.0,18247.73571981096,67.39999744,False,5
3436,454.82,-3599.659400249431,605.2289801559388,215.0,18249.531111111108,68.0,False,5
3437,454.85,-3569.0,606.0,215.1874992,18251.328470099128,68.5624976,False,5
3438,454.98,-3441.859036522072,619.771188233397,216.0,18259.131111111114,71.0,False,5
3439,455.169,-3293.0,652.0,216.0,18270.46745647303,71.0,False,5
3440,455.22,-3265.3566045643606,658.3284262720105,216.0,18273.531111111115,71.0,False,5
3441,455.501,-3172.344233358752,688.7204148221363,217.0,18290.469166666662,78.0,False,5
3442,455.589,-3115.0,716.0,217.31428571428572,18295.787718942134,78.31428571428572,False,5
3443,455.709,-3008.0,770.0,217.74285714285713,18303.05265321776,78.74285714285715,False,5
3444,455.781,-2949.957231039576,803.8590991040783,218.0,18307.42472222222,79.0,False,5
3445,456.049,-2797.0,921.0,219.48888888888888,18323.787182264983,81.23333333333333,False,5
3446,456.141,-2760.7084396294163,953.3311718776014,220.0,18329.42472222222,82.0,False,5
3447,456.329,-2698.0,1019.0,220.67142857142858,18340.96543620513,82.0,False,5
3448,456.421,-2663.325406039583,1061.2147618960212,221.0,18346.613611111105,82.0,False,5
3449,456.629,-2583.0,1171.0,221.0,18359.378715236016,82.0,False,5
3450,456.661,-2572.253725636874,1187.3245262543148,221.0,18361.34694444444,82.0,False,5
3451,456.821,-2525.0139526868934,1266.6763858316137,222.0,18371.21361111111,82.0,False,5
3452,456.869,-2512.0,1291.0,222.24,18374.180355740064,82.72,False,5
3453,456.969,-2485.0,1345.0,222.74,18380.37227708219,84.22,False,5
3454,457.021,-2468.7951713877483,1378.7214431714433,223.0,18383.602499999994,85.0,False,5
3455,457.149,-2425.0,1471.0,223.64,18391.583462833965,83.08,False,5
3456,457.221,-2402.138184898846,1518.2263937763698,224.0,18396.04694444444,82.0,False,5
3457,457.349,-2368.0,1588.0,222.08,18403.88262241255,68.24,False,5
3458,457.621,-2330.0565772281925,1668.6250619507439,218.0,18420.269166666665,39.0,True,5
3459,457.669,-2321.0,1687.0,217.28,18423.158393126105,29.64,True,5
3460,457.749,-2303.0,1723.0,216.08,18427.96696420639,14.04,True,5
3461,457.821,-2289.0246861638734,1751.5537926297475,215.0,18432.21361111111,0.0,True,5
3462,458.049,-2247.0,1841.0,203.6,18445.031864108547,0.0,True,5
3463,458.101,-2231.247680396759,1873.9121804440329,201.0,18447.84694444444,0.0,True,5
3464,458.209,-2195.0,1949.0,197.3181818181818,18453.58111727114,0.4909090909090909,True,5
3465,458.509,-2115.0,2098.0,187.0909090909091,18468.94828963463,1.8545454545454545,True,5
3466,458.541,-2104.538693937719,2113.1377945554445,186.0,18470.58027777778,2.0,True,5
3467,458.709,-2049.0,2186.0,184.425,18479.153596289507,2.0,True,5
3468,458.861,-2018.5048337899027,2221.6186590137286,183.0,18486.84694444444,2.0,False,5
3469,458.869,-2016.0,2224.0,182.85714285714286,18487.248476562992,2.0,False,5
3470,459.141,-1867.7245722827688,2346.0977055386365,178.0,18500.69138888889,2.0,False,5
3471,459.169,-1854.0,2356.0,177.475,18502.050329596997,2.0,False,5
3472,459.461,-1767.5268702063356,2402.287610575741,172.0,18515.98027777778,2.0,False,5
3473,459.469,-1766.0,2403.0,171.9,18516.357840387842,1.95,False,5
3474,459.689,-1720.0,2424.0,169.15,18526.666414259023,0.5750000000000001,False,5
3475,459.781,-1677.222967069043,2438.8176698731513,168.0,18530.913611111115,0.0,False,5
3476,459.889,-1616.0,2457.0,165.75,18535.842194654753,5.3999999999999995,False,5
3477,460.021,-1544.583112246021,2472.003233633159,163.0,18541.780277777783,12.0,False,5
3478,460.169,-1468.0,2481.0,161.15,18548.32322078898,21.990000000000002,False,5
3479,460.421,-1342.0038586882413,2481.3367835975546,158.0,18559.335833333338,39.0,False,5
3480,460.429,-1338.0,2481.0,158.02507836487456,18559.68722336097,39.02507836487456,False,5
3481,460.629,-1239.0,2466.0,158.65203748673855,18568.512007674733,39.652037486738564,False,5
3482,460.74,-1189.0950901897995,2453.6683601570526,159.0,18573.425000000003,40.0,False,5
3483,461.009,-1087.0,2418.0,159.8406248,18585.36254330576,43.3624992,False,5
3484,461.06,-1070.8180746849596,2411.5928337600676,160.0,18587.64722222223,44.0,False,5
3485,461.33,-988.0,2370.0,162.24999893333333,18599.87635882364,49.24999751111111,False,5
3486,461.42,-951.1705193678011,2345.6762868122532,163.0,18603.947222222225,51.0,False,5
3487,461.58,-878.5505554485794,2292.090032796479,163.0,18611.191666666673,51.0,False,5
3488,461.629,-859.0,2276.0,164.8374976,18613.46826574976,52.8374976,False,5
3489,461.74,-820.3416529549615,2240.56726403355,169.0,18618.702777777784,57.0,False,5
3490,461.809,-795.0,2213.0,169.28630686441343,18621.951062955428,57.57261372882688,False,5
3491,461.981,-719.6383058215097,2117.622249828398,170.0,18630.083333333336,59.0,False,5
3492,462.029,-703.0,2095.0,170.8,18632.391231021495,48.4,False,5
3493,462.221,-672.3221917658548,2046.0330626632106,174.0,18641.68333333334,6.0,True,5
3494,462.349,-659.0,2016.0,170.0,18647.71659844486,1.2000000000000002,True,5
3495,462.381,-654.2624340039445,2005.6346767686093,169.0,18649.194444444453,0.0,True,5
3496,462.629,-604.0,1898.0,161.25,18660.219541655686,0.0,True,5
3497,462.701,-588.6276462219327,1865.3712302696028,159.0,18663.327777777784,0.0,True,5
3498,462.809,-566.0,1817.0,156.3,18667.935800130414,0.0,True,5
3499,463.089,-517.0,1708.0,149.3,18679.415642371394,0.0,True,5
3500,463.101,-515.7392086090747,1705.1731820461268,149.0,18679.88333333334,0.0,True,5
3501,463.461,-483.70632179144116,1635.7974067644388,133.0,18693.18333333334,1.0,True,5
3502,463.489,-475.0,1617.0,132.65,18694.20473870878,1.0,True,5
3503,463.621,-416.73386992608476,1491.004390200601,131.0,18699.00555555556,1.0,True,5
3504,463.709,-387.0,1426.0,129.74285714285713,18702.140557724386,1.3142857142857143,True,5
3505,463.809,-375.0,1399.0,128.31428571428572,18705.644173946625,1.6714285714285715,True,5
3506,463.901,-358.2262929519104,1366.0019242783158,127.0,18708.88333333334,2.0,True,5
3507,464.029,-327.0,1311.0,127.0,18713.436403445667,2.0,True,5
3508,464.141,-302.88382148829623,1277.3476479419546,127.0,18717.350000000006,2.0,True,5
3509,464.341,-266.3028056454007,1248.234888314135,120.0,18724.016666666677,0.0,True,5
3510,464.489,-237.0,1233.0,120.0,18728.95060452153,0.0,True,5
3511,464.501,-234.45914303611,1231.7923726724637,120.0,18729.350000000006,0.0,True,5
3512,464.821,-157.98942273332653,1202.3622714066046,119.0,18739.92777777779,0.0,True,5
3513,464.949,-124.0,1196.0,119.0,18744.157288670584,0.0,True,5
3514,465.021,-104.21668231921123,1194.3505832974167,119.0,18746.5388888889,0.0,True,5
3515,465.301,-24.173015677057037,1202.0736972545458,119.0,18755.79444444445,41.0,False,5
3516,465.369,-5.0,1208.0,118.575,18758.023850980135,41.85,False,5
3517,465.461,20.56923018933611,1218.67062790113,118.0,18761.0388888889,43.0,False,5
3518,465.821,116.52453696691117,1289.7490045115044,121.0,18773.138888888898,50.0,False,5
3519,466.021,166.22530647238958,1345.1484579247272,129.0,18780.30555555557,55.0,False,5
3520,466.409,247.0,1440.0,134.82,18794.834483931452,58.88,False,5
3521,466.421,249.16050598663767,1442.621690663852,135.0,18795.30555555557,59.0,False,5
3522,466.581,276.1005193075212,1475.8710728105343,144.0,18801.70555555557,69.0,False,5
3523,466.729,310.0,1518.0,145.48,18807.691480041038,69.0,False,5
3524,466.781,326.18407336819075,1538.0136556257987,146.0,18809.81666666668,69.0,False,5
3525,467.021,414.49389604441996,1646.9100949549163,151.0,18819.883333333346,72.0,False,5
3526,467.029,417.0,1650.0,151.30125514945468,18820.23077746785,72.30125514945469,False,5
3527,467.26,470.9251060523464,1716.5383850172354,160.0,18830.505555555566,81.0,False,5
3528,467.429,505.0,1759.0,160.0,18837.97697436643,81.0,False,5
3529,467.46,511.99966108516975,1767.7754904259482,160.0,18839.39444444445,81.0,False,5
3530,467.629,554.0,1822.0,166.161456,18847.529635862076,84.3447904,False,5
3531,467.81,595.0,1913.0,172.760412,18857.006632647943,87.9270808,False,5
3532,467.97,584.0,2079.0,178.59374533333335,18866.02905092817,91.09374746666667,False,5
3533,468.42,486.2971318282031,2257.9410899965237,195.0,18891.394444444457,100.0,False,5
3534,468.429,483.0,2263.0,195.134327445756,18891.891128289615,100.0,False,5
3535,468.609,412.0,2384.0,197.82089546535974,18901.785131199387,100.0,False,5
3536,468.621,408.1663783867065,2390.6999401677353,198.0,18902.44944444445,100.0,False,5
3537,468.829,357.0,2479.0,202.33333333333334,18914.143682914662,100.0,False,5
3538,468.861,347.0225237874485,2495.918264776867,203.0,18915.982777777783,100.0,False,5
3539,469.009,296.0,2582.0,208.92,18924.63501729996,100.0,False,5
3540,469.061,282.274496517979,2605.1630672366723,211.0,18927.70500000001,100.0,False,5
3541,469.249,240.0,2677.0,213.0888888888889,18938.86529918514,100.0,False,5
3542,469.421,171.20007733442114,2794.9761432320115,215.0,18949.20500000001,100.0,False,5
3543,469.509,139.0,2850.0,216.83333333333334,18954.558247053,100.0,False,5
3544,469.661,102.62158881018227,2911.3995754259263,220.0,18963.871666666673,100.0,False,5
3545,469.749,73.0,2962.0,220.44,18969.273754997477,100.0,False,5
3546,469.861,12.88282528511003,3065.749677159867,221.0,18976.149444444454,100.0,False,5
3547,469.929,-22.0,3126.0,221.0,18980.31815681482,100.0,False,5
3548,470.021,-55.63010822575068,3183.904539177075,221.0,18985.97166666668,100.0,False,5
3549,470.261,-95.05231575788416,3250.56385731998,224.0,19000.905000000013,100.0,False,5
3550,470.349,-123.0,3298.0,224.825,19006.407820936205,100.0,False,5
3551,470.509,-194.0,3419.0,226.325,19016.47299717868,100.0,False,5
3552,470.581,-216.69865988261074,3457.945490727549,227.0,19021.08277777779,100.0,False,5
3553,470.729,-259.0,3531.0,231.75714285714287,19030.73746188436,100.0,False,5
3554,470.861,-330.76002476150273,3654.340983122362,236.0,19039.438333333346,100.0,False,5
3555,470.929,-365.0,3713.0,236.28333333333333,19043.91614635651,100.0,False,5
3556,471.101,-412.62260282782455,3793.680235638346,237.0,19055.238333333342,100.0,False,5
3557,471.229,-436.0,3833.0,237.45714285714286,19063.67550947601,100.0,False,5
3558,471.381,-471.7148079976113,3893.9271618269504,238.0,19073.749444444453,100.0,False,5
3559,471.489,-507.0,3954.0,239.22727272727272,19080.974653083467,100.0,False,5
3560,471.729,-609.0,4127.0,241.95454545454547,19097.202079025476,100.0,False,5
3561,471.821,-634.15358272584,4170.486242845662,243.0,19103.449444444457,100.0,False,5
3562,471.981,-684.5223372858795,4257.402585008691,245.0,19114.338333333348,100.0,False,5
3563,471.989,-689.0,4265.0,245.04,19114.88357199874,100.0,False,5
3564,472.149,-801.0,4454.0,245.84,19125.81023757739,100.0,False,5
3565,472.181,-817.9158950819092,4482.554848164699,246.0,19128.005000000012,100.0,False,5
3566,472.529,-887.0,4601.0,248.9,19152.072666514694,100.0,False,5
3567,472.541,-891.259160664067,4608.306707190696,249.0,19152.905000000013,100.0,False,5
3568,472.821,-1007.6650594377402,4807.427224910425,249.0,19172.271666666682,100.0,False,5
3569,472.829,-1008.0,4808.0,248.8,19172.8196927636,95.0,False,5
3570,472.849,-1008.0,4808.0,248.3,19174.18803711811,82.5,False,5
3571,472.981,-1021.4755618850303,4830.896124888901,245.0,19183.160555555565,0.0,False,5
3572,473.181,-1078.759651711224,4928.407126222799,242.0,19196.60500000001,0.0,False,5
3573,473.249,-1099.0,4963.0,240.86666666666667,19201.163874345308,0.0,False,5
3574,473.421,-1149.8086502734109,5050.084372010728,238.0,19212.47166666668,0.0,True,5
3575,473.469,-1165.0,5076.0,234.16,19215.47922517726,0.0,True,5
3576,473.621,-1216.4388224569327,5163.253953056396,222.0,19224.805000000015,0.0,True,5
3577,473.669,-1231.0,5188.0,222.0,19227.8329608984,0.0,True,5
3578,473.889,-1286.0,5282.0,222.0,19242.109774445817,0.0,True,5
3579,474.02,-1329.11651288795,5354.821278915245,222.0,19249.41000000001,0.0,True,5
3580,474.129,-1363.0,5412.0,196.1125152,19254.39070348374,0.0,True,5
3581,474.33,-1403.0,5480.0,148.37503039999999,19262.00597013135,0.0,True,5
3582,474.34,-1404.7002686586948,5482.875195229153,146.0,19262.38777777779,0.0,True,5
3583,474.55,-1444.0,5549.0,140.7500032,19270.55373678731,0.0,True,5
3584,474.58,-1452.0500453846505,5562.63722320427,140.0,19271.721111111125,0.0,True,5
3585,474.71,-1490.0,5627.0,140.0,19276.753815603348,0.0,True,5
3586,474.78,-1504.7236746583126,5651.721429396408,140.0,19279.4988888889,0.0,True,5
3587,474.989,-1531.0,5695.0,140.0,19287.73932977544,0.0,True,5
3588,475.02,-1535.1090142002922,5701.861471134462,140.0,19288.832222222234,0.0,True,5
3589,475.189,-1562.0,5747.0,118.95018111320852,19293.92217832819,0.0,True,5
3590,475.301,-1587.1095501181703,5788.664947961764,105.0,19297.028055555566,0.0,True,5
3591,475.489,-1629.0,5858.0,105.0,19302.477607770867,0.0,True,5
3592,475.621,-1642.7891686480048,5881.298531967412,105.0,19306.3613888889,0.0,True,5
3593,475.889,-1659.0,5910.0,105.0,19314.178306581416,0.0,True,5
3594,475.901,-1660.7568333682736,5913.002567633126,105.0,19314.528055555566,0.0,True,5
3595,476.109,-1700.0,5979.0,105.0,19320.596287317545,0.0,True,5
3596,476.181,-1710.4891783622775,5995.7722988563,105.0,19322.69472222223,0.0,True,5
3597,476.389,-1737.0,6026.0,105.0,19328.755280814934,90.13333333333334,True,5
3598,476.421,-1743.0316117430564,6030.376333012578,105.0,19329.69472222223,104.0,True,5
3599,476.649,-1799.0,6057.0,105.0,19336.45174672213,38.13333333333333,True,5
3600,476.781,-1833.1535568809159,6060.1705718364165,105.0,19340.19472222223,0.0,True,5
3601,476.909,-1868.0,6053.0,97.8,19343.61535451532,0.0,True,5
3602,476.941,-1877.2296050900607,6049.557519372029,96.0,19344.4613888889,0.0,True,5
3603,477.149,-1938.0,6016.0,96.0,19349.990051105073,37.885714285714286,True,5
3604,477.221,-1955.8893718334166,6003.841034924214,96.0,19351.928055555567,51.0,False,5
3605,477.381,-1988.4043307112952,5977.5035458035945,99.0,19356.32805555556,53.0,False,5
3606,477.589,-2022.0,5945.0,104.85,19362.524449199635,53.0,False,5
3607,477.701,-2037.774120270653,5928.402087720962,108.0,19365.928055555567,53.0,False,5
3608,477.889,-2067.0,5893.0,108.0,19371.570794689636,53.0,False,5
3609,477.941,-2077.709439111475,5878.709874195734,108.0,19373.128055555564,53.0,False,5
3610,478.129,-2120.0,5820.0,108.0,19378.767555008897,53.0,False,5
3611,478.181,-2129.5117664651953,5806.720550789503,108.0,19380.32805555556,53.0,False,5
3612,478.421,-2167.3970614321615,5757.778105573235,108.0,19387.528055555566,53.0,False,5
3613,478.429,-2169.0,5756.0,108.0,19387.768003864214,53.0,False,5
3614,478.609,-2211.0,5714.0,108.0,19393.166971226834,53.0,False,5
3615,478.661,-2223.209107184827,5703.678577864098,108.0,19394.728055555563,53.0,False,5
3616,478.941,-2283.448979056797,5663.968481260805,108.0,19403.128055555564,53.0,False,5
3617,478.949,-2285.0,5663.0,108.0,19403.366499442433,53.0,False,5
3618,479.129,-2330.0,5641.0,108.0,19408.731346176042,53.0,False,5
3619,479.181,-2357.3688702553186,5633.226548334739,108.0,19410.32805555556,53.0,False,5
3620,479.309,-2447.0,5621.0,111.6,19414.395726902403,53.0,False,5
3621,479.501,-2583.1066112926965,5668.364044913199,117.0,19420.728055555563,53.0,False,5
3622,479.629,-2653.0,5711.0,117.0,19424.96866391624,85.64,False,5
3623,479.701,-2679.8756669546647,5729.923340050606,117.0,19427.228055555563,104.0,True,5
3624,479.941,-2717.6652546412574,5770.917737798153,100.0,19433.894722222227,0.0,False,5
3625,480.009,-2725.0,5780.0,100.0,19435.757887075088,0.0,False,5
3626,480.169,-2745.0,5803.0,100.0,19440.21099418585,0.0,False,5
3627,480.301,-2775.331569901197,5840.514554119195,100.0,19443.894722222227,0.0,False,5
3628,480.409,-2801.0,5874.0,100.0,19446.898278067558,0.0,False,5
3629,480.569,-2829.0,5915.0,100.0,19451.339231762504,0.0,False,5
3630,480.581,-2831.084936355406,5918.3295101494095,100.0,19451.672500000008,0.0,False,5
3631,480.869,-2886.0,6020.0,100.0,19459.67596949506,83.43174000102685,False,5
3632,480.94,-2899.8088000255316,6051.846820002354,100.0,19461.644722222227,104.0,True,5
3633,481.03,-2916.0,6094.0,100.0,19464.13599431301,104.0,True,5
3634,481.21,-2939.0,6171.0,100.0,19469.10861910034,104.0,True,5
3635,481.38,-2950.1997496193208,6213.433415632805,100.0,19473.866944444453,104.0,True,5
3636,481.489,-2956.0,6259.0,100.62824174467576,19476.96446709217,101.0682051915131,True,5
3637,481.669,-2966.0,6389.0,101.66570578540362,19482.159358293648,96.2267063347831,True,5
3638,482.009,-2957.0,6518.0,103.62536008455623,19492.22469571259,87.08165293873755,True,5
3639,482.229,-2939.0,6607.0,104.89337168989029,19498.789824961714,81.16426544717866,True,5
3640,482.421,-2910.3005130268148,6698.390343427256,106.0,19504.518611111118,76.0,False,5
3641,482.429,-2909.0,6702.0,106.0,19504.75729473313,76.0,False,5
3642,482.581,-2882.3598976331778,6766.389242739049,106.0,19509.229722222226,76.0,False,5
3643,482.649,-2862.0,6801.0,106.0,19511.10730482504,76.0,False,5
3644,482.741,-2821.581320735318,6858.816252130746,106.0,19513.94083333334,76.0,False,5
3645,482.909,-2742.0,6960.0,143.275,19521.647728168653,76.525,False,5
3646,483.061,-2716.174268575405,6986.510331715166,177.0,19529.67416666667,77.0,False,5
3647,483.149,-2697.0,7000.0,177.0,19534.071267977277,77.0,False,5
3648,483.261,-2650.142551759785,7034.827775312938,177.0,19539.507500000007,77.0,False,5
3649,483.349,-2609.0,7065.0,177.0,19543.754010625402,77.0,False,5
3650,483.501,-2551.481472676712,7104.219707210889,177.0,19551.30750000001,77.0,False,5
3651,483.649,-2467.0,7138.0,187.73,19559.409124002006,85.51,False,5
3652,483.889,-2225.0,7198.0,205.13,19573.493835054396,99.31,False,5
3653,483.901,-2215.4318613258656,7200.072762172077,206.0,19574.1963888889,100.0,False,5
3654,484.141,-2118.7194557441567,7214.838062387352,211.0,19588.263055555566,100.0,False,5
3655,484.329,-2055.0,7211.0,215.17777777777778,19599.648201415082,100.0,False,5
3656,484.501,-1945.201658433647,7205.886413313889,219.0,19610.16305555556,100.0,False,5
3657,484.529,-1926.0,7204.0,219.0,19611.863465905546,100.0,False,5
3658,484.749,-1788.0,7180.0,219.0,19625.215841366466,100.0,False,5
3659,484.781,-1773.832566233934,7177.095450102115,219.0,19627.1963888889,100.0,False,5
3660,484.981,-1726.5738561958829,7166.257957584508,228.0,19639.863055555565,100.0,False,5
3661,485.149,-1682.0,7152.0,232.2,19650.775381345273,100.0,False,5
3662,485.221,-1650.7020303760864,7141.699363262163,234.0,19655.463055555563,100.0,False,5
3663,485.269,-1625.0,7132.0,234.0,19658.58015385481,100.0,False,5
3664,485.421,-1516.112100044936,7081.401857751886,234.0,19668.463055555563,100.0,False,5
3665,485.529,-1445.0,7045.0,235.92857142857142,19675.588351638908,100.0,False,5
3666,485.701,-1380.6498148287183,7007.493687955267,239.0,19687.051944444458,100.0,False,5
3667,485.789,-1344.0,6980.0,240.1,19692.919892983642,100.0,False,5
3668,485.861,-1303.3758802265409,6947.464897294539,241.0,19697.763055555566,100.0,False,5
3669,486.029,-1187.0,6842.0,245.9,19709.315691282296,100.0,False,5
3670,486.101,-1138.870555845071,6788.066488442949,248.0,19714.2963888889,100.0,False,5
3671,486.229,-1060.0,6687.0,248.8,19723.137490346686,100.0,False,5
3672,486.261,-1042.3568699345624,6662.797908772427,249.0,19725.363055555565,100.0,False,5
3673,486.541,-925.5641764747669,6481.531627337514,255.0,19745.1963888889,100.0,False,5
3674,486.589,-913.0,6461.0,255.6,19748.633322171547,100.0,False,5
3675,486.941,-853.4827499097407,6365.949839960649,260.0,19774.085277777784,100.0,False,5
3676,486.989,-833.0,6334.0,260.8,19777.592998907654,100.0,False,5
3677,487.069,-790.0,6267.0,262.1333333333333,19783.45931148706,100.0,False,5
3678,487.181,-734.5533684625475,6180.796758829706,264.0,19791.68527777779,100.0,False,5
3679,487.429,-633.0,6023.0,264.0,19809.878885894534,100.0,False,5
3680,487.46,-620.5080967315777,6003.468182349395,264.0,19812.14527777779,100.0,False,5
3681,487.62,-551.970992023161,5895.828301602345,264.0,19823.87861111112,100.0,False,5
3682,487.63,-547.0,5888.0,264.3749952,19824.62473199419,100.0,False,5
3683,487.85,-429.0,5702.0,272.6249952,19841.546862166222,100.0,False,5
3684,488.02,-381.46870822637385,5627.850049423594,279.0,19854.87861111112,100.0,False,5
3685,488.169,-348.0,5576.0,281.23499904,19866.536320121,100.0,False,5
3686,488.22,-332.19748658049247,5551.357708472708,282.0,19870.54527777779,100.0,False,5
3687,488.421,-248.69665095628287,5420.669189471186,285.0,19886.45777777779,100.0,False,5
3688,488.469,-224.0,5382.0,285.0,19890.250922246523,100.0,False,5
3689,488.581,-159.3665684381476,5280.8130019709115,285.0,19899.12444444446,100.0,False,5
3690,488.829,-14.0,5053.0,291.2,19919.23187477555,100.0,False,5
3691,488.861,-0.17075822407707952,5031.249259074676,292.0,19921.835555555568,100.0,False,5
3692,489.021,50.0180046088176,4951.915274435054,293.0,19934.85777777779,100.0,False,5
3693,489.181,86.11800436048098,4894.668588098135,297.0,19948.057777777787,100.0,False,5
3694,489.269,114.0,4851.0,297.88,19955.35763935036,100.0,False,5
3695,489.381,157.82721620186368,4782.754269248494,299.0,19964.668888888897,100.0,False,5
3696,489.449,184.0,4742.0,299.28333333333336,19970.327674921835,100.0,False,5
3697,489.621,236.9923244314381,4659.077402356828,300.0,19984.668888888897,100.0,False,5
3698,489.829,292.0,4573.0,301.3,20002.096548715846,100.0,False,5
3699,490.069,378.0,4439.0,302.8,20022.352731665313,100.0,False,5
3700,490.101,394.73928307288054,4412.544907770236,303.0,20025.068888888898,100.0,False,5
3701,490.149,421.0,4371.0,303.6857142857143,20029.149929700056,100.0,False,5
3702,490.381,528.4477426081766,4203.0329079804,307.0,20048.946666666678,100.0,False,5
3703,490.529,594.0,4101.0,307.0,20061.562679729257,100.0,False,5
3704,490.701,677.0328255703532,3970.9858279289215,307.0,20076.23555555557,100.0,False,5
3705,490.809,728.0,3891.0,307.54,20085.47704853081,100.0,False,5
3706,491.009,814.0,3756.0,308.54,20102.647592702226,100.0,False,5
3707,491.101,851.9077995156407,3696.594040831386,309.0,20110.568888888898,100.0,False,5
3708,491.309,949.0,3545.0,310.15555555555557,20128.52924719722,100.0,False,5
3709,491.461,1047.2771107750555,3392.1777345394994,311.0,20141.668888888904,100.0,False,5
3710,491.529,1084.0,3335.0,311.0,20147.54473396472,100.0,False,5
3711,491.741,1133.9024658637757,3256.4130134579077,311.0,20165.85777777779,100.0,False,5
3712,491.949,1213.0,3132.0,311.0,20183.826736071103,100.0,False,5
3713,491.981,1238.6062718950457,3091.9830239143243,311.0,20186.59111111112,100.0,False,5
3714,492.009,1261.0,3057.0,311.0,20189.0098919609,100.0,False,5
3715,492.141,1333.6550413946934,2943.5387423719612,311.0,20200.413333333345,100.0,False,5
3716,492.309,1391.0,2854.0,311.0,20214.934222692675,100.0,False,5
3717,492.461,1460.3812868997388,2745.532874781446,311.0,20228.057777777787,100.0,False,5
3718,492.609,1531.0,2635.0,310.3833333333333,20240.80505104331,100.0,False,5
3719,492.701,1569.9173137421224,2573.9931307205165,310.0,20248.72444444446,100.0,False,5
3720,492.829,1617.0,2500.0,310.0,20259.746412659246,100.0,False,5
3721,492.901,1639.4004412471966,2464.6504951930806,310.0,20265.946666666678,100.0,False,5
3722,493.189,1751.0,2290.0,310.0,20290.745983363842,100.0,False,5
3723,493.221,1774.6868707568321,2253.4069585247353,310.0,20293.502222222232,100.0,False,5
3724,493.249,1795.0,2222.0,310.0,20295.91413066683,100.0,False,5
3725,493.421,1869.0942018932537,2105.7064230008923,310.0,20310.72444444446,100.0,False,5
3726,493.489,1891.0,2071.0,309.66,20316.567666975236,100.0,False,5
3727,493.621,1937.9919661367571,1997.134889960507,309.0,20327.891111111123,100.0,False,5
3728,493.789,2026.0,1860.0,308.6181818181818,20342.27616039806,100.0,False,5
3729,493.909,2118.0,1717.0,308.3454545454546,20352.536258838074,100.0,False,5
3730,494.061,2208.9929628590708,1574.8446563598834,308.0,20365.535555555565,100.0,False,5
3731,494.22,2308.7473107119736,1417.9788689858015,308.0,20379.138888888905,100.0,False,5
3732,494.23,2317.0,1405.0,308.0,20379.994433743203,100.0,False,5
3733,494.39,2462.0,1177.0,308.0,20393.682626418835,100.0,False,5
3734,494.46,2504.806441601551,1109.7979990321292,308.0,20399.67222222223,100.0,False,5
3735,494.869,2586.0,984.0,308.0,20434.6688029593,100.0,False,5
3736,494.901,2604.921234715364,954.4338433715118,308.0,20437.402222222234,100.0,False,5
3737,495.029,2694.0,815.0,307.64444444444445,20448.325714620274,100.0,False,5
3738,495.209,2780.0,680.0,307.14444444444445,20463.669020694615,100.0,False,5
3739,495.261,2802.235978784633,645.3503692131358,307.0,20468.10222222224,100.0,False,5
3740,495.421,2868.8045154630613,541.9952824133121,307.0,20481.74666666668,100.0,False,5
3741,495.429,2872.0,537.0,307.0,20482.429110175282,100.0,False,5
3742,495.621,2946.4161395547003,419.4763764055096,307.0,20498.802222222235,100.0,False,5
3743,495.729,3006.0,326.0,306.325,20507.984025339763,100.0,False,5
3744,495.781,3042.73741180998,268.7371603655098,306.0,20512.402222222234,100.0,False,5
3745,495.929,3152.0,99.0,306.0,20524.980836510294,100.0,False,5
3746,496.101,3206.90740288855,13.584049423272948,306.0,20539.60222222224,100.0,False,5
3747,496.261,3233.9977740763593,-28.903742437662537,306.0,20553.202222222237,100.0,False,5
3748,496.289,3243.0,-43.0,306.0,20555.582204650666,100.0,False,5
3749,496.489,3335.0,-187.0,306.0,20572.582214939357,100.0,False,5
3750,496.581,3378.1918089254245,-254.6452490534215,306.0,20580.40222222224,100.0,False,5
3751,496.821,3480.5804375687694,-415.18678052999263,306.0,20600.802222222243,100.0,False,5
3752,497.221,3675.1503657547096,-719.824290409003,306.0,20634.802222222235,100.0,False,5
3753,497.269,3706.0,-768.0,306.0,20638.881877807544,100.0,False,5
3754,497.541,3903.785453907977,-1076.5169993074362,306.0,20662.00222222224,100.0,False,5
3755,497.609,3949.0,-1147.0,306.0,20667.785086108706,100.0,False,5
3756,497.821,4064.5304309357457,-1327.0093547591075,306.0,20685.802222222243,100.0,False,5
3757,497.981,4132.301583970627,-1433.1333191946892,305.0,20699.35777777779,100.0,False,5
3758,498.009,4143.0,-1450.0,305.0,20701.729640422556,100.0,False,5
3759,498.249,4234.0,-1594.0,305.0,20722.068733600172,100.0,False,5
3760,498.421,4340.127755529627,-1759.1659709284975,305.0,20736.63555555557,100.0,False,5
3761,498.569,4434.0,-1905.0,305.0,20749.170680070347,100.0,False,5
3762,498.581,4440.608884274459,-1915.2974985123813,305.0,20750.191111111126,100.0,False,5
3763,498.821,4541.552429676889,-2073.664389604133,305.0,20770.52444444446,100.0,False,5
3764,499.029,4617.0,-2192.0,294.25333333333333,20786.983004095637,65.33333333333333,False,5
3765,499.249,4709.0,-2335.0,282.88666666666666,20803.297332508024,28.66666666666666,False,5
3766,499.421,4773.01249789411,-2435.479814812243,274.0,20816.191111111126,0.0,True,5
3767,499.469,4795.0,-2470.0,274.0,20819.830610386227,0.0,True,5
3768,499.581,4858.320263279485,-2569.219912260088,274.0,20828.36888888891,0.0,True,5
3769,499.669,4908.0,-2647.0,274.0,20835.083641820667,0.0,True,5
3770,499.901,4997.699409295334,-2787.4053361611936,274.0,20852.72444444446,0.0,True,5
3771,500.109,5032.0,-2841.0,274.0,20868.302559748707,0.0,True,5
3772,500.289,5048.0,-2866.0,274.0,20882.067383244852,0.0,True,5
3773,500.341,5068.987111116512,-2898.9873268936444,274.0,20886.213333333348,0.0,True,5
3774,500.469,5139.0,-3009.0,294.8,20896.77903757082,0.0,True,5
3775,500.501,5152.195691570714,-3029.6792512069596,300.0,20899.546666666683,0.0,True,5
3776,500.701,5187.005948182166,-3083.4898782602113,300.0,20916.213333333355,0.0,True,5
3777,500.861,5199.741444224404,-3103.2303825160357,141.0,20922.480000000018,0.0,True,5
3778,500.89,5204.0,-3110.0,139.05858221025414,20923.454460872163,0.0,True,5
3779,501.05,5236.0,-3161.0,128.3472880074208,20929.032301401036,0.0,True,5
3780,501.1,5246.74047620009,-3177.793949430753,125.0,20930.778611111135,0.0,True,5
3781,501.23,5274.0,-3220.0,125.0,20935.27205929131,0.0,True,5
3782,501.3,5287.517413799958,-3241.2300358210323,125.0,20937.72305555558,0.0,True,5
3783,501.501,5320.87455470761,-3294.2374681303927,125.0,20944.702222222244,0.0,True,5
3784,501.509,5322.0,-3296.0,123.7,20944.94632054645,0.0,True,5
3785,501.661,5340.340089845642,-3324.1338635659085,99.0,20949.102222222245,0.0,True,5
3786,501.861,5358.820798321342,-3351.857008528641,99.0,20954.602222222245,0.0,True,5
3787,501.969,5371.0,-3372.0,99.0,20957.696856347786,0.0,True,5
3788,502.049,5381.0,-3389.0,99.0,20959.81410839186,0.0,True,5
3789,502.061,5382.417179391161,-3391.2926782901704,99.0,20960.102222222245,0.0,True,5
3790,502.209,5398.0,-3414.0,81.98,20963.150679834827,0.0,True,5
3791,502.261,5403.525038176926,-3422.1205326482504,76.0,20964.324444444464,0.0,True,5
3792,502.509,5430.0,-3464.0,104.34285714285714,20971.70442487351,0.0,True,5
3793,502.541,5432.996266009018,-3469.1350654349417,108.0,20972.724444444466,0.0,True,5
3794,502.701,5446.141327134912,-3493.3165796068297,108.0,20977.52444444446,0.0,True,5
3795,502.809,5453.0,-3508.0,85.32,20979.674055675532,1.08,True,5
3796,502.901,5457.467168262094,-3519.3887104102932,66.0,20981.191111111133,2.0,False,5
3797,503.029,5459.0,-3537.0,66.0,20983.481957723467,8.857142857142858,False,5
3798,503.181,5448.655199881396,-3567.451464654375,66.0,20986.324444444464,17.0,False,5
3799,503.349,5432.0,-3599.0,66.0,20989.40590805294,17.0,False,5
3800,503.381,5429.543150945838,-3602.89294154021,66.0,20989.99111111113,17.0,False,5
3801,503.581,5417.015060970012,-3614.872094192752,66.0,20993.6577777778,17.0,False,5
3802,503.649,5410.0,-3619.0,66.0,20994.910509967536,17.0,False,5
3803,503.781,5390.032616511038,-3630.0345212137404,66.0,20997.324444444464,17.0,False,5
3804,503.869,5374.0,-3636.0,65.05714285714286,20998.889178515834,17.0,False,5
3805,504.061,5335.472255682448,-3637.824407253354,63.0,21002.224444444466,17.0,False,5
3806,504.209,5305.0,-3632.0,63.0,21004.798398778883,17.0,False,5
3807,504.421,5263.295747041274,-3616.6633057861095,63.0,21008.52444444446,17.0,False,5
3808,504.649,5222.0,-3597.0,63.0,21012.612864902818,17.0,False,5
3809,504.781,5198.805677826454,-3586.325986774277,63.0,21014.824444444464,17.0,True,5
3810,504.829,5186.0,-3580.0,63.0,21015.576455874732,34.4,True,5
3811,505.021,5107.951679783702,-3539.3036517330943,63.0,21019.02444444446,104.0,True,5
3812,505.049,5098.0,-3534.0,69.3,21019.759636665847,93.85,True,5
3813,505.261,5055.214632231067,-3510.170587707751,117.0,21026.824444444464,17.0,False,5
3814,505.449,5021.0,-3487.0,117.0,21032.963194170516,17.0,False,5
3815,505.541,4991.880261924605,-3466.9156605495764,117.0,21035.924444444463,17.0,False,5
3816,505.689,4939.0,-3430.0,117.0,21040.733993956892,17.0,False,5
3817,505.701,4935.211939688236,-3427.315829229728,117.0,21041.12444444446,17.0,False,5
3818,505.941,4874.620971782442,-3382.9713189131157,117.0,21048.924444444463,17.0,False,5
3819,506.089,4826.0,-3347.0,117.0,21053.735303615,51.12222222222222,False,5
3820,506.301,4719.668362638489,-3268.70496543269,117.0,21060.62444444446,100.0,False,5
3821,506.449,4642.0,-3196.0,117.0,21065.426453954613,100.0,False,5
3822,506.661,4549.812776273606,-3070.6797610006925,117.0,21072.324444444464,100.0,False,5
3823,506.729,4525.0,-3034.0,117.0,21074.551771636696,100.0,False,5
3824,506.981,4450.794783334694,-2929.178058535615,117.0,21082.724444444466,100.0,True,5
3825,507.049,4432.0,-2903.0,117.0,21084.83639863535,100.0,True,5
3826,507.141,4406.079142359383,-2866.670267165006,117.0,21087.924444444463,100.0,True,5
3827,507.23,4380.0,-2830.0,129.63464475862784,21091.588212616894,100.0,True,5
3828,507.53,4270.0,-2675.0,172.22336558184676,21107.707769423163,100.0,True,5
3829,507.62,4219.261648579247,-2603.0887163835573,185.0,21112.53972222224,100.0,False,5
3830,507.71,4172.0,-2536.0,185.0,21117.20452288622,100.0,False,5
3831,507.9,4127.0415145649295,-2471.8993471447216,185.0,21126.92861111113,100.0,False,5
3832,508.069,4103.0,-2438.0,192.49030320049695,21136.21941074988,100.0,False,5
3833,508.261,4044.8899432685835,-2356.7940626276704,201.0,21147.08444444446,100.0,False,5
3834,508.289,4033.0,-2340.0,201.0,21148.648836104614,100.0,False,5
3835,508.429,3964.0,-2242.0,201.0,21156.442115887046,100.0,False,5
3836,508.461,3949.0954010145215,-2220.894833711919,201.0,21158.251111111123,100.0,False,5
3837,508.661,3870.9188848115077,-2111.106810298795,208.0,21169.80666666668,100.0,False,5
3838,508.729,3848.0,-2079.0,208.0,21173.73533606036,100.0,False,5
3839,508.941,3776.536516029824,-1978.068358187322,208.0,21185.984444444453,100.0,False,5
3840,508.949,3773.0,-1973.0,208.125,21186.45178713723,100.0,False,5
3841,509.149,3665.0,-1817.0,211.25,21198.27040325461,100.0,False,5
3842,509.261,3607.6881582355895,-1734.1001030252535,213.0,21204.917777777795,100.0,False,5
3843,509.461,3525.4756844739336,-1615.2506409725286,213.0,21216.751111111123,100.0,False,5
3844,509.489,3517.0,-1603.0,213.0,21218.407396396404,100.56,False,5
3845,509.661,3481.926433401395,-1552.3165326829762,213.0,21228.58444444446,104.0,True,5
3846,509.889,3437.0,-1488.0,213.0,21242.074231555263,104.0,True,5
3847,509.901,3432.9722468590217,-1482.252651516621,213.0,21242.784444444456,104.0,True,5
3848,510.049,3374.0,-1398.0,213.0,21251.542142952967,104.0,True,5
3849,510.061,3369.225874485775,-1391.1401938449355,213.0,21252.251111111123,104.0,True,5
3850,510.341,3274.025042463876,-1252.9392749134104,213.0,21268.81777777779,104.0,True,5
3851,510.349,3272.0,-1250.0,213.0,21269.29743279391,104.0,True,5
3852,510.581,3231.692200709805,-1191.9825165713564,213.0,21283.017777777794,104.0,True,5
3853,510.709,3215.0,-1168.0,198.37142857142857,21289.661631111856,102.17142857142858,True,5
3854,510.861,3194.1356681148773,-1137.7144455963642,181.0,21297.09555555557,100.0,True,5
3855,511.021,3169.174277746513,-1101.4925024125362,181.0,21305.140000000014,100.0,True,5
3856,511.109,3152.0,-1077.0,181.0,21309.568243272923,100.0,True,5
3857,511.221,3126.458632532418,-1040.9539064024932,181.0,21315.19555555557,100.0,True,5
3858,511.309,3106.0,-1012.0,181.0,21319.61925801154,100.0,True,5
3859,511.421,3082.063245688313,-977.6662296491728,181.0,21325.251111111123,100.0,True,5
3860,511.529,3057.0,-949.0,181.0,21330.681769537856,100.0,True,5
3861,511.581,3042.815561802977,-937.3518499860521,181.0,21333.295555555575,100.0,True,5
3862,511.729,2998.0,-914.0,181.0,21340.730109167278,100.0,True,5
3863,511.821,2970.897562597204,-909.6129265323117,181.0,21345.36222222224,100.0,True,5
3864,512.009,2909.0,-919.0,181.0,21354.872744253917,102.35,True,5
3865,512.141,2848.4109901183197,-932.0286402529442,181.0,21361.45111111112,104.0,True,5
3866,512.429,2743.0,-957.0,174.52,21375.262897376146,101.12,True,5
3867,512.469,2743.0,-957.0,173.62,21377.15526725421,100.72,True,5
3868,512.541,2725.881736573434,-961.0723374505529,172.0,21380.562222222237,100.0,False,5
3869,512.701,2606.262207259697,-989.5292220380863,172.0,21388.20666666668,100.0,False,5
3870,512.829,2520.0,-1010.0,179.68,21394.670566772933,100.0,False,5
3871,512.901,2488.430975223577,-1017.4544935194226,184.0,21398.4288888889,100.0,False,5
3872,513.109,2422.0,-1033.0,193.53333333333333,21409.663411116402,100.0,False,5
3873,513.141,2405.2493590172103,-1036.9351363445533,195.0,21411.4288888889,100.0,False,5
3874,513.381,2235.5628240737615,-1076.7025295312474,202.0,21424.895555555566,100.0,False,5
3875,513.429,2208.0,-1083.0,202.75,21427.61687057557,100.0,False,5
3876,513.701,2116.2971834703076,-1102.4964512433048,207.0,21443.295555555567,100.0,False,5
3877,513.749,2100.0,-1106.0,209.16,21446.150758724893,100.0,False,5
3878,513.901,2035.7519148130823,-1120.3263401163128,216.0,21455.295555555567,100.0,False,5
3879,513.99,1983.0,-1132.0,216.0,21460.603379282482,100.0,False,5
3880,514.221,1787.6991913149309,-1174.2701031519725,216.0,21474.49555555557,100.0,False,5
3881,514.29,1729.0,-1187.0,220.33053875667582,21478.831409127262,100.0,False,5
3882,514.46,1601.03509991111,-1215.037947449575,231.0,21489.831388888902,100.0,False,5
3883,514.689,1456.0,-1247.0,237.42056023338273,21505.02398826281,100.0,False,5
3884,514.781,1402.4213383099589,-1258.6494823719058,240.0,21511.231388888897,100.0,False,5
3885,514.941,1315.254577096525,-1277.3748182861716,246.0,21522.16472222224,100.0,False,5
3886,515.129,1211.0,-1300.0,249.76,21535.221488377014,100.0,False,5
3887,515.141,1204.0942828032382,-1301.5164021699657,250.0,21536.05361111112,100.0,False,5
3888,515.381,1059.5158060069803,-1333.6556495793948,250.0,21552.720277777786,100.0,False,5
3889,515.549,948.0,-1358.0,256.06666666666666,21564.873205714466,100.0,False,5
3890,515.709,831.0,-1383.0,261.84444444444443,21576.671861363742,100.0,False,5
3891,515.741,805.50291959328,-1388.541307113856,263.0,21579.02027777779,100.0,False,5
3892,515.929,645.0,-1424.0,263.0,21592.755468017094,100.0,False,5
3893,515.941,634.691661283601,-1426.2771439830717,263.0,21593.631388888898,100.0,False,5
3894,516.301,331.1308754277605,-1492.803589418554,263.0,21619.9313888889,100.0,False,6
3895,516.581,117.38119467772464,-1539.1841122050837,263.0,21640.38694444445,100.0,False,6
3896,516.781,-0.8171800333644558,-1564.9060155626482,263.0,21654.99805555556,100.0,False,6
3897,516.809,-15.0,-1568.0,263.0,21657.043616704635,100.0,False,6
3898,517.021,-103.53571476624094,-1587.3844764943146,263.0,21672.531388888892,100.0,False,6
3899,517.261,-212.10893040076246,-1611.1125273434056,263.0,21690.064722222225,100.0,False,6
3900,517.289,-230.0,-1615.0,263.0,21692.110277941814,100.0,False,6
3901,517.489,-396.0,-1651.0,263.0,21706.721388903177,100.0,False,6
3902,517.501,-408.9038278674764,-1653.7998337351921,263.0,21707.598055555558,100.0,True,6
3903,517.701,-658.9548342443125,-1708.1088938674477,263.0,21722.209166666667,104.0,True,6
3904,517.749,-709.0,-1719.0,263.0,21725.715833339025,102.8,True,6
3905,517.861,-795.8520129559439,-1737.9534304903832,263.0,21733.898055555554,100.0,True,6
3906,518.061,-887.7251909184062,-1758.130902545083,263.0,21748.50916666667,100.0,True,6
3907,518.129,-933.0,-1768.0,263.0,21753.476944499642,100.0,True,6
3908,518.381,-1152.4742296327208,-1815.780922861019,263.0,21771.886944444443,100.0,True,6
3909,518.389,-1158.0,-1817.0,263.0,21772.47138885483,100.0,True,6
3910,518.689,-1314.0,-1852.0,263.0,21794.388055281597,100.0,True,6
3911,518.701,-1324.1644971854048,-1854.2174904022158,263.0,21795.264722222222,100.0,True,6
3912,518.849,-1471.0,-1886.0,263.0,21806.07695034738,100.0,True,6
3913,519.061,-1608.180807727696,-1915.9014378071092,263.0,21821.564722222225,100.0,False,6
3914,519.089,-1627.0,-1920.0,263.0,21823.610273143015,100.0,False,6
3915,519.221,-1731.215210008425,-1942.620991249073,263.0,21833.25361111111,100.0,False,6
3916,519.369,-1862.0,-1971.0,263.0,21844.06604561502,100.0,False,6
3917,519.501,-1975.4462299814088,-1995.7194645195443,263.0,21853.70916666666,100.0,False,6
3918,519.549,-2018.0,-2005.0,263.0,21857.215535434567,100.0,False,6
3919,519.701,-2160.821188260383,-2036.1421456677167,263.0,21868.320277777777,100.0,False,6
3920,519.809,-2252.0,-2056.0,263.0,21876.214004689435,102.7,False,6
3921,519.861,-2288.8071686736835,-2064.0031189917454,263.0,21880.009166666663,104.0,False,6
3922,520.029,-2418.0,-2092.0,263.0,21892.26127950043,104.0,False,6
3923,520.061,-2457.0422337956047,-2100.4475094500335,263.0,21894.620277777773,104.0,True,6
3924,520.209,-2663.0,-2145.0,266.7,21905.693425042693,104.0,True,6
3925,520.381,-2770.022226974997,-2168.2096368496964,271.0,21918.70916666666,104.0,True,6
3926,520.51,-2819.0,-2179.0,271.0,21928.42310508914,104.0,True,6
3927,520.581,-2856.7533135870412,-2187.3598256294267,271.0,21933.764722222215,104.0,True,6
3928,520.741,-2970.405127371007,-2212.5482816863782,271.0,21945.80916666666,104.0,True,6
3929,520.85,-3073.0,-2235.0,271.0,21954.011983132994,101.82000128,True,6
3930,520.941,-3174.371498558572,-2256.9909438163813,271.0,21960.86472222222,100.0,False,6
3931,521.01,-3239.0,-2271.0,271.0,21966.067165483204,100.0,False,6
3932,521.169,-3317.0,-2288.0,271.0,21978.03383807023,100.0,False,6
3933,521.181,-3323.8780914631575,-2289.4870408881834,271.0,21978.931388888886,100.0,False,6
3934,521.369,-3474.0,-2322.0,271.0,21993.052993074758,100.0,False,6
3935,521.381,-3484.797927119687,-2324.3849108073414,271.0,21993.986944444434,100.0,False,6
3936,521.549,-3640.0,-2359.0,287.8,22007.548548105122,16.000000000000004,False,6
3937,521.581,-3668.6860231790542,-2365.2844354805907,291.0,22010.153611111105,0.0,False,6
3938,521.741,-3808.8186466687744,-2395.4484822956792,291.0,22023.08694444444,0.0,False,6
3939,521.749,-3816.0,-2397.0,290.9428571428571,22023.731160079682,0.0,False,6
3940,521.989,-4050.0,-2448.0,289.22857142857146,22042.997365732423,0.0,False,6
3941,522.021,-4086.0007194524114,-2455.834719557404,289.0,22045.56472222221,0.0,False,6
3942,522.209,-4285.0,-2499.0,289.0,22060.65673494048,0.0,False,6
3943,522.261,-4313.00784764644,-2505.0386710429143,289.0,22064.83138888888,0.0,True,6
3944,522.389,-4363.0,-2516.0,289.0,22075.105483580744,0.0,True,6
3945,522.549,-4509.0,-2548.0,289.0,22087.946839656972,0.0,True,6
3946,522.661,-4601.261708530557,-2564.429003808187,289.0,22096.94249999999,0.0,True,6
3947,522.901,-4761.370778006634,-2572.361591311027,289.0,22116.209166666653,0.0,True,6
3948,522.909,-4767.0,-2572.0,289.0,22116.848580934122,0.0,True,6
3949,523.329,-5069.0,-2509.0,289.0,22150.536665816377,0.0,True,6
3950,523.341,-5075.741857538993,-2506.683904527072,289.0,22151.531388888878,0.0,True,6
3951,523.621,-5190.652303582532,-2450.9532113008595,289.0,22174.009166666656,104.0,True,6
3952,523.749,-5229.0,-2428.0,246.02857142857144,22181.526520331798,57.82857142857143,True,6
3953,523.901,-5270.755510199528,-2402.9267722414543,195.0,22189.17583333332,3.0,True,6
3954,523.989,-5311.0,-2370.0,193.68,22193.844208398237,3.0,True,6
3955,524.101,-5390.826177880082,-2295.9370189599163,192.0,22199.842499999984,3.0,True,6
3956,524.169,-5435.0,-2254.0,189.57142857142858,22203.378561068253,2.2714285714285714,True,6
3957,524.381,-5485.728646109911,-2206.0981600178466,182.0,22213.998055555538,0.0,True,6
3958,524.549,-5515.0,-2152.0,177.8,22222.208651687462,0.0,True,6
3959,524.701,-5577.705238642071,-2037.9179631249986,174.0,22229.464722222212,0.0,True,6
3960,524.729,-5587.0,-2021.0,173.18333333333334,22230.780168627083,0.11666666666666667,True,6
3961,524.941,-5607.276884918488,-1983.1895409574738,167.0,22240.598055555543,1.0,True,6
3962,525.089,-5610.0,-1966.0,167.0,22247.46398268913,0.3833333333333333,True,6
3963,525.181,-5619.952554184721,-1932.0962562561801,167.0,22251.731388888882,0.0,True,6
3964,525.369,-5648.0,-1831.0,167.0,22260.436062857836,0.0,True,6
3965,525.421,-5653.186474111303,-1804.1366622720138,167.0,22262.864722222213,0.0,True,6
3966,525.589,-5662.0,-1732.0,167.0,22270.719431707003,0.0,True,6
3967,525.621,-5662.553549314582,-1723.561549477575,167.0,22272.142499999987,0.0,True,6
3968,525.669,-5663.0,-1712.0,162.2,22274.210217038046,0.0,True,6
3969,525.781,-5663.947607503048,-1674.937367059043,151.0,22278.853611111095,0.0,True,6
3970,525.869,-5664.0,-1642.0,151.0,22282.53882936349,0.0,True,6
3971,526.101,-5659.010562717502,-1559.9416352668245,151.0,22292.27583333332,0.0,True,6
3972,526.149,-5657.0,-1543.0,149.62857142857143,22294.232840429642,0.0,True,6
3973,526.381,-5641.7468430191875,-1457.2382590287036,143.0,22303.39805555554,0.0,True,6
3974,526.389,-5641.0,-1454.0,142.76666666666668,22303.706791263452,0.0,True,6
3975,526.621,-5608.624504903888,-1346.1504263542245,136.0,22312.464722222205,0.0,True,6
3976,526.649,-5602.0,-1330.0,135.45555555555555,22313.497619770766,0.07777777777777778,True,6
3977,526.709,-5586.0,-1294.0,134.2888888888889,22315.693908059424,0.24444444444444446,True,6
3978,526.981,-5528.5569386406305,-1199.9499192200142,129.0,22325.364722222206,1.0,True,6
3979,527.01,-5522.0,-1192.0,128.2750016,22326.369074347946,1.0,True,6
3980,527.23,-5468.0,-1133.0,122.7750016,22333.82498660867,1.0,True,6
3981,527.261,-5461.669017851475,-1126.4694772350363,122.0,22334.853611111095,1.0,True,6
3982,527.49,-5415.0,-1088.0,118.56500096,22342.289580920355,1.57249984,True,6
3983,527.661,-5342.497506627098,-1049.1641476935868,116.0,22347.742499999986,2.0,True,6
3984,527.821,-5275.417764026863,-1017.1020409372401,114.0,22352.80916666665,2.0,False,6
3985,527.829,-5273.0,-1016.0,113.91428571428571,22353.060002397666,1.9428571428571428,False,6
3986,528.101,-5230.648883399076,-1001.785326531882,111.0,22361.442499999983,0.0,False,6
3987,528.169,-5216.0,-999.0,110.32,22363.512938109525,0.0,False,6
3988,528.301,-5172.463428331643,-990.3967087992677,109.0,22367.498055555545,0.0,False,6
3989,528.429,-5127.0,-983.0,107.8,22371.294740553734,0.0,False,6
3990,528.621,-5087.221102853435,-981.0207522251815,106.0,22376.92027777776,0.0,False,6
3991,528.629,-5087.0,-981.0,105.96,22377.154874950058,0.0,False,6
3992,528.769,-5087.0,-981.0,105.26,22381.255242548228,0.0,False,6
3993,528.821,-5066.797431723197,-981.8243859978658,105.0,22382.753611111097,0.0,True,6
3994,528.949,-4987.0,-986.0,102.44,22386.35965509896,0.0,True,6
3995,529.021,-4957.553581524621,-989.4523009066079,101.0,22388.364722222206,0.0,False,6
3996,529.209,-4919.0,-1002.0,100.32857142857142,22393.586791618087,0.0,False,6
3997,529.301,-4897.708470022546,-1009.8805157408862,100.0,22396.142499999987,0.0,False,6
3998,529.501,-4843.68195719688,-1032.7637195708264,100.0,22401.698055555542,0.0,False,6
3999,529.529,-4836.0,-1037.0,99.825,22402.471347759674,0.0,False,6
4000,529.661,-4799.8782900145425,-1060.6806294055707,99.0,22406.098055555543,0.0,False,6
4001,529.709,-4787.0,-1071.0,98.76,22407.410204040214,0.0,False,6
4002,529.861,-4748.238505225476,-1109.1523353390482,98.0,22411.54249999999,0.0,False,6
4003,529.909,-4738.0,-1121.0,97.8,22412.84014288502,0.0,False,6
4004,530.101,-4710.355642640354,-1162.195692961525,97.0,22418.009166666656,0.0,False,6
4005,530.309,-4695.0,-1199.0,97.0,22423.616070114236,0.0,False,6
4006,530.381,-4690.755572156533,-1210.7217346378688,97.0,22425.5536111111,0.0,False,6
4007,530.541,-4683.284010766047,-1234.9091509357809,97.0,22429.864722222213,0.0,False,6
4008,530.749,-4677.0,-1266.0,99.31111111111112,22435.634615828647,24.266666666666666,False,6
4009,530.901,-4674.725739897652,-1290.6809475634038,101.0,22439.964722222212,42.0,False,6
4010,530.969,-4675.0,-1306.0,102.36,22441.928409897773,43.02,False,6
4011,531.101,-4678.41899516506,-1346.3697344408204,105.0,22445.798055555548,45.0,False,6
4012,531.169,-4681.0,-1366.0,105.75555555555556,22447.829953109525,36.5,False,6
4013,531.389,-4693.0,-1414.0,108.2,22454.52839538898,9.000000000000002,False,6
4014,531.461,-4700.13644260647,-1435.4050633115455,109.0,22456.69805555555,0.0,True,6
4015,531.549,-4709.0,-1461.0,108.12,22459.32128712283,0.0,True,6
4016,531.661,-4716.015086757299,-1480.3778722004793,107.0,22462.642499999987,0.0,True,6
4017,531.749,-4724.0,-1498.0,107.0,22465.265074538176,0.0,True,6
4018,531.821,-4735.275513319039,-1520.8398847426981,107.0,22467.398055555546,0.0,True,6
4019,531.929,-4755.0,-1560.0,105.38,22470.54552767278,0.0,True,6
4020,532.021,-4767.760643372165,-1585.9753240395637,104.0,22473.175833333327,0.0,True,6
4021,532.149,-4781.0,-1614.0,102.4,22476.75532995922,0.0,True,6
4022,532.329,-4796.0,-1652.0,100.15,22481.667361949636,0.0,True,6
4023,532.421,-4802.639917963679,-1681.7250419274321,99.0,22484.175833333327,0.0,False,6
4024,532.581,-4811.258646516418,-1741.023956490208,98.0,22488.531388888885,0.0,False,6
4025,532.609,-4812.0,-1749.0,97.65,22489.284036582045,0.0,False,6
4026,532.821,-4809.9836977782015,-1786.449897253141,95.0,22494.864722222213,0.0,False,6
4027,532.889,-4807.0,-1799.0,94.15,22496.612860717585,0.0,False,6
4028,533.141,-4788.665049159918,-1863.9528724168235,91.0,22502.9536111111,0.0,False,6
4029,533.149,-4788.0,-1866.0,90.96,22503.15303720384,0.56,False,6
4030,533.541,-4752.809511990758,-1948.0771004695753,89.0,22512.84249999999,28.0,False,6
4031,533.701,-4736.9798233098045,-1971.308419630063,89.0,22516.798055555548,28.0,False,6
4032,533.901,-4713.6754335577325,-1993.7269192140477,91.0,22521.853611111103,37.0,False,6
4033,534.061,-4686.892666275809,-2010.381672177253,94.0,22526.031388888885,37.0,False,6
4034,534.301,-4632.331474160681,-2033.850057668548,100.0,22532.69805555555,44.0,False,6
4035,534.389,-4608.0,-2042.0,101.88571428571429,22535.243719174097,45.885714285714286,False,6
4036,534.581,-4548.514365356919,-2058.208022733308,106.0,22540.942499999997,50.0,False,6
4037,534.609,-4540.0,-2060.0,106.2625,22541.784672403388,50.525,False,6
4038,534.829,-4470.0,-2062.0,108.325,22548.46588640471,54.65,False,6
4039,534.901,-4437.309304935065,-2052.538156689523,109.0,22550.631388888884,56.0,False,6
4040,535.061,-4343.441957320402,-2010.4579998441657,109.0,22555.47583333333,57.0,False,6
4041,535.229,-4245.0,-1931.0,121.6,22561.217574869486,65.4,False,6
4042,535.261,-4227.999615201148,-1911.547529519406,124.0,22562.364722222213,67.0,False,6
4043,535.541,-4104.128968444405,-1692.122691912573,134.0,22572.786944444444,69.0,False,6
4044,535.669,-4066.0,-1598.0,135.28,22577.6021451263,71.24,False,6
4045,535.941,-4026.4228529268885,-1448.2939884829814,138.0,22588.120277777773,76.0,False,6
4046,536.089,-4019.0,-1384.0,149.1,22594.272806989437,81.55,False,6
4047,536.101,-4018.636873003512,-1379.0785746349711,150.0,22594.786944444437,82.0,False,6
4048,536.421,-4021.207813430522,-1259.827348253885,163.0,22609.275833333333,100.0,False,6
4049,536.489,-4024.0,-1234.0,164.7,22612.491658866937,100.0,False,6
4050,536.861,-4067.6173897005056,-1065.024808034525,174.0,22630.542499999996,100.0,False,6
4051,536.909,-4084.0,-1034.0,174.0,22632.867696175286,100.0,False,6
4052,537.021,-4134.784903894228,-951.1443508985732,174.0,22638.275833333326,100.0,False,6
4053,537.109,-4169.0,-899.0,174.0,22642.508819202245,100.0,False,6
4054,537.221,-4186.538072564827,-873.3231416293522,174.0,22647.942499999997,100.0,False,6
4055,537.369,-4200.0,-860.0,177.7,22655.34288957446,100.0,False,6
4056,537.501,-4244.9635832100885,-808.2990246912956,181.0,22662.020277777774,100.0,False,6
4057,537.649,-4311.0,-731.0,181.0,22669.45839522939,100.0,False,6
4058,537.741,-4347.357052211128,-688.1857961868784,181.0,22674.08694444444,100.0,False,6
4059,537.949,-4434.0,-586.0,181.0,22684.6112687708,100.0,False,6
4060,538.061,-4499.776629845854,-508.9849762654801,181.0,22690.175833333327,100.0,False,6
4061,538.149,-4551.0,-449.0,181.0,22694.453077293787,100.0,False,6
4062,538.501,-4682.931120070061,-293.17530519370814,181.0,22712.298055555548,100.0,False,6
4063,538.589,-4706.0,-266.0,200.8,22717.66607334728,100.0,False,6
4064,538.701,-4732.243064090463,-235.3209935330618,226.0,22724.85361111111,100.0,False,6
4065,538.969,-4784.0,-175.0,229.94117647058823,22742.2630159298,100.0,False,6
4066,539.249,-4842.0,-106.0,234.05882352941177,22760.699772976084,100.0,False,6
4067,539.381,-4895.312365695158,-44.37870861489025,236.0,22769.43138888888,100.0,False,6
4068,539.529,-4959.0,29.0,237.3875,22779.24942997883,100.0,False,6
4069,539.701,-5008.151507049774,86.32823520431063,239.0,22790.675833333327,100.0,False,6
4070,539.869,-5089.0,181.0,239.0,22801.829253939206,100.0,False,6
4071,539.901,-5114.508607799151,210.78628209447965,239.0,22803.9536111111,100.0,False,6
4072,540.029,-5226.0,341.0,239.0,22812.451552691724,100.0,False,6
4073,540.061,-5245.706997134825,364.1108803749042,239.0,22814.57583333333,100.0,False,6
4074,540.261,-5287.969931228338,414.89078310204013,239.0,22827.853611111103,100.0,False,6
4075,540.37,-5316.0,448.0,239.77857097142856,22835.100216929677,100.0,False,6
4076,540.541,-5402.589574672185,548.8325921250753,241.0,22846.598055555558,100.0,False,6
4077,540.55,-5407.0,554.0,241.35999744,22847.212719934665,100.0,False,6
4078,540.741,-5484.382142377447,645.8010838163174,249.0,22860.431388888886,100.0,False,6
4079,540.79,-5504.0,669.0,249.22222196422268,22863.83861792824,100.0,False,6
4080,541.089,-5647.0,836.0,250.5782315215574,22884.672599669073,100.0,False,6
4081,541.182,-5701.077088646093,899.4990942765177,251.0,22891.178888888884,100.0,False,6
4082,541.309,-5783.0,996.0,251.7962384860211,22900.08749212195,100.0,False,6
4083,541.501,-5915.992835175228,1153.6379232721058,253.0,22913.597499999996,100.0,False,6
4084,541.529,-5931.0,1172.0,253.14,22915.570570793847,100.0,False,6
4085,541.701,-5984.813030158469,1243.8448380268433,254.0,22927.708611111106,100.0,False,6
4086,541.849,-6012.0,1298.0,254.4111111111111,22938.183543903695,100.0,False,6
4087,542.061,-6067.118180960421,1431.1375778172244,255.0,22953.208611111106,100.0,False,6
4088,542.149,-6093.0,1502.0,255.0,22959.43866764917,100.0,False,6
4089,542.309,-6141.0,1645.0,255.0,22970.760982821717,100.0,False,6
4090,542.421,-6171.163339860486,1735.9894926958152,255.0,22978.708611111106,100.0,False,6
4091,542.509,-6191.0,1796.0,255.44,22984.970113329073,100.0,False,6
4092,542.709,-6222.0,1891.0,256.44,22999.251213113574,100.0,False,6
4093,542.821,-6236.3558030696395,1934.8179535283414,257.0,23007.26416666666,100.0,False,6
4094,542.869,-6244.0,1958.0,257.0,23010.70070414262,76.0,False,6
4095,543.021,-6277.294020199968,2058.540048256175,257.0,23021.541944444434,0.0,False,6
4096,543.089,-6291.0,2100.0,255.78571428571428,23026.32698162776,0.0,False,6
4097,543.249,-6313.0,2167.0,252.92857142857142,23037.48322820544,0.0,False,6
4098,543.301,-6318.431598076614,2183.5778532830172,252.0,23041.14194444444,0.0,False,6
4099,543.469,-6338.0,2243.0,251.475,23053.12264154078,0.0,False,6
4100,543.621,-6373.8738415385305,2351.1235566455493,251.0,23063.453055555547,0.0,True,6
4101,543.729,-6404.0,2442.0,238.4,23070.11989501556,0.0,True,6
4102,543.981,-6468.427263348276,2637.220170750823,209.0,23084.353055555548,0.0,True,6
4103,543.989,-6470.0,2642.0,209.0,23084.805412146052,0.0,True,6
4104,544.449,-6532.0,2831.0,209.0,23111.495618677873,0.0,True,6
4105,544.461,-6534.8426452494505,2839.6064862408157,209.0,23112.219722222217,0.0,True,6
4106,544.609,-6573.0,2955.0,209.0,23121.23805017439,0.0,True,6
4107,544.701,-6587.278375765678,2998.2031991116105,209.0,23126.15305555555,0.0,True,6
4108,544.941,-6600.328181835769,3037.951910434765,137.0,23135.28638888889,0.0,True,6
4109,544.949,-6601.0,3040.0,136.625,23135.56411083463,0.0,True,6
4110,545.149,-6623.0,3107.0,127.25,23142.49265025543,0.0,True,6
4111,545.261,-6633.563635992753,3139.0643650207357,122.0,23146.13083333333,0.0,True,6
4112,545.389,-6648.0,3183.0,115.30909090909091,23149.94606124622,0.0,True,6
4113,545.589,-6682.0,3287.0,104.85454545454546,23155.300047267956,0.0,True,6
4114,545.701,-6691.519321245573,3316.0783848301426,99.0,23158.230833333335,0.0,True,6
4115,545.969,-6698.0,3335.0,93.78888888888889,23165.16157424121,0.0,True,6
4116,546.061,-6706.720562616745,3360.814831961149,92.0,23167.430833333332,0.0,False,6
4117,546.229,-6726.0,3420.0,87.8,23171.367026788124,0.0,False,6
4118,546.461,-6737.478541887654,3467.448950545188,82.0,23176.54194444444,0.0,False,6
4119,546.629,-6739.0,3489.0,80.32,23180.27343696662,0.0,False,6
4120,546.661,-6738.993750109519,3492.8858651664345,80.0,23180.986388888887,0.0,False,6
4121,546.821,-6736.984034865576,3513.218172461757,80.0,23184.54194444444,0.0,False,6
4122,546.85,-6736.0,3518.0,79.4562512,23185.171158491685,0.18124959999999998,False,6
4123,546.981,-6728.826323836346,3545.051198296321,77.0,23187.964166666665,1.0,False,6
4124,547.15,-6713.0,3584.0,77.7041664,23191.594209849914,22.8291584,False,6
4125,547.221,-6704.154063290407,3597.938774985425,78.0,23193.16416666667,32.0,False,6
4126,547.461,-6667.664267813638,3634.380940319861,83.0,23198.697500000002,39.0,False,6
4127,547.53,-6658.0,3642.0,83.6865667459715,23200.30686916357,42.77611710284326,False,6
4128,547.662,-6641.590438024192,3653.093153047452,85.0,23203.443333333336,50.0,False,6
4129,547.869,-6614.0,3665.0,91.65357348571429,23208.743697808604,52.95714377142857,False,6
4130,547.942,-6600.765757128305,3669.099456353765,94.0,23210.754444444443,54.0,False,6
4131,548.169,-6546.0,3676.0,103.48468064897058,23217.51639879284,60.955432475911756,False,6
4132,548.301,-6502.861646830606,3668.5865897380563,109.0,23221.62416666667,65.0,False,6
4133,548.369,-6478.0,3660.0,110.4875,23223.75522972465,67.3375,False,6
4134,548.621,-6379.971844475479,3603.1045486986254,116.0,23231.935277777775,76.0,False,6
4135,548.669,-6366.0,3594.0,118.7,23233.606105038292,79.6,False,6
4136,548.941,-6327.1173561736405,3568.376528411272,134.0,23243.846388888887,100.0,False,6
4137,549.029,-6316.0,3561.0,138.62,23247.452708719866,100.0,False,6
4138,549.289,-6258.0,3521.0,152.27,23258.76902990143,100.0,False,6
4139,549.341,-6237.527175740599,3505.8422108514114,155.0,23261.068611111114,100.0,False,6
4140,549.509,-6163.0,3449.0,158.73333333333332,23268.53272775007,100.0,False,6
4141,549.701,-6112.20124125411,3407.3226719197787,163.0,23277.36861111111,100.0,False,6
4142,549.749,-6101.0,3398.0,165.8,23279.673666384464,100.0,False,6
4143,549.941,-6044.864461272617,3350.043016462862,177.0,23289.168611111112,100.0,False,6
4144,549.989,-6019.0,3325.0,177.6,23291.56011388338,100.0,False,6
4145,550.249,-5806.0,3100.0,180.85,23304.595997610988,100.0,False,6
4146,550.409,-5720.0,2989.0,182.85,23312.929831285088,100.0,False,6
4147,550.421,-5715.098627871971,2982.2802803370205,183.0,23313.568611111114,100.0,False,6
4148,550.609,-5657.0,2899.0,193.96666666666667,23323.81207375783,100.0,False,6
4149,550.661,-5643.347191483312,2878.2056489144156,197.0,23326.701944444438,100.0,False,6
4150,550.869,-5598.0,2806.0,200.64,23338.452380876828,100.0,False,6
4151,551.061,-5559.745824527091,2740.9211526147033,204.0,23349.36861111111,100.0,False,6
4152,551.089,-5543.0,2711.0,204.0,23350.951150523906,100.0,False,6
4153,551.129,-5514.0,2659.0,204.0,23353.20776568231,100.0,False,6
4154,551.261,-5474.646747317841,2588.8638072564536,204.0,23360.701944444438,100.0,False,6
4155,551.389,-5460.0,2563.0,207.2,23368.18304857175,100.0,False,6
4156,551.649,-5334.0,2336.0,213.7,23383.76355868303,100.0,False,6
4157,551.661,-5329.360069169479,2327.638179780944,214.0,23384.47972222222,100.0,False,6
4158,551.821,-5291.967586012179,2260.3242715256392,214.0,23393.99083333333,100.0,False,6
4159,552.089,-5246.0,2178.0,214.0,23409.876797882273,100.0,False,6
4160,552.141,-5223.326808701052,2137.314198318023,214.0,23413.01305555555,100.0,False,6
4161,552.229,-5183.0,2065.0,216.2,23418.382441204296,100.0,False,6
4162,552.461,-5121.823478311018,1956.0462331121093,222.0,23432.74638888889,100.0,False,6
4163,552.469,-5119.0,1951.0,222.0,23433.240147791003,100.0,False,6
4164,552.661,-5023.635491318015,1779.986115653717,222.0,23445.079722222217,100.0,False,6
4165,552.749,-4983.0,1707.0,223.32,23450.561524715835,100.0,False,6
4166,552.861,-4946.268177569511,1640.9629496100704,225.0,23457.579722222217,100.0,False,6
4167,553.009,-4910.0,1576.0,225.925,23466.87075424355,100.0,False,6
4168,553.021,-4906.834066696564,1570.364073523496,226.0,23467.62416666666,100.0,False,6
4169,553.301,-4822.080503053851,1419.3811173885354,226.0,23485.201944444445,100.0,False,6
4170,553.33,-4812.0,1401.0,226.12083306666668,23487.024359698604,100.0,False,6
4171,553.541,-4730.508795552529,1252.9242562689342,227.0,23500.335277777784,100.0,False,6
4172,553.59,-4709.0,1218.0,227.9187488,23503.457188619308,100.0,False,6
4173,553.701,-4656.264876838664,1140.4812026755967,230.0,23510.557500000003,100.0,False,6
4174,553.95,-4541.0,995.0,230.0,23526.456388207196,100.0,False,6
4175,554.021,-4518.349761916606,968.9820362785679,230.0,23531.00194444444,100.0,False,6
4176,554.222,-4478.207482442967,931.01542369237,231.0,23543.899444444447,100.0,False,6
4177,554.369,-4446.0,906.0,229.1624992,23553.256110179296,8.124959999999993,False,6
4178,554.382,-4442.60493520835,903.3774276752005,229.0,23554.077222222222,0.0,False,6
4179,554.662,-4349.893320999081,832.9190526497968,224.0,23571.499444444446,3.0,False,6
4180,554.769,-4310.0,805.0,221.84924563642352,23578.05813884639,1.3869342273176355,False,6
4181,554.861,-4275.078266918159,782.0669772386019,220.0,23583.660555555558,0.0,False,6
4182,555.061,-4184.626720770341,733.0581721961959,217.0,23595.716111111113,29.0,False,6
4183,555.069,-4180.0,731.0,216.86666666666667,23596.193581525295,29.733333333333334,False,6
4184,555.301,-4011.8724627206075,668.1971531237236,213.0,23609.916111111117,51.0,False,6
4185,555.429,-3916.0,638.0,213.0,23617.482265882587,56.333333333333336,False,6
4186,555.541,-3840.33001892811,616.9985430471922,213.0,23624.116111111114,61.0,False,6
4187,555.781,-3704.009391458358,589.0330131011622,214.0,23638.382777777777,70.0,False,6
4188,555.941,-3631.2841629154614,583.4506644150418,215.0,23647.93833333334,77.0,False,6
4189,556.101,-3544.365258316394,591.4498705606476,215.0,23657.493888888894,78.0,False,6
4190,556.261,-3432.1034191432636,614.2467708428806,215.0,23667.04944444445,78.0,False,6
4191,556.369,-3342.0,638.0,215.0,23673.499542645273,79.08,False,6
4192,556.461,-3256.1376184320748,663.5521535753043,215.0,23678.993888888894,80.0,False,6
4193,556.569,-3161.0,695.0,215.0,23685.44337877204,80.0,False,6
4194,556.821,-3037.253527180842,752.2166493909557,215.0,23700.493888888894,80.0,False,6
4195,556.949,-2991.0,780.0,215.0,23708.142427876533,81.06666666666666,False,6
4196,557.061,-2944.149298014564,809.1114644678653,215.0,23714.82722222223,82.0,False,6
4197,557.069,-2940.0,812.0,215.0,23715.30411908823,82.0,False,6
4198,557.221,-2834.655503836099,894.2246132352325,215.0,23724.382777777784,82.0,False,6
4199,557.369,-2731.0,982.0,217.64285714285714,23733.394959941506,83.05714285714286,False,6
4200,557.501,-2676.0213850124655,1032.478082270818,220.0,23741.493888888894,84.0,False,6
4201,557.781,-2608.16291093945,1131.771627367336,220.0,23758.605000000003,85.0,False,6
4202,557.789,-2605.0,1137.0,220.0222222222222,23759.09478342349,85.0,False,6
4203,558.049,-2503.0,1309.0,220.74444444444444,23775.058326708713,85.0,False,6
4204,558.069,-2503.0,1309.0,220.8,23776.28654005788,85.0,False,6
4205,558.141,-2496.2696070310444,1323.0286537729367,221.0,23780.705,85.0,False,6
4206,558.461,-2374.6774410223193,1573.4498416325764,221.0,23800.34944444445,86.0,False,6
4207,558.469,-2372.0,1579.0,221.1,23800.84441635751,85.9,False,6
4208,558.701,-2315.5706605259547,1697.3124738946597,224.0,23815.282777777786,83.0,False,6
4209,558.889,-2282.0,1768.0,222.825,23826.98681352863,41.875,False,6
4210,559.021,-2256.8739203474615,1820.015781985879,222.0,23835.016111111116,13.0,True,6
4211,559.269,-2203.0,1930.0,212.4181818181818,23849.384772456237,6.236363636363636,True,6
4212,559.461,-2151.3024192951066,2032.7304632849657,205.0,23860.07166666667,1.0,True,6
4213,559.469,-2149.0,2037.0,204.66666666666666,23860.511818360646,1.0666666666666667,True,6
4214,559.649,-2092.0,2131.0,197.16666666666666,23870.298318963367,2.566666666666667,True,6
4215,559.701,-2071.6156681889,2158.440624488624,195.0,23873.07166666667,3.0,True,6
4216,559.809,-2030.0,2210.0,191.85,23878.745232615474,3.9,True,6
4217,559.941,-2002.2510127426508,2244.2418015323333,188.0,23885.605000000003,5.0,False,6
4218,560.09,-1951.0,2286.0,187.0687504,23893.35109776465,2.2062512,False,6
4219,560.101,-1943.9455796332809,2291.199546741562,187.0,23893.916111111117,2.0,False,6
4220,560.21,-1862.0,2350.0,184.2750016,23899.441298997583,2.9083328,False,6
4221,560.341,-1802.9427337422446,2390.9634004085237,181.0,23905.982777777783,4.0,False,6
4222,560.541,-1743.8045726142186,2415.373182162624,179.0,23915.927222222228,1.0,False,6
4223,560.55,-1739.0,2417.0,178.865672554244,23916.370398778985,0.9552241847479991,False,6
4224,560.742,-1610.3106247210362,2457.733148833485,176.0,23925.75388888889,0.0,False,6
4225,560.75,-1606.0,2459.0,176.0,23926.14545960901,0.37142857142857144,False,6
4226,561.009,-1527.0,2475.0,176.0,23938.81772662631,12.396431542857144,False,6
4227,561.022,-1522.7222473974296,2475.4333982840894,176.0,23939.442777777782,13.0,False,6
4228,561.302,-1410.1435940906342,2483.9083484422154,169.0,23952.587222222224,13.0,False,6
4229,561.309,-1408.0,2484.0,168.91222492043136,23952.91100738621,13.24138146881375,False,6
4230,561.489,-1358.0,2482.0,166.65517208172096,23961.180411811307,19.448276775267356,False,6
4231,561.621,-1280.7346161942962,2470.223318288642,165.0,23967.20805555555,24.0,False,6
4232,561.789,-1171.0,2449.0,164.4,23974.864228690305,32.4,False,6
4233,561.901,-1130.1714338484408,2436.9234467995907,164.0,23979.96361111111,38.0,False,6
4234,562.029,-1096.0,2422.0,164.0,23985.790355699603,38.53333333333333,False,6
4235,562.141,-1057.6040770009195,2404.7747770949272,164.0,23990.896944444445,39.0,False,6
4236,562.329,-980.0,2364.0,164.94,23999.51060309155,46.52,False,6
4237,562.341,-974.7768709564281,2360.7071186348876,165.0,24000.06361111111,47.0,False,6
4238,562.541,-887.7234346382489,2297.854281893672,167.0,24009.34138888889,50.0,False,6
4239,562.609,-867.0,2282.0,167.425,24012.514969934404,51.275,False,6
4240,562.769,-836.0,2256.0,168.425,24020.018329246544,54.275,False,6
4241,562.861,-806.5600831073606,2225.80405551393,169.0,24024.363611111112,56.0,False,6
4242,562.949,-775.0,2191.0,170.1,24028.54275396373,56.36666666666667,False,6
4243,563.101,-730.6828308341268,2135.070440974969,172.0,24035.83027777778,57.0,False,6
4244,563.169,-714.0,2111.0,172.68,24039.12864995883,37.96,False,6
4245,563.289,-688.0,2069.0,173.88,24044.92811775666,4.359999999999997,False,6
4246,563.301,-685.5499218675748,2064.766720175108,174.0,24045.496944444443,1.0,True,6
4247,563.541,-639.0924786157998,1974.6472955423571,166.0,24056.56361111111,1.0,True,6
4248,563.589,-629.0,1953.0,166.0,24058.788422024358,0.7000000000000001,True,6
4249,563.701,-603.5555510969225,1896.5335327677083,166.0,24063.94138888889,0.0,True,6
4250,563.749,-592.0,1871.0,163.12,24066.06783759457,0.0,True,6
4251,563.901,-555.5797891863209,1792.3996889544887,154.0,24072.496944444436,0.0,True,6
4252,563.909,-554.0,1789.0,153.63333333333333,24072.825724776274,0.0,True,6
4253,564.141,-522.1922949034257,1719.6340693610525,143.0,24082.03027777777,0.0,True,6
4254,564.149,-521.0,1717.0,142.82857142857142,24082.340375899454,0.0,True,6
4255,564.421,-468.6568063015659,1601.5871049145962,137.0,24092.68583333333,0.0,True,6
4256,564.429,-467.0,1598.0,136.9,24092.985526073193,0.0,True,6
4257,564.749,-404.0,1462.0,132.9,24104.76960376225,0.0,True,6
4258,564.821,-392.75792752890584,1435.3504766509282,132.0,24107.352499999994,0.0,True,6
4259,565.029,-358.0,1362.0,127.45,24114.65482362771,0.0,True,6
4260,565.141,-327.128661232538,1318.2322630787603,125.0,24118.463611111103,0.0,True,6
4261,565.289,-286.0,1268.0,121.3,24123.346578155506,0.0,True,6
4262,565.421,-266.00855856842753,1246.2321364887896,118.0,24127.641388888886,0.0,False,6
4263,565.669,-237.0,1233.0,118.0,24135.749292808337,0.0,False,6
4264,565.829,-191.0,1213.0,118.0,24141.00452363721,0.0,False,6
4265,565.901,-169.13277984786194,1205.839672381792,118.0,24143.374722222215,0.0,False,6
4266,566.129,-104.0,1195.0,118.0,24150.85529373578,0.0,False,6
4267,566.141,-100.94228135505288,1194.8713059812937,118.0,24151.241388888884,0.0,False,6
4268,566.209,-84.0,1195.0,116.86666666666666,24153.40910817744,1.7,False,6
4269,566.381,-37.46954972219277,1202.5930598473856,114.0,24158.841388888883,6.0,False,6
4270,566.57,12.0,1216.0,116.69999908571428,24165.013011443953,34.349990399999996,False,6
4271,566.661,31.817877227164338,1221.5865497254713,118.0,24168.019166666658,48.0,False,6
4272,566.73,50.0,1231.0,118.8624992,24170.3003752602,49.2937488,False,6
4273,566.821,83.24516461889645,1256.0405053887523,120.0,24173.352499999994,51.0,False,6
4274,566.95,134.0,1301.0,123.76249813333334,24177.864677468475,56.37499733333333,False,6
4275,567.061,163.21900177881847,1329.8271703181892,127.0,24181.81916666666,61.0,False,6
4276,567.342,200.94606464082955,1381.0468231688872,130.0,24191.966388888883,68.0,False,6
4277,567.389,210.0,1393.0,132.21944746666668,24193.783283609606,68.7833344,False,6
4278,567.702,298.159378968174,1502.6925534657505,147.0,24206.66638888888,74.0,False,6
4279,567.809,329.0,1541.0,148.14642925714287,24211.101669579824,74.0,False,6
4280,567.982,372.89351085016557,1596.3323010422039,150.0,24218.333055555544,74.0,False,6
4281,568.009,379.0,1604.0,150.79079664179505,24219.48350685325,74.56485474413931,False,6
4282,568.221,423.1370986380236,1657.9870703437919,157.0,24228.756111111106,79.0,False,6
4283,568.249,430.0,1666.0,158.05,24230.019414205228,79.0875,False,6
4284,568.541,521.9794362846632,1773.654751167495,169.0,24243.77833333333,80.0,False,6
4285,568.629,548.0,1814.0,173.4,24248.14763227316,80.36666666666666,False,6
4286,568.781,585.4183110650793,1891.8530238816093,181.0,24255.844999999994,81.0,False,6
4287,568.969,601.0,2002.0,183.82,24265.440340121793,98.86,False,6
4288,568.981,600.0577260415113,2009.5305900682947,184.0,24266.06722222222,100.0,False,6
4289,569.141,565.1411693369809,2115.667294797402,192.0,24274.600555555553,100.0,False,6
4290,569.301,505.8305604236911,2222.736378648516,194.0,24283.22277777778,100.0,False,6
4291,569.369,483.0,2263.0,195.36,24286.931014837035,100.0,False,6
4292,569.501,443.2882754110583,2331.9182348940813,198.0,24294.222777777773,100.0,False,6
4293,569.749,372.0,2453.0,203.425,24308.281795131195,100.0,False,6
4294,569.821,347.3037906267156,2495.1140052306737,205.0,24312.445,100.0,False,6
4295,569.929,311.0,2557.0,207.3625,24318.7556270552,100.0,False,6
4296,570.141,260.6620595610498,2641.9746729676353,212.0,24331.28944444444,100.0,False,6
4297,570.189,250.0,2660.0,212.4,24334.130880746277,100.0,False,6
4298,570.381,203.0876432296865,2739.8997861798152,214.0,24345.55611111111,100.0,False,6
4299,570.489,164.0,2807.0,215.8,24352.09667529309,100.0,False,6
4300,570.649,89.0,2936.0,218.46666666666667,24361.915350402902,100.0,False,6
4301,570.741,57.933351829377905,2989.012875959853,220.0,24367.55611111111,100.0,False,6
4302,570.849,28.0,3040.0,220.0,24374.160284105972,100.0,False,6
4303,570.981,-14.43015280022789,3113.163266050824,220.0,24382.222777777773,100.0,False,6
4304,571.049,-37.0,3152.0,220.0,24386.380630245563,100.0,False,6
4305,571.261,-105.70677500984357,3268.9481755378715,220.0,24399.333888888883,100.0,False,6
4306,571.329,-128.0,3307.0,220.0,24403.469130258803,100.0,False,6
4307,571.421,-159.83049066943047,3361.5739704974694,220.0,24409.111666666664,100.0,False,6
4308,571.429,-163.0,3367.0,220.36,24409.609374725194,100.0,False,6
4309,571.621,-261.9327026056781,3535.658471500733,229.0,24421.833888888883,100.0,False,6
4310,571.729,-305.0,3609.0,230.62,24428.82102176136,100.0,False,6
4311,571.989,-340.0,3669.0,234.52,24445.838883688273,100.0,False,6
4312,572.021,-348.80547580552786,3684.094787246688,235.0,24447.944999999992,100.0,True,6
4313,572.189,-416.0,3799.0,236.4,24459.03870804714,100.0,True,6
4314,572.501,-544.4951166676279,4016.9698081136817,239.0,24479.81166666666,100.0,False,6
4315,572.529,-558.0,4040.0,239.42,24481.68741364043,100.0,False,6
4316,572.701,-647.9369953485195,4193.969587964978,242.0,24493.256111111114,100.0,False,6
4317,572.749,-669.0,4230.0,242.4,24496.501478616156,100.0,False,6
4318,573.05,-745.0,4359.0,244.9083328,24517.003476733975,100.0,False,6
4319,573.061,-747.4787495561657,4363.211078021185,245.0,24517.756111111114,100.0,False,6
4320,573.261,-803.4559459404705,4458.620851456698,247.0,24531.478333333333,100.0,False,6
4321,573.29,-816.0,4480.0,247.14499968,24533.475074754424,92.750016,False,6
4322,573.43,-887.0,4601.0,247.84499968,24543.14104172551,57.750016,False,6
4323,573.661,-925.9717823280336,4668.144284811043,249.0,24559.144999999997,0.0,False,6
4324,573.79,-952.0,4713.0,249.0,24568.07817968029,0.0,False,6
4325,573.822,-963.0661674494012,4731.966024232961,249.0,24570.28083333333,0.0,False,6
4326,573.99,-1038.0,4860.0,246.6,24581.721502710185,0.0,False,6
4327,574.102,-1078.6148520915492,4928.990494095105,245.0,24589.336388888885,0.0,False,6
4328,574.262,-1120.8288795364272,5000.093571490396,245.0,24600.225277777776,0.0,False,6
4329,574.389,-1155.0,5058.0,239.70833066666665,24608.55721549561,0.0,False,6
4330,574.649,-1231.0,5188.0,228.87499733333334,24624.675643932627,0.0,False,6
4331,574.742,-1254.1529958042297,5227.658214919794,225.0,24630.225277777776,0.0,True,6
4332,574.869,-1286.0,5282.0,210.62264005126437,24637.598911302142,0.0,True,6
4333,574.901,-1295.2542852226359,5297.716642712754,207.0,24639.36777777777,0.0,True,6
4334,575.209,-1393.0,5463.0,179.0875,24654.60632595425,0.0,True,6
4335,575.221,-1395.9081030921911,5467.928298032364,178.0,24655.189999999995,0.0,True,6
4336,575.429,-1439.0,5541.0,178.0,24665.469846221247,0.0,True,6
4337,575.461,-1447.4000048291925,5555.147951693496,178.0,24667.056666666664,0.0,True,6
4338,575.629,-1495.0,5635.0,178.0,24675.36405134495,0.0,True,6
4339,575.661,-1501.5194176677535,5645.902685152267,178.0,24676.945555555554,0.0,True,6
4340,575.821,-1518.2377018692257,5673.643369853087,178.0,24684.856666666667,0.0,True,6
4341,575.989,-1531.0,5695.0,178.0,24693.162105362637,0.0,True,6
4342,576.061,-1540.3321154969406,5710.831921882029,178.0,24696.723333333335,0.0,True,6
4343,576.261,-1573.0079609890763,5766.307564199941,178.0,24706.612222222226,0.0,True,6
4344,576.289,-1577.0,5773.0,178.0,24707.99100165646,0.0,True,6
4345,576.469,-1603.0,5816.0,178.0,24716.810016336873,0.0,True,6
4346,576.629,-1644.0,5884.0,178.0,24724.58438445053,0.0,True,6
4347,576.929,-1675.0,5936.0,178.0,24739.009280234255,0.0,True,6
4348,577.129,-1700.0,5979.0,178.0,24748.81284080573,0.0,True,6
4349,577.501,-1766.4421880139762,6044.041569744804,178.0,24767.923333333332,0.0,True,6
4350,577.529,-1771.0,6047.0,178.0,24769.40785938232,0.0,True,6
4351,577.661,-1792.4802481474119,6056.31289405209,178.0,24775.834444444445,0.0,True,6
4352,577.689,-1799.0,6057.0,163.475,24776.813964440036,0.0,True,6
4353,577.821,-1843.919370942277,6053.400585334033,95.0,24780.056666666664,0.0,False,6
4354,577.949,-1886.0,6047.0,95.45714285714286,24783.323682062357,18.285714285714285,False,6
4355,578.101,-1904.5086043325064,6045.440002172742,96.0,24787.52333333333,40.0,False,6
4356,578.341,-1939.3461622032444,6016.021196442701,103.0,24794.39,44.0,False,6
4357,578.369,-1954.0,6005.0,103.875,24795.232115896782,45.3125,False,6
4358,578.409,-1978.0,5987.0,105.125,24796.452919771837,47.1875,False,6
4359,578.661,-2054.589118934032,5910.389261717348,113.0,24804.434444444443,59.0,False,6
4360,578.749,-2067.0,5893.0,113.0,24807.21650748683,59.0,False,6
4361,579.049,-2103.0,5844.0,113.0,24816.61898034256,59.0,False,6
4362,579.141,-2118.2561164324284,5822.924392780691,113.0,24819.50111111111,59.0,False,6
4363,579.309,-2150.0,5780.0,113.0,24824.771868628406,59.0,False,6
4364,579.501,-2184.113220252726,5739.134568084179,113.0,24830.801111111112,59.0,True,6
4365,579.63,-2211.0,5714.0,113.0,24834.85076907827,59.0,True,6
4366,579.821,-2262.4817385544575,5677.029978176805,113.0,24840.845555555556,59.0,False,6
4367,579.95,-2302.0,5653.0,113.0,24844.89421978278,59.0,False,6
4368,580.021,-2324.5846116876655,5640.294507964393,113.0,24847.123333333337,59.0,False,6
4369,580.29,-2437.0,5621.0,113.0,24855.57089066859,59.0,False,6
4370,580.341,-2470.0182410496377,5630.696294129936,113.0,24857.16777777778,59.0,False,6
4371,580.582,-2654.9155605353685,5721.764906892072,113.0,24864.732500000006,59.0,True,6
4372,580.629,-2682.0,5738.0,113.67142948571428,24866.23874719622,49.096415085714284,True,6
4373,580.862,-2748.976252782795,5794.148370937978,117.0,24873.832500000004,0.0,False,6
4374,581.069,-2771.0,5833.0,117.0,24880.560718377215,37.95001173333333,False,6
4375,581.102,-2775.6649177062295,5840.027525832373,117.0,24881.6325,44.0,False,6
4376,581.409,-2829.0,5915.0,117.0,24891.609871911096,44.0,False,6
4377,581.462,-2838.098857329138,5929.187841656746,117.0,24893.332500000004,44.0,False,6
4378,581.821,-2894.3064994393385,6033.728163051417,117.0,24905.0,44.0,True,6
4379,582.021,-2921.028447174201,6100.195123679237,117.0,24911.5,44.0,True,6
4380,582.181,-2938.552677781224,6163.206961174503,117.0,24916.700000000004,104.0,True,6
4381,582.389,-2956.0,6259.0,117.0,24923.510982171312,104.0,True,6
4382,582.421,-2958.1490016553616,6275.129796951244,117.0,24924.5,104.0,True,6
4383,582.469,-2961.0,6299.0,113.4,24925.938460300626,104.0,True,6
4384,582.581,-2965.238399850185,6346.609563279607,105.0,24929.166666666664,104.0,True,6
4385,582.709,-2966.0,6399.0,105.0,24932.8840271889,104.0,True,6
4386,582.741,-2965.5236638590395,6414.015552586168,105.0,24933.83333333333,104.0,True,6
4387,582.869,-2961.0,6479.0,107.13333333333334,24937.735695710428,73.6,True,6
4388,582.981,-2953.7295081434613,6535.111362114425,109.0,24941.1,47.0,True,6
4389,583.249,-2923.0,6664.0,109.0,24948.87101618368,72.125,True,6
4390,583.301,-2914.6361555106473,6688.344360487547,109.0,24950.788888888885,77.0,True,6
4391,583.349,-2906.0,6711.0,119.8,24952.744371903587,77.0,True,6
4392,583.541,-2860.2984537705197,6806.494026011457,163.0,24961.655555555553,77.0,False,6
4393,583.629,-2831.0,6852.0,163.0,24965.62637599236,77.0,False,6
4394,583.821,-2751.8766220532975,6948.859867359331,163.0,24974.33333333333,77.0,False,6
4395,583.849,-2742.0,6960.0,166.325,24975.704794771096,77.0,False,6
4396,583.981,-2706.8186588763415,6997.764149237112,182.0,24982.422222222216,77.0,False,6
4397,584.189,-2651.0,7038.0,182.0,24992.93082473692,77.0,False,6
4398,584.261,-2616.358959475412,7058.342332050893,182.0,24996.57777777777,77.0,False,6
4399,584.469,-2503.0,7121.0,183.3,25007.222549376907,77.0,False,6
4400,584.581,-2469.496833628176,7139.600315045146,184.0,25012.933333333327,77.0,False,6
4401,584.689,-2410.0,7157.0,184.0,25018.401461796384,77.675,False,6
4402,584.741,-2355.537605403907,7168.859780205419,184.0,25021.111111111102,78.0,False,6
4403,584.889,-2165.0,7206.0,192.88,25029.296230568914,86.14,False,6
4404,585.141,-2068.3085062072055,7224.421151838541,208.0,25044.22222222221,100.0,False,6
4405,585.301,-1999.7076264140455,7211.672889306324,215.0,25053.777777777774,100.0,False,6
4406,585.329,-1975.0,7208.0,215.56,25055.467317200295,100.0,False,6
4407,585.489,-1797.0,7183.0,218.76,25065.212098980235,100.0,False,6
4408,585.501,-1787.5229636944443,7181.605952727275,219.0,25065.944444444438,100.0,False,6
4409,585.741,-1741.9447698306535,7170.39814252578,221.0,25080.677777777775,100.0,False,6
4410,585.769,-1739.0,7169.0,221.7,25082.432550593352,100.0,False,6
4411,586.15,-1625.0,7132.0,231.2249984,25107.022199881947,100.0,False,6
4412,586.181,-1615.159114124112,7128.485845029322,232.0,25109.033333333333,100.0,False,6
4413,586.341,-1567.4032211225183,7109.437822892368,234.0,25119.433333333327,100.0,False,6
4414,586.45,-1524.0,7088.0,237.26999808,25126.67053234847,100.0,False,6
4415,586.541,-1476.447849652646,7062.334491474807,240.0,25132.766666666663,100.0,False,6
4416,586.75,-1344.0,6980.0,241.4928566857143,25146.790183503646,100.0,False,6
4417,586.821,-1299.7336028594239,6946.347255484633,242.0,25151.588888888888,100.0,False,6
4418,586.91,-1244.0,6898.0,243.33167007787253,25157.640269601616,100.0,False,6
4419,587.15,-1101.0,6744.0,246.92269309489367,25174.176077438628,100.0,False,6
4420,587.222,-1077.5611818860912,6715.97856365474,248.0,25179.213333333326,100.0,False,6
4421,587.449,-1032.0,6646.0,253.04444586666668,25195.327877714146,100.0,False,6
4422,587.582,-965.6358596127625,6541.558384915377,256.0,25204.81333333333,100.0,False,6
4423,587.782,-844.4266809031438,6351.835980351652,256.0,25219.035555555558,100.0,False,6
4424,587.809,-833.0,6334.0,256.0,25220.95705021512,100.0,False,6
4425,588.062,-783.5368026598026,6257.486679474691,256.0,25238.946666666663,100.0,False,6
4426,588.189,-757.0,6216.0,256.0,25247.887713390926,100.0,False,6
4427,588.381,-681.0287008909844,6096.32792031753,256.0,25261.631111111106,100.0,False,6
4428,588.389,-677.0,6090.0,256.64,25262.22234968662,100.0,False,6
4429,588.581,-567.4999809211301,5918.616320887377,272.0,25276.742222222223,100.0,False,6
4430,588.609,-553.0,5896.0,272.23333333333335,25278.869081742123,100.0,False,6
4431,588.821,-467.917853232325,5763.906809651458,274.0,25295.008888888886,100.0,False,6
4432,588.909,-434.0,5711.0,276.2,25301.826636312166,100.0,False,6
4433,589.101,-349.1749744562428,5577.457551826623,281.0,25316.864444444444,100.0,False,6
4434,589.249,-316.0,5525.0,281.0,25328.418600258105,100.0,False,6
4435,589.261,-315.8436317600954,5524.750321929909,281.0,25329.353333333325,100.0,False,6
4436,589.289,-316.0,5525.0,281.0,25331.533119097658,100.0,False,6
4437,589.461,-281.02115524311694,5470.468250999756,281.0,25344.964444444442,100.0,False,6
4438,589.621,-194.89410177599126,5335.739076665928,288.0,25357.764444444438,100.0,False,6
4439,589.669,-160.0,5281.0,289.2,25361.647424975054,100.0,False,6
4440,589.781,-62.367177706863465,5127.63329840322,292.0,25370.74222222221,100.0,False,6
4441,589.889,17.0,5003.0,292.0,25379.48714126929,100.0,False,6
4442,590.061,48.56640527753628,4954.055675197845,292.0,25393.45333333333,100.0,False,6
4443,590.149,66.0,4927.0,293.8333333333333,25400.68383776473,100.0,False,6
4444,590.301,140.12793243513906,4810.864560901969,297.0,25413.253333333327,100.0,False,6
4445,590.349,163.0,4775.0,297.3,25417.221199961146,100.0,False,6
4446,590.461,202.89917965183557,4712.44790597615,298.0,25426.497777777768,100.0,False,6
4447,590.689,292.0,4573.0,300.85,25445.614969788025,100.0,False,6
4448,590.781,370.09751012640754,4450.852166869077,302.0,25453.342222222207,100.0,False,6
4449,590.889,464.0,4304.0,302.0,25462.389044175987,100.0,False,6
4450,591.101,542.8467347749456,4180.726241053159,302.0,25480.18666666666,100.0,False,6
4451,591.309,588.0,4110.0,306.3333333333333,25497.91332239326,100.0,False,6
4452,591.341,601.0992566754351,4089.4683013653303,307.0,25500.65333333333,100.0,False,6
4453,591.621,768.2468662966968,3827.5160188797854,309.0,25524.686666666654,100.0,False,6
4454,591.709,814.0,3756.0,309.0,25532.23531911606,100.0,False,6
4455,591.821,859.0036372091081,3685.898108505346,309.0,25541.853333333325,100.0,False,6
4456,592.109,944.0,3554.0,310.8,25566.73233450736,100.0,False,6
4457,592.141,956.143680313872,3535.0216814281516,311.0,25569.497777777768,100.0,False,6
4458,592.341,1038.1973638548334,3406.39722812679,311.0,25586.77555555555,100.0,False,6
4459,592.349,1041.0,3402.0,311.0285714285714,25587.46778375229,100.0,False,6
4460,592.589,1127.0,3267.0,311.8857142857143,25608.27223353002,100.0,False,6
4461,592.621,1147.73094619399,3234.4533368330553,312.0,25611.04222222221,100.0,False,6
4462,592.709,1213.0,3132.0,311.56,25618.649223956752,100.0,False,6
4463,592.821,1285.0873011615681,3018.938234644672,311.0,25628.319999999992,100.0,False,6
4464,592.93,1347.0,2922.0,311.0,25637.73501397174,100.0,False,6
4465,593.101,1438.9476437657265,2778.457835380469,311.0,25652.50888888888,100.0,False,6
4466,593.261,1512.7874596143804,2663.4067648177443,311.0,25666.331111111096,100.0,False,6
4467,593.31,1531.0,2635.0,311.0,25670.56385836249,100.0,False,6
4468,593.501,1582.1321125981021,2555.07691354934,311.0,25687.064444444433,100.0,False,6
4469,593.702,1626.112567188707,2486.066872972281,311.0,25704.4286111111,100.0,False,6
4470,593.79,1660.0,2433.0,310.45,25712.009052869427,100.0,False,6
4471,593.862,1694.8550683112062,2378.449518870818,310.0,25718.206388888873,100.0,False,6
4472,594.049,1800.0,2214.0,310.0,25734.30823668986,100.0,False,6
4473,594.182,1864.308109823099,2113.5322129156352,310.0,25745.761944444435,100.0,False,6
4474,594.329,1935.0,2003.0,310.0,25758.420293065246,100.0,False,6
4475,594.342,1941.886911067163,1992.2156447632333,310.0,25759.53972222221,100.0,False,6
4476,594.569,2069.0,1793.0,310.0,25779.08694208834,100.0,False,6
4477,594.622,2094.905636195865,1752.4744136580407,310.0,25783.65083333332,100.0,False,6
4478,594.862,2189.715947827982,1604.6576488975138,310.0,25804.317499999983,104.0,True,6
4479,594.989,2242.0,1523.0,310.0,25815.253613475907,102.40752302795777,True,6
4480,595.181,2333.8840438068046,1379.0155619038665,310.0,25831.786944444437,100.0,False,6
4481,595.501,2520.201017727733,1085.99810391218,310.0,25859.342499999984,100.0,False,6
4482,595.909,2731.0,756.0,310.0,25894.475833339813,100.0,False,6
4483,595.941,2744.38390532362,735.2098082996504,310.0,25897.231388888882,100.0,True,6
4484,596.209,2861.0,554.0,310.0,25920.30916666633,103.82857142857142,True,6
4485,596.221,2868.2077421894946,542.702319150723,310.0,25921.34249999999,104.0,True,6
4486,596.421,3001.7647239864823,332.6531085407867,310.0,25938.564722222218,104.0,True,6
4487,596.429,3006.0,326.0,310.0,25939.253611111068,104.0,True,6
4488,596.741,3100.20953528137,179.32831580308869,310.0,25966.120277777765,104.0,True,6
4489,596.749,3103.0,175.0,310.0,25966.80916666666,104.0,True,6
4490,596.949,3195.0,32.0,310.0,25984.031388888958,104.0,True,6
4491,597.181,3342.2748490956756,-197.91319639206225,310.0,26004.009166666663,104.0,True,6
4492,597.329,3421.0,-321.0,310.0,26016.75361111109,104.0,True,6
4493,597.341,3425.96358755955,-328.7636830922655,310.0,26017.786944444437,104.0,True,6
4494,597.541,3481.303709661169,-415.4188988455222,310.0,26035.009166666663,104.0,True,6
4495,597.649,3518.0,-473.0,310.0,26044.309166665487,104.0,True,6
4496,597.741,3562.614113820713,-543.0301005176669,310.0,26052.231388888875,104.0,True,6
4497,597.901,3660.7883013719543,-697.150093364323,310.0,26066.00916666665,104.0,True,6
4498,597.949,3690.0,-743.0,310.0,26070.142499986832,104.0,True,6
4499,598.141,3801.8493419832203,-918.5066626997072,310.0,26086.67583333332,104.0,True,6
4500,598.329,3889.0,-1055.0,310.0,26102.86472230449,104.0,True,6
4501,598.341,3893.3302158933366,-1061.7637124526439,310.0,26103.898055555546,104.0,True,6
4502,598.661,3970.293835296302,-1181.2430815792236,310.0,26131.453611111094,104.0,True,6
4503,598.769,4013.0,-1248.0,310.0,26140.753620114185,104.0,True,6
4504,598.949,4110.0,-1400.0,310.0,26156.253648165242,104.0,True,6
4505,599.189,4186.0,-1518.0,310.0,26176.920362738485,104.0,True,6
4506,599.39,4288.0,-1678.0,310.0,26194.228658639637,104.0,True,6
4507,599.501,4355.018819775255,-1782.2325009946976,310.0,26203.78694444443,104.0,True,6
4508,599.55,4380.0,-1821.0,310.0,26208.006351947442,104.0,True,6
4509,599.65,4418.0,-1880.0,310.0,26216.61738367958,104.0,True,6
4510,599.89,4515.0,-2032.0,310.0,26237.284046752233,104.0,True,6
4511,599.941,4539.3174292725225,-2070.2618165504955,310.0,26241.675833333327,104.0,True,6
4512,600.07,4606.0,-2175.0,310.0,26252.78457637228,104.0,True,6
4513,600.142,4645.047089770625,-2235.862707127836,310.0,26258.98416666666,104.0,True,6
4514,600.25,4703.0,-2326.0,310.0,26268.282070336725,104.0,True,6
4515,600.342,4748.053044149255,-2396.4648076441854,310.0,26276.206388888873,104.0,True,6
4516,600.502,4817.255823281837,-2505.462355102328,310.0,26289.984166666647,104.0,True,6
4517,600.609,4859.0,-2571.0,310.0,26299.126964190793,104.0,True,6
4518,600.809,4929.0,-2680.0,310.0,26316.384143533105,104.0,True,6
4519,600.822,4933.293688124115,-2686.6517382001703,310.0,26317.53972222221,104.0,True,6
4520,601.009,4989.0,-2773.0,310.0,26333.81013895276,104.0,True,6
4521,601.022,4992.017038039194,-2777.7461881726877,310.0,26334.761944444435,104.0,True,6
4522,601.189,5026.0,-2832.0,238.428544,26344.10288077881,41.971404799999995,True,6
4523,601.302,5060.55856847692,-2886.3865212066535,190.0,26349.53972222221,0.0,True,6
4524,601.449,5112.0,-2967.0,190.0,26357.38792678542,0.0,True,6
4525,601.502,5128.326280862896,-2992.6933328189966,190.0,26360.095277777764,0.0,True,6
4526,601.729,5182.0,-3077.0,163.5166592,26370.30454785277,0.0,True,6
4527,601.742,5184.055679999067,-3080.1365394280015,162.0,26370.89527777776,0.0,True,6
4528,601.889,5204.0,-3110.0,162.0,26377.57495094325,0.0,True,6
4529,601.901,5206.125825093572,-3113.2547254453243,162.0,26378.05027777776,0.0,True,6
4530,602.101,5257.5321943802655,-3193.852017654758,112.0,26384.272499999985,0.0,True,6
4531,602.229,5290.0,-3245.0,112.0,26388.21160147497,0.0,True,6
4532,602.341,5311.280301682067,-3278.291341567216,112.0,26391.73916666665,0.0,True,6
4533,602.581,5339.41500868594,-3321.8222197461214,112.0,26399.20583333332,0.0,True,6
4534,602.629,5344.0,-3329.0,112.0,26400.73170066291,0.0,True,6
4535,602.781,5356.955992248045,-3349.580250086954,112.0,26405.428055555538,0.0,True,6
4536,602.949,5371.0,-3372.0,99.01818181818182,26409.577510516654,0.0,True,6
4537,603.169,5392.0,-3405.0,82.01818181818182,26413.910712700963,0.0,True,6
4538,603.221,5396.407010474956,-3411.9505854434888,78.0,26414.96138888887,0.0,True,6
4539,603.421,5411.974023898041,-3436.405354853094,75.0,26419.128055555535,0.0,True,6
4540,603.489,5419.0,-3447.0,75.0,26420.564840149178,0.0,True,6
4541,603.629,5436.0,-3473.0,75.0,26423.48946683557,0.0,True,6
4542,603.661,5439.307327716942,-3478.878910322853,75.0,26424.128055555535,0.0,False,6
4543,603.901,5454.6827651082185,-3517.0253870530614,67.0,26428.594722222202,0.0,False,6
4544,603.909,5455.0,-3518.0,66.94285714285714,26428.73989969054,0.0,False,6
4545,604.181,5457.328272226376,-3545.8278443901286,65.0,26433.650277777757,0.0,False,6
4546,604.189,5457.0,-3547.0,65.0,26433.794618658598,0.0,False,6
4547,604.381,5441.52411704011,-3584.0614591879034,65.0,26437.261388888866,0.0,False,6
4548,604.469,5432.0,-3599.0,65.0,26438.850353594054,0.0,False,6
4549,604.581,5418.99126680498,-3612.1800696650294,65.0,26440.872499999983,0.0,False,6
4550,604.589,5418.0,-3613.0,65.0,26441.01694224478,0.0,False,6
4551,604.821,5385.090112638946,-3632.5558052828837,65.0,26445.20583333331,0.0,False,6
4552,604.889,5374.0,-3636.0,65.0,26446.433530471593,35.36,False,6
4553,605.021,5350.492153299253,-3639.0652515990814,65.0,26448.81694444442,104.0,True,6
4554,605.049,5345.0,-3639.0,65.0,26449.322656445285,104.0,True,6
4555,605.229,5305.0,-3632.0,65.0,26452.573273346003,104.0,True,6
4556,605.261,5297.160513234179,-3629.4814118009,65.0,26453.150277777757,104.0,True,6
4557,605.409,5259.0,-3614.0,65.0,26455.814217071485,61.24444444444444,True,6
4558,605.621,5203.969419413865,-3588.7946350089114,65.0,26459.650277777757,0.0,False,6
4559,605.749,5177.0,-3576.0,65.0,26462.002780905517,0.0,False,6
4560,605.861,5159.932904671913,-3567.8984199754827,65.0,26463.983611111085,0.0,False,6
4561,606.05,5133.0,-3554.0,65.0,26466.973841860534,0.0,False,6
4562,606.27,5081.0,-3524.0,65.0,26471.12759019505,0.0,False,6
4563,606.301,5073.499397544265,-3519.455020869975,65.0,26471.92805555553,0.0,False,6
4564,606.55,5013.0,-3481.0,113.91070171428572,26480.111000264893,0.0,False,6
4565,606.581,5004.504618858759,-3475.5075691350235,120.0,26481.261388888866,0.0,False,6
4566,606.69,4971.0,-3453.0,131.38805664097325,26485.459205411455,28.74128580817061,False,6
4567,606.782,4935.025330345759,-3426.2114260228336,141.0,26489.133888888864,53.0,False,6
4568,606.91,4884.0,-3387.0,144.2,26494.376248503664,71.8,False,6
4569,607.102,4834.826941073054,-3352.3045742986883,149.0,26502.378333333305,100.0,False,6
4570,607.169,4818.0,-3342.0,149.0,26505.154717636484,100.0,False,6
4571,607.262,4791.296631336791,-3326.7663579114574,149.0,26509.000555555525,100.0,False,6
4572,607.389,4743.0,-3292.0,149.0,26514.255917662136,100.0,False,6
4573,607.502,4681.613673159011,-3232.2489111014256,149.0,26518.93388888886,100.0,False,6
4574,607.649,4600.0,-3140.0,149.0,26525.019951740636,100.0,False,6
4575,607.829,4542.0,-3058.0,149.0,26532.47045460481,100.0,False,6
4576,607.902,4528.401463886235,-3038.4852467495393,149.0,26535.48944444442,100.0,False,6
4577,607.989,4513.0,-3017.0,149.0,26539.08532246283,101.74000128,False,6
4578,608.102,4482.967467280765,-2974.35251566152,149.0,26543.767222222195,104.0,True,6
4579,608.189,4456.0,-2936.0,149.0,26547.394825162977,102.25999872,True,6
4580,608.302,4420.077017752567,-2885.187396148233,149.0,26552.044999999976,100.0,True,6
4581,608.469,4363.0,-2805.0,149.0,26558.79363055424,100.0,True,6
4582,608.502,4350.757085597398,-2787.8660825105208,149.0,26560.32277777775,100.0,False,6
4583,608.649,4293.0,-2707.0,187.83018995514365,26568.107676563,100.0,False,6
4584,608.661,4288.1454970054965,-2700.164355094457,191.0,26568.75861111108,100.0,False,6
4585,608.809,4230.0,-2618.0,191.0,26576.652390359974,100.0,False,6
4586,608.901,4202.026535369478,-2578.7688897230278,191.0,26581.491944444417,100.0,False,6
4587,609.029,4160.0,-2520.0,191.0,26588.19264573675,100.0,False,6
4588,609.221,4053.0991203764875,-2369.356852278306,191.0,26598.469722222195,100.0,False,6
4589,609.289,4021.0,-2324.0,196.525,26602.29005601677,100.0,False,6
4590,609.381,3991.104074011305,-2281.6381809227855,204.0,26607.53638888886,100.0,True,6
4591,609.609,3952.0,-2226.0,204.0,26620.456841902902,100.0,True,6
4592,609.621,3949.2847343207072,-2222.17098034411,204.0,26621.136388888866,100.0,True,6
4593,609.781,3903.821449366457,-2158.298442197672,204.0,26630.203055555532,100.0,True,6
4594,609.869,3871.0,-2112.0,204.0,26635.1902808008,100.0,True,6
4595,610.029,3802.0,-2014.0,204.0,26644.25693355305,100.0,True,6
4596,610.249,3728.0,-1907.0,204.0,26656.723067806313,100.0,True,6
4597,610.261,3723.3059166322673,-1900.1954080872752,204.0,26657.40305555553,100.0,True,6
4598,610.429,3654.0,-1800.0,204.0,26666.923047261123,100.0,True,6
4599,610.501,3634.921377360486,-1772.7344828491807,204.0,26671.003055555535,100.0,True,6
4600,610.589,3614.0,-1743.0,204.0,26675.989700203667,100.0,True,6
4601,610.701,3574.2314883112062,-1686.0360446024265,204.0,26682.33638888887,100.0,True,6
4602,610.849,3511.0,-1595.0,204.0,26690.72338426066,101.64444444444445,True,6
4603,611.061,3428.951082891681,-1476.2607910489182,204.0,26702.736388888872,104.0,True,6
4604,611.069,3426.0,-1472.0,204.0,26703.189649357264,104.0,True,6
4605,611.261,3357.7856132729107,-1373.977111498597,204.0,26714.0697222222,104.0,True,6
4606,611.421,3304.77064158779,-1298.5043128672944,204.0,26723.136388888874,104.0,True,6
4607,611.661,3235.369277681621,-1199.8774300914852,204.0,26736.736388888865,104.0,True,6
4608,611.909,3186.0,-1127.0,204.0,26751.482963338254,104.0,True,6
4609,612.021,3171.342031191542,-1103.9763061479352,204.0,26757.136388888866,104.0,True,6
4610,612.181,3153.78965180795,-1075.9234648992738,155.0,26764.025277777764,100.0,True,6
4611,612.309,3118.0,-1028.0,185.93333333333334,26771.580491203,66.93333333333334,True,6
4612,612.421,3067.1254747045837,-963.4182710580019,213.0,26778.22527777776,38.0,True,6
4613,612.49,3035.0,-929.0,196.48930102857142,26781.55724098649,38.0,True,6
4614,612.701,2960.492583497533,-901.4362217426661,146.0,26789.58083333332,38.0,True,6
4615,612.89,2929.0,-915.0,149.86590778181818,26797.371563133296,38.0,True,6
4616,613.141,2920.9263939379694,-915.6153228387739,155.0,26808.525277777757,38.0,False,6
4617,613.15,2919.0,-916.0,155.313430706764,26808.927541706384,39.880584240584035,False,6
4618,613.342,2843.2247404724462,-933.1462977910559,162.0,26817.570277777762,80.0,False,6
4619,613.37,2831.0,-936.0,162.7,26818.850014910066,81.75,False,6
4620,613.59,2734.0,-959.0,168.2,26829.149545574743,95.5,False,6
4621,613.662,2690.5475684801145,-969.3135665652864,170.0,26832.681388888872,100.0,False,6
4622,613.902,2524.034561147541,-1008.700522537393,186.0,26845.081388888873,100.0,False,6
4623,613.929,2510.0,-1012.0,186.843752,26846.52023703373,100.0,False,6
4624,614.222,2423.7384508484865,-1031.9839612340559,196.0,26862.503611111097,100.0,False,6
4625,614.329,2373.0,-1044.0,198.14000128,26868.395808717054,100.0,False,6
4626,614.422,2307.6306444670063,-1059.6155841248033,200.0,26873.614722222206,100.0,False,6
4627,614.509,2247.0,-1074.0,204.3500032,26878.64325979472,100.0,False,6
4628,614.662,2177.4835463282743,-1089.7867078491547,212.0,26887.748055555545,100.0,False,6
4629,614.729,2140.0,-1098.0,214.01000192,26891.792047100615,100.0,False,6
4630,614.862,2028.79091792754,-1122.271084601735,218.0,26899.859166666647,100.0,False,6
4631,614.989,1915.0,-1147.0,218.0,26907.497800456433,100.0,False,6
4632,615.102,1837.4318688379133,-1163.7283929445673,218.0,26914.39249999998,100.0,False,6
4633,615.269,1739.0,-1185.0,224.28213280860032,26924.992322557395,100.0,False,6
4634,615.421,1631.904833461992,-1208.6385049330452,230.0,26934.77305555554,100.0,False,6
4635,615.529,1553.0,-1226.0,230.0,26941.645039199982,100.0,False,6
4636,615.621,1487.8337425099103,-1240.1525896715611,230.0,26947.550833333313,100.0,False,6
4637,615.789,1368.0,-1266.0,237.56,26958.665930472693,100.0,False,6
4638,615.821,1343.8219206366437,-1271.2510010669073,239.0,26960.828611111094,100.0,False,6
4639,616.221,1031.3492525031172,-1339.8231605114095,252.0,26988.828611111094,100.0,False,6
4640,616.229,1026.0,-1341.0,252.15,26989.397334698595,100.0,False,6
4641,616.541,849.6808656079548,-1379.6611643210892,258.0,27011.761944444435,100.0,False,6
4642,616.609,811.0,-1388.0,259.7,27016.7139612714,100.0,False,6
4643,616.781,708.8464330029326,-1409.811992133687,264.0,27029.361944444427,100.0,False,6
4644,616.809,694.0,-1413.0,264.525,27031.433323606267,100.0,False,6
4645,616.941,629.5261968459245,-1427.0095653277692,267.0,27041.228611111095,100.0,False,6
4646,616.949,625.0,-1428.0,267.03333333333336,27041.82247915488,100.0,False,6
4647,617.129,488.0,-1458.0,267.78333333333336,27055.198563761252,100.0,False,6
4648,617.181,433.13418800361666,-1469.9333649415134,268.0,27059.095277777764,100.0,False,7
4649,617.421,138.91628683515808,-1533.6957204982366,273.0,27077.29527777777,100.0,False,7
4650,617.469,101.0,-1542.0,273.2181818181818,27080.944555495953,100.0,False,7
4651,617.769,4.0,-1564.0,274.58181818181816,27103.798146381574,100.0,False,7
4652,617.861,-66.16199969340653,-1579.1305342590279,275.0,27110.90638888887,100.0,False,7
4653,618.009,-210.0,-1610.0,279.31666666666666,27122.472572097235,100.0,False,7
4654,618.101,-286.14907928987884,-1626.5115300646976,282.0,27129.706388888873,100.0,False,7
4655,618.309,-425.0,-1657.0,283.3,27146.10856496101,100.0,False,7
4656,618.421,-487.8693718951403,-1670.8558091462828,284.0,27154.95083333332,100.0,False,7
4657,618.689,-640.0,-1704.0,284.0,27176.094828057205,100.0,False,7
4658,618.701,-648.6398393475829,-1705.8479274727197,284.0,27177.03972222221,100.0,True,7
4659,618.889,-806.0,-1740.0,284.0,27191.827302821926,100.0,True,7
4660,618.969,-884.0,-1758.0,284.0,27198.171997516765,100.0,True,7
4661,618.981,-896.3011968358854,-1760.8020399699164,284.0,27199.128611111097,100.0,False,7
4662,619.141,-1074.3480110536675,-1799.8088073835631,289.0,27211.973055555536,100.0,False,7
4663,619.25,-1187.0,-1824.0,289.0,27220.72592123421,100.0,False,7
4664,619.341,-1266.0033357975772,-1841.020352986017,289.0,27228.028611111098,100.0,False,7
4665,619.661,-1460.7981234902857,-1883.4069170463144,289.0,27253.717499999984,100.0,False,7
4666,619.73,-1500.0,-1892.0,289.0,27259.256865518786,100.0,False,7
4667,619.97,-1646.0,-1924.0,289.0,27278.523422049482,100.0,False,7
4668,620.022,-1683.2518908172174,-1932.08698833392,289.0,27282.697777777772,100.0,False,7
4669,620.27,-1891.0,-1977.0,289.0,27302.606484608834,100.0,False,7
4670,620.302,-1920.6374394181485,-1983.4438163484945,289.0,27305.17555555555,100.0,False,7
4671,620.509,-2125.0,-2028.0,289.0,27321.79401873776,100.0,False,7
4672,620.542,-2159.0147325401576,-2035.3927960637407,289.0,27324.44222222222,100.0,False,7
4673,620.709,-2291.0,-2064.0,289.0,27337.836723752902,100.0,False,7
4674,620.789,-2291.0,-2064.0,289.0,27344.251740115964,100.0,False,7
4675,620.942,-2414.547159349763,-2091.1045468079355,289.0,27356.55333333333,100.0,True,7
4676,621.189,-2770.0,-2169.0,290.23500032,27376.508242317068,100.0,True,7
4677,621.342,-2859.5783121430322,-2188.5610030138205,291.0,27388.886666666658,100.0,False,7
4678,621.589,-2936.0,-2205.0,291.0,27408.853159305196,100.0,False,7
4679,621.662,-2994.4570047807215,-2217.646107382791,291.0,27414.753333333327,100.0,False,7
4680,621.769,-3093.0,-2239.0,291.0,27423.4022595414,100.0,False,7
4681,621.902,-3194.6423157441445,-2261.1111911227745,291.0,27434.15333333333,100.0,False,7
4682,622.101,-3314.4161346071733,-2287.33615542818,291.0,27450.23916666666,100.0,False,7
4683,622.209,-3386.0,-2303.0,291.0,27458.96912074351,100.0,False,7
4684,622.421,-3548.4020090373683,-2338.476073277507,291.0,27476.105833333328,100.0,False,7
4685,622.621,-3721.777554167837,-2376.4520366239335,291.0,27492.272499999992,100.0,False,7
4686,622.649,-3747.0,-2382.0,291.0,27494.53562129449,100.0,False,7
4687,622.821,-3930.535498335339,-2422.2890585808927,291.0,27508.439166666663,100.0,False,7
4688,622.829,-3943.0,-2425.0,291.0,27509.086143273125,97.77777777777777,False,7
4689,622.969,-4197.0,-2480.0,291.0,27520.41360401862,58.88888888888889,False,7
4690,623.181,-4313.652052414333,-2505.3545607649394,291.0,27537.539166666662,0.0,False,7
4691,623.349,-4353.0,-2514.0,291.0,27551.035891104264,0.0,False,7
4692,623.529,-4500.0,-2546.0,291.0,27565.54427826326,0.0,False,7
4693,623.621,-4559.468170867834,-2559.192038558178,291.0,27573.10583333332,0.0,False,7
4694,623.709,-4618.0,-2567.0,291.0,27580.437647006715,0.0,False,7
4695,623.981,-4888.834249835497,-2558.750183874838,291.0,27602.20583333332,0.0,True,7
4696,623.989,-4896.0,-2558.0,289.5833333333333,27602.76753485135,0.016666666666666666,True,7
4697,624.461,-5149.308077478489,-2475.777775784805,206.0,27629.672499999986,1.0,True,7
4698,624.509,-5169.0,-2464.0,206.0,27632.378341265387,1.2,True,7
4699,624.701,-5248.742621976048,-2411.3222658036575,206.0,27643.405833333323,2.0,True,7
4700,625.021,-5382.639749619883,-2304.9291324567253,196.0,27660.82805555554,2.0,True,7
4701,625.221,-5453.349370776059,-2233.2048289342224,188.0,27671.272499999985,1.0,True,7
4702,625.309,-5480.0,-2201.0,185.8,27675.7968727302,1.44,True,7
4703,625.421,-5509.9760761793605,-2159.440705240315,183.0,27681.439166666656,2.0,True,7
4704,625.529,-5536.0,-2118.0,178.37142857142857,27686.681289112,1.6142857142857143,True,7
4705,625.701,-5574.127042013792,-2047.775458061299,171.0,27694.73916666665,1.0,True,7
4706,625.83,-5599.0,-1993.0,168.23571565714286,27700.677236845957,0.5392859428571428,True,7
4707,625.981,-5623.10137419907,-1927.9240098499401,165.0,27707.57249999998,0.0,True,7
4708,626.05,-5632.0,-1899.0,165.0,27710.725805407383,0.0,True,7
4709,626.221,-5648.054602930878,-1830.73748048683,165.0,27718.57249999998,0.0,True,7
4710,626.29,-5653.0,-1802.0,165.0,27721.768321254458,0.0,True,7
4711,626.57,-5665.0,-1672.0,165.0,27734.677496471086,0.0,True,7
4712,626.622,-5664.682653243731,-1646.9178822653223,165.0,27736.951666666646,0.0,True,7
4713,626.85,-5658.0,-1552.0,154.91538461538462,27746.33543578469,0.0,True,7
4714,627.089,-5643.0,-1464.0,144.34422793846153,27755.46605523208,0.0,True,7
4715,627.129,-5631.0,-1416.0,142.57499716923076,27756.973902925027,0.0,True,7
4716,627.142,-5627.14428525107,-1401.240426218882,142.0,27757.462777777764,0.0,True,7
4717,627.462,-5561.692727166896,-1247.7279568309882,134.0,27769.37388888887,0.0,True,7
4718,627.489,-5557.0,-1241.0,134.0,27770.379456782277,0.0,True,7
4719,627.702,-5520.133189924067,-1190.5342908565376,134.0,27778.307222222204,0.0,True,7
4720,627.809,-5503.0,-1169.0,132.47142765714287,27782.23696541925,0.0,True,7
4721,627.969,-5476.0,-1140.0,130.18571337142856,27787.966119075558,0.0,True,7
4722,627.982,-5472.82721450551,-1137.1023306860136,130.0,27788.418333333313,0.0,True,7
4723,628.209,-5398.0,-1077.0,122.906248,27796.015965193517,0.7093752,True,7
4724,628.302,-5371.658070326535,-1059.1740478070524,120.0,27799.084999999985,1.0,False,7
4725,628.529,-5310.0,-1030.0,119.0541664,27806.596064118203,1.9458336,False,7
4726,628.542,-5305.3545429347505,-1028.2401032213606,119.0,27807.01833333332,2.0,True,7
4727,628.749,-5225.0,-1001.0,114.66945588767709,27813.587250919656,0.2677823550708339,True,7
4728,628.781,-5215.802932144049,-998.1531598619587,114.0,27814.586666666648,0.0,False,7
4729,629.021,-5172.969418849723,-988.6960521841737,111.0,27821.98666666665,0.0,False,7
4730,629.049,-5167.0,-988.0,110.72,27822.83796647976,0.0,False,7
4731,629.309,-5097.0,-982.0,108.12,27830.61366937938,0.0,False,7
4732,629.421,-5074.405178021128,-979.8685957010614,107.0,27833.87555555554,0.0,False,7
4733,629.569,-5037.0,-981.0,104.6875,27838.097425634587,0.0,False,7
4734,629.741,-4958.248637268818,-992.3632598108898,102.0,27842.942222222206,0.0,True,7
4735,629.769,-4948.0,-994.0,101.9,27843.73216144245,0.0,True,7
4736,630.021,-4908.967657645474,-1003.5123494506973,101.0,27850.797777777763,0.0,True,7
4737,630.069,-4900.0,-1008.0,100.4,27852.109996636063,0.0,True,7
4738,630.409,-4803.0,-1059.0,96.15,27861.14627748239,0.0,True,7
4739,630.421,-4801.772274551968,-1059.548119359869,96.0,27861.464444444435,0.0,False,7
4740,630.569,-4795.0,-1064.0,96.0,27865.39935487751,0.0,False,7
4741,630.701,-4761.826120778304,-1094.934115163583,96.0,27868.931111111102,0.0,False,7
4742,630.749,-4751.0,-1105.0,96.0,27870.22170405365,0.2,False,7
4743,630.941,-4740.418504690164,-1114.6274708282394,96.0,27875.331111111103,1.0,False,7
4744,631.049,-4738.0,-1121.0,92.76,27878.05178966782,1.0,False,7
4745,631.141,-4730.381735531908,-1135.7111318221127,90.0,27880.331111111103,1.0,False,7
4746,631.381,-4695.29830359064,-1201.6035281848267,90.0,27886.331111111103,29.0,False,7
4747,631.449,-4688.0,-1218.0,90.34,27888.04490524208,29.0,False,7
4748,631.581,-4679.280986165185,-1243.931144102693,91.0,27891.386666666658,29.0,False,7
4749,631.729,-4676.0,-1276.0,91.0,27895.15127570278,37.98571428571429,False,7
4750,631.861,-4676.82787141055,-1319.4129144688936,91.0,27898.464444444435,46.0,False,7
4751,632.009,-4681.0,-1366.0,91.0,27902.117716660134,47.48,False,7
4752,632.061,-4683.012830347381,-1376.6288982386075,91.0,27903.51999999999,48.0,False,7
4753,632.109,-4685.0,-1385.0,94.6,27904.90368140416,40.8,False,7
4754,632.33,-4696.0,-1424.0,111.1749952,27912.091745181257,7.6500096000000015,False,7
4755,632.381,-4700.0856172139665,-1436.0021723617326,115.0,27913.74222222221,0.0,True,7
4756,632.63,-4728.0,-1507.0,111.109376,27921.406602535375,0.0,True,7
4757,632.701,-4736.971688321747,-1525.7121077039435,110.0,27923.51999999999,0.0,True,7
4758,632.85,-4755.0,-1560.0,107.77057416787218,27927.889877501737,0.0,True,7
4759,633.07,-4777.0,-1605.0,104.47880306893614,27934.198138558902,0.0,True,7
4760,633.102,-4781.709070668007,-1615.7327928871864,104.0,27935.104444444434,0.0,True,7
4761,633.15,-4789.0,-1633.0,103.1,27936.45865647889,0.0,True,7
4762,633.262,-4801.791954405246,-1668.3800611993863,101.0,27939.593333333323,0.0,True,7
4763,633.37,-4809.0,-1700.0,99.92,27942.581183606133,0.0,True,7
4764,633.462,-4811.595839035584,-1728.15149870551,99.0,27945.093333333323,0.0,False,7
4765,633.609,-4811.0,-1769.0,97.1624992,27949.034933201547,0.0,False,7
4766,633.702,-4809.419364576628,-1786.4457824794702,96.0,27951.493333333325,0.0,False,7
4767,633.829,-4805.0,-1809.0,94.72999936,27954.81652647489,0.0,False,7
4768,633.902,-4800.714718195629,-1827.6744928259548,94.0,27956.71555555555,0.0,False,7
4769,633.969,-4795.0,-1847.0,93.66499968,27958.45421971051,0.0,False,7
4770,634.102,-4776.895521289509,-1887.4643140763903,93.0,27961.882222222215,0.0,False,7
4771,634.309,-4743.0,-1943.0,91.27499946666667,27967.118792409623,0.0,False,7
4772,634.342,-4738.8265490501035,-1949.0138536071875,91.0,27967.94888888888,0.0,False,7
4773,634.649,-4709.0,-1980.0,91.0,27975.665850190497,25.118187054545455,False,7
4774,634.782,-4691.19733475675,-1995.617018866451,91.0,27979.0711111111,36.0,False,7
4775,634.869,-4678.0,-2006.0,92.6312512,27981.33232471186,37.6312512,False,7
4776,634.942,-4666.337575817018,-2014.0206019738562,94.0,27983.248888888877,39.0,False,7
4777,635.109,-4635.0,-2031.0,95.3916672,27987.69539823181,42.24722346666667,False,7
4778,635.302,-4585.662592816028,-2050.002262265968,97.0,27992.948888888874,46.0,False,7
4779,635.329,-4579.0,-2052.0,97.6750016,27993.69433905799,46.3375008,False,7
4780,635.462,-4549.361658829525,-2058.4416833914493,101.0,27997.437777777763,48.0,False,7
4781,635.709,-4510.0,-2063.0,108.56824573713725,28005.003848469867,54.19220105765775,False,7
4782,635.821,-4499.933200812806,-2066.785569310709,112.0,28008.606666666652,57.0,False,7
4783,635.969,-4460.0,-2061.0,115.28888888888889,28013.471431330523,62.34444444444444,False,7
4784,636.169,-4306.0,-1997.0,119.73333333333333,28020.19914458665,69.56666666666666,False,7
4785,636.181,-4297.19135200241,-1989.894801775274,120.0,28020.606666666652,70.0,False,7
4786,636.329,-4204.0,-1875.0,122.87777777777778,28025.66800190782,70.0,False,7
4787,636.509,-4114.0,-1719.0,126.37777777777778,28032.09749701986,70.0,False,7
4788,636.541,-4102.122804992925,-1694.8041072029428,127.0,28033.30666666665,70.0,False,7
4789,636.701,-4063.4428798144563,-1596.1805869986765,142.0,28039.617777777756,76.0,False,7
4790,636.829,-4045.0,-1532.0,144.8,28044.829784637186,83.6,False,7
4791,637.009,-4027.0,-1453.0,148.7375,28052.352768604862,94.2875,False,7
4792,637.021,-4026.118818092768,-1448.1507023313231,149.0,28052.862222222197,95.0,False,7
4793,637.129,-4020.0,-1404.0,152.47142857142856,28057.49182636651,96.92857142857143,False,7
4794,637.301,-4017.998494342628,-1310.5797546874949,158.0,28065.15111111109,100.0,False,7
4795,637.329,-4019.0,-1294.0,159.82,28066.450686893295,100.0,False,7
4796,637.501,-4034.5194104751477,-1188.679745370606,171.0,28074.65111111109,100.0,False,7
4797,637.649,-4054.0,-1108.0,171.0,28081.68272787719,100.0,False,7
4798,637.661,-4055.587353728316,-1102.384798728568,171.0,28082.251111111087,100.0,False,7
4799,637.901,-4088.5586792924055,-1017.1187274063216,171.0,28093.65111111109,100.0,False,7
4800,638.049,-4122.0,-964.0,173.775,28100.88143428186,100.0,False,7
4801,638.221,-4181.028571803642,-885.1100178392577,177.0,28109.384444444426,100.0,False,7
4802,638.309,-4220.0,-837.0,177.0,28113.713253157446,100.0,False,7
4803,638.381,-4256.427043222655,-793.5378641701044,177.0,28117.251111111094,100.0,False,7
4804,638.569,-4356.0,-678.0,177.0,28126.494690752945,100.0,False,7
4805,638.581,-4361.386644727277,-671.7548362499064,177.0,28127.08444444443,100.0,False,7
4806,638.821,-4439.9565524548725,-580.2290784935611,177.0,28138.884444444433,100.0,False,7
4807,639.101,-4521.36673581592,-484.2816738960902,184.0,28153.19555555554,100.0,False,7
4808,639.11,-4525.0,-480.0,184.8590848,28153.700007960062,100.0,False,7
4809,639.31,-4609.0,-381.0,203.9499938909091,28165.839186712386,100.0,False,7
4810,639.49,-4648.0,-335.0,221.13181207272729,28177.5441219665,100.0,False,7
4811,639.541,-4665.685772496267,-314.191186407945,226.0,28180.817777777767,100.0,True,7
4812,639.71,-4739.0,-228.0,228.522387907626,28191.56121985287,100.0,True,7
4813,639.742,-4749.450035816486,-215.71337490656305,229.0,28193.603611111095,100.0,False,7
4814,640.149,-4836.0,-114.0,234.0875008,28220.118864836448,100.0,False,7
4815,640.222,-4873.411473781029,-70.09575669287308,235.0,28224.93694444443,100.0,False,7
4816,640.249,-4888.0,-53.0,235.27000064,28226.721984930155,100.0,False,7
4817,640.569,-5057.0,144.0,238.47000064,28247.97158466668,100.0,False,7
4818,640.622,-5085.626529643952,177.39360190117537,239.0,28251.492499999986,100.0,False,7
4819,640.822,-5196.59501538923,307.1129692367346,239.0,28264.770277777767,100.0,False,7
4820,641.102,-5359.769777135126,498.5626896137826,239.0,28283.359166666654,100.0,False,7
4821,641.302,-5480.351134683869,640.489824842398,239.0,28296.636944444435,100.0,False,7
4822,641.542,-5598.602475410508,779.7475004248813,247.0,28313.103611111103,100.0,False,7
4823,641.702,-5656.053908468655,847.3915774922034,247.0,28324.08138888888,100.0,False,7
4824,641.909,-5705.0,905.0,249.5875008,28338.449949020454,100.0,False,7
4825,641.942,-5710.156866916461,911.0661331116864,250.0,28340.748055555545,100.0,False,7
4826,642.182,-5742.074177393114,948.3881011660715,251.0,28357.481388888882,100.0,False,7
4827,642.269,-5783.0,996.0,251.39635558686388,28363.57124250246,100.0,False,7
4828,642.429,-5900.0,1133.0,252.12528486556212,28374.81038698688,100.0,False,7
4829,642.621,-5973.298994524071,1231.1140666750296,253.0,28388.33333333332,100.0,False,7
4830,642.649,-5982.0,1246.0,253.175,28390.307373353142,100.0,False,7
4831,642.781,-6026.224675098414,1332.5595178998249,254.0,28399.622222222206,100.0,False,7
4832,642.929,-6074.0,1445.0,254.4111111111111,28410.09119890148,100.0,False,7
4833,643.109,-6122.0,1587.0,254.9111111111111,28422.852017382356,100.0,False,7
4834,643.141,-6132.256198845793,1618.2110778381168,255.0,28425.122222222206,100.0,False,7
4835,643.309,-6191.0,1796.0,255.6,28437.049513578546,100.0,False,7
4836,643.421,-6219.009383123206,1881.4918835645149,256.0,28445.033333333326,100.0,False,7
4837,643.661,-6249.647603305456,1976.8129859013368,258.0,28462.233333333315,85.0,False,7
4838,643.729,-6256.0,1996.0,257.43333333333334,28467.089180929273,60.916666666666664,False,7
4839,643.889,-6269.0,2034.0,256.1,28478.452357791575,4.2499999999999964,False,7
4840,643.901,-6269.928346084091,2036.726459747128,256.0,28479.29999999998,0.0,False,7
4841,644.089,-6288.0,2091.0,253.86363636363637,28492.492715106113,0.0,False,7
4842,644.309,-6338.0,2243.0,251.36363636363637,28507.76549131058,0.0,False,7
4843,644.341,-6347.381437145059,2271.3630305844144,251.0,28509.977777777764,0.0,False,7
4844,644.529,-6404.0,2442.0,245.25555555555556,28522.927201974882,0.0,False,7
4845,644.701,-6433.082897478551,2530.145651154642,240.0,28533.977777777764,0.0,True,7
4846,644.849,-6451.0,2585.0,225.58947368421053,28542.366035793937,0.0,True,7
4847,645.089,-6488.0,2698.0,202.22105263157894,28553.76703055042,0.0,True,7
4848,645.269,-6520.0,2794.0,184.69473684210527,28561.254659400453,0.0,True,7
4849,645.45,-6551.0,2888.0,167.0710588631579,28568.583314569136,0.0,True,7
4850,645.461,-6552.456660341186,2892.4034948325625,166.0,28569.022222222207,0.0,True,7
4851,645.63,-6570.0,2945.0,144.875008,28575.663821596027,0.0,True,7
4852,645.661,-6573.629561802928,2955.8751126460934,141.0,28576.855555555536,0.0,True,7
4853,645.821,-6596.543229513281,3024.6927989363408,134.0,28582.811111111092,0.0,True,7
4854,645.97,-6614.0,3078.0,124.95357531428571,28587.831012517512,0.0,True,7
4855,646.101,-6621.322683448776,3101.7946897221577,117.0,28591.91111111109,0.0,True,7
4856,646.19,-6632.0,3135.0,112.88256430065522,28594.563072750898,0.0,True,7
4857,646.31,-6657.0,3211.0,107.33096161274571,28598.002957809338,0.0,True,7
4858,646.382,-6661.299307503962,3224.37975815434,104.0,28600.028888888868,0.0,True,7
4859,646.49,-6660.0,3221.0,101.975,28603.022896964867,0.0,True,7
4860,646.69,-6682.0,3287.0,98.225,28608.422228491625,0.0,True,7
4861,646.702,-6683.519225391019,3291.5382107631535,98.0,28608.739999999983,0.0,True,7
4862,646.902,-6706.273064809105,3359.280057486758,93.0,28613.906666666648,0.0,True,7
4863,647.009,-6714.0,3382.0,90.3249984,28616.519075362616,0.0,True,7
4864,647.169,-6720.0,3401.0,86.3249984,28620.289833459967,0.0,True,7
4865,647.182,-6720.6690112812075,3403.60178241247,86.0,28620.595555555534,0.0,False,7
4866,647.382,-6735.7605950705965,3469.628533349507,84.0,28625.262222222198,0.0,False,7
4867,647.449,-6739.0,3489.0,82.953124,28626.776255546545,0.0,False,7
4868,647.702,-6736.277858055296,3523.4799271555817,79.0,28632.28444444442,0.0,False,7
4869,647.749,-6735.0,3528.0,78.52999936,28633.291334147594,4.93500672,False,7
4870,647.902,-6730.9710207202515,3544.2884552527426,77.0,28636.5622222222,21.0,False,7
4871,647.989,-6726.0,3557.0,77.43500032,28638.442368688637,21.0,False,7
4872,648.102,-6714.58850659671,3579.005840073884,78.0,28640.89555555553,21.0,False,7
4873,648.269,-6689.0,3615.0,78.5964288,28644.511161544535,31.1392896,False,7
4874,648.382,-6667.1771064086015,3634.4980286857462,79.0,28647.03999999997,38.0,False,7
4875,648.622,-6618.220805062655,3662.8460225665067,86.0,28652.7733333333,38.0,False,7
4876,648.649,-6614.0,3665.0,86.6750016,28653.438420219427,40.0250048,False,7
4877,648.822,-6594.253164992274,3673.890334175636,91.0,28657.828888888856,53.0,False,7
4878,648.989,-6566.0,3675.0,96.37746119470927,28662.461062633185,57.779965506408246,False,7
4879,649.209,-6497.0,3667.0,103.46153909563775,28669.163933799202,64.07692364056689,False,7
4880,649.381,-6466.9949648627035,3656.4531531319412,109.0,28674.754166666637,69.0,False,7
4881,649.469,-6451.0,3647.0,113.4,28677.72425745434,72.575,False,7
4882,649.689,-6392.0,3610.0,124.4,28685.435768065174,81.5125,False,7
4883,649.701,-6388.763562357789,3607.9672696975795,125.0,28685.865277777746,82.0,False,7
4884,649.889,-6341.0,3578.0,130.2875,28692.711575739937,92.575,False,7
4885,650.021,-6307.366707365353,3556.1859656776487,134.0,28697.77638888885,100.0,False,7
4886,650.089,-6283.0,3539.0,139.525,28700.499745424007,100.0,False,7
4887,650.181,-6237.718668945003,3505.498534355175,147.0,28704.30972222219,100.0,False,7
4888,650.329,-6163.0,3449.0,153.34285714285716,28710.746704592755,100.0,False,7
4889,650.461,-6135.545041163769,3428.595290686576,159.0,28716.67638888886,100.0,False,7
4890,650.669,-6108.0,3405.0,164.2,28726.180924144,100.0,False,7
4891,650.741,-6078.502222584553,3379.165803584707,166.0,28729.587499999972,100.0,False,7
4892,650.969,-5926.0,3234.0,175.975,28740.88497923754,100.0,False,7
4893,651.061,-5848.784318602347,3148.2296110993784,180.0,28745.587499999972,100.0,False,7
4894,651.129,-5800.0,3092.0,181.54545454545453,28749.099591222286,100.0,False,7
4895,651.369,-5715.0,2981.0,187.0,28761.734031543623,100.0,False,7
4896,651.501,-5637.848146062153,2865.5305586330783,190.0,28768.80972222219,100.0,False,7
4897,651.589,-5593.0,2798.0,191.925,28773.57170822969,100.0,False,7
4898,651.821,-5573.581459069821,2769.1919377251284,197.0,28786.320833333302,100.0,False,7
4899,651.99,-5543.0,2711.0,202.06999808,28795.82856522222,100.0,False,7
4900,652.021,-5528.284113155178,2684.5578839018335,203.0,28797.598611111076,100.0,False,7
4901,652.15,-5455.0,2554.0,205.86666524444445,28805.05947226444,100.0,False,7
4902,652.381,-5418.002996633713,2487.1314001630208,211.0,28818.698611111075,100.0,False,7
4903,652.49,-5397.0,2449.0,212.0872813306384,28825.189645080405,100.0,False,7
4904,652.73,-5300.0,2275.0,214.48129667531916,28839.546575218243,100.0,False,7
4905,652.782,-5289.143493999063,2255.7946737461243,215.0,28842.647222222193,100.0,False,7
4906,652.89,-5275.0,2231.0,215.0,28849.076575678446,100.0,False,7
4907,652.942,-5264.314973132453,2211.8738765123812,215.0,28852.202777777748,100.0,False,7
4908,653.142,-5195.924343266808,2088.273796210215,221.0,28864.48055555553,100.0,False,7
4909,653.19,-5173.0,2047.0,221.3,28867.438524416968,100.0,False,7
4910,653.302,-5113.712736157118,1940.6287088816973,222.0,28874.34722222219,100.0,False,7
4911,653.31,-5110.0,1934.0,222.06666666666666,28874.842285445397,100.0,False,7
4912,653.529,-5041.0,1812.0,223.8916672,28888.469311103247,100.0,False,7
4913,653.542,-5037.007674178922,1804.8503710654093,224.0,28889.280555555524,100.0,False,7
4914,653.702,-4982.454734707749,1706.0845079821304,225.0,28899.280555555524,100.0,False,7
4915,653.729,-4973.0,1689.0,225.11250026666667,28900.972374878416,100.0,False,7
4916,653.929,-4905.0,1567.0,225.9458336,28913.53145889647,100.0,False,7
4917,653.942,-4900.89142869947,1559.6437950345005,226.0,28914.34722222219,100.0,False,7
4918,654.102,-4851.532891565786,1471.1603708857283,226.0,28924.391666666634,100.0,False,7
4919,654.129,-4842.0,1454.0,226.22500053333334,28926.095434463852,100.0,False,7
4920,654.462,-4696.830720467,1197.5764306214253,229.0,28947.291666666635,100.0,False,7
4921,654.469,-4694.0,1193.0,229.0,28947.737105520675,100.0,False,7
4922,654.702,-4613.313708680324,1078.2325008388334,229.0,28962.558333333305,100.0,False,7
4923,654.849,-4568.0,1025.0,230.22500053333334,28971.978743564177,100.0,False,7
4924,654.942,-4539.256250189122,993.6391409364187,231.0,28977.958333333307,100.0,False,7
4925,655.049,-4506.0,960.0,231.0,28984.84659986973,68.3458144,False,7
4926,655.182,-4465.268661422338,922.909838261394,231.0,28993.358333333308,29.0,False,7
4927,655.229,-4454.0,913.0,229.8249984,28996.332854509325,23.82999296,False,7
4928,655.369,-4431.0,893.0,226.3249984,29005.10393342989,8.429992959999998,False,7
4929,655.382,-4428.66027188923,890.9772516485585,226.0,29005.913888888863,7.0,False,7
4930,655.582,-4374.596313442767,847.241764081352,223.0,29018.302777777753,43.0,False,7
4931,655.629,-4352.0,832.0,222.83154102789024,29021.20321555657,46.537638414305164,False,7
4932,655.861,-4193.95804603484,737.7376582081007,222.0,29035.507777777755,64.0,False,7
4933,655.869,-4189.0,735.0,222.04,29036.002349243056,64.0,False,7
4934,656.061,-4097.507135571587,689.7233006226377,223.0,29047.896666666646,64.0,False,7
4935,656.221,-4014.2868730229643,663.4938310275081,223.0,29057.807777777758,70.0,False,7
4936,656.249,-3994.0,658.0,223.0,29059.542204645004,70.525,False,7
4937,656.409,-3858.0,625.0,223.0,29069.454419775997,73.525,False,7
4938,656.541,-3769.535663550012,609.6465245983958,223.0,29077.629999999983,76.0,False,7
4939,656.709,-3669.0,605.0,223.0,29088.031669880576,80.2,False,7
4940,656.781,-3616.3855637620404,606.243995475974,223.0,29092.496666666644,82.0,False,7
4941,656.969,-3479.0,614.0,223.5875,29104.18897560132,83.7625,False,7
4942,657.101,-3423.686200111343,616.5125404259288,224.0,29112.407777777757,85.0,False,7
4943,657.341,-3335.5879381139475,637.4747788155669,224.0,29127.34111111109,85.0,False,7
4944,657.389,-3293.0,652.0,224.0,29130.32763134573,85.24,False,7
4945,657.541,-3114.4824558008772,716.7085559548485,224.0,29139.785555555536,86.0,False,7
4946,657.549,-3106.0,720.0,224.0,29140.28336096983,86.0,False,7
4947,657.781,-2955.3481029097284,792.2454388842217,224.0,29154.718888888863,86.0,False,7
4948,658.029,-2883.0,852.0,224.0,29170.140952667265,86.0,False,7
4949,658.181,-2818.8557273056426,901.2941232089297,224.0,29179.60777777776,86.0,False,7
4950,658.229,-2790.0,928.0,224.17142857142858,29182.60180874436,87.02857142857142,False,7
4951,658.409,-2653.0,1073.0,224.81428571428572,29193.85040031946,90.88571428571429,False,7
4952,658.461,-2623.2963177559604,1106.978419731479,225.0,29197.10777777776,92.0,False,7
4953,658.701,-2563.913034053731,1194.1527619503076,226.0,29212.174444444427,93.0,False,7
4954,658.81,-2541.0,1239.0,226.0,29219.009226739618,93.0,False,7
4955,658.901,-2516.03138556945,1287.7434189309452,226.0,29224.72999999998,93.0,False,7
4956,659.09,-2455.0,1408.0,227.1812496,29236.7054324708,93.0,False,7
4957,659.221,-2415.279479415603,1488.9536302239187,228.0,29244.99666666665,93.0,False,7
4958,659.382,-2371.996359499249,1579.7800006358468,226.0,29255.103888888872,93.0,True,7
4959,659.49,-2351.0,1624.0,225.22857142857143,29261.827230209274,93.0,True,7
4960,659.662,-2331.9479241166937,1664.074327854172,224.0,29272.526111111103,93.0,True,7
4961,659.81,-2308.0,1714.0,224.0,29281.755588101885,93.0,True,7
4962,659.822,-2304.9826729784595,1720.2796340985246,224.0,29282.48166666666,93.0,True,7
4963,660.009,-2247.0,1841.0,210.75416213333332,29293.263088457978,20.5374752,True,7
4964,660.062,-2233.9737793107083,1868.271139162622,207.0,29296.281666666662,0.0,True,7
4965,660.222,-2200.7905619650073,1936.4726923471294,207.0,29305.48166666666,0.0,True,7
4966,660.229,-2199.0,1940.0,206.87499885714286,29305.88332415258,0.05000045714285714,True,7
4967,660.502,-2116.4682801327117,2095.38237775281,202.0,29321.192777777767,2.0,True,7
4968,660.509,-2115.0,2098.0,201.52499565714285,29321.566257041166,2.0250002285714284,True,7
4969,660.689,-2080.0,2147.0,189.31070994285713,29330.789090454666,2.6678573714285716,True,7
4970,660.782,-2032.7958998714407,2197.3343292529885,183.0,29335.426111111105,3.0,True,7
4971,660.942,-1930.361637472821,2300.7745786883347,178.0,29343.337222222217,3.0,True,7
4972,660.949,-1927.0,2304.0,177.8687488,29343.679067454388,2.9562496,True,7
4973,661.249,-1846.0,2362.0,172.2437488,29358.01036679837,1.0812496,True,7
4974,661.262,-1841.7927671846264,2364.2110268642923,172.0,29358.6261111111,1.0,False,7
4975,661.449,-1766.0,2403.0,170.12999936,29367.460476404704,0.06499967999999998,False,7
4976,661.462,-1760.4967662081112,2405.6203744249246,170.0,29368.070555555547,0.0,False,7
4977,661.742,-1638.4469941606603,2452.120083720077,167.0,29381.059444444436,0.0,False,7
4978,661.749,-1635.0,2453.0,166.9343744,29381.381340701453,0.06562559999999999,False,7
4979,661.909,-1557.0,2469.0,165.4343744,29388.706746654992,1.5656256,False,7
4980,662.062,-1515.5498400075103,2476.931163444825,164.0,29395.637222222213,3.0,False,7
4981,662.089,-1508.0,2478.0,163.77452976707744,29396.851193590417,4.8601294216111,False,7
4982,662.369,-1388.0,2483.0,161.43632548658698,29409.292666238456,24.15031473565732,False,7
4983,662.541,-1277.4278933998703,2471.8046564949823,160.0,29416.926111111105,36.0,False,7
4984,662.609,-1239.0,2466.0,160.24285714285713,29419.9578618203,34.05714285714286,False,7
4985,662.821,-1162.242645147403,2446.670974280342,161.0,29429.448333333326,28.0,False,7
4986,662.929,-1124.0,2432.0,161.0,29434.29285437552,26.92,False,7
4987,663.021,-1083.4610541332743,2415.5072083600376,161.0,29438.392777777764,26.0,False,7
4988,663.109,-1050.0,2402.0,159.68,29442.268039366303,31.28,False,7
4989,663.221,-1031.413788902679,2395.748585302355,158.0,29447.170555555545,38.0,False,7
4990,663.389,-988.0,2370.0,158.0,29454.546916808693,44.72,False,7
4991,663.421,-965.5603593548967,2355.673660739243,158.0,29455.948333333326,46.0,False,7
4992,663.469,-929.0,2332.0,158.0,29458.046290068123,47.86666666666667,False,7
4993,663.781,-817.8948079794703,2240.32560768904,158.0,29471.748333333322,60.0,False,7
4994,663.849,-795.0,2213.0,159.7,29474.834012245912,60.0,False,7
4995,664.049,-709.0,2103.0,164.7,29484.13020144416,60.0,False,7
4996,664.141,-677.6340856603498,2055.0518531262123,167.0,29488.44833333332,60.0,False,7
4997,664.301,-641.8126497737829,1982.8227961066707,170.0,29496.00388888888,69.0,False,7
4998,664.469,-617.0,1926.0,171.4,29504.10794678497,36.8,False,7
4999,664.661,-597.7679674826078,1884.8732525561777,173.0,29513.303888888877,0.0,False,7
5000,664.769,-583.0,1853.0,169.52857142857144,29518.285536445364,0.0,False,7
5001,664.929,-550.0,1780.0,164.38571428571427,29525.51662790223,0.0,False,7
5002,664.941,-547.2669972775701,1773.9635639182898,164.0,29526.059444444436,0.0,False,7
5003,665.261,-466.47682685025416,1597.2505720518982,164.0,29540.637222222213,0.0,True,7
5004,665.461,-410.9367457626074,1477.3114286528737,164.0,29549.74833333333,0.0,True,7
5005,665.79,-348.0,1345.0,139.3809535972359,29561.855567624894,0.0,True,7
5006,665.902,-335.8278558264996,1321.0021616848353,131.0,29565.79583333333,0.0,True,7
5007,666.102,-322.3504428468373,1300.4593115099733,131.0,29573.073611111104,0.0,True,7
5008,666.25,-301.0,1281.0,131.0,29578.45991600126,0.0,True,7
5009,666.262,-298.64873313001146,1279.0192210504983,131.0,29578.89583333332,0.0,True,7
5010,666.51,-237.0,1233.0,131.0,29587.902249673964,0.0,True,7
5011,666.582,-220.39546172197524,1224.3033417276406,131.0,29590.54027777777,0.0,True,7
5012,666.729,-191.0,1213.0,131.0,29595.947813327293,0.0,True,7
5013,666.782,-181.93689103310675,1209.5687375103566,131.0,29597.818055555552,0.0,True,7
5014,666.989,-143.0,1200.0,119.91071085714286,29604.530377523224,0.0,True,7
5015,667.062,-119.90753566962971,1198.9159361820912,116.0,29606.840277777774,0.0,True,7
5016,667.329,-15.0,1206.0,116.0,29615.440698457496,0.0,True,7
5017,667.382,0.4644134651877893,1209.5465282581072,116.0,29617.15138888888,0.0,False,7
5018,667.529,40.0,1227.0,116.0,29621.88351762751,33.0750144,False,7
5019,667.582,58.623237064122,1238.4445542048215,116.0,29623.595833333326,45.0,False,7
5020,667.729,114.0,1278.0,117.3781256,29628.379535400716,49.1343768,False,7
5021,667.902,150.95463506220722,1314.3807440100063,119.0,29634.173611111102,54.0,False,7
5022,668.109,178.0,1354.0,126.7625024,29641.50072205774,62.62500266666667,False,7
5023,668.142,183.72443080547194,1361.4780679889045,128.0,29642.706944444435,64.0,False,7
5024,668.309,222.0,1409.0,133.84500224,29648.955135579832,64.0,False,7
5025,668.342,232.59975112639538,1422.061872786275,135.0,29650.206944444435,64.0,False,7
5026,668.529,304.0,1510.0,138.27250112,29657.370106100127,68.20750144,False,7
5027,668.742,367.49000101790944,1587.9619193196327,142.0,29665.98472222221,73.0,False,7
5028,668.942,409.7379129384606,1640.4048031561908,158.0,29674.76249999999,74.0,False,7
5029,668.949,411.0,1642.0,158.05833386666666,29675.07327610704,74.11666773333333,False,7
5030,669.182,444.7794059579191,1685.9702388021165,160.0,29685.429166666654,78.0,False,7
5031,669.389,498.0,1752.0,160.0,29694.635204576298,78.0,False,7
5032,669.421,510.9417488770294,1767.6312321636044,160.0,29696.051388888874,78.0,False,7
5033,669.509,548.0,1814.0,160.0,29699.931549482404,79.76,False,7
5034,669.621,579.0055257109559,1864.4934062917266,160.0,29704.940277777758,82.0,False,7
5035,669.729,595.0,1913.0,164.59,29709.97588248398,86.86,False,7
5036,669.989,591.0,2061.0,175.64,29722.93138393115,98.56,False,7
5037,670.021,584.7428808437246,2079.890192909622,177.0,29724.606944444422,100.0,False,7
5038,670.229,519.0,2203.0,192.6,29735.859494535456,100.0,False,7
5039,670.261,507.67595293063397,2222.410837394225,195.0,29737.606944444422,100.0,False,7
5040,670.429,448.0,2324.0,196.68,29746.785165508532,100.0,False,7
5041,670.461,437.25497388032886,2342.2447046471325,197.0,29748.551388888867,100.0,False,7
5042,670.649,372.0,2453.0,200.65555555555557,29759.10268936673,100.0,False,7
5043,670.821,286.38107655637117,2598.7259520012312,204.0,29768.95138888887,100.0,False,7
5044,670.981,209.5783557328072,2729.6518389840694,209.0,29778.240277777753,100.0,False,7
5045,671.009,200.0,2746.0,209.7,29779.885040153968,100.0,False,7
5046,671.141,170.3946265121373,2796.6420467853386,213.0,29787.70694444442,100.0,False,7
5047,671.329,139.0,2850.0,214.7625,29798.93792481834,100.0,False,7
5048,671.461,94.78164869882812,2924.509465866619,216.0,29806.906944444425,100.0,False,7
5049,671.509,78.0,2953.0,216.66666666666666,29809.826044613816,100.0,False,7
5050,671.73,8.0,3074.0,219.7361102222222,29823.395379296046,100.0,False,7
5051,671.821,-21.703658275738317,3125.640587043098,221.0,29829.006944444423,100.0,False,7
5052,671.91,-52.0,3178.0,221.74166613333333,29834.500093547307,100.0,False,7
5053,672.061,-106.31922427055198,3270.471380871856,223.0,29843.873611111092,100.0,False,7
5054,672.29,-184.0,3402.0,227.770832,29858.36870009071,100.0,False,7
5055,672.301,-187.11179545464742,3407.342696614757,228.0,29859.07361111109,100.0,False,7
5056,672.51,-244.0,3506.0,231.47368376264754,29872.614711092916,100.0,False,7
5057,672.662,-307.3858714332952,3614.9302355782233,234.0,29882.538611111086,100.0,False,7
5058,672.81,-365.0,3713.0,234.925,29892.19960597447,100.0,False,7
5059,672.822,-368.3906640795802,3718.705712082531,235.0,29892.98305555553,100.0,False,7
5060,672.97,-401.0,3773.0,235.0,29902.64773189716,100.0,False,7
5061,673.062,-426.3090606725756,3815.802435699097,235.0,29908.649722222195,100.0,False,7
5062,673.269,-502.0,3945.0,235.0,29922.14876974842,100.0,False,7
5063,673.302,-515.7209502440895,3968.3626967912282,235.0,29924.31638888886,100.0,False,7
5064,673.449,-583.0,4083.0,237.94000128,29934.05149177464,100.0,False,7
5065,673.502,-610.4268800995327,4130.004936313645,239.0,29937.594166666633,100.0,False,7
5066,673.649,-689.0,4265.0,241.04166755555556,29947.512501149213,100.0,False,7
5067,673.862,-777.8436981355203,4416.4579499506535,244.0,29961.994166666635,100.0,False,7
5068,674.049,-836.0,4515.0,244.0,29974.64511093739,100.0,False,7
5069,674.342,-905.5488459781851,4633.068023248374,244.0,29994.527499999967,100.0,False,7
5070,674.369,-912.0,4644.0,244.54000128,29996.379020170294,100.0,False,7
5071,674.542,-955.7496669433267,4718.103794935082,248.0,30008.30527777775,100.0,False,7
5072,674.589,-968.0,4739.0,248.0,30011.55352433522,83.21426285714286,False,7
5073,674.822,-1027.6293801095935,4841.850423456712,248.0,30027.594166666633,0.0,False,7
5074,674.909,-1043.0,4868.0,246.1357129142857,30033.476268621635,0.0,False,7
5075,675.089,-1069.0,4911.0,242.27857005714284,30045.540793552296,0.0,False,7
5076,675.102,-1072.9329042450072,4917.669275208438,242.0,30046.41638888885,0.0,False,7
5077,675.309,-1160.0,5067.0,240.27499946666666,30060.460765024305,0.0,False,7
5078,675.469,-1190.0,5119.0,238.94166613333334,30071.13237036505,0.0,False,7
5079,675.582,-1249.315212186842,5219.770517327459,238.0,30078.149722222188,0.0,True,7
5080,675.689,-1312.0,5326.0,227.03188569922395,30084.386604338062,0.0,True,7
5081,676.021,-1367.1958356871444,5419.3857952427,193.0,30101.68499999996,0.0,True,7
5082,676.169,-1383.0,5446.0,180.31428571428572,30108.805868270923,0.0,True,7
5083,676.301,-1411.4854525448475,5494.0603399593965,169.0,30114.82944444441,0.0,True,7
5084,676.389,-1434.0,5532.0,163.5,30118.650547777288,0.0,True,7
5085,676.569,-1475.0,5601.0,152.25,30126.025168426117,0.0,True,7
5086,676.621,-1479.3775482718324,5608.471888980512,149.0,30128.07388888885,0.0,True,7
5087,676.689,-1485.0,5618.0,143.475,30130.701497540445,0.0,True,7
5088,676.781,-1506.4945345603014,5653.753207982447,136.0,30134.118333333296,0.0,True,7
5089,676.909,-1547.0,5721.0,129.2,30138.496673529604,0.0,True,7
5090,677.101,-1585.78377542403,5785.897402736733,119.0,30144.696111111072,0.0,True,7
5091,677.149,-1593.0,5798.0,119.0,30146.291675935776,0.0,True,7
5092,677.261,-1607.401388534521,5822.104111657292,119.0,30149.984999999957,0.0,True,7
5093,677.509,-1634.0,5867.0,107.375,30157.198114928025,0.0,True,7
5094,677.581,-1643.1759665455368,5882.83738045043,104.0,30159.229444444405,0.0,True,7
5095,677.709,-1659.0,5910.0,104.0,30162.889898765883,0.0,True,7
5096,677.949,-1680.0,5944.0,104.0,30169.857748713577,0.0,True,7
5097,677.981,-1684.0273614298267,5950.865182089385,104.0,30170.78499999996,0.0,True,7
5098,678.149,-1711.0,5995.0,104.0,30175.640350066205,0.0,True,7
5099,678.261,-1731.0166812319014,6019.60511148471,104.0,30178.873888888847,0.0,True,7
5100,678.33,-1745.0,6032.0,104.0,30180.867160966845,0.0,True,7
5101,678.461,-1776.467023825078,6049.6607698306325,104.0,30184.65166666663,0.0,True,7
5102,678.55,-1799.0,6057.0,104.0,30187.22037546737,0.0,True,7
5103,678.621,-1816.5553732609633,6060.0343367426085,104.0,30189.27388888885,0.0,True,7
5104,678.87,-1877.0,6051.0,104.0,30196.529606320495,64.73998336,True,7
5105,679.021,-1915.3855377499697,6030.7587605332055,104.0,30200.829444444404,104.0,True,7
5106,679.21,-1954.0,6005.0,100.46729021154695,30206.001749220253,65.14019232701654,True,7
5107,679.342,-1967.979066014713,5996.263686832666,98.0,30209.56777777774,38.0,False,7
5108,679.39,-1978.0,5987.0,98.0,30210.86918794214,40.8,False,7
5109,679.61,-2067.0,5893.0,98.0,30216.860774601162,53.63333333333333,False,7
5110,679.702,-2096.8916900605336,5858.148879731993,98.0,30219.36777777774,59.0,False,7
5111,679.902,-2132.3536978066813,5807.500195040183,98.0,30224.812222222186,59.0,False,7
5112,680.069,-2150.0,5780.0,98.0,30229.357936159606,59.0,False,7
5113,680.462,-2185.673485682315,5739.198599303478,98.0,30240.056666666627,59.0,False,7
5114,680.489,-2190.0,5735.0,98.0,30240.791676924193,59.0,False,7
5115,680.662,-2225.3973818899185,5702.318488740544,98.0,30245.501111111073,59.0,False,7
5116,680.669,-2227.0,5701.0,98.0,30245.691667886756,60.12501028571429,False,7
5117,680.889,-2285.0,5663.0,98.0,30251.680556443243,95.48215314285714,False,7
5118,680.942,-2303.1545818947943,5654.307182740235,98.0,30253.123333333293,104.0,True,7
5119,681.109,-2349.0,5634.0,98.0,30257.669446411004,104.0,True,7
5120,681.182,-2348.1756408344404,5633.782818734547,98.0,30259.656666666626,104.0,True,7
5121,681.189,-2349.0,5634.0,98.0,30259.847223949488,104.0,True,7
5122,681.462,-2559.4791956188246,5668.962087296867,98.0,30267.278888888846,104.0,True,7
5123,681.549,-2622.0,5686.0,98.0,30269.647223940563,104.0,True,7
5124,681.702,-2673.043595486948,5719.388322395503,98.0,30273.81222222218,104.0,True,7
5125,681.829,-2690.0,5745.0,98.0,30277.269446556653,104.0,True,7
5126,681.942,-2706.2260427050264,5762.668743173319,98.0,30280.345555555512,104.0,True,7
5127,682.129,-2745.0,5803.0,98.0,30285.436109240625,104.0,True,7
5128,682.262,-2790.9558013115293,5862.1242911803465,98.0,30289.05666666662,104.0,True,7
5129,682.329,-2812.0,5890.0,98.0,30290.88056310142,91.8562384,True,7
5130,682.582,-2849.227608918844,5940.678297029891,98.0,30297.767777777735,46.0,True,7
5131,682.769,-2873.0,5993.0,98.0,30302.858201728974,46.0,True,7
5132,682.981,-2920.540530338753,6109.060678038381,98.0,30308.6294444444,46.0,True,7
5133,682.989,-2922.0,6113.0,98.0,30308.847243047327,46.0,True,7
5134,683.341,-2950.586636209957,6227.632877629216,98.0,30318.429444444402,46.0,True,7
5135,683.349,-2951.0,6230.0,98.0,30318.647105837154,47.65714285714286,True,7
5136,683.589,-2963.0,6319.0,98.0,30325.178587222457,97.37142857142857,True,7
5137,683.621,-2964.070913424402,6337.256842886786,98.0,30326.051666666623,104.0,True,7
5138,683.709,-2966.0,6389.0,98.0,30328.45651378004,104.0,True,7
5139,683.821,-2965.64897103716,6429.699458592945,98.0,30331.496111111068,104.0,True,7
5140,683.869,-2964.0,6449.0,98.0,30332.77926095784,104.0,True,7
5141,683.981,-2955.9258097032093,6514.071260994232,98.0,30335.851666666626,104.0,True,7
5142,684.109,-2942.0,6597.0,106.68571428571428,30339.858464366152,104.0,True,7
5143,684.261,-2922.0331366975274,6669.790319877883,117.0,30344.951666666624,104.0,True,7
5144,684.309,-2913.0,6693.0,117.0,30346.535373202038,86.0,True,7
5145,684.501,-2860.1145156974167,6800.403933977024,117.0,30352.751666666627,14.0,True,7
5146,684.629,-2842.0,6835.0,117.0,30356.798873323198,14.0,True,7
5147,684.689,-2842.0,6835.0,117.0,30358.756556501452,14.0,True,7
5148,684.741,-2832.236248532313,6847.944723640422,117.0,30360.55166666663,14.0,True,7
5149,684.91,-2749.0,6953.0,133.05499392,30366.921583710275,14.0,True,7
5150,684.941,-2732.8950707298195,6970.149551951549,136.0,30368.107222222185,14.0,True,7
5151,685.141,-2633.1494774057783,7050.142082770018,136.0,30375.66277777774,14.0,True,7
5152,685.25,-2583.0,7081.0,136.0,30379.82130926589,14.0,True,7
5153,685.341,-2543.7368387845972,7102.553368289442,136.0,30383.218333333294,14.0,True,7
5154,685.51,-2476.0,7134.0,136.0,30389.417806835998,69.76997888,True,7
5155,685.541,-2464.0739033762015,7138.888192078142,136.0,30390.77388888885,80.0,False,7
5156,685.77,-2371.0,7169.0,187.3644818670618,30403.718517681067,94.26791162973939,False,7
5157,685.862,-2321.3716914400284,7180.367151935731,208.0,30409.32055555551,100.0,False,7
5158,685.99,-2244.0,7195.0,211.2,30416.893373915736,100.0,False,7
5159,686.062,-2199.8555608017305,7201.978835488993,213.0,30421.153888888846,100.0,False,7
5160,686.25,-2065.0,7211.0,216.13333333333333,30432.540714099152,100.0,False,7
5161,686.422,-1892.3622093339352,7198.706303039793,219.0,30443.053888888848,100.0,False,7
5162,686.429,-1886.0,7198.0,219.0,30443.4792770902,100.0,False,7
5163,686.622,-1752.997949358463,7175.080755265517,219.0,30455.220555555512,100.0,False,7
5164,686.849,-1662.0,7145.0,226.093752,30469.579457792344,100.0,False,7
5165,686.942,-1630.9890149344449,7133.640261658489,229.0,30475.57611111107,100.0,False,7
5166,687.269,-1551.0,7101.0,235.35833457777778,30496.98038055833,100.0,False,7
5167,687.302,-1545.5316286958346,7098.759942841642,236.0,30499.176111111068,100.0,False,7
5168,687.689,-1471.0,7061.0,241.20961624615384,30525.4676107879,100.0,False,7
5169,687.929,-1328.0,6968.0,244.44038547692307,30542.244345333835,100.0,False,7
5170,688.149,-1180.0,6835.0,247.40192393846155,30557.741907941017,100.0,False,7
5171,688.342,-1143.1269654629814,6804.40740549073,250.0,30571.398333333287,100.0,False,7
5172,688.489,-1095.0,6736.0,253.6750016,30581.838282658893,100.0,False,7
5173,688.582,-1027.5904536603678,6637.881095399587,256.0,30588.464999999953,100.0,False,7
5174,688.609,-1010.0,6612.0,256.1928576,30590.392547400537,100.0,False,7
5175,688.862,-936.8376642076234,6496.966599083925,258.0,30608.53166666662,100.0,False,7
5176,688.869,-935.0,6494.0,258.0875008,30609.035403423513,100.0,False,7
5177,689.089,-860.0,6376.0,260.8375008,30624.975151796105,100.0,False,7
5178,689.102,-855.3715264546508,6368.835002097169,261.0,30625.93166666662,100.0,False,7
5179,689.389,-746.0,6200.0,268.9944293268984,30647.500510412392,100.0,False,7
5180,689.461,-708.3981895211743,6140.359629296258,271.0,30652.956388888844,100.0,False,7
5181,689.549,-666.0,6073.0,272.1,30659.62136120512,100.0,False,7
5182,689.621,-644.4631506225925,6039.40686075044,273.0,30665.089722222176,100.0,False,7
5183,689.689,-628.0,6014.0,274.02,30670.279293292668,100.0,False,7
5184,689.821,-588.2515571354683,5951.80299088899,276.0,30680.42305555551,100.0,False,7
5185,689.949,-531.0,5862.0,278.56,30690.349245602127,100.0,False,7
5186,690.021,-486.969800407939,5793.158832895402,280.0,30695.97861111106,100.0,False,7
5187,690.189,-380.0,5626.0,283.5,30709.25095172649,100.0,False,7
5188,690.261,-352.64079733486886,5583.040407787049,285.0,30714.97861111106,100.0,False,7
5189,690.449,-305.0,5508.0,287.35,30730.00868736631,100.0,False,7
5190,690.501,-283.30370577194765,5474.172100979888,288.0,30734.178611111056,100.0,False,7
5191,690.729,-170.0,5298.0,289.425,30752.514439320395,100.0,False,7
5192,690.821,-146.75694149289296,5261.542143670176,290.0,30759.956388888837,100.0,False,7
5193,690.969,-95.0,5180.0,292.775,30771.997726928,100.0,False,7
5194,690.981,-86.41717409514378,5166.533725709733,293.0,30772.97861111106,100.0,False,7
5195,691.209,136.0,4818.0,295.85,30791.750387026885,100.0,False,7
5196,691.301,173.05941481886686,4759.766112304742,297.0,30799.37861111106,100.0,False,7
5197,691.49,190.0,4733.0,299.83499904,30815.12556777947,100.0,False,7
5198,691.501,193.46429936889098,4727.59888203736,300.0,30816.045277777725,100.0,False,7
5199,691.67,276.0,4599.0,301.5843744,30830.22023331361,100.0,False,7
5200,691.821,350.3791518564476,4482.503072976435,303.0,30842.97861111106,100.0,False,7
5201,692.05,448.0,4329.0,306.8166656,30862.505294204384,100.0,False,7
5202,692.061,452.1926526431892,4322.420056247508,307.0,30863.445277777726,100.0,False,7
5203,692.262,522.9454923085947,4211.639026552814,308.0,30880.64194444438,100.0,False,7
5204,692.37,572.0,4135.0,308.6,30889.921904123978,100.0,False,7
5205,692.622,732.1197131285098,3884.942682668357,310.0,30911.64194444438,100.0,False,7
5206,692.65,750.0,3857.0,310.0,30914.052885035388,100.0,False,7
5207,692.782,829.5910206151269,3732.528451905451,310.0,30925.41972222217,100.0,False,7
5208,692.982,933.1168172754468,3570.3390717231823,311.0,30942.697499999944,100.0,False,7
5209,693.089,976.0,3503.0,311.0,30951.936840448718,100.0,False,7
5210,693.222,1016.4353174012267,3439.308220678547,311.0,30963.43083333328,100.0,False,7
5211,693.429,1067.0,3360.0,311.86250026666664,30981.399194723672,100.0,False,7
5212,693.669,1154.0,3225.0,312.86250026666664,31002.29342668347,100.0,False,7
5213,693.702,1173.7104896193805,3194.047249566949,313.0,31005.16416666662,100.0,False,7
5214,693.869,1288.0,3014.0,313.0,31019.68423503211,100.0,False,7
5215,693.902,1305.6636202891561,2986.298647340466,313.0,31022.55305555551,100.0,False,7
5216,694.102,1368.3363577740743,2889.465007104708,313.0,31039.941944444392,100.0,False,7
5217,694.249,1423.0,2804.0,313.0,31052.72720326618,100.0,False,7
5218,694.342,1475.789905727074,2720.4230999032225,313.0,31060.80861111106,100.0,False,7
5219,694.409,1514.0,2660.0,312.83249984,31066.624048634512,100.0,False,7
5220,694.742,1641.6059646414499,2461.7139449332544,312.0,31095.475277777725,100.0,False,7
5221,694.749,1644.0,2458.0,312.0,31096.08181508805,100.0,False,7
5222,694.869,1687.0,2391.0,312.0,31106.481515007676,100.0,False,7
5223,694.902,1700.5363578653094,2369.7677511265233,312.0,31109.3419444444,100.0,False,7
5224,695.062,1779.1184764955233,2245.8646059660377,312.0,31123.208611111062,100.0,False,7
5225,695.149,1832.0,2163.0,311.80227258181816,31130.736971820334,100.0,False,7
5226,695.349,1967.0,1953.0,311.3477271272727,31148.00913579196,100.0,False,7
5227,695.502,2027.0856274147743,1859.0119196925043,311.0,31161.219722222166,100.0,False,7
5228,695.702,2070.1075650109583,1790.679015238452,311.0,31178.497499999947,100.0,False,7
5229,695.769,2096.0,1750.0,311.0,31184.285362439085,100.0,False,7
5230,695.942,2193.592277700295,1597.3682459620832,311.0,31199.230833333284,100.0,False,7
5231,696.069,2279.0,1464.0,311.0,31210.20665692012,100.0,False,7
5232,696.141,2328.345205051633,1386.953460209831,311.0,31216.422222222172,100.0,False,7
5233,696.381,2480.1229521655246,1150.0473521508368,310.0,31237.088888888837,100.0,False,7
5234,696.389,2484.0,1144.0,310.0,31237.777549416256,100.0,False,7
5235,696.701,2588.201033984414,981.2429468163086,310.0,31264.6444444444,100.0,False,7
5236,696.749,2608.0,950.0,310.0,31268.77792604579,100.0,False,7
5237,696.861,2664.6687314988258,860.2802929013184,310.0,31278.422222222172,100.0,False,7
5238,696.949,2715.0,781.0,310.0,31285.999349752754,100.0,False,7
5239,697.101,2805.531507441772,640.1903021580183,310.0,31299.088888888837,100.0,False,7
5240,697.189,2850.0,571.0,310.0,31306.670514153666,100.0,False,7
5241,697.301,2890.897908754903,506.58784376663215,310.0,31316.311111111063,100.0,False,7
5242,697.461,2938.13404502577,431.5074127418175,309.0,31330.044444444393,100.0,False,7
5243,697.469,2941.0,427.0,309.0,31330.730936065804,100.0,False,7
5244,697.661,3025.3841972658906,295.49658434482336,309.0,31347.211111111057,100.0,False,7
5245,697.829,3114.0,158.0,309.0,31361.630393900436,100.0,False,7
5246,697.981,3197.6262723003506,27.994491980721612,309.0,31374.67777777773,100.0,False,7
5247,698.03,3222.0,-10.0,309.0,31378.884723281568,100.0,False,7
5248,698.181,3283.772617377773,-106.7550993840128,309.0,31391.844444444403,100.0,False,7
5249,698.39,3356.0,-220.0,308.52500014545456,31409.736676400622,100.0,False,7
5250,698.59,3448.0,-363.0,308.0704546909091,31426.836817641837,100.0,False,7
5251,698.621,3468.624336222963,-395.2528477224837,308.0,31429.488888888845,100.0,False,7
5252,698.73,3545.0,-515.0,308.0,31438.817213059025,100.0,False,7
5253,698.942,3616.112310565523,-626.8377706450593,308.0,31456.95222222218,100.0,False,7
5254,698.99,3636.0,-658.0,307.8285714285714,31461.050379429544,100.0,False,7
5255,699.21,3771.0,-869.0,307.04285714285714,31479.806935237888,100.0,False,7
5256,699.222,3777.701937650953,-879.4759699950627,307.0,31480.82999999995,100.0,False,7
5257,699.43,3868.0,-1021.0,307.0,31498.567671470606,100.0,False,7
5258,699.462,3878.9627284562534,-1038.3358453566107,307.0,31501.296666666618,100.0,False,7
5259,699.57,3916.0,-1097.0,307.0,31510.5066376975,100.0,False,7
5260,699.622,3938.7019242136753,-1132.6707253376846,307.0,31514.94111111106,100.0,False,7
5261,699.789,4040.0,-1291.0,307.0,31529.183417404645,100.0,False,7
5262,699.902,4138.974339497988,-1445.7461609604466,307.0,31538.818888888847,100.0,False,7
5263,699.989,4207.0,-1552.0,307.0,31546.235598511885,100.0,False,7
5264,700.262,4273.524624152468,-1654.4875612123124,307.0,31569.518888888837,100.0,False,7
5265,700.389,4305.0,-1703.0,307.0,31580.374035005996,100.0,False,7
5266,700.502,4359.095812755998,-1787.1735704476425,307.0,31589.985555555504,100.0,False,7
5267,700.709,4488.0,-1989.0,303.23636247272725,31607.344127472395,52.95453090909091,False,7
5268,700.889,4579.0,-2133.0,299.9636352,31622.195436842543,12.045440000000005,False,7
5269,700.942,4603.330840871352,-2171.3962502099553,299.0,31626.529999999955,0.0,False,7
5270,701.302,4751.152627176808,-2402.1815187060006,283.0,31654.829999999958,0.0,False,7
5271,701.329,4762.0,-2419.0,279.5636282181818,31656.751461624735,0.0,False,7
5272,701.509,4833.0,-2529.0,256.6545373090909,31668.662040975207,0.0,False,7
5273,701.742,4908.3198559350785,-2647.163532554926,227.0,31682.5744444444,0.0,True,7
5274,701.849,4940.0,-2697.0,215.76499328,31688.698920342635,0.0,True,7
5275,701.942,4967.371545597023,-2739.91862488259,206.0,31694.018888888844,0.0,True,7
5276,702.149,5037.0,-2849.0,206.0,31706.235315159873,0.0,True,7
5277,702.309,5107.0,-2959.0,206.0,31715.4037059303,0.0,True,7
5278,702.382,5131.665028660585,-2997.55228359336,206.0,31719.19666666662,0.0,True,7
5279,702.662,5181.214327895679,-3074.169792436955,158.0,31731.48555555551,0.0,True,7
5280,702.709,5188.0,-3085.0,150.92049434765005,31733.206470163437,0.0,True,7
5281,702.849,5209.0,-3119.0,129.83263388582188,31737.870616906308,0.0,True,7
5282,702.901,5217.868260563852,-3133.028317298887,122.0,31739.584999999955,0.0,True,7
5283,703.029,5241.0,-3169.0,122.0,31743.876663324983,0.0,True,7
5284,703.181,5265.586333926185,-3207.1879991188785,122.0,31749.073888888845,0.0,True,7
5285,703.269,5279.0,-3228.0,122.0,31752.113471072633,0.0,True,7
5286,703.341,5289.818416202657,-3244.761454605872,122.0,31754.496111111068,0.0,True,7
5287,703.449,5306.0,-3270.0,113.12857142857143,31757.723054663227,0.0,True,7
5288,703.621,5331.8626278449,-3311.1939939819335,99.0,31762.196111111065,0.0,True,7
5289,703.629,5333.0,-3313.0,98.4,31762.392204074924,0.0,True,7
5290,703.821,5357.751329658547,-3351.7757841522152,84.0,31766.86277777773,0.0,True,7
5291,703.981,5375.191863364193,-3378.748688869018,81.0,31770.462777777728,0.0,True,7
5292,703.989,5376.0,-3380.0,80.8,31770.637672853416,0.0,True,7
5293,704.221,5396.812661598317,-3412.2926617865046,75.0,31775.462777777728,0.0,True,7
5294,704.429,5419.0,-3447.0,71.36,31779.441625110856,0.0,True,7
5295,704.621,5445.094317279452,-3488.479967144861,68.0,31783.018333333282,0.0,False,7
5296,704.63,5446.0,-3490.0,68.0,31783.18777807997,0.0,False,7
5297,705.01,5455.0,-3518.0,68.0,31790.372208078334,0.0,False,7
5298,705.021,5455.142068219273,-3519.0087448624486,68.0,31790.573888888837,0.0,False,7
5299,705.29,5455.0,-3557.0,65.86265642589105,31795.33563221746,0.0,False,7
5300,705.61,5410.0,-3619.0,63.320090974444746,31800.636837604536,0.0,False,7
5301,705.73,5393.0,-3629.0,62.36662893015239,31802.62417968041,0.0,False,7
5302,705.902,5366.6216953818075,-3636.771234265372,61.0,31805.501944444397,0.0,False,7
5303,706.09,5335.0,-3638.0,61.0,31808.686095192934,15.275,False,7
5304,706.222,5310.8837965497005,-3633.775892286952,61.0,31810.92416666662,26.0,True,7
5305,706.249,5305.0,-3632.0,61.0,31811.380526692257,26.0,True,7
5306,706.502,5242.0616109339235,-3605.463118350167,61.0,31815.66861111106,26.0,False,7
5307,706.509,5241.0,-3605.0,61.0,31815.78929865714,26.0,False,7
5308,706.689,5222.0,-3597.0,61.0,31818.935360407544,26.0,False,7
5309,706.822,5180.370344367323,-3577.7934846862545,61.0,31821.090833333285,26.0,False,7
5310,706.909,5150.0,-3563.0,61.0,31822.347729027664,35.7875072,False,7
5311,707.142,5090.548557177824,-3529.285559229026,61.0,31826.513055555508,62.0,False,7
5312,707.209,5072.0,-3518.0,77.750016,31828.562191714664,62.0,False,7
5313,707.422,5003.086377323257,-3475.616866185157,131.0,31836.701944444394,62.0,False,7
5314,707.449,4996.0,-3471.0,131.0,31837.694969641307,62.0,False,7
5315,707.582,4970.913731847749,-3453.0990752676294,131.0,31842.52416666661,62.0,False,7
5316,707.889,4908.0,-3404.0,150.61389297777777,31855.60677846038,94.40556231111111,False,7
5317,707.942,4881.21324838182,-3385.7227496890237,154.0,31857.924166666613,100.0,False,7
5318,708.129,4768.0,-3309.0,154.0,31865.9546019946,100.0,False,7
5319,708.302,4698.179795921245,-3256.0207324606818,154.0,31873.324166666614,100.0,False,7
5320,708.449,4648.0,-3204.0,154.0,31879.61765127226,63.249984000000005,False,7
5321,708.462,4643.116470564384,-3198.191936467487,154.0,31880.16861111106,60.0,False,7
5322,708.702,4543.398681473941,-3062.0226991147533,154.0,31890.43527777773,60.0,False,7
5323,708.809,4507.0,-3009.0,162.56000512,31895.59769016417,70.7000064,False,7
5324,708.909,4479.0,-2968.0,170.56000512,31900.833565336077,80.70000639999999,False,7
5325,709.102,4396.671643006729,-2852.8669047974818,186.0,31911.101944444395,100.0,False,7
5326,709.129,4386.0,-2838.0,186.0,31912.513210834128,100.0,False,7
5327,709.342,4327.364840655115,-2755.4504952816587,186.0,31923.501944444397,100.0,False,7
5328,709.502,4296.911128904837,-2711.7882591364214,186.0,31931.76861111106,100.0,False,7
5329,709.629,4253.0,-2650.0,186.0,31938.34630590218,100.0,False,7
5330,709.821,4163.049100475457,-2524.2695166406,186.0,31948.250277777734,100.0,False,7
5331,709.829,4160.0,-2520.0,186.0,31948.65966263196,100.0,False,7
5332,710.101,4102.582952473856,-2438.8069861039203,186.0,31962.7169444444,100.0,False,7
5333,710.169,4085.0,-2414.0,190.25,31966.469084553908,100.0,False,7
5334,710.349,4021.0,-2324.0,201.5,31976.865617858588,100.0,False,7
5335,710.421,3999.3312427680307,-2293.274604534282,206.0,31981.028055555515,100.0,False,7
5336,710.569,3952.0,-2226.0,206.0,31989.50172055373,100.0,False,7
5337,710.621,3926.8242463833185,-2190.4989498528253,206.0,31992.472499999953,100.0,False,7
5338,710.729,3871.0,-2112.0,206.0,31998.650694360935,100.0,False,7
5339,710.821,3839.6962991928362,-2068.0684921713982,206.0,32003.916944444398,100.0,False,7
5340,710.969,3796.0,-2006.0,206.0,32012.38632341587,100.0,False,7
5341,711.101,3723.962271976423,-1901.9972500430742,206.0,32019.93916666662,100.0,False,7
5342,711.23,3648.0,-1792.0,206.0,32027.32079344876,100.0,False,7
5343,711.301,3614.4657823392704,-1743.469803128888,206.0,32031.383611111065,100.0,True,7
5344,711.541,3540.9560463176254,-1637.3101032473735,206.0,32045.116944444402,104.0,True,7
5345,711.71,3494.0,-1570.0,206.0,32054.787494181393,104.0,True,7
5346,711.821,3458.8115073256313,-1519.772233347173,206.0,32061.139166666624,104.0,True,7
5347,711.91,3431.0,-1480.0,206.0,32066.23194182811,104.0,True,7
5348,712.062,3389.0446016221135,-1419.5243302304557,206.0,32074.92972222218,104.0,True,7
5349,712.17,3357.0,-1373.0,206.0,32081.109726193892,104.0,True,7
5350,712.222,3339.4400528852975,-1347.4465421545797,206.0,32084.085277777733,104.0,True,7
5351,712.41,3278.0,-1258.0,206.0,32094.842987448385,104.0,True,7
5352,712.59,3255.0,-1225.0,206.0,32105.143016857168,104.0,True,7
5353,712.622,3251.888123825521,-1220.5468722145831,206.0,32106.974166666623,104.0,True,7
5354,712.79,3232.0,-1192.0,206.0,32116.587651527647,104.0,True,7
5355,712.822,3226.2848228599373,-1183.811295207696,206.0,32118.41861111107,104.0,True,7
5356,713.062,3168.0692155506486,-1100.4623919433996,206.0,32132.151944444406,104.0,True,7
5357,713.109,3158.0,-1086.0,206.0,32134.84370740452,103.52999936,True,7
5358,713.349,3112.0,-1020.0,206.0,32148.59475170391,101.12999936,True,7
5359,713.429,3089.0,-987.0,206.0,32153.1611758899,100.32999936,True,7
5360,713.462,3081.437058200415,-975.2079692084931,206.0,32155.040833333296,100.0,False,7
5361,713.649,3043.0,-935.0,206.0,32165.64824257503,100.0,False,7
5362,713.902,2884.0477651135984,-924.86202284952,206.0,32180.21861111108,100.0,False,7
5363,713.909,2880.0,-925.0,206.0,32180.632309799475,96.499968,False,7
5364,714.102,2797.1859130527478,-935.3444474204277,206.0,32191.663055555517,0.0,False,7
5365,714.302,2744.765742913775,-954.6278236264883,152.0,32200.107499999962,73.0,True,7
5366,714.369,2724.0,-961.0,156.187504,32203.057749793436,77.52250432,True,7
5367,714.702,2593.0644387865723,-992.3190698902231,177.0,32219.774166666626,100.0,False,7
5368,714.829,2529.0,-1007.0,181.7625024,32226.426892141222,100.0,False,7
5369,715.049,2432.0,-1030.0,190.0125024,32238.20230661468,100.0,False,7
5370,715.089,2432.0,-1030.0,191.5125024,32240.39234443797,100.0,False,7
5371,715.102,2430.0256520485887,-1030.4625483252921,192.0,32241.107499999955,100.0,False,7
5372,715.349,2227.0,-1078.0,200.02750208,32255.009837951147,100.0,False,7
5373,715.502,2158.739223084173,-1093.5404412481143,205.0,32263.88527777773,100.0,False,7
5374,715.669,2110.0,-1104.0,210.01000192,32273.78079575517,100.0,False,7
5375,715.902,1960.4636180692985,-1136.9011125764614,217.0,32287.996388888845,100.0,False,7
5376,716.049,1856.0,-1160.0,223.12500266666666,32297.2425530068,100.0,False,7
5377,716.142,1796.925362423049,-1173.0854250380332,227.0,32303.129722222176,100.0,False,7
5378,716.541,1601.9078485866748,-1216.3741632001424,227.0,32328.28888888884,100.0,False,7
5379,716.781,1505.8050236366837,-1236.781059046167,227.0,32343.422222222165,100.0,False,7
5380,716.809,1495.0,-1239.0,227.0,32345.191663099256,100.0,False,7
5381,716.981,1421.7178125201715,-1253.999599927369,227.0,32356.033333333282,100.0,False,7
5382,716.989,1417.0,-1255.0,227.0,32356.532519829205,100.0,False,7
5383,717.329,1143.0,-1315.0,227.0,32377.9194221149,100.0,False,7
5384,717.341,1136.3044139646593,-1316.4556376192093,227.0,32378.733333333286,100.0,False,7
5385,717.489,1055.0,-1334.0,241.8,32389.245477149278,100.0,False,7
5386,717.701,756.0497452808161,-1399.3503892191238,263.0,32405.03333333329,100.0,False,7
5387,717.75,703.0,-1411.0,263.0,32408.62940222065,100.0,False,7
5388,717.861,641.7327770023926,-1424.5729454754764,263.0,32416.722222222175,100.0,False,7
5389,718.05,567.0,-1441.0,263.0,32430.48734599549,100.0,False,7
5390,718.181,366.41466196716067,-1484.312235897871,263.0,32440.099999999955,100.0,False,8
5391,718.31,160.0,-1529.0,265.3035702857143,32449.66977508868,100.0,False,8
5392,718.461,51.30310336072913,-1553.0987877692298,268.0,32460.944444444394,100.0,False,8
5393,718.61,4.0,-1564.0,268.41274227815927,32472.076006830117,100.0,False,8
5394,718.822,-103.52964145409373,-1587.6183120421038,269.0,32487.919166666616,100.0,False,8
5395,718.87,-142.0,-1596.0,269.0,32491.50601588845,100.0,False,8
5396,719.102,-398.2755054870077,-1651.807134823761,269.0,32508.84138888884,100.0,False,8
5397,719.15,-445.0,-1662.0,269.0,32512.428024471752,100.0,False,8
5398,719.382,-592.2855570307489,-1694.284477361271,269.0,32529.763611111062,100.0,True,8
5399,719.509,-669.0,-1711.0,269.0,32539.253340579344,100.0,True,8
5400,719.582,-722.9606671271328,-1722.6806984896925,269.0,32544.708055555508,100.0,True,8
5401,719.709,-826.0,-1745.0,269.0,32554.197781448434,101.81428662857142,True,8
5402,719.862,-942.9673047130725,-1770.6332868412126,269.0,32565.63027777773,104.0,True,8
5403,719.909,-972.0,-1777.0,269.0,32569.14222713565,104.0,True,8
5404,720.069,-1050.0,-1794.0,269.0,32581.097782537574,104.0,True,8
5405,720.142,-1097.2888865103816,-1804.2744293967826,269.0,32586.55249999996,104.0,True,8
5406,720.382,-1308.1529705090625,-1850.0706644583038,269.0,32604.48583333329,104.0,True,8
5407,720.449,-1363.0,-1862.0,269.0,32609.492225993694,104.0,True,8
5408,720.582,-1459.4216551391887,-1883.0062219104886,269.0,32619.430277777734,104.0,True,8
5409,720.669,-1519.0,-1896.0,269.0,32625.93112404103,104.0,True,8
5410,720.902,-1685.5579512687377,-1932.311877406889,269.0,32643.341388888846,104.0,True,8
5411,720.969,-1744.0,-1945.0,269.0,32648.347744591752,104.0,True,8
5412,721.062,-1836.4530260960898,-1965.0229985168585,269.0,32655.296944444402,104.0,True,8
5413,721.229,-1989.0,-1998.0,269.0,32667.77613112163,104.0,True,8
5414,721.302,-2022.4272319416525,-2005.2271622180435,269.0,32673.230277777737,104.0,True,8
5415,721.389,-2067.0,-2015.0,269.0,32679.729287670147,104.0,True,8
5416,721.609,-2311.0,-2069.0,269.0,32696.163344715023,104.0,True,8
5417,721.702,-2352.8710677273302,-2078.1727115440567,269.0,32703.119166666627,104.0,True,8
5418,721.789,-2389.0,-2086.0,269.0,32709.632069507432,104.0,True,8
5419,721.862,-2450.099105871369,-2099.319114966118,269.0,32715.074722222183,104.0,True,8
5420,721.949,-2545.0,-2120.0,269.0,32721.5076631868,104.0,True,8
5421,722.062,-2676.4022710128356,-2148.5200161318817,269.0,32730.01916666663,104.0,True,8
5422,722.249,-2868.0,-2190.0,286.9208394666667,32745.140792770013,100.88333226666667,True,8
5423,722.302,-2901.7541889759937,-2197.3255731648514,292.0,32749.485833333296,100.0,False,8
5424,722.589,-3005.0,-2220.0,292.0,32772.77752442703,100.0,False,8
5425,722.662,-3053.5588456476953,-2230.6910102117076,292.0,32778.6858333333,100.0,False,8
5426,722.929,-3278.0,-2280.0,292.0,32800.33431913446,100.0,False,8
5427,722.982,-3309.430852393986,-2286.860874260049,292.0,32804.64138888885,100.0,False,8
5428,723.141,-3415.7739323073783,-2309.9891131081463,293.0,32817.58222222218,100.0,False,8
5429,723.149,-3425.0,-2312.0,293.0181818181818,32818.2337957508,100.0,False,8
5430,723.209,-3503.0,-2329.0,293.1545454545454,32823.12161251405,100.0,False,8
5431,723.409,-3679.0,-2367.0,293.6090909090909,32839.429630944825,100.0,False,8
5432,723.581,-3807.05450773032,-2394.7561687908155,294.0,32853.51555555552,100.0,False,8
5433,723.629,-3845.0,-2403.0,294.0,32857.45993653727,100.0,False,8
5434,723.741,-3939.4280503886116,-2423.52109995364,294.0,32866.58222222218,100.0,False,8
5435,723.829,-4001.0,-2437.0,287.84,32873.49904509245,100.0,False,8
5436,723.941,-4044.145034320532,-2446.722174511934,280.0,32882.137777777745,100.0,False,8
5437,724.049,-4089.0,-2457.0,280.0,32890.516314461405,100.0,False,8
5438,724.141,-4160.081934071588,-2473.02259044071,280.0,32897.69333333329,100.0,False,8
5439,724.341,-4373.018469732835,-2519.1911835748506,280.0,32913.248888888855,100.0,False,8
5440,724.35,-4382.0,-2521.0,279.2687552,32913.92807195472,94.37504,False,8
5441,724.501,-4520.440901095867,-2546.7374229849115,267.0,32925.115555555516,0.0,True,8
5442,724.781,-4712.396332028678,-2571.982199556722,267.0,32945.88222222218,0.0,True,8
5443,724.81,-4727.0,-2573.0,261.0791797333333,32947.79313693985,0.36249919999999997,True,8
5444,725.021,-4805.055619092425,-2571.5068514836753,218.0,32960.41555555551,3.0,True,8
5445,725.15,-4857.0,-2564.0,218.0,32968.15095448963,3.0,True,8
5446,725.302,-4942.0918068511455,-2548.517481544592,218.0,32977.43166666663,3.0,True,8
5447,725.35,-4974.0,-2540.0,218.0,32980.38340454355,2.7,True,8
5448,725.61,-5160.0,-2468.0,218.0,32996.12706934917,1.0750000000000002,True,8
5449,725.622,-5166.2152329127675,-2465.114997816194,218.0,32996.8094444444,1.0,True,8
5450,725.862,-5244.007125879265,-2418.1632481016777,194.0,33009.742777777734,0.0,True,8
5451,725.89,-5254.0,-2411.0,194.0,33011.250253467704,0.14,True,8
5452,726.062,-5330.274865540841,-2354.038107243662,194.0,33020.520555555515,1.0,True,8
5453,726.07,-5334.0,-2351.0,193.6,33020.94046942157,1.04,True,8
5454,726.262,-5421.760032047295,-2269.57090050554,184.0,33030.742777777734,2.0,True,8
5455,726.309,-5442.0,-2247.0,184.0,33033.137139511746,2.0,True,8
5456,726.462,-5503.330519033117,-2166.1134721745884,184.0,33040.96499999996,2.0,True,8
5457,726.629,-5556.0,-2084.0,184.0,33049.50084667921,2.0,True,8
5458,726.662,-5563.799211145333,-2071.097008520428,184.0,33051.18722222219,2.0,True,8
5459,726.862,-5593.219051904039,-2015.1668820766297,184.0,33061.409444444405,2.0,True,8
5460,727.029,-5614.0,-1956.0,184.0,33069.943929296736,2.0,True,8
5461,727.182,-5638.405011421845,-1874.3059110154811,184.0,33077.76499999996,2.0,True,8
5462,727.209,-5642.0,-1860.0,184.0,33079.14571536588,10.6062704,True,8
5463,727.409,-5658.0,-1772.0,184.0,33089.374846247156,74.3562704,True,8
5464,727.502,-5661.536585567183,-1749.2311202709827,184.0,33094.12055555551,104.0,True,8
5465,727.589,-5663.0,-1722.0,184.0,33098.5507417971,104.0,True,8
5466,727.662,-5662.851509823906,-1682.44659970096,184.0,33102.298333333296,104.0,True,8
5467,727.849,-5658.0,-1552.0,184.0,33112.09093002552,104.0,True,8
5468,727.942,-5654.3372727086335,-1508.285336669773,184.0,33116.6094444444,104.0,True,8
5469,728.269,-5633.0,-1425.0,149.81362967272727,33129.4023527371,26.709075781818182,True,8
5470,728.369,-5622.0,-1387.0,139.3590842181818,33133.004801777526,3.072712145454544,True,8
5471,728.382,-5620.222316826477,-1381.5109039355052,138.0,33133.476111111064,0.0,True,8
5472,728.609,-5577.0,-1276.0,133.0343736,33141.78640333363,0.7093752,True,8
5473,728.702,-5556.016531283808,-1239.1517678909916,131.0,33145.12055555551,1.0,True,8
5474,728.929,-5510.0,-1177.0,125.89249856,33152.915303425594,1.0,True,8
5475,729.089,-5489.0,-1155.0,122.29249856,33158.24506567854,1.0,True,8
5476,729.102,-5485.701727045845,-1152.0792324689025,122.0,33158.67611111107,1.0,True,8
5477,729.349,-5381.0,-1067.0,119.93880354369482,33166.80903173809,1.0,True,8
5478,729.769,-5264.0,-1012.0,116.43393598362739,33180.23938864731,1.0,True,8
5479,729.821,-5252.956633920679,-1008.62324392064,116.0,33181.84388888885,1.0,False,8
5480,730.101,-5193.367700510159,-993.353074465634,109.0,33190.32166666663,0.0,False,8
5481,730.129,-5186.0,-992.0,109.0,33191.171347922915,0.0,False,8
5482,730.261,-5146.690333131682,-985.9969282756357,109.0,33195.16611111107,0.0,False,8
5483,730.349,-5117.0,-983.0,107.42857142857143,33197.76032094375,0.0,False,8
5484,730.541,-5046.553877755142,-980.7581696898998,104.0,33203.25499999997,0.0,False,8
5485,730.569,-5037.0,-981.0,103.7,33204.04657576682,0.0,False,8
5486,730.821,-4966.622251717651,-989.9530063253525,101.0,33211.110555555526,0.0,False,8
5487,730.981,-4930.903095940272,-998.5140527375859,101.0,33215.599444444415,0.0,True,8
5488,730.99,-4929.0,-999.0,100.9156256,33215.849281894276,0.0,True,8
5489,731.301,-4864.518095803793,-1020.9688950160332,98.0,33224.31055555553,0.0,True,8
5490,731.37,-4845.0,-1032.0,98.0,33226.184452524365,0.0,True,8
5491,731.55,-4787.0,-1071.0,98.0,33231.08790370903,0.0,True,8
5492,731.621,-4771.330049390952,-1083.5861168126753,98.0,33233.02166666664,0.0,True,8
5493,731.75,-4751.0,-1105.0,98.0,33236.53193850998,0.0,True,8
5494,732.022,-4706.9161377577775,-1169.4078867679007,98.0,33243.93777777775,0.0,True,8
5495,732.03,-4706.0,-1171.0,98.0,33244.15624447866,2.9714285714285715,True,8
5496,732.302,-4690.9244594459515,-1208.4184192727664,98.0,33251.55999999997,104.0,True,8
5497,732.37,-4688.0,-1218.0,96.86666666666666,33253.37197543819,104.0,True,8
5498,732.542,-4678.344087695141,-1248.789060790033,94.0,33257.82666666664,104.0,True,8
5499,732.65,-4676.0,-1286.0,92.65,33260.479945006125,84.7625,True,8
5500,732.809,-4681.0,-1366.0,90.6624992,33264.38857254545,56.440613600000006,True,8
5501,732.862,-4682.339714674103,-1383.9670961755485,90.0,33265.82666666664,47.0,False,8
5502,733.182,-4690.292919553827,-1409.7555195401826,111.0,33275.69333333331,16.0,False,8
5503,733.249,-4699.0,-1433.0,110.76071405714286,33277.76481496365,12.171424914285714,False,8
5504,733.309,-4709.0,-1461.0,110.54642834285714,33279.59513161047,8.742853485714285,False,8
5505,733.462,-4724.312444913446,-1500.463064785638,110.0,33284.24888888886,0.0,True,8
5506,733.569,-4732.0,-1516.0,110.0,33287.54355132924,0.0,True,8
5507,733.702,-4744.3634070552625,-1539.0043581438551,110.0,33291.5822222222,0.0,True,8
5508,733.789,-4755.0,-1560.0,106.7374976,33294.11589774421,0.0,True,8
5509,733.862,-4765.863879866231,-1582.8998621589221,104.0,33296.20444444442,0.0,True,8
5510,734.029,-4789.0,-1633.0,102.4343744,33300.93925069692,0.0,True,8
5511,734.182,-4795.479690889961,-1649.9148445092862,101.0,33305.182222222196,0.0,True,8
5512,734.189,-4796.0,-1652.0,100.87499885714286,33305.373285310234,0.0,True,8
5513,734.329,-4811.0,-1720.0,98.37499885714286,33309.138337760196,0.0,True,8
5514,734.462,-4814.5696992292105,-1768.2651198834717,96.0,33312.64888888886,0.0,False,8
5515,734.622,-4806.577331742776,-1803.1622271315184,94.0,33316.82666666664,0.0,False,8
5516,734.649,-4805.0,-1809.0,93.8312496,33317.528502662244,0.0,False,8
5517,734.782,-4796.4545416705805,-1837.960324840361,93.0,33320.95999999998,0.0,False,8
5518,735.129,-4766.0,-1911.0,89.14444373333333,33329.54159967943,0.0,False,8
5519,735.142,-4764.534364838705,-1913.4775008620588,89.0,33329.85999999998,0.0,False,8
5520,735.382,-4733.007455093712,-1955.6443558995763,88.0,33335.72666666664,0.0,False,8
5521,735.489,-4716.0,-1973.0,87.6656248,33338.30909216171,6.687504,False,8
5522,735.702,-4676.492202647905,-2005.686990903757,87.0,33343.45999999998,20.0,False,8
5523,735.862,-4643.699905502011,-2026.8754637203867,90.0,33347.45999999998,32.0,False,8
5524,735.949,-4626.0,-2036.0,91.24285805714285,33349.69699301888,34.1750016,False,8
5525,736.142,-4587.131506937457,-2050.187809537799,94.0,33354.77111111109,39.0,False,8
5526,736.309,-4560.0,-2057.0,95.67000064,33359.19209893529,43.1750016,False,8
5527,736.469,-4540.0,-2060.0,97.27000064,33363.55452425788,47.1750016,False,8
5528,736.542,-4524.759250896422,-2060.703917924327,98.0,33365.65999999998,49.0,False,8
5529,736.741,-4471.715732465373,-2061.916757070661,110.0,33371.74055555554,49.0,False,8
5530,736.749,-4470.0,-2062.0,110.2,33371.99198165516,49.5,False,8
5531,736.981,-4434.496748935184,-2063.305164365489,116.0,33379.473888888875,64.0,False,8
5532,737.089,-4402.0,-2049.0,118.3625,33383.088653732404,65.6875,False,8
5533,737.301,-4285.747929739024,-1974.4862934195494,123.0,33390.40722222221,69.0,False,8
5534,737.349,-4258.0,-1947.0,124.68,33392.09863962175,69.72,False,8
5535,737.501,-4177.753496101933,-1834.8997946995567,130.0,33397.62944444443,72.0,False,8
5536,737.55,-4156.0,-1798.0,132.72221866666666,33399.52192560739,74.31388586666667,False,8
5537,737.79,-4083.0,-1645.0,146.055552,33409.53102747754,85.6472192,False,8
5538,737.861,-4070.2301331462754,-1611.9508149094816,150.0,33412.62944444443,89.0,False,8
5539,737.97,-4056.0,-1570.0,154.2388864,33417.47475886973,92.3305536,False,8
5540,738.19,-4033.0,-1483.0,162.79444195555556,33427.57366045253,99.05277582222222,False,8
5541,738.221,-4028.733284754817,-1462.9253980531573,164.0,33429.02944444443,100.0,False,8
5542,738.25,-4025.0,-1444.0,164.72335451767503,33430.39857202617,100.0,False,8
5543,738.47,-4018.0,-1344.0,170.21088365872234,33441.01161856356,100.0,False,8
5544,738.662,-4022.3470904239352,-1248.0543334176941,175.0,33450.46694444443,100.0,False,8
5545,738.75,-4031.0,-1195.0,177.2,33454.8317060266,100.0,False,8
5546,738.822,-4042.545739689484,-1146.8402489899747,179.0,33458.422499999986,100.0,False,8
5547,738.91,-4060.0,-1089.0,180.65,33462.84077650638,100.0,False,8
5548,738.982,-4074.955806674508,-1049.1612802860964,182.0,33466.51138888887,100.0,False,8
5549,739.23,-4127.0,-955.0,188.88888888888889,33479.683022904515,100.0,False,8
5550,739.342,-4148.266567092545,-924.5390344839628,192.0,33485.71138888887,100.0,False,8
5551,739.389,-4162.0,-907.0,192.0,33488.234045694146,100.0,False,8
5552,739.669,-4304.0,-738.0,192.0,33503.165344841356,100.0,False,8
5553,739.702,-4316.81271534289,-723.0450974318193,192.0,33504.91138888887,100.0,False,8
5554,739.902,-4367.337249129719,-665.0415702447523,192.0,33515.57805555554,100.0,False,8
5555,739.969,-4389.0,-640.0,195.3500032,33519.34528151993,100.0,False,8
5556,740.229,-4506.0,-503.0,208.3500032,33534.93043518094,100.0,False,8
5557,740.342,-4541.031220710985,-461.12931169163943,214.0,33541.73361111109,100.0,False,8
5558,740.489,-4583.0,-411.0,214.0,33550.47246270542,103.6750016,False,8
5559,740.502,-4587.78064082296,-405.38530571517964,214.0,33551.2447222222,104.0,True,8
5560,740.669,-4661.0,-320.0,214.0,33561.185652953114,104.0,True,8
5561,740.742,-4694.77484098735,-280.3411406957157,214.0,33565.51138888887,104.0,True,8
5562,740.869,-4745.0,-221.0,214.0,33572.991232808825,104.0,True,8
5563,740.942,-4761.192096141666,-201.7621827548926,214.0,33577.400277777764,104.0,True,8
5564,741.269,-4810.0,-144.0,231.16750336,33598.69261044417,100.72999936,True,8
5565,741.342,-4854.459630364335,-92.06731326588468,235.0,33603.51138888887,100.0,False,8
5566,741.409,-4894.0,-46.0,235.0,33607.90715426137,100.0,False,8
5567,741.569,-4946.0,14.0,235.0,33618.331901837104,100.0,False,8
5568,741.582,-4950.74054752428,19.498315229580967,235.0,33619.17805555554,100.0,False,8
5569,741.729,-5018.0,98.0,235.0,33628.743860453265,100.0,False,8
5570,741.982,-5140.921482475091,242.43786145676594,235.0,33645.28916666665,100.0,False,8
5571,742.049,-5167.0,273.0,236.19642971428573,33649.7160317624,100.0,False,8
5572,742.262,-5237.617540732032,355.2060865777573,240.0,33663.95583333331,100.0,False,8
5573,742.289,-5252.0,372.0,240.81000192,33665.78563528507,100.0,False,8
5574,742.462,-5383.213179296078,525.6140279158875,246.0,33677.62249999998,100.0,False,8
5575,742.529,-5427.0,577.0,246.6281256,33682.234602038494,100.0,False,8
5576,742.782,-5493.379074494063,655.716385296786,249.0,33699.75583333332,100.0,False,8
5577,742.889,-5530.0,699.0,250.07000064,33707.209187123604,100.0,False,8
5578,742.982,-5582.181992363807,760.361771813342,251.0,33713.70027777776,100.0,False,8
5579,743.049,-5621.0,806.0,251.23928594285715,33718.38039600674,100.0,False,8
5580,743.262,-5714.969764862787,916.4697620079426,252.0,33733.30027777776,100.0,False,8
5581,743.269,-5718.0,920.0,252.05857792573644,33733.792574189996,100.0,False,8
5582,743.369,-5764.0,973.0,252.89539778533282,33740.840258178454,100.0,False,8
5583,743.501,-5839.5810157114,1056.2819104272214,254.0,33750.16305555554,100.0,False,8
5584,743.629,-5919.0,1156.0,254.0,33759.196667137454,100.0,False,8
5585,743.861,-6044.291397247803,1373.8189001029311,254.0,33775.56305555554,100.0,False,8
5586,743.909,-6061.0,1407.0,254.0,33778.95051843985,100.0,False,8
5587,744.061,-6085.96812560468,1464.7812380078653,254.0,33789.67416666666,100.0,False,8
5588,744.25,-6109.0,1549.0,254.0,33802.97714526398,100.0,False,8
5589,744.381,-6159.373536024876,1702.2347915651428,254.0,33812.25194444443,100.0,False,8
5590,744.47,-6197.0,1815.0,255.27142765714285,33818.60506120423,98.72857234285715,False,8
5591,744.661,-6261.147314303482,2008.0237242147714,258.0,33832.3186111111,96.0,False,8
5592,744.822,-6298.469968201189,2121.2145130385047,258.0,33843.85694444444,96.0,False,8
5593,744.982,-6325.281730300742,2202.6936674619305,257.0,33855.27916666666,0.0,False,8
5594,745.01,-6329.0,2214.0,256.22222222222223,33857.25620773476,0.0,False,8
5595,745.342,-6365.064135683295,2323.7627118822575,247.0,33879.979166666664,0.0,False,8
5596,745.39,-6376.0,2357.0,244.45,33883.125379503705,0.0,False,8
5597,745.63,-6454.0,2594.0,231.7,33898.4075671355,0.0,False,8
5598,745.662,-6463.132821531957,2621.771665706505,230.0,33900.42361111111,0.0,True,8
5599,745.862,-6505.531362761412,2750.870074276195,221.0,33912.70138888888,0.0,True,8
5600,745.989,-6526.0,2813.0,207.66499328,33919.50053792929,0.0,True,8
5601,746.262,-6562.060450319959,2921.3632445781213,179.0,33932.590277777774,0.0,True,8
5602,746.429,-6570.0,2945.0,179.0,33941.21194373834,0.0,True,8
5603,746.469,-6570.0,2945.0,179.0,33943.19519846855,0.0,True,8
5604,746.542,-6574.991917788466,2960.489148327466,179.0,33946.5125,0.0,True,8
5605,746.702,-6602.667385433047,3045.836317302899,139.0,33952.69027777777,0.0,True,8
5606,746.729,-6607.0,3059.0,139.0,33953.71679713099,0.0,True,8
5607,746.862,-6624.955107676957,3112.4381860522144,139.0,33958.86805555555,0.0,True,8
5608,747.009,-6639.0,3154.0,139.0,33964.55989892793,0.0,True,8
5609,747.022,-6639.990521092256,3157.0434569860417,139.0,33965.04583333333,0.0,True,8
5610,747.189,-6651.0,3192.0,128.2642816,33970.92819826272,0.0,True,8
5611,747.302,-6661.1672881600125,3223.038555147562,121.0,33974.45694444444,0.0,True,8
5612,747.429,-6673.0,3259.0,103.5374912,33977.970589574965,0.0,True,8
5613,747.462,-6675.542720100685,3266.910943481534,99.0,33978.856944444444,0.0,True,8
5614,747.549,-6682.0,3287.0,97.75714194285715,33981.193608905625,0.0,True,8
5615,747.742,-6701.723230051124,3344.7072799978623,95.0,33986.245833333334,0.0,True,8
5616,747.809,-6708.0,3363.0,93.02045265454545,33987.88972015374,0.0,True,8
5617,748.109,-6726.0,3420.0,84.15681629090909,33994.65878324683,0.0,True,8
5618,748.182,-6729.50799746792,3434.0073161103032,82.0,33996.268055555556,0.0,False,8
5619,748.382,-6737.5843207313355,3476.9769529481937,79.0,34000.65694444445,0.0,False,8
5620,748.509,-6737.0,3508.0,78.04749952,34003.371623959196,7.30250368,False,8
5621,748.629,-6732.0,3538.0,77.14749952,34005.88229004368,14.20250368,False,8
5622,748.782,-6726.874788614734,3559.1064736226103,76.0,34009.10138888889,23.0,False,8
5623,748.909,-6718.0,3575.0,76.7055559111111,34011.805960687154,25.822223644444446,False,8
5624,749.109,-6689.0,3615.0,77.81666702222222,34016.162809385016,30.26666808888889,False,8
5625,749.142,-6684.295904355431,3620.5511831512713,78.0,34016.901388888895,31.0,False,8
5626,749.342,-6659.509834784715,3642.764001623711,83.0,34021.512500000004,34.0,False,8
5627,749.469,-6642.0,3653.0,85.7781264,34024.588422729525,39.953128,False,8
5628,749.629,-6614.0,3665.0,89.2781264,34028.646971053255,47.453128,False,8
5629,749.662,-6606.795763851325,3667.0869735204874,90.0,34029.512500000004,49.0,False,8
5630,749.909,-6546.0,3676.0,96.9468768,34036.27194516612,53.6312512,False,8
5631,749.982,-6533.023706339587,3675.2880976966426,99.0,34038.3125,55.0,False,8
5632,750.089,-6516.0,3672.0,101.15075436357648,34041.31477932407,59.83919731804709,False,8
5633,750.181,-6498.596244527069,3667.985512140469,103.0,34044.00611111111,64.0,False,8
5634,750.289,-6469.0,3656.0,108.4,34047.39743387142,67.47142857142858,False,8
5635,750.461,-6392.662494692394,3610.1044153484463,117.0,34053.10611111111,73.0,False,8
5636,750.509,-6375.0,3599.0,117.96,34054.70283055978,73.0,False,8
5637,750.661,-6344.969852504712,3580.384844048247,121.0,34059.82833333333,73.0,False,8
5638,750.85,-6324.0,3567.0,129.50499712,34066.63574875396,73.0,False,8
5639,750.861,-6321.763626356733,3565.5195761977257,130.0,34067.05055555556,73.0,False,8
5640,751.09,-6250.0,3516.0,143.3583296,34076.18715281603,98.7624928,False,8
5641,751.101,-6245.4215932790485,3512.651854484525,144.0,34076.650555555556,100.0,False,8
5642,751.31,-6147.0,3437.0,153.26315670039344,34085.87570360673,100.0,False,8
5643,751.462,-6083.347418875098,3382.8605804184035,160.0,34092.695,100.0,False,8
5644,751.55,-6056.0,3359.0,160.0,34096.56822988259,100.0,False,8
5645,751.622,-6040.537028480671,3345.7357322350376,160.0,34099.80611111111,100.0,False,8
5646,751.862,-5999.724600506909,3307.7605886535466,175.0,34111.47277777777,100.0,False,8
5647,751.87,-5997.0,3305.0,175.23333333333332,34111.87146402686,100.0,False,8
5648,752.102,-5876.3426814081595,3179.253566350198,182.0,34123.606111111105,100.0,False,8
5649,752.19,-5832.0,3130.0,185.3,34128.20951624049,100.0,False,8
5650,752.342,-5772.027800195529,3056.8901368321826,191.0,34136.33944444444,100.0,False,8
5651,752.35,-5769.0,3053.0,191.2,34136.77141974503,100.0,False,8
5652,752.542,-5695.7750749317065,2954.628225621811,196.0,34147.22833333333,100.0,False,8
5653,752.609,-5674.0,2924.0,196.55833386666666,34150.89001881383,100.0,False,8
5654,752.782,-5628.981315885234,2856.4607855010245,198.0,34160.42833333333,100.0,False,8
5655,752.829,-5614.0,2832.0,199.1750016,34163.07089593676,100.0,False,8
5656,753.049,-5528.0,2685.0,204.6750016,34175.68790321119,100.0,False,8
5657,753.102,-5515.287235036987,2662.761438805046,206.0,34178.739444444436,100.0,False,8
5658,753.302,-5496.902420496496,2628.467561568506,208.0,34190.29499999999,100.0,False,8
5659,753.389,-5475.0,2589.0,209.77954676363638,34195.43539169731,100.0,False,8
5660,753.529,-5416.0,2484.0,212.64318312727272,34203.88479858825,100.0,False,8
5661,753.729,-5353.0,2371.0,216.73409221818181,34216.031874240085,100.0,False,8
5662,753.742,-5348.840911116664,2363.552722845205,217.0,34216.81722222221,100.0,False,8
5663,753.902,-5292.4540931345855,2262.9777168878722,217.0,34226.46166666666,100.0,False,8
5664,754.009,-5260.0,2205.0,217.8916672,34232.94631218546,100.0,False,8
5665,754.142,-5233.213200252382,2156.676737171002,219.0,34241.06166666666,100.0,False,8
5666,754.289,-5197.0,2091.0,220.47000064,34250.103099432105,100.0,False,8
5667,754.489,-5105.0,1925.0,222.47000064,34262.52474225202,100.0,False,8
5668,754.542,-5083.81866413191,1886.8520585502458,223.0,34265.839444444435,100.0,False,8
5669,754.829,-4998.0,1733.0,226.1888896,34283.93134868825,100.0,False,8
5670,754.902,-4973.8407666505145,1689.8982856388839,227.0,34288.53944444444,100.0,False,8
5671,755.089,-4910.0,1576.0,227.0,34300.32772659032,100.0,False,8
5672,755.142,-4894.318161268371,1547.8922722998864,227.0,34303.67277777777,100.0,False,8
5673,755.302,-4854.2943493366265,1475.7087016531787,228.0,34313.8061111111,100.0,False,8
5674,755.489,-4793.0,1366.0,230.0035721142857,34325.79622112679,100.0,False,8
5675,755.582,-4749.8991418116375,1289.5337126513728,231.0,34331.77277777777,100.0,False,8
5676,755.629,-4729.0,1253.0,231.0,34334.78844757404,100.0,False,8
5677,755.782,-4676.753301878175,1165.8840198887028,231.0,34344.606111111105,100.0,False,8
5678,755.909,-4637.0,1110.0,231.3968752,34352.80548880501,62.296856,False,8
5679,756.102,-4561.067303364553,1023.2083434120202,232.0,34365.228333333325,5.0,False,8
5680,756.422,-4394.884760760285,875.0753018541958,226.0,34385.31722222222,0.0,False,8
5681,756.742,-4223.3202323466785,755.4118492113001,223.0,34405.13944444444,0.0,False,8
5682,756.829,-4180.0,731.0,219.939697225424,34410.39811996956,0.0,False,8
5683,756.941,-4126.323680516762,704.6854159507111,216.0,34417.07944444444,0.0,False,8
5684,757.089,-4041.0,673.0,213.53333333333333,34425.78070401766,15.211111111111112,False,8
5685,757.25,-3907.0,636.0,210.85000106666666,34435.1264711362,31.758326755555558,False,8
5686,757.301,-3863.210675609272,626.9147782333771,210.0,34438.07944444444,37.0,False,8
5687,757.41,-3779.0,613.0,208.91000064,34444.380065359146,46.26499456,False,8
5688,757.501,-3732.1398927275586,606.7963013172359,208.0,34449.634999999995,54.0,False,8
5689,757.61,-3679.0,605.0,208.0,34455.929829955385,54.0,False,8
5690,757.661,-3643.802387164852,605.907803249684,208.0,34458.879444444436,54.0,False,8
5691,757.861,-3461.614102247159,618.5523583292972,209.0,34470.49055555555,72.0,False,8
5692,757.93,-3410.0,624.0,209.31292492523173,34474.51456669439,73.09523723831107,False,8
5693,758.27,-3264.0,659.0,210.85487526238552,34494.45654731073,78.49206341834935,False,8
5694,758.302,-3247.8888654476104,664.4203214865636,211.0,34496.338055555556,79.0,False,8
5695,758.47,-3151.0,699.0,211.7,34506.22527844784,80.4,False,8
5696,758.542,-3110.9734384595286,715.4330933745365,212.0,34510.47138888889,81.0,False,8
5697,758.67,-3034.0,755.0,212.53333333333333,34518.03658589951,81.0,False,8
5698,758.782,-2944.3844496067763,813.6843772414462,213.0,34524.671388888884,81.0,False,8
5699,758.99,-2782.0,934.0,213.74285714285713,34537.02694123376,81.74285714285715,False,8
5700,759.062,-2754.6410948503753,956.5501590912786,214.0,34541.31583333333,82.0,False,8
5701,759.222,-2725.591075074002,987.2773910571935,215.0,34550.87138888888,83.0,False,8
5702,759.229,-2724.0,989.0,215.0218752,34551.290314654165,83.0218752,False,8
5703,759.469,-2641.0,1089.0,215.7718752,34565.69083023089,83.7718752,False,8
5704,759.542,-2602.6536751430644,1148.1053706697717,216.0,34570.071388888886,84.0,False,8
5705,759.782,-2474.0334974238167,1368.4028261339888,216.0,34584.47138888889,85.0,False,8
5706,759.789,-2472.0,1372.0,216.05000045714286,34584.89287562537,85.0,False,8
5707,760.049,-2446.0,1426.0,217.90714331428572,34600.635210583074,85.0,False,8
5708,760.062,-2443.3462353596883,1431.7365679799311,218.0,34601.42694444444,85.0,False,8
5709,760.382,-2329.0495667794835,1669.633921813276,220.0,34620.9825,78.0,False,8
5710,760.429,-2325.0,1678.0,219.5593744,34623.838339789465,66.5437344,False,8
5711,760.469,-2325.0,1678.0,219.1843744,34626.263326866276,56.7937344,False,8
5712,760.669,-2273.0,1786.0,217.3093744,34638.3016931758,8.043734400000002,False,8
5713,760.702,-2263.8804156714873,1805.011380824088,217.0,34640.27138888889,0.0,True,8
5714,760.942,-2218.7705960827966,1899.715459071047,212.0,34654.40472222222,0.0,True,8
5715,761.029,-2208.0,1922.0,209.46249813333333,34659.391584693076,0.0,True,8
5716,761.182,-2193.7776451299933,1950.5017496321727,205.0,34668.071388888886,0.0,True,8
5717,761.229,-2190.0,1958.0,205.0,34670.75465470707,0.0,True,8
5718,761.382,-2178.5280269909767,1980.9532022896392,205.0,34679.46027777777,0.0,True,8
5719,761.589,-2149.0,2037.0,198.27249792,34690.738879870594,0.0,True,8
5720,761.729,-2110.0,2107.0,193.72249792,34698.06842914919,0.0,True,8
5721,761.782,-2096.3209337098388,2128.436900120038,192.0,34700.793611111105,0.0,True,8
5722,761.929,-2055.0,2178.0,186.69166435555556,34708.209666082985,0.0,True,8
5723,762.142,-1941.139247319371,2284.367914061468,179.0,34718.693611111106,0.0,False,8
5724,762.269,-1886.0,2333.0,177.18571337142856,34724.87954674834,2.2678582857142855,False,8
5725,762.422,-1859.7348635158207,2354.1659608586424,175.0,34732.304722222216,5.0,False,8
5726,762.489,-1846.0,2362.0,174.76071405714285,34735.56115424433,4.282142171428571,False,8
5727,762.702,-1758.5081924521023,2406.5254299762164,174.0,34745.83805555555,2.0,False,8
5728,762.789,-1720.0,2424.0,171.8249984,34749.927482159415,1.2749994666666666,False,8
5729,762.942,-1661.6192519827227,2445.953371736712,168.0,34757.038055555546,0.0,False,8
5730,763.049,-1606.0,2459.0,168.0,34762.04196216904,0.0,False,8
5731,763.102,-1568.8919182517773,2465.7624471083504,168.0,34764.50472222221,0.0,False,8
5732,763.249,-1458.0,2482.0,165.95833244444444,34771.22295760618,8.166670222222223,False,8
5733,763.462,-1386.4930256919354,2483.692113666944,163.0,34780.804722222216,20.0,False,8
5734,763.529,-1368.0,2482.0,163.0,34783.826805261204,22.854638860408805,False,8
5735,763.749,-1288.0,2474.0,163.0,34793.782497153734,32.2280709408608,False,8
5736,763.861,-1243.0829047659831,2466.1193165124287,163.0,34798.87055555555,37.0,False,8
5737,764.021,-1178.1849933742174,2450.4953292740925,164.0,34806.159444444434,37.0,False,8
5738,764.09,-1152.0,2443.0,164.0,34809.30493973917,37.0,False,8
5739,764.221,-1105.4274488215165,2427.5039322484818,164.0,34815.27055555555,37.0,False,8
5740,764.31,-1068.0,2411.0,164.0,34819.31007228087,37.0,False,8
5741,764.53,-971.0,2359.0,164.0,34829.29275884478,37.0,False,8
5742,764.59,-971.0,2359.0,164.0,34832.05550981506,37.0,False,8
5743,764.622,-966.4307889431575,2355.7852218620756,164.0,34833.53833333333,37.0,False,8
5744,764.79,-890.0,2301.0,167.5,34841.42002485088,46.8,False,8
5745,764.862,-856.4065621824336,2273.1401993515806,169.0,34844.805,51.0,False,8
5746,765.022,-791.0580247261238,2209.24778525463,169.0,34852.31611111112,51.0,False,8
5747,765.11,-761.0,2176.0,170.46666666666667,34856.510551819374,54.666666666666664,False,8
5748,765.262,-719.1194199138979,2123.236134981211,173.0,34863.849444444444,61.0,False,8
5749,765.55,-654.0,2007.0,174.6,34877.85387292256,61.0,False,8
5750,765.622,-634.9291774977653,1966.1863498994458,175.0,34881.349444444444,61.0,True,8
5751,765.63,-633.0,1962.0,175.0,34881.737384387015,61.0,True,8
5752,765.822,-600.4473644492789,1889.8352052173802,175.0,34891.07166666667,61.0,True,8
5753,765.849,-596.0,1880.0,175.0,34892.404232858426,55.1178432,True,8
5754,766.102,-545.2879779951162,1770.059162136159,175.0,34904.68277777778,0.0,True,8
5755,766.189,-529.0,1735.0,164.74642102857143,34908.36724097301,0.0,True,8
5756,766.382,-500.30163527182003,1673.2286935882464,142.0,34915.727222222224,0.0,True,8
5757,766.509,-487.0,1644.0,138.47222044444445,34920.42681303925,0.0,True,8
5758,766.649,-471.0,1608.0,134.58333155555556,34925.53198751934,0.0,True,8
5759,766.742,-439.0604468319399,1537.8569232261339,132.0,34928.92722222222,0.0,True,8
5760,766.829,-404.0,1462.0,132.0,34932.110435608265,0.0,True,8
5761,767.102,-338.2081340917283,1331.2107882327505,132.0,34942.12722222222,0.0,True,8
5762,767.229,-321.0,1303.0,132.0,34946.786482487354,0.0,True,8
5763,767.302,-313.24057014567023,1292.0206896128084,132.0,34949.46055555555,0.0,True,8
5764,767.542,-287.2438337266681,1268.9494656615857,132.0,34958.26055555556,0.0,True,8
5765,767.549,-286.0,1268.0,132.0,34958.52020205002,1.82001664,True,8
5766,767.789,-228.0,1228.0,132.0,34967.53499530667,64.22001664,True,8
5767,767.942,-188.5369839018895,1211.1562546227588,132.0,34972.92722222222,104.0,True,8
5768,767.969,-182.0,1209.0,130.51499648,34973.82375853277,104.0,True,8
5769,768.129,-143.0,1200.0,121.71499648,34978.79773317913,104.0,True,8
5770,768.329,-73.0,1195.0,110.71499648,34984.75045110229,104.0,True,8
5771,768.342,-69.05730805713809,1195.2143616608294,110.0,34985.14944444444,104.0,True,8
5772,768.529,-25.0,1204.0,112.80500096,34991.01713826448,104.0,True,8
5773,768.542,-22.304948696860276,1204.5593619449621,113.0,34991.42722222222,104.0,True,8
5774,768.782,27.480432064029763,1215.1532828860018,114.0,34999.02722222222,44.0,False,8
5775,768.889,66.0,1242.0,116.29285851428571,35002.521517330126,48.58571702857143,False,8
5776,769.049,140.0,1308.0,119.72142994285714,35007.91262364036,55.442859885714284,False,8
5777,769.062,143.9911670813446,1311.6229691804847,120.0,35008.360555555555,56.0,False,8
5778,769.389,160.0,1331.0,129.0833351111111,35020.1211075607,56.90833351111111,False,8
5779,769.422,167.60922068817482,1340.8847492322218,130.0,35021.360555555555,57.0,False,8
5780,769.662,258.0434006415638,1453.5716884953504,138.0,35030.56055555555,67.0,False,8
5781,769.669,260.0,1456.0,138.0,35030.82708413052,67.0875008,False,8
5782,769.889,310.0,1518.0,138.0,35039.12745392739,69.8375008,False,8
5783,769.982,358.82130525057545,1578.130613284682,138.0,35042.827222222215,71.0,False,8
5784,770.049,392.0,1619.0,141.99059862257582,35045.614665375186,72.47022054515952,False,8
5785,770.301,425.0709931678778,1660.136573854625,157.0,35056.73916666666,78.0,False,8
5786,770.39,442.0,1681.0,159.2249984,35060.71848250254,78.0,False,8
5787,770.461,466.1898564936603,1710.6946032848869,161.0,35063.89472222221,78.0,False,8
5788,770.61,530.0,1791.0,161.0,35070.55765091381,78.0,False,8
5789,770.621,533.9442599970461,1796.2720134430183,161.0,35071.050277777766,78.0,False,8
5790,770.781,577.4854036510528,1863.0199654011817,161.0,35078.20583333332,78.0,False,8
5791,770.81,583.0,1875.0,161.0,35079.48776018329,78.7249984,False,8
5792,771.021,602.7809517333401,1969.1322892266628,161.0,35088.939166666656,84.0,False,8
5793,771.11,600.0,2012.0,168.48597741776496,35093.32630586601,88.43613476608294,False,8
5794,771.31,568.0,2116.0,185.3084106783124,35103.96683400812,98.40498410566661,False,8
5795,771.342,559.0592035967949,2134.3101924013836,188.0,35105.70249999999,100.0,False,8
5796,771.53,488.0,2255.0,193.74444444444444,35116.016039488124,100.0,False,8
5797,771.702,408.6716431703231,2389.931361596866,199.0,35125.60249999999,100.0,False,8
5798,771.75,387.0,2427.0,200.0,35128.299756677705,100.0,False,8
5799,771.942,308.2473478606328,2561.51701028782,204.0,35139.20249999999,100.0,False,8
5800,772.142,239.71201947081772,2678.2319646532164,209.0,35150.81361111111,100.0,False,8
5801,772.462,155.74778840845124,2820.5552774531857,214.0,35169.83583333333,100.0,False,8
5802,772.622,117.01084038040972,2886.5290604893203,214.0,35179.34694444444,100.0,False,8
5803,772.909,48.0,3005.0,217.5875008,35196.77981119615,100.0,False,8
5804,773.129,-17.0,3117.0,220.3375008,35210.48372415113,100.0,False,8
5805,773.309,-113.0,3281.0,222.5875008,35221.84893057666,100.0,False,8
5806,773.342,-123.38138261531623,3298.771557387165,223.0,35223.94694444444,100.0,False,8
5807,773.569,-143.0,3333.0,228.6750016,35238.49221019293,100.0,False,8
5808,773.662,-167.4474650980984,3375.0757236237723,231.0,35244.48027777778,100.0,False,8
5809,773.862,-251.10650211383182,3518.08881563577,232.0,35257.369166666664,100.0,False,8
5810,773.869,-254.0,3523.0,232.0,35257.81957837945,100.0,False,8
5811,774.049,-325.0,3643.0,232.0,35269.39660310431,100.0,False,8
5812,774.102,-344.6201590833462,3676.320830131624,232.0,35272.83583333333,100.0,False,8
5813,774.249,-396.0,3764.0,235.6750016,35282.4707210119,100.0,False,8
5814,774.262,-400.33487589569324,3771.3966514759377,236.0,35283.32472222222,100.0,False,8
5815,774.469,-467.0,3885.0,236.86250026666667,35296.93856742202,100.0,False,8
5816,774.502,-477.9990857754167,3903.7138194464846,237.0,35299.12472222222,100.0,False,8
5817,774.669,-538.0,4006.0,239.0875008,35310.28435330388,100.0,False,8
5818,774.849,-613.0,4135.0,241.3375008,35322.43365348841,100.0,False,8
5819,774.902,-633.030059427666,4169.286825473377,242.0,35326.01361111112,100.0,False,8
5820,775.049,-684.0,4256.0,242.61250026666667,35335.947204481534,100.0,False,8
5821,775.249,-760.0,4385.0,243.4458336,35349.48704993611,100.0,False,8
5822,775.382,-827.367534978446,4499.734483353296,244.0,35358.546944444446,100.0,False,8
5823,775.529,-892.0,4610.0,245.22500053333334,35368.61933693797,100.0,False,8
5824,775.742,-914.907360514915,4649.2911356316545,247.0,35383.24694444445,100.0,False,8
5825,775.849,-927.0,4670.0,246.3312496,35390.56424951245,100.0,False,8
5826,775.902,-938.2336133740204,4689.177878655045,246.0,35394.18027777779,100.0,False,8
5827,776.102,-1006.9297055837785,4806.189706054673,244.0,35407.73583333334,0.0,False,8
5828,776.129,-1018.0,4825.0,243.3249984,35409.54144575253,0.0,False,8
5829,776.342,-1112.2523704792286,4984.8643289321935,238.0,35423.60250000001,0.0,False,8
5830,776.389,-1130.0,5015.0,237.3285705142857,35426.691392713954,0.0,False,8
5831,776.622,-1190.3884514231484,5118.041764974463,234.0,35441.802500000005,0.0,False,8
5832,776.749,-1226.0,5179.0,224.4749952,35449.65648924968,0.0,False,8
5833,776.862,-1268.1314963869572,5251.049044085947,216.0,35456.20250000001,0.0,True,8
5834,777.05,-1342.0,5377.0,194.5292517385178,35465.814774059334,0.0,True,8
5835,777.221,-1385.0064209551404,5449.393110031813,175.0,35473.6538888889,0.0,True,8
5836,777.39,-1414.0,5498.0,159.5083392,35480.95907145468,0.0,True,8
5837,777.461,-1425.128234994464,5516.9447133001495,153.0,35483.853888888894,0.0,True,8
5838,777.69,-1459.0,5575.0,140.15887953323454,35492.463166040165,0.0,True,8
5839,777.782,-1473.4534886888107,5599.251837056221,135.0,35495.89138888889,0.0,True,8
5840,778.062,-1524.6989767240937,5684.381078123779,135.0,35506.39138888889,0.0,True,8
5841,778.09,-1531.0,5695.0,131.5,35507.33727027558,0.0,True,8
5842,778.222,-1563.306382591762,5749.817366295613,115.0,35511.5025,0.0,True,8
5843,778.29,-1577.0,5773.0,112.16666666666667,35513.54160758732,0.0,True,8
5844,778.462,-1595.3405897988687,5803.342240142048,105.0,35518.5025,0.0,True,8
5845,778.53,-1603.0,5816.0,103.98,35520.44141035639,0.0,True,8
5846,778.662,-1625.1302941288857,5853.058449700214,102.0,35524.169166666674,0.0,True,8
5847,778.822,-1655.1430911176672,5903.541069969165,100.0,35528.61361111112,0.0,True,8
5848,778.85,-1659.0,5910.0,100.0,35529.39202811513,0.0,True,8
5849,779.022,-1673.3518317220253,5933.767331244617,100.0,35534.169166666674,0.0,True,8
5850,779.149,-1685.0,5953.0,98.94166613333333,35537.6261703314,0.0,True,8
5851,779.349,-1717.0,6004.0,97.27499946666667,35542.98378917852,0.0,True,8
5852,779.382,-1722.136270228883,6010.791964817617,97.0,35543.86916666667,0.0,True,8
5853,779.569,-1753.0,6037.0,97.0,35548.900159413715,0.0,True,8
5854,779.662,-1776.7352850814923,6047.070666067312,97.0,35551.413611111115,0.0,True,8
5855,779.829,-1819.0,6060.0,97.0,35555.939728890946,0.0,True,8
5856,779.902,-1827.3739212558144,6062.528305107042,97.0,35557.88027777778,0.0,True,8
5857,779.989,-1838.0,6061.0,95.54999893333333,35560.14201425806,0.0,True,8
5858,780.262,-1932.879684417723,6017.563665086733,91.0,35566.98027777778,0.0,True,8
5859,780.309,-1946.0,6011.0,91.0,35568.1447303773,11.750015999999999,True,8
5860,780.462,-1969.0852278016678,5998.555822601717,91.0,35572.035833333335,50.0,False,8
5861,780.689,-2000.0,5966.0,102.3500032,35578.627576517894,52.43214354285714,False,8
5862,780.742,-2018.6109633226476,5946.940584047459,105.0,35580.2025,53.0,False,8
5863,780.809,-2042.0,5923.0,105.0,35582.18152674103,53.8375008,False,8
5864,781.049,-2074.0,5885.0,105.0,35589.17538639251,56.8375008,False,8
5865,781.142,-2095.7927935664084,5853.758516668358,105.0,35591.86916666667,58.0,False,8
5866,781.229,-2120.0,5820.0,105.0,35594.38514666961,58.0,False,8
5867,781.342,-2149.5143671590604,5782.038233863101,105.0,35597.7025,58.0,False,8
5868,781.529,-2190.0,5735.0,109.6750016,35603.458276538106,58.0,False,8
5869,781.582,-2198.431532147466,5725.624322898495,111.0,35605.1025,58.0,False,8
5870,781.742,-2215.567243885365,5707.973690095372,111.0,35610.035833333335,58.0,False,8
5871,781.902,-2233.16229772243,5695.446170109822,111.0,35614.96916666667,58.0,False,8
5872,781.989,-2251.0,5684.0,112.6312512,35617.71531157464,56.9124992,False,8
5873,782.062,-2270.516585744285,5671.831395727321,114.0,35620.035833333335,56.0,False,8
5874,782.209,-2321.0,5645.0,114.0,35624.69270258665,56.0,False,8
5875,782.302,-2359.125759144614,5631.587128027295,114.0,35627.635833333334,56.0,True,8
5876,782.542,-2482.7234855498314,5624.1421718010615,114.0,35635.23583333333,56.0,True,8
5877,782.549,-2487.0,5625.0,114.0,35635.45727849184,56.0,True,8
5878,782.669,-2563.0,5649.0,114.0,35639.25025967625,56.0,True,8
5879,782.982,-2697.0178945053926,5752.10305038213,114.0,35649.16916666667,56.0,False,8
5880,783.009,-2704.0,5759.0,114.0,35650.03226442641,56.0,False,8
5881,783.222,-2735.2996357290485,5791.04957531663,114.0,35656.769166666665,56.0,False,8
5882,783.369,-2752.0,5810.0,108.4874976,35661.08731351899,56.0,False,8
5883,783.462,-2766.8954527192145,5827.223066031838,105.0,35663.769166666665,56.0,False,8
5884,783.53,-2783.0,5849.0,105.0,35665.743769875524,56.0,False,8
5885,783.701,-2848.5900604568856,5951.820418693392,105.0,35670.74,56.0,False,8
5886,783.77,-2873.0,5993.0,105.0,35672.754607831535,65.19999146666666,False,8
5887,784.061,-2918.1545787344558,6091.797709246246,105.0,35681.24,104.0,True,8
5888,784.25,-2928.0,6132.0,105.0,35686.75437829524,104.0,True,8
5889,784.422,-2938.953882985308,6172.681177005942,105.0,35691.769166666665,104.0,True,8
5890,784.67,-2956.0,6259.0,105.0,35698.983660614074,104.0,True,8
5891,784.75,-2961.0,6299.0,105.0,35701.31731289285,104.0,True,8
5892,784.862,-2966.246269593899,6345.755872537879,105.0,35704.60249999999,104.0,True,8
5893,785.05,-2965.0,6429.0,105.85454545454546,35710.16432490373,104.0,True,8
5894,785.302,-2937.636452058669,6612.139376613301,107.0,35717.68027777777,104.0,True,8
5895,785.31,-2937.0,6616.0,107.03333333333333,35717.919254805885,104.0,True,8
5896,785.542,-2927.4495582089376,6656.633713258441,108.0,35724.88027777777,104.0,True,8
5897,785.589,-2923.0,6664.0,108.0,35726.308298082535,98.124992,True,8
5898,785.742,-2896.7169371521163,6706.44296360263,108.0,35730.88027777777,79.0,False,8
5899,785.982,-2819.1218776046426,6829.930894433161,108.0,35738.080277777764,79.0,False,8
5900,786.222,-2719.163512249306,6968.560023529516,180.0,35750.080277777764,80.0,False,8
5901,786.389,-2651.0,7038.0,180.0,35758.41555297963,80.0,False,8
5902,786.422,-2637.6669978375503,7049.094330671073,180.0,35760.080277777764,80.0,False,8
5903,786.709,-2503.0,7121.0,189.8656272,35775.270791007584,80.8968752,False,8
5904,786.742,-2480.7260147462002,7129.137337255176,191.0,35777.058055555535,81.0,False,8
5905,786.982,-2291.7625828818555,7186.458688254284,198.0,35790.25805555553,100.0,False,8
5906,787.009,-2274.0,7191.0,199.5187536,35791.78764169338,100.0,False,8
5907,787.142,-2204.159731034584,7205.80682769157,207.0,35799.45805555554,100.0,False,8
5908,787.382,-2117.1846293135254,7209.7964076129165,213.0,35813.658055555534,100.0,False,8
5909,787.429,-2095.0,7210.0,214.1750016,35816.484267186606,100.0,False,8
5910,787.542,-2032.6753922372081,7210.21019377065,217.0,35823.30249999998,100.0,False,8
5911,787.629,-1975.0,7208.0,217.0,35828.51773764754,100.0,False,8
5912,787.709,-1916.0,7203.0,217.0,35833.28358650474,100.0,False,8
5913,787.929,-1797.0,7183.0,217.0,35846.52634591645,100.0,False,8
5914,787.982,-1780.2178597792783,7179.21357554037,217.0,35849.824722222205,100.0,False,8
5915,788.129,-1749.0,7171.0,223.0136389818182,35859.20666262793,100.0,False,8
5916,788.369,-1682.0,7152.0,232.8318208,35875.04076382095,100.0,False,8
5917,788.422,-1657.5619900260474,7143.287358250794,235.0,35878.54694444443,100.0,False,8
5918,788.669,-1506.0,7079.0,238.52857234285713,35894.92562798484,100.0,False,8
5919,788.702,-1485.2144132160504,7068.197358893281,239.0,35897.13583333332,100.0,False,8
5920,788.849,-1394.0,7014.0,242.6750016,35907.056024051366,100.0,False,8
5921,788.862,-1386.0443731372122,7008.693519015885,243.0,35907.935833333315,100.0,False,8
5922,789.029,-1289.0,6937.0,244.0437504,35919.25096614609,100.0,False,8
5923,789.182,-1221.7555139478402,6880.650216110399,245.0,35929.713611111096,100.0,False,8
5924,789.349,-1152.0,6806.0,247.7833344,35941.314103386874,100.0,False,8
5925,789.529,-1060.0,6687.0,250.7833344,35954.00534828148,100.0,False,8
5926,789.662,-1009.0328373793353,6611.288272333944,253.0,35963.44694444443,100.0,False,8
5927,789.749,-983.0,6570.0,254.20833422222222,35969.648872670725,100.0,False,8
5928,789.889,-946.0,6511.0,256.1527786666667,35979.672168362515,100.0,False,8
5929,790.022,-897.6554365501053,6435.5978374755605,258.0,35989.246944444436,100.0,False,8
5930,790.17,-838.0,6343.0,259.68564895698967,35999.96310916592,100.0,False,8
5931,790.39,-752.0,6208.0,262.1913433525149,36016.056221188155,100.0,False,8
5932,790.461,-709.0340574087827,6140.6557340321815,263.0,36021.31833333332,100.0,False,8
5933,790.57,-639.0,6031.0,265.7249984,36029.46486883726,100.0,False,8
5934,790.781,-558.0417434446907,5904.364686982882,271.0,36045.40722222221,100.0,False,8
5935,790.91,-515.0,5837.0,272.83629843958397,36055.20398167473,100.0,False,8
5936,791.062,-450.20869321628544,5735.452070130581,275.0,36066.87249999999,100.0,False,8
5937,791.19,-397.0,5652.0,277.90909090909093,36076.88128756216,100.0,False,8
5938,791.502,-305.6585106489404,5508.8116930202505,285.0,36101.70583333332,100.0,False,8
5939,791.59,-273.0,5458.0,285.88,36108.70220462247,100.0,False,8
5940,791.702,-221.05003247375902,5377.398894438515,287.0,36117.650277777764,100.0,False,8
5941,791.77,-181.0,5315.0,288.3222222222222,36123.14406793793,100.0,False,8
5942,792.01,-14.0,5053.0,292.9888888888889,36142.797674272675,100.0,False,8
5943,792.062,3.630909684959533,5025.312760354683,294.0,36147.050277777766,100.0,False,8
5944,792.222,15.860685033156543,5006.174687109823,294.0,36160.11694444443,100.0,False,8
5945,792.269,23.0,4995.0,294.7833344,36163.982318664144,100.0,False,8
5946,792.462,87.84490848408645,4893.39080419908,298.0,36179.9836111111,100.0,False,8
5947,792.549,120.0,4843.0,298.6214290285714,36187.216180399344,100.0,False,8
5948,792.742,177.87621671285137,4752.322260711878,300.0,36203.31694444443,100.0,False,8
5949,792.869,249.0,4641.0,301.5875008,36213.99138678529,100.0,False,8
5950,792.982,350.2033476145003,4482.653773640913,303.0,36223.51694444443,100.0,False,8
5951,793.009,373.0,4447.0,303.1687504,36225.79344278706,100.0,False,8
5952,793.142,458.8027975120453,4312.9319555564025,304.0,36237.02805555555,100.0,False,8
5953,793.342,514.1639288403268,4226.8051554012045,307.0,36254.0836111111,100.0,False,8
5954,793.509,551.0,4169.0,307.7590912,36268.38165023819,100.0,False,8
5955,793.669,594.0,4101.0,308.48636392727275,36282.11731775503,100.0,False,8
5956,793.782,638.2492091334182,4031.334144380065,309.0,36291.85027777777,100.0,False,8
5957,793.869,685.0,3958.0,309.6214290285714,36299.36246377513,100.0,False,8
5958,794.049,809.0,3764.0,310.9071433142857,36314.91843017326,100.0,False,8
5959,794.062,816.3803808388744,3752.450087425784,311.0,36316.039166666655,100.0,False,8
5960,794.262,883.3554677184306,3647.405365289509,310.0,36333.26138888887,100.0,False,8
5961,794.469,949.0,3545.0,311.72500053333334,36351.233225252356,100.0,False,8
5962,794.622,1037.5245194937331,3407.416866479323,313.0,36364.56138888888,100.0,False,8
5963,794.629,1041.0,3402.0,313.0,36365.17089847186,100.0,False,8
5964,794.889,1127.0,3267.0,313.0,36387.79087848897,100.0,False,8
5965,794.989,1170.0,3200.0,313.0,36396.475585210064,100.0,False,8
5966,795.022,1184.6418757829051,3177.094875534791,313.0,36399.339166666665,100.0,False,8
5967,795.189,1261.0,3057.0,312.58249984,36413.81265129931,100.0,False,8
5968,795.422,1387.4582820387957,2858.7567799880235,312.0,36434.00583333333,100.0,False,8
5969,795.529,1439.0,2778.0,312.4458336,36443.30424959389,100.0,False,8
5970,795.662,1489.24061401635,2699.186044345804,313.0,36454.8725,100.0,False,8
5971,795.969,1611.0,2509.0,313.0,36481.564019251215,100.0,False,8
5972,795.982,1619.4546231430186,2495.8620230034053,313.0,36482.694722222215,100.0,False,8
5973,796.149,1741.0,2307.0,313.0,36497.222802826494,100.0,False,8
5974,796.222,1784.0555467226045,2239.7211200959086,313.0,36503.561388888884,100.0,False,8
5975,796.529,1891.0,2071.0,311.6045451636364,36530.09196978451,100.0,False,8
5976,796.662,1925.0741440400818,2018.3983702784817,311.0,36541.5725,100.0,False,8
5977,796.69,1935.0,2003.0,311.0,36543.99084089765,100.0,False,8
5978,796.902,2055.017695910717,1815.324478266407,311.0,36562.30583333334,100.0,False,8
5979,796.93,2075.0,1784.0,310.94154489298774,36564.72260222208,100.0,False,8
5980,797.17,2263.0,1489.0,310.44050111859696,36585.4086606652,100.0,False,8
5981,797.381,2393.5852632011156,1284.0775397042592,310.0,36603.55305555555,100.0,False,8
5982,797.622,2501.8698288080996,1114.8613590730147,309.0,36624.23888888888,100.0,False,8
5983,797.63,2505.0,1110.0,309.0,36624.92563388927,100.0,False,8
5984,797.83,2592.0,975.0,309.0,36642.098118366564,100.0,False,8
5985,797.902,2648.159795753324,887.190649069772,309.0,36648.27222222222,100.0,False,8
5986,798.01,2737.0,748.0,308.6625,36657.51996178229,100.0,False,8
5987,798.222,2804.7219675112688,641.6912864556068,308.0,36675.649999999994,100.0,False,8
5988,798.33,2823.0,613.0,308.0,36684.89316790045,100.0,False,8
5989,798.502,2864.86000242275,547.53410044734,308.0,36699.60555555555,100.0,False,8
5990,798.742,2949.448164419115,415.59057213534976,307.0,36720.07222222222,100.0,False,8
5991,799.102,3125.667930647166,140.89209794969423,307.0,36750.77222222222,100.0,False,8
5992,799.302,3239.2945444998786,-36.59379902708765,307.0,36767.827777777784,100.0,False,8
5993,799.389,3292.0,-119.0,307.0,36775.250053087984,100.0,False,8
5994,799.609,3421.0,-321.0,307.0,36794.01558927508,100.0,False,8
5995,799.662,3441.4253699695773,-353.15101474963296,307.0,36798.52777777779,100.0,False,8
5996,799.769,3480.0,-414.0,306.46499968,36807.62501329201,100.0,False,8
5997,799.862,3534.191346400396,-499.1417089036315,306.0,36815.52777777778,100.0,False,8
5998,800.049,3663.0,-701.0,306.0,36831.42589927578,100.0,False,8
5999,800.102,3688.5623430517808,-740.9396892654236,306.0,36835.92777777778,100.0,False,8
6000,800.449,3798.0,-911.0,305.2770832,36865.331984636316,100.0,False,8
6001,800.582,3883.1991258465864,-1044.2668434083614,305.0,36876.594444444454,100.0,False,8
6002,800.669,3938.0,-1130.0,305.0,36883.96377760953,100.0,False,8
6003,800.822,4007.025536233113,-1237.7908677663067,305.0,36896.92777777779,100.0,False,8
6004,801.009,4073.0,-1341.0,305.0,36912.77584476086,100.0,False,8
6005,801.062,4094.8906589952076,-1375.4288588967427,305.0,36917.261111111126,100.0,False,8
6006,801.209,4164.0,-1484.0,304.38749973333336,36929.678558995474,100.0,False,8
6007,801.302,4215.195679537514,-1563.7014253076875,304.0,36937.527777777796,100.0,False,8
6008,801.469,4305.0,-1703.0,304.0,36951.62447792061,100.0,False,8
6009,801.622,4356.254764507323,-1783.1572090411382,304.0,36964.55000000001,100.0,False,8
6010,801.769,4407.0,-1863.0,304.0,36976.9679726703,100.0,False,8
6011,801.782,4412.945358258408,-1872.3394504312996,304.0,36978.06111111113,100.0,False,8
6012,802.022,4554.382623561612,-2094.2114664590563,301.0,36998.127777777794,0.0,False,8
6013,802.089,4590.0,-2150.0,301.0,37003.76906811517,0.0,False,8
6014,802.262,4658.845807595367,-2257.6071550054457,301.0,37018.19444444445,0.0,False,8
6015,802.489,4730.0,-2369.0,286.1031208,37035.86008579801,0.0,False,8
6016,802.582,4765.695887076565,-2425.268810462837,280.0,37043.08333333334,0.0,True,8
6017,802.669,4805.0,-2487.0,280.0,37049.96412255586,0.0,True,8
6018,802.782,4867.754025844721,-2584.771322515043,280.0,37058.638888888905,0.0,True,8
6019,802.909,4913.0,-2655.0,255.12915413333334,37067.2947218151,0.0,True,8
6020,802.949,4913.0,-2655.0,247.2958208,37069.80284140295,0.0,True,8
6021,803.022,4918.122494452349,-2662.993026449923,233.0,37074.17222222224,0.0,True,8
6022,803.262,4994.175089230511,-2781.70113251173,194.0,37087.105555555565,0.0,True,8
6023,803.35,5032.0,-2841.0,194.0,37091.87520059013,0.0,True,8
6024,803.422,5065.224865504047,-2893.208869226538,194.0,37095.72777777779,0.0,True,8
6025,803.55,5123.0,-2984.0,186.8,37102.28767266958,0.0,True,8
6026,803.582,5135.328269660074,-3003.302122815309,185.0,37103.95000000001,0.0,True,8
6027,803.782,5192.494421368996,-3092.0837641336257,185.0,37114.22777777779,0.0,True,8
6028,803.91,5215.0,-3127.0,147.6934793347604,37118.91264900293,0.0,True,8
6029,803.981,5223.468189981735,-3140.2756372042527,127.0,37121.24805555557,0.0,True,8
6030,804.25,5247.0,-3178.0,121.97196281060941,37130.39477864318,0.0,True,8
6031,804.302,5255.7350477823165,-3191.8488789064636,121.0,37132.037222222236,0.0,True,8
6032,804.57,5311.0,-3279.0,104.25,37139.4217365427,0.0,True,8
6033,804.702,5323.5807446376175,-3298.685510401427,96.0,37142.7038888889,0.0,True,8
6034,804.89,5338.0,-3321.0,86.6,37147.201996365635,0.0,True,8
6035,804.902,5339.69233395713,-3323.6310886421697,86.0,37147.48166666668,0.0,True,8
6036,805.05,5365.0,-3363.0,82.91666666666667,37150.85567519099,0.0,True,8
6037,805.142,5377.587079539171,-3382.5036830510417,81.0,37152.88166666668,0.0,True,8
6038,805.37,5398.0,-3414.0,77.2,37157.67137314643,0.0,True,8
6039,805.502,5408.23085794433,-3429.9916040051935,75.0,37160.38166666668,0.0,False,8
6040,805.569,5414.0,-3439.0,74.44166613333333,37161.75672807039,0.0,False,8
6041,805.742,5431.659483105245,-3466.3671334078044,73.0,37165.24833333335,0.0,False,8
6042,805.789,5436.0,-3473.0,72.1187488,37166.15853703923,0.0,False,8
6043,805.989,5450.0,-3498.0,68.3687488,37169.86593110361,0.0,False,8
6044,806.062,5454.017982961395,-3512.2200086560365,67.0,37171.20388888891,0.0,False,8
6045,806.089,5455.0,-3518.0,66.9035712,37171.6993569061,1.0607168,False,8
6046,806.342,5448.454736457181,-3575.1230272462244,66.0,37176.33722222224,11.0,False,8
6047,806.429,5447.0,-3585.0,65.56499968,37177.91206220043,11.0,False,8
6048,806.542,5449.057093399652,-3585.3838908375133,65.0,37179.94833333335,11.0,False,8
6049,806.669,5447.0,-3585.0,65.0,37182.24062754063,11.0,False,8
6050,806.782,5431.6822277164165,-3599.750569826777,65.0,37184.281666666684,11.0,False,8
6051,806.949,5393.0,-3629.0,65.0,37187.29738404857,15.5545472,False,8
6052,807.222,5320.611074133223,-3635.616281222574,65.0,37192.22611111113,23.0,False,8
6053,807.249,5315.0,-3635.0,65.0,37192.71354876908,23.0,False,8
6054,807.422,5289.83856410058,-3628.7248480711996,65.0,37195.83722222224,23.0,True,8
6055,807.582,5269.157924822817,-3618.5578093483755,65.0,37198.72611111113,23.0,True,8
6056,807.589,5268.0,-3618.0,65.0,37198.85220549024,23.0,True,8
6057,807.769,5232.0,-3601.0,65.0,37202.08719541588,23.0,True,8
6058,807.862,5210.6868047730895,-3591.3257281273945,65.0,37203.781666666684,23.0,False,8
6059,808.049,5168.0,-3572.0,65.0,37207.265837920764,47.543758399999994,False,8
6060,808.182,5143.697377669289,-3560.055851596295,65.0,37209.559444444465,65.0,False,8
6061,808.389,5098.0,-3534.0,65.0,37213.02658875119,73.62500266666667,False,8
6062,808.422,5086.980036550737,-3527.3708856789062,65.0,37213.8927777778,75.0,False,8
6063,808.622,5005.045124074615,-3476.377951452947,133.0,37221.281666666684,100.0,False,8
6064,808.669,4988.0,-3465.0,134.88000256,37223.12806673912,100.0,False,8
6065,808.822,4944.610278976372,-3433.017016602845,141.0,37229.11500000002,100.0,False,8
6066,809.049,4900.0,-3398.0,146.04444586666668,37238.332921966925,100.0,False,8
6067,809.182,4873.084445433688,-3382.0439808535693,149.0,37244.01500000002,100.0,False,8
6068,809.269,4834.0,-3353.0,154.9812544,37247.86532246816,100.0,False,8
6069,809.342,4778.871205099279,-3308.3227717060913,160.0,37251.12611111113,100.0,False,8
6070,809.509,4629.0,-3180.0,160.0,37258.547129904175,100.0,False,8
6071,809.542,4609.40019271026,-3161.8159457947036,160.0,37260.01500000002,100.0,False,8
6072,809.822,4563.009114232146,-3093.151088825665,164.0,37272.77055555557,100.0,False,8
6073,809.89,4553.0,-3075.0,167.86363636363637,37276.108607835245,100.0,False,8
6074,810.09,4502.0,-3001.0,179.22727272727272,37286.57062822733,100.0,False,8
6075,810.262,4461.759165553264,-2944.4862095038284,189.0,37295.87055555557,100.0,False,8
6076,810.39,4421.0,-2887.0,191.56,37302.83856506497,100.0,False,8
6077,810.55,4346.0,-2781.0,194.76,37311.60132589916,100.0,False,8
6078,810.662,4292.7484192803695,-2706.3578236536673,197.0,37317.75944444446,100.0,False,8
6079,810.81,4241.0,-2634.0,198.85,37325.936185419974,100.0,False,8
6080,810.822,4238.704672645078,-2630.7544437907677,199.0,37326.6038888889,100.0,False,8
6081,810.97,4218.0,-2601.0,201.775,37334.904901586306,100.0,False,8
6082,810.982,4214.350819494356,-2595.8194319594368,202.0,37335.58166666668,100.0,False,8
6083,811.13,4143.0,-2495.0,203.85,37343.96529395118,100.0,False,8
6084,811.142,4136.62041038879,-2485.986464452612,204.0,37344.64833333335,100.0,False,8
6085,811.33,4039.0,-2348.0,205.88,37355.40462839915,100.0,False,8
6086,811.342,4033.289551167414,-2339.9352205307828,206.0,37356.09277777779,100.0,False,8
6087,811.622,3922.6394955692313,-2184.070896447583,207.0,37372.19277777779,100.0,False,8
6088,811.822,3861.511553644853,-2098.057811242381,209.0,37383.803888888906,100.0,False,8
6089,811.87,3848.0,-2079.0,209.15,37386.59910797692,100.0,False,8
6090,812.129,3779.0,-1981.0,209.9593752,37401.71182254006,100.0,False,8
6091,812.142,3775.264663353285,-1975.6272113009256,210.0,37402.47055555558,100.0,False,8
6092,812.369,3705.0,-1874.0,210.0,37415.71468239835,100.0,False,8
6093,812.422,3688.434819476732,-1850.2261885910873,210.0,37418.803888888906,100.0,False,8
6094,812.582,3633.8628010742227,-1772.120632494107,210.0,37428.137222222234,100.0,False,8
6095,812.589,3631.0,-1768.0,210.05250048,37428.54755587562,100.0,False,8
6096,812.829,3517.0,-1603.0,211.85250048,37442.74607526842,100.0,False,8
6097,812.982,3457.844598858138,-1517.3456241258382,213.0,37451.8038888889,100.0,False,8
6098,813.029,3443.0,-1496.0,213.0,37454.57367454747,100.0,False,8
6099,813.182,3404.6969658597886,-1441.6404348219519,213.0,37463.637222222234,100.0,False,8
6100,813.269,3380.0,-1406.0,213.0,37468.9331402348,90.33332622222223,False,8
6101,813.349,3352.0,-1365.0,213.0,37473.902914207756,81.44443733333334,False,8
6102,813.542,3286.3371150558214,-1270.866931271601,213.0,37484.93722222224,60.0,False,8
6103,813.689,3244.0,-1209.0,176.249984,37491.70532811215,15.899980800000002,False,8
6104,813.742,3231.0319614272103,-1189.1351181620385,163.0,37493.99277777779,0.0,True,8
6105,814.182,3170.3653090597586,-1074.1688106200304,150.0,37512.32611111113,0.0,True,8
6106,814.422,3163.2168215583,-1042.7911195836562,150.0,37522.32611111113,0.0,True,8
6107,814.822,3080.6936767776538,-965.752060700101,147.0,37538.65944444446,0.0,True,8
6108,814.889,3057.0,-949.0,147.0,37541.39004826263,0.0,True,8
6109,815.049,2988.0,-912.0,147.0,37547.923544762125,0.0,True,8
6110,815.102,2960.2070850248483,-909.0596502900332,147.0,37550.0927777778,0.0,True,8
6111,815.309,2870.0,-927.0,147.0,37558.587915119184,57.50001777777777,True,8
6112,815.389,2870.0,-927.0,147.0,37561.848299665275,79.72224,True,8
6113,815.462,2847.8409164407926,-932.1735010213433,147.0,37564.792777777795,100.0,False,8
6114,815.669,2704.0,-966.0,147.0,37573.154368729425,100.0,False,8
6115,815.702,2686.0720421376773,-970.2138496474112,147.0,37574.5927777778,100.0,False,8
6116,815.902,2617.250898515596,-986.3662490237891,172.0,37584.14833333335,100.0,False,8
6117,816.029,2568.0,-998.0,180.46667093333335,37590.732128918484,100.0,False,8
6118,816.142,2506.658683307683,-1012.546791578551,188.0,37596.681666666685,100.0,False,8
6119,816.209,2471.0,-1021.0,188.0,37600.16649761336,100.0,False,8
6120,816.422,2377.1578004319144,-1043.0393668560246,188.0,37611.303888888906,100.0,False,8
6121,816.43,2373.0,-1044.0,188.6,37611.73754604138,100.0,False,8
6122,816.582,2277.6308807579126,-1065.8254230494097,200.0,37620.1927777778,100.0,False,8
6123,816.782,2152.49133135828,-1094.209411340451,208.0,37631.74833333335,100.0,False,8
6124,816.79,2149.0,-1095.0,208.22758620689655,37632.22407390657,100.0,False,8
6125,817.09,2042.0,-1119.0,216.76206896551724,37650.90556594309,100.0,False,8
6126,817.23,1925.0,-1145.0,220.7448275862069,37660.184409253925,100.0,False,8
6127,817.49,1807.0,-1170.0,228.14137931034483,37678.19325998233,100.0,False,8
6128,817.65,1680.0,-1198.0,232.69310344827585,37689.30101982248,100.0,False,8
6129,817.942,1489.064681797669,-1240.1251982403612,241.0,37709.403888888904,100.0,False,8
6130,817.95,1485.0,-1241.0,241.2,37709.9515830958,100.0,False,8
6131,818.142,1393.8702072311833,-1260.2338040483828,246.0,37723.070555555576,100.0,False,8
6132,818.19,1358.0,-1268.0,246.36,37726.35759077396,100.0,False,8
6133,818.41,1163.0,-1311.0,248.01,37741.50030557691,100.0,False,8
6134,818.49,1163.0,-1311.0,248.61,37747.08101302185,100.0,False,8
6135,818.542,1146.3678442738174,-1314.6254300382807,249.0,37750.73722222224,100.0,False,8
6136,818.809,860.0,-1377.0,257.5821449142857,37769.85899152752,100.0,False,8
6137,818.822,846.3980627118938,-1379.939061231882,258.0,37770.803888888906,100.0,False,8
6138,819.009,674.0,-1417.0,262.6750016,37784.528777466134,100.0,False,8
6139,819.102,594.9905969230048,-1434.1058510544262,265.0,37791.415000000015,100.0,False,8
6140,819.342,404.6039224659125,-1475.7944621867052,268.0,37809.281666666684,100.0,False,9
6141,819.449,326.0,-1493.0,268.0,37817.25004233554,100.0,False,9
6142,819.662,175.31003820046246,-1525.8450176412587,268.0,37833.10388888891,100.0,False,9
6143,819.669,170.0,-1527.0,268.0,37833.62495491699,100.0,False,9
6144,819.849,23.0,-1559.0,268.0,37847.02491624236,100.0,False,9
6145,819.902,-22.337686291273933,-1568.9347894824944,268.0,37850.97055555558,100.0,False,9
6146,820.029,-132.0,-1593.0,268.0,37860.425045214346,100.0,False,9
6147,820.142,-227.19632648557234,-1613.7056152285168,268.0,37868.837222222246,100.0,False,9
6148,820.209,-279.0,-1625.0,268.0,37873.82499765774,100.0,False,9
6149,820.342,-366.733944193337,-1644.355021989657,268.0,37883.72611111113,100.0,False,9
6150,820.409,-406.0,-1653.0,268.0,37888.71389541023,100.0,False,9
6151,820.622,-530.4080103798896,-1679.949587485412,268.0,37904.57055555557,100.0,False,9
6152,820.669,-572.0,-1689.0,268.0,37908.0694489956,100.7833344,False,9
6153,820.862,-805.8022587275286,-1740.1815662656902,268.0,37922.43722222224,104.0,True,9
6154,820.909,-855.0,-1751.0,268.0,37925.936115906596,104.0,True,9
6155,821.062,-960.2700370321725,-1774.3257495853968,268.0,37937.32611111113,104.0,True,9
6156,821.209,-1031.0,-1790.0,268.0,37948.269449204534,104.0,True,9
6157,821.302,-1084.0621322332997,-1801.571423606794,268.0,37955.1927777778,104.0,True,9
6158,821.569,-1266.0,-1841.0,268.0,37975.069449203664,104.0,True,9
6159,821.702,-1368.7577062969542,-1863.5451435813957,268.0,37984.97055555557,104.0,True,9
6160,821.749,-1412.0,-1873.0,268.0,37988.469449213844,104.0,True,9
6161,821.969,-1656.0,-1926.0,268.0,38004.847227017635,104.0,True,9
6162,822.062,-1741.5409274743522,-1944.5645188268993,268.0,38011.77055555557,104.0,True,9
6163,822.262,-1877.7234534579745,-1974.1496544393458,268.0,38026.659444444456,104.0,True,9
6164,822.389,-1969.0,-1994.0,268.0,38036.11389414358,104.0,True,9
6165,822.462,-2027.3798706953949,-2006.7012597458872,268.0,38041.54833333335,104.0,True,9
6166,822.742,-2269.885253618699,-2059.4248487271752,268.0,38062.392777777786,104.0,True,9
6167,822.769,-2291.0,-2064.0,268.0,38064.402785507365,104.0,True,9
6168,823.102,-2516.4955930298534,-2112.7362415927996,268.0,38089.19277777779,104.0,True,9
6169,823.21,-2604.0,-2132.0,268.0,38097.23269910042,104.0,True,9
6170,823.262,-2651.5417777899374,-2142.5477438518506,268.0,38101.103888888894,104.0,True,9
6171,823.422,-2769.0029105168082,-2168.773447930893,268.0,38113.015000000014,104.0,True,9
6172,823.43,-2770.0,-2169.0,268.0,38113.610419845674,104.0,True,9
6173,823.49,-2770.0,-2169.0,268.0,38118.075497687554,104.0,True,9
6174,823.71,-3014.0,-2222.0,268.0,38134.45124549959,104.0,True,9
6175,823.742,-3035.0509268371866,-2226.6176601740644,268.0,38136.83722222223,104.0,True,9
6176,823.89,-3063.0,-2233.0,268.0,38147.87708994623,104.0,True,9
6177,823.943,-3076.8610181571394,-2236.0947676285277,268.0,38151.800555555565,104.0,True,9
6178,824.17,-3200.0,-2263.0,268.0,38168.65296188961,100.20083698142552,True,9
6179,824.182,-3209.726392892208,-2265.1153325506716,268.0,38169.59277777779,100.0,True,9
6180,824.342,-3365.8837584942185,-2299.024022598175,293.0,38182.61500000001,100.0,False,9
6181,824.43,-3435.0,-2314.0,292.175,38189.77191446091,72.5,False,9
6182,824.59,-3523.0,-2333.0,290.675,38202.622535241775,22.499999999999993,False,9
6183,824.662,-3605.8907228960766,-2350.938891690763,290.0,38208.39277777779,0.0,False,9
6184,824.83,-3855.0,-2405.0,290.0,38221.85495908725,0.0,False,9
6185,824.982,-3974.276531831561,-2431.2663152984346,290.0,38234.17055555557,0.0,False,9
6186,825.11,-4050.0,-2448.0,290.0,38244.73389912599,0.0,False,9
6187,825.409,-4285.0,-2499.0,290.0,38268.67454123276,0.0,False,9
6188,825.422,-4292.254176529374,-2500.587541769714,290.0,38269.61500000001,0.0,True,9
6189,825.569,-4363.0,-2516.0,250.4937328,38279.71663603079,0.0,True,9
6190,825.582,-4371.2807013072015,-2517.750418738241,247.0,38280.59277777779,0.0,True,9
6191,825.822,-4592.247931972437,-2562.096873719309,242.0,38296.72611111112,0.0,True,9
6192,825.889,-4647.0,-2571.0,242.0,38301.23019524257,0.0,True,9
6193,826.142,-4769.835947264985,-2576.190993036113,242.0,38318.23722222223,0.0,True,9
6194,826.289,-4837.0,-2567.0,242.0,38328.08937219516,0.5250002285714286,True,9
6195,826.389,-4896.0,-2558.0,242.0,38334.82255663729,0.8821430857142857,True,9
6196,826.422,-4916.027486148208,-2554.44436332942,242.0,38337.05944444445,1.0,True,9
6197,826.582,-5014.051920075063,-2532.5219891030474,242.0,38347.815,1.0,True,9
6198,826.729,-5124.0,-2486.0,228.218744,38356.65378567455,1.0,True,9
6199,826.909,-5279.0,-2394.0,211.343744,38366.11065048941,1.0,True,9
6200,827.062,-5332.567087341643,-2356.7294730800795,197.0,38374.08166666667,1.0,True,9
6201,827.209,-5357.0,-2331.0,194.703124,38381.87339391701,0.5406248,True,9
6202,827.382,-5418.310759745496,-2269.962873804751,192.0,38391.14833333334,0.0,True,9
6203,827.489,-5455.0,-2232.0,192.0,38396.89411709689,0.6687504,True,9
6204,827.542,-5469.074670681941,-2216.4052990221276,192.0,38399.68166666668,1.0,True,9
6205,827.782,-5513.496245389015,-2154.431431454978,179.0,38411.61500000001,1.0,True,9
6206,827.789,-5515.0,-2152.0,178.8249984,38411.953388701666,0.9781248,True,9
6207,828.102,-5596.732309614803,-1999.6263453771774,171.0,38426.81500000001,0.0,True,9
6208,828.129,-5603.0,-1984.0,171.0,38428.09218021873,0.0,True,9
6209,828.382,-5647.251912838378,-1824.7479897604107,171.0,38440.115000000005,0.0,True,9
6210,828.542,-5661.733767697843,-1727.619892357505,171.0,38447.71500000001,0.0,True,9
6211,828.589,-5664.0,-1702.0,167.6708288,38449.82800092647,0.0,True,9
6212,828.782,-5663.8419705566375,-1610.6569006512498,154.0,38457.98166666668,0.0,True,9
6213,828.982,-5656.228039770332,-1535.363282802646,149.0,38466.259444444455,0.0,True,9
6214,828.989,-5656.0,-1533.0,149.0,38466.550432010124,0.03500032,True,9
6215,829.182,-5650.747505188588,-1475.082663681949,149.0,38474.537222222236,1.0,True,9
6216,829.462,-5644.13123562041,-1412.2523633083479,138.0,38485.270555555566,2.0,True,9
6217,829.77,-5590.0,-1303.0,132.61,38496.57679508118,2.77,True,9
6218,829.862,-5561.048213945358,-1257.534334420119,131.0,38499.82611111112,3.0,True,9
6219,830.062,-5499.601362960815,-1167.3932235056227,123.0,38506.659444444456,0.0,True,9
6220,830.11,-5496.0,-1162.0,122.1,38508.26648826097,0.0,True,9
6221,830.15,-5496.0,-1162.0,121.35,38509.5974713587,0.0,True,9
6222,830.222,-5487.988536392494,-1153.80053910134,120.0,38511.99277777779,0.0,False,9
6223,830.37,-5446.0,-1113.0,120.0,38516.932255582185,0.0,False,9
6224,830.423,-5429.536228715747,-1099.5012876807289,120.0,38518.6927777778,0.0,False,9
6225,830.61,-5373.0,-1061.0,118.2468768,38524.83511713395,0.0,False,9
6226,830.743,-5341.9749949425295,-1043.8820084430483,117.0,38529.0927777778,0.0,False,9
6227,830.79,-5329.0,-1038.0,115.82008755421259,38530.56837556327,0.0,False,9
6228,830.982,-5259.049456968428,-1011.0476690922543,111.0,38536.46194444446,0.0,False,9
6229,831.03,-5245.0,-1006.0,110.46666666666667,38537.91214373008,0.0,False,9
6230,831.29,-5196.0,-994.0,107.57777777777778,38545.6355006723,0.0,False,9
6231,831.342,-5177.262708957581,-991.6001872237006,107.0,38547.16194444446,0.0,False,9
6232,831.502,-5097.355866358072,-983.0248265020668,105.0,38551.82861111112,0.0,False,9
6233,831.57,-5067.0,-981.0,104.575,38553.80043826215,0.0,False,9
6234,831.662,-5033.725814735982,-980.485361790958,104.0,38556.45083333335,0.0,False,9
6235,831.969,-4968.0,-990.0,101.1218744,38565.07154635858,0.0,False,9
6236,831.982,-4965.615779082578,-990.3600540325289,101.0,38565.42861111113,0.0,False,9
6237,832.309,-4891.0,-1012.0,97.36666595555556,38574.24245795538,0.0,False,9
6238,832.342,-4877.787338252788,-1019.0451355032059,97.0,38575.128611111126,0.0,False,9
6239,832.609,-4772.0,-1083.0,97.0,38582.322092378905,0.0,False,9
6240,832.662,-4772.018788282263,-1082.688002347272,97.0,38583.750833333346,0.0,False,9
6241,832.689,-4772.0,-1083.0,97.0,38584.47850311627,0.0,False,9
6242,832.822,-4751.794588877366,-1104.4158276605178,97.0,38588.06194444446,0.0,False,9
6243,832.889,-4738.0,-1121.0,97.0,38589.86750279972,0.0,False,9
6244,832.982,-4721.433782289867,-1145.5482255930401,97.0,38592.373055555574,0.0,False,9
6245,833.069,-4711.0,-1162.0,97.0,38594.71452916161,0.0,False,9
6246,833.262,-4706.3137510829765,-1169.6030185911652,97.0,38599.91750000002,0.0,False,9
6247,833.269,-4706.0,-1171.0,97.0,38600.107128022886,2.6000237714285714,False,9
6248,833.542,-4678.160710609509,-1299.8132445415547,97.0,38607.46194444446,104.0,True,9
6249,833.589,-4675.0,-1316.0,96.47777706666666,38608.68048622806,96.03610026666666,True,9
6250,833.889,-4677.0,-1336.0,93.14444373333333,38616.400016897,45.20276693333333,True,9
6251,833.902,-4677.285445147305,-1337.1122507258144,93.0,38616.761944444464,43.0,False,9
6252,834.149,-4685.0,-1385.0,106.23214628571428,38624.14279535099,48.29285851428571,False,9
6253,834.182,-4687.478600978054,-1394.8178644504148,108.0,38625.161944444466,49.0,False,9
6254,834.369,-4709.0,-1461.0,110.0777784888889,38630.99152726543,49.0,False,9
6255,834.542,-4736.716642617538,-1523.999695550026,112.0,38636.36194444446,49.0,False,9
6256,834.609,-4746.0,-1543.0,111.1624992,38638.41072654117,35.320820266666665,False,9
6257,834.782,-4762.273071791101,-1573.0622144662054,109.0,38643.62861111113,0.0,True,9
6258,834.849,-4769.0,-1587.0,108.1624992,38645.626688414304,0.0,True,9
6259,835.022,-4791.643693715858,-1641.2123263194153,106.0,38650.6952777778,0.0,True,9
6260,835.089,-4799.0,-1661.0,104.7437488,38652.60125536514,0.0,True,9
6261,835.342,-4810.76706924685,-1713.5795074901314,100.0,38659.58416666669,0.0,True,9
6262,835.369,-4811.0,-1720.0,99.8312496,38660.3235496871,0.0,True,9
6263,835.662,-4804.825685044925,-1807.5128809258124,98.0,38668.295277777805,0.0,False,9
6264,835.709,-4803.0,-1819.0,97.52999936,38669.5590553128,0.0,False,9
6265,835.862,-4796.015170438165,-1846.5314143190753,96.0,38673.62861111113,0.0,False,9
6266,835.929,-4792.0,-1857.0,95.1624992,38675.37887622142,0.0,False,9
6267,836.089,-4779.0,-1884.0,93.1624992,38679.49579646726,0.0,False,9
6268,836.102,-4777.657431089398,-1886.5430238719223,93.0,38679.82861111113,0.0,False,9
6269,836.302,-4751.039447589423,-1932.0941764321437,92.0,38684.93972222224,0.0,False,9
6270,836.35,-4743.0,-1943.0,92.0,38686.17422079332,0.24000000000000002,False,9
6271,836.502,-4715.06030798206,-1973.9264307814792,92.0,38690.05083333335,1.0,False,9
6272,836.55,-4709.0,-1980.0,90.97142857142858,38691.23000719431,5.628571428571428,False,9
6273,836.65,-4701.0,-1987.0,88.82857142857142,38693.60952924828,15.27142857142857,False,9
6274,836.782,-4675.882716943706,-2004.6009742833987,86.0,38696.73972222224,28.0,False,9
6275,836.93,-4644.0,-2026.0,87.8385071242648,38700.35238734442,28.0,False,9
6276,836.943,-4642.178523399792,-2027.1970292074323,88.0,38700.675277777795,28.0,False,9
6277,837.09,-4626.0,-2036.0,90.20499712,38704.38432798616,32.409994239999996,False,9
6278,837.143,-4615.821207655298,-2039.882639333313,91.0,38705.73083333335,34.0,False,9
6279,837.35,-4560.0,-2057.0,91.8624992,38711.007222430984,37.4499968,False,9
6280,837.383,-4552.597337522082,-2058.562317454251,92.0,38711.86416666668,38.0,False,9
6281,837.57,-4520.0,-2062.0,95.9121330172784,38716.85257027443,45.04183943110113,False,9
6282,837.622,-4512.202443957525,-2062.6357785980476,97.0,38718.3038888889,47.0,False,9
6283,837.69,-4500.0,-2063.0,99.38,38720.25279646843,49.55,False,9
6284,837.91,-4431.0,-2057.0,107.08,38726.96180483212,57.8,False,9
6285,838.022,-4401.15996966249,-2051.52970697754,111.0,38730.637222222234,62.0,False,9
6286,838.17,-4356.0,-2030.0,118.4,38735.77188481923,67.55,False,9
6287,838.342,-4264.848227896484,-1955.9258395557117,127.0,38741.92611111112,74.0,False,9
6288,838.39,-4233.0,-1915.0,127.51428571428572,38743.63331194697,75.2,False,9
6289,838.609,-4098.0,-1682.0,129.86071497142856,38751.54283169808,80.6750016,False,9
6290,838.622,-4096.516556363893,-1679.4446697369942,130.0,38752.03722222223,81.0,False,9
6291,838.689,-4098.0,-1682.0,133.62917013333333,38754.63937513285,81.27916693333333,False,9
6292,838.862,-4061.383065820515,-1581.0274248386045,143.0,38761.57055555556,82.0,False,9
6293,838.909,-4051.0,-1551.0,143.0,38763.42029503397,82.8812512,False,9
6294,839.022,-4036.348486383645,-1501.2446582918906,143.0,38767.92611111112,85.0,False,9
6295,839.169,-4029.0,-1463.0,153.50000457142858,38774.4053148627,85.0,False,9
6296,839.302,-4021.6451830781584,-1427.791281649681,163.0,38780.603888888894,85.0,False,9
6297,839.389,-4019.0,-1384.0,165.1750016,38784.69348606261,89.078128,False,9
6298,839.529,-4020.0,-1274.0,168.6750016,38791.33620972167,95.640628,False,9
6299,839.622,-4019.726375378231,-1233.2622148731489,171.0,38795.80388888889,100.0,False,9
6300,839.789,-4035.0,-1175.0,174.34000128,38803.923660817134,100.0,False,9
6301,839.822,-4044.77611776888,-1148.9383064014023,175.0,38805.52611111112,100.0,False,9
6302,839.989,-4112.0,-981.0,175.0,38813.58816203388,100.0,False,9
6303,840.102,-4139.798866607184,-916.8035080274149,175.0,38819.13722222223,100.0,False,9
6304,840.449,-4200.0,-860.0,183.6750016,38836.97549855843,100.0,False,9
6305,840.502,-4226.800593181975,-829.7521154075316,185.0,38839.69277777778,100.0,False,9
6306,840.649,-4311.0,-731.0,185.0,38847.140716821115,100.0,False,9
6307,840.902,-4377.214948563817,-653.043469851581,185.0,38860.248333333344,100.0,False,9
6308,840.989,-4402.0,-624.0,189.94318545454544,38865.09161896187,100.0,False,9
6309,841.249,-4519.0,-487.0,204.71591272727272,38880.41175531683,100.0,False,9
6310,841.342,-4564.290403608555,-433.6752781060121,210.0,38885.91500000001,100.0,False,9
6311,841.509,-4641.0,-343.0,210.0,38895.71266690337,100.0,False,9
6312,841.662,-4696.368755687643,-277.3853380022319,210.0,38904.58166666668,100.0,False,9
6313,841.709,-4706.0,-266.0,210.0,38907.28341145318,100.0,False,9
6314,841.889,-4719.0,-251.0,210.0,38917.61642689156,100.0,False,9
6315,841.982,-4747.428251360727,-217.74227472390731,210.0,38923.248333333344,100.0,False,9
6316,842.049,-4771.0,-190.0,215.39722737777777,38927.48208547141,100.0,False,9
6317,842.269,-4842.0,-106.0,233.1194496,38942.21637467876,100.0,False,9
6318,842.342,-4886.2407812115025,-54.758042541270164,239.0,38947.148333333345,100.0,True,9
6319,842.509,-4979.0,52.0,241.50500096,38958.376252557384,100.0,True,9
6320,842.542,-4980.096809998217,53.23700127848105,242.0,38960.59277777779,100.0,False,9
6321,842.589,-4979.0,52.0,242.0,38963.75041552806,100.0,False,9
6322,842.902,-5169.178635311337,274.8178217096965,242.0,38984.792777777795,100.0,False,9
6323,842.95,-5200.0,311.0,242.0,38988.0192251524,100.0,False,9
6324,843.102,-5274.1434488187715,398.3306565412079,242.0,38998.23722222223,100.0,False,9
6325,843.262,-5323.4444706770555,456.4204649085107,242.0,39008.992777777785,100.0,False,9
6326,843.31,-5336.0,471.0,242.0,39012.20771467516,100.0,False,9
6327,843.422,-5362.332209503247,501.153876713493,242.0,39019.748333333344,100.0,False,9
6328,843.49,-5388.0,531.0,244.41992717214941,39024.428205832744,100.0,False,9
6329,843.63,-5472.0,630.0,249.40213017363348,39034.27479163881,100.0,False,9
6330,843.703,-5508.157042690204,672.8154806533271,252.0,39039.41833333334,100.0,False,9
6331,843.85,-5569.0,745.0,252.5249993142857,39049.73821988011,100.0,False,9
6332,843.983,-5640.101779552905,828.9010204212534,253.0,39059.09611111112,100.0,False,9
6333,844.11,-5705.0,905.0,254.36071222857143,39068.10213260099,100.0,False,9
6334,844.263,-5756.979248375986,964.95578475769,256.0,39079.00722222224,100.0,False,9
6335,844.37,-5803.0,1018.0,256.3354227974959,39086.64207649148,100.0,False,9
6336,844.53,-5906.0,1140.0,256.83699049749896,39098.067324935364,100.0,False,9
6337,844.582,-5935.08098986236,1177.9620015316236,257.0,39101.78027777779,100.0,False,9
6338,844.71,-5992.0,1263.0,257.0,39110.91849113106,100.0,False,9
6339,844.742,-6003.846253843904,1283.375023707881,257.0,39113.202500000014,100.0,False,9
6340,844.91,-6054.0,1389.0,257.0,39125.18974186479,100.0,False,9
6341,845.022,-6081.695663913185,1465.1134927711737,257.0,39133.19138888891,100.0,False,9
6342,845.129,-6103.0,1530.0,257.26750016,39140.851029039586,100.0,False,9
6343,845.289,-6128.0,1606.0,257.66750016,39152.32752393127,100.0,False,9
6344,845.422,-6165.021361338493,1718.137590005852,258.0,39161.858055555575,100.0,False,9
6345,845.529,-6194.0,1806.0,258.0,39169.51435092802,100.0,False,9
6346,845.622,-6209.983747626872,1854.6940141917758,258.0,39176.1913888889,100.0,False,9
6347,845.789,-6228.0,1910.0,259.3916672,39188.27983712386,30.41664,False,9
6348,845.862,-6238.0186555050595,1940.6160819468096,260.0,39193.52472222224,0.0,False,9
6349,846.102,-6281.78595655167,2073.8152191567247,254.0,39210.45805555557,0.0,False,9
6350,846.302,-6330.944705055743,2222.937810188381,251.0,39224.40250000002,0.0,False,9
6351,846.582,-6408.277609141641,2457.087732801512,238.0,39242.91361111113,0.0,True,9
6352,846.862,-6477.277866846552,2665.6344416294887,212.0,39259.40250000002,0.0,True,9
6353,846.909,-6488.0,2698.0,206.96427885714286,39261.9305237801,0.0,True,9
6354,847.142,-6536.789498129792,2845.12156007519,182.0,39273.55805555558,0.0,True,9
6355,847.229,-6551.0,2888.0,175.03999488,39277.64143021953,0.0,True,9
6356,847.342,-6565.164901688578,2930.8194824769453,166.0,39282.7802777778,0.0,True,9
6357,847.542,-6579.385351685183,2974.0862981939067,155.0,39291.39138888891,0.0,True,9
6358,847.742,-6600.016942576072,3037.0047182915437,134.0,39298.83583333335,0.0,True,9
6359,847.749,-6601.0,3040.0,133.6499968,39299.081260708306,0.0,True,9
6360,847.889,-6623.0,3107.0,126.6499968,39303.81827166541,0.0,True,9
6361,848.102,-6651.113907519092,3192.4538352147756,116.0,39310.43583333335,0.0,True,9
6362,848.349,-6673.0,3259.0,105.02221937777777,39317.33314427249,0.0,True,9
6363,848.462,-6679.389938150213,3278.584771757773,100.0,39320.43583333335,0.0,True,9
6364,848.702,-6690.144157461872,3311.5113654302995,100.0,39327.102500000015,0.0,True,9
6365,848.789,-6698.0,3335.0,98.04249856,39329.418061760145,0.0,True,9
6366,848.969,-6720.0,3401.0,93.99249856,39333.98489057776,0.0,True,9
6367,849.102,-6731.296256777813,3437.8478990169433,91.0,39337.213611111125,0.0,False,9
6368,849.41,-6739.0,3489.0,84.15555555555555,39344.325067687525,0.0,False,9
6369,849.462,-6738.750559944737,3498.026378307704,83.0,39345.51361111113,0.0,False,9
6370,849.63,-6735.0,3528.0,82.4,39349.36500519655,0.0,False,9
6371,849.742,-6729.83662306091,3546.7986915242996,82.0,39351.89138888891,0.0,False,9
6372,849.81,-6726.0,3557.0,81.32169608537245,39353.394436915965,4.408975445079088,False,9
6373,849.99,-6718.0,3575.0,79.52618572312305,39357.269703604376,16.079792799700204,False,9
6374,850.143,-6725.759333221703,3571.6526658397484,78.0,39360.57972222224,26.0,False,9
6375,850.21,-6713.0,3584.0,78.71785508571429,39362.05114091893,29.3499904,False,9
6376,850.37,-6633.0,3657.0,80.4321408,39365.642989010135,37.3499904,False,9
6377,850.423,-6615.256003734032,3672.57347536617,81.0,39366.87972222224,40.0,False,9
6378,850.73,-6605.0,3668.0,87.90749568,39374.506942550215,49.97749376,False,9
6379,850.823,-6591.4005555088615,3670.042401775332,90.0,39376.87972222224,53.0,False,9
6380,850.97,-6556.0,3676.0,92.93999616,39380.661862669185,54.46999808,False,9
6381,851.023,-6541.170014048612,3675.558316353655,94.0,39382.10194444447,55.0,False,9
6382,851.17,-6497.0,3667.0,100.6315734768474,39386.41388272283,58.3157867384237,False,9
6383,851.33,-6451.0,3647.0,107.84962206297602,39391.52852178232,61.92481103148801,False,9
6384,851.422,-6425.388752879632,3632.4913367950144,112.0,39394.5152777778,64.0,False,9
6385,851.582,-6380.529453414976,3603.3615502957455,119.0,39399.80416666668,75.0,False,9
6386,851.63,-6366.0,3594.0,121.16,39401.45568655726,77.4,False,9
6387,851.709,-6341.0,3578.0,124.71500288,39404.250957889475,81.3500032,False,9
6388,851.782,-6317.445621253774,3562.453089052959,128.0,39406.91527777779,85.0,False,9
6389,851.982,-6253.441861062428,3517.7583282825885,138.0,39414.58194444446,100.0,False,9
6390,852.089,-6226.0,3498.0,141.43928777142858,39418.84671687158,100.0,False,9
6391,852.262,-6194.63724523595,3474.68155616949,147.0,39426.01527777779,100.0,False,9
6392,852.389,-6170.0,3455.0,154.62000384,39431.55328042215,100.0,False,9
6393,852.462,-6151.678549093349,3439.909036990613,159.0,39434.84861111113,100.0,False,9
6394,852.689,-6071.0,3372.0,168.72857417142856,39445.58828275146,100.0,False,9
6395,852.742,-6044.905874309335,3349.5562231307,171.0,39448.14861111112,100.0,False,9
6396,852.749,-6041.0,3346.0,171.13611235555555,39448.48744705025,100.0,False,9
6397,853.102,-5759.584766864924,3041.086080469334,178.0,39465.948611111126,100.0,False,9
6398,853.109,-5756.0,3037.0,178.32500297142857,39466.309022267895,100.0,False,9
6399,853.382,-5708.836869054304,2976.184014408595,191.0,39480.80416666668,100.0,False,9
6400,853.449,-5697.0,2957.0,193.01000192,39484.43823589298,100.0,False,9
6401,853.582,-5654.769073681164,2891.7131813679225,197.0,39491.74861111113,100.0,False,9
6402,853.769,-5578.0,2772.0,201.6750016,39502.34715683623,100.0,False,9
6403,853.942,-5522.681897920415,2677.6459374427536,206.0,39512.34861111113,100.0,False,9
6404,854.169,-5465.0,2572.0,209.24285805714285,39525.57200001344,100.0,False,9
6405,854.222,-5452.15012905117,2548.8737915451857,210.0,39528.681944444455,100.0,False,9
6406,854.382,-5414.605305464145,2482.3386193306233,213.0,39538.14861111112,100.0,False,9
6407,854.549,-5372.0,2406.0,216.5785728,39548.26434481948,100.0,False,9
6408,854.662,-5339.960266279131,2347.560291990786,219.0,39555.18194444446,100.0,False,9
6409,854.669,-5338.0,2344.0,219.05000045714286,39555.61093822585,100.0,False,9
6410,854.889,-5280.0,2240.0,220.62142902857144,39569.11611198909,100.0,False,9
6411,854.942,-5266.718279544425,2216.2115825325322,221.0,39572.37083333335,100.0,False,9
6412,855.189,-5192.0,2082.0,221.0,39587.531358244625,100.0,False,9
6413,855.342,-5112.852838712282,1939.991110830549,221.0,39596.9263888889,100.0,False,9
6414,855.389,-5090.0,1899.0,221.0,39599.8142330945,100.0,False,9
6415,855.502,-5045.012153227325,1818.3232417678755,221.0,39606.74861111112,100.0,False,9
6416,855.729,-4988.0,1716.0,221.0,39620.62408249562,100.0,False,9
6417,855.782,-4978.407810247547,1698.7107784062594,221.0,39623.937500000015,100.0,False,9
6418,855.942,-4945.062682493867,1638.7517318782873,230.0,39634.15972222223,100.0,False,9
6419,855.97,-4934.0,1619.0,230.14,39635.95711613438,100.0,False,9
6420,856.142,-4828.780944429931,1431.551773007935,231.0,39646.99305555557,100.0,False,9
6421,856.23,-4783.0,1349.0,231.0,39652.63348825481,100.0,False,9
6422,856.302,-4760.542556800473,1307.2895811885767,231.0,39657.25972222223,100.0,False,9
6423,856.502,-4739.618711142507,1266.8427791334514,233.0,39670.20416666667,100.0,False,9
6424,856.57,-4714.0,1227.0,233.21183787952376,39674.61692773843,100.0,False,9
6425,856.71,-4631.0,1102.0,233.64797469030796,39683.71200941635,100.0,False,9
6426,856.823,-4591.120153793821,1048.2239740729028,234.0,39691.069166666675,100.0,False,9
6427,856.95,-4561.0,1017.0,234.52916586666666,39699.357324945595,95.2375072,False,9
6428,857.063,-4521.703452512382,976.1050372325741,235.0,39706.73583333334,91.0,False,9
6429,857.13,-4499.0,953.0,235.0,39711.10710406416,76.42754176,False,9
6430,857.463,-4425.523522427097,888.230554639364,235.0,39732.84694444445,4.0,False,9
6431,857.47,-4424.0,887.0,235.0,39733.30590049909,4.0,False,9
6432,857.663,-4370.857886450117,846.0238887883783,235.0,39745.90250000001,4.0,False,9
6433,857.67,-4368.0,844.0,234.68342546340548,39746.3501753935,6.3918964987142095,False,9
6434,857.862,-4256.146476455059,772.4143910195852,226.0,39758.39527777779,72.0,False,9
6435,857.87,-4250.0,769.0,226.0,39758.895727563715,72.2,False,9
6436,858.03,-4116.0,702.0,226.0,39768.93762226235,76.2,False,9
6437,858.062,-4094.4322919840893,692.3493654839848,226.0,39770.95083333335,77.0,False,9
6438,858.249,-3994.0,658.0,226.5843752,39782.73829143891,81.6750016,False,9
6439,858.382,-3891.258526779456,632.4153678896213,227.0,39791.128611111126,85.0,False,9
6440,858.429,-3858.0,625.0,227.0,39794.09236116841,85.0,False,9
6441,858.542,-3797.780207532859,613.7780716326057,227.0,39801.21750000002,85.0,False,9
6442,858.689,-3729.0,608.0,227.0,39810.49105988108,85.73500032,False,9
6443,858.742,-3695.7939958719394,606.5945004781115,227.0,39813.82861111113,86.0,False,9
6444,858.869,-3609.0,605.0,226.36499968,39821.80497550522,86.63500032,False,9
6445,858.942,-3566.5870758858664,605.6216130455435,226.0,39826.38416666669,87.0,False,9
6446,859.089,-3479.0,614.0,226.0,39835.60712680391,87.0,False,9
6447,859.142,-3435.958094648288,621.2027066777977,226.0,39838.939722222254,87.0,False,9
6448,859.309,-3284.0,654.0,226.6958336,39849.47441363623,88.3916672,False,9
6449,859.382,-3232.314994561957,668.9645482221749,227.0,39854.07305555558,89.0,False,9
6450,859.509,-3161.0,695.0,226.2062496,39862.04695447477,90.5875008,False,9
6451,859.542,-3144.150701796254,701.742985197557,226.0,39864.11750000003,91.0,False,9
6452,859.822,-3011.755352365038,767.7305726533402,226.0,39881.695277777806,91.0,False,9
6453,859.829,-3008.0,770.0,226.0,39882.13478028918,91.0,False,9
6454,859.982,-2917.3395673988844,829.072110515136,226.0,39891.73972222225,91.0,False,9
6455,860.129,-2835.0,889.0,226.0,39900.962288277486,96.5125024,False,9
6456,860.222,-2795.1679735457906,921.7562527360254,226.0,39906.806388888916,100.0,False,9
6457,860.349,-2746.0,969.0,226.52916693333333,39914.810090923194,100.0,False,9
6458,860.462,-2694.685432807585,1024.6724589729938,227.0,39921.93972222225,100.0,False,9
6459,860.569,-2647.0,1081.0,227.0,39928.68704144766,100.0,False,9
6460,860.622,-2626.324066176899,1107.3331205209947,227.0,39932.028611111135,100.0,False,9
6461,860.889,-2541.0,1239.0,227.0,39948.86338191783,100.0,False,9
6462,860.942,-2523.74009399492,1270.4921758800556,227.0,39952.20638888892,100.0,False,9
6463,861.149,-2450.0,1417.0,227.0,39965.26534837523,100.0,False,9
6464,861.222,-2420.0001904808028,1479.2502950226183,227.0,39969.86194444447,100.0,False,9
6465,861.329,-2381.0,1561.0,226.5541664,39976.58591357027,55.41664,False,9
6466,861.462,-2360.9137483533473,1602.6807394601885,226.0,39984.928611111136,0.0,False,9
6467,861.622,-2354.36027733219,1615.6152944905652,226.0,39994.97305555558,0.0,True,9
6468,861.669,-2346.0,1633.0,226.1468752,39997.94307058087,0.0,True,9
6469,861.942,-2254.098126487864,1825.9414033674207,227.0,40015.15083333336,0.0,True,9
6470,861.969,-2247.0,1841.0,225.6499968,40016.80259528361,0.0,True,9
6471,862.149,-2208.0,1922.0,216.6499968,40027.5498977588,0.0,True,9
6472,862.182,-2195.1839131160664,1946.9976034061683,215.0,40029.4841666667,0.0,True,9
6473,862.309,-2139.0,2055.0,208.6499968,40036.82457565059,0.0,True,9
6474,862.342,-2130.8218210546765,2070.774546137611,207.0,40038.684166666695,0.0,True,9
6475,862.47,-2115.0,2098.0,200.14285714285714,40045.66631814658,0.9142857142857143,True,9
6476,862.622,-2067.488763522149,2162.8407226431473,192.0,40053.61750000003,2.0,True,9
6477,862.73,-2030.0,2210.0,186.6,40059.14996755566,2.675,True,9
6478,862.782,-2015.2184908188058,2226.8706837773584,184.0,40061.79527777781,3.0,True,9
6479,862.89,-1980.0,2259.0,182.92,40067.27140861782,3.0,True,9
6480,862.982,-1925.899673581579,2298.9823772500313,182.0,40071.90638888892,3.0,True,9
6481,863.19,-1774.0,2399.0,178.53333333333333,40082.22306050303,2.1333333333333333,True,9
6482,863.222,-1757.9518727196591,2408.4621926063833,178.0,40083.77305555559,2.0,False,9
6483,863.383,-1711.3429679211702,2429.250584851893,171.0,40091.4205555556,3.0,False,9
6484,863.53,-1682.0,2437.0,169.53000192,40098.335216876054,0.7950028800000002,False,9
6485,863.583,-1669.0311377698138,2441.344737504743,169.0,40100.80944444448,0.0,False,9
6486,863.75,-1606.0,2459.0,167.21071634285715,40108.52277383356,21.471403885714288,False,9
6487,863.863,-1522.4316978210493,2472.1455227371503,166.0,40113.72055555559,36.0,False,9
6488,863.99,-1428.0,2484.0,166.0,40119.576241699266,36.0,False,9
6489,864.023,-1411.3339866954311,2485.8374321475803,166.0,40121.09833333337,36.0,False,9
6490,864.183,-1375.596722624369,2487.5252156602705,166.0,40128.47611111115,40.0,False,9
6491,864.33,-1348.0,2482.0,166.0,40135.25432240212,40.0,False,9
6492,864.503,-1274.6564804778739,2469.531770685167,166.0,40143.23166666671,40.0,False,9
6493,864.67,-1200.0,2456.0,166.0,40150.932225604294,40.0,False,9
6494,864.742,-1177.7878966139783,2451.0662150501466,166.0,40154.25222222226,40.0,False,9
6495,864.889,-1124.0,2432.0,166.0,40161.03055830694,40.0,False,9
6496,864.902,-1116.0289678483934,2428.681210891455,166.0,40161.63000000004,40.0,False,9
6497,865.049,-1005.0,2379.0,166.0,40168.40833951338,40.0,False,9
6498,865.142,-953.9553510635362,2351.874434643396,166.0,40172.69666666671,40.0,False,9
6499,865.342,-902.2266609270087,2311.292478085487,166.0,40181.918888888926,40.0,False,9
6500,865.409,-890.0,2301.0,166.0,40185.008375867306,40.0,False,9
6501,865.542,-868.2750213135613,2283.7800466680605,166.0,40191.14111111115,40.0,False,9
6502,865.589,-859.0,2276.0,166.0,40193.30819012083,55.04002048,False,9
6503,865.742,-818.0045547595903,2237.824613797314,166.0,40200.36333333337,104.0,True,9
6504,865.789,-802.0,2220.0,166.0,40202.531410375705,94.5999872,True,9
6505,866.062,-693.4287427654856,2074.8207000712955,166.0,40215.11888888893,40.0,True,9
6506,866.109,-683.0,2060.0,166.0,40217.280289337265,40.0,True,9
6507,866.289,-664.0,2025.0,166.0,40225.579780531836,40.0,True,9
6508,866.302,-660.9099164757374,2018.4365764224988,166.0,40226.185555555596,40.0,False,9
6509,866.509,-583.0,1853.0,166.0,40235.95850983615,40.0,False,9
6510,866.662,-559.4220737436108,1801.806556813953,166.0,40242.785555555594,40.0,False,9
6511,866.829,-550.0,1780.0,150.96999424,40249.59367010002,6.599987200000002,False,9
6512,866.862,-546.0642077282566,1771.3184107397167,148.0,40251.00777777781,0.0,True,9
6513,867.022,-518.5493432993967,1711.4825936663965,163.0,40258.25222222226,0.0,True,9
6514,867.109,-504.0,1680.0,154.73499392,40261.88834114274,0.0,True,9
6515,867.222,-488.62506910827307,1646.808766936788,144.0,40266.25222222226,0.0,True,9
6516,867.369,-462.0,1589.0,136.1906216,40271.56384023099,0.0,True,9
6517,867.542,-404.0794419044216,1462.0153077897944,127.0,40277.54111111115,0.0,True,9
6518,867.569,-396.0,1444.0,126.69999928888889,40278.47555063929,0.0,True,9
6519,867.729,-358.0,1362.0,124.9222215111111,40284.02277990159,0.0,True,9
6520,867.809,-337.0,1328.0,124.03333262222222,40286.756685307024,0.0,True,9
6521,867.902,-313.0500357485302,1296.2638637188477,123.0,40289.841111111156,0.0,True,9
6522,868.109,-271.0,1254.0,115.2374976,40296.40026593462,0.0,True,9
6523,868.142,-267.176499886537,1250.0876323678046,114.0,40297.441111111155,0.0,True,9
6524,868.302,-260.3155045191825,1241.6820398484251,114.0,40302.50777777782,0.0,False,9
6525,868.462,-238.84475393351775,1233.6328394872487,112.0,40307.4855555556,0.0,False,9
6526,868.469,-237.0,1233.0,112.0,40307.70315657895,0.0,False,9
6527,868.662,-158.41107491542317,1207.2893271213152,112.0,40313.707777777825,0.0,False,9
6528,868.769,-113.0,1196.0,111.4055552,40317.00368595909,0.0,False,9
6529,869.022,-41.37207834806423,1196.7291658605714,110.0,40324.707777777825,0.0,False,9
6530,869.182,-4.139412231614052,1209.3657534220558,109.0,40329.55222222227,0.0,False,9
6531,869.21,3.0,1212.0,109.0,40330.39729955754,5.133333333333334,False,9
6532,869.41,58.0,1236.0,109.0,40336.44987052532,41.8,False,9
6533,869.422,61.329526389346675,1237.9400395029825,109.0,40336.81888888894,44.0,False,9
6534,869.61,107.0,1271.0,112.91666666666667,40342.72558521902,44.0,False,9
6535,869.662,113.48494293339515,1276.7663178053172,114.0,40344.41888888894,44.0,False,9
6536,869.79,127.0,1293.0,119.09452249677453,40348.7145072999,53.552229681452246,False,9
6537,869.863,145.1127843594162,1315.013782840463,122.0,40351.23055555561,59.0,False,9
6538,870.03,197.0,1378.0,126.1749952,40357.139353270315,59.0,False,9
6539,870.17,222.0,1409.0,129.6749952,40362.29604958578,59.0,False,9
6540,870.183,225.4402977264786,1413.2741994771463,130.0,40362.78611111116,59.0,False,9
6541,870.383,302.2618988373868,1508.4508853875618,139.0,40370.50833333339,64.0,False,9
6542,870.41,310.0,1518.0,139.28928365714285,40371.55798962666,64.77142308571429,False,9
6543,870.663,340.8618188111915,1555.6006910591218,142.0,40381.55277777783,72.0,False,9
6544,870.67,342.0,1557.0,142.29999177142858,40381.841534829,72.09999725714286,False,9
6545,870.943,426.7460721852185,1661.968836431592,154.0,40393.53055555561,76.0,False,9
6546,870.95,430.0,1666.0,154.0,40393.83036475156,76.1312464,False,9
6547,871.103,512.1026576916292,1767.8669043844184,154.0,40400.37500000006,79.0,False,9
6548,871.17,542.0,1806.0,156.3567794397068,40403.30461270028,80.34673110840389,False,9
6549,871.302,575.7479185702443,1852.8564709574605,161.0,40409.27472222228,83.0,False,9
6550,871.509,590.0,1894.0,172.21250346666667,40419.275992285344,83.0,False,9
6551,871.542,592.3293325696702,1903.603975820925,174.0,40420.87472222228,83.0,False,9
6552,871.849,595.0,2041.0,174.0,40435.684431662325,80.1218744,False,9
6553,871.862,592.6182585658239,2048.9994562328425,174.0,40436.34138888895,80.0,False,9
6554,872.009,554.0,2142.0,182.40000365714286,40444.027687083406,80.0,False,9
6555,872.129,524.0,2194.0,189.25714651428572,40450.430616933074,80.0,False,9
6556,872.142,520.7548938584994,2199.403931604631,190.0,40451.11916666673,80.0,False,9
6557,872.342,467.5455808368192,2290.097354318527,190.0,40461.674722222284,100.0,False,9
6558,872.389,453.0,2315.0,191.3218768,40464.20255969316,100.0,False,9
6559,872.589,382.0,2436.0,196.9468768,40475.23865406308,100.0,False,9
6560,872.662,354.8507460866231,2481.9922887101284,199.0,40479.36361111118,100.0,False,9
6561,872.829,296.0,2582.0,203.5545472,40488.98260971676,100.0,False,9
6562,872.929,266.0,2634.0,206.28181992727272,40494.859397716114,100.0,False,9
6563,873.102,199.2220770902433,2747.8794059670604,211.0,40505.15250000006,100.0,False,9
6564,873.249,139.0,2850.0,216.5125024,40514.00997703306,100.0,False,9
6565,873.262,134.06143627848346,2858.3933030544495,217.0,40514.796944444504,100.0,False,9
6566,873.542,43.37362950140397,3013.2729867598214,219.0,40531.830277777844,100.0,False,9
6567,873.709,8.0,3074.0,219.0,40541.973934503745,100.0,False,9
6568,873.869,-17.0,3117.0,219.0,40551.711573069035,100.0,False,9
6569,873.902,-25.252995183544602,3131.1614624942954,219.0,40553.730277777846,100.0,False,9
6570,874.149,-118.0,3290.0,221.8068189090909,40568.954733713035,100.0,False,9
6571,874.342,-184.99073248357348,3404.3986974736385,224.0,40581.10805555562,100.0,False,9
6572,874.449,-224.0,3471.0,227.0093768,40587.979194429616,100.0,False,9
6573,874.662,-312.0249029894839,3621.3703325357696,233.0,40601.81916666673,100.0,False,9
6574,874.709,-330.0,3652.0,233.0,40604.868935059334,100.0,False,9
6575,874.902,-391.8791849193218,3756.9259048074364,233.0,40617.352500000066,100.0,False,9
6576,875.142,-464.4835434903008,3880.662214491153,233.0,40632.8858333334,100.0,False,9
6577,875.149,-467.0,3885.0,233.3500032,40633.350744730706,100.0,False,9
6578,875.249,-507.0,3954.0,238.3500032,40640.094276526426,100.0,False,9
6579,875.382,-584.3152964060454,4085.763922116385,245.0,40649.21916666673,100.0,False,9
6580,875.509,-654.0,4204.0,246.5875008,40657.930953054485,100.0,False,9
6581,875.542,-666.5522333459181,4225.311395001806,247.0,40660.19694444451,100.0,False,9
6582,875.81,-715.0,4308.0,248.11666666666667,40678.65739141496,100.0,False,9
6583,876.022,-773.9322169609139,4409.115050527604,249.0,40693.39694444452,100.0,False,9
6584,876.05,-785.0,4428.0,249.34912701488182,40695.35615828204,100.0,False,9
6585,876.31,-902.0,4627.0,252.5910207244988,40713.67959062433,100.0,False,9
6586,876.423,-920.5005658769143,4658.994405770975,254.0,40721.68972222229,100.0,False,9
6587,876.55,-942.0,4696.0,254.7937488,40730.7011604267,100.0,False,9
6588,876.583,-953.9816281313679,4716.32869290019,255.0,40733.02305555562,100.0,False,9
6589,876.77,-1049.0,4877.0,250.55875456,40745.94203044434,76.625024,False,9
6590,877.21,-1150.0,5050.0,240.10875456,40774.746882221414,21.625024000000003,False,9
6591,877.383,-1186.3434899678787,5111.687593189799,236.0,40785.46750000007,0.0,True,9
6592,877.61,-1246.0,5213.0,216.8468912,40798.95581421772,0.0,True,9
6593,877.703,-1275.1864979948155,5263.013720586335,209.0,40804.04527777785,0.0,True,9
6594,877.91,-1337.0,5369.0,181.64645394285714,40814.181060969975,0.0,True,9
6595,877.983,-1350.8490865745111,5392.386640142074,172.0,40817.42305555563,0.0,True,9
6596,878.189,-1383.0,5446.0,153.63788459742017,40825.739641679946,0.0,True,9
6597,878.342,-1426.89298921181,5520.449686254712,140.0,40831.38416666674,0.0,True,9
6598,878.349,-1429.0,5524.0,139.4749952,40831.63578878566,0.0,True,9
6599,878.542,-1484.8045527509546,5616.797237016298,125.0,40838.32861111119,0.0,True,9
6600,878.629,-1506.0,5652.0,121.01249706666667,40841.168077098555,0.0,True,9
6601,878.782,-1534.8688946817888,5700.608317521244,114.0,40845.92861111119,0.0,True,9
6602,879.109,-1572.0,5764.0,105.00749824,40855.39199440027,0.0,True,9
6603,879.182,-1579.0312559022807,5775.386235547238,103.0,40857.37305555563,0.0,True,9
6604,879.269,-1588.0,5790.0,100.60749824,40859.671187938366,0.0,True,9
6605,879.489,-1618.0,5841.0,94.55749824,40865.24094465339,0.0,True,9
6606,879.582,-1631.6895843220846,5863.754842577288,92.0,40867.59527777785,0.0,True,9
6607,879.669,-1644.0,5884.0,92.0,40869.81371953382,0.0,True,9
6608,879.782,-1658.3294920172907,5907.5391198219095,92.0,40872.70638888896,0.0,True,9
6609,879.869,-1670.0,5927.0,92.0,40874.930820981775,0.0,True,9
6610,880.022,-1692.5921407972523,5965.684380546107,92.0,40878.83972222229,0.0,True,9
6611,880.049,-1695.0,5970.0,92.0,40879.52969234679,0.0,True,9
6612,880.149,-1700.0,5979.0,92.0,40882.08565084503,0.0,True,9
6613,880.262,-1715.3264619411461,5999.474964281588,92.0,40884.97305555562,0.0,True,9
6614,880.449,-1762.0,6043.0,92.0,40889.74686864526,0.0,True,9
6615,880.582,-1802.564256866648,6055.376939688764,92.0,40893.150833333406,0.0,True,9
6616,880.709,-1829.0,6060.0,92.0,40896.41498721416,0.0,True,9
6617,880.822,-1828.5065865871952,6064.494318543936,92.0,40899.28416666674,0.0,True,9
6618,880.929,-1838.0,6061.0,91.02727214545455,40901.934303035436,11.186370327272728,True,9
6619,881.129,-1930.0,6023.0,89.20909032727273,40906.75653756428,32.09546123636364,True,9
6620,881.262,-1960.7973765805973,6001.550533176953,88.0,40910.03972222229,46.0,False,9
6621,881.329,-1970.0,5993.0,88.8375008,40911.73126480693,47.17250112,False,9
6622,881.489,-1993.0,5973.0,90.8375008,40915.87015479577,49.97250112,False,9
6623,881.629,-2028.0,5938.0,92.5875008,40919.51723712308,52.42250112,False,9
6624,881.662,-2036.3778812105884,5928.986047648579,93.0,40920.373055555625,53.0,False,9
6625,881.822,-2073.8530536326934,5884.8041603266,93.0,40924.506388888956,53.0,False,9
6626,881.949,-2098.0,5853.0,93.0,40927.7857999511,53.0,False,9
6627,882.17,-2132.0,5804.0,93.0,40933.4960894126,53.0,False,9
6628,882.262,-2152.6729036942575,5777.870477850357,93.0,40935.873055555625,53.0,True,9
6629,882.39,-2183.0,5742.0,93.0,40939.17973567164,53.0,True,9
6630,882.422,-2189.157490998463,5735.042772067387,93.0,40940.00638888896,53.0,True,9
6631,882.622,-2215.6861484326773,5708.910932140778,93.0,40945.17305555563,104.0,True,9
6632,882.75,-2235.0,5695.0,93.0,40948.47972462436,104.0,True,9
6633,882.862,-2258.021115846498,5680.097023465846,93.0,40951.373055555625,104.0,True,9
6634,882.99,-2294.0,5658.0,93.0,40954.67971972577,104.0,True,9
6635,883.15,-2368.0,5629.0,93.0,40958.81305081587,104.0,True,9
6636,883.183,-2393.7793139665314,5629.016634461442,93.0,40959.66555555563,104.0,True,9
6637,883.383,-2595.8018447466993,5672.986162270096,93.0,40964.83222222229,104.0,True,9
6638,883.41,-2614.0,5680.0,93.0,40965.5297172687,100.8781472,True,9
6639,883.59,-2668.0,5725.0,93.0,40970.17971702169,80.0656472,True,9
6640,883.703,-2697.3710520329128,5757.209297085519,93.0,40973.098888888955,67.0,True,9
6641,883.97,-2777.0,5841.0,93.0,40979.99638425643,42.207160685714285,True,9
6642,883.983,-2780.2609435413865,5844.86684642053,93.0,40980.332222222285,41.0,False,9
6643,884.303,-2839.657730907042,5931.742426832033,93.0,40988.598888888955,47.0,False,9
6644,884.45,-2859.0,5966.0,93.0,40992.39639248975,47.0,False,9
6645,884.463,-2860.5700525973175,5968.852964430156,93.0,40992.73222222229,47.0,False,9
6646,884.749,-2894.0,6038.0,93.0,41000.12037761088,47.0,False,9
6647,884.782,-2898.895080464425,6050.198982835517,93.0,41000.97305555562,47.0,False,9
6648,884.929,-2922.0,6113.0,93.0,41004.77195761569,47.0,False,9
6649,885.022,-2933.672089292566,6150.833863545432,93.0,41007.17305555562,47.0,True,9
6650,885.249,-2953.0,6240.0,93.0,41013.02920027104,47.0,True,9
6651,885.302,-2956.4556937344187,6262.674602593725,93.0,41014.40638888895,47.0,True,9
6652,885.429,-2963.0,6319.0,93.0,41017.709744891,92.2437728,True,9
6653,885.462,-2964.2007692079724,6333.5906422989165,93.0,41018.53972222228,104.0,True,9
6654,885.709,-2964.0,6449.0,93.0,41024.71399970006,104.0,True,9
6655,885.742,-2962.098138530995,6467.211716173486,93.0,41025.77305555561,104.0,True,9
6656,886.089,-2920.0,6674.0,149.78182865454545,41041.34021703915,104.0,True,9
6657,886.182,-2906.61808664959,6713.049255150635,165.0,41045.93972222228,104.0,True,9
6658,886.382,-2878.0587713685077,6771.860641804393,176.0,41055.71750000006,77.0,False,9
6659,886.429,-2872.0,6784.0,176.21363665454547,41058.023161643185,76.67954501818181,False,9
6660,886.669,-2825.0,6860.0,177.30454574545453,41069.893107909906,75.04318138181819,False,9
6661,886.822,-2734.886781603844,6964.668919552743,178.0,41077.473055555616,74.0,False,9
6662,886.849,-2720.0,6981.0,178.0,41078.808776596044,74.22500053333333,False,9
6663,887.062,-2646.784830123032,7049.98908315651,178.0,41089.339722222285,76.0,False,9
6664,887.269,-2583.0,7081.0,178.0,41099.59990918031,76.0,False,9
6665,887.342,-2546.72512475559,7098.496625976963,178.0,41103.18416666673,76.0,False,9
6666,887.509,-2457.0,7141.0,178.0,41111.285202486295,76.0,False,9
6667,887.622,-2417.4150168324145,7158.169929994234,178.0,41117.02861111118,76.0,False,9
6668,887.789,-2323.0,7180.0,191.5687552,41126.27694255538,78.0875008,False,9
6669,887.909,-2175.0,7205.0,201.3187552,41133.240873829025,79.5875008,False,9
6670,887.942,-2138.078747950725,7210.200875714723,204.0,41135.16194444452,80.0,False,9
6671,888.182,-1975.2562544896746,7215.312348176295,211.0,41149.22861111118,88.0,False,9
6672,888.409,-1896.0,7200.0,214.7833344,41162.77730328859,88.9458336,False,9
6673,888.422,-1891.5792100550666,7199.239057796212,215.0,41163.56194444452,89.0,False,9
6674,888.662,-1808.4526549672341,7185.528594398667,220.0,41178.22861111118,100.0,False,9
6675,888.75,-1768.0,7176.0,221.76,41183.69508652096,100.0,False,9
6676,888.862,-1704.828281975351,7158.3900541251205,224.0,41190.67305555562,100.0,False,9
6677,888.97,-1644.0,7139.0,224.0,41197.367912539296,100.0,False,9
6678,889.022,-1618.9622412616845,7129.971867714082,224.0,41200.628611111184,100.0,False,9
6679,889.31,-1515.0,7083.0,231.8,41219.463558495845,100.0,False,9
6680,889.502,-1443.6078492090949,7047.890541130527,237.0,41232.228611111175,100.0,False,9
6681,889.57,-1402.0,7019.0,237.0,41236.71506617925,100.0,False,9
6682,889.663,-1324.341053662433,6958.292265750686,237.0,41242.82777777784,100.0,False,9
6683,889.81,-1194.0,6849.0,237.0,41252.49451529958,100.0,False,9
6684,889.823,-1185.3722176823703,6841.51387986186,237.0,41253.361111111175,100.0,False,9
6685,889.983,-1120.2275735032977,6780.560891434067,244.0,41264.205555555614,100.0,False,9
6686,890.183,-1087.2833908667467,6727.814993134978,247.0,41277.92777777784,100.0,False,9
6687,890.23,-1072.0,6704.0,248.04444017777777,41281.20032295174,100.0,False,9
6688,890.49,-946.0,6511.0,253.82221795555554,41299.63640387045,100.0,False,9
6689,890.543,-920.3922326212422,6471.500733302502,255.0,41303.42777777784,100.0,False,9
6690,890.783,-820.5863857823141,6315.375937055309,259.0,41320.69444444451,100.0,False,9
6691,890.95,-795.0,6275.0,260.78928365714285,41332.845300478606,100.0,False,9
6692,890.99,-795.0,6275.0,261.2178550857143,41335.76128436825,100.0,False,9
6693,891.063,-783.5380020510783,6257.077610576568,262.0,41341.07222222228,100.0,False,9
6694,891.303,-655.3297990371966,6056.54303455298,262.0,41358.53888888895,100.0,False,9
6695,891.329,-639.0,6031.0,262.710702962312,41360.460759063324,100.0,False,9
6696,891.529,-515.0,5837.0,268.177675740578,41375.511786144554,100.0,False,9
6697,891.742,-430.83209778608006,5705.044104589015,274.0,41391.951666666726,100.0,False,9
6698,891.869,-397.0,5652.0,277.968752,41401.91062731987,100.0,False,9
6699,892.062,-357.87859580067317,5590.893739220251,284.0,41417.196111111174,100.0,False,9
6700,892.302,-289.61952867917984,5484.407000903836,286.0,41436.26277777784,100.0,False,9
6701,892.369,-251.0,5424.0,286.0,41441.572500628856,100.0,False,9
6702,892.502,-150.22935784762774,5266.270167965602,286.0,41452.15166666672,100.0,False,9
6703,892.569,-106.0,5197.0,287.6750016,41457.551423861005,100.0,False,9
6704,892.822,-32.08378981359218,5080.964861049797,294.0,41478.28500000006,100.0,False,9
6705,892.869,-20.0,5062.0,294.734376,41482.164074130065,100.0,False,9
6706,893.142,89.17783581991426,4890.984853520294,299.0,41504.862777777846,100.0,False,9
6707,893.149,93.0,4885.0,299.1250011428571,41505.45010782514,100.0,False,9
6708,893.369,222.0,4683.0,303.05357257142856,41524.027680491745,100.0,False,9
6709,893.422,243.03222988683643,4650.052799748693,304.0,41528.50722222229,100.0,False,9
6710,893.782,341.32794259388265,4496.294279517674,304.0,41558.90722222229,100.0,False,9
6711,893.789,346.0,4489.0,304.1166677333333,41559.502013704565,100.0,False,9
6712,894.009,524.0,4211.0,307.7833344,41578.31900687841,100.0,False,9
6713,894.022,530.351879515871,4201.046395376454,308.0,41579.44055555562,100.0,False,9
6714,894.269,561.0,4152.0,312.6312512,41600.955008898476,100.0,False,9
6715,894.342,581.2474088699952,4120.163892337358,314.0,41607.35166666673,100.0,False,9
6716,894.649,739.0,3874.0,315.7711542153846,41634.33769920389,100.0,False,9
6717,894.862,828.0907155361211,3735.5488839666004,317.0,41653.14055555561,100.0,False,9
6718,894.869,831.0,3731.0,317.05000045714286,41653.759592279166,100.0,False,9
6719,895.142,952.2455999167541,3540.035429169532,319.0,41677.95166666673,100.0,False,9
6720,895.169,965.0,3520.0,319.11250026666664,41680.34858480066,100.0,False,9
6721,895.382,1068.7526251104389,3357.8203403654015,320.0,41699.285000000054,100.0,False,9
6722,895.45,1100.0,3309.0,320.425,41705.34293232401,100.0,False,9
6723,895.542,1139.466402532794,3247.239163189103,321.0,41713.55166666673,100.0,False,9
6724,895.702,1206.0563031660943,3142.8907086422023,322.0,41727.86277777784,100.0,False,9
6725,895.75,1229.0,3107.0,322.0,41732.15564188179,100.0,False,9
6726,895.902,1312.3565691338988,2976.815193385465,322.0,41745.75166666673,100.0,False,9
6727,896.07,1407.0,2829.0,322.5978643601781,41760.820126828665,100.0,False,9
6728,896.183,1461.5074253826383,2743.656770937669,323.0,41770.96361111117,100.0,False,9
6729,896.383,1544.1373973722548,2613.9196596448437,323.0,41788.908055555614,100.0,False,9
6730,896.49,1590.0,2542.0,323.0,41798.50813586101,100.0,False,9
6731,896.623,1650.576893569525,2447.1540359907785,323.0,41810.44138888895,100.0,False,9
6732,896.81,1724.0,2332.0,323.0,41827.21946308069,100.0,False,9
6733,896.943,1753.43925472836,2285.294142198621,323.0,41839.152500000055,100.0,False,9
6734,896.99,1767.0,2264.0,323.0,41843.369417294096,100.0,False,9
6735,897.223,1887.3091349421743,2077.298407988762,323.0,41864.274722222275,100.0,False,9
6736,897.33,1951.0,1978.0,323.0,41873.87506091895,100.0,False,9
6737,897.423,2003.8457517832587,1894.9909943867412,323.0,41882.21916666672,100.0,False,9
6738,897.49,2042.0,1835.0,323.0,41888.230302752716,100.0,False,9
6739,897.663,2145.3849667880863,1673.1578962280557,323.0,41903.75250000005,100.0,False,9
6740,897.863,2270.6983120401646,1477.600627107056,323.0,41921.6969444445,100.0,False,9
6741,897.929,2312.0,1413.0,322.81615624708076,41927.61070581188,100.0,False,9
6742,898.222,2494.381564224406,1126.955397218078,322.0,41953.807500000046,100.0,False,9
6743,898.309,2548.0,1043.0,321.7281248,41961.570412653826,100.0,False,9
6744,898.542,2682.299329327408,833.2893253199609,321.0,41982.34083333339,100.0,False,9
6745,898.569,2694.0,815.0,321.0,41984.7480948005,100.0,False,9
6746,898.702,2735.5659188046234,749.8351039179004,321.0,41996.60750000005,100.0,False,9
6747,898.869,2780.0,680.0,321.0,42011.49835374993,100.0,False,9
6748,898.902,2792.5424911876557,660.3520326947374,321.0,42014.440833333385,100.0,False,9
6749,899.062,2870.3619088198625,538.638507892735,321.0,42028.70750000005,100.0,False,9
6750,899.149,2920.0,461.0,321.0,42036.465008687774,100.0,False,9
6751,899.302,3014.995248320969,312.3429695239448,321.0,42050.10750000005,100.0,False,9
6752,899.389,3060.0,242.0,321.0,42057.86500532752,100.0,False,9
6753,899.502,3098.869053615641,181.46648714241482,321.0,42067.94083333338,100.0,False,9
6754,899.689,3152.0,99.0,321.0,42084.61500577783,100.0,False,9
6755,899.742,3176.5471107980634,60.739216993726,321.0,42089.34083333338,100.0,False,9
6756,899.869,3243.0,-43.0,321.0,42100.66500541127,100.0,False,9
6757,900.089,3335.0,-187.0,321.0,42120.28167197394,100.0,False,9
6758,900.142,3361.901440901463,-229.10660046968715,321.0,42125.00750000005,100.0,False,9
6759,900.349,3480.0,-414.0,321.0,42143.46500686775,100.0,False,9
6760,900.382,3496.507371117143,-439.8911452638277,321.0,42146.407500000045,100.0,False,9
6761,900.529,3566.0,-549.0,321.0,42159.5149938484,100.0,False,9
6762,900.702,3659.775951733036,-695.9595228833209,321.0,42174.940833333385,100.0,False,9
6763,900.709,3663.0,-701.0,321.0,42175.56500781659,100.0,False,9
6764,900.902,3727.0263384409404,-800.674982994961,321.0,42192.77416666672,100.0,False,9
6765,900.969,3749.0,-835.0,321.0,42198.748201614326,100.0,False,9
6766,901.189,3846.0,-987.0,321.0,42218.364033428414,100.0,False,9
6767,901.342,3943.6562015816235,-1138.6698431494544,321.0,42232.00750000005,100.0,False,9
6768,901.349,3949.0,-1147.0,321.0,42232.63176385647,100.0,False,9
6769,901.502,4087.223607806866,-1363.529779746714,321.0,42246.27416666671,100.0,False,9
6770,901.669,4234.0,-1594.0,320.4781248,42261.1438935632,100.0,False,9
6771,901.822,4314.130266059084,-1719.1130231013672,320.0,42274.718611111166,100.0,False,9
6772,901.982,4360.045795297998,-1790.062427193525,318.0,42288.8519444445,0.0,False,9
6773,902.05,4380.0,-1821.0,318.0,42294.85976412519,0.0,False,9
6774,902.222,4433.53121262995,-1904.3384676579915,318.0,42310.0519444445,0.0,False,9
6775,902.43,4515.0,-2032.0,318.0,42328.37628707658,0.0,False,9
6776,902.502,4550.734797320161,-2088.1947761715514,318.0,42334.78527777783,0.0,False,9
6777,902.61,4606.0,-2175.0,318.0,42344.466733923146,0.0,False,9
6778,902.662,4630.053311215565,-2212.5853636714464,318.0,42348.91861111117,0.0,False,9
6779,902.85,4703.0,-2326.0,285.88614293900554,42363.185287550295,0.0,False,9
6780,902.943,4731.435043738696,-2370.5006026771757,270.0,42369.99361111117,0.0,True,9
6781,903.09,4784.0,-2453.0,270.0,42381.02900490747,0.0,True,9
6782,903.103,4790.544316716866,-2463.244279770126,270.0,42381.99361111117,0.0,True,9
6783,903.33,4935.0,-2689.0,270.0,42398.47262532382,0.0,True,9
6784,903.423,4984.912628439251,-2766.9878399017275,270.0,42405.993611111175,0.0,True,9
6785,903.863,5095.492860367312,-2939.920864943457,320.0,42445.10472222229,0.0,True,9
6786,904.063,5120.850517328246,-2979.8007502560567,159.0,42453.93805555562,0.0,True,9
6787,904.27,5161.0,-3043.0,152.67500586666668,42462.587128471576,0.0,True,9
6788,904.423,5199.761751707281,-3104.038825508628,148.0,42468.73805555562,0.0,True,9
6789,904.569,5236.0,-3161.0,133.4000128,42474.00684536355,0.0,True,9
6790,904.623,5247.33772368313,-3178.761620718413,128.0,42475.84916666673,0.0,True,9
6791,904.783,5274.3824870405215,-3220.906408807606,116.0,42481.004722222286,0.0,True,9
6792,905.009,5290.0,-3245.0,103.24764844999531,42487.20003652972,0.0,True,9
6793,905.102,5288.562411302332,-3242.7236276367044,98.0,42489.688611111174,0.0,True,9
6794,905.129,5290.0,-3245.0,98.0,42490.425686534516,0.0,True,9
6795,905.262,5318.226370660004,-3289.600869741084,98.0,42494.04416666673,0.0,True,9
6796,905.389,5354.0,-3346.0,90.062496,42497.16391025036,0.0,True,9
6797,905.422,5361.03609537207,-3357.050577068695,88.0,42497.955277777844,0.0,True,9
6798,905.702,5389.008178133872,-3400.2038188144393,85.0,42504.566388888954,0.0,True,9
6799,905.809,5398.0,-3414.0,81.17856914285714,42506.873243635535,0.0,True,9
6800,905.982,5417.617265552526,-3444.4537540039832,75.0,42510.39972222229,0.0,True,9
6801,906.049,5425.0,-3456.0,74.1624992,42511.75128313803,0.27916693333333337,True,9
6802,906.222,5440.648568511152,-3480.73039051872,72.0,42515.19972222229,1.0,False,9
6803,906.429,5453.0,-3508.0,69.78214217142857,42519.204034167095,1.0,False,9
6804,906.502,5455.72896327764,-3519.232071827171,69.0,42520.56638888896,1.0,False,9
6805,906.662,5457.163025324718,-3545.8274177299227,65.0,42523.45527777785,0.0,False,9
6806,906.669,5457.0,-3547.0,64.92999936,42523.57986181158,0.03500032,False,9
6807,906.862,5444.782041661712,-3579.2826401843918,63.0,42526.95527777785,1.0,False,9
6808,907.009,5432.0,-3599.0,61.1624992,42529.40250940831,5.9000021333333335,False,9
6809,907.102,5424.662926812736,-3607.59589979138,60.0,42530.95527777785,9.0,False,9
6810,907.169,5418.0,-3613.0,60.74444515555555,42532.09805556152,9.0,False,9
6811,907.462,5369.954849080365,-3634.9418180840808,64.0,42537.35527777785,9.0,False,9
6812,907.509,5364.0,-3637.0,65.0281264,42538.24417908629,9.0,False,9
6813,907.689,5345.0,-3639.0,68.9656264,42541.76903385115,9.0,False,9
6814,907.782,5324.133549110122,-3635.246088071885,71.0,42543.66638888897,9.0,False,9
6815,907.909,5287.0,-3625.0,73.7781264,42546.34181656764,9.0,False,9
6816,908.102,5241.514250877177,-3605.247656970867,78.0,42550.5997222223,9.0,False,9
6817,908.109,5241.0,-3605.0,78.2625024,42550.758678138045,9.0,False,9
6818,908.229,5241.0,-3605.0,82.7625024,42553.54013571023,9.0,False,9
6819,908.262,5237.8046874720085,-3603.6196634429552,84.0,42554.33305555563,9.0,False,9
6820,908.502,5162.113016385406,-3568.5947947541995,91.0,42560.3997222223,56.0,False,9
6821,908.51,5159.0,-3567.0,91.0,42560.60171024618,56.125,False,9
6822,908.77,5055.0,-3508.0,91.0,42567.116673330085,60.1875,False,9
6823,908.822,5036.302282566783,-3496.461957134579,91.0,42568.488611111185,61.0,False,9
6824,908.982,4985.387479536082,-3463.0693873174796,102.0,42573.02194444452,61.0,False,9
6825,909.17,4947.0,-3436.0,117.22740522223738,42579.5071474635,81.49843010685801,False,9
6826,909.303,4937.529289572476,-3428.2409745927425,128.0,42584.435277777855,96.0,False,9
6827,909.45,4924.0,-3417.0,130.09999725714286,42589.8601381894,98.09999725714286,False,9
6828,909.583,4889.085889836996,-3390.9275611225403,132.0,42594.70194444452,100.0,False,9
6829,909.69,4851.0,-3364.0,132.0,42598.52220200841,100.0,False,9
6830,909.823,4797.073151456693,-3328.3175477355467,132.0,42603.50194444452,100.0,False,9
6831,910.03,4711.0,-3267.0,151.96069577142856,42612.54024384101,100.0,False,9
6832,910.103,4684.977141278561,-3243.3343766311314,159.0,42615.86861111119,100.0,False,9
6833,910.23,4648.0,-3204.0,161.72142445714286,42621.66917343331,100.0,False,9
6834,910.383,4624.959976060307,-3173.4249636002464,165.0,42628.701944444525,100.0,False,9
6835,910.41,4624.0,-3172.0,165.48213942857143,42629.95174597412,100.0,False,9
6836,910.49,4624.0,-3172.0,166.91071085714285,42633.6703464587,100.0,False,9
6837,910.663,4575.2270035345355,-3104.0469124559154,170.0,42641.924166666744,100.0,False,9
6838,910.81,4513.0,-3017.0,177.3499904,42649.33575717475,100.0,False,9
6839,910.943,4466.9912180348165,-2952.171828455818,184.0,42656.23527777785,100.0,False,9
6840,911.129,4421.0,-2887.0,188.6499968,42666.01772312525,100.0,False,9
6841,911.183,4412.2090293795,-2874.579876528955,190.0,42668.901944444515,100.0,False,9
6842,911.343,4394.235282701046,-2849.345300845225,195.0,42677.56861111118,100.0,False,9
6843,911.469,4340.0,-2773.0,196.34999862857143,42684.45659088681,100.0,False,9
6844,911.609,4230.0,-2618.0,197.84999862857143,42692.18871975482,100.0,False,9
6845,911.623,4220.186307031526,-2604.1668186012325,198.0,42692.96861111118,100.0,False,9
6846,911.862,4126.3379932723365,-2471.711377349396,203.0,42706.44555555562,100.0,False,9
6847,912.109,4091.0,-2422.0,205.3156256,42720.56035012724,100.0,False,9
6848,912.182,4077.377524412439,-2402.9905114035405,206.0,42724.75666666673,100.0,False,9
6849,912.382,4023.7251157669652,-2327.8453799473527,208.0,42736.31222222229,100.0,False,9
6850,912.389,4021.0,-2324.0,208.05833386666666,42736.718989540066,100.0,False,9
6851,912.742,3839.8499998103375,-2067.044064661416,211.0,42757.41222222229,100.0,False,9
6852,912.749,3837.0,-2063.0,211.02916693333333,42757.824151501685,100.0,False,9
6853,912.982,3775.0579446703964,-1975.2300019743527,212.0,42771.54555555562,100.0,False,9
6854,913.149,3722.0,-1899.0,212.0,42781.380373211054,100.0,False,9
6855,913.302,3650.383869500956,-1795.447673302012,212.0,42790.390000000065,100.0,False,9
6856,913.309,3648.0,-1792.0,212.0,42790.80221747568,100.0,False,9
6857,913.469,3614.0,-1743.0,212.0,42800.224425702254,100.0,False,9
6858,913.542,3588.2692221413545,-1706.1438287760166,212.0,42804.523333333396,100.0,False,9
6859,913.702,3504.044987867363,-1585.539306567961,212.0,42813.94555555562,100.0,False,9
6860,913.769,3471.0,-1538.0,212.0,42817.891094388244,101.34000128,False,9
6861,913.902,3415.2384273390617,-1457.2274443960982,212.0,42825.7233333334,104.0,True,9
6862,914.062,3363.8070972915953,-1381.9299597450652,212.0,42835.145555555624,104.0,True,9
6863,914.169,3335.0,-1340.0,212.0,42841.44537601089,104.0,True,9
6864,914.382,3289.5410464542047,-1274.7935939952922,212.0,42853.99000000006,104.0,True,9
6865,914.529,3266.0,-1241.0,212.0,42862.6598087146,104.0,True,9
6866,914.702,3242.7969437206225,-1206.9977607935725,212.0,42872.83444444451,104.0,True,9
6867,914.729,3238.0,-1200.0,211.740384,42874.414887281666,98.5999872,True,9
6868,914.949,3181.0,-1118.0,209.6249993846154,42887.216526406846,54.5999872,True,9
6869,915.11,3129.0,-1045.0,208.07692307692307,42896.441033007504,22.400000000000002,True,9
6870,915.222,3105.681262992551,-1011.8124526044146,207.0,42902.73444444451,0.0,True,9
6871,915.382,3084.2075646551643,-980.7200265467543,199.0,42911.57888888895,0.0,True,9
6872,915.39,3083.0,-979.0,199.0,42912.02050772655,0.0,True,9
6873,915.582,3045.3361654347777,-936.3997411089241,199.0,42922.634444444506,0.0,True,9
6874,915.59,3043.0,-935.0,199.0,42923.07641200047,0.7437638485200478,True,9
6875,915.87,2929.0,-915.0,199.0,42938.52049476696,26.775498546721725,True,9
6876,916.023,2871.1949345545313,-925.7643497402947,199.0,42947.01194444451,41.0,True,9
6877,916.07,2850.0,-931.0,199.0,42949.6345719325,41.0,True,9
6878,916.23,2763.0,-952.0,199.0,42958.612065773465,41.0,True,9
6879,916.423,2677.706922951212,-972.3491822078626,199.0,42969.12305555562,41.0,False,9
6880,916.43,2675.0,-973.0,198.71364421818183,42969.491615728184,41.93861061818182,False,9
6881,916.65,2588.0,-994.0,189.71364421818183,42980.624447881295,71.43861061818183,False,9
6882,916.81,2490.0,-1017.0,183.16818967272727,42988.560512581935,92.89315607272728,False,9
6883,916.863,2458.1989871925084,-1024.4198462804645,181.0,42991.245277777845,100.0,False,9
6884,917.09,2335.0,-1053.0,187.62082773333333,43003.08093953776,100.0,False,9
6885,917.103,2328.2360007219427,-1054.5618653745476,188.0,43003.77861111117,100.0,False,9
6886,917.383,2189.820664566793,-1086.2959363630684,200.0,43019.33416666673,100.0,False,9
6887,917.43,2169.0,-1091.0,201.5107081142857,43022.029636943975,100.0,False,9
6888,917.663,2065.0850398735734,-1114.0977093130123,209.0,43035.589722222285,100.0,False,9
6889,917.67,2061.0,-1115.0,209.0,43035.9958115229,100.0,False,9
6890,917.823,1951.512117913025,-1139.1564719539945,209.0,43044.87861111117,100.0,False,9
6891,917.949,1866.0,-1158.0,213.7249952,43052.377176169866,100.0,False,9
6892,917.983,1848.069981880868,-1161.9471973898326,215.0,43054.434166666724,100.0,False,9
6893,918.263,1745.7947097536455,-1184.2413512582216,224.0,43071.856388888955,100.0,False,9
6894,918.309,1719.0,-1190.0,225.3472776681059,43074.77609453917,100.0,False,9
6895,918.502,1562.2378332610115,-1223.6033459042123,231.0,43087.192222222286,100.0,False,9
6896,918.569,1514.0,-1234.0,232.6750016,43091.57819606652,100.0,False,9
6897,918.742,1435.042668369014,-1251.3156415829926,237.0,43102.99222222229,100.0,False,9
6898,918.869,1378.0,-1264.0,237.0,43111.326697343524,100.0,False,9
6899,918.902,1358.865606476938,-1268.2379870358611,237.0,43113.52555555563,100.0,False,9
6900,919.049,1260.0,-1290.0,243.12500266666666,43123.581086820246,100.0,False,9
6901,919.142,1199.1880758284763,-1303.1534589942146,247.0,43129.992222222296,100.0,False,9
6902,919.302,1102.0637079274138,-1323.9103051493682,247.0,43140.970000000074,100.0,False,9
6903,919.369,1065.0,-1332.0,249.63214537142858,43145.67641680957,100.0,False,9
6904,919.569,957.0,-1356.0,257.4892882285714,43160.09380413621,100.0,False,9
6905,919.582,948.4292355364781,-1357.8563570190488,258.0,43161.03666666674,100.0,False,9
6906,919.742,826.4982848123448,-1383.8281271992134,262.0,43172.68111111118,100.0,False,9
6907,919.749,821.0,-1385.0,262.07000064,43173.19338247952,100.0,False,9
6908,920.142,520.2158671976822,-1450.1463965807147,266.0,43202.236666666744,100.0,False,9
6909,920.382,335.6658535380131,-1490.9855195846433,266.0,43219.97000000007,100.0,False,10
6910,920.582,148.5874274743417,-1532.1025739402544,272.0,43235.08111111118,100.0,False,10
6911,920.749,-34.0,-1572.0,272.0,43247.67781985973,100.0,False,10
6912,920.822,-121.35361832133171,-1591.0308785826608,272.0,43253.214444444515,100.0,False,10
6913,921.009,-328.0,-1636.0,275.1166677333333,43267.547699384115,100.0,False,10
6914,921.062,-365.47874343762516,-1644.1781195111898,276.0,43271.614444444516,100.0,False,10
6915,921.262,-434.6145808436546,-1659.3849555815314,276.0,43286.947777777845,100.0,False,10
6916,921.349,-474.0,-1668.0,277.2428580571429,43293.68309329562,100.0,False,10
6917,921.542,-614.8616974583939,-1698.6639885762222,280.0,43308.725555555626,100.0,False,10
6918,921.549,-621.0,-1700.0,280.0,43309.27039138975,100.0,False,10
6919,921.782,-858.177076921977,-1751.6520307718156,280.0,43327.39222222229,100.0,False,10
6920,921.95,-1002.0,-1783.0,280.7493308261628,43340.53921434609,100.0,False,10
6921,922.29,-1158.0,-1817.0,282.2658336886351,43367.40872637861,100.0,False,10
6922,922.47,-1305.0,-1849.0,283.06868814523807,43381.74483096207,100.0,False,10
6923,922.67,-1471.0,-1886.0,283.9607486525747,43397.64941582265,100.0,False,10
6924,922.87,-1627.0,-1920.0,284.8528091599114,43413.5221107075,100.0,False,10
6925,922.903,-1652.2368790387882,-1925.4925247073054,285.0,43416.138055555624,100.0,False,10
6926,923.07,-1783.0,-1954.0,285.0,43429.36293814709,100.0,False,10
6927,923.223,-1920.7546141204375,-1983.896783895834,285.0,43441.47138888895,100.0,False,10
6928,923.35,-2018.0,-2005.0,285.0,43451.52434308648,100.0,False,10
6929,923.49,-2096.0,-2022.0,285.0,43462.60831759247,100.0,False,10
6930,923.623,-2233.1961475090384,-2051.828888557439,285.0,43473.138055555624,100.0,False,10
6931,923.71,-2340.0,-2075.0,285.0,43480.025681835665,100.0,False,10
6932,923.93,-2585.0,-2128.0,285.0,43497.44221354329,100.0,False,10
6933,923.943,-2595.078079595997,-2130.180965700655,285.0,43498.47138888895,100.0,True,10
6934,924.143,-2673.454604339598,-2147.2091590817795,285.0,43514.30472222229,100.0,True,10
6935,924.29,-2741.0,-2162.0,285.0,43525.942326476244,100.0,True,10
6936,924.343,-2782.257242387377,-2171.0231972356346,285.0,43530.13805555562,100.0,True,10
6937,924.503,-2949.832024474197,-2207.6694780300213,285.0,43542.80472222229,100.0,True,10
6938,924.609,-3024.0,-2224.0,285.0,43551.20019949122,100.0,True,10
6939,924.703,-3046.5313161925874,-2229.1269798350713,285.0,43558.63805555562,100.0,True,10
6940,924.769,-3073.0,-2235.0,285.0,43563.85113748747,100.0,True,10
6941,925.029,-3395.0,-2305.0,285.0,43584.41707715286,100.0,True,10
6942,925.063,-3435.601720387772,-2313.8647822089392,285.0,43587.13805555562,100.0,True,10
6943,925.449,-3718.0,-2376.0,292.0341693087939,43618.54260549188,91.20728836400767,True,10
6944,925.502,-3735.1976797772804,-2379.6288211340493,293.0,43622.867777777836,90.0,False,10
6945,925.669,-3776.0,-2388.0,293.0,43636.46707493103,90.0,False,10
6946,925.822,-3841.2982852221035,-2402.318196034495,293.0,43648.91222222229,90.0,False,10
6947,925.982,-3957.724470005671,-2428.0529521810713,290.0,43661.80111111117,100.0,False,10
6948,926.049,-4031.0,-2444.0,282.62999296,43666.937659696436,100.0,False,10
6949,926.182,-4215.562410070269,-2483.8939731304627,268.0,43676.69000000006,100.0,True,10
6950,926.249,-4294.0,-2501.0,263.25416213333335,43681.465374335436,72.08330666666667,True,10
6951,926.422,-4385.36590267805,-2522.05557205868,251.0,43693.4233333334,0.0,True,10
6952,926.549,-4441.0,-2533.0,242.2687456,43701.9175825105,0.0,True,10
6953,926.582,-4463.697886014756,-2537.030085728888,240.0,43704.09000000006,0.0,True,10
6954,926.822,-4693.811767036253,-2571.8932382451444,231.0,43719.49000000006,0.0,True,10
6955,926.849,-4717.0,-2574.0,230.69999928888888,43721.18053835195,0.0,True,10
6956,927.182,-4906.96430893737,-2558.501578946783,227.0,43742.19000000007,0.0,True,10
6957,927.289,-4955.0,-2546.0,227.0,43749.55246156002,0.0,True,10
6958,927.342,-4979.061426790156,-2539.3793651426317,227.0,43752.278888888955,0.0,True,10
6959,927.549,-5079.0,-2506.0,80.1593296,43753.434804194854,0.0,True,10
6960,927.662,-5142.584304798587,-2476.848071270863,0.0,43752.278888888955,0.0,True,10
6961,927.729,-5178.0,-2459.0,0.0,43752.031194838615,0.0,True,10
6962,927.902,-5248.587515209098,-2418.8815600059174,0.0,43752.278888888955,0.0,True,10
6963,928.069,-5318.0,-2364.0,0.0,43752.28656670807,0.0,True,10
6964,928.102,-5335.211206807658,-2348.546352228468,0.0,43752.278888888955,0.0,False,10
6965,928.29,-5435.0,-2254.0,0.0,43752.27128254188,0.0,False,10
6966,928.422,-5464.327849877032,-2228.20404789369,0.0,43752.278888888955,0.0,False,10
6967,928.63,-5492.0,-2185.0,0.0,43752.28204651415,0.0,False,10
6968,928.85,-5587.0,-2021.0,0.0,43752.27916152208,0.0,False,10
6969,928.902,-5600.572264638821,-1996.3551542903,0.0,43752.278888888955,0.0,False,10
6970,929.063,-5610.538157545243,-1971.7001429075701,0.0,43752.278888888955,0.0,False,10
6971,929.17,-5614.0,-1956.0,0.0,43752.278897447155,0.0,False,10
6972,929.223,-5617.697742206037,-1943.1805536731656,0.0,43752.278888888955,0.0,False,10
6973,929.423,-5640.677863976628,-1865.7995225669065,0.0,43752.278888888955,0.0,False,10
6974,929.49,-5648.0,-1831.0,0.0,43752.27888977433,0.0,False,10
6975,929.663,-5662.383258600048,-1723.264448981163,0.0,43752.278888888955,0.0,False,10
6976,929.71,-5664.0,-1692.0,0.0,43752.27888878039,0.0,False,10
6977,929.863,-5661.200024156773,-1590.0049188181833,0.0,43752.278888888955,0.0,False,10
6978,929.91,-5659.0,-1562.0,0.0,43752.27888891336,0.0,False,10
6979,930.143,-5643.230098759785,-1459.4919139257768,0.0,43752.278888888955,0.0,False,10
6980,930.343,-5627.068637642326,-1402.7678960991552,0.0,43752.278888888955,0.0,False,10
6981,930.37,-5625.0,-1396.0,0.0,43752.27888888933,0.0,False,10
6982,930.543,-5612.3541017363095,-1357.5861454852763,0.0,43752.278888888955,0.0,False,10
6983,930.69,-5598.0,-1321.0,0.0,43752.27888888887,0.0,False,10
6984,930.783,-5585.37906078963,-1291.5835976939727,0.0,43752.278888888955,0.0,False,10
6985,930.949,-5546.0,-1224.0,0.0,43752.27888888898,0.0,False,10
6986,931.063,-5496.125371973098,-1163.8328363869964,0.0,43752.278888888955,0.0,False,10
6987,931.129,-5468.0,-1133.0,0.0,43752.27888888895,0.0,False,10
6988,931.423,-5398.08173061932,-1076.21278601862,0.0,43752.278888888955,0.0,False,10
6989,931.509,-5381.0,-1067.0,0.0,43752.27888888895,0.0,False,10
6990,931.623,-5355.323985139881,-1053.0938464993717,0.0,43752.278888888955,0.0,False,10
6991,931.783,-5316.183241718874,-1032.8757486915251,0.0,43752.278888888955,0.0,False,10
6992,931.809,-5310.0,-1030.0,0.0,43752.278888888955,0.0,False,10
6993,931.942,-5279.042147073149,-1017.1620827808921,0.0,43752.278888888955,0.0,False,10
6994,932.029,-5254.0,-1009.0,0.0,43752.27888888897,0.0,False,10
6995,932.102,-5227.636702946531,-1001.639257435763,0.0,43752.278888888955,0.0,False,10
6996,932.229,-5176.0,-990.0,0.0,43752.278888888955,0.0,False,10
6997,932.422,-5117.430454724997,-983.0415485859287,0.0,43752.278888888955,0.0,False,10
6998,932.429,-5117.0,-983.0,0.0,43752.27888888895,0.0,False,10
6999,932.489,-5117.0,-983.0,0.0,43752.27888888895,0.0,False,10
7000,932.662,-5070.873373209526,-980.5946885260862,0.0,43752.278888888955,0.0,False,10
7001,932.749,-5037.0,-981.0,0.0,43752.27888888895,0.0,False,10
7002,932.942,-4967.681970446578,-990.1184866384978,0.0,43752.278888888955,0.0,False,10
7003,933.009,-4948.0,-994.0,0.0,43752.278888888955,0.0,False,10
7004,933.102,-4925.644488037946,-999.056237237378,0.0,43752.278888888955,0.0,False,10
7005,933.329,-4882.0,-1015.0,0.0,43752.278888888955,0.0,False,10
7006,933.502,-4837.6201755066795,-1039.0234534981596,0.0,43752.278888888955,0.0,False,10
7007,933.662,-4805.418635582686,-1057.8593345973184,0.0,43752.278888888955,0.0,False,10
7008,933.709,-4803.0,-1059.0,0.0,43752.27888888896,0.0,False,10
7009,933.789,-4803.0,-1059.0,0.0,43752.27888888896,0.0,False,10
7010,934.029,-4738.0,-1121.0,0.0,43752.278888888955,0.0,False,10
7011,934.062,-4730.680789894404,-1128.6672656594474,0.0,43752.278888888955,0.0,False,10
7012,934.302,-4709.9279039798985,-1161.027132095152,0.0,43752.278888888955,0.0,False,10
7013,934.369,-4706.0,-1171.0,0.0,43752.27888888896,0.0,False,10
7014,934.729,-4679.0,-1256.0,0.0,43752.278888888955,0.0,False,10
7015,934.742,-4678.441690356755,-1259.8435230814891,0.0,43752.278888888955,0.0,False,10
7016,934.93,-4675.0,-1316.0,0.0,43752.278888888955,0.0,False,10
7017,935.102,-4676.848271385254,-1350.4077386957736,0.0,43752.278888888955,0.0,False,10
7018,935.262,-4684.422010072094,-1382.900298091089,0.0,43752.278888888955,0.0,False,10
7019,935.27,-4685.0,-1385.0,0.0,43752.27888888894,0.0,False,10
7020,935.422,-4699.434218986206,-1432.919886817587,0.0,43752.278888888955,0.0,False,10
7021,935.51,-4709.0,-1461.0,0.0,43752.278888888955,0.0,False,10
7022,935.663,-4725.941306635019,-1503.1192505197316,0.0,43752.278888888955,0.0,False,10
7023,935.71,-4732.0,-1516.0,0.0,43752.27888888895,0.0,False,10
7024,935.87,-4755.0,-1560.0,0.0,43752.27888888894,0.0,False,10
7025,935.983,-4766.670452759524,-1582.2099283056496,0.0,43752.278888888955,0.0,False,10
7026,936.25,-4785.0,-1624.0,0.0,43752.27888888897,0.0,False,10
7027,936.303,-4789.995346325309,-1637.2710715447433,0.0,43752.278888888955,0.0,False,10
7028,936.45,-4804.0,-1680.0,0.0,43752.278888888955,0.0,False,10
7029,936.463,-4804.918350954268,-1683.7127333246713,0.0,43752.278888888955,0.0,False,10
7030,936.623,-4811.44971833848,-1727.2531558250334,0.0,43752.278888888955,0.0,False,10
7031,936.67,-4812.0,-1739.0,0.0,43752.278888888955,0.0,False,10
7032,936.823,-4810.085717295689,-1773.8442516142452,0.0,43752.278888888955,0.0,False,10
7033,936.89,-4808.0,-1789.0,0.0,43752.27888888896,0.0,False,10
7034,937.09,-4797.0,-1838.0,0.0,43752.27888888895,0.0,False,10
7035,937.103,-4795.8035209136515,-1841.490368925513,0.0,43752.278888888955,0.0,False,10
7036,937.303,-4769.943638467061,-1898.6720811276898,0.0,43752.278888888955,0.0,False,10
7037,937.41,-4760.0,-1919.0,0.0,43752.278888888955,0.0,False,10
7038,937.543,-4754.836904097651,-1929.3289818806963,0.0,43752.278888888955,0.0,False,10
7039,937.589,-4749.0,-1936.0,0.0,43752.27888888896,0.0,False,10
7040,937.809,-4686.0,-2000.0,0.0,43752.27888888896,0.0,False,10
7041,937.823,-4682.609167819367,-2003.233845393183,0.0,43752.278888888955,0.0,False,10
7042,938.183,-4636.091852850252,-2030.64175122555,0.0,43752.278888888955,0.0,False,10
7043,938.189,-4635.0,-2031.0,0.0,43752.278888888955,0.0,False,10
7044,938.503,-4555.663462384591,-2056.5507571432304,0.0,43752.278888888955,0.0,False,10
7045,938.529,-4550.0,-2058.0,0.0,43752.278888888955,0.0,False,10
7046,938.862,-4500.972207711015,-2062.9663331991223,0.0,43752.278888888955,0.0,False,10
7047,938.869,-4500.0,-2063.0,0.0,43752.27888888895,0.0,False,10
7048,939.089,-4460.0,-2061.0,0.0,43752.27888888895,0.0,False,10
7049,939.142,-4443.322206435349,-2057.222092686719,0.0,43752.278888888955,0.0,False,10
7050,939.302,-4378.668048456699,-2037.9748110197925,0.0,43752.278888888955,0.0,False,10
7051,939.369,-4356.0,-2030.0,0.0,43752.27888888896,0.0,False,10
7052,939.542,-4319.160912766294,-2012.850934284097,0.0,43752.278888888955,0.0,False,10
7053,939.782,-4292.962444544001,-1984.2265151240592,0.0,43752.278888888955,0.0,False,10
7054,939.789,-4292.0,-1983.0,0.0,43752.27888888897,0.0,False,10
7055,940.862,-4087.4615964849877,-1659.1795936444832,0.0,43752.278888888955,0.0,False,10
7056,940.889,-4086.0,-1655.0,0.0,43752.27888888896,0.0,False,10
7057,940.949,-4083.0,-1645.0,0.0,43752.278888888955,0.0,False,10
7058,941.102,-4056.4034453732606,-1566.3003327541373,0.0,43752.278888888955,0.0,False,10
7059,941.149,-4048.0,-1541.0,0.0,43752.27888888896,0.0,False,10
7060,941.342,-4028.2894040179413,-1473.8671020571055,0.0,43752.278888888955,0.0,False,10
7061,941.49,-4022.0,-1414.0,0.0,43752.27888888896,0.0,False,10
7062,941.542,-4020.395469096079,-1383.18219988081,0.0,43752.278888888955,0.0,False,10
7063,941.71,-4021.0,-1264.0,0.0,43752.27888888894,0.0,False,10
7064,941.822,-4031.5902562251035,-1191.8529343810876,0.0,43752.278888888955,0.0,False,10
7065,941.87,-4037.0,-1165.0,0.0,43752.27888888894,0.0,False,10
7066,941.982,-4049.212213703377,-1114.0045555211004,0.0,43752.278888888955,0.0,False,10
7067,942.183,-4072.855256004223,-1053.335140484487,0.0,43752.278888888955,0.0,False,10
7068,942.29,-4093.0,-1016.0,0.0,43752.27888888895,0.0,False,10
7069,942.423,-4126.839464407432,-960.0022010241512,0.0,43752.278888888955,0.0,False,10
7070,942.57,-4175.0,-891.0,0.0,43752.27888888895,0.0,False,10
7071,942.743,-4242.309738282495,-810.1965234160514,0.0,43752.278888888955,0.0,False,10
7072,942.77,-4252.0,-799.0,0.0,43752.278888888955,0.0,False,10
7073,942.97,-4324.0,-716.0,0.0,43752.27888888896,0.0,False,10
7074,942.983,-4330.864671368815,-707.9779691771627,0.0,43752.278888888955,0.0,False,10
7075,943.13,-4415.0,-609.0,0.0,43752.27888888895,0.0,False,10
7076,943.143,-4419.528295400365,-603.6417271417581,0.0,43752.278888888955,0.0,False,10
7077,943.29,-4447.0,-571.0,0.0,43752.27888888896,0.0,False,10
7078,943.303,-4451.383131858659,-565.8680570426862,0.0,43752.278888888955,0.0,False,10
7079,943.45,-4525.0,-480.0,0.0,43752.27888888895,0.0,False,10
7080,943.503,-4548.739707835303,-452.2174366579444,0.0,43752.278888888955,0.0,False,10
7081,943.79,-4648.0,-335.0,0.0,43752.278888888955,0.0,False,10
7082,943.823,-4662.293752997732,-318.1364806182001,0.0,43752.278888888955,0.0,False,10
7083,943.97,-4732.0,-236.0,0.0,43752.278888888955,0.0,False,10
7084,944.07,-4777.0,-183.0,0.0,43752.278888888955,0.0,False,10
7085,944.143,-4814.108690362253,-139.26331925850292,0.0,43752.278888888955,0.0,False,10
7086,944.309,-4907.0,-30.0,0.0,43752.27888888896,0.0,False,10
7087,944.383,-4945.93805039397,15.458959834257717,0.0,43752.278888888955,0.0,False,10
7088,944.583,-5041.010959869861,125.50852584141853,0.0,43752.278888888955,0.0,False,10
7089,944.669,-5076.0,166.0,0.0,43752.27888888895,0.0,False,10
7090,944.943,-5166.043137461897,270.70842542650837,0.0,43752.278888888955,0.0,False,10
7091,944.969,-5174.0,280.0,0.0,43752.27888888894,0.0,False,10
7092,945.223,-5264.637033121655,386.39364961700556,0.0,43752.278888888955,0.0,False,10
7093,945.289,-5310.0,440.0,0.0,43752.278888888955,0.0,False,10
7094,945.449,-5452.0,608.0,0.0,43752.278888888955,0.0,False,10
7095,945.462,-5460.8287661483655,618.4208604442381,0.0,43752.278888888955,0.0,False,10
7096,945.789,-5543.0,714.0,0.0,43752.278888888955,0.0,False,10
7097,945.902,-5591.603327505621,771.2919939551043,0.0,43752.278888888955,0.0,False,10
7098,945.989,-5634.0,821.0,0.0,43752.278888888955,0.0,False,10
7099,946.269,-5777.0,988.0,0.0,43752.27888888896,0.0,False,10
7100,946.302,-5803.242023700647,1019.7463480658397,0.0,43752.278888888955,0.0,False,10
7101,946.489,-5966.0,1221.0,0.0,43752.27888888895,0.0,False,10
7102,946.742,-6026.191624113987,1316.7247262231815,0.0,43752.278888888955,0.0,False,10
7103,946.829,-6038.0,1352.0,0.0,43752.27888888895,0.0,False,10
7104,947.062,-6098.8144872472385,1521.46872884757,0.0,43752.278888888955,0.0,False,10
7105,947.109,-6112.0,1559.0,0.0,43752.27888888896,0.0,False,10
7106,947.302,-6161.704650573507,1706.9749036692428,0.0,43752.278888888955,0.0,False,10
7107,947.509,-6209.0,1853.0,0.0,43752.27888888896,0.0,False,10
7108,947.622,-6233.089177114546,1926.3831731552943,0.0,43752.278888888955,0.0,False,10
7109,947.729,-6256.0,1996.0,0.0,43752.27888888896,0.0,False,10
7110,947.929,-6303.0,2138.0,0.0,43752.278888888955,0.0,False,10
7111,947.942,-6306.39025391846,2147.934556331075,0.0,43752.278888888955,0.0,False,10
7112,948.17,-6369.0,2338.0,0.0,43752.27888888896,0.0,False,10
7113,948.302,-6398.937580453735,2462.7740037629683,0.0,43752.278888888955,0.0,False,10
7114,948.502,-6439.609859999508,2609.2064500624824,0.0,43752.278888888955,0.0,False,10
7115,948.57,-6457.0,2604.0,0.0,43752.27888888896,0.0,False,10
7116,948.783,-6516.996589861979,2447.7407525831977,0.0,43752.278888888955,0.0,False,10
7117,948.89,-6492.0,2708.0,0.0,43752.278888888955,0.0,False,10
7118,948.983,-6419.72636065723,3266.1994202384794,0.0,43752.278888888955,0.0,False,10
7119,949.143,-6516.65145572736,2994.326539278045,0.0,43752.278888888955,0.0,False,10
7120,949.15,-6542.0,2860.0,0.0,43752.278888888955,0.0,False,10
7121,949.343,-7870.556634300147,-4510.869527925906,0.0,43752.278888888955,0.0,False,10
7122,949.43,-8325.0,-7058.0,0.0,43752.27888888896,0.0,False,10
7123,949.663,-8329.9624887082,-7085.814480659248,0.0,43752.278888888955,0.0,False,10
7124,949.67,-8325.0,-7058.0,0.0,43752.27888888896,0.0,False,10
7125,949.863,-8298.782409260593,-6911.051822697717,0.0,43752.278888888955,0.0,False,10
7126,950.01,-8325.0,-7058.0,0.0,43752.278888888955,0.0,False,10
7127,950.023,-8325.98273172316,-7063.508158126761,0.0,43752.278888888955,0.0,False,10
7128,950.19,-8325.0,-7058.0,0.0,43752.278888888955,0.0,False,10
7129,950.463,-8323.85885113843,-7051.60392238534,0.0,43752.278888888955,0.0,False,10
7130,950.67,-8325.0,-7058.0,0.0,43752.27888888896,0.0,False,10
7131,950.743,-8325.156088885762,-7058.87486975778,0.0,43752.278888888955,0.0,False,10
7132,950.903,-8325.090632915748,-7058.507992588068,0.0,43752.278888888955,0.0,False,10
7133,951.029,-8325.0,-7058.0,0.0,43752.278888888955,0.0,False,10
7134,951.143,-8324.98716428996,-7057.928056539843,0.0,43752.278888888955,0.0,False,10
7135,951.249,-8325.0,-7058.0,0.0,43752.27888888897,0.0,False,10
7136,951.423,-8325.006174791404,-7058.034609371664,0.0,43752.278888888955,0.0,False,10
7137,951.669,-8325.0,-7058.0,0.0,43752.278888888955,0.0,False,10
7138,951.823,-8324.999950231622,-7057.999721050932,0.0,43752.278888888955,0.0,False,10
7139,951.849,-8325.0,-7058.0,0.0,43752.27888888895,0.0,False,10
7140,952.029,-8325.0,-7058.0,0.0,43752.27888888895,0.0,False,10
7141,952.063,-8324.999991561628,-7057.999952703383,0.0,43752.278888888955,0.0,False,10
7142,952.269,-8325.0,-7058.0,0.0,43752.278888888955,0.0,False,10
7143,952.489,-8325.0,-7058.0,0.0,43752.27888888895,0.0,False,10
7144,952.502,-8324.999999863687,-7057.999999235986,0.0,43752.278888888955,0.0,False,10
7145,952.869,-8325.0,-7058.0,0.0,43752.278888888955,0.0,False,10
7146,952.942,-8325.000000054562,-7058.000000305825,0.0,43752.278888888955,0.0,False,10
7147,953.089,-8325.0,-7058.0,0.0,43752.27888888897,0.0,False,10
7148,953.142,-8324.99999999025,-7057.999999945362,0.0,43752.278888888955,0.0,False,10
7149,953.349,-8325.0,-7058.0,0.0,43752.278888888955,0.0,False,10
7150,953.542,-8325.000000000058,-7058.000000000325,0.0,43752.278888888955,0.0,False,10
7151,953.549,-8325.0,-7058.0,0.0,43752.278888888955,0.0,False,10
7152,953.742,-8324.999999999785,-7057.9999999987895,0.0,43752.278888888955,0.0,False,10
7153,953.849,-8325.0,-7058.0,0.0,43752.27888888896,0.0,False,10
7154,954.022,-8325.00000000003,-7058.000000000167,0.0,43752.278888888955,0.0,False,10
7155,954.109,-8325.0,-7058.0,0.0,43752.278888888955,0.0,False,10
7156,954.342,-8324.999999999987,-7057.999999999937,0.0,43752.278888888955,0.0,False,10
7157,954.502,-8325.0,-7057.999999999999,0.0,43752.278888888955,0.0,False,10
7158,954.509,-8325.0,-7058.0,0.0,43752.278888888955,0.0,False,10
7159,954.73,-8325.0,-7058.0,0.0,43752.27888888895,0.0,False,10
7160,954.902,-8325.000000000002,-7058.0,0.0,43752.278888888955,0.0,False,10
7161,954.99,-8325.0,-7058.0,0.0,43752.278888888955,0.0,False,10
7162,955.15,-8325.0,-7058.0,0.0,43752.278888888955,0.0,False,10
7163,955.182,-8324.999999999998,-7057.999999999999,0.0,43752.278888888955,0.0,False,10
7164,955.343,-8325.0,-7057.999999999999,0.0,43752.278888888955,0.0,False,10
7165,955.41,-8325.0,-7058.0,0.0,43752.27888888895,0.0,False,10
7166,955.543,-8325.0,-7058.0,0.0,43752.278888888955,0.0,False,10
7167,955.57,-8325.0,-7058.0,0.0,43752.27888888894,0.0,False,10
7168,955.783,-8325.0,-7058.0,0.0,43752.278888888955,0.0,False,10
7169,955.85,-8325.0,-7058.0,0.0,43752.27888888896,0.0,False,10
7170,956.03,-8325.0,-7058.0,0.0,43752.278888888955,0.0,False,10
7171,956.063,-8325.000000000002,-7058.0,0.0,43752.278888888955,0.0,False,10
7172,956.263,-8325.000000000002,-7058.000000000001,0.0,43752.278888888955,0.0,False,10
7173,956.27,-8325.0,-7058.0,0.0,43752.27888888896,0.0,False,10
7174,956.543,-8325.0,-7058.000000000001,0.0,43752.278888888955,0.0,False,10
7175,956.55,-8325.0,-7058.0,0.0,43752.27888888894,0.0,False,10
7176,956.743,-8325.000000000002,-7058.000000000001,0.0,43752.278888888955,0.0,False,10
7177,956.75,-8325.0,-7058.0,0.0,43752.27888888895,0.0,False,10
7178,957.05,-8325.0,-7058.0,0.0,43752.278888888955,0.0,False,10
7179,957.103,-8325.0,-7058.0,0.0,43752.278888888955,0.0,False,10
7180,957.15,-8325.0,-7058.0,0.0,43752.27888888895,0.0,False,10
7181,957.263,-8325.000000000002,-7058.000000000001,0.0,43752.278888888955,0.0,False,10
7182,957.469,-8325.0,-7058.0,0.0,43752.278888888955,0.0,False,10
7183,957.503,-8325.0,-7058.000000000001,0.0,43752.278888888955,0.0,False,10
7184,957.823,-8324.999999999998,-7057.999999999999,0.0,43752.278888888955,0.0,False,10
7185,957.889,-8325.0,-7058.0,0.0,43752.278888888955,0.0,False,10
7186,957.983,-8325.0,-7058.000000000001,0.0,43752.278888888955,0.0,False,10
7187,958.069,-8325.0,-7058.0,0.0,43752.278888888955,0.0,False,10
7188,958.223,-8325.0,-7058.000000000001,0.0,43752.278888888955,0.0,False,10
7189,958.349,-8325.0,-7058.0,0.0,43752.27888888895,0.0,False,10
7190,958.543,-8325.0,-7058.0,0.0,43752.278888888955,0.0,False,10
7191,958.743,-8325.0,-7058.000000000001,0.0,43752.278888888955,0.0,False,10
7192,958.749,-8325.0,-7058.0,0.0,43752.278888888955,0.0,False,10
7193,958.949,-8325.0,-7058.0,0.0,43752.278888888955,0.0,False,10
7194,959.062,-8325.0,-7058.0,0.0,43752.278888888955,0.0,False,10
7195,959.289,-8325.0,-7058.0,0.0,43752.27888888896,0.0,False,10
7196,959.342,-8325.0,-7058.000000000001,0.0,43752.278888888955,0.0,False,10
7197,959.489,-8325.0,-7058.0,0.0,43752.278888888955,0.0,False,10
7198,959.502,-8325.0,-7058.0,0.0,43752.278888888955,0.0,False,10
7199,959.702,-8324.999999999998,-7057.999999999999,0.0,43752.278888888955,0.0,False,10
7200,959.729,-8325.0,-7058.0,0.0,43752.278888888955,0.0,False,10
7201,959.862,-8325.0,-7058.000000000001,0.0,43752.278888888955,0.0,False,10
7202,960.069,-8325.0,-7058.0,0.0,43752.27888888897,0.0,False,10
7203,960.102,-8325.0,-7058.0,0.0,43752.278888888955,0.0,False,10
7204,960.249,-8325.0,-7058.0,0.0,43752.27888888895,0.0,False,10
7205,960.302,-8325.0,-7058.0,0.0,43752.278888888955,0.0,False,10
7206,960.542,-8325.0,-7057.999999999999,0.0,43752.278888888955,0.0,False,10
7207,960.629,-8325.0,-7058.0,0.0,43752.27888888897,0.0,False,10
7208,960.782,-8325.000000000002,-7058.0,0.0,43752.278888888955,0.0,False,10
7209,960.829,-8325.0,-7058.0,0.0,43752.27888888896,0.0,False,10
7210,961.142,-8325.000000000002,-7058.000000000001,0.0,43752.278888888955,0.0,False,10
7211,961.25,-8325.0,-7058.0,0.0,43752.278888888955,0.0,False,10
7212,961.302,-8325.000000000002,-7058.000000000001,0.0,43752.278888888955,0.0,False,10
7213,961.41,-8325.0,-7058.0,0.0,43752.27888888896,0.0,False,10
7214,961.57,-8325.0,-7058.0,0.0,43752.278888888955,0.0,False,10
7215,961.622,-8325.0,-7058.0,0.0,43752.278888888955,0.0,False,10
7216,961.73,-8325.0,-7058.0,0.0,43752.278888888955,0.0,False,10
7217,962.743,-8325.000000000002,-7058.0,0.0,43752.278888888955,0.0,False,10
7218,962.87,-8325.0,-7058.0,0.0,43752.27888888896,0.0,False,10
7219,963.05,-8325.0,-7058.0,0.0,43752.278888888955,0.0,False,10
7220,963.103,-8324.999999999998,-7057.999999999999,0.0,43752.278888888955,0.0,False,10
7221,963.263,-8325.0,-7058.000000000001,0.0,43752.278888888955,0.0,False,10
7222,963.33,-8325.0,-7058.0,0.0,43752.27888888896,0.0,False,10
7223,963.423,-8325.0,-7058.0,0.0,43752.278888888955,0.0,False,10
7224,963.583,-8325.000000000002,-7058.0,0.0,43752.278888888955,0.0,False,10
7225,963.65,-8325.0,-7058.0,0.0,43752.27888888896,0.0,False,10
7226,963.863,-8325.000000000002,-7057.999999999999,0.0,43752.278888888955,0.0,False,10
7227,964.149,-8325.0,-7058.0,0.0,43752.27888888896,0.0,False,10
7228,964.183,-8324.999999999998,-7057.999999999999,0.0,43752.278888888955,0.0,False,10
7229,964.349,-8325.0,-7058.0,0.0,43752.27888888896,0.0,False,10
7230,964.503,-8324.999999999998,-7058.0,0.0,43752.278888888955,0.0,False,10
7231,964.509,-8325.0,-7058.0,0.0,43752.27888888897,0.0,False,10
7232,964.663,-8325.0,-7057.999999999999,0.0,43752.278888888955,0.0,False,10
7233,964.669,-8325.0,-7058.0,0.0,43752.278888888955,0.0,False,10
7234,964.829,-8325.0,-7058.0,0.0,43752.278888888955,0.0,False,10
7235,964.903,-8325.000000000002,-7058.000000000001,0.0,43752.278888888955,0.0,False,10
7236,965.149,-8325.0,-7058.0,0.0,43752.27888888896,0.0,False,10
7237,965.183,-8325.0,-7058.0,0.0,43752.278888888955,0.0,False,10
7238,965.349,-8325.0,-7058.0,0.0,43752.27888888896,0.0,False,10
7239,965.383,-8325.0,-7058.000000000001,0.0,43752.278888888955,0.0,False,10
7240,965.582,-8325.0,-7058.0,0.0,43752.278888888955,0.0,False,10
7241,965.689,-8325.0,-7058.0,0.0,43752.27888888895,0.0,False,10
7242,965.822,-8325.0,-7058.000000000001,0.0,43752.278888888955,0.0,False,10
7243,965.889,-8325.0,-7058.0,0.0,43752.278888888955,0.0,False,10
7244,966.109,-8325.0,-7058.0,0.0,43752.27888888896,0.0,False,10
7245,966.182,-8325.0,-7058.000000000001,0.0,43752.278888888955,0.0,False,10
7246,966.389,-8325.0,-7058.0,0.0,43752.278888888955,0.0,False,10
7247,966.582,-8325.000000000002,-7058.000000000001,0.0,43752.278888888955,0.0,False,10
7248,966.742,-8325.0,-7058.000000000001,0.0,43752.278888888955,0.0,False,10
7249,966.809,-8325.0,-7058.0,0.0,43752.278888888955,0.0,False,10
7250,966.969,-8325.0,-7058.0,0.0,43752.27888888895,0.0,False,10
7251,967.102,-8324.999999999998,-7058.0,0.0,43752.278888888955,0.0,False,10
7252,967.169,-8325.0,-7058.0,0.0,43752.278888888955,0.0,False,10
7253,967.269,-8325.0,-7058.0,0.0,43752.27888888896,0.0,False,10
7254,967.422,-8325.0,-7058.0,0.0,43752.278888888955,0.0,False,10
7255,967.469,-8325.0,-7058.0,0.0,43752.278888888955,0.0,False,10
7256,967.582,-8325.0,-7058.000000000001,0.0,43752.278888888955,0.0,False,10
7257,967.782,-8325.0,-7058.0,0.0,43752.278888888955,0.0,False,10
7258,967.79,-8325.0,-7058.0,0.0,43752.278888888955,0.0,False,10
7259,967.942,-8325.0,-7057.999999999998,0.0,43752.278888888955,0.0,False,10
7260,968.01,-8325.0,-7058.0,0.0,43752.27888888896,0.0,False,10
7261,968.102,-8324.999999999998,-7057.999999999999,0.0,43752.278888888955,0.0,False,10
7262,968.21,-8325.0,-7058.0,0.0,43752.27888888895,0.0,False,10
7263,968.39,-8325.0,-7058.0,0.0,43752.278888888955,0.0,False,10
7264,968.462,-8325.0,-7058.0,0.0,43752.278888888955,0.0,False,10
7265,968.743,-8325.0,-7057.999999999999,0.0,43752.278888888955,0.0,False,10
7266,968.79,-8325.0,-7058.0,0.0,43752.278888888955,0.0,False,10
7267,968.97,-8325.0,-7058.0,0.0,43752.278888888955,0.0,False,10
7268,969.103,-8325.0,-7058.0,0.0,43752.278888888955,0.0,False,10
7269,969.23,-8325.0,-7058.0,0.0,43752.27888888895,0.0,False,10
7270,969.423,-8325.000000000002,-7058.000000000002,0.0,43752.278888888955,0.0,False,10
7271,969.51,-8325.0,-7058.0,0.0,43752.278888888955,0.0,False,10
7272,969.663,-8325.0,-7058.0,0.0,43752.278888888955,0.0,False,10
7273,969.67,-8325.0,-7058.0,0.0,43752.278888888955,0.0,False,10
7274,969.87,-8325.0,-7058.0,0.0,43752.278888888955,0.0,False,10
7275,969.903,-8325.0,-7058.0,0.0,43752.278888888955,0.0,False,10
7276,970.11,-8325.0,-7058.0,0.0,43752.27888888896,0.0,False,10
7277,970.143,-8325.000000000002,-7058.0,0.0,43752.278888888955,0.0,False,10
7278,970.19,-8325.0,-7058.0,0.0,43752.278888888955,0.0,False,10
7279,970.303,-8325.0,-7058.0,0.0,43752.278888888955,0.0,False,10
7280,970.39,-8325.0,-7058.0,0.0,43752.278888888955,0.0,False,10
7281,970.709,-8325.0,-7058.0,0.0,43752.278888888955,0.0,False,10
7282,970.743,-8325.0,-7058.000000000001,0.0,43752.278888888955,0.0,False,10
7283,970.943,-8324.999999999998,-7058.0,0.0,43752.278888888955,0.0,False,10
7284,971.069,-8325.0,-7058.0,0.0,43752.27888888896,0.0,False,10
7285,971.103,-8325.0,-7058.0,0.0,43752.278888888955,0.0,False,10
7286,971.269,-8325.0,-7058.0,0.0,43752.27888888896,0.0,False,10
7287,971.503,-8325.000000000002,-7058.000000000001,0.0,43752.278888888955,0.0,False,10
7288,971.549,-8325.0,-7058.0,0.0,43752.27888888895,0.0,False,10
7289,971.823,-8324.999999999998,-7057.999999999999,0.0,43752.278888888955,0.0,False,10
7290,971.989,-8325.0,-7058.0,0.0,43752.278888888955,0.0,False,10
7291,972.143,-8325.000000000002,-7058.0,0.0,43752.278888888955,0.0,False,10
7292,972.309,-8325.0,-7058.0,0.0,43752.278888888955,0.0,False,10
7293,972.342,-8325.000000000002,-7058.0,0.0,43752.278888888955,0.0,False,10
7294,972.469,-8325.0,-7058.0,0.0,43752.278888888955,0.0,False,10
7295,972.622,-8325.000000000002,-7058.0,0.0,43752.278888888955,0.0,False,10
7296,972.649,-8325.0,-7058.0,0.0,43752.27888888896,0.0,False,10
7297,972.949,-8325.0,-7058.0,0.0,43752.27888888896,0.0,False,10
7298,972.982,-8325.0,-7058.000000000001,0.0,43752.278888888955,0.0,False,10
7299,973.382,-8325.0,-7058.0,0.0,43752.278888888955,0.0,False,10
7300,973.429,-8325.0,-7058.0,0.0,43752.278888888955,0.0,False,10
7301,973.729,-8325.0,-7058.0,0.0,43752.278888888955,0.0,False,10
7302,973.742,-8325.0,-7058.0,0.0,43752.278888888955,0.0,False,10
7303,973.982,-8325.0,-7057.999999999999,0.0,43752.278888888955,0.0,False,10
7304,973.989,-8325.0,-7058.0,0.0,43752.278888888955,0.0,False,10
7305,974.35,-8325.0,-7058.0,0.0,43752.27888888896,0.0,False,10
7306,974.382,-8325.0,-7057.999999999999,0.0,43752.278888888955,0.0,False,10
7307,974.57,-8325.0,-7058.0,0.0,43752.27888888896,0.0,False,10
7308,974.622,-8325.0,-7058.0,0.0,43752.278888888955,0.0,False,10
7309,974.782,-8325.0,-7058.000000000001,0.0,43752.278888888955,0.0,False,10
7310,974.81,-8325.0,-7058.0,0.0,43752.27888888895,0.0,False,10
7311,974.942,-8325.0,-7058.000000000001,0.0,43752.278888888955,0.0,False,10
7312,974.99,-8325.0,-7058.0,0.0,43752.278888888955,0.0,False,10
7313,975.143,-8325.000000000002,-7058.000000000001,0.0,43752.278888888955,0.0,False,10
7314,975.19,-8325.0,-7058.0,0.0,43752.27888888897,0.0,False,10
7315,975.383,-8325.000000000002,-7058.000000000001,0.0,43752.278888888955,0.0,False,10
7316,975.39,-8325.0,-7058.0,0.0,43752.27888888896,0.0,False,10
7317,975.69,-8325.0,-7058.0,0.0,43752.27888888896,0.0,False,10
7318,975.703,-8325.0,-7058.0,0.0,43752.278888888955,0.0,False,10
7319,975.87,-8325.0,-7058.0,0.0,43752.27888888895,0.0,False,10
7320,975.943,-8325.0,-7058.0,0.0,43752.278888888955,0.0,False,10
7321,976.21,-8325.0,-7058.0,0.0,43752.27888888894,0.0,False,10
7322,976.343,-8324.999999999998,-7057.999999999998,0.0,43752.278888888955,0.0,False,10
7323,976.35,-8325.0,-7058.0,0.0,43752.278888888955,0.0,False,10
7324,976.59,-8325.0,-7058.0,0.0,43752.27888888895,0.0,False,10
7325,976.743,-8325.0,-7057.999999999999,0.0,43752.278888888955,0.0,False,10
7326,976.83,-8325.0,-7058.0,0.0,43752.278888888955,0.0,False,10
7327,977.063,-8325.0,-7058.000000000001,0.0,43752.278888888955,0.0,False,10
7328,977.17,-8325.0,-7058.0,0.0,43752.27888888896,0.0,False,10
7329,977.269,-8325.0,-7058.0,0.0,43752.27888888896,0.0,False,10
7330,977.303,-8325.0,-7058.0,0.0,43752.278888888955,0.0,False,10
7331,977.509,-8325.0,-7058.0,0.0,43752.278888888955,0.0,False,10
7332,977.703,-8325.0,-7058.0,0.0,43752.278888888955,0.0,False,10
7333,977.863,-8325.0,-7058.0,0.0,43752.278888888955,0.0,False,10
7334,977.929,-8325.0,-7058.0,0.0,43752.27888888895,0.0,False,10
7335,978.023,-8325.0,-7058.0,0.0,43752.278888888955,0.0,False,10
7336,978.303,-8325.000000000002,-7058.000000000001,0.0,43752.278888888955,0.0,False,10
7337,978.369,-8325.0,-7058.0,0.0,43752.27888888895,0.0,False,10
7338,978.503,-8324.999999999998,-7057.999999999999,0.0,43752.278888888955,0.0,False,10
7339,978.549,-8325.0,-7058.0,0.0,43752.27888888895,0.0,False,10
7340,978.703,-8325.0,-7058.0,0.0,43752.278888888955,0.0,False,10
7341,978.769,-8325.0,-7058.0,0.0,43752.278888888955,0.0,False,10
7342,978.989,-8325.0,-7058.0,0.0,43752.278888888955,0.0,False,10
7343,979.022,-8325.000000000002,-7058.000000000001,0.0,43752.278888888955,0.0,False,10
7344,979.169,-8325.0,-7058.0,0.0,43752.27888888896,0.0,False,10
7345,979.249,-8325.0,-7058.0,0.0,43752.27888888896,0.0,False,10
7346,979.382,-8324.999999999996,-7057.999999999997,0.0,43752.278888888955,0.0,False,10
7347,979.529,-8325.0,-7058.0,0.0,43752.27888888896,0.0,False,10
7348,979.582,-8325.000000000002,-7058.000000000001,0.0,43752.278888888955,0.0,False,10
7349,979.709,-8325.0,-7058.0,0.0,43752.278888888955,0.0,False,10
7350,979.782,-8325.0,-7058.0,0.0,43752.278888888955,0.0,False,10
7351,979.969,-8325.0,-7058.0,0.0,43752.278888888955,0.0,False,10
7352,980.062,-8325.0,-7058.000000000001,0.0,43752.278888888955,0.0,False,10
7353,980.169,-8325.0,-7058.0,0.0,43752.27888888896,0.0,False,10
7354,980.302,-8325.000000000002,-7057.999999999999,0.0,43752.278888888955,0.0,False,10
7355,980.349,-8325.0,-7058.0,0.0,43752.278888888955,0.0,False,10
7356,980.462,-8325.0,-7057.999999999998,0.0,43752.278888888955,0.0,False,10
7357,980.662,-8324.999999999998,-7057.999999999999,0.0,43752.278888888955,0.0,False,10
7358,980.729,-8325.0,-7058.0,0.0,43752.27888888896,0.0,False,10
7359,981.03,-8325.0,-7058.0,0.0,43752.278888888955,0.0,False,10
7360,981.062,-8325.0,-7058.000000000001,0.0,43752.278888888955,0.0,False,10
7361,981.222,-8325.0,-7058.000000000001,0.0,43752.278888888955,0.0,False,10
7362,981.25,-8325.0,-7058.0,0.0,43752.27888888897,0.0,False,10
7363,981.41,-8325.0,-7058.0,0.0,43752.278888888955,0.0,False,10
7364,981.422,-8325.0,-7058.000000000001,0.0,43752.278888888955,0.0,False,10
7365,981.582,-8324.999999999998,-7057.999999999999,0.0,43752.278888888955,0.0,False,10
7366,981.59,-8325.0,-7058.0,0.0,43752.278888888955,0.0,False,10
7367,981.783,-8325.0,-7058.0,0.0,43752.278888888955,0.0,False,10
7368,981.87,-8325.0,-7058.0,0.0,43752.278888888955,0.0,False,10
7369,982.143,-8324.999999999998,-7058.0,0.0,43752.278888888955,0.0,False,10
7370,982.19,-8325.0,-7058.0,0.0,43752.27888888895,0.0,False,10
7371,982.463,-8325.0,-7058.0,0.0,43752.278888888955,0.0,False,10
7372,982.49,-8325.0,-7058.0,0.0,43752.278888888955,0.0,False,10
7373,982.703,-8325.0,-7057.999999999999,0.0,43752.278888888955,0.0,False,10
7374,982.863,-8324.999999999998,-7057.999999999999,0.0,43752.278888888955,0.0,False,10
7375,982.87,-8325.0,-7058.0,0.0,43752.278888888955,0.0,False,10
7376,983.023,-8325.0,-7058.0,0.0,43752.278888888955,0.0,False,10
7377,983.25,-8325.0,-7058.0,0.0,43752.27888888896,0.0,False,10
7378,983.263,-8325.0,-7058.000000000001,0.0,43752.278888888955,0.0,False,10
7379,983.47,-8325.0,-7058.0,0.0,43752.278888888955,0.0,False,10
7380,983.543,-8325.0,-7058.000000000001,0.0,43752.278888888955,0.0,False,10
7381,983.75,-8325.0,-7058.0,0.0,43752.27888888896,0.0,False,10
7382,983.943,-8324.999999999998,-7058.0,0.0,43752.278888888955,0.0,False,10
7383,984.103,-8325.000000000002,-7058.000000000001,0.0,43752.278888888955,0.0,False,10
7384,984.109,-8325.0,-7058.0,0.0,43752.278888888955,0.0,False,10
7385,984.303,-8325.0,-7058.0,0.0,43752.278888888955,0.0,False,10
7386,984.329,-8325.0,-7058.0,0.0,43752.278888888955,0.0,False,10
7387,984.529,-8325.0,-7058.0,0.0,43752.278888888955,0.0,False,10
7388,984.703,-8325.0,-7058.0,0.0,43752.278888888955,0.0,False,10
7389,984.729,-8325.0,-7058.0,0.0,43752.278888888955,0.0,False,10
7390,984.969,-8325.0,-7058.0,0.0,43752.27888888895,0.0,False,10
7391,985.143,-8325.0,-7058.0,0.0,43752.278888888955,0.0,False,10
7392,985.329,-8325.0,-7058.0,0.0,43752.27888888896,0.0,False,10
7393,985.343,-8325.0,-7057.999999999999,0.0,43752.278888888955,0.0,False,10
7394,985.583,-8325.000000000002,-7058.0,0.0,43752.278888888955,0.0,False,10
7395,985.609,-8325.0,-7058.0,0.0,43752.27888888896,0.0,False,10
7396,985.789,-8325.0,-7058.0,0.0,43752.278888888955,0.0,False,10
7397,985.949,-8325.0,-7058.0,0.0,43752.27888888897,0.0,False,10
7398,985.982,-8324.999999999998,-7057.999999999999,0.0,43752.278888888955,0.0,False,10
7399,986.149,-8325.0,-7058.0,0.0,43752.27888888896,0.0,False,10
7400,986.342,-8325.0,-7058.0,0.0,43752.278888888955,0.0,False,10
7401,986.369,-8325.0,-7058.0,0.0,43752.27888888896,0.0,False,10
7402,986.542,-8325.0,-7058.000000000001,0.0,43752.278888888955,0.0,False,10
7403,986.742,-8325.0,-7058.0,0.0,43752.278888888955,0.0,False,10
7404,986.769,-8325.0,-7058.0,0.0,43752.27888888896,0.0,False,10
7405,986.942,-8325.000000000002,-7058.0,0.0,43752.278888888955,0.0,False,10
7406,986.949,-8325.0,-7058.0,0.0,43752.278888888955,0.0,False,10
7407,987.109,-8325.0,-7058.0,0.0,43752.27888888895,0.0,False,10
7408,987.142,-8325.0,-7057.999999999999,0.0,43752.278888888955,0.0,False,10
7409,987.382,-8325.0,-7058.0,0.0,43752.278888888955,0.0,False,10
7410,987.43,-8325.0,-7058.0,0.0,43752.278888888955,0.0,False,10
7411,987.542,-8325.0,-7058.0,0.0,43752.278888888955,0.0,False,10
7412,987.85,-8325.0,-7058.0,0.0,43752.278888888955,0.0,False,10
7413,987.862,-8325.0,-7058.0,0.0,43752.278888888955,0.0,False,10
7414,988.03,-8325.0,-7058.0,0.0,43752.27888888896,0.0,False,10
7415,988.062,-8325.0,-7058.000000000001,0.0,43752.278888888955,0.0,False,10
7416,988.25,-8325.0,-7058.0,0.0,43752.278888888955,0.0,False,10
7417,988.303,-8325.000000000002,-7058.000000000001,0.0,43752.278888888955,0.0,False,10
7418,988.39,-8325.0,-7058.0,0.0,43752.27888888895,0.0,False,10
7419,988.543,-8325.0,-7058.0,0.0,43752.278888888955,0.0,False,10
7420,988.57,-8325.0,-7058.0,0.0,43752.278888888955,0.0,False,10
7421,988.743,-8325.0,-7058.0,0.0,43752.278888888955,0.0,False,10
7422,988.77,-8325.0,-7058.0,0.0,43752.278888888955,0.0,False,10
7423,988.943,-8325.000000000002,-7058.0,0.0,43752.278888888955,0.0,False,10
7424,988.95,-8325.0,-7058.0,0.0,43752.27888888895,0.0,False,10
7425,989.183,-8324.999999999998,-7058.0,0.0,43752.278888888955,0.0,False,10
7426,989.23,-8325.0,-7058.0,0.0,43752.278888888955,0.0,False,10
7427,989.383,-8325.0,-7057.999999999999,0.0,43752.278888888955,0.0,False,10
7428,989.41,-8325.0,-7058.0,0.0,43752.278888888955,0.0,False,10
7429,989.623,-8325.0,-7058.0,0.0,43752.278888888955,0.0,False,10
7430,989.73,-8325.0,-7058.0,0.0,43752.278888888955,0.0,False,10
7431,989.903,-8324.999999999998,-7058.0,0.0,43752.278888888955,0.0,False,10
7432,989.97,-8325.0,-7058.0,0.0,43752.278888888955,0.0,False,10
7433,990.23,-8325.0,-7058.0,0.0,43752.278888888955,0.0,False,10
7434,990.343,-8325.0,-7058.0,0.0,43752.278888888955,0.0,False,10
7435,990.549,-8325.0,-7058.0,0.0,43752.27888888895,0.0,False,10
7436,990.729,-8325.0,-7058.0,0.0,43752.27888888895,0.0,False,10
7437,990.743,-8325.0,-7057.999999999998,0.0,43752.278888888955,0.0,False,10
7438,991.049,-8325.0,-7058.0,0.0,43752.278888888955,0.0,False,10
7439,991.183,-8324.999999999998,-7057.999999999999,0.0,43752.278888888955,0.0,False,10
7440,991.369,-8325.0,-7058.0,0.0,43752.278888888955,0.0,False,10
7441,991.569,-8325.0,-7058.0,0.0,43752.278888888955,0.0,False,10
7442,991.583,-8325.0,-7057.999999999999,0.0,43752.278888888955,0.0,False,10
7443,991.849,-8325.0,-7058.0,0.0,43752.27888888895,0.0,False,10
7444,991.983,-8325.0,-7057.999999999999,0.0,43752.278888888955,0.0,False,10
7445,992.149,-8325.0,-7058.0,0.0,43752.27888888895,0.0,False,10
7446,992.343,-8325.0,-7058.0,0.0,43752.278888888955,0.0,False,10
7447,992.409,-8325.0,-7058.0,0.0,43752.27888888895,0.0,False,10
7448,992.569,-8325.0,-7058.0,0.0,43752.27888888895,0.0,False,10
7449,992.702,-8324.999999999998,-7057.999999999999,0.0,43752.278888888955,0.0,False,10
7450,992.849,-8325.0,-7058.0,0.0,43752.278888888955,0.0,False,10
7451,992.902,-8325.0,-7058.000000000001,0.0,43752.278888888955,0.0,False,10
7452,993.169,-8325.0,-7058.0,0.0,43752.278888888955,0.0,False,10
7453,993.182,-8325.000000000002,-7058.000000000002,0.0,43752.278888888955,0.0,False,10
7454,993.409,-8325.0,-7058.0,0.0,43752.27888888896,0.0,False,10
7455,993.422,-8324.999999999998,-7057.999999999999,0.0,43752.278888888955,0.0,False,10
7456,993.649,-8325.0,-7058.0,0.0,43752.27888888894,0.0,False,10
7457,993.702,-8325.0,-7057.999999999999,0.0,43752.278888888955,0.0,False,10
7458,993.99,-8325.0,-7058.0,0.0,43752.27888888896,0.0,False,10
7459,994.022,-8325.0,-7057.999999999999,0.0,43752.278888888955,0.0,False,10
7460,994.33,-8325.0,-7058.0,0.0,43752.27888888895,0.0,False,10
7461,994.422,-8325.0,-7058.000000000001,0.0,43752.278888888955,0.0,False,10
7462,994.53,-8325.0,-7058.0,0.0,43752.27888888895,0.0,False,10
7463,994.662,-8325.0,-7058.000000000001,0.0,43752.278888888955,0.0,False,10
7464,994.87,-8325.0,-7058.0,0.0,43752.27888888895,0.0,False,10
7465,995.103,-8325.0,-7058.0,0.0,43752.278888888955,0.0,False,10
7466,995.11,-8325.0,-7058.0,0.0,43752.278888888955,0.0,False,10
7467,995.263,-8325.0,-7057.999999999999,0.0,43752.278888888955,0.0,False,10
7468,995.43,-8325.0,-7058.0,0.0,43752.27888888895,0.0,False,10
7469,995.503,-8324.999999999998,-7057.999999999998,0.0,43752.278888888955,0.0,False,10
7470,995.663,-8324.999999999998,-7057.999999999999,0.0,43752.278888888955,0.0,False,10
7471,995.73,-8325.0,-7058.0,0.0,43752.27888888897,0.0,False,10
7472,995.863,-8325.0,-7057.999999999998,0.0,43752.278888888955,0.0,False,10
7473,995.95,-8325.0,-7058.0,0.0,43752.27888888894,0.0,False,10
7474,996.223,-8325.0,-7058.0,0.0,43752.278888888955,0.0,False,10
7475,996.31,-8325.0,-7058.0,0.0,43752.278888888955,0.0,False,10
7476,996.75,-8325.0,-7058.0,0.0,43752.278888888955,0.0,False,10
7477,996.903,-8325.0,-7058.0,0.0,43752.278888888955,0.0,False,10
7478,996.99,-8325.0,-7058.0,0.0,43752.278888888955,0.0,False,10
7479,997.103,-8324.999999999998,-7057.999999999999,0.0,43752.278888888955,0.0,False,10
7480,997.269,-8325.0,-7058.0,0.0,43752.278888888955,0.0,False,10
7481,997.383,-8325.0,-7058.000000000001,0.0,43752.278888888955,0.0,False,10
7482,997.389,-8325.0,-7058.0,0.0,43752.27888888895,0.0,False,10
7483,997.583,-8325.000000000004,-7058.000000000001,0.0,43752.278888888955,0.0,False,10
7484,997.729,-8325.0,-7058.0,0.0,43752.278888888955,0.0,False,10
7485,997.783,-8325.0,-7058.0,0.0,43752.278888888955,0.0,False,10
7486,997.983,-8325.0,-7057.999999999999,0.0,43752.278888888955,0.0,False,10
7487,998.049,-8325.0,-7058.0,0.0,43752.27888888896,0.0,False,10
7488,998.263,-8325.0,-7058.000000000001,0.0,43752.278888888955,0.0,False,10
7489,998.503,-8325.0,-7058.000000000001,0.0,43752.278888888955,0.0,False,10
7490,998.549,-8325.0,-7058.0,0.0,43752.278888888955,0.0,False,10
7491,998.949,-8325.0,-7058.0,0.0,43752.27888888895,0.0,False,10
7492,998.983,-8325.0,-7058.0,0.0,43752.278888888955,0.0,False,10
7493,999.183,-8325.0,-7058.0,0.0,43752.278888888955,0.0,False,10
7494,999.189,-8325.0,-7058.0,0.0,43752.27888888895,0.0,False,10
7495,999.462,-8325.0,-7058.000000000001,0.0,43752.278888888955,0.0,False,10
7496,999.509,-8325.0,-7058.0,0.0,43752.27888888896,0.0,False,10
7497,999.662,-8324.999999999998,-7057.999999999999,0.0,43752.278888888955,0.0,False,10
7498,999.729,-8325.0,-7058.0,0.0,43752.278888888955,0.0,False,10
7499,999.862,-8325.0,-7057.999999999999,0.0,43752.278888888955,0.0,False,10
7500,999.949,-8325.0,-7058.0,0.0,43752.278888888955,0.0,False,10
7501,1000.182,-8325.0,-7058.000000000001,0.0,43752.278888888955,0.0,False,10
7502,1000.229,-8325.0,-7058.0,0.0,43752.27888888895,0.0,False,10
7503,1000.57,-8325.0,-7058.0,0.0,43752.278888888955,0.0,False,10
7504,1000.622,-8325.000000000002,-7058.000000000001,0.0,43752.278888888955,0.0,False,10
7505,1000.77,-8325.0,-7058.0,0.0,43752.278888888955,0.0,False,10
7506,1000.942,-8325.0,-7058.000000000001,0.0,43752.278888888955,0.0,False,10
7507,1001.01,-8325.0,-7058.0,0.0,43752.27888888894,0.0,False,10
7508,1001.142,-8324.999999999998,-7058.0,0.0,43752.278888888955,0.0,False,10
7509,1001.25,-8325.0,-7058.0,0.0,43752.278888888955,0.0,False,10
7510,1001.423,-8324.999999999998,-7058.0,0.0,43752.278888888955,0.0,False,10
7511,1001.59,-8325.0,-7058.0,0.0,43752.278888888955,0.0,False,10
7512,1001.703,-8325.0,-7057.999999999999,0.0,43752.278888888955,0.0,False,10
7513,1001.79,-8325.0,-7058.0,0.0,43752.27888888896,0.0,False,10
7514,1002.05,-8325.0,-7058.0,0.0,43752.27888888896,0.0,False,10
7515,1002.063,-8325.0,-7058.0,0.0,43752.278888888955,0.0,False,10
7516,1002.23,-8325.0,-7058.0,0.0,43752.27888888895,0.0,False,10
7517,1002.303,-8324.999999999998,-7057.999999999999,0.0,43752.278888888955,0.0,False,10
7518,1002.49,-8325.0,-7058.0,0.0,43752.27888888895,0.0,False,10
7519,1002.663,-8324.999999999998,-7057.999999999999,0.0,43752.278888888955,0.0,False,10
7520,1002.71,-8325.0,-7058.0,0.0,43752.278888888955,0.0,False,10
7521,1002.943,-8324.999999999998,-7057.999999999999,0.0,43752.278888888955,0.0,False,10
7522,1003.09,-8325.0,-7058.0,0.0,43752.278888888955,0.0,False,10
7523,1003.183,-8324.999999999998,-7057.999999999999,0.0,43752.278888888955,0.0,False,10
7524,1003.33,-8325.0,-7058.0,0.0,43752.27888888896,0.0,False,10
7525,1003.463,-8325.0,-7058.000000000001,0.0,43752.278888888955,0.0,False,10
7526,1003.57,-8325.0,-7058.0,0.0,43752.278888888955,0.0,False,10
7527,1003.703,-8325.0,-7058.0,0.0,43752.278888888955,0.0,False,10
7528,1003.929,-8325.0,-7058.0,0.0,43752.278888888955,0.0,False,10
7529,1004.063,-8325.000000000002,-7058.0,0.0,43752.278888888955,0.0,False,10
7530,1004.303,-8324.999999999998,-7057.999999999999,0.0,43752.278888888955,0.0,False,10
7531,1004.329,-8325.0,-7058.0,0.0,43752.27888888896,0.0,False,10
7532,1004.389,-8325.0,-7058.0,0.0,43752.278888888955,0.0,False,10
7533,1004.543,-8324.999999999998,-7057.999999999999,0.0,43752.278888888955,0.0,False,10
7534,1004.589,-8325.0,-7058.0,0.0,43752.278888888955,0.0,False,10
7535,1004.743,-8325.0,-7058.0,0.0,43752.278888888955,0.0,False,10
7536,1004.809,-8325.0,-7058.0,0.0,43752.278888888955,0.0,False,10
7537,1005.023,-8325.0,-7058.000000000001,0.0,43752.278888888955,0.0,False,10
7538,1005.109,-8325.0,-7058.0,0.0,43752.27888888895,0.0,False,10
7539,1005.369,-8325.0,-7058.0,0.0,43752.278888888955,0.0,False,10
7540,1005.383,-8325.0,-7057.999999999999,0.0,43752.278888888955,0.0,False,10
7541,1005.569,-8325.0,-7058.0,0.0,43752.27888888895,0.0,False,10
7542,1005.703,-8325.0,-7058.0,0.0,43752.278888888955,0.0,False,10
7543,1005.903,-8325.000000000002,-7058.000000000001,0.0,43752.278888888955,0.0,False,10
7544,1005.909,-8325.0,-7058.0,0.0,43752.27888888896,0.0,False,10
7545,1006.149,-8325.0,-7058.0,0.0,43752.278888888955,0.0,False,10
7546,1006.222,-8325.0,-7058.0,0.0,43752.278888888955,0.0,False,10
7547,1006.309,-8325.0,-7058.0,0.0,43752.278888888955,0.0,False,10
7548,1006.382,-8324.999999999998,-7058.0,0.0,43752.278888888955,0.0,False,10
7549,1006.489,-8325.0,-7058.0,0.0,43752.278888888955,0.0,False,10
7550,1006.782,-8325.0,-7058.0,0.0,43752.278888888955,0.0,False,10
7551,1006.789,-8325.0,-7058.0,0.0,43752.27888888895,0.0,False,10
7552,1007.029,-8325.0,-7058.0,0.0,43752.27888888896,0.0,False,10
7553,1007.062,-8325.000000000002,-7058.000000000002,0.0,43752.278888888955,0.0,False,10
7554,1007.382,-8325.000000000002,-7058.000000000001,0.0,43752.278888888955,0.0,False,10
7555,1007.45,-8325.0,-7058.0,0.0,43752.278888888955,0.0,False,10
7556,1007.67,-8325.0,-7058.0,0.0,43752.278888888955,0.0,False,10
7557,1007.782,-8324.999999999998,-7057.999999999999,0.0,43752.278888888955,0.0,False,10
7558,1007.87,-8325.0,-7058.0,0.0,43752.27888888896,0.0,False,10
7559,1007.943,-8325.0,-7057.999999999999,0.0,43752.278888888955,0.0,False,10
7560,1008.03,-8325.0,-7058.0,0.0,43752.278888888955,0.0,False,10
7561,1008.19,-8325.0,-7058.0,0.0,43752.27888888896,0.0,False,10
7562,1008.263,-8325.000000000002,-7058.0,0.0,43752.278888888955,0.0,False,10
7563,1008.423,-8325.0,-7057.999999999999,0.0,43752.278888888955,0.0,False,10
7564,1008.51,-8325.0,-7058.0,0.0,43752.27888888895,0.0,False,10
7565,1008.61,-8325.0,-7058.0,0.0,43752.278888888955,0.0,False,10
7566,1008.663,-8325.0,-7058.000000000001,0.0,43752.278888888955,0.0,False,10
7567,1008.85,-8325.0,-7058.0,0.0,43752.278888888955,0.0,False,10
7568,1008.943,-8324.999999999998,-7057.999999999998,0.0,43752.278888888955,0.0,False,10
7569,1009.03,-8325.0,-7058.0,0.0,43752.27888888894,0.0,False,10
7570,1009.27,-8325.0,-7058.0,0.0,43752.27888888895,0.0,False,10
7571,1009.343,-8325.000000000002,-7057.999999999999,0.0,43752.278888888955,0.0,False,10
7572,1009.543,-8325.0,-7057.999999999999,0.0,43752.278888888955,0.0,False,10
7573,1009.55,-8325.0,-7058.0,0.0,43752.278888888955,0.0,False,10
7574,1009.77,-8325.0,-7058.0,0.0,43752.278888888955,0.0,False,10
7575,1009.863,-8325.000000000002,-7058.000000000001,0.0,43752.278888888955,0.0,False,10
7576,1009.97,-8325.0,-7058.0,0.0,43752.27888888895,0.0,False,10
7577,1010.063,-8325.0,-7058.0,0.0,43752.278888888955,0.0,False,10
7578,1010.19,-8325.0,-7058.0,0.0,43752.27888888896,0.0,False,10
7579,1010.303,-8324.999999999998,-7057.999999999999,0.0,43752.278888888955,0.0,False,10
7580,1010.529,-8325.0,-7058.0,0.0,43752.27888888895,0.0,False,10
7581,1010.583,-8325.0,-7058.0,0.0,43752.278888888955,0.0,False,10
7582,1010.783,-8325.0,-7058.000000000001,0.0,43752.278888888955,0.0,False,10
7583,1010.809,-8325.0,-7058.0,0.0,43752.278888888955,0.0,False,10
7584,1010.943,-8325.0,-7058.0,0.0,43752.278888888955,0.0,False,10
7585,1011.103,-8324.999999999998,-7057.999999999999,0.0,43752.278888888955,0.0,False,10
7586,1011.129,-8325.0,-7058.0,0.0,43752.27888888896,0.0,False,10
7587,1011.423,-8325.0,-7057.999999999999,0.0,43752.278888888955,0.0,False,10
7588,1011.429,-8325.0,-7058.0,0.0,43752.27888888896,0.0,False,10
7589,1011.583,-8325.0,-7058.000000000002,0.0,43752.278888888955,0.0,False,10
7590,1011.609,-8325.0,-7058.0,0.0,43752.278888888955,0.0,False,10
7591,1011.809,-8325.0,-7058.0,0.0,43752.27888888896,0.0,False,10
7592,1011.823,-8325.000000000002,-7058.000000000001,0.0,43752.278888888955,0.0,False,10
7593,1012.023,-8325.0,-7058.0,0.0,43752.278888888955,0.0,False,10
7594,1012.049,-8325.0,-7058.0,0.0,43752.27888888896,0.0,False,10
7595,1012.383,-8325.0,-7058.0,0.0,43752.278888888955,0.0,False,10
7596,1012.429,-8325.0,-7058.0,0.0,43752.27888888895,0.0,False,10
7597,1012.623,-8325.0,-7058.000000000001,0.0,43752.278888888955,0.0,False,10
7598,1012.629,-8325.0,-7058.0,0.0,43752.278888888955,0.0,False,10
7599,1012.809,-8325.0,-7058.0,0.0,43752.278888888955,0.0,False,10
7600,1012.902,-8325.0,-7058.000000000001,0.0,43752.278888888955,0.0,False,10
7601,1013.069,-8325.0,-7058.0,0.0,43752.278888888955,0.0,False,10
7602,1013.262,-8325.0,-7058.0,0.0,43752.278888888955,0.0,False,10
7603,1013.269,-8325.0,-7058.0,0.0,43752.27888888896,0.0,False,10
7604,1013.489,-8325.0,-7058.0,0.0,43752.27888888896,0.0,False,10
7605,1014.27,-8325.0,-7058.0,0.0,43752.27888888896,0.0,False,10
7606,1014.382,-8325.0,-7057.999999999999,0.0,43752.278888888955,0.0,False,10
7607,1014.53,-8325.0,-7058.0,0.0,43752.27888888895,0.0,False,10
7608,1014.703,-8324.999999999998,-7057.999999999999,0.0,43752.278888888955,0.0,False,10
7609,1014.73,-8325.0,-7058.0,0.0,43752.278888888955,0.0,False,10
7610,1014.943,-8324.999999999998,-7057.999999999999,0.0,43752.278888888955,0.0,False,10
7611,1015.17,-8325.0,-7058.0,0.0,43752.27888888895,0.0,False,10
7612,1015.383,-8325.0,-7057.999999999999,0.0,43752.278888888955,0.0,False,10
7613,1015.543,-8325.0,-7057.999999999999,0.0,43752.278888888955,0.0,False,10
7614,1015.61,-8325.0,-7058.0,0.0,43752.27888888896,0.0,False,10
7615,1015.81,-8325.0,-7058.0,0.0,43752.278888888955,0.0,False,10
7616,1015.863,-8325.0,-7058.0,0.0,43752.278888888955,0.0,False,10
7617,1016.01,-8325.0,-7058.0,0.0,43752.27888888895,0.0,False,10
7618,1016.17,-8325.0,-7058.0,0.0,43752.27888888895,0.0,False,10
7619,1016.223,-8325.000000000002,-7058.000000000001,0.0,43752.278888888955,0.0,False,10
7620,1016.383,-8325.000000000002,-7058.000000000001,0.0,43752.278888888955,0.0,False,10
7621,1016.45,-8325.0,-7058.0,0.0,43752.27888888895,0.0,False,10
7622,1016.543,-8325.0,-7058.000000000001,0.0,43752.278888888955,0.0,False,10
7623,1016.65,-8325.0,-7058.0,0.0,43752.278888888955,0.0,False,10
7624,1016.81,-8325.0,-7058.0,0.0,43752.27888888894,0.0,False,10
7625,1016.903,-8324.999999999998,-7057.999999999998,0.0,43752.278888888955,0.0,False,10
7626,1017.089,-8325.0,-7058.0,0.0,43752.278888888955,0.0,False,10
7627,1017.183,-8325.0,-7058.000000000001,0.0,43752.278888888955,0.0,False,10
7628,1017.329,-8325.0,-7058.0,0.0,43752.27888888895,0.0,False,10
7629,1017.343,-8324.999999999998,-7057.999999999999,0.0,43752.278888888955,0.0,False,10
7630,1017.583,-8325.0,-7058.0,0.0,43752.278888888955,0.0,False,10
7631,1017.729,-8325.0,-7058.0,0.0,43752.278888888955,0.0,False,10
7632,1017.863,-8325.0,-7058.0,0.0,43752.278888888955,0.0,False,10
7633,1017.949,-8325.0,-7058.0,0.0,43752.27888888896,0.0,False,10
7634,1018.023,-8325.0,-7057.999999999999,0.0,43752.278888888955,0.0,False,10
7635,1018.149,-8325.0,-7058.0,0.0,43752.27888888894,0.0,False,10
7636,1018.303,-8325.0,-7058.0,0.0,43752.278888888955,0.0,False,10
7637,1018.529,-8325.0,-7058.0,0.0,43752.278888888955,0.0,False,10
7638,1018.589,-8325.0,-7058.0,0.0,43752.278888888955,0.0,False,10
7639,1018.663,-8325.0,-7058.000000000001,0.0,43752.278888888955,0.0,False,10
7640,1018.943,-8325.000000000002,-7058.0,0.0,43752.278888888955,0.0,False,10
7641,1018.949,-8325.0,-7058.0,0.0,43752.27888888895,0.0,False,10
7642,1019.149,-8325.0,-7058.0,0.0,43752.278888888955,0.0,False,10
7643,1019.223,-8325.000000000002,-7058.000000000001,0.0,43752.278888888955,0.0,False,10
7644,1019.349,-8325.0,-7058.0,0.0,43752.278888888955,0.0,False,10
7645,1019.469,-8325.0,-7058.0,0.0,43752.27888888895,0.0,False,10
7646,1019.502,-8325.0,-7058.000000000001,0.0,43752.278888888955,0.0,False,10
7647,1019.729,-8325.0,-7058.0,0.0,43752.278888888955,0.0,False,10
7648,1019.742,-8324.999999999998,-7057.999999999998,0.0,43752.278888888955,0.0,False,10
7649,1020.022,-8324.999999999998,-7057.999999999998,0.0,43752.278888888955,0.0,False,10
7650,1020.189,-8325.0,-7058.0,0.0,43752.278888888955,0.0,False,10
7651,1020.382,-8325.0,-7058.0,0.0,43752.278888888955,0.0,False,10
7652,1020.582,-8325.0,-7057.999999999999,0.0,43752.278888888955,0.0,False,10
7653,1020.61,-8325.0,-7058.0,0.0,43752.27888888896,0.0,False,10
7654,1020.742,-8325.0,-7058.0,0.0,43752.278888888955,0.0,False,10
7655,1020.81,-8325.0,-7058.0,0.0,43752.278888888955,0.0,False,10
7656,1020.902,-8325.0,-7058.0,0.0,43752.278888888955,0.0,False,10
7657,1021.103,-8325.0,-7058.0,0.0,43752.278888888955,0.0,False,10
7658,1021.13,-8325.0,-7058.0,0.0,43752.27888888894,0.0,False,10
7659,1021.343,-8325.000000000002,-7057.999999999999,0.0,43752.278888888955,0.0,False,10
7660,1021.39,-8325.0,-7058.0,0.0,43752.27888888896,0.0,False,10
7661,1021.583,-8324.999999999998,-7057.999999999999,0.0,43752.278888888955,0.0,False,10
7662,1021.59,-8325.0,-7058.0,0.0,43752.278888888955,0.0,False,10
7663,1021.83,-8325.0,-7058.0,0.0,43752.278888888955,0.0,False,10
7664,1021.943,-8325.0,-7058.000000000001,0.0,43752.278888888955,0.0,False,10
7665,1022.07,-8325.0,-7058.0,0.0,43752.278888888955,0.0,False,10
7666,1022.223,-8325.0,-7058.0,0.0,43752.278888888955,0.0,False,10
7667,1022.35,-8325.0,-7058.0,0.0,43752.27888888895,0.0,False,10
7668,1022.463,-8325.0,-7057.999999999999,0.0,43752.278888888955,0.0,False,10
7669,1022.59,-8325.0,-7058.0,0.0,43752.27888888896,0.0,False,10
7670,1022.663,-8325.0,-7058.0,0.0,43752.278888888955,0.0,False,10
7671,1022.83,-8325.0,-7058.0,0.0,43752.27888888896,0.0,False,10
7672,1022.943,-8325.0,-7057.999999999999,0.0,43752.278888888955,0.0,False,10
7673,1023.05,-8325.0,-7058.0,0.0,43752.27888888895,0.0,False,10
7674,1023.263,-8325.000000000002,-7058.0,0.0,43752.278888888955,0.0,False,10
7675,1023.31,-8325.0,-7058.0,0.0,43752.278888888955,0.0,False,10
7676,1023.463,-8325.000000000002,-7058.000000000001,0.0,43752.278888888955,0.0,False,10
7677,1023.609,-8325.0,-7058.0,0.0,43752.278888888955,0.0,False,10
7678,1023.729,-8325.0,-7058.0,0.0,43752.278888888955,0.0,False,10
7679,1023.863,-8325.0,-7058.000000000001,0.0,43752.278888888955,0.0,False,10
7680,1024.023,-8325.0,-7058.000000000001,0.0,43752.278888888955,0.0,False,10
7681,1024.069,-8325.0,-7058.0,0.0,43752.278888888955,0.0,False,10
7682,1024.263,-8325.0,-7058.0,0.0,43752.278888888955,0.0,False,10
7683,1024.349,-8325.0,-7058.0,0.0,43752.278888888955,0.0,False,10
7684,1024.503,-8324.999999999998,-7057.999999999999,0.0,43752.278888888955,0.0,False,10
7685,1024.509,-8325.0,-7058.0,0.0,43752.278888888955,0.0,False,10
7686,1024.743,-8325.0,-7058.0,0.0,43752.278888888955,0.0,False,10
7687,1024.769,-8325.0,-7058.0,0.0,43752.278888888955,0.0,False,10
7688,1024.929,-8325.0,-7058.0,0.0,43752.278888888955,0.0,False,10
7689,1025.023,-8325.0,-7058.0,0.0,43752.278888888955,0.0,False,10
7690,1025.129,-8325.0,-7058.0,0.0,43752.27888888895,0.0,False,10
7691,1025.469,-8325.0,-7058.0,0.0,43752.278888888955,0.0,False,10
7692,1025.503,-8324.999999999998,-7057.999999999999,0.0,43752.278888888955,0.0,False,10
7693,1025.689,-8325.0,-7058.0,0.0,43752.27888888895,0.0,False,10
7694,1025.809,-8325.0,-7058.0,0.0,43752.27888888895,0.0,False,10
7695,1025.943,-8325.0,-7058.000000000001,0.0,43752.278888888955,0.0,False,10
7696,1026.009,-8325.0,-7058.0,0.0,43752.278888888955,0.0,False,10
7697,1026.262,-8325.0,-7058.000000000001,0.0,43752.278888888955,0.0,False,10
7698,1026.309,-8325.0,-7058.0,0.0,43752.27888888896,0.0,False,10
7699,1026.622,-8325.0,-7058.000000000001,0.0,43752.278888888955,0.0,False,10
7700,1026.669,-8325.0,-7058.0,0.0,43752.278888888955,0.0,False,10
7701,1026.822,-8325.0,-7058.000000000001,0.0,43752.278888888955,0.0,False,10
7702,1026.93,-8325.0,-7058.0,0.0,43752.278888888955,0.0,False,10
7703,1027.102,-8325.0,-7058.0,0.0,43752.278888888955,0.0,False,10
7704,1027.15,-8325.0,-7058.0,0.0,43752.27888888895,0.0,False,10
7705,1027.262,-8324.999999999998,-7057.999999999999,0.0,43752.278888888955,0.0,False,10
7706,1027.31,-8325.0,-7058.0,0.0,43752.27888888895,0.0,False,10
7707,1027.502,-8325.000000000002,-7058.000000000001,0.0,43752.278888888955,0.0,False,10
7708,1027.75,-8325.0,-7058.0,0.0,43752.27888888897,0.0,False,10
7709,1027.863,-8325.000000000002,-7058.000000000001,0.0,43752.278888888955,0.0,False,10
7710,1027.99,-8325.0,-7058.0,0.0,43752.278888888955,0.0,False,10
7711,1028.183,-8325.0,-7058.0,0.0,43752.278888888955,0.0,False,10
7712,1028.27,-8325.0,-7058.0,0.0,43752.27888888895,0.0,False,10
7713,1028.383,-8325.000000000002,-7058.0,0.0,43752.278888888955,0.0,False,10
7714,1028.51,-8325.0,-7058.0,0.0,43752.278888888955,0.0,False,10
7715,1028.783,-8324.999999999998,-7058.0,0.0,43752.278888888955,0.0,False,10
7716,1028.81,-8325.0,-7058.0,0.0,43752.278888888955,0.0,False,10
7717,1029.03,-8325.0,-7058.0,0.0,43752.27888888895,0.0,False,10
7718,1029.183,-8325.0,-7057.999999999999,0.0,43752.278888888955,0.0,False,10
7719,1029.343,-8324.999999999998,-7057.999999999999,0.0,43752.278888888955,0.0,False,10
7720,1029.35,-8325.0,-7058.0,0.0,43752.278888888955,0.0,False,10
7721,1029.503,-8324.999999999998,-7058.0,0.0,43752.278888888955,0.0,False,10
7722,1029.61,-8325.0,-7058.0,0.0,43752.278888888955,0.0,False,10
7723,1029.783,-8325.0,-7058.0,0.0,43752.278888888955,0.0,False,10
7724,1029.79,-8325.0,-7058.0,0.0,43752.27888888896,0.0,False,10
7725,1030.129,-8325.0,-7058.0,0.0,43752.27888888896,0.0,False,10
7726,1030.263,-8324.999999999998,-7058.0,0.0,43752.278888888955,0.0,False,10
7727,1030.309,-8325.0,-7058.0,0.0,43752.27888888895,0.0,False,10
7728,1030.543,-8325.0,-7057.999999999999,0.0,43752.278888888955,0.0,False,10
7729,1030.569,-8325.0,-7058.0,0.0,43752.27888888896,0.0,False,10
7730,1030.743,-8325.000000000002,-7058.0,0.0,43752.278888888955,0.0,False,10
7731,1030.889,-8325.0,-7058.0,0.0,43752.27888888895,0.0,False,10
7732,1031.103,-8325.0,-7058.000000000001,0.0,43752.278888888955,0.0,False,10
7733,1031.229,-8325.0,-7058.0,0.0,43752.27888888896,0.0,False,10
7734,1031.509,-8325.0,-7058.0,0.0,43752.278888888955,0.0,False,10
7735,1031.543,-8324.999999999998,-7057.999999999999,0.0,43752.278888888955,0.0,False,10
7736,1031.703,-8325.0,-7057.999999999998,0.0,43752.278888888955,0.0,False,10
7737,1031.869,-8325.0,-7058.0,0.0,43752.27888888896,0.0,False,10
7738,1032.029,-8325.0,-7058.0,0.0,43752.278888888955,0.0,False,10
7739,1032.143,-8325.0,-7058.0,0.0,43752.278888888955,0.0,False,10
7740,1032.249,-8325.0,-7058.0,0.0,43752.27888888895,0.0,False,10
7741,1032.409,-8325.0,-7058.0,0.0,43752.27888888895,0.0,False,10
7742,1032.423,-8325.0,-7058.0,0.0,43752.278888888955,0.0,False,10
7743,1032.689,-8325.0,-7058.0,0.0,43752.27888888895,0.0,False,10
7744,1032.783,-8325.0,-7058.0,0.0,43752.278888888955,0.0,False,10
7745,1032.942,-8325.0,-7058.000000000001,0.0,43752.278888888955,0.0,False,10
7746,1032.969,-8325.0,-7058.0,0.0,43752.27888888896,0.0,False,10
7747,1033.102,-8325.0,-7058.000000000001,0.0,43752.278888888955,0.0,False,10
7748,1033.302,-8325.0,-7058.0,0.0,43752.278888888955,0.0,False,10
7749,1033.409,-8325.0,-7058.0,0.0,43752.278888888955,0.0,False,10
7750,1033.462,-8325.0,-7058.0,0.0,43752.278888888955,0.0,False,10
7751,1033.59,-8325.0,-7058.0,0.0,43752.278888888955,0.0,False,10
7752,1033.782,-8325.000000000002,-7057.999999999999,0.0,43752.278888888955,0.0,False,10
7753,1033.89,-8325.0,-7058.0,0.0,43752.278888888955,0.0,False,10
7754,1033.982,-8325.0,-7058.0,0.0,43752.278888888955,0.0,False,10
7755,1034.19,-8325.0,-7058.0,0.0,43752.278888888955,0.0,False,10
7756,1034.222,-8324.999999999998,-7057.999999999998,0.0,43752.278888888955,0.0,False,10
7757,1034.49,-8325.0,-7058.0,0.0,43752.278888888955,0.0,False,10
7758,1034.503,-8325.0,-7058.0,0.0,43752.278888888955,0.0,False,10
7759,1034.75,-8325.0,-7058.0,0.0,43752.27888888895,0.0,False,10
7760,1034.783,-8325.0,-7057.999999999999,0.0,43752.278888888955,0.0,False,10
7761,1034.97,-8325.0,-7058.0,0.0,43752.278888888955,0.0,False,10
7762,1035.103,-8325.000000000002,-7058.000000000001,0.0,43752.278888888955,0.0,False,10
7763,1035.45,-8325.0,-7058.0,0.0,43752.27888888896,0.0,False,10
7764,1035.463,-8325.0,-7058.0,0.0,43752.278888888955,0.0,False,10
7765,1035.623,-8325.0,-7058.000000000001,0.0,43752.278888888955,0.0,False,10
7766,1035.67,-8325.0,-7058.0,0.0,43752.27888888894,0.0,False,10
7767,1035.73,-8325.0,-7058.0,0.0,43752.278888888955,0.0,False,10
7768,1035.783,-8325.0,-7058.000000000001,0.0,43752.278888888955,0.0,False,10
7769,1035.93,-8325.0,-7058.0,0.0,43752.278888888955,0.0,False,10
7770,1036.023,-8325.000000000002,-7058.000000000001,0.0,43752.278888888955,0.0,False,10
7771,1036.19,-8325.0,-7058.0,0.0,43752.27888888895,0.0,False,10
7772,1036.303,-8325.000000000002,-7058.000000000001,0.0,43752.278888888955,0.0,False,10
7773,1036.49,-8325.0,-7058.0,0.0,43752.27888888895,0.0,False,10
7774,1036.583,-8325.0,-7058.0,0.0,43752.278888888955,0.0,False,10
7775,1036.863,-8325.0,-7058.000000000001,0.0,43752.278888888955,0.0,False,10
7776,1036.889,-8325.0,-7058.0,0.0,43752.278888888955,0.0,False,10
7777,1037.063,-8325.0,-7058.0,0.0,43752.278888888955,0.0,False,10
7778,1037.089,-8325.0,-7058.0,0.0,43752.27888888895,0.0,False,10
7779,1037.223,-8325.000000000002,-7058.0,0.0,43752.278888888955,0.0,False,10
7780,1037.349,-8325.0,-7058.0,0.0,43752.27888888895,0.0,False,10
7781,1037.423,-8325.0,-7057.999999999999,0.0,43752.278888888955,0.0,False,10
7782,1037.623,-8325.000000000002,-7058.0,0.0,43752.278888888955,0.0,False,10
7783,1037.689,-8325.0,-7058.0,0.0,43752.278888888955,0.0,False,10
7784,1037.823,-8325.000000000002,-7058.0,0.0,43752.278888888955,0.0,False,10
7785,1037.869,-8325.0,-7058.0,0.0,43752.27888888895,0.0,False,10
7786,1038.129,-8325.0,-7058.0,0.0,43752.278888888955,0.0,False,10
7787,1038.143,-8325.0,-7058.0,0.0,43752.278888888955,0.0,False,10
7788,1038.789,-8325.0,-7058.0,0.0,43752.278888888955,0.0,False,10
7789,1038.823,-8325.0,-7057.999999999999,0.0,43752.278888888955,0.0,False,10
7790,1038.949,-8325.0,-7058.0,0.0,43752.27888888895,0.0,False,10
7791,1039.103,-8324.999999999998,-7057.999999999999,0.0,43752.278888888955,0.0,False,10
7792,1039.329,-8325.0,-7058.0,0.0,43752.27888888894,0.0,False,10
7793,1039.343,-8325.000000000002,-7058.000000000002,0.0,43752.278888888955,0.0,False,10
7794,1039.669,-8325.0,-7058.0,0.0,43752.27888888895,0.0,False,10
7795,1039.702,-8324.999999999998,-7057.999999999998,0.0,43752.278888888955,0.0,False,10
7796,1039.902,-8325.0,-7057.999999999999,0.0,43752.278888888955,0.0,False,10
7797,1039.969,-8325.0,-7058.0,0.0,43752.278888888955,0.0,False,10
7798,1040.062,-8325.000000000002,-7058.0,0.0,43752.278888888955,0.0,False,10
7799,1040.262,-8325.0,-7057.999999999999,0.0,43752.278888888955,0.0,False,10
7800,1040.37,-8325.0,-7058.0,0.0,43752.278888888955,0.0,False,10
7801,1040.502,-8325.0,-7058.0,0.0,43752.278888888955,0.0,False,10
7802,1040.702,-8325.0,-7058.0,0.0,43752.278888888955,0.0,False,10
7803,1040.79,-8325.0,-7058.0,0.0,43752.278888888955,0.0,False,10
7804,1040.87,-8325.0,-7058.0,0.0,43752.27888888896,0.0,False,10
7805,1040.903,-8325.0,-7058.0,0.0,43752.278888888955,0.0,False,10
7806,1041.103,-8325.000000000002,-7058.0,0.0,43752.278888888955,0.0,False,10
7807,1041.17,-8325.0,-7058.0,0.0,43752.278888888955,0.0,False,10
7808,1041.39,-8325.0,-7058.0,0.0,43752.27888888896,0.0,False,10
7809,1041.423,-8325.000000000002,-7058.000000000001,0.0,43752.278888888955,0.0,False,10
7810,1041.583,-8325.0,-7058.0,0.0,43752.278888888955,0.0,False,10
7811,1041.743,-8325.0,-7058.0,0.0,43752.278888888955,0.0,False,10
7812,1041.83,-8325.0,-7058.0,0.0,43752.27888888896,0.0,False,10
7813,1042.01,-8325.0,-7058.0,0.0,43752.278888888955,0.0,False,10
7814,1042.023,-8325.000000000002,-7057.999999999999,0.0,43752.278888888955,0.0,False,10
7815,1042.383,-8325.000000000002,-7058.0,0.0,43752.278888888955,0.0,False,10
7816,1042.47,-8325.0,-7058.0,0.0,43752.27888888895,0.0,False,10
7817,1042.65,-8325.0,-7058.0,0.0,43752.278888888955,0.0,False,10
7818,1042.663,-8325.0,-7058.0,0.0,43752.278888888955,0.0,False,10
7819,1043.063,-8325.0,-7058.0,0.0,43752.278888888955,0.0,False,10
7820,1043.09,-8325.0,-7058.0,0.0,43752.278888888955,0.0,False,10
7821,1043.309,-8325.0,-7058.0,0.0,43752.27888888896,0.0,False,10
7822,1043.423,-8325.0,-7058.0,0.0,43752.278888888955,0.0,False,10
7823,1043.623,-8325.0,-7058.000000000001,0.0,43752.278888888955,0.0,False,10
7824,1043.689,-8325.0,-7058.0,0.0,43752.27888888895,0.0,False,10
7825,1043.863,-8325.0,-7058.000000000002,0.0,43752.278888888955,0.0,False,10
7826,1043.929,-8325.0,-7058.0,0.0,43752.278888888955,0.0,False,10
7827,1044.023,-8325.0,-7058.000000000001,0.0,43752.278888888955,0.0,False,10
7828,1044.223,-8325.0,-7057.999999999998,0.0,43752.278888888955,0.0,False,10
7829,1044.289,-8325.0,-7058.0,0.0,43752.278888888955,0.0,False,10
7830,1044.489,-8325.0,-7058.0,0.0,43752.27888888895,0.0,False,10
7831,1044.503,-8325.0,-7058.000000000001,0.0,43752.278888888955,0.0,False,10
7832,1044.703,-8324.999999999998,-7058.0,0.0,43752.278888888955,0.0,False,10
7833,1044.983,-8325.0,-7058.0,0.0,43752.278888888955,0.0,False,10
7834,1044.989,-8325.0,-7058.0,0.0,43752.27888888895,0.0,False,10
7835,1045.183,-8325.0,-7058.0,0.0,43752.278888888955,0.0,False,10
7836,1045.329,-8325.0,-7058.0,0.0,43752.27888888896,0.0,False,10
7837,1045.383,-8325.0,-7058.0,0.0,43752.278888888955,0.0,False,10
7838,1045.769,-8325.0,-7058.0,0.0,43752.278888888955,0.0,False,10
7839,1045.783,-8325.000000000002,-7058.000000000002,0.0,43752.278888888955,0.0,False,10
7840,1045.943,-8325.0,-7058.000000000002,0.0,43752.278888888955,0.0,False,10
7841,1046.009,-8325.0,-7058.0,0.0,43752.27888888896,0.0,False,10
7842,1046.183,-8325.0,-7058.0,0.0,43752.278888888955,0.0,False,10
7843,1046.209,-8325.0,-7058.0,0.0,43752.278888888955,0.0,False,10
7844,1046.502,-8325.0,-7057.999999999999,0.0,43752.278888888955,0.0,False,10
7845,1046.529,-8325.0,-7058.0,0.0,43752.278888888955,0.0,False,10
7846,1046.662,-8324.999999999998,-7057.999999999999,0.0,43752.278888888955,0.0,False,10
7847,1046.79,-8325.0,-7058.0,0.0,43752.27888888895,0.0,False,10
7848,1046.99,-8325.0,-7058.0,0.0,43752.27888888894,0.0,False,10
7849,1047.022,-8324.999999999998,-7057.999999999998,0.0,43752.278888888955,0.0,False,10
7850,1047.182,-8324.999999999998,-7057.999999999998,0.0,43752.278888888955,0.0,False,10
7851,1047.382,-8325.0,-7057.999999999999,0.0,43752.278888888955,0.0,False,10
7852,1047.45,-8325.0,-7058.0,0.0,43752.27888888897,0.0,False,10
7853,1047.543,-8325.0,-7058.0,0.0,43752.278888888955,0.0,False,10
7854,1047.65,-8325.0,-7058.0,0.0,43752.27888888896,0.0,False,10
7855,1047.863,-8324.999999999998,-7057.999999999999,0.0,43752.278888888955,0.0,False,10
7856,1047.91,-8325.0,-7058.0,0.0,43752.27888888896,0.0,False,10
7857,1048.223,-8325.0,-7058.0,0.0,43752.278888888955,0.0,False,10
7858,1048.27,-8325.0,-7058.0,0.0,43752.27888888895,0.0,False,10
7859,1048.49,-8325.0,-7058.0,0.0,43752.278888888955,0.0,False,10
7860,1048.543,-8324.999999999998,-7057.999999999999,0.0,43752.278888888955,0.0,False,10
7861,1048.863,-8325.000000000004,-7058.000000000002,0.0,43752.278888888955,0.0,False,10
7862,1048.93,-8325.0,-7058.0,0.0,43752.27888888895,0.0,False,10
7863,1048.97,-8325.0,-7058.0,0.0,43752.27888888895,0.0,False,10
7864,1049.063,-8324.999999999996,-7057.999999999997,0.0,43752.278888888955,0.0,False,10
7865,1049.21,-8325.0,-7058.0,0.0,43752.278888888955,0.0,False,10
7866,1049.463,-8325.0,-7057.999999999999,0.0,43752.278888888955,0.0,False,10
7867,1049.51,-8325.0,-7058.0,0.0,43752.27888888896,0.0,False,10
7868,1049.703,-8325.000000000002,-7058.000000000001,0.0,43752.278888888955,0.0,False,10
7869,1049.85,-8325.0,-7058.0,0.0,43752.27888888895,0.0,False,10
7870,1049.863,-8325.0,-7058.0,0.0,43752.278888888955,0.0,False,10
7871,1050.069,-8325.0,-7058.0,0.0,43752.27888888896,0.0,False,10
7872,1050.103,-8325.0,-7058.0,0.0,43752.278888888955,0.0,False,10
7873,1050.263,-8325.0,-7058.000000000001,0.0,43752.278888888955,0.0,False,10
7874,1050.269,-8325.0,-7058.0,0.0,43752.27888888896,0.0,False,10
7875,1050.463,-8324.999999999998,-7058.0,0.0,43752.278888888955,0.0,False,10
7876,1050.663,-8324.999999999998,-7057.999999999998,0.0,43752.278888888955,0.0,False,10
7877,1050.749,-8325.0,-7058.0,0.0,43752.278888888955,0.0,False,10
7878,1050.823,-8325.0,-7058.0,0.0,43752.278888888955,0.0,False,10
7879,1050.909,-8325.0,-7058.0,0.0,43752.278888888955,0.0,False,10
7880,1051.023,-8325.0,-7058.0,0.0,43752.278888888955,0.0,False,10
7881,1051.069,-8325.0,-7058.0,0.0,43752.27888888895,0.0,False,10
7882,1051.303,-8324.999999999998,-7057.999999999999,0.0,43752.278888888955,0.0,False,10
7883,1051.329,-8325.0,-7058.0,0.0,43752.278888888955,0.0,False,10
7884,1051.503,-8325.0,-7058.0,0.0,43752.278888888955,0.0,False,10
7885,1051.663,-8325.0,-7057.999999999999,0.0,43752.278888888955,0.0,False,10
7886,1051.669,-8325.0,-7058.0,0.0,43752.278888888955,0.0,False,10
7887,1051.989,-8325.0,-7058.0,0.0,43752.27888888897,0.0,False,10
7888,1052.023,-8325.000000000002,-7058.0,0.0,43752.278888888955,0.0,False,10
7889,1052.183,-8324.999999999998,-7058.0,0.0,43752.278888888955,0.0,False,10
7890,1052.329,-8325.0,-7058.0,0.0,43752.27888888896,0.0,False,10
7891,1052.529,-8325.0,-7058.0,0.0,43752.278888888955,0.0,False,10
7892,1052.583,-8325.000000000002,-7058.000000000001,0.0,43752.278888888955,0.0,False,10
7893,1052.789,-8325.0,-7058.0,0.0,43752.27888888896,0.0,False,10
7894,1052.823,-8325.000000000002,-7058.000000000001,0.0,43752.278888888955,0.0,False,10
7895,1052.949,-8325.0,-7058.0,0.0,43752.27888888896,0.0,False,10
7896,1053.063,-8325.000000000002,-7058.000000000001,0.0,43752.278888888955,0.0,False,10
7897,1053.169,-8325.0,-7058.0,0.0,43752.278888888955,0.0,False,10
7898,1053.35,-8325.0,-7058.0,0.0,43752.278888888955,0.0,False,10
7899,1053.462,-8325.0,-7058.0,0.0,43752.278888888955,0.0,False,10
7900,1053.63,-8325.0,-7058.0,0.0,43752.278888888955,0.0,False,10
7901,1053.862,-8325.0,-7057.999999999999,0.0,43752.278888888955,0.0,False,10
7902,1054.07,-8325.0,-7058.0,0.0,43752.27888888897,0.0,False,10
7903,1054.79,-8325.0,-7058.0,0.0,43752.27888888896,0.0,False,10
7904,1054.863,-8324.999999999998,-7058.0,0.0,43752.278888888955,0.0,False,10
7905,1054.99,-8325.0,-7058.0,0.0,43752.27888888896,0.0,False,10
7906,1055.023,-8324.999999999998,-7057.999999999999,0.0,43752.278888888955,0.0,False,10
7907,1055.21,-8325.0,-7058.0,0.0,43752.278888888955,0.0,False,10
7908,1055.263,-8325.0,-7058.0,0.0,43752.278888888955,0.0,False,10
7909,1055.53,-8325.0,-7058.0,0.0,43752.27888888896,0.0,False,10
7910,1055.543,-8325.0,-7057.999999999999,0.0,43752.278888888955,0.0,False,10
7911,1055.703,-8325.0,-7057.999999999999,0.0,43752.278888888955,0.0,False,10
7912,1055.903,-8325.0,-7058.0,0.0,43752.278888888955,0.0,False,10
7913,1055.95,-8325.0,-7058.0,0.0,43752.27888888897,0.0,False,10
7914,1056.09,-8325.0,-7058.0,0.0,43752.27888888896,0.0,False,10
7915,1056.303,-8324.999999999998,-7058.000000000001,0.0,43752.278888888955,0.0,False,10
7916,1056.469,-8325.0,-7058.0,0.0,43752.278888888955,0.0,False,10
7917,1056.543,-8325.0,-7057.999999999999,0.0,43752.278888888955,0.0,False,10
7918,1056.669,-8325.0,-7058.0,0.0,43752.278888888955,0.0,False,10
7919,1056.783,-8325.0,-7058.0,0.0,43752.278888888955,0.0,False,10
7920,1056.989,-8325.0,-7058.0,0.0,43752.278888888955,0.0,False,10
7921,1057.063,-8325.0,-7058.0,0.0,43752.278888888955,0.0,False,10
7922,1057.109,-8325.0,-7058.0,0.0,43752.27888888896,0.0,False,10
7923,1057.289,-8325.0,-7058.0,0.0,43752.278888888955,0.0,False,10
7924,1057.343,-8324.999999999998,-7058.0,0.0,43752.278888888955,0.0,False,10
7925,1057.469,-8325.0,-7058.0,0.0,43752.27888888895,0.0,False,10
7926,1057.703,-8324.999999999998,-7058.0,0.0,43752.278888888955,0.0,False,10
7927,1057.769,-8325.0,-7058.0,0.0,43752.278888888955,0.0,False,10
7928,1057.929,-8325.0,-7058.0,0.0,43752.27888888896,0.0,False,10
7929,1058.023,-8325.000000000002,-7057.999999999999,0.0,43752.278888888955,0.0,False,10
7930,1058.069,-8325.0,-7058.0,0.0,43752.278888888955,0.0,False,10
7931,1058.289,-8325.0,-7058.0,0.0,43752.27888888897,0.0,False,10
7932,1058.463,-8325.0,-7057.999999999999,0.0,43752.278888888955,0.0,False,10
7933,1058.509,-8325.0,-7058.0,0.0,43752.278888888955,0.0,False,10
7934,1058.829,-8325.0,-7058.0,0.0,43752.27888888895,0.0,False,10
7935,1058.863,-8325.0,-7057.999999999999,0.0,43752.278888888955,0.0,False,10
7936,1059.063,-8325.000000000002,-7058.0,0.0,43752.278888888955,0.0,False,10
7937,1059.269,-8325.0,-7058.0,0.0,43752.278888888955,0.0,False,10
7938,1059.303,-8325.0,-7058.0,0.0,43752.278888888955,0.0,False,10
7939,1059.669,-8325.0,-7058.0,0.0,43752.278888888955,0.0,False,10
7940,1059.703,-8325.0,-7058.0,0.0,43752.278888888955,0.0,False,10
7941,1059.982,-8324.999999999998,-7057.999999999999,0.0,43752.278888888955,0.0,False,10
7942,1060.11,-8325.0,-7058.0,0.0,43752.278888888955,0.0,False,10
7943,1060.222,-8325.0,-7057.999999999999,0.0,43752.278888888955,0.0,False,10
7944,1060.23,-8325.0,-7058.0,0.0,43752.278888888955,0.0,False,10
7945,1060.39,-8325.0,-7058.0,0.0,43752.27888888894,0.0,False,10
7946,1060.462,-8324.999999999998,-7057.999999999998,0.0,43752.278888888955,0.0,False,10
7947,1060.663,-8325.0,-7058.0,0.0,43752.278888888955,0.0,False,10
7948,1060.69,-8325.0,-7058.0,0.0,43752.27888888897,0.0,False,10
7949,1060.823,-8325.000000000002,-7058.0,0.0,43752.278888888955,0.0,False,10
7950,1060.87,-8325.0,-7058.0,0.0,43752.27888888895,0.0,False,10
7951,1060.99,-8325.0,-7058.0,0.0,43752.278888888955,0.0,False,10
7952,1061.023,-8325.0,-7058.000000000001,0.0,43752.278888888955,0.0,False,10
7953,1061.223,-8324.999999999998,-7058.000000000001,0.0,43752.278888888955,0.0,False,10
7954,1061.29,-8325.0,-7058.0,0.0,43752.27888888898,0.0,False,10
7955,1061.543,-8325.0,-7058.000000000002,0.0,43752.278888888955,0.0,False,10
7956,1061.703,-8324.999999999998,-7058.0,0.0,43752.278888888955,0.0,False,10
7957,1061.73,-8325.0,-7058.0,0.0,43752.27888888895,0.0,False,10
7958,1061.903,-8325.0,-7058.000000000001,0.0,43752.278888888955,0.0,False,10
7959,1061.93,-8325.0,-7058.0,0.0,43752.27888888895,0.0,False,10
7960,1062.143,-8325.0,-7058.0,0.0,43752.278888888955,0.0,False,10
7961,1062.19,-8325.0,-7058.0,0.0,43752.27888888896,0.0,False,10
7962,1062.33,-8325.0,-7058.0,0.0,43752.27888888895,0.0,False,10
7963,1062.583,-8324.999999999998,-7058.0,0.0,43752.278888888955,0.0,False,10
7964,1062.75,-8325.0,-7058.0,0.0,43752.27888888895,0.0,False,10
7965,1062.863,-8325.0,-7058.0,0.0,43752.278888888955,0.0,False,10
7966,1063.063,-8325.000000000002,-7057.999999999998,0.0,43752.278888888955,0.0,False,10
7967,1063.169,-8325.0,-7058.0,0.0,43752.278888888955,0.0,False,10
7968,1063.249,-8325.0,-7058.0,0.0,43752.27888888896,0.0,False,10
7969,1063.303,-8325.0,-7058.000000000003,0.0,43752.278888888955,0.0,False,10
7970,1063.509,-8325.0,-7058.0,0.0,43752.278888888955,0.0,False,10
7971,1063.543,-8325.0,-7058.0,0.0,43752.278888888955,0.0,False,10
7972,1063.743,-8324.999999999998,-7057.999999999999,0.0,43752.278888888955,0.0,False,10
7973,1063.829,-8325.0,-7058.0,0.0,43752.27888888894,0.0,False,10
7974,1063.983,-8325.0,-7058.0,0.0,43752.278888888955,0.0,False,10
7975,1064.169,-8325.0,-7058.0,0.0,43752.278888888955,0.0,False,10
7976,1064.263,-8325.000000000002,-7058.000000000001,0.0,43752.278888888955,0.0,False,10
7977,1064.329,-8325.0,-7058.0,0.0,43752.278888888955,0.0,False,10
7978,1064.423,-8325.0,-7058.0,0.0,43752.278888888955,0.0,False,10
7979,1064.549,-8325.0,-7058.0,0.0,43752.27888888895,0.0,False,10
7980,1064.583,-8324.999999999998,-7058.0,0.0,43752.278888888955,0.0,False,10
7981,1064.823,-8324.999999999998,-7057.999999999999,0.0,43752.278888888955,0.0,False,10
7982,1064.869,-8325.0,-7058.0,0.0,43752.278888888955,0.0,False,10
7983,1064.983,-8325.0,-7058.0,0.0,43752.278888888955,0.0,False,10
7984,1065.143,-8325.000000000002,-7058.000000000001,0.0,43752.278888888955,0.0,False,10
7985,1065.149,-8325.0,-7058.0,0.0,43752.27888888895,0.0,False,10
7986,1065.303,-8325.000000000002,-7058.0,0.0,43752.278888888955,0.0,False,10
7987,1065.369,-8325.0,-7058.0,0.0,43752.278888888955,0.0,False,10
7988,1065.589,-8325.0,-7058.0,0.0,43752.27888888896,0.0,False,10
7989,1065.663,-8325.0,-7058.0,0.0,43752.278888888955,0.0,False,10
7990,1065.823,-8325.0,-7057.999999999999,0.0,43752.278888888955,0.0,False,10
7991,1065.869,-8325.0,-7058.0,0.0,43752.27888888895,0.0,False,10
7992,1066.149,-8325.0,-7058.0,0.0,43752.27888888895,0.0,False,10
7993,1066.183,-8325.0,-7058.0,0.0,43752.278888888955,0.0,False,10
7994,1066.45,-8325.0,-7058.0,0.0,43752.27888888895,0.0,False,10
7995,1066.503,-8325.0,-7058.0,0.0,43752.278888888955,0.0,False,10
7996,1066.65,-8325.0,-7058.0,0.0,43752.278888888955,0.0,False,10
7997,1066.702,-8325.000000000002,-7058.000000000001,0.0,43752.278888888955,0.0,False,10
7998,1066.862,-8325.0,-7057.999999999999,0.0,43752.278888888955,0.0,False,10
7999,1066.89,-8325.0,-7058.0,0.0,43752.278888888955,0.0,False,10
8000,1067.022,-8325.0,-7058.0,0.0,43752.278888888955,0.0,False,10
8001,1067.223,-8325.0,-7058.0,0.0,43752.278888888955,0.0,False,10
8002,1067.29,-8325.0,-7058.0,0.0,43752.278888888955,0.0,False,10
8003,1067.463,-8325.0,-7057.999999999999,0.0,43752.278888888955,0.0,False,10
8004,1067.743,-8325.0,-7058.0,0.0,43752.278888888955,0.0,False,10
8005,1067.75,-8325.0,-7058.0,0.0,43752.278888888955,0.0,False,10
8006,1068.263,-8325.0,-7057.999999999999,0.0,43752.278888888955,0.0,False,10
8007,1068.31,-8325.0,-7058.0,0.0,43752.278888888955,0.0,False,10
8008,1068.463,-8325.0,-7058.0,0.0,43752.278888888955,0.0,False,10
8009,1068.703,-8325.000000000002,-7058.000000000001,0.0,43752.278888888955,0.0,False,10
8010,1068.73,-8325.0,-7058.0,0.0,43752.278888888955,0.0,False,10
8011,1068.863,-8325.0,-7058.000000000002,0.0,43752.278888888955,0.0,False,10
8012,1068.95,-8325.0,-7058.0,0.0,43752.278888888955,0.0,False,10
8013,1069.11,-8325.0,-7058.0,0.0,43752.278888888955,0.0,False,10
8014,1069.143,-8325.0,-7057.999999999999,0.0,43752.278888888955,0.0,False,10
8015,1069.303,-8324.999999999998,-7057.999999999999,0.0,43752.278888888955,0.0,False,10
8016,1069.33,-8325.0,-7058.0,0.0,43752.278888888955,0.0,False,10
8017,1069.543,-8325.0,-7058.0,0.0,43752.278888888955,0.0,False,10
8018,1069.57,-8325.0,-7058.0,0.0,43752.278888888955,0.0,False,10
8019,1069.703,-8325.0,-7058.000000000001,0.0,43752.278888888955,0.0,False,10
8020,1069.809,-8325.0,-7058.0,0.0,43752.27888888895,0.0,False,10
8021,1069.983,-8325.000000000002,-7058.000000000001,0.0,43752.278888888955,0.0,False,10
8022,1070.049,-8325.0,-7058.0,0.0,43752.278888888955,0.0,False,10
8023,1070.143,-8325.0,-7058.0,0.0,43752.278888888955,0.0,False,10
8024,1070.191,-8325.000000000002,-7058.0,0.0,43752.278888888955,0.0,False,10
