,TimeSeconds,X,Y,Speed,Distance,Throttle,Brake,LapNumber
0,0.0,2964.9857205511357,2536.978117830482,0.0,-4527.123157563404,41.0,True,1
1,0.095,2964.9929659966147,2536.989230328762,0.0,-4527.1366666666645,41.0,True,1
2,0.151,2965.0,2537.0,0.0,-4527.1495160953245,41.0,True,1
3,0.311,2965.0,2537.0,0.0,-4527.190556353738,41.0,True,1
4,0.415,2964.894761907948,2536.8388713239024,0.0,-4527.1366666666645,41.0,False,1
5,0.655,2964.6304866638366,2535.481185078333,7.0,-4526.669999999998,41.0,False,1
6,0.751,2965.0,2534.0,9.4,-4526.348111982343,41.0,False,1
7,0.971,2967.0,2528.0,14.900006399999999,-4525.357134000753,41.0,False,1
8,0.975,2967.045211412026,2527.845460394,15.0,-4525.336666666664,41.0,False,1
9,1.175,2969.538465711453,2518.046675826877,21.0,-4524.169999999998,41.0,False,1
10,1.211,2970.0,2516.0,22.00000711111111,-4523.91307031397,41.100000711111115,False,1
11,1.351,2972.0,2507.0,25.88888888888889,-4522.758458955048,41.48888888888889,False,1
12,1.535,2976.9218618455993,2489.0497450550392,31.0,-4521.069999999998,42.0,False,1
13,1.631,2980.0,2478.0,32.44,-4520.189620869057,42.0,False,1
14,1.735,2983.4006553312056,2465.398238766769,34.0,-4519.181111111109,42.0,False,1
15,1.975,2990.7559540337293,2436.954045069828,42.0,-4516.381111111109,46.0,False,1
16,2.031,2992.0,2432.0,43.82456111084734,-4515.619422382404,47.122806837444514,False,1
17,2.331,2998.0,2408.0,53.5990039740946,-4510.973820807977,53.13784859944283,False,1
18,2.374,2999.84625640654,2401.0191348219237,55.0,-4510.285277777775,54.0,False,1
19,2.614,3014.14274238402,2347.861827162891,59.0,-4506.351944444442,61.0,False,1
20,2.651,3016.0,2341.0,60.6187584,-4505.701312813185,61.0,False,1
21,2.774,3020.851336602331,2323.1543260868443,66.0,-4503.418611111109,61.0,False,1
22,2.99,3028.0,2296.0,73.56,-4498.873978322424,61.54,False,1
23,3.174,3037.7793063191816,2256.8274416661,80.0,-4494.52972222222,62.0,False,1
24,3.23,3041.0,2244.0,83.64,-4493.1326480644475,65.92,False,1
25,3.374,3049.5109482220787,2210.629906235498,93.0,-4489.363055555554,76.0,False,1
26,3.41,3052.0,2201.0,94.4625,-4488.374589344152,76.5625,False,1
27,3.67,3074.0,2117.0,105.025,-4480.694531084365,80.625,False,1
28,3.694,3075.891376688202,2109.843798916539,106.0,-4479.940833333331,81.0,False,1
29,4.014,3097.4430832195735,2028.7671096074148,121.0,-4469.185277777776,90.0,False,1
30,4.05,3100.0,2019.0,123.1,-4467.892381945757,90.0,False,1
31,4.254,3117.916818847337,1949.985370392747,135.0,-4460.185277777776,90.0,False,1
32,4.27,3120.0,1942.0,135.88,-4459.544985771362,90.4,False,1
33,4.47,3152.0,1820.0,146.88,-4451.0735969678635,95.4,False,1
34,4.654,3168.9082327376823,1756.6735402231743,157.0,-4442.7408333333315,100.0,False,1
35,4.81,3181.0,1711.0,163.825,-4435.406557785626,100.0,False,1
36,4.974,3200.5180193298042,1635.1825364648987,171.0,-4427.540833333331,100.0,False,1
37,5.07,3215.0,1577.0,172.92,-4422.918202222184,100.0,False,1
38,5.174,3233.1337716636526,1502.1389071301755,175.0,-4417.818611111109,100.0,False,1
39,5.35,3262.0,1381.0,181.6,-4408.777646501022,100.0,False,1
40,5.494,3273.544757837316,1332.8022977122796,187.0,-4401.196388888887,100.0,False,1
41,5.65,3283.0,1290.0,190.9,-4392.923472481173,100.0,False,1
42,5.654,3283.3425221358116,1288.3810427090098,191.0,-4392.707499999998,100.0,False,1
43,5.93,3314.0,1140.0,201.84285714285716,-4377.227928972521,100.0,False,1
44,5.934,3314.398076411335,1138.0862162907626,202.0,-4376.996388888887,100.0,False,1
45,6.15,3335.0,1031.0,211.0,-4364.279740799563,100.0,False,1
46,6.174,3338.195347440117,1011.3081358710551,212.0,-4362.863055555554,100.0,False,1
47,6.35,3364.0,842.0,211.56109718680852,-4352.522453003459,56.10971868085286,False,1
48,6.575,3373.4369496941795,770.9330118271724,211.0,-4339.359999999998,0.0,True,1
49,6.631,3375.0,749.0,211.0,-4336.079659541652,0.0,True,1
50,6.815,3383.771379937365,614.7858207566431,211.0,-4325.293333333331,0.0,True,1
51,7.031,3394.0,441.0,211.0,-4312.633092044449,0.0,True,1
52,7.095,3395.302372197206,411.2919041257364,211.0,-4308.88222222222,0.0,True,1
53,7.335,3395.0796282136553,348.11693433964604,211.0,-4294.815555555553,0.0,True,1
54,7.351,3395.0,342.0,211.0,-4293.877525774225,0.0,True,1
55,7.495,3394.067538658067,269.24571372574684,211.0,-4285.437777777775,0.0,True,1
56,7.551,3393.0,232.0,211.0,-4282.1613489941055,29.12,True,1
57,7.695,3387.503057304849,112.69577740602888,211.0,-4273.715555555554,104.0,True,1
58,7.831,3382.0,13.0,211.0,-4265.6237464256355,59.8,True,1
59,8.015,3378.613232022651,-41.8119121163405,211.0,-4254.959999999997,0.0,False,1
60,8.111,3376.0,-71.0,202.42857142857142,-4249.8010884337655,0.0,False,1
61,8.295,3366.835125552577,-165.66362998298274,186.0,-4240.493333333331,0.0,True,1
62,8.311,3366.0,-174.0,185.46666666666667,-4239.700900602348,0.0,True,1
63,8.591,3351.0,-313.0,176.13333333333333,-4226.160837921996,0.0,True,1
64,8.655,3346.2017637700933,-354.1260463162577,174.0,-4223.093333333331,0.0,True,1
65,8.815,3332.674014083167,-467.3413471041902,171.0,-4215.493333333331,0.0,True,1
66,8.871,3329.0,-498.0,167.47798883904852,-4212.944026807045,0.0,True,1
67,8.974,3324.2398994676296,-537.8107636821223,161.0,-4208.382499999998,0.0,True,1
68,9.214,3317.7378668335386,-595.2237987080348,157.0,-4197.915833333331,0.0,True,1
69,9.231,3317.0,-602.0,156.83000064,-4197.176312748647,0.0,True,1
70,9.414,3306.3905884937867,-700.5382813950536,155.0,-4189.30472222222,0.0,True,1
71,9.491,3302.0,-742.0,151.6312416,-4186.150663977893,0.0,True,1
72,9.734,3292.1314158673194,-839.186906543227,141.0,-4176.771388888887,0.0,True,1
73,9.93,3287.0,-909.0,134.7,-4169.541615566272,0.0,True,1
74,10.014,3285.2127276619426,-943.1147792922488,132.0,-4166.50472222222,0.0,True,1
75,10.174,3282.58960669593,-1010.9756844139936,128.0,-4160.815833333331,0.0,True,1
76,10.23,3282.0,-1032.0,126.6,-4158.872165403947,0.0,True,1
77,10.454,3281.432061779285,-1098.3047223814592,121.0,-4151.40472222222,0.0,True,1
78,10.71,3286.0,-1163.0,112.2,-4143.551774935833,0.0,True,1
79,10.774,3288.332420025851,-1181.7917443975086,110.0,-4141.626944444442,0.0,True,1
80,11.09,3304.0,-1277.0,107.0375,-4132.230369834884,0.0,True,1
81,11.094,3304.187964195031,-1277.9794590447316,107.0,-4132.1158333333315,0.0,True,1
82,11.294,3312.7520707729377,-1317.436901112087,100.0,-4126.560277777776,0.0,True,1
83,11.454,3322.387794592403,-1344.8299913892956,96.0,-4122.2936111111085,0.0,True,1
84,11.55,3333.0,-1368.0,94.62857142857143,-4119.799253351971,0.0,True,1
85,11.734,3362.6418622598217,-1424.367591773905,92.0,-4115.138055555553,0.0,True,1
86,11.77,3369.0,-1435.0,91.6,-4114.240761394074,0.0,True,1
87,12.094,3425.1937223947975,-1508.056624163844,88.0,-4106.338055555553,0.0,False,1
88,12.17,3435.0,-1519.0,87.36666666666666,-4104.509010159779,0.0,False,1
89,12.334,3449.7945870976814,-1534.6069767686063,86.0,-4100.60472222222,0.0,False,1
90,12.45,3462.0,-1546.0,84.9125,-4097.9025634427735,1.45,False,1
91,12.654,3497.169030585142,-1576.925793186915,83.0,-4093.2269444444423,4.0,False,1
92,12.77,3519.0,-1595.0,82.67777777777778,-4090.57281072749,2.711111111111111,False,1
93,12.99,3560.0,-1625.0,82.06666666666666,-4085.567421675748,0.2666666666666664,False,1
94,13.014,3565.6222147339035,-1628.6583686230135,82.0,-4085.026944444442,0.0,True,1
95,13.231,3622.0,-1663.0,80.64797520707293,-4080.191438132094,6.760123964635308,True,1
96,13.335,3640.898910724413,-1674.0834050170636,80.0,-4077.893611111109,10.0,False,1
97,13.495,3660.9648689307346,-1685.3272197015815,80.0,-4074.338055555553,32.0,False,1
98,13.571,3673.0,-1692.0,81.187504,-4072.574774978738,24.3999744,False,1
99,13.791,3718.0,-1717.0,84.625,-4067.3316693649886,2.4000000000000012,False,1
100,13.815,3723.0098133932865,-1719.8090745034701,85.0,-4066.7824999999975,0.0,True,1
101,13.951,3750.0,-1735.0,79.9,-4063.7825545081655,0.0,True,1
102,13.975,3754.3083958631273,-1737.4107560732782,79.0,-4063.2713888888866,0.0,True,1
103,14.191,3794.0,-1763.0,74.37142857142857,-4058.8766092966252,0.0,True,1
104,14.255,3811.5887623416556,-1777.6205033605654,73.0,-4057.5936111111087,0.0,True,1
105,14.351,3838.0,-1801.0,72.4,-4055.6611249143966,0.0,True,1
106,14.415,3849.9768800518686,-1812.21267379617,72.0,-4054.393611111109,0.0,True,1
107,14.575,3860.0368594369043,-1824.781266719642,68.0,-4051.3713888888865,0.0,True,1
108,14.751,3865.0,-1839.0,63.6,-4048.3273982014566,0.0,True,1
109,14.855,3871.948631099174,-1854.4050755276135,61.0,-4046.626944444442,0.0,True,1
110,14.931,3877.0,-1867.0,59.963632872727274,-4045.416513792884,0.0,True,1
111,15.291,3886.0,-1925.0,55.05454196363636,-4039.9641913822848,0.0,True,1
112,15.295,3886.018463425459,-1925.6360895545392,55.0,-4039.90472222222,0.0,True,1
113,15.411,3886.0,-1944.0,54.27272581362241,-4038.1864293523226,0.0,True,1
114,15.614,3883.083115034472,-1975.5920581467453,53.0,-4035.2083333333308,0.0,False,1
115,15.711,3880.0,-1992.0,53.0,-4033.797638393631,6.4666624,False,1
116,15.974,3865.9716920765313,-2042.569424235004,53.0,-4029.908333333331,24.0,False,1
117,16.091,3860.0,-2061.0,55.08928914285714,-4028.063451272558,24.0,False,1
118,16.254,3853.8225148168235,-2078.0962986664154,58.0,-4025.3972222222196,24.0,False,1
119,16.47,3844.0,-2098.0,60.7,-4021.75003065422,28.5,False,1
120,16.494,3842.3120928706403,-2101.128473211617,61.0,-4021.330555555553,29.0,False,1
121,16.67,3827.0,-2128.0,64.52,-4018.1600261631056,29.88,False,1
122,16.694,3824.7195471776645,-2131.712221869821,65.0,-4017.719444444442,30.0,False,1
123,16.854,3808.4919592858105,-2155.8437131978894,67.0,-4014.741666666664,23.0,False,1
124,16.91,3802.0,-2164.0,67.46666666666667,-4013.6774965865966,19.266666666666666,False,1
125,17.094,3777.5545768402726,-2189.373083371936,69.0,-4010.141666666664,7.0,False,1
126,17.17,3768.0,-2198.0,68.525,-4008.7014485262407,6.05,False,1
127,17.254,3758.6097379967705,-2205.7717188108536,68.0,-4007.119444444442,5.0,False,1
128,17.45,3737.0,-2220.0,68.0,-4003.4251759872395,18.066666666666666,False,1
129,17.494,3730.816940589171,-2223.4652654756787,68.0,-4002.586111111109,21.0,False,1
130,17.694,3696.3832669936296,-2240.3552902737174,70.0,-3998.69722222222,21.0,False,1
131,17.79,3678.0,-2247.0,71.44,-3996.772820642749,29.64,False,1
132,17.894,3657.307528728184,-2252.456277931326,73.0,-3994.641666666664,39.0,False,1
133,17.99,3638.0,-2257.0,74.8,-3992.630215797891,40.8,False,1
134,18.03,3630.0,-2259.0,75.55,-3991.7787601313394,41.55,False,1
135,18.054,3625.121605164557,-2260.0923002342897,76.0,-3991.2638888888864,42.0,False,1
136,18.25,3583.0,-2266.0,78.8,-3986.947860942932,44.8,False,1
137,18.334,3564.201110644985,-2267.792832860503,80.0,-3985.0416666666642,46.0,False,1
138,18.47,3533.0,-2270.0,82.72,-3981.887214805436,48.72,False,1
139,18.534,3518.013621470339,-2270.7287103977037,84.0,-3980.3749999999977,50.0,False,1
140,18.694,3479.6988053207133,-2271.7815314317345,87.0,-3976.508333333331,50.0,False,1
141,18.75,3466.0,-2272.0,88.225,-3975.112859830963,52.975,False,1
142,18.97,3410.0,-2272.0,93.0375,-3969.368187252523,64.6625,False,1
143,19.014,3397.966253197639,-2271.6938348076455,94.0,-3968.1527777777756,67.0,False,1
144,19.09,3377.0,-2271.0,97.25714285714285,-3965.997226826543,68.35714285714286,False,1
145,19.294,3322.201006756887,-2268.6315202927403,106.0,-3959.908333333331,72.0,False,1
146,19.35,3303.0,-2267.0,107.63333333333334,-3958.1807915785203,72.46666666666667,False,1
147,19.534,3223.662555985902,-2257.832339848004,113.0,-3952.3749999999973,74.0,False,1
148,19.59,3202.0,-2255.0,114.39130490089138,-3950.5859206380755,74.34782622522285,False,1
149,19.695,3169.749565359237,-2250.424251389919,117.0,-3947.142499999997,75.0,False,1
150,19.991,3093.0,-2234.0,131.8,-3936.246490038353,79.625,False,1
151,20.015,3082.8813719537866,-2231.5027308247154,133.0,-3935.320277777775,80.0,False,1
152,20.211,2983.0,-2206.0,140.07778702222222,-3927.607532474853,89.8000128,False,1
153,20.375,2903.494578961028,-2184.662218015167,146.0,-3920.720277777775,98.0,False,1
154,21.451,2481.0,-2032.0,187.8444544,-3864.5384430512177,99.99259306666667,False,1
155,21.455,2479.154532381789,-2031.1540103705506,188.0,-3864.320277777775,100.0,False,1
156,21.631,2396.0,-1992.0,193.65714285714284,-3854.735620908147,100.0,False,1
157,21.735,2348.3512559146493,-1968.5850297704292,197.0,-3848.998055555553,100.0,False,1
158,21.871,2280.0,-1932.0,200.4,-3841.3424394491967,100.0,False,1
159,22.055,2159.3706343779095,-1859.4709452830857,205.0,-3830.775833333331,100.0,False,1
160,22.151,2102.0,-1823.0,207.0,-3825.206005309814,100.0,False,1
161,22.291,2035.0,-1778.0,209.916672,-3817.0112849199063,100.0,False,1
162,22.295,2033.0234280579207,-1776.6407881821049,210.0,-3816.7758333333304,100.0,False,1
163,22.494,1922.2431160548974,-1699.1209063762637,214.0,-3804.9463888888863,100.0,False,1
164,22.591,1870.0,-1662.0,216.4249984,-3799.065153927715,100.0,False,1
165,22.654,1839.0527909564503,-1639.8440092240762,218.0,-3795.2574999999974,100.0,False,1
166,22.97,1704.0,-1540.0,211.85555555555555,-3776.7045871549794,12.222222222222229,False,1
167,23.014,1684.0927363579121,-1524.6481334758519,211.0,-3774.1574999999975,0.0,True,1
168,23.13,1631.0,-1483.0,207.52,-3767.4669213764823,0.0,True,1
169,23.214,1594.8215545780909,-1453.9644931322482,205.0,-3762.768611111109,0.0,True,1
170,23.31,1553.0,-1420.0,197.8,-3757.649270845868,0.0,True,1
171,23.494,1461.8175728990445,-1345.9653972815254,184.0,-3748.4574999999977,0.0,True,1
172,23.61,1410.0,-1304.0,177.55555555555554,-3742.9513950030164,0.0,True,1
173,23.854,1338.473845340865,-1246.590773495528,164.0,-3732.0574999999976,0.0,True,1
174,24.05,1274.0,-1195.0,155.18,-3723.948757255414,0.0,True,1
175,24.25,1182.0,-1121.0,146.18,-3715.9940126788833,0.0,True,1
176,24.254,1180.5905845705,-1119.862620475625,146.0,-3715.8352777777754,0.0,True,1
177,24.414,1145.4221798706844,-1091.2825856672146,142.0,-3709.5241666666643,0.0,True,1
178,24.51,1127.0,-1076.0,139.6,-3705.835043975849,0.0,True,1
179,24.77,1053.0,-1014.0,133.1,-3696.358282834779,0.0,True,1
180,24.814,1041.7430809909445,-1004.4777055665598,132.0,-3694.8574999999973,0.0,True,1
181,25.09,973.0,-941.0,117.43333333333334,-3686.106354308833,0.0,True,1
182,25.174,940.768570027188,-907.2363179790348,113.0,-3683.5574999999976,0.0,True,1
183,25.27,906.0,-870.0,110.6,-3680.6731958214546,0.0,True,1
184,25.454,879.487262436235,-840.771995996831,106.0,-3675.313055555553,0.0,True,1
185,25.61,868.0,-826.0,100.15,-3671.0676558282667,0.0,True,1
186,25.694,855.9978122178117,-810.8474230031927,97.0,-3668.8463888888864,0.0,True,1
187,25.79,839.0,-788.0,95.4,-3666.334492835793,0.0,True,1
188,25.934,810.7939842900595,-744.1146326738112,93.0,-3662.6463888888866,0.0,True,1
189,26.09,784.0,-699.0,90.40720175640142,-3658.8077389797227,0.43213304059976343,True,1
190,26.295,767.3829996912474,-669.8741735472792,87.0,-3653.9222222222197,1.0,False,1
191,26.491,759.0,-638.0,86.10908974545454,-3649.2987737902267,5.9000064,False,1
192,26.735,745.4775566541545,-555.2155547505768,85.0,-3643.533333333331,12.0,False,1
193,26.751,745.0,-550.0,85.1,-3643.15152616383,11.1,False,1
194,26.895,744.2416928586323,-508.77516137103964,86.0,-3639.711111111109,3.0,False,1
195,27.071,748.0,-469.0,84.53333333333333,-3635.588673749914,0.8,False,1
196,27.135,749.3603983330132,-456.3428499757159,84.0,-3634.1111111111086,0.0,False,1
197,27.535,758.3923724485896,-390.99987022416354,82.0,-3624.9999999999977,0.0,False,1
198,27.591,760.0,-381.0,82.7,-3623.703656544957,12.6,False,1
199,27.695,763.2738300753468,-361.1965396850098,84.0,-3621.2666666666646,36.0,False,1
200,27.791,766.0,-335.0,85.5,-3618.971836715086,38.7,False,1
201,27.991,769.0,-252.0,88.625,-3613.984187597299,44.325,False,1
202,28.015,769.1264758136143,-244.21721096188642,89.0,-3613.355555555553,45.0,False,1
203,28.335,766.6193840544229,-194.8380590500404,100.0,-3604.4666666666644,54.0,False,1
204,28.371,766.0,-188.0,100.4500032,-3603.4470417652637,49.499968,False,1
205,28.495,763.4484925575083,-157.2061171556963,102.0,-3599.933333333331,34.0,False,1
206,28.651,758.0,-110.0,102.0,-3595.5216168552797,19.699976533333334,False,1
207,28.671,757.0,-104.0,102.0,-3594.954518771319,17.866666666666667,False,1
208,28.735,753.6886958885474,-85.21676996218942,102.0,-3593.133333333331,12.0,False,1
209,28.971,740.0,-22.0,102.0,-3586.403259401548,1.885703314285714,False,1
210,29.015,737.0919954566841,-11.3537117403189,102.0,-3585.1999999999975,0.0,True,1
211,29.174,724.3061282266191,26.64495565228731,95.0,-3581.0041666666643,0.0,False,1
212,29.211,720.0,37.0,95.26428708571429,-3580.023510163613,4.096449828571429,False,1
213,29.454,682.1497983355367,114.0860283160184,97.0,-3573.45972222222,31.0,False,1
214,29.47,680.0,118.0,97.1,-3573.024449339387,28.5,False,1
215,29.614,665.006524261123,142.2392219716959,98.0,-3569.1041666666642,6.0,False,1
216,29.73,653.0,159.0,98.0,-3565.961876235032,20.914285714285715,False,1
217,29.894,628.9717031371022,193.26738182479738,98.0,-3561.481944444442,42.0,False,1
218,30.07,598.0,236.0,101.52,-3556.5083618264166,53.44,False,1
219,30.094,593.7040408715241,241.63504958436286,102.0,-3555.8152777777755,55.0,False,1
220,30.29,558.0,287.0,106.9,-3549.9899222980084,62.35,False,1
221,30.334,549.8452459714557,297.55510396502933,108.0,-3548.615277777775,64.0,False,1
222,30.49,520.0,336.0,114.06666666666666,-3543.5011001582934,69.2,False,1
223,30.63,491.0,371.0,119.5111111111111,-3538.661833930847,73.86666666666666,False,1
224,30.694,477.6951869034248,387.94716720800926,122.0,-3536.4152777777754,76.0,False,1
225,30.81,453.0,420.0,127.075,-3532.285328486363,76.0,False,1
226,30.854,443.0502618446299,432.3575127597378,129.0,-3530.6819444444423,76.0,False,1
227,30.97,417.0,464.0,132.38333333333333,-3526.3312104374,82.76666666666667,False,1
228,31.094,394.48457000207793,492.30277776775495,136.0,-3521.615277777775,90.0,False,1
229,31.25,358.0,538.0,136.0,-3515.7584357176956,90.0,False,1
230,31.294,342.0304413058467,557.4684665020948,136.0,-3514.05972222222,90.0,False,1
231,31.45,277.0,636.0,144.775,-3507.7800145512183,90.0,False,1
232,31.454,275.58323880791977,637.7101320246262,145.0,-3507.615277777775,90.0,False,1
233,31.614,233.12726832210285,689.0354129029705,151.0,-3500.9041666666644,90.0,False,1
234,31.854,195.29130947321835,733.2224291095492,157.0,-3490.4374999999973,100.0,False,1
235,31.91,182.0,748.0,158.2,-3487.948531302657,100.0,False,1
236,32.11,121.0,814.0,162.4857142857143,-3478.8798522620373,100.0,False,1
237,32.134,113.18650114351733,822.1662005811805,163.0,-3477.7597222222194,100.0,False,1
238,32.294,60.208034440928074,875.6801364005883,172.0,-3470.115277777775,100.0,False,1
239,32.37,34.0,901.0,174.375,-3466.4058015228184,100.0,False,1
240,32.454,4.065980619196316,929.0828491281337,177.0,-3462.2486111111084,100.0,False,1
241,32.61,-53.0,980.0,181.68,-3454.352886202035,100.0,False,1
242,32.654,-69.03332496811588,993.5579947096347,183.0,-3452.0819444444414,100.0,False,1
243,32.69,-84.0,1006.0,183.7977840749534,-3450.209035598545,100.0,False,1
244,32.951,-246.0,1138.0,189.58171720008284,-3436.327665652641,100.0,False,1
245,33.015,-272.79249617001483,1159.5868634225262,191.0,-3432.928888888886,100.0,False,1
246,33.291,-331.0,1205.0,188.92999808,-3418.457424378622,30.999936,False,1
247,33.415,-371.0661413508444,1235.9982895436478,188.0,-3412.0399999999972,0.0,True,1
248,33.615,-459.1097935373028,1308.0475400261066,184.0,-3401.8177777777746,0.0,True,1
249,33.631,-467.0,1315.0,183.5,-3401.0132025013404,0.3,True,1
250,33.775,-542.1227254386162,1384.2159115266015,179.0,-3393.8622222222193,3.0,False,1
251,33.851,-574.0,1415.0,178.18571154285715,-3390.1322000111163,16.028615314285716,False,1
252,34.055,-617.319265628511,1463.0723320799714,176.0,-3380.1733333333304,51.0,False,1
253,34.091,-625.0,1473.0,176.30000213333332,-3378.4033143233632,51.600004266666666,False,1
254,34.295,-683.0215236403213,1552.0803093734219,178.0,-3368.3066666666637,55.0,False,1
255,34.331,-693.0,1567.0,178.15000106666668,-3366.5204071543385,55.0,False,1
256,34.535,-742.8734156121554,1654.48761291419,179.0,-3356.3733333333307,55.0,False,1
257,34.551,-747.0,1663.0,179.05714285714285,-3355.574317727181,55.0,False,1
258,34.815,-818.6779100177397,1829.835361626505,180.0,-3342.3733333333307,55.0,False,1
259,34.831,-822.0,1838.0,179.84,-3341.5791510322542,54.12,False,1
260,35.015,-846.7851902352401,1901.519425890199,178.0,-3332.4844444444416,44.0,False,1
261,35.171,-863.0,1951.0,178.65000106666668,-3324.726448186673,44.65000106666667,False,1
262,35.255,-874.7001033817307,1988.9691836650009,179.0,-3320.551111111108,45.0,False,1
263,35.451,-904.0,2094.0,179.0,-3310.8082160955205,54.8000128,False,1
264,35.455,-904.4873228049662,2096.0522051285743,179.0,-3310.606666666664,55.0,False,1
265,35.671,-924.0,2202.0,182.78947307637526,-3299.4906877603253,58.789473076375245,False,1
266,35.791,-931.0,2263.0,184.8947358965837,-3293.2455865740058,60.89473589658372,False,1
267,35.854,-933.8910807853119,2295.4827782351226,186.0,-3289.991666666664,62.0,False,1
268,35.97,-938.0,2356.0,186.0,-3284.028849075293,62.0,False,1
269,36.014,-939.2118986563421,2379.2648540636887,186.0,-3281.7249999999967,62.0,False,1
270,36.254,-942.8841524127118,2508.3672649445843,195.0,-3268.724999999997,62.0,False,1
271,36.27,-943.0,2517.0,194.5,-3267.8741435661805,59.93333333333333,False,1
272,36.49,-943.0,2635.0,187.625,-3256.599630094317,31.516666666666666,False,1
273,36.65,-941.0,2718.0,182.625,-3248.772165286852,10.850000000000001,False,1
274,36.734,-940.0735979515167,2760.0686791871885,180.0,-3244.7249999999967,0.0,True,1
275,36.83,-939.0,2807.0,176.88,-3240.152117387172,0.0,True,1
276,37.11,-934.0,2939.0,167.78,-3227.234019401931,0.0,True,1
277,37.134,-933.4704721384351,2950.1326914138153,167.0,-3226.1694444444415,0.0,True,1
278,37.294,-929.752328708388,3022.8075012171607,156.0,-3219.2361111111086,0.0,True,1
279,37.33,-929.0,3038.0,155.1,-3217.7023054832302,0.0,True,1
280,37.494,-925.5380833387984,3106.5438294540204,151.0,-3210.8472222222194,0.0,True,1
281,37.51,-925.0,3115.0,150.3,-3210.1951614570885,0.0,True,1
282,37.654,-918.0427566851572,3209.7300523081312,144.0,-3204.4472222222194,0.0,True,1
283,37.73,-915.0,3251.0,142.41666666666666,-3201.4648323248744,0.0,True,1
284,37.894,-913.1709682067906,3286.730624313051,139.0,-3195.180555555553,0.0,True,1
285,37.99,-913.0,3304.0,135.22857142857143,-3191.6483769371753,0.0,True,1
286,38.174,-911.8767273966166,3368.9497343487333,128.0,-3185.2249999999976,0.0,True,1
287,38.23,-912.0,3390.0,125.9,-3183.3748459944977,0.0,True,1
288,38.41,-915.0,3452.0,119.15,-3177.748836480465,0.0,True,1
289,38.574,-921.0363441024153,3512.621765043918,113.0,-3172.669444444442,0.0,True,1
290,38.734,-928.7031510169063,3571.2717786528774,113.0,-3167.6472222222196,0.0,True,1
291,38.81,-932.0,3594.0,109.58,-3165.3864591168235,0.0,True,1
292,38.934,-936.8341118369432,3623.637124793808,104.0,-3161.869444444442,0.0,True,1
293,39.17,-950.0,3675.0,98.75555555555556,-3155.5076754958377,0.0,True,1
294,39.294,-963.6724821891054,3715.7299412301513,96.0,-3152.2694444444423,0.0,True,1
295,39.411,-977.0,3752.0,93.09316177616368,-3149.2579064310967,0.0,True,1
296,39.455,-981.1625383688589,3762.365427417969,92.0,-3148.154999999998,0.0,True,1
297,39.711,-1000.0,3800.0,85.6,-3142.100029259182,0.0,True,1
298,39.735,-1001.9243790817416,3803.652300726377,85.0,-3141.5438888888866,0.0,True,1
299,39.935,-1023.4327751524577,3840.596533870562,83.0,-3136.9327777777753,0.0,True,1
300,39.991,-1035.0,3855.0,82.3,-3135.66023175994,0.0,True,1
301,40.095,-1064.4138050270078,3887.0419379876666,81.0,-3133.332777777776,0.0,False,1
302,40.151,-1080.0,3903.0,80.06666666666666,-3132.1069472127665,0.0,False,1
303,40.335,-1115.2069257854712,3935.5200462276475,77.0,-3128.199444444442,0.0,False,1
304,40.651,-1151.0,3951.0,73.0499968,-3121.789629928555,0.0,False,1
305,40.655,-1151.6278727445672,3951.223890721389,73.0,-3121.7105555555536,0.0,False,1
306,40.975,-1213.3600755415007,3971.6003155059702,70.0,-3115.488333333331,0.0,False,1
307,41.051,-1226.0,3975.0,70.0,-3114.0072679474706,0.0,False,1
308,41.135,-1237.744879974296,3977.5827315713723,70.0,-3112.37722222222,0.0,False,1
309,41.311,-1264.0,3980.0,69.45,-3109.035887338073,14.85,False,1
310,41.455,-1302.0566312441692,3980.5890582441593,69.0,-3106.2438888888864,27.0,False,1
311,41.655,-1361.3920193028068,3980.0661488041483,74.0,-3102.1327777777756,42.0,False,1
312,41.671,-1365.0,3980.0,74.17777777777778,-3101.7965713642525,42.62222222222222,False,1
313,42.015,-1408.670707020911,3977.5008862972313,78.0,-3094.332777777776,56.0,False,1
314,42.111,-1424.0,3976.0,81.0,-3092.14564868703,56.0,False,1
315,42.175,-1437.0312371325097,3974.743831016813,83.0,-3090.643888888887,56.0,False,1
316,42.311,-1472.0,3972.0,87.37142857142857,-3087.3047626317316,60.371428571428574,False,1
317,42.455,-1518.3052003006558,3970.395272295796,92.0,-3083.488333333331,65.0,False,1
318,42.51,-1535.0,3970.0,95.31658570722871,-3081.936744596782,65.0,False,1
319,42.654,-1570.8807353261711,3969.299024303531,104.0,-3077.739444444442,65.0,False,1
320,42.81,-1608.0,3971.0,104.0,-3073.2356125400856,65.0,False,1
321,42.814,-1609.0903482710685,3971.105465733852,104.0,-3073.1172222222203,65.0,False,1
322,42.99,-1661.0,3978.0,109.02857142857142,-3067.6946589944882,66.88571428571429,False,1
323,43.094,-1688.9936612574088,3982.412375185954,112.0,-3064.4061111111087,68.0,False,1
324,43.254,-1733.8946979382276,3994.405011574842,114.0,-3059.339444444442,36.0,False,1
325,43.31,-1756.0,4004.0,114.0,-3057.5639880187064,36.0,False,1
326,43.49,-1840.0,4048.0,114.0,-3051.859870987721,36.0,False,1
327,43.534,-1854.3906485034756,4056.1059058268675,114.0,-3050.4727777777753,36.0,False,1
328,43.814,-1893.1082498135386,4085.3728837704766,113.0,-3041.6838888888865,29.0,False,1
329,43.83,-1896.0,4088.0,113.13333333333334,-3041.177546932563,29.866666666666667,False,1
330,44.054,-1956.1911208753697,4142.91296930182,115.0,-3034.01722222222,42.0,False,1
331,44.17,-1989.0,4176.0,116.0875,-3030.265075374885,42.3625,False,1
332,44.374,-2035.2077693299877,4232.2655481596,118.0,-3023.528333333331,43.0,False,1
333,44.55,-2066.0,4275.0,121.85,-3017.471255425243,52.9,False,1
334,44.694,-2086.5720557835493,4303.644098893285,125.0,-3012.4172222222196,61.0,False,1
335,44.854,-2107.2053299809245,4335.409245546019,128.0,-3006.7283333333307,67.0,False,1
336,44.99,-2134.0,4390.0,131.96666666666667,-3001.6729212760224,69.83333333333333,False,1
337,45.094,-2161.374191622777,4451.704460351613,135.0,-2997.7283333333307,72.0,False,1
338,45.21,-2189.0,4516.0,136.74,-2993.3092417696344,74.32,False,1
339,45.294,-2199.851162616684,4541.425590969286,138.0,-2990.0616666666647,76.0,False,1
340,45.454,-2205.51239562998,4559.19271346653,143.0,-2983.706111111109,76.0,False,1
341,45.53,-2212.0,4585.0,145.21666666666667,-2980.6151343999018,78.53333333333333,False,1
342,45.694,-2238.993954210033,4691.910024991735,150.0,-2973.706111111109,84.0,False,1
343,45.79,-2254.0,4753.0,155.08411316318768,-2969.424402260607,88.78504768300016,False,1
344,46.015,-2269.0555850819487,4824.988754531016,167.0,-2958.815277777776,100.0,False,1
345,46.191,-2276.0,4874.0,175.06666666666666,-2950.1701535106968,100.0,False,1
346,46.255,-2280.10548486446,4901.289182317874,178.0,-2946.948611111109,100.0,False,1
347,46.411,-2292.0,4981.0,183.20000853333335,-2938.914557724919,100.0,False,1
348,46.615,-2305.7016486697535,5084.5841352219095,190.0,-2927.948611111109,100.0,False,1
349,46.651,-2308.0,5103.0,191.687512,-2925.948896148319,100.0,False,1
350,46.935,-2325.61710579088,5250.534438530187,205.0,-2909.7263888888865,100.0,False,1
351,46.991,-2329.0,5279.0,205.0,-2906.531220550939,100.0,False,1
352,47.095,-2335.210961332221,5330.80266925934,205.0,-2900.615277777776,100.0,False,1
353,47.251,-2346.0,5428.0,206.4625024,-2891.749458181489,100.0,False,1
354,47.415,-2361.480246060308,5586.610676518401,208.0,-2882.126388888887,100.0,False,1
355,47.471,-2366.0,5634.0,212.76,-2878.692708504658,100.0,False,1
356,47.615,-2373.5736149429126,5713.984555630452,225.0,-2869.626388888887,100.0,False,1
357,47.775,-2377.8946414020375,5762.13126817478,229.0,-2859.448611111109,100.0,False,1
358,47.851,-2381.0,5798.0,231.28000768,-2854.5338886551863,100.0,False,1
359,47.975,-2387.7294582864897,5876.6604884692815,235.0,-2846.3930555555535,100.0,False,1
360,48.031,-2391.0,5915.0,237.1,-2842.670239845612,100.0,False,1
361,48.135,-2396.986864954608,5985.3223963299,241.0,-2835.6819444444427,100.0,False,1
362,48.191,-2400.0,6022.0,242.68,-2831.880280196759,100.0,False,1
363,48.335,-2406.928278060899,6113.974419315466,247.0,-2821.95972222222,100.0,False,1
364,48.391,-2410.0,6159.0,248.75,-2818.0318835746484,100.0,False,1
365,48.631,-2426.0,6412.0,256.25,-2800.8457745420483,100.0,False,1
366,48.655,-2427.3069328968654,6433.39205291239,257.0,-2799.115277777776,100.0,False,1
367,48.855,-2434.5867083225007,6557.915601694313,261.0,-2784.615277777776,100.0,False,1
368,49.13,-2440.0,6688.0,266.16701512591027,-2764.1302129023215,100.0,False,1
369,49.25,-2443.0,6776.0,268.4217121106689,-2755.056564126946,100.0,False,1
370,49.334,-2445.221766021548,6851.404994026686,270.0,-2748.690277777776,100.0,False,1
371,49.51,-2449.0,7016.0,273.52,-2735.3030606486413,100.0,False,1
372,49.534,-2449.2381458597415,7034.043255923825,274.0,-2733.4680555555537,100.0,False,1
373,49.77,-2449.0,7167.0,276.95,-2715.2804519356177,100.0,False,1
374,49.854,-2448.894305617514,7211.930963160678,278.0,-2708.7569444444425,100.0,False,1
375,50.054,-2447.3583101048944,7349.209459639322,281.0,-2693.145833333331,100.0,False,1
376,50.13,-2444.0,7445.0,281.475,-2687.1984193426565,100.0,False,1
377,50.214,-2438.300878612465,7580.766822412121,282.0,-2680.6124999999984,100.0,False,1
378,50.25,-2436.0,7633.0,282.225,-2677.784107083171,100.0,False,1
379,50.534,-2427.5973577135014,7781.319394100117,284.0,-2655.368055555554,100.0,False,1
380,50.61,-2424.0,7822.0,284.4222222222222,-2649.3505558815837,100.0,False,1
381,50.894,-2399.4502768697166,8107.09766461411,286.0,-2626.7680555555535,100.0,False,1
382,50.95,-2395.0,8155.0,286.0,-2622.2846094943793,77.83333333333333,False,1
383,51.134,-2383.8623479792764,8257.293195089465,286.0,-2607.701388888887,5.0,True,1
384,51.23,-2377.0,8311.0,279.4,-2600.432266899076,3.5,True,1
385,51.43,-2357.0,8462.0,265.65,-2585.942869868247,0.3750000000000002,True,1
386,51.454,-2354.4837399259964,8480.099864756246,264.0,-2584.23472222222,0.0,True,1
387,51.65,-2334.0,8620.0,253.22,-2570.45873750571,0.0,True,1
388,51.654,-2333.576697944169,8622.805314581474,253.0,-2570.1791666666645,0.0,True,1
389,51.81,-2317.0,8730.0,249.75,-2559.316713681984,0.0,True,1
390,51.894,-2308.331723140941,8782.710977363375,248.0,-2553.645833333331,0.0,True,1
391,52.15,-2277.0,8949.0,232.0,-2537.4012733056743,0.0,True,1
392,52.214,-2265.3991180345697,9004.556671776763,228.0,-2533.379166666665,0.0,True,1
393,52.41,-2226.0,9186.0,228.0,-2520.897577444502,0.0,True,1
394,52.535,-2207.0992969041513,9270.190523000272,228.0,-2513.049166666665,0.0,True,1
395,52.811,-2178.0,9393.0,213.214272,-2496.702648293669,0.0,True,1
396,52.815,-2177.5885546886784,9394.717946498215,213.0,-2496.4824999999983,0.0,True,1
397,53.015,-2156.826966984787,9481.123772829358,188.0,-2486.0380555555535,0.0,True,1
398,53.211,-2135.0,9572.0,181.13999104,-2476.178233663588,0.0,True,1
399,53.215,-2134.528411354503,9573.969303368147,181.0,-2475.982499999998,0.0,True,1
400,53.535,-2094.759789133443,9740.793275793574,167.0,-2461.138055555554,0.0,True,1
401,53.671,-2082.0,9795.0,161.33333333333334,-2455.231037400779,0.0,True,1
402,53.895,-2069.571578337746,9849.448600578968,152.0,-2445.9380555555535,0.0,True,1
403,53.971,-2065.0,9870.0,148.57998848,-2442.8873866013937,0.0,True,1
404,54.095,-2055.4583893672475,9913.063169907015,143.0,-2437.993611111109,0.0,True,1
405,54.255,-2040.827992860163,9979.211960873477,139.0,-2431.8158333333313,0.0,True,1
406,54.311,-2036.0,10001.0,135.92,-2429.757736773713,0.0,True,1
407,54.455,-2024.4159926920643,10052.964800027552,128.0,-2424.7047222222204,0.0,True,1
408,54.511,-2020.0,10072.0,125.9,-2422.797723301151,0.0,True,1
409,54.695,-2005.1210619775088,10131.89678057878,119.0,-2416.771388888887,0.0,True,1
410,54.731,-2002.0,10144.0,117.6499904,-2415.6435944688824,0.0,True,1
411,54.931,-1984.0,10212.0,110.14999040000001,-2409.6718053855534,0.0,True,1
412,55.015,-1977.6157165199504,10234.839266064992,107.0,-2407.260277777776,0.0,True,1
413,55.151,-1968.0,10267.0,102.24,-2403.449524246607,0.0,True,1
414,55.215,-1962.999387906522,10282.826700499669,100.0,-2401.7047222222204,0.0,True,1
415,55.375,-1949.1338877880592,10324.015199520205,95.0,-2397.4824999999983,0.0,True,1
416,55.451,-1942.0,10343.0,94.15555271111111,-2395.5272665318803,0.0,True,1
417,55.735,-1912.1501355981068,10408.451939532908,91.0,-2388.3824999999983,0.0,False,1
418,55.77,-1908.0,10416.0,91.0,-2387.5009404959583,0.17500032000000001,False,1
419,55.935,-1886.8432007908661,10450.120400964379,91.0,-2383.3269444444427,1.0,False,1
420,55.97,-1882.0,10457.0,91.09749319710427,-2382.436395650366,0.9025068028957232,False,1
421,56.17,-1851.0,10493.0,91.65459616185473,-2377.3157961487623,0.34540383814527675,False,1
422,56.25,-1836.0,10505.0,91.8774373477549,-2375.2721735026034,0.12256265224509817,False,1
423,56.294,-1827.4963402602089,10511.42359353451,92.0,-2374.1524999999983,0.0,False,1
424,56.43,-1800.0,10530.0,91.15,-2370.7116856268913,0.0,False,1
425,56.454,-1794.818553807059,10532.822944794223,91.0,-2370.1080555555536,0.0,False,1
426,56.61,-1759.0,10548.0,90.025,-2366.2077934996846,0.975,False,1
427,56.614,-1758.0515142626432,10548.336953167383,90.0,-2366.1080555555536,1.0,False,1
428,56.894,-1689.0348545596635,10567.27349455431,90.0,-2359.1080555555536,26.0,False,1
429,56.99,-1665.0,10574.0,90.68571428571428,-2356.6619474658087,31.82857142857143,False,1
430,57.03,-1655.0,10577.0,90.97142857142858,-2355.633918421918,34.25714285714286,False,1
431,57.174,-1618.969032886462,10586.149863626579,92.0,-2351.952499999998,43.0,False,1
432,57.31,-1585.0,10595.0,92.0,-2348.498644609092,43.0,False,1
433,57.334,-1579.0224083578069,10596.851587486464,92.0,-2347.863611111109,43.0,False,1
434,57.53,-1530.0,10615.0,99.62222222222222,-2342.2457811063773,51.71111111111111,False,1
435,57.694,-1487.5960622647845,10633.717684397336,106.0,-2337.263611111109,59.0,False,1
436,57.75,-1473.0,10641.0,107.4,-2335.559091849627,56.2,False,1
437,57.854,-1445.8936539342722,10655.85851842233,110.0,-2332.3747222222205,51.0,False,1
438,57.95,-1421.0,10671.0,111.2,-2329.3882028171515,47.4,False,1
439,58.094,-1384.109172545385,10696.073271200707,113.0,-2324.841388888887,42.0,False,1
440,58.19,-1360.0,10714.0,113.96,-2321.783531746427,42.0,False,1
441,58.29,-1335.0,10734.0,114.96,-2318.580861356505,42.0,False,1
442,58.294,-1333.9588391366,10734.88314628378,115.0,-2318.4524999999985,42.0,False,1
443,58.61,-1248.0,10819.0,116.975,-2308.1857701393574,49.9,False,1
444,58.614,-1247.1263339208406,10819.969347719254,117.0,-2308.0524999999984,50.0,False,1
445,58.93,-1195.0,10889.0,122.925,-2297.2575178073375,56.9125,False,1
446,58.934,-1194.3044073383574,10890.041392400695,123.0,-2297.119166666665,57.0,False,1
447,59.111,-1161.0,10942.0,126.522387907626,-2290.9112182360277,63.1641788383455,False,1
448,59.135,-1156.5258592354357,10949.47446281099,127.0,-2290.028333333332,64.0,False,1
449,59.935,-1032.8365438032424,11235.063737699988,157.0,-2255.1394444444427,88.0,False,1
450,60.071,-1015.0,11292.0,159.72,-2249.0966654643503,88.0,False,1
451,60.135,-1006.838489965755,11319.706186948675,161.0,-2246.1949999999983,88.0,False,1
452,60.271,-990.0,11380.0,167.8,-2239.8012025702383,90.04,False,1
453,60.335,-982.3163517218617,11408.663688381133,171.0,-2236.6949999999983,91.0,False,1
454,60.371,-978.0,11425.0,172.4625104,-2234.92210404303,92.0125072,False,1
455,60.571,-954.0,11518.0,180.5875104,-2224.7479841925583,97.6375072,False,1
456,60.655,-944.5514000714265,11555.629066761869,184.0,-2220.339444444443,100.0,False,1
457,60.791,-927.0,11627.0,189.1,-2213.0480079959075,100.0,False,1
458,60.975,-890.1994074066718,11778.652956703978,196.0,-2202.9172222222205,100.0,False,1
459,61.091,-870.0,11862.0,199.8666752,-2196.4009466202756,100.0,False,1
460,61.215,-857.5851727627654,11912.97386211298,204.0,-2189.3172222222206,100.0,False,1
461,61.415,-844.7370314764132,11966.596403108257,211.0,-2177.5949999999984,100.0,False,1
462,61.431,-843.0,11974.0,211.8,-2176.636807055732,100.0,False,1
463,61.571,-824.0,12056.0,218.8000128,-2168.1092566939897,100.0,False,1
464,61.575,-823.435719198116,12058.489192391347,219.0,-2167.861666666665,100.0,False,1
465,61.791,-794.0,12194.0,226.71428571428572,-2154.1813083188654,100.0,False,1
466,61.855,-785.5382889176326,12235.042653709557,229.0,-2150.050555555554,100.0,False,1
467,62.031,-763.0,12350.0,234.13333333333333,-2138.5582905185956,100.0,False,1
468,62.095,-755.208276185371,12392.320673039514,236.0,-2134.3172222222206,100.0,False,1
469,62.255,-736.8460725113313,12496.883274217113,242.0,-2123.5616666666647,100.0,False,1
470,62.291,-733.0,12519.0,242.75000533333332,-2121.1188406885117,100.0,False,1
471,62.495,-710.3251849226824,12652.602856146197,247.0,-2107.0949999999984,100.0,False,1
472,62.51,-708.0,12667.0,247.50000213333334,-2106.046699682103,100.0,False,1
473,62.71,-671.0,12902.0,254.1666688,-2091.8752493878046,100.0,False,1
474,62.735,-667.5668960247478,12923.962694700715,255.0,-2090.0949999999984,100.0,False,1
475,62.934,-654.7223017279878,13006.562957647666,257.0,-2075.8886111111096,100.0,False,1
476,63.05,-649.0,13044.0,259.32,-2067.521121413493,100.0,False,1
477,63.134,-643.0665071820827,13082.88423411089,261.0,-2061.3886111111096,100.0,False,1
478,63.37,-617.0,13275.0,266.3636363636364,-2043.738280943052,100.0,False,1
479,63.55,-590.0,13513.0,270.45454545454544,-2030.0848811171727,100.0,False,1
480,63.574,-587.7764243554072,13533.429562177926,271.0,-2028.2663888888874,100.0,False,1
481,63.734,-583.3787105038331,13581.315311405166,273.0,-2016.1330555555537,100.0,False,1
482,63.81,-582.0,13604.0,274.425,-2010.3260646823364,100.0,False,1
483,63.894,-578.9234960418835,13648.886253160259,276.0,-2003.8663888888873,100.0,False,1
484,64.054,-569.5969991902604,13782.653461872571,279.0,-1991.4663888888872,100.0,False,1
485,64.15,-565.0,13865.0,279.0,-1984.0376939211278,100.0,False,1
486,64.254,-561.5811347513263,13949.606492954901,279.0,-1975.9663888888872,100.0,False,1
487,64.41,-558.0,14068.0,281.1666666666667,-1963.7145133174322,100.0,False,1
488,64.49,-556.0,14130.0,282.27777777777777,-1957.3771696124986,100.0,False,1
489,64.614,-553.4318590662522,14291.835439297063,284.0,-1947.566388888887,100.0,False,1
490,64.73,-552.0,14445.0,284.3222222222222,-1938.4060101505897,100.0,False,1
491,64.974,-552.7538586535841,14559.970897950849,285.0,-1919.066388888887,100.0,True,1
492,65.07,-554.0,14603.0,285.48,-1911.356869320507,52.0,True,1
493,65.174,-555.7856662573479,14676.382931554937,286.0,-1903.177499999998,0.0,True,1
494,65.29,-559.0,14772.0,276.43,-1894.58458679374,0.0,True,1
495,65.49,-569.0,14919.0,259.93,-1880.799954163294,0.0,True,1
496,65.574,-574.1596195751071,14974.5114062254,253.0,-1875.0663888888876,0.0,True,1
497,65.775,-590.5644713972625,15103.772566264195,244.0,-1861.4430555555537,0.0,True,1
498,65.851,-601.0,15165.0,240.6384502153846,-1856.476884514761,0.0,True,1
499,66.071,-641.0,15368.0,230.90769230769232,-1842.7956666349173,0.0,True,1
500,66.295,-665.4276021547341,15480.980935973124,221.0,-1829.5208333333317,0.0,True,1
501,66.511,-686.0,15567.0,208.65714285714284,-1817.1442588179748,0.0,True,1
502,66.571,-694.0,15601.0,205.2285568,-1813.7979010720805,0.0,True,1
503,66.575,-694.5252600062682,15603.232075677912,205.0,-1813.5763888888873,0.0,True,1
504,66.735,-714.1307962825983,15686.35340625341,195.0,-1804.9097222222208,0.0,True,1
505,66.771,-719.0,15707.0,193.0874864,-1803.032769868425,0.0,True,1
506,67.055,-763.8767491438132,15897.902834809116,178.0,-1789.0874999999983,0.0,True,1
507,67.071,-766.0,15907.0,177.2,-1788.3293785481933,0.0,True,1
508,67.295,-787.0881142090814,15998.5496834691,166.0,-1778.0208333333317,0.0,True,1
509,67.535,-802.7265308022671,16070.958557666394,152.0,-1767.8874999999985,0.0,True,1
510,67.551,-804.0,16077.0,151.13333333333333,-1767.241321459544,0.0,True,1
511,67.691,-816.0,16134.0,143.54998613333333,-1761.7382667764646,0.0,True,1
512,67.775,-823.0014824530779,16165.99706766701,139.0,-1758.6208333333316,0.0,True,1
513,67.871,-831.0,16203.0,133.4,-1755.2562298762691,0.0,True,1
514,68.135,-853.6784894428322,16319.701070955016,118.0,-1746.8208333333314,0.0,True,1
515,68.171,-856.0,16332.0,116.6499904,-1745.7115876263451,0.0,True,1
516,68.375,-864.3301876845355,16377.101155898321,109.0,-1739.554166666665,0.0,True,1
517,68.451,-867.0,16394.0,107.5749952,-1737.2978098710842,0.0,True,1
518,68.535,-870.305915297472,16416.81609405838,106.0,-1734.8430555555537,0.0,True,1
519,68.631,-874.0,16445.0,103.84,-1732.1129843721624,0.0,True,1
520,68.891,-880.0,16514.0,97.98999424,-1725.1636551681113,0.0,True,1
521,68.935,-880.3026131832411,16525.013164314627,97.0,-1724.065277777776,0.0,True,1
522,69.05,-880.0,16553.0,92.81817949090909,-1721.304832184751,0.0,True,1
523,69.33,-872.0,16615.0,82.63636130909092,-1715.123826248163,0.0,True,1
524,69.375,-869.7283503635231,16623.971783746183,81.0,-1714.1652777777758,0.0,True,1
525,69.574,-855.6138912159262,16661.205494520276,75.0,-1710.0194444444423,0.0,True,1
526,69.61,-852.0,16668.0,74.46,-1709.2866192740985,0.0,True,1
527,69.75,-835.0,16694.0,72.36,-1706.4896919923349,0.0,True,1
528,69.774,-831.842247257793,16697.88914005334,72.0,-1706.0194444444423,0.0,True,1
529,69.97,-804.0,16723.0,69.77272727272727,-1702.2827148947185,0.0,True,1
530,70.13,-778.0,16739.0,67.95454545454545,-1699.3469226131574,0.0,True,1
531,70.214,-763.768455771645,16745.53681612747,67.0,-1697.8305555555535,0.0,True,1
532,70.41,-731.0,16756.0,64.27777777777777,-1694.3589731213756,0.0,True,1
533,70.574,-705.2639786078814,16760.115914730217,62.0,-1691.6305555555537,0.0,True,1
534,70.61,-698.0,16760.0,60.8,-1691.0640812513634,0.0,True,1
535,70.814,-646.3554149310669,16752.664559710196,54.0,-1688.0305555555537,0.0,False,1
536,70.83,-643.0,16752.0,53.8,-1687.7994010012167,0.0,False,1
537,71.054,-617.4801967960625,16744.258691966716,51.0,-1684.6305555555537,0.0,False,1
538,71.27,-605.0,16734.0,50.1,-1681.6340898023736,0.0,False,1
539,71.294,-602.8385245187924,16732.365707291454,50.0,-1681.2972222222202,0.0,False,1
540,71.45,-585.0,16718.0,50.975,-1679.0731280654345,8.2875,False,1
541,71.614,-559.9357851254044,16691.466768246213,52.0,-1676.674999999998,17.0,False,1
542,71.67,-552.0,16682.0,52.525,-1675.8431345505423,17.7,False,1
543,71.934,-526.2326059312419,16643.92905059596,55.0,-1671.7861111111092,21.0,False,1
544,72.03,-520.0,16633.0,56.714285714285715,-1670.2190095823603,23.742857142857144,False,1
545,72.214,-511.29530637824354,16616.602970689957,60.0,-1667.1194444444427,29.0,False,1
546,72.411,-503.0,16598.0,61.40213691721268,-1663.766972264957,31.10320537581902,False,1
547,72.495,-498.5446932927569,16587.1636875207,62.0,-1662.2799999999984,32.0,False,1
548,72.571,-494.0,16576.0,63.9000064,-1660.8901720460522,34.66000896,False,1
549,72.695,-485.46372351906393,16555.270890650347,67.0,-1658.5577777777762,39.0,False,1
550,72.855,-474.02232433800833,16525.915116836924,70.0,-1655.446666666665,43.0,False,1
551,72.871,-473.0,16523.0,70.46153846153847,-1655.1151659063385,43.61538461538461,False,1
552,73.051,-462.0,16487.0,75.65385353846153,-1651.0662721368635,50.538471384615384,False,1
553,73.351,-438.0,16394.0,84.3076923076923,-1643.7303832303296,62.07692307692308,False,1
554,73.375,-436.84738966988857,16389.293467495412,85.0,-1643.168888888887,63.0,False,1
555,73.575,-432.0911691198334,16366.415179241278,85.0,-1638.446666666665,63.0,False,1
556,73.611,-431.0,16360.0,88.30002346666667,-1637.4859712659668,63.0,False,1
557,73.815,-421.71834242463194,16302.785824246781,107.0,-1631.3133333333317,63.0,False,1
558,73.831,-421.0,16298.0,107.9,-1630.794336966726,64.0,False,1
559,74.091,-411.0,16216.0,122.5250144,-1621.8014149344876,80.250016,False,1
560,74.135,-409.2508297381065,16196.908880691002,125.0,-1620.2022222222204,83.0,False,1
561,74.335,-400.9922665392513,16092.681091536288,135.0,-1612.7022222222208,96.0,False,1
562,74.391,-399.0,16066.0,136.86666666666667,-1610.5381560472265,96.0,False,1
563,74.575,-393.9030354923252,15994.64527117469,143.0,-1603.168888888887,96.0,False,1
564,74.811,-385.0,15909.0,152.44001024,-1592.8703302867066,98.36000256,False,1
565,74.975,-372.6684954056,15828.319370627352,159.0,-1585.5022222222206,100.0,False,1
566,75.191,-356.0,15730.0,162.6,-1575.7632451677773,100.0,False,1
567,75.215,-354.7584414034104,15722.674102376961,163.0,-1574.6355555555533,100.0,False,1
568,75.471,-339.0,15655.0,176.51111111111112,-1561.8451618832614,100.0,False,1
569,75.575,-319.85927209225355,15593.923653699418,182.0,-1556.4355555555535,100.0,False,1
570,75.85,-255.0,15399.0,188.8750016,-1541.8738575998223,100.0,False,1
571,75.935,-245.24864629967175,15372.257275663342,191.0,-1537.3355555555536,100.0,False,1
572,76.11,-231.0,15339.0,193.62500096,-1527.928989567365,100.0,False,1
573,76.135,-227.54236799317803,15330.532671424617,194.0,-1526.5577777777758,100.0,False,1
574,76.374,-176.9492861965787,15204.356485648015,203.0,-1513.080833333332,100.0,False,1
575,76.45,-159.0,15162.0,204.26666666666668,-1508.7564741804981,100.0,False,1
576,76.51,-145.0,15130.0,205.26666666666668,-1505.3380612662331,100.0,False,1
577,76.614,-121.3789160141268,15073.815645193046,207.0,-1499.2808333333314,100.0,False,1
578,76.73,-95.0,15010.0,211.59166666666667,-1492.2804301066717,100.0,False,1
579,76.97,-37.0,14876.0,221.09166666666667,-1477.0972992110096,100.0,False,1
580,77.094,-6.412167600337886,14805.281920537476,226.0,-1469.1474999999987,100.0,False,1
581,77.95,215.0,14287.0,236.23478260869564,-1412.994560368888,100.0,False,1
582,78.014,232.8319608551313,14246.077426505426,237.0,-1408.580833333332,100.0,False,1
583,78.15,270.0,14161.0,249.75,-1399.0750441757955,100.0,False,1
584,78.174,276.1497246693566,14146.88901007092,252.0,-1397.3808333333313,100.0,False,1
585,78.41,334.0,14014.0,257.9,-1380.4710548165363,100.0,False,1
586,78.414,335.0718763501013,14011.552128528085,258.0,-1380.1808333333315,100.0,False,1
587,78.63,398.0,13868.0,262.62857142857143,-1364.3575768845467,100.0,False,1
588,78.694,416.93383258406857,13824.228683739968,264.0,-1359.6474999999982,100.0,False,1
589,78.75,433.0,13787.0,264.55721410776965,-1355.5257927313069,100.0,False,1
590,78.895,470.8621364343235,13699.68247217134,266.0,-1344.7958333333322,100.0,False,1
591,79.051,521.0,13582.0,270.55000746666667,-1333.0059634013473,100.0,False,1
592,79.135,559.129977281966,13490.791539448484,273.0,-1326.5958333333315,100.0,False,1
593,79.311,638.0,13301.0,275.93333333333334,-1313.0893576510562,100.0,False,1
594,79.375,652.4503283895618,13266.498190103332,277.0,-1308.1291666666652,100.0,False,1
595,79.571,674.0,13215.0,281.2000054857143,-1292.744920020641,100.0,False,1
596,79.655,696.10252430351,13160.4702160694,283.0,-1286.1180555555538,100.0,False,1
597,79.751,727.0,13084.0,283.8,-1278.544908641877,100.0,False,1
598,79.895,770.77303016043,12975.766921937215,285.0,-1267.1180555555543,100.0,False,1
599,80.091,827.0,12833.0,289.9000064,-1251.2848241200527,100.0,False,1
600,80.135,839.431281956527,12800.032453676327,291.0,-1247.7180555555537,100.0,False,1
601,80.251,872.0,12712.0,291.7250016,-1238.3176847040527,100.0,False,1
602,80.295,884.3500087412654,12678.55266285512,292.0,-1234.740277777776,100.0,False,1
603,80.491,939.0,12529.0,294.94000384,-1218.6809230103386,100.0,False,1
604,80.495,940.0969116460466,12525.924086006844,295.0,-1218.351388888887,100.0,False,1
605,80.731,1003.0,12342.0,297.9500032,-1198.789636445265,100.0,False,1
606,80.815,1024.2187738208145,12274.952485641212,299.0,-1191.7736111111099,100.0,False,1
607,80.871,1038.0,12231.0,299.8,-1187.0811308618504,100.0,False,1
608,81.051,1083.0,12087.0,302.37143222857145,-1171.9240681218375,100.0,False,1
609,81.095,1096.1323876483743,12042.52651025465,303.0,-1168.2069444444433,100.0,False,1
610,81.311,1166.0,11796.0,304.8,-1149.8973921610327,100.0,False,1
611,81.455,1198.1894446170324,11681.390593989787,306.0,-1137.6069444444433,100.0,False,1
612,81.695,1230.060343148698,11562.722192630159,310.0,-1116.9402777777773,100.0,False,1
613,81.811,1250.0,11480.0,311.4500032,-1106.8747656184828,100.0,False,1
614,81.851,1258.0,11446.0,311.9500032,-1103.3936764035107,100.0,False,1
615,81.935,1277.0623713696057,11366.845691139526,313.0,-1096.07361111111,100.0,False,1
616,82.21,1346.0,11090.0,314.96428617142857,-1072.0126099065342,100.0,False,1
617,82.215,1346.97793899272,11086.031388996584,315.0,-1071.57361111111,100.0,False,1
618,82.415,1378.0293017648091,10957.25541460883,317.0,-1053.9624999999987,100.0,False,1
619,82.47,1387.0,10919.0,317.55000064,-1049.0989598220272,100.0,False,1
620,82.615,1415.190468372122,10797.553409367663,319.0,-1036.2402777777775,100.0,False,1
621,82.65,1423.0,10764.0,319.17500032,-1033.1313708615808,100.0,False,1
622,83.015,1514.2239187562584,10375.817025093926,321.0,-1000.5736111111105,100.0,False,1
623,83.03,1517.0,10364.0,321.16129097375403,-999.2282072909534,100.0,False,1
624,83.294,1554.3000798597666,10204.144453393146,324.0,-975.4636111111108,100.0,False,1
625,83.33,1562.0,10171.0,324.18,-972.2164624197712,100.0,False,1
626,83.494,1611.6986804254084,9957.01232466248,325.0,-957.4080555555552,100.0,False,1
627,83.63,1648.0,9801.0,325.68,-945.1009345686289,100.0,False,1
628,83.694,1657.366930046752,9760.987891670315,326.0,-939.2969444444439,100.0,False,1
629,83.87,1673.0,9695.0,326.97777777777776,-923.2876544295796,100.0,False,1
630,84.054,1716.471270843868,9509.470454989043,328.0,-906.4969444444441,100.0,False,1
631,84.27,1781.0,9233.0,328.675,-886.7499204242854,100.0,False,1
632,84.374,1805.5354780794726,9127.423036644996,329.0,-877.2525000000005,100.0,False,1
633,84.614,1848.5578784981121,8941.53687503624,328.0,-855.3858333333328,100.0,False,1
634,84.63,1851.0,8931.0,328.0,-853.9283641958768,100.0,False,1
635,84.854,1881.1319987905117,8801.102246323851,328.0,-833.5191666666665,100.0,False,1
636,84.95,1896.0,8736.0,328.0,-824.7731183906603,100.0,False,1
637,85.054,1915.2536367909308,8650.765384239015,328.0,-815.2969444444439,100.0,False,1
638,85.17,1940.0,8541.0,328.0,-804.7226178197297,100.0,False,1
639,85.294,1969.5070463486381,8410.84721126253,328.0,-793.4302777777775,100.0,False,1
640,85.511,2022.0,8181.0,327.0995850886865,-773.7220602937646,100.0,False,1
641,85.535,2027.1145433127904,8158.767131622514,327.0,-771.5394444444441,100.0,False,1
642,85.775,2070.5426374177378,7971.819181440155,327.0,-749.7394444444435,85.0,False,1
643,85.931,2097.0,7857.0,322.6124928,-735.8456222028904,43.562432,False,1
644,86.095,2127.9760315116214,7721.371210443203,318.0,-721.4727777777775,0.0,True,1
645,86.131,2137.0,7683.0,316.6499904,-718.3421133411753,0.0,True,1
646,86.255,2176.1010367797803,7520.395019969898,312.0,-707.6061111111112,0.0,True,1
647,86.331,2198.0,7430.0,310.73332906666667,-701.0339196911509,0.0,True,1
648,86.495,2224.8061185011943,7318.864215463946,308.0,-687.072777777777,0.0,True,1
649,86.671,2245.0,7234.0,292.6,-672.9264257888253,0.0,True,1
650,86.735,2256.319754943739,7186.403972942438,287.0,-667.9394444444442,0.0,True,1
651,86.831,2275.0,7108.0,281.6666666666667,-660.5794239929592,0.0,True,1
652,86.991,2304.0,6987.0,272.77777777777777,-648.661520762646,0.0,True,1
653,87.095,2326.406726891152,6893.141318677867,267.0,-641.2394444444444,0.0,True,1
654,87.311,2374.0,6693.0,250.8,-626.6965978561102,0.0,True,1
655,87.535,2400.4883597270355,6581.151601484085,234.0,-612.6394444444445,0.0,True,1
656,87.711,2418.0,6507.0,217.86666666666667,-602.1697893095529,0.0,True,1
657,87.775,2426.13815328544,6472.585441335547,212.0,-598.5061111111108,0.0,True,1
658,88.011,2460.0,6329.0,196.2666496,-585.6505510097959,0.0,True,1
659,88.015,2460.524748826249,6326.755944780723,196.0,-585.4394444444442,0.0,True,1
660,88.215,2483.671651183547,6226.726831571337,185.0,-575.1616666666664,0.0,True,1
661,88.375,2500.3138158645615,6155.982213603389,173.0,-567.4727777777775,0.0,True,1
662,88.391,2502.0,6149.0,172.08,-566.7397424825153,0.0,True,1
663,88.591,2524.0,6059.0,160.58,-558.1689840586578,0.0,True,1
664,88.775,2547.215386291448,5958.632501964329,150.0,-550.8061111111106,0.0,True,1
665,88.81,2551.0,5942.0,148.8333312,-549.423633875595,0.0,True,1
666,89.135,2573.099731274526,5839.726518639921,138.0,-537.0061111111104,0.0,True,1
667,89.15,2574.0,5835.0,137.2499968,-536.4633562174308,0.0,True,1
668,89.415,2590.2246872523283,5741.069082797441,124.0,-527.3616666666658,0.0,True,1
669,89.43,2591.0,5736.0,123.37499733333334,-526.8720640720535,0.0,True,1
670,89.65,2600.0,5665.0,114.20833066666667,-519.9182392911707,0.0,True,1
671,89.655,2600.1717433581066,5663.221990328497,114.0,-519.7616666666659,0.0,True,1
672,89.814,2604.731660419059,5603.487556370016,112.0,-514.8149999999996,0.0,True,1
673,89.83,2605.0,5598.0,111.6,-514.3284072705601,0.0,True,1
674,90.054,2604.2284950718295,5538.836781169842,106.0,-507.74833333333254,0.0,True,1
675,90.21,2599.0,5502.0,104.05,-503.30759943856356,0.975,True,1
676,90.37,2590.0,5460.0,102.05,-498.79476573925285,1.9749999999999999,True,1
677,90.374,2589.7385572703056,5459.018906247428,102.0,-498.68166666666593,2.0,False,1
678,90.534,2577.532533346496,5422.762950098237,102.0,-494.1483333333322,5.0,False,1
679,90.55,2576.0,5419.0,102.0,-493.6944126138078,5.733333333333333,False,1
680,90.774,2548.424855113464,5361.005404132722,102.0,-487.34833333333245,16.0,False,1
681,90.83,2541.0,5347.0,101.65,-485.7744959351353,17.4,False,1
682,90.934,2526.683413910018,5321.548987098416,101.0,-482.85944444444385,20.0,False,1
683,90.95,2524.0,5317.0,101.05,-482.41034091927895,21.15,False,1
684,91.21,2465.0,5219.0,101.8625,-475.05979557588535,39.8375,False,1
685,91.254,2456.5851215511725,5203.261302503884,102.0,-473.7927777777768,43.0,False,1
686,91.494,2426.963994967497,5132.212698713725,106.0,-466.7261111111102,51.0,False,1
687,91.67,2415.0,5095.0,108.51428571428572,-461.3616929161394,38.42857142857143,False,1
688,91.774,2410.067575824049,5078.705436293234,110.0,-458.17055555555453,31.0,False,1
689,91.934,2405.1810120750224,5056.993230786877,110.0,-453.28166666666584,30.0,False,1
690,92.051,2402.0,5023.0,110.0,-449.71947897716836,32.91589321687591,False,1
691,92.255,2396.7883770480476,4924.008762497883,110.0,-443.47333333333245,38.0,False,1
692,92.311,2396.0,4899.0,110.7,-441.7315706153681,39.63333333333333,False,1
693,92.495,2396.275623746624,4841.174917865126,113.0,-435.9399999999987,45.0,False,1
694,92.711,2400.0,4796.0,114.35,-429.0685259657548,50.4,False,1
695,92.815,2402.12402797757,4771.934064451688,115.0,-425.717777777777,53.0,False,1
696,93.015,2408.214031237135,4715.346458179411,119.0,-419.10666666666566,54.0,False,1
697,93.051,2410.0,4702.0,120.5750112,-417.855466703425,56.7000192,False,1
698,93.331,2429.0,4579.0,132.8250112,-407.439856448339,77.7000192,False,1
699,93.335,2429.2532374883203,4577.502823222428,133.0,-407.2844444444436,78.0,False,1
700,93.631,2447.0,4487.0,145.025,-395.3187113820077,94.65,False,1
701,93.655,2448.9690600431672,4478.14938373681,146.0,-394.3066666666655,96.0,False,1
702,93.911,2474.0,4371.0,156.97142857142856,-383.10716104471885,99.65714285714286,False,1
703,93.935,2476.0958648592127,4362.445159096297,158.0,-382.01777777777625,100.0,False,1
704,94.095,2488.6288820360255,4313.543214409601,166.0,-374.6399999999985,100.0,False,1
705,94.171,2496.0,4286.0,166.0,-371.1699832017048,100.0,False,1
706,94.331,2516.0,4213.0,166.0,-363.7665455150218,100.0,False,1
707,94.335,2516.5245731158793,4211.136225333324,166.0,-363.5733333333319,100.0,False,1
708,94.495,2537.792456315256,4137.564594316244,181.0,-355.5288888888872,100.0,False,1
709,94.511,2540.0,4130.0,181.55,-354.70068781817463,100.0,False,1
710,94.751,2575.0,4010.0,189.8,-341.91455423108164,100.0,False,1
711,94.815,2584.6079779863835,3976.997399498302,192.0,-338.4622222222206,100.0,False,1
712,94.975,2608.6398066744205,3894.1767321606917,196.0,-329.7511111111098,100.0,False,1
713,94.991,2611.0,3886.0,196.8,-328.8557782768512,100.0,False,1
714,95.231,2648.0,3756.0,208.8,-314.85125643411266,100.0,False,1
715,95.255,2652.508269088555,3739.8294309953767,210.0,-313.4177777777768,100.0,False,1
716,95.45,2691.0,3600.0,214.8750016,-301.6278342185815,100.0,False,1
717,95.655,2714.84466082535,3510.7378863145445,220.0,-288.97333333333245,100.0,False,1
718,95.69,2719.0,3495.0,221.3125024,-286.7877313481622,100.0,False,1
719,95.815,2736.45245737006,3428.928472202551,226.0,-278.92888888888865,100.0,False,1
720,95.975,2762.9394621250854,3327.6545786170277,229.0,-268.75111111111073,100.0,False,1
721,96.05,2775.0,3280.0,231.18750186666668,-263.8853981878383,100.0,False,1
722,96.21,2800.0,3179.0,235.85416853333334,-253.34796761899543,100.0,False,1
723,96.215,2800.8049684848343,3175.817722035158,236.0,-253.01777777777716,100.0,False,1
724,96.39,2830.0,3063.0,238.62500096,-241.41590084353174,100.0,False,1
725,96.415,2834.1634264877885,3046.7210691366668,239.0,-239.73999999999887,100.0,False,1
726,96.59,2863.0,2932.0,243.393305869575,-227.85111794556997,100.0,False,1
727,96.654,2873.5885148086236,2889.87720667984,245.0,-223.47472222222132,100.0,False,1
728,96.81,2900.0,2786.0,246.56,-212.78784853080924,100.0,False,1
729,96.854,2907.7758484286696,2756.0152512863942,247.0,-209.7524999999987,100.0,False,1
730,96.89,2914.0,2732.0,247.6,-207.25925076346175,100.0,False,1
731,97.17,2962.0,2544.0,252.26666666666668,-187.58314841622905,100.0,False,1
732,97.214,2973.684387895835,2499.302913518137,253.0,-184.4524999999985,100.0,False,1
733,97.41,3031.0,2282.0,257.2,-170.38965243870462,100.0,False,1
734,97.494,3044.995102013412,2228.5794733946245,259.0,-164.30805555555435,100.0,False,1
735,97.73,3064.0,2155.0,262.37142857142857,-147.07408929835492,100.0,False,1
736,97.774,3070.081427059397,2131.950378034516,263.0,-143.85249999999905,100.0,False,1
737,98.014,3116.933018919672,1955.6447534296524,264.0,-126.2524999999996,100.0,False,1
738,98.05,3124.0,1929.0,264.45,-123.598676557609,100.0,False,1
739,98.174,3147.089266306105,1841.685624517242,266.0,-114.43027777777661,100.0,False,1
740,98.27,3167.0,1765.0,266.6,-107.3178372387074,100.0,False,1
741,98.334,3182.5859493364223,1704.0258665712208,267.0,-102.56361111110982,100.0,False,1
742,98.45,3211.0,1592.0,267.9626558573028,-93.91119580345185,100.0,False,1
743,98.575,3231.9075846536525,1509.7170831033607,269.0,-84.55555555555384,100.0,False,1
744,98.711,3257.0,1404.0,269.425,-74.36318855560876,100.0,False,1
745,98.871,3303.0,1199.0,269.925,-62.35737369027538,100.0,False,1
746,98.895,3308.1946114352395,1175.3004395884084,270.0,-60.55555555555475,100.0,False,1
747,99.211,3334.0,1037.0,270.79000064,-36.79378467989227,100.0,False,1
748,99.295,3344.1463912989393,978.1639725060953,271.0,-30.444444444443434,100.0,False,1
749,99.371,3354.0,918.0,271.57000192,-24.683511276552053,100.0,False,1
750,99.695,3382.032439355505,674.0631812335415,274.0,0.0,100.0,False,2
751,99.711,3383.0,662.0,274.1,1.2204312410267448,100.0,False,2
752,99.855,3390.2742889287338,552.316865263312,275.0,12.222222222222626,100.0,False,2
753,99.931,3393.0,494.0,275.5428589714286,18.065849856757268,78.55707062857142,False,2
754,100.091,3396.0,371.0,276.6857161142857,30.403028693755914,33.414213485714285,False,2
755,100.135,3396.0738164049503,337.2646272474721,277.0,33.766666666667334,21.0,False,2
756,100.351,3392.0,173.0,274.0,50.06161516770953,21.0,False,2
757,100.431,3389.0,113.0,272.8888888888889,56.09803601579097,21.0,False,2
758,100.495,3386.0727353130374,64.69553464376375,272.0,60.96666666666715,21.0,True,2
759,100.731,3372.0,-112.0,272.0,79.06704154207819,5.512483200000002,True,2
760,100.815,3366.262641869114,-171.0982648279364,272.0,85.14444444444416,0.0,True,2
761,100.931,3357.0,-258.0,257.1374672,93.00942161849161,0.0,True,2
762,101.131,3337.0,-434.0,231.5124672,105.43801474388874,0.0,True,2
763,101.135,3336.664847233752,-436.8732933112267,231.0,105.67777777777792,0.0,True,2
764,101.295,3326.8919886060676,-517.9509604456216,210.0,115.01111111111095,0.0,True,2
765,101.471,3319.0,-583.0,202.55384615384617,124.75167065882579,0.0,True,2
766,101.691,3306.0,-701.0,193.2461430153846,136.15019368999128,0.0,True,2
767,101.815,3299.270054768032,-765.5088095598616,188.0,142.16666666666606,0.0,True,2
768,101.97,3292.0,-841.0,177.14999552,149.2697554557335,0.0,True,2
769,102.13,3286.0,-915.0,165.94999552,156.24544063579197,0.0,True,2
770,102.215,3283.6940486266863,-952.5667214373232,160.0,159.94444444444434,0.0,True,2
771,102.375,3281.2148104628027,-1020.704561781756,155.0,166.83333333333303,0.0,True,2
772,102.43,3281.0,-1044.0,151.8571392,169.08168610475514,0.0,True,2
773,102.59,3282.0,-1108.0,142.71428205714287,175.2364538303682,0.0,True,2
774,102.655,3282.702567669306,-1126.9344048901037,139.0,177.64444444444416,0.0,True,2
775,102.85,3286.0,-1167.0,132.2968728,184.63190086612485,0.0,True,2
776,102.975,3289.8245166667143,-1197.976720785389,128.0,189.0222222222219,0.0,True,2
777,103.175,3299.3793598183925,-1256.9858145063738,125.0,195.96666666666624,0.0,True,2
778,103.23,3303.0,-1274.0,123.42293759473833,197.81259426198358,0.0,True,2
779,103.39,3316.0,-1324.0,118.83512502706809,203.0064361705663,0.0,True,2
780,103.454,3322.158724069538,-1342.750045356729,117.0,205.03416666666635,0.0,True,2
781,103.63,3344.0,-1393.0,112.6,210.50959304891694,0.0,True,2
782,103.654,3347.941844810367,-1400.3831683597855,112.0,211.25638888888898,0.0,True,2
783,103.814,3379.513364912159,-1452.109670706222,112.0,216.23416666666708,0.0,True,2
784,103.89,3394.0,-1473.0,110.41666666666667,218.53506890604785,0.0,True,2
785,104.054,3420.6645876721445,-1505.236499044205,107.0,223.3675000000003,0.0,True,2
786,104.13,3434.0,-1519.0,106.05,225.57877672562245,0.0,True,2
787,104.294,3469.078919936994,-1552.6057130816412,104.0,230.30083333333369,0.0,False,2
788,104.45,3503.0,-1583.0,103.13333333333334,234.74000170121963,13.866666666666667,False,2
789,104.654,3547.2304884646182,-1617.1602393402209,102.0,240.5008333333335,32.0,False,2
790,104.67,3553.0,-1621.0,102.0,240.95244827828537,32.6,False,2
791,104.814,3619.4529344837633,-1662.9773830993397,102.0,245.03416666666635,38.0,False,2
792,104.83,3626.0,-1667.0,102.16,245.49358513681818,34.96,False,2
793,105.014,3671.2910266138574,-1693.286604818857,104.0,250.81194444444463,0.0,False,2
794,105.271,3702.0,-1708.0,99.42704636060843,257.89110487873677,0.0,False,2
795,105.295,3707.5176130827836,-1711.0932209159762,99.0,258.5394444444446,0.0,True,2
796,105.535,3776.3471382293155,-1751.7255246107159,95.0,264.8727777777776,0.0,True,2
797,105.551,3780.0,-1754.0,94.28,265.2728607926729,0.0,True,2
798,105.735,3808.333537758308,-1773.44670858031,86.0,269.6505555555559,0.0,True,2
799,105.811,3818.0,-1782.0,83.71999232,271.3667429116076,0.0,True,2
800,105.935,3835.360863873614,-1799.8308143839074,80.0,274.09500000000025,0.0,True,2
801,106.095,3858.609034328879,-1828.019161118598,78.0,277.5616666666665,0.0,False,2
802,106.191,3869.0,-1844.0,76.8,279.5769867779427,0.0,False,2
803,106.351,3880.0,-1874.0,74.8,282.8405049864623,0.0,False,2
804,106.415,3883.126832900695,-1895.917437259341,74.0,284.13944444444405,0.0,True,2
805,106.531,3887.0,-1941.0,73.17142674285714,286.49113517228943,0.0,True,2
806,106.695,3887.501770685865,-1974.6045253856837,72.0,289.7394444444435,0.0,True,2
807,106.951,3880.0,-1996.0,67.2,294.4488321218614,0.0,True,2
808,107.015,3877.449144479774,-2006.682069636265,66.0,295.6061111111103,0.0,False,2
809,107.131,3872.0,-2029.0,65.58571337142857,297.7093463620904,0.0,False,2
810,107.295,3862.055745229707,-2057.342590480184,65.0,300.66166666666595,0.0,False,2
811,107.311,3861.0,-2060.0,64.9,300.94562980108185,0.65,False,2
812,107.571,3842.0,-2102.0,63.2749984,305.4885415597246,11.212510400000001,False,2
813,107.615,3838.289960510206,-2108.972086813878,63.0,306.2616666666654,13.0,False,2
814,107.731,3828.0,-2127.0,63.7250016,308.318008378179,21.7000192,False,2
815,107.775,3824.070592000702,-2133.568384602064,64.0,309.1061111111103,25.0,False,2
816,107.911,3811.0,-2153.0,65.45714285714286,311.5728803176962,25.0,False,2
817,108.055,3792.880276836334,-2172.5175465792163,67.0,314.31722222222106,25.0,False,2
818,109.015,3610.1968869900165,-2262.498051715403,87.0,337.5172222222209,55.0,False,2
819,109.03,3608.0,-2263.0,87.45000192,337.91851371124176,55.33750144,False,2
820,109.29,3566.0,-2268.0,95.25000192,345.0032577618513,61.18750144,False,2
821,109.415,3526.7741930611214,-2270.1293687911093,99.0,348.5172222222209,64.0,False,2
822,109.615,3450.0378563393324,-2272.909226458868,105.0,354.3505555555539,74.0,False,2
823,109.63,3445.0,-2273.0,105.5263179506658,354.80814621592435,73.92481172133346,False,2
824,110.014,3345.0623437210966,-2269.9985984395958,119.0,367.5397222222209,72.0,False,2
825,110.07,3330.0,-2269.0,121.2,369.5232170997542,73.4,False,2
826,110.294,3253.9151074777023,-2262.0579368267136,130.0,377.65083333333223,79.0,False,2
827,110.31,3246.0,-2261.0,130.2,378.2329754760267,79.06666666666666,False,2
828,110.49,3143.0,-2245.0,132.45,384.8331013494144,79.81666666666666,False,2
829,110.534,3124.6494892548303,-2241.845351741551,133.0,386.517499999999,80.0,False,2
830,110.79,3065.0,-2228.0,145.8,397.05775047705174,84.26666666666667,False,2
831,110.894,3029.1111414097086,-2218.1361142458154,151.0,401.6174999999994,86.0,False,2
832,111.11,2934.0,-2191.0,160.6,411.5027132902387,94.4,False,2
833,111.254,2871.7988918284377,-2172.079526895056,167.0,418.3174999999992,100.0,False,2
834,111.29,2856.0,-2167.0,168.44,420.04129027753424,100.0,False,2
835,111.41,2802.0,-2149.0,173.24,425.85907347093143,100.0,False,2
836,111.454,2781.885830342553,-2142.4213514362013,175.0,428.0397222222209,100.0,False,2
837,111.59,2719.0,-2122.0,179.74813043361684,434.963288621695,100.0,False,2
838,111.811,2615.0,-2085.0,187.46384909148713,446.7089302967115,100.0,False,2
839,111.855,2593.7759494979027,-2077.0698250780533,189.0,449.0922222222216,100.0,False,2
840,112.011,2517.0,-2047.0,194.5714377142857,457.65317855881676,100.0,False,2
841,112.135,2454.461063574428,-2019.9165971568016,199.0,464.5699999999997,100.0,False,2
842,112.335,2354.6098817576517,-1971.9136934867636,204.0,475.90333333333274,100.0,False,2
843,112.351,2347.0,-1968.0,204.24,476.8164774953657,100.0,False,2
844,112.411,2317.0,-1952.0,205.14000384,480.24785237964807,100.0,False,2
845,112.535,2211.1629367530495,-1889.569897017461,207.0,487.40333333333274,100.0,False,2
846,112.671,2085.0,-1812.0,209.975,495.4055957369101,100.0,False,2
847,112.855,2013.739280505499,-1764.9784223126624,214.0,506.42555555555555,100.0,False,2
848,113.011,1976.0,-1737.0,217.9000064,515.8707317034523,100.0,False,2
849,113.015,1974.6070071807067,-1736.0049846046156,218.0,516.1144444444444,100.0,False,2
850,113.215,1878.8069659644466,-1669.0745771535537,221.0,528.3922222222227,100.0,False,2
851,113.351,1806.0,-1616.0,222.36,536.8017081534545,100.0,False,2
852,113.411,1776.0,-1593.0,222.96000256,540.5319107742607,100.0,False,2
853,113.415,1774.052232038657,-1591.5086351336236,223.0,540.7811111111114,100.0,False,2
854,113.711,1626.0,-1479.0,222.17777777777778,559.1999534829301,17.777777777777782,False,2
855,113.775,1580.2808204934279,-1442.6245505442405,222.0,562.9811111111112,0.0,True,2
856,113.951,1451.0,-1338.0,210.0,572.8102995181162,0.0,True,2
857,114.215,1383.8235846829177,-1283.24914086091,192.0,586.4477777777774,0.0,True,2
858,114.311,1360.0,-1264.0,186.0,591.2619945033839,0.0,True,2
859,114.455,1305.2748538717851,-1220.0289810522604,177.0,598.2477777777776,0.0,True,2
860,114.471,1299.0,-1215.0,176.11111111111111,598.9968661200701,0.0,True,2
861,114.691,1219.0,-1151.0,163.88887466666668,608.7554634554917,0.0,True,2
862,114.815,1176.7253801985894,-1116.9201897439023,157.0,613.9477777777774,0.0,True,2
863,114.911,1145.0,-1091.0,152.2,617.8563672675227,0.0,True,2
864,115.095,1086.6010863752397,-1042.1371452883127,143.0,625.0699999999997,0.0,True,2
865,115.15,1070.0,-1028.0,140.52499712,627.1528995182898,0.0,True,2
866,115.295,1028.4157153903022,-992.0505594739823,134.0,632.514444444444,0.0,True,2
867,115.39,1003.0,-969.0,132.020832,635.9694494362611,0.0,True,2
868,115.51,972.0,-939.0,129.520832,640.2438251540925,0.0,True,2
869,115.535,964.999204944723,-931.9627768418695,129.0,641.1144444444435,0.0,True,2
870,115.81,884.0,-846.0,120.16071222857143,650.2856456163227,0.0,True,2
871,115.815,882.8961864905324,-844.7532755345275,120.0,650.4477777777765,0.0,True,2
872,116.095,842.2054505313359,-792.2252635508371,114.0,659.3144444444433,0.0,True,2
873,116.11,840.0,-789.0,113.67857005714286,659.7761775222707,0.0,True,2
874,116.35,800.0,-728.0,108.53571291428571,666.9810399012695,0.0,True,2
875,116.375,796.2616981809238,-722.0202540788346,108.0,667.714444444443,0.0,True,2
876,116.575,771.2082444730462,-675.0353034497718,104.0,673.4922222222212,0.0,False,2
877,116.63,765.0,-656.0,103.76987427082865,675.0681821111739,0.0,False,2
878,116.814,746.3320760263443,-572.2683414691604,103.0,680.3302777777762,0.0,False,2
879,116.85,744.0,-559.0,103.0,681.3625973175522,0.0,False,2
880,116.974,740.4980528563215,-529.8322635268776,103.0,684.9080555555547,0.0,False,2
881,117.19,745.0,-502.0,100.68571428571428,690.9201333809206,5.3999999999999995,False,2
882,117.254,746.7348267048602,-485.81314690092137,100.0,692.6858333333321,7.0,False,2
883,117.39,751.0,-444.0,100.0,696.4362693098801,14.555555555555555,False,2
884,117.59,759.0,-387.0,100.0,702.0055696158288,25.666666666666668,False,2
885,117.614,759.9640480987837,-380.2328875474159,100.0,702.6858333333321,27.0,False,2
886,117.75,765.0,-342.0,103.4,706.6004118212486,45.7,False,2
887,117.774,765.7302474956896,-335.39459135344543,104.0,707.3080555555543,49.0,False,2
888,118.054,769.8224364885259,-257.3004869730212,111.0,715.9413888888876,62.0,False,2
889,118.13,769.0,-230.0,111.7581048591489,718.3503443024229,50.24937468319197,False,2
890,118.331,763.0,-147.0,113.76309462553131,724.7995812752042,19.17203330426467,False,2
891,118.455,758.3245516512903,-107.89908741847516,115.0,728.7511111111098,0.0,False,2
892,118.695,746.9546811403138,-51.245500600942385,113.0,736.2844444444427,0.0,False,2
893,118.711,746.0,-47.0,112.95,736.7828857693257,1.0499999999999998,False,2
894,118.871,734.0,0.0,112.45,741.7462184857841,11.549999999999999,False,2
895,119.015,714.8850073350735,50.16847966429911,112.0,746.2399999999989,21.0,False,2
896,119.151,694.0,95.0,113.13333333333334,750.5458172569424,33.46666666666667,False,2
897,119.255,679.4027218609838,121.69277487359149,114.0,753.8399999999983,43.0,False,2
898,119.495,644.8288834496175,171.98815244666483,114.0,761.4399999999987,43.0,False,2
899,119.511,642.0,176.0,114.56,761.9627127157255,43.0,False,2
900,119.651,615.0,214.0,119.46000896,766.6519534777199,43.0,False,2
901,119.695,606.6110223998029,225.40081949129555,121.0,768.1622222222204,43.0,False,2
902,119.851,573.0,269.0,125.68000768,773.6425336432922,63.28003328,False,2
903,119.895,559.675354989361,285.9072784343852,127.0,775.2177777777761,69.0,False,2
904,120.131,476.0,391.0,132.1625056,783.8881837165845,79.3250112,False,2
905,120.215,457.4001605336671,414.2925746124665,134.0,787.1288888888876,83.0,False,2
906,120.491,420.0,461.0,147.8000128,798.5214556678493,92.4875088,False,2
907,120.535,409.9349398462122,473.5857975795322,150.0,800.4622222222206,94.0,False,2
908,120.751,346.0,553.0,160.8,810.5249228941002,96.94545454545455,False,2
909,120.931,293.0,617.0,169.8000128,819.3241287440651,99.40000349090909,False,2
910,120.975,280.3408298042421,632.3123285052071,172.0,821.4844444444425,100.0,False,2
911,121.131,231.0,691.0,176.55000746666667,829.1811351266451,100.0,False,2
912,121.215,195.19374712834272,731.4753737430243,179.0,833.4177777777759,100.0,False,2
913,121.471,73.0,864.0,189.05714285714285,846.8963967711816,100.0,False,2
914,121.495,64.56386309434018,872.8237865378647,190.0,848.1955555555542,100.0,False,2
915,121.775,-3.6142217900816056,937.8763470717978,200.0,863.7511111111098,100.0,False,2
916,121.81,-14.0,947.0,200.8750016,865.7467047566815,100.0,False,2
917,122.01,-101.0,1021.0,205.8750016,877.3672539740455,100.0,False,2
918,122.19,-238.0,1132.0,210.3750016,888.0947953476643,100.0,False,2
919,122.255,-273.5390008585241,1160.4024835036687,212.0,892.0177777777762,100.0,False,2
920,122.535,-347.8421585481643,1217.9480291115924,221.0,909.2066666666651,100.0,False,2
921,122.55,-353.0,1222.0,221.26785828571428,910.1397462276909,98.33927862857144,False,2
922,122.81,-478.0,1325.0,225.91071542857142,926.4688557683749,69.55356434285714,False,2
923,122.815,-480.835334753089,1327.5412854379233,226.0,926.7844444444427,69.0,False,2
924,123.05,-618.0,1464.0,226.83928594285715,941.6239554198946,53.053567085714285,False,2
925,123.095,-640.4415358842753,1491.1233002776103,227.0,944.4399999999987,50.0,True,2
926,123.295,-719.6692967896001,1611.4197274052472,223.0,956.8288888888874,50.0,False,2
927,123.41,-756.0,1680.0,222.63949830430127,963.9286483139813,50.0,False,2
928,123.614,-808.8174022707782,1800.2588129679818,222.0,976.5005555555545,50.0,False,2
929,123.814,-848.0042026922544,1907.2248178403381,221.0,988.7783333333318,50.0,False,2
930,123.85,-854.0,1924.0,220.8875,990.9835065854504,51.35,False,2
931,124.134,-891.4742677203873,2039.1568912976518,220.0,1008.3338888888875,62.0,False,2
932,124.19,-898.0,2066.0,220.14,1011.7474246882375,64.38,False,2
933,124.51,-931.0,2259.0,220.94,1031.382300010896,77.98,False,2
934,124.534,-932.6644652864163,2273.9103283025165,221.0,1032.8894444444431,79.0,False,2
935,124.61,-937.0,2321.0,222.3786850073375,1037.7018890882864,65.90249243029369,False,2
936,124.87,-943.0,2486.0,227.09523897980793,1054.4268650202312,21.095229691824713,False,2
937,124.975,-943.9535551754917,2550.774708102618,229.0,1060.941944444442,3.0,False,2
938,125.051,-944.0,2597.0,223.67998208,1065.5272165868955,3.0,False,2
939,125.175,-942.5463365198211,2671.6682900536744,215.0,1072.8863888888864,3.0,True,2
940,125.211,-942.0,2693.0,214.3249952,1075.0315916871768,2.3249952,True,2
941,125.335,-940.1181463595562,2764.963591733103,212.0,1082.3086111111088,0.0,True,2
942,125.571,-936.0,2895.0,197.14072462222222,1094.431252690796,0.0,True,2
943,126.415,-913.4667520966358,3281.8095688241647,144.0,1125.5086111111095,0.0,True,2
944,126.451,-913.0,3296.0,142.84284891428572,1126.840381708702,0.0,True,2
945,126.691,-912.0,3387.0,135.1285632,1135.858412261623,0.0,True,2
946,126.695,-912.026334725009,3388.493340566959,135.0,1136.0086111111086,0.0,True,2
947,126.851,-914.0,3445.0,133.0499968,1141.7779120010164,0.0,True,2
948,126.855,-914.0598910029945,3446.327780525662,133.0,1141.9197222222201,0.0,True,2
949,127.175,-924.560203563043,3551.8919006288415,117.0,1152.3197222222198,0.0,True,2
950,127.191,-926.0,3560.0,116.7,1152.8291262410194,0.0,True,2
951,127.335,-942.4046836712769,3643.2927863341447,114.0,1157.3863888888864,0.0,True,2
952,127.351,-944.0,3651.0,113.48571428571428,1157.8770543531427,0.0,True,2
953,127.615,-956.416605009951,3700.782159231292,105.0,1165.5530555555533,0.0,True,2
954,127.751,-965.0,3722.0,102.96,1169.4398810309212,0.0,True,2
955,127.815,-971.3717580675509,3738.7688933648737,102.0,1171.2197222222203,0.0,True,2
956,127.831,-973.0,3743.0,101.55,1171.6568641197173,0.0,True,2
957,128.131,-1008.0,3814.0,93.1124928,1179.386430374314,0.0,True,2
958,128.135,-1008.7745388640769,3815.1694030527565,93.0,1179.4863888888867,0.0,True,2
959,128.37,-1062.0,3887.0,88.10416533333333,1185.235239281903,0.0,True,2
960,128.375,-1062.7822305466261,3887.97674525338,88.0,1185.3530555555535,0.0,True,2
961,128.65,-1085.0,3908.0,81.9843736,1191.5520163960864,0.8593752,True,2
962,128.695,-1091.4766004943694,3912.9329248478166,81.0,1192.5530555555533,1.0,False,2
963,128.83,-1117.0,3932.0,80.32499968,1195.5656484387791,0.32499968,False,2
964,128.895,-1129.6329882395332,3939.9567050862975,80.0,1196.9974999999986,0.0,False,2
965,129.17,-1184.0,3964.0,77.42187440000001,1202.871932607768,0.0,False,2
966,129.215,-1193.3492792560482,3967.12334832074,77.0,1203.8419444444426,0.0,False,2
967,129.35,-1222.0,3975.0,78.35000064,1206.796702207641,23.6250112,False,2
968,129.415,-1235.853544896674,3977.6369684449883,79.0,1208.2308333333312,35.0,False,2
969,129.55,-1265.0,3981.0,79.48214308571428,1211.2167094908455,33.071427657142856,False,2
970,129.695,-1297.6440220174338,3982.3555731920387,80.0,1214.4530555555539,31.0,False,2
971,129.83,-1328.0,3982.0,81.35000064,1217.5127896306221,39.10000384,False,2
972,129.895,-1342.1782077776884,3981.4128157076607,82.0,1219.0086111111095,43.0,False,2
973,130.05,-1380.0,3979.0,84.5833344,1222.650723525344,48.8125024,False,2
974,130.135,-1408.2802984193613,3977.149295684447,86.0,1224.7419444444422,52.0,False,2
975,130.23,-1439.0,3975.0,89.27586361863551,1227.1854796148964,57.062698319709426,False,2
976,130.454,-1472.4942558158966,3971.241647511406,97.0,1233.3372222222206,69.0,False,2
977,130.67,-1521.0,3970.0,105.1,1239.6733466300093,72.6,False,2
978,130.694,-1531.3544298865245,3970.0437228390583,106.0,1240.4038888888863,73.0,False,2
979,130.85,-1612.0,3972.0,112.825,1245.296793776969,71.05,False,2
980,130.854,-1613.9110301758528,3972.1216375215904,113.0,1245.426111111109,71.0,False,2
981,131.19,-1727.0,3993.0,120.63636363636364,1256.9001221195394,58.78181818181818,False,2
982,131.294,-1749.4713701608032,4000.152282466831,123.0,1260.459444444442,55.0,False,2
983,131.454,-1776.4031336619248,4011.569012969848,121.0,1265.8372222222197,0.0,True,2
984,131.591,-1806.0,4028.0,121.0,1270.445989873543,0.0,True,2
985,131.615,-1812.1705413743377,4031.674789592385,121.0,1271.2486111111084,0.0,False,2
986,131.811,-1868.0,4067.0,119.59999817142857,1277.7244553184828,23.800031085714288,False,2
987,131.895,-1888.5704490695155,4080.9781817852454,119.0,1280.5041666666639,34.0,False,2
988,132.051,-1931.0,4117.0,119.9750016,1285.7045691926915,40.8250112,False,2
989,132.055,-1932.457850877153,4118.431127576832,120.0,1285.837499999997,41.0,False,2
990,132.215,-2000.1204639067141,4189.604947257298,120.0,1291.17083333333,47.0,False,2
991,132.231,-2006.0,4196.0,120.46666666666667,1291.717758356218,47.93333333333333,False,2
992,132.455,-2053.463552722681,4250.716543984406,127.0,1299.637499999997,61.0,False,2
993,132.711,-2079.0,4293.0,129.74285714285713,1308.8563629788405,64.65714285714286,False,2
994,132.735,-2082.96066810859,4299.5088965620935,130.0,1309.7486111111084,65.0,False,2
995,132.911,-2117.0,4357.0,135.86666666666667,1316.474101112679,65.0,False,2
996,132.975,-2128.6012723273802,4378.872619737685,138.0,1318.9486111111073,65.0,False,2
997,133.071,-2145.0,4412.0,139.2,1322.6605097517477,65.0,False,2
998,133.135,-2155.6911154014574,4434.414077210729,140.0,1325.170833333329,65.0,False,2
999,133.231,-2171.0,4469.0,143.2,1329.0292091791425,68.6,False,2
1000,133.375,-2191.2678740331785,4524.1135289379445,148.0,1335.0374999999958,74.0,False,2
1001,133.411,-2196.0,4538.0,149.26000896,1336.5839302679178,75.26000896,False,2
1002,133.711,-2233.0,4661.0,159.76,1350.0784796822918,85.76,False,2
1003,133.775,-2241.137925820598,4694.631384737638,162.0,1353.0374999999958,88.0,False,2
1004,133.991,-2268.0,4824.0,169.2,1363.2079193632753,91.6,False,2
1005,134.015,-2270.59626398872,4838.445554947111,170.0,1364.370833333328,92.0,False,2
1006,134.331,-2297.0,5016.0,181.8500096,1380.3411982372136,99.9000064,False,2
1007,134.335,-2297.2572495483378,5017.896865365601,182.0,1380.5486111111068,100.0,False,2
1008,134.575,-2309.4640776766037,5111.973516678813,191.0,1393.2819444444394,100.0,False,2
1009,134.831,-2321.0,5210.0,203.16,1408.0400788328807,100.0,False,2
1010,134.975,-2329.3954977228163,5283.019788538073,210.0,1416.6152777777734,100.0,False,2
1011,135.19,-2343.0,5406.0,216.2708352,1429.5504689845202,100.0,False,2
1012,135.215,-2344.5104388338286,5420.343617272156,217.0,1431.0819444444405,100.0,False,2
1013,135.35,-2353.0,5504.0,222.40000256,1439.4769938831723,100.0,False,2
1014,135.415,-2358.027001312045,5555.471192394381,225.0,1443.5819444444396,100.0,False,2
1015,135.575,-2372.043570799124,5702.665147973987,231.0,1453.848611111106,100.0,False,2
1016,135.63,-2376.0,5745.0,232.92500224,1457.4429614120472,100.0,False,2
1017,135.775,-2383.4333123557076,5826.8870475125395,238.0,1467.0708333333296,100.0,False,2
1018,135.975,-2390.253251887613,5910.4537021996875,244.0,1480.6263888888843,100.0,False,2
1019,136.03,-2393.0,5945.0,245.14583466666667,1484.3948962378681,100.0,False,2
1020,136.215,-2404.837707721119,6095.543668084838,249.0,1497.2263888888847,100.0,False,2
1021,136.27,-2408.0,6137.0,250.83333546666665,1501.108844352786,100.0,False,2
1022,136.455,-2415.7534587856703,6245.61376969127,257.0,1514.3597222222188,100.0,False,2
1023,136.51,-2418.0,6279.0,258.14583466666664,1518.3307775920584,100.0,False,2
1024,136.695,-2426.5058066973074,6411.086712689105,262.0,1531.8263888888841,100.0,False,2
1025,136.73,-2428.0,6437.0,262.8774387739385,1534.4177439133164,100.0,False,2
1026,136.99,-2437.0,6628.0,269.39554346151874,1554.002781462852,100.0,False,2
1027,137.054,-2438.9913711680388,6676.167836201866,271.0,1558.8511111111075,100.0,False,2
1028,137.19,-2443.0,6778.0,272.7,1569.1600882401917,100.0,False,2
1029,137.214,-2443.657141492715,6795.292777117186,273.0,1570.9844444444407,100.0,False,2
1030,137.41,-2448.0,6945.0,275.45,1585.9794660670432,100.0,False,2
1031,137.454,-2448.5095800487557,6988.925788407704,276.0,1589.3844444444412,100.0,False,2
1032,137.67,-2449.0,7226.0,280.8,1606.3458095116912,100.0,False,2
1033,137.814,-2448.9208810616446,7319.188666785327,284.0,1617.78444444444,100.0,False,2
1034,138.071,-2444.0,7464.0,287.6583629115133,1638.3324910733418,100.0,False,2
1035,138.095,-2442.807585368335,7488.827505764999,288.0,1640.2644444444404,100.0,False,2
1036,138.311,-2429.0,7754.0,291.6,1657.771412268592,100.0,False,2
1037,138.335,-2427.736011746785,7776.600190981728,292.0,1659.7311111111076,100.0,False,2
1038,138.691,-2413.0,7966.0,296.4500032,1689.0899913658359,100.0,False,2
1039,138.735,-2409.852483372207,7997.677807051552,297.0,1692.7311111111085,100.0,False,2
1040,138.911,-2395.0,8147.0,297.88,1707.2943210368821,100.0,False,2
1041,139.011,-2387.0,8229.0,298.38000128,1715.5862889811106,100.0,False,2
1042,139.135,-2370.594779592328,8362.623370255153,299.0,1725.9533333333284,100.0,False,2
1043,139.351,-2336.0,8609.0,300.35,1744.188481512474,67.60000000000001,False,2
1044,139.455,-2325.802285905466,8677.413704377474,301.0,1752.7088888888857,52.0,True,2
1045,139.691,-2307.0,8785.0,281.61426468571426,1771.0017891593661,8.171381028571426,True,2
1046,139.735,-2301.1240545818705,8817.467312614768,278.0,1774.331111111108,0.0,True,2
1047,139.791,-2293.0,8862.0,274.96666666666664,1778.5495935400822,0.0,True,2
1048,139.975,-2266.892352170682,8999.864378371054,265.0,1791.997777777773,0.0,True,2
1049,140.031,-2259.0,9039.0,259.0888888888889,1795.822051820017,0.0,True,2
1050,140.211,-2232.0,9163.0,240.08886186666666,1807.2403858388634,0.0,True,2
1051,140.335,-2207.1381286349,9269.860690599871,227.0,1814.6977777777738,0.0,True,2
1052,140.531,-2168.0,9434.0,216.79165333333333,1826.0715133750027,0.0,True,2
1053,140.815,-2144.049128339803,9534.118679286832,202.0,1841.6311111111063,0.0,True,2
1054,140.871,-2139.0,9555.0,198.4,1844.5666851265814,0.0,True,2
1055,141.095,-2111.40974054684,9669.270690546784,184.0,1855.9422222222174,0.0,True,2
1056,141.131,-2107.0,9688.0,182.79999146666665,1857.7347095832993,0.0,True,2
1057,141.311,-2087.0,9775.0,176.8,1866.5329783715306,0.0,True,2
1058,141.335,-2084.4385642987736,9786.03593428714,176.0,1867.675555555551,0.0,False,2
1059,141.53,-2063.0,9878.0,166.2499968,1876.6732071059005,0.0,False,2
1060,141.535,-2062.389929110428,9880.691140707373,166.0,1876.8977777777727,0.0,True,2
1061,141.775,-2030.5154212569487,10025.722593776909,156.0,1887.2977777777733,0.0,True,2
1062,141.85,-2023.0,10060.0,152.51785417142858,1890.36329287034,0.0,True,2
1063,142.055,-2011.5810178093159,10109.52696902414,143.0,1898.4199999999955,0.0,True,2
1064,142.13,-2006.0,10131.0,141.1249984,1901.3449691551232,0.0,True,2
1065,142.215,-1996.9736260201607,10164.88413378317,139.0,1904.5977777777734,0.0,True,2
1066,142.43,-1969.0,10266.0,130.2656224,1912.2526624355369,0.0,True,2
1067,142.535,-1959.4136413634865,10297.098874984791,126.0,1915.7977777777733,0.0,True,2
1068,142.735,-1944.4341292847464,10336.457833189115,117.0,1922.2977777777742,0.0,True,2
1069,142.75,-1943.0,10340.0,116.39999744,1922.767222845583,0.0,True,2
1070,142.935,-1921.3579993271169,10391.073404104744,109.0,1928.3533333333298,0.0,True,2
1071,142.99,-1914.0,10406.0,107.6249984,1929.9595676984618,0.0,True,2
1072,143.17,-1888.0,10449.0,103.1249984,1935.0799090084674,0.0,True,2
1073,143.175,-1887.244856869998,10450.087711054191,103.0,1935.2199999999966,0.0,True,2
1074,143.375,-1855.4940958178247,10489.358117888245,99.0,1940.7199999999966,0.0,True,2
1075,143.51,-1827.0,10513.0,96.46081435268928,1944.2704143429537,0.0,True,2
1076,143.69,-1779.0,10541.0,93.07523509462368,1948.8594971890498,0.0,True,2
1077,143.694,-1778.0087287948752,10541.489385341443,93.0,1948.96083333333,0.0,False,2
1078,143.99,-1715.0,10563.0,91.52,1956.412264680669,21.459999999999997,False,2
1079,144.094,-1688.6567954321374,10569.451235328117,91.0,1959.0719444444412,29.0,False,2
1080,144.27,-1642.0,10580.0,93.4,1963.6679845847693,36.6,False,2
1081,144.51,-1581.0,10596.0,96.67272727272727,1970.240118723823,46.96363636363636,False,2
1082,144.534,-1571.792995596615,10599.36503518003,97.0,1970.927499999997,48.0,False,2
1083,144.731,-1487.0,10634.0,103.75078674158988,1976.7757235785566,55.97820251278804,False,2
1084,144.855,-1465.0920610970963,10644.0578506077,108.0,1980.5574999999972,61.0,False,2
1085,145.011,-1450.0,10654.0,110.34000384,1985.3580586374574,47.73997824,False,2
1086,145.055,-1440.7762817153255,10659.694916590513,111.0,1986.7241666666641,44.0,False,2
1087,145.211,-1397.0,10687.0,112.9500032,1991.6196510220716,44.0,False,2
1088,145.215,-1395.8963519539918,10687.728350772692,113.0,1991.746388888886,44.0,False,2
1089,145.375,-1354.6188265893627,10717.084406593494,115.0,1996.8574999999973,41.0,False,2
1090,145.451,-1336.0,10732.0,115.38000128,1999.2942611679528,43.66000896,False,2
1091,145.631,-1293.0,10771.0,116.28,2005.086072305323,49.96,False,2
1092,145.775,-1260.4755424116097,10804.867551725163,117.0,2009.8574999999973,55.0,False,2
1093,145.811,-1253.0,10813.0,118.0125072,2011.0759475828154,56.125008,False,2
1094,146.095,-1199.9323799596616,10878.519015584803,126.0,2021.0574999999972,65.0,False,2
1095,146.171,-1179.0,10912.0,128.53334186666666,2023.8463173934633,65.9500032,False,2
1096,146.331,-1127.0,11002.0,133.8666752,2029.8400440082014,67.9500032,False,2
1097,146.335,-1126.040582679691,11003.714519724923,134.0,2029.9908333333306,68.0,False,2
1098,146.535,-1106.9377009068291,11042.07889107633,137.0,2037.601944444441,75.0,False,2
1099,146.611,-1101.0,11057.0,139.375008,2040.556231847656,81.6500224,False,2
1100,146.695,-1090.1417017391866,11083.102581454075,142.0,2043.913055555552,89.0,False,2
1101,146.851,-1064.0,11147.0,147.8500096,2050.5450838762918,78.2749824,False,2
1102,147.011,-1041.0,11211.0,153.8500096,2057.8119173885852,67.2749824,False,2
1103,147.175,-1018.8583460148188,11280.819177651936,160.0,2065.246388888886,56.0,False,2
1104,147.311,-1002.0,11338.0,162.55,2071.376801138972,84.05,False,2
1105,147.335,-999.2305112769213,11347.636660866612,163.0,2072.4908333333306,89.0,False,2
1106,147.531,-975.0,11437.0,172.31001216,2082.1365179072063,94.39000704,False,2
1107,147.735,-934.6317234688921,11598.225613548262,182.0,2092.713055555553,100.0,False,2
1108,147.771,-929.0,11621.0,182.72000512,2094.5814431852677,100.0,False,2
1109,148.135,-901.9195950000445,11732.138554284013,190.0,2113.8241666666627,100.0,False,2
1110,148.17,-896.0,11756.0,192.187504,2115.768393292944,100.0,False,2
1111,148.35,-855.0,11921.0,203.437504,2126.041668710187,100.0,False,2
1112,148.375,-850.5535034208942,11939.101642036327,205.0,2127.4908333333296,100.0,False,2
1113,148.575,-833.9842259908282,12010.088866837485,212.0,2139.268611111107,100.0,False,2
1114,148.73,-821.0,12070.0,216.93182021818183,2148.7291943752816,100.0,False,2
1115,148.95,-784.0,12240.0,223.93182021818183,2162.668763131338,100.0,False,2
1116,149.015,-773.3983320400582,12293.920605233932,226.0,2166.8908333333293,100.0,False,2
1117,149.21,-747.0,12441.0,232.64772945454544,2179.8372471940584,100.0,False,2
1118,149.455,-726.0123761518108,12562.274436458303,241.0,2196.3463888888864,100.0,False,2
1119,149.51,-720.0,12598.0,241.0,2200.0245313946816,100.0,False,2
1120,149.615,-705.558321797877,12684.473782539631,241.0,2207.057499999997,100.0,False,2
1121,149.79,-680.0,12840.0,244.8281264,2218.997315753927,100.0,False,2
1122,149.935,-667.205492260611,12922.336320588418,248.0,2229.101944444441,100.0,False,2
1123,150.11,-655.0,13007.0,253.62500205714286,2241.54739727984,100.0,False,2
1124,150.215,-644.8459970573615,13077.315813766356,257.0,2249.09083333333,100.0,False,2
1125,150.375,-626.5224796482319,13205.643472503982,260.0,2260.6463888888857,100.0,False,2
1126,150.47,-617.0,13277.0,261.43216130824965,2267.5579567222358,100.0,False,2
1127,150.574,-608.2432299744789,13348.099024272236,263.0,2275.1844444444423,100.0,False,2
1128,150.73,-597.0,13451.0,265.7857142857143,2286.7708751983464,100.0,False,2
1129,150.854,-588.0765125145776,13541.257656762375,268.0,2296.028888888887,100.0,False,2
1130,151.01,-578.0,13658.0,268.65,2307.6615120906463,100.0,False,2
1131,151.094,-573.7356677031177,13718.577693030666,269.0,2313.9622222222188,100.0,False,2
1132,151.13,-572.0,13747.0,269.597510532119,2316.67660323213,100.0,False,2
1133,151.335,-562.3112167817358,13950.405213116803,273.0,2332.238055555553,100.0,False,2
1134,151.431,-559.0,14035.0,273.0,2339.520242804373,100.0,False,2
1135,151.535,-556.8082779636093,14102.843863511685,273.0,2347.404722222219,100.0,False,2
1136,151.731,-555.0,14203.0,273.0,2362.271656850734,100.0,False,2
1137,151.775,-554.5752742502251,14231.140485345368,273.0,2365.6047222222196,100.0,False,2
1138,151.935,-553.1378165883395,14354.31392007061,273.0,2377.738055555553,100.0,False,2
1139,151.971,-553.0,14387.0,273.7500053333333,2380.494535989448,100.0,False,2
1140,152.175,-553.8252523072024,14601.690614844729,278.0,2396.2713888888866,100.0,False,2
1141,152.271,-555.0,14686.0,278.0,2403.6906658385506,100.0,False,2
1142,152.415,-557.5837648637065,14766.16635322212,278.0,2414.8047222222185,100.0,False,2
1143,152.571,-563.0,14840.0,278.0,2426.8508171478425,100.0,False,2
1144,152.655,-567.742446880232,14897.221178645948,278.0,2433.3380555555523,100.0,False,2
1145,152.851,-584.0,15057.0,278.0,2448.4739624353124,100.0,False,2
1146,152.895,-588.716113492385,15091.279208142327,278.0,2451.871388888886,100.0,True,2
1147,153.091,-614.0,15237.0,278.0,2467.006776009077,100.0,True,2
1148,153.095,-614.5731916143193,15239.96203070711,278.0,2467.3158333333295,100.0,True,2
1149,153.211,-632.0,15326.0,278.0,2476.2838066367603,101.05454778181819,True,2
1150,153.391,-661.0,15459.0,278.0,2490.2072613984747,102.69090909090909,True,2
1151,153.535,-685.729455425539,15566.399929094658,278.0,2501.2936111111067,104.0,True,2
1152,153.591,-695.0,15606.0,278.0,2505.5886533808607,104.0,True,2
1153,153.775,-722.4976393157926,15722.246525661227,278.0,2519.8269444444404,104.0,True,2
1154,153.831,-730.0,15754.0,278.0,2524.30193182498,104.0,True,2
1155,154.071,-761.0,15887.0,278.0,2543.379479626402,104.0,True,2
1156,154.135,-771.6440927049916,15933.224835319086,278.0,2547.6269444444397,104.0,True,2
1157,154.311,-802.0,16066.0,231.2,2556.864503012531,62.4,True,2
1158,154.575,-821.5683931870515,16155.547719299131,161.0,2567.3047222222176,0.0,True,2
1159,154.73,-830.0,16199.0,154.2187472,2573.9369035789523,0.0,True,2
1160,154.735,-830.3405580337895,16200.770800501357,154.0,2574.1491666666634,0.0,True,2
1161,154.91,-844.0,16272.0,148.74999808,2581.3731863481153,0.0,True,2
1162,154.935,-845.9094792114296,16281.894054324273,148.0,2582.371388888885,0.0,True,2
1163,155.09,-857.0,16339.0,139.47499648,2588.348544322377,0.0,True,2
1164,155.135,-860.0855950613063,16354.907233052378,137.0,2589.9824999999955,0.0,True,2
1165,155.21,-865.0,16382.0,131.3749952,2592.585685136749,0.0,True,2
1166,155.375,-874.0349969038213,16451.185784009,119.0,2597.915833333329,0.0,True,2
1167,155.57,-880.0,16531.0,110.87499733333333,2603.8781030068785,0.0,True,2
1168,155.615,-880.3786236823147,16545.702804335284,109.0,2605.1824999999963,0.0,True,2
1169,155.855,-876.1841635921372,16601.745179828977,97.0,2611.6491666666625,0.0,True,2
1170,156.01,-869.0,16630.0,92.26388693333334,2615.484588999643,0.0,True,2
1171,156.215,-854.4364023141273,16665.58677074665,86.0,2620.249166666663,0.0,True,2
1172,156.27,-849.0,16675.0,84.07499776,2621.4859212631172,0.0,True,2
1173,156.415,-830.9297679334173,16699.726048789613,79.0,2624.6380555555515,0.0,False,2
1174,156.51,-815.0,16715.0,76.84090763636364,2626.5841066317407,0.0,False,2
1175,156.85,-735.0,16756.0,69.1136349090909,2632.9793375861937,0.0,False,2
1176,156.855,-733.8560548137966,16756.323755316298,69.0,2633.071388888885,0.0,True,2
1177,157.095,-684.4340956785923,16760.865843186886,65.0,2637.404722222219,0.0,False,2
1178,157.23,-660.0,16757.0,61.6249984,2639.6604546882136,0.0,False,2
1179,157.295,-648.8661632146415,16754.01372981355,60.0,2640.738055555552,0.0,True,2
1180,157.494,-617.6745749000856,16740.903882411687,60.0,2644.0547222222185,0.0,True,2
1181,157.61,-603.0,16733.0,57.1,2645.8510600190803,0.0,True,2
1182,157.694,-594.25100936324,16727.59875293367,55.0,2647.110277777774,0.0,False,2
1183,158.031,-568.0,16703.0,53.13296401249224,2652.073754220113,0.0,False,2
1184,158.055,-565.9090336479727,16700.454761997717,53.0,2652.4249999999965,0.0,False,2
1185,158.251,-548.0,16677.0,53.0,2655.3093904606376,16.66002176,False,2
1186,158.255,-547.6600000307748,16676.542146674168,53.0,2655.369444444441,17.0,False,2
1187,158.451,-531.0,16652.0,54.8375024,2658.3899753999176,21.2875056,False,2
1188,158.575,-516.1709539858721,16624.79642052545,56.0,2660.347222222219,24.0,False,2
1189,158.631,-510.0,16613.0,56.46666666666667,2661.236904030825,24.466666666666665,False,2
1190,158.815,-497.012578538673,16587.103638989265,58.0,2664.213888888886,26.0,False,2
1191,159.071,-487.0,16561.0,61.65714285714286,2668.61326516645,34.22857142857143,False,2
1192,159.095,-485.734287732342,16557.390315669778,62.0,2669.036111111108,35.0,False,2
1193,159.191,-480.0,16541.0,63.371428571428574,2670.7409842272173,37.4,False,2
1194,159.351,-470.0,16514.0,65.65714285714286,2673.699369983422,41.4,False,2
1195,159.375,-469.4927784446078,16512.693172747506,66.0,2674.169444444441,42.0,False,2
1196,159.615,-480.00083670839587,16541.499285271173,75.0,2679.169444444441,54.0,False,2
1197,159.731,-478.0,16534.0,76.65714651428571,2681.6084370696117,54.82857325714286,False,2
1198,159.895,-459.5764395981801,16477.962982892706,79.0,2685.3138888888852,56.0,False,2
1199,159.931,-456.0,16467.0,81.0454690909091,2686.2259925222215,57.718194036363634,False,2
1200,160.211,-444.0,16421.0,96.95456,2694.3806913451854,71.0818304,False,2
1201,160.335,-435.3525955058763,16377.233130162418,104.0,2698.024999999996,77.0,False,2
1202,160.495,-422.8819185464178,16311.083612476921,104.0,2702.6472222222183,82.0,False,2
1203,160.511,-422.0,16306.0,105.16,2703.145702614741,82.72,False,2
1204,160.771,-415.0,16253.0,124.01001855999999,2712.479852893998,94.42001152,False,2
1205,160.895,-412.42714337181997,16227.817722438798,133.0,2717.4249999999965,100.0,False,2
1206,161.031,-409.0,16191.0,140.1090909090909,2723.074090108458,100.0,False,2
1207,161.191,-404.0,16131.0,148.47272727272727,2730.014492322126,100.0,False,2
1208,161.335,-400.07286254356654,16077.321118697562,156.0,2736.491666666663,100.0,False,2
1209,161.51,-393.0,15994.0,162.5625024,2744.6471483309706,100.0,False,2
1210,161.71,-378.0,15855.0,170.0625024,2754.273474165392,100.0,False,2
1211,161.735,-376.16169384637845,15840.032495051073,171.0,2755.491666666663,100.0,False,2
1212,161.975,-360.93528863613574,15744.49510868396,179.0,2767.4249999999956,100.0,False,2
1213,162.17,-345.0,15678.0,188.7500032,2777.70698029698,100.0,False,2
1214,162.215,-340.26672680949565,15659.365956694144,191.0,2780.158333333329,100.0,False,2
1215,162.37,-316.0,15575.0,197.02778026666667,2788.8225270824087,100.0,False,2
1216,162.575,-252.76675693991595,15393.47389749895,205.0,2800.6583333333283,100.0,False,2
1217,162.59,-249.0,15383.0,205.43750186666668,2801.5329409108726,100.0,False,2
1218,162.815,-220.52868788910314,15308.14870972438,212.0,2814.7916666666624,100.0,False,2
1219,162.93,-205.0,15272.0,214.4642870857143,2821.6740990667113,100.0,False,2
1220,163.095,-166.67493608315962,15181.656661616556,218.0,2831.7472222222177,100.0,False,2
1221,163.13,-158.0,15161.0,219.50000274285713,2833.9283313100086,100.0,False,2
1222,163.33,-110.0,15046.0,228.07143131428572,2846.693204356873,100.0,False,2
1223,163.375,-98.85907769209109,15019.865647324144,230.0,2849.6361111111064,100.0,False,2
1224,163.59,-44.0,14892.0,236.2708352,2864.0559560453667,100.0,False,2
1225,163.77,1.0,14782.0,241.5208352,2876.3862515845467,100.0,False,2
1226,163.855,22.79070763858253,14730.655599269883,244.0,2882.1694444444393,100.0,False,2
1227,164.05,74.0,14613.0,244.0,2895.367938771631,100.0,False,2
1228,164.094,85.58559890596706,14585.798256594968,244.0,2898.3683333333283,100.0,False,2
1229,164.21,116.0,14514.0,246.9,2906.3505456972316,100.0,False,2
1230,164.29,138.0,14463.0,248.9,2911.9216078275613,100.0,False,2
1231,164.294,139.30770182574705,14459.981454178118,249.0,2912.201666666663,100.0,False,2
1232,164.551,252.0,14201.0,255.4049841056666,2930.4864941148935,100.0,False,2
1233,164.615,271.39283270871505,14156.694422609235,257.0,2935.1174999999967,100.0,False,2
1234,164.931,323.0,14040.0,265.8875072,2958.4596541211577,100.0,False,2
1235,164.935,323.99747255448165,14037.720713256187,266.0,2958.761944444441,100.0,False,2
1236,165.091,371.0,13930.0,271.3625088,2970.701378956427,100.0,False,2
1237,165.255,421.0085559288412,13815.359365141376,277.0,2983.384166666662,100.0,False,2
1238,165.331,444.0,13762.0,277.38000128,2989.240469523629,100.0,False,2
1239,165.455,481.82053104793954,13672.776185067427,278.0,2998.8286111111083,100.0,False,2
1240,165.671,547.0,13518.0,283.4,3015.8574188458333,100.0,False,2
1241,165.695,554.0050823425067,13501.648759219932,284.0,3017.76194444444,100.0,False,2
1242,165.851,603.0,13387.0,285.9500032,3030.1709461718274,100.0,False,2
1243,166.015,677.4518712178552,13205.470815113142,288.0,3043.3619444444394,100.0,False,2
1244,166.091,707.0,13133.0,289.72727854545457,3049.558482041465,100.0,False,2
1245,166.411,774.0,12967.0,297.0000058181818,3076.110615692978,100.0,False,2
1246,166.455,788.9571410703459,12928.3674344281,298.0,3079.7841666666636,100.0,False,2
1247,166.731,905.0,12625.0,301.9428608,3102.9348016934728,100.0,False,2
1248,166.735,906.102575030479,12622.084032927225,302.0,3103.2730555555527,100.0,False,2
1249,167.011,950.0,12498.0,306.14000384,3126.8358050785137,100.0,False,2
1250,167.135,988.7194050600111,12381.085306655443,308.0,3137.4952777777726,100.0,False,2
1251,167.331,1062.0,12156.0,309.63333546666667,3154.381200803752,100.0,False,2
1252,167.495,1099.6948030704257,12032.332110993648,311.0,3168.595277777774,100.0,False,2
1253,167.671,1132.0,11918.0,313.44444444444446,3183.979220294201,100.0,False,2
1254,167.855,1175.594573024028,11762.640468030115,316.0,3200.1952777777724,100.0,False,2
1255,167.89,1184.0,11732.0,316.4375008,3203.293924715177,100.0,False,2
1256,168.07,1225.0,11578.0,318.6875008,3219.2945012246346,100.0,False,2
1257,168.175,1246.4771361595213,11494.745443253973,320.0,3228.6397222222186,100.0,False,2
1258,168.29,1273.0,11389.0,320.28750016,3238.868694750362,100.0,False,2
1259,168.51,1341.0,11111.0,320.83750016,3258.471687110662,100.0,False,2
1260,168.575,1357.5336805805878,11042.427382114503,321.0,3264.306388888883,100.0,False,2
1261,168.735,1386.709860244669,10919.017932379455,325.0,3278.75083333333,100.0,False,2
1262,168.935,1417.4929748193997,10786.675559700598,326.0,3296.8619444444403,100.0,False,2
1263,168.97,1424.0,10759.0,326.0972224,3300.034799791143,100.0,False,2
1264,169.295,1496.4363977625903,10453.286276507006,327.0,3329.561944444439,100.0,False,2
1265,169.37,1512.0,10387.0,327.6250005333333,3336.4036817354536,100.0,False,2
1266,169.535,1541.6416375500094,10258.978204974717,329.0,3351.4952777777735,100.0,False,2
1267,169.77,1582.0,10084.0,329.9791669333333,3373.079511678856,100.0,False,2
1268,169.97,1624.0,9906.0,330.8125002666667,3391.4886563922855,100.0,False,2
1269,170.015,1633.1679699055117,9867.273142476044,331.0,3395.628611111106,100.0,False,2
1270,170.13,1658.0,9762.0,331.0,3406.2050058766918,100.0,False,2
1271,170.39,1733.0,9440.0,331.0,3430.1074946991957,100.0,False,2
1272,170.415,1738.5223723292358,9416.344711110281,331.0,3432.406388888884,100.0,False,2
1273,170.694,1777.1474775584861,9251.491503538286,331.0,3458.0588888888833,100.0,False,2
1274,170.73,1783.0,9226.0,330.8878504449297,3461.3643987137903,100.0,False,2
1275,170.951,1828.0,9029.0,330.19937698679166,3481.625976652157,100.0,False,2
1276,171.015,1840.5130449740539,8975.509408880831,330.0,3487.4838888888835,100.0,False,2
1277,171.151,1870.0,8850.0,329.32,3499.917533983491,100.0,False,2
1278,171.215,1889.2423142233586,8766.46487698659,329.0,3505.7616666666627,100.0,False,2
1279,171.351,1935.0,8566.0,328.32,3518.1638416690794,100.0,False,2
1280,171.415,1953.4138696857942,8485.053329199623,328.0,3523.9838888888835,100.0,False,2
1281,171.655,2003.6926046115852,8262.496100973169,326.0,3545.717222222218,100.0,False,2
1282,171.791,2026.0,8163.0,326.0,3558.0347880561067,100.0,False,2
1283,171.815,2029.695125858279,8146.477301682511,326.0,3560.206111111106,100.0,False,2
1284,172.055,2063.1113133731883,7996.83405875832,325.0,3581.872777777774,100.0,False,2
1285,172.211,2087.0,7896.0,325.0,3595.961946799519,100.0,False,2
1286,172.255,2094.5404173007555,7865.396391634201,325.0,3599.9283333333287,100.0,False,2
1287,172.291,2101.0,7839.0,324.7999985777778,3603.1694497546005,100.0,False,2
1288,172.551,2154.0,7611.0,323.35555555555555,3626.4901489320246,100.0,False,2
1289,172.615,2167.3228186135393,7554.334677382666,323.0,3632.22833333333,100.0,False,2
1290,172.811,2208.0,7385.0,322.18333226666664,3649.787895104022,55.8999424,False,2
1291,172.855,2217.255251302013,7346.935056321832,322.0,3653.694999999995,46.0,False,2
1292,172.991,2246.0,7229.0,316.9,3665.6498071536107,21.066666666666666,False,2
1293,173.095,2267.708653396328,7139.018127536193,313.0,3674.561666666662,2.0,True,2
1294,173.151,2279.0,7092.0,309.5,3679.2471945296047,1.65,True,2
1295,173.415,2329.6084789111146,6880.225086624693,293.0,3700.6061111111057,0.0,True,2
1296,173.431,2333.0,6866.0,292.6,3701.894352396269,0.0,True,2
1297,173.575,2366.3294578674936,6726.124369406819,289.0,3713.4505555555506,0.0,True,2
1298,173.711,2396.0,6601.0,281.6333333333333,3724.11213120085,0.0,True,2
1299,173.815,2413.503376931025,6526.385824974036,276.0,3731.850555555552,0.0,True,2
1300,174.071,2447.0,6382.0,244.0,3748.842165334515,0.0,True,2
1301,174.135,2456.735405027233,6340.562896338408,236.0,3752.82833333333,0.0,True,2
1302,174.271,2478.0,6251.0,226.17777777777778,3761.089319659136,0.0,True,2
1303,174.45,2504.0,6143.0,213.24999537777776,3771.38940759701,0.0,True,2
1304,174.495,2512.5416280790932,6106.518670310616,210.0,3773.82833333333,0.0,True,2
1305,174.67,2549.0,5949.0,195.7812448,3782.724215277419,0.0,True,2
1306,174.975,2572.0732580262516,5854.573022283865,171.0,3796.6283333333295,0.0,True,2
1307,175.13,2582.0,5792.0,162.81944106666666,3803.371040555384,0.0,True,2
1308,175.33,2602.0,5651.0,152.2638855111111,3811.6308343057726,0.0,True,2
1309,175.335,2602.3581339346283,5648.262560792228,152.0,3811.82833333333,0.0,True,2
1310,175.69,2605.0,5571.0,132.27777422222223,3824.854891005626,0.0,True,2
1311,175.695,2604.914658504273,5569.786594478388,132.0,3825.028333333329,0.0,True,2
1312,175.95,2597.0,5484.0,122.89285485714285,3833.6673177721395,0.0,True,2
1313,175.975,2595.3023998268554,5475.597078320411,122.0,3834.517222222218,0.0,True,2
1314,176.135,2579.881845391008,5425.967377452043,122.0,3839.9394444444397,0.0,False,2
1315,176.21,2571.0,5404.0,118.2499968,3842.3284314944112,0.37500032,False,2
1316,176.335,2554.3839487207465,5368.201654446292,112.0,3846.1616666666623,1.0,False,2
1317,176.37,2549.0,5358.0,112.12500022857142,3847.2412961652726,6.250009599999999,False,2
1318,176.615,2503.2208284733547,5283.989253507951,113.0,3854.9505555555506,43.0,False,2
1319,176.65,2497.0,5274.0,113.7159104,3856.086808131745,44.1136384,False,2
1320,176.93,2455.0,5199.0,119.44318312727273,3865.511161738211,53.022729309090906,False,2
1321,177.055,2437.783590886135,5161.211979040414,122.0,3869.861666666661,57.0,False,2
1322,177.11,2431.0,5145.0,123.07242445505526,3871.799072868248,57.76601746789661,False,2
1323,177.414,2405.223034713412,5051.067258122051,129.0,3882.7258333333275,62.0,False,2
1324,177.45,2403.0,5032.0,129.67080772007264,3884.036393705471,62.0,False,2
1325,177.575,2396.3737709261886,4950.408634434686,132.0,3888.629166666661,62.0,False,2
1326,177.611,2395.0,4929.0,132.57273134545454,3889.973603084097,61.67272494545455,False,2
1327,178.015,2397.264971828752,4818.551820571471,139.0,3905.61805555555,58.0,False,2
1328,178.071,2399.0,4801.0,140.12,3907.821300712282,58.28,False,2
1329,178.151,2402.0,4770.0,141.72,3910.983972387133,58.68,False,2
1330,178.215,2405.55289764428,4738.802263306947,143.0,3913.5624999999955,59.0,False,2
1331,178.431,2422.0,4617.0,147.9090909090909,3922.637567640749,60.472727272727276,False,2
1332,178.655,2434.071653894635,4546.793995625623,153.0,3932.262499999996,62.0,False,2
1333,178.811,2444.0,4501.0,153.0,3938.8904161373875,62.0,False,2
1334,178.815,2444.313649170638,4499.56999269335,153.0,3939.0624999999955,62.0,False,2
1335,179.015,2463.2672970986077,4414.852445984427,158.0,3947.840277777773,62.0,False,2
1336,179.071,2469.0,4391.0,158.84,3950.327690031155,62.56,False,2
1337,179.215,2484.788854198008,4330.232888267322,161.0,3956.784722222218,64.0,False,2
1338,179.231,2487.0,4322.0,161.4,3957.5109476011685,65.06666666666666,False,2
1339,179.455,2525.7155805509296,4180.2458319603475,167.0,3967.9180555555513,80.0,False,2
1340,179.471,2528.0,4172.0,167.5,3968.6849555986983,80.33333333333333,False,2
1341,179.811,2560.0,4061.0,178.125008,3985.742380051165,87.416672,False,2
1342,179.935,2581.159470289879,3987.754336774973,182.0,3992.1847222222177,90.0,False,2
1343,180.091,2610.0,3888.0,185.51000576,4000.3984115541707,93.9000064,False,2
1344,180.335,2636.96420828765,3796.615916880135,191.0,4013.4069444444403,100.0,False,2
1345,180.431,2648.0,3758.0,192.8,4018.5437706839593,100.0,False,2
1346,180.495,2656.694573817805,3726.924697354239,194.0,4022.0291666666626,100.0,False,2
1347,180.611,2674.0,3664.0,198.1083424,4028.552409374576,100.0,False,2
1348,180.831,2706.0,3544.0,205.9,4041.5599097653585,100.0,False,2
1349,180.975,2726.670123354299,3464.0018940789932,211.0,4050.162499999996,100.0,False,2
1350,180.991,2729.0,3455.0,211.28571428571428,4051.1176973244865,100.0,False,2
1351,181.255,2768.689807867505,3303.0476027568743,216.0,4066.962499999995,100.0,False,2
1352,181.33,2780.0,3259.0,218.1093768,4071.567786753413,100.0,False,2
1353,181.49,2804.0,3164.0,222.6093768,4081.571081161056,100.0,False,2
1354,181.575,2817.016378622308,3112.993331566864,225.0,4086.962499999995,100.0,False,2
1355,181.69,2835.0,3043.0,227.30000128,4094.335353848691,91.94999552,False,2
1356,181.97,2879.0,2870.0,232.90000128,4112.526391045579,72.34999552,False,2
1357,181.975,2879.725317670185,2867.0712698545703,233.0,4112.851388888884,72.0,False,2
1358,182.13,2904.0,2769.0,233.43055573333334,4122.921122085877,66.8333312,False,2
1359,182.335,2956.997019864775,2565.4572078612223,234.0,4136.251388888885,60.0,False,2
1360,182.35,2960.0,2554.0,234.0937504,4137.22889271793,60.1875008,False,2
1361,182.495,2976.7468311752527,2490.1107317849433,235.0,4146.695833333329,62.0,False,2
1362,182.655,2990.4885636169874,2437.600831478373,236.0,4157.184722222218,53.0,False,2
1363,182.67,2993.0,2428.0,236.0,4158.168497498852,53.107143314285715,False,2
1364,182.93,3056.0,2187.0,236.0,4175.212682365679,54.96428617142857,False,2
1365,182.935,3056.9861220627695,2183.2198789011363,236.0,4175.540277777774,55.0,False,2
1366,183.175,3083.8624642648897,2079.666769134077,236.0,4191.273611111107,61.0,False,2
1367,183.31,3099.0,2022.0,236.8437504,4200.161359670269,63.5312512,False,2
1368,183.335,3102.737118662342,2007.8517976506,237.0,4201.80694444444,64.0,False,2
1369,183.47,3126.0,1920.0,237.0,4210.689800881536,68.218752,False,2
1370,183.495,3130.188051993111,1904.1761067750615,237.0,4212.340277777773,69.0,False,2
1371,183.69,3163.0,1779.0,239.0892864,4225.30686176648,75.2678592,False,2
1372,183.775,3181.1511798668703,1708.079279961618,240.0,4231.006944444439,78.0,False,2
1373,184.01,3235.0,1494.0,242.92834795562987,4246.906299408102,78.0,False,2
1374,184.096,3248.9966353490636,1437.2223394260488,244.0,4252.763611111105,78.0,False,2
1375,184.375,3280.1060296400133,1302.4989032041858,247.0,4271.906111111105,78.0,False,2
1376,184.411,3285.0,1280.0,247.6750048,4274.40013244596,78.0,False,2
1377,184.535,3303.978325006531,1191.28787657109,250.0,4283.017222222216,78.0,False,2
1378,184.591,3311.0,1158.0,250.0,4286.902948597947,84.16,False,2
1379,184.735,3320.560663296248,1110.7491668190546,250.0,4296.906111111107,100.0,False,2
1380,184.811,3326.0,1080.0,250.8444472888889,4302.227956212198,100.0,False,2
1381,184.991,3347.0,955.0,252.84444444444443,4314.943141240422,100.0,False,3
1382,185.095,3357.863248043173,885.6917687389736,254.0,4322.3061111111065,100.0,False,3
1383,185.291,3375.0,746.0,254.81666773333333,4336.1850188103135,100.0,False,3
1384,185.335,3378.854709012597,704.3888627122061,255.0,4339.3061111111065,100.0,False,3
1385,185.491,3391.0,548.0,255.55714377142857,4350.39528393837,100.0,False,3
1386,185.615,3395.4051288006135,463.2804251421397,256.0,4359.217222222217,100.0,False,3
1387,185.815,3395.182936411153,370.33225647835343,256.0,4373.439444444438,100.0,False,3
1388,185.851,3395.0,349.0,256.0,4376.002806459662,92.5749472,False,3
1389,185.975,3394.2036276405347,262.64274587425615,256.0,4384.817222222216,67.0,False,3
1390,186.051,3393.0,207.0,253.624992,4390.1712826706635,37.5499008,False,3
1391,186.135,3390.6676635110575,147.59363258688654,251.0,4395.972777777771,5.0,True,3
1392,186.231,3387.0,82.0,245.13333333333333,4402.356258464181,3.6666666666666665,True,3
1393,186.491,3374.0,-87.0,229.2444288,4418.628178578488,0.055552000000000094,True,3
1394,186.495,3373.7853118876646,-89.5474462025799,229.0,4418.872777777772,0.0,True,3
1395,186.651,3365.0,-188.0,217.29998080000001,4428.280660019806,0.0,True,3
1396,186.655,3364.7503251759495,-190.4940445342429,217.0,4428.517222222216,0.0,True,3
1397,186.831,3353.0,-296.0,208.93333333333334,4438.66995513263,0.0,True,3
1398,186.895,3349.1720210551293,-329.5189545558756,206.0,4442.25055555555,0.0,True,3
1399,187.111,3335.0,-452.0,194.3,4453.883593780417,0.0,True,3
1400,187.135,3332.643833082865,-471.77874134627154,193.0,4455.117222222215,0.0,True,3
1401,187.271,3318.0,-594.0,181.44,4461.857926334996,0.0,True,3
1402,187.335,3312.8927565033546,-637.2807989496432,176.0,4464.894999999994,0.0,True,3
1403,187.695,3302.2569809554307,-737.9961727721885,157.0,4480.594999999993,0.0,True,3
1404,187.73,3301.0,-750.0,155.2499968,4482.028361001253,0.0,True,3
1405,187.89,3294.0,-817.0,147.2499968,4488.448306291509,0.0,True,3
1406,187.935,3292.261852413556,-835.4274158425085,145.0,4490.261666666661,0.0,True,3
1407,188.095,3287.387492437379,-899.3737675466674,145.0,4496.706111111104,0.0,True,3
1408,188.11,3287.0,-906.0,144.30356845714286,4497.288294824687,0.0,True,3
1409,188.375,3282.1263632751193,-1033.92434286017,132.0,4506.972777777771,0.0,True,3
1410,188.39,3282.0,-1040.0,131.87499946666668,4507.516723076017,0.0,True,3
1411,188.615,3282.2670965955126,-1105.1164964108643,130.0,4515.639444444439,0.0,True,3
1412,188.775,3284.6869639525507,-1146.4190499689591,122.0,4521.06166666666,0.0,True,3
1413,188.79,3285.0,-1151.0,121.77499904,4521.562358309216,0.0,True,3
1414,188.87,3287.0,-1177.0,120.57499904,4524.221060340277,0.0,True,3
1415,188.975,3291.139668319043,-1211.1313397529764,119.0,4527.672777777771,0.0,True,3
1416,189.13,3300.0,-1260.0,116.67499904,4532.677690315385,0.0,True,3
1417,189.175,3303.0032185023897,-1273.7860126113985,116.0,4534.117222222217,0.0,False,3
1418,189.35,3317.0,-1326.0,114.54166613333334,4539.672553644862,0.0,False,3
1419,189.415,3323.517005758051,-1345.0756518420412,114.0,4541.717222222215,0.0,False,3
1420,189.57,3342.0,-1389.0,112.44999936,4546.549440349864,0.0,False,3
1421,189.615,3348.107446683273,-1400.92462030345,112.0,4547.939444444438,0.0,False,3
1422,189.73,3366.0,-1431.0,110.84999936,4551.4639199710955,0.0,False,3
1423,189.815,3382.571617946206,-1455.070610161612,110.0,4554.050555555549,0.0,False,3
1424,190.055,3441.967051810547,-1526.8352663950418,109.0,4561.317222222216,31.0,False,3
1425,190.07,3446.0,-1531.0,109.07500032,4561.772907691985,32.1250048,False,3
1426,190.255,3498.167494199246,-1578.2240331871474,110.0,4567.428333333327,46.0,False,3
1427,190.41,3535.0,-1608.0,110.77500032,4572.241711196596,28.17499264,False,3
1428,190.655,3565.2696824023774,-1631.4584352372822,112.0,4579.872777777772,0.0,True,3
1429,190.816,3606.903466744208,-1655.588576414681,109.0,4584.747499999995,0.0,True,3
1430,190.831,3613.0,-1659.0,108.56159207479264,4585.185381298396,0.0,True,3
1431,190.991,3689.0,-1701.0,103.88518101451932,4589.645781865364,0.0,True,3
1432,191.295,3729.1587701663466,-1723.9253048090088,95.0,4597.387777777772,0.0,True,3
1433,191.311,3731.0,-1725.0,94.44,4597.784730911805,0.0,True,3
1434,191.495,3764.2520094940896,-1744.0957773814882,88.0,4602.27666666666,0.0,True,3
1435,191.711,3814.0,-1778.0,84.91428571428571,4607.346163522622,0.0,True,3
1436,191.775,3826.7506181170174,-1789.3948751544915,84.0,4608.809999999993,0.0,True,3
1437,191.931,3853.0,-1818.0,80.87999488,4612.302114242016,0.0,True,3
1438,191.975,3858.762138048289,-1825.5482051208503,80.0,4613.254444444437,0.0,True,3
1439,192.295,3881.640336674526,-1877.2559950568952,73.0,4619.743333333326,0.0,True,3
1440,192.331,3883.0,-1884.0,72.45999616,4620.4500659588275,0.0,True,3
1441,192.491,3887.0,-1916.0,70.05999616,4623.555464233304,0.0,True,3
1442,192.495,3887.0629405576333,-1916.7606805718121,70.0,4623.632222222214,0.0,True,3
1443,192.731,3885.0,-1967.0,68.0333312,4628.090889887365,0.0,True,3
1444,192.735,3884.7724845662724,-1968.3441076329052,68.0,4628.165555555547,0.0,False,3
1445,192.871,3874.0,-2021.0,67.32,4630.692086267935,0.0,False,3
1446,192.935,3869.4157269159946,-2040.495443062772,67.0,4631.88777777777,0.0,False,3
1447,193.311,3848.0,-2091.0,68.7090909090909,4639.089053522005,26.490909090909092,False,3
1448,193.375,3842.121243624961,-2101.62389581034,69.0,4640.321111111102,31.0,False,3
1449,193.575,3818.346513432531,-2143.5260400447496,70.0,4644.209999999991,38.0,False,3
1450,193.711,3800.0,-2169.0,72.72,4647.0395422970405,39.02,False,3
1451,193.871,3777.0,-2192.0,75.92,4650.558249149682,40.22,False,3
1452,193.975,3760.4416130088657,-2205.390612902725,78.0,4652.876666666657,41.0,False,3
1453,194.211,3717.0,-2232.0,81.9333376,4658.248839838468,51.8166784,False,3
1454,194.215,3716.1808975523486,-2232.3915854497577,82.0,4658.343333333324,52.0,False,3
1455,194.375,3681.174964644796,-2246.3781037373274,88.0,4662.254444444435,59.0,False,3
1456,194.41,3673.0,-2249.0,89.12500205714285,4663.150867557056,60.00000182857143,False,3
1457,194.57,3634.0,-2259.0,94.2678592,4667.4373943401,64.5714304,False,3
1458,194.655,3613.3684454949143,-2263.024574750372,97.0,4669.7988888888785,67.0,False,3
1459,194.73,3592.0,-2266.0,98.68750144,4671.920284008821,68.68750144,False,3
1460,194.99,3488.0,-2273.0,104.53750144,4679.573312809499,74.53750144,False,3
1461,195.055,3466.08407999029,-2273.811762354202,106.0,4681.576666666656,76.0,False,3
1462,195.215,3425.47598157576,-2274.1355367731917,115.0,4686.687777777767,79.0,False,3
1463,195.375,3389.9799089032776,-2272.5416877619364,123.0,4692.154444444434,80.0,False,3
1464,195.47,3362.0,-2271.0,126.1666688,4695.589235113618,81.979168,False,3
1465,195.67,3289.0,-2266.0,132.83333546666665,4703.272387407519,86.14583466666667,False,3
1466,195.855,3218.7778686244537,-2257.8015191330633,139.0,4710.687777777767,90.0,False,3
1467,195.87,3213.0,-2257.0,139.937504,4711.297984029822,90.3750016,False,3
1468,196.015,3156.053666024875,-2248.096971700792,149.0,4717.3099999999895,94.0,False,3
1469,196.03,3150.0,-2247.0,149.59375253333334,4717.9526342398485,94.1875008,False,3
1470,196.21,3075.0,-2231.0,156.71875253333334,4726.011001033298,96.4375008,False,3
1471,196.45,2971.0,-2203.0,166.21875253333334,4737.507515678336,99.4375008,False,3
1472,196.495,2950.797651765903,-2197.033111350227,168.0,4739.709999999991,100.0,False,3
1473,196.63,2889.0,-2178.0,172.8750023111111,4746.401697538809,100.0,False,3
1474,196.855,2783.728964047471,-2143.5953713324657,181.0,4757.8099999999895,100.0,False,3
1475,196.89,2767.0,-2138.0,182.05000192,4759.60931468553,100.0,False,3
1476,197.055,2687.0739996701573,-2110.957336466798,187.0,4768.19888888888,100.0,False,3
1477,197.11,2661.0,-2102.0,188.64179138694553,4771.114340713267,100.0,False,3
1478,197.256,2589.939469630134,-2076.502962669816,193.0,4778.974722222213,100.0,False,3
1479,197.271,2581.0,-2073.0,193.312496,4779.790646732084,100.0,False,3
1480,197.471,2441.0,-2014.0,197.47916266666667,4790.791438965139,100.0,False,3
1481,197.496,2427.2186642662105,-2008.0029396400066,198.0,4792.174722222214,100.0,False,3
1482,197.735,2349.519898607794,-1971.008227855394,201.0,4805.5188888888815,100.0,False,3
1483,197.831,2300.0,-1943.0,204.2,4811.030511952374,100.0,False,3
1484,197.975,2190.917711306506,-1879.537642900905,209.0,4819.452222222214,100.0,False,3
1485,197.991,2180.0,-1873.0,209.3,4820.395647004209,100.0,False,3
1486,198.211,2066.0,-1799.0,213.4250048,4833.510432342983,100.0,False,3
1487,198.295,2011.1121039075952,-1761.0647082893997,215.0,4838.563333333325,100.0,False,3
1488,198.495,1857.330597829072,-1652.9725183751657,218.0,4850.674444444437,100.0,False,3
1489,198.571,1818.0,-1625.0,218.9500032,4855.318084696834,100.0,False,3
1490,198.735,1780.1331256132053,-1597.1593725064595,221.0,4865.40777777777,100.0,False,3
1491,198.831,1759.0,-1581.0,221.96,4871.342932834382,100.0,False,3
1492,198.935,1720.4176900034984,-1551.8271312387694,223.0,4877.796666666659,100.0,False,3
1493,199.111,1622.0,-1476.0,223.73333333333332,4888.764473265745,100.0,False,3
1494,199.175,1577.6987562183606,-1440.710259525611,224.0,4892.729999999993,100.0,False,3
1495,199.391,1419.0,-1312.0,220.22,4905.939386373334,46.0,False,3
1496,199.575,1327.3481450672532,-1237.8615870313797,217.0,4916.841111111103,0.0,True,3
1497,199.731,1274.0,-1195.0,206.85998336,4925.736586069915,0.0,True,3
1498,199.775,1261.3692493099013,-1184.8927947425125,204.0,4928.174444444437,0.0,True,3
1499,200.015,1201.3443516724624,-1137.0743753869567,190.0,4940.841111111103,0.0,True,3
1500,200.051,1190.0,-1128.0,187.2999808,4942.638859191641,0.0,True,3
1501,200.231,1120.0,-1071.0,173.8,4951.215212408243,0.0,True,3
1502,200.255,1109.3175722522749,-1061.915427981618,172.0,4952.30777777777,0.0,True,3
1503,200.575,961.0160964548975,-928.3051809552315,153.0,4965.90777777777,0.0,True,3
1504,200.611,950.0,-918.0,151.49998933333333,4967.371511478904,0.0,True,3
1505,200.815,917.9821003145253,-886.0964699725616,143.0,4975.441111111103,0.0,True,3
1506,200.93,901.0,-866.0,138.6874976,4979.753246571879,0.0,True,3
1507,201.11,859.0,-815.0,131.9374976,4986.206786056183,0.0,True,3
1508,201.135,853.5243328140558,-808.1625412095859,131.0,4987.085555555547,0.0,True,3
1509,201.35,811.0,-747.0,124.85714102857143,4994.476423458446,0.0,True,3
1510,201.415,795.762703394354,-718.770657744708,123.0,4996.652222222215,0.0,True,3
1511,201.57,760.0,-643.0,119.1249984,5001.731065849649,0.0,True,3
1512,201.655,747.6996340044049,-610.5055965564003,117.0,5004.452222222216,0.0,True,3
1513,202.03,743.0,-516.0,111.37499904,5016.021886930655,0.0,True,3
1514,202.055,743.7105064004255,-508.4814044839449,111.0,5016.78555555555,0.0,False,3
1515,202.415,758.4743364468801,-387.89863491244347,110.0,5027.78555555555,25.0,False,3
1516,202.43,759.0,-384.0,110.0,5028.243285611966,26.6875072,False,3
1517,202.575,763.2260552726733,-353.8462451469944,110.0,5032.674444444438,43.0,False,3
1518,202.77,767.0,-316.0,112.4375008,5038.750277578539,51.12500266666667,False,3
1519,202.815,767.6699843178994,-303.8331611536675,113.0,5040.207777777771,53.0,False,3
1520,203.03,769.0,-234.0,121.0625024,5047.485170665596,56.5833344,False,3
1521,203.055,768.7865561545761,-225.92120832484824,122.0,5048.3411111111045,57.0,False,3
1522,203.11,768.0,-208.0,122.27500032,5050.222567329939,50.124992,False,3
1523,203.255,763.6558959565427,-155.12404584783212,123.0,5055.174444444437,32.0,False,3
1524,203.49,751.0,-66.0,123.0,5063.1902028155355,33.305555911111114,False,3
1525,203.615,742.4324236189901,-27.11695229712678,123.0,5067.474444444438,34.0,False,3
1526,203.816,725.4843784754167,26.695336490337368,124.0,5074.39777777777,36.0,False,3
1527,203.851,722.0,36.0,124.0,5075.597507650861,37.25000228571429,False,3
1528,204.011,700.0,84.0,124.0,5081.0661151348,42.964287999999996,False,3
1529,204.096,676.03136921131,124.03694157892357,124.0,5084.042222222214,46.0,False,3
1530,204.231,632.0,192.0,127.38439811087586,5088.922682704821,55.77715009808585,False,3
1531,204.455,598.7822483839481,238.4298268970249,133.0,5097.305277777769,72.0,False,3
1532,204.615,575.8052049065067,265.17981913274457,137.0,5103.394166666659,72.0,False,3
1533,204.651,567.0,276.0,138.3500096,5104.796815661629,73.8000128,False,3
1534,204.775,526.4495472860331,326.7695349066557,143.0,5109.749722222215,80.0,False,3
1535,204.911,482.0,383.0,148.1,5115.439130497666,83.825,False,3
1536,205.095,450.93459310433195,422.35990379886994,155.0,5123.527499999992,89.0,False,3
1537,205.151,440.0,436.0,157.1,5126.065699065105,90.54,False,3
1538,205.391,372.0,520.0,166.1,5137.341632769517,97.14,False,3
1539,205.495,347.15591458761537,550.8155401887841,170.0,5142.416388888881,100.0,False,3
1540,205.731,294.0,616.0,178.26000896,5154.340666709576,100.0,False,3
1541,205.891,242.0,678.0,183.86000896,5162.65149515352,100.0,False,3
1542,205.895,240.73599040040247,679.5105723338859,184.0,5162.860833333326,100.0,False,3
1543,206.071,181.0,749.0,189.13333333333333,5172.15542375293,100.0,False,3
1544,206.135,146.71929040456044,785.7825235718831,191.0,5175.594166666658,100.0,False,3
1545,206.291,54.0,882.0,196.8500096,5184.128366424812,100.0,False,3
1546,206.295,52.23043529306239,883.8133815201016,197.0,5184.349722222213,100.0,False,3
1547,206.495,4.670587458512038,930.5381540909843,202.0,5195.571944444436,100.0,False,3
1548,206.591,-19.0,951.0,205.0,5201.065681002115,100.0,False,3
1549,206.655,-41.78175353190834,970.4708775770827,207.0,5204.771944444435,100.0,False,3
1550,206.851,-134.0,1048.0,211.00909614545455,5216.359044097272,100.0,False,3
1551,207.091,-246.0,1138.0,215.91818705454546,5230.926835323676,100.0,False,3
1552,207.095,-247.8365877759636,1139.4542306571882,216.0,5231.171944444434,100.0,False,3
1553,207.335,-361.406366510132,1229.1357810283564,222.0,5245.971944444435,100.0,False,3
1554,207.351,-370.0,1236.0,222.0,5246.958300482024,100.0,False,3
1555,207.535,-479.3707405896877,1325.5079102939978,222.0,5258.3052777777675,100.0,False,3
1556,207.59,-512.0,1355.0,222.6875008,5261.723916698148,100.0,False,3
1557,207.775,-613.9204441344493,1461.1971694967394,225.0,5273.3052777777675,100.0,False,3
1558,207.91,-675.0,1537.0,225.8437504,5281.77833249133,96.6249984,False,3
1559,207.935,-684.6695142178964,1550.2659113896943,226.0,5283.349722222211,96.0,False,3
1560,208.175,-751.6358782923825,1665.4852087260758,227.0,5298.4830555555445,94.0,False,3
1561,208.39,-793.0,1762.0,228.07500032,5312.131983576443,97.22500096,False,3
1562,208.575,-826.5085123759101,1846.964498735766,229.0,5323.927499999988,100.0,False,3
1563,208.71,-852.0,1919.0,229.67500032,5332.553030088354,100.0,False,3
1564,208.775,-865.1114377143225,1958.7782307547398,230.0,5336.705277777767,100.0,False,3
1565,208.935,-898.1913509111055,2069.746883309301,230.0,5346.92749999999,100.0,False,3
1566,209.01,-911.0,2126.0,230.62500053333332,5351.744966760215,100.0,False,3
1567,209.175,-931.1389064361774,2256.6588635183675,232.0,5362.394166666657,100.0,False,3
1568,209.25,-937.0,2313.0,232.26785737142856,5367.241759321679,100.0,False,3
1569,209.455,-943.5158674584771,2446.4417234203593,233.0,5380.516388888879,100.0,False,3
1570,209.57,-944.0,2523.0,233.57500032,5387.98617247062,100.0,False,3
1571,209.655,-943.809971875686,2585.0416331422516,234.0,5393.516388888879,100.0,False,3
1572,209.83,-942.0,2719.0,234.0,5404.912025625915,41.66664533333333,False,3
1573,209.895,-940.8668067435585,2766.4036507310875,234.0,5409.11638888888,20.0,True,3
1574,210.215,-932.8502491097264,2973.2162457062022,225.0,5429.11638888888,0.0,True,3
1575,210.25,-932.0,2992.0,219.9687408,5431.142744388489,0.0,True,3
1576,210.375,-929.1494610763204,3052.300326507556,202.0,5438.094166666658,0.0,True,3
1577,210.571,-924.0,3135.0,191.1412658306841,5448.293983556529,0.0,True,3
1578,210.736,-917.4280103178505,3206.5626096900196,182.0,5456.344722222212,0.0,True,3
1579,210.851,-914.0,3275.0,174.19642422857143,5461.718198412741,0.0,True,3
1580,211.016,-912.9696060409444,3405.4642652107273,163.0,5469.022499999989,0.0,True,3
1581,211.051,-913.0,3425.0,160.9153554349475,5470.497643217122,0.0,True,3
1582,211.291,-915.0,3466.0,146.62067598485828,5480.05643971309,0.0,True,3
1583,211.335,-916.2253153610153,3478.3197905142697,144.0,5481.782499999989,0.0,True,3
1584,211.491,-923.0,3542.0,139.124992,5487.813721064903,0.0,True,3
1585,211.495,-923.2166797608355,3543.5926539374746,139.0,5487.960277777766,0.0,True,3
1586,211.711,-937.0,3620.0,122.8,5495.237462189082,0.0,True,3
1587,211.735,-938.5336949015914,3627.5671967618323,121.0,5496.026944444434,0.0,True,3
1588,211.935,-951.5575915463638,3685.852146498014,119.0,5502.638055555545,0.0,True,3
1589,212.051,-967.0,3728.0,116.51428022857142,5506.368901086887,0.0,True,3
1590,212.215,-1001.4033361153241,3801.7957778278133,113.0,5511.4269444444335,0.0,True,3
1591,212.251,-1008.0,3815.0,111.82999168,5512.494077231569,0.0,True,3
1592,212.591,-1042.0,3865.0,100.78,5521.903809116614,0.0,True,3
1593,212.615,-1044.8847010037355,3867.5297270415963,100.0,5522.538055555545,0.0,True,3
1594,213.375,-1207.5288059309294,3970.934875125932,89.0,5541.326944444433,3.0,False,3
1595,213.431,-1219.0,3975.0,88.475,5542.664719881767,4.05,False,3
1596,213.695,-1275.8390665505062,3983.218074649712,86.0,5548.971388888877,9.0,False,3
1597,213.751,-1297.0,3983.0,86.56,5550.326324149925,15.16,False,3
1598,213.895,-1365.805827971044,3980.258327275931,88.0,5553.860277777766,31.0,False,3
1599,213.911,-1372.0,3980.0,88.3,5554.259706867043,31.8,False,3
1600,214.055,-1402.9211272708674,3979.126961217081,91.0,5557.90472222221,39.0,False,3
1601,214.255,-1394.1931136277535,3980.425817629943,93.0,5563.071388888876,49.0,False,3
1602,214.37,-1405.0,3979.0,96.2343768,5566.215840008702,56.5468792,False,3
1603,214.57,-1459.0,3973.0,101.85937679999999,5571.989860435681,69.67187919999999,False,3
1604,214.575,-1460.6263502038134,3972.8708168024964,102.0,5572.1380555555415,70.0,False,3
1605,214.79,-1536.0,3970.0,108.91071634285714,5578.69571078977,70.0,False,3
1606,214.855,-1559.421362319881,3970.377756697101,111.0,5580.771388888875,70.0,False,3
1607,215.055,-1631.2173245197575,3975.2180242260497,120.0,5587.438055555543,64.0,False,3
1608,215.21,-1678.0,3981.0,123.10000128,5592.776759528352,62.44999936,False,3
1609,215.255,-1689.4905768068493,3982.8769202827257,124.0,5594.326944444431,62.0,False,3
1610,215.45,-1738.0,3997.0,124.0,5601.016506849676,60.374999466666665,False,3
1611,215.495,-1753.014344282026,4003.7691034486857,124.0,5602.593611111098,60.0,False,3
1612,215.695,-1838.3171296306868,4050.1475075541894,130.0,5609.81583333332,60.0,False,3
1613,215.83,-1888.0,4081.0,131.92857234285714,5614.783096043576,60.96428617142857,False,3
1614,215.975,-1922.9786174665878,4106.742655907367,134.0,5620.238055555542,62.0,False,3
1615,216.19,-1962.0,4146.0,139.3750016,5628.6449912934195,65.83928685714285,False,3
1616,216.255,-1977.7750189635883,4162.909877311717,141.0,5631.204722222209,67.0,False,3
1617,216.43,-2025.0,4217.0,142.0937504,5638.068849679451,73.0156272,False,3
1618,216.57,-2059.0,4263.0,142.9687504,5643.709371773629,77.8281272,False,3
1619,216.575,-2060.1835459969257,4264.691363109266,143.0,5643.915833333321,78.0,False,3
1620,216.73,-2096.0,4319.0,150.7500032,5650.489216330895,81.229168,False,3
1621,216.815,-2114.168878670362,4350.412541227182,155.0,5654.249166666655,83.0,False,3
1622,216.97,-2145.0,4411.0,161.01107961737594,5661.404716480955,87.72299112793824,False,3
1623,217.176,-2183.1798979834216,4498.542776049317,169.0,5671.196111111099,94.0,False,3
1624,217.251,-2195.0,4531.0,169.8035721142857,5674.727919297541,94.80357211428571,False,3
1625,217.351,-2209.0,4576.0,170.87499794285714,5679.425686827294,95.87499794285715,False,3
1626,217.456,-2225.238707910986,4637.42360943212,172.0,5684.573888888876,97.0,False,3
1627,217.711,-2264.0,4804.0,190.214272,5698.138289126085,99.7321408,False,3
1628,217.736,-2266.53838152612,4815.326968637897,192.0,5699.507222222209,100.0,False,3
1629,217.975,-2279.6623598301003,4881.736531714857,200.0,5712.784999999986,100.0,False,3
1630,218.111,-2291.0,4968.0,204.08,5720.532048056307,100.0,False,3
1631,218.175,-2299.1675250542985,5032.658336243402,206.0,5724.2294444444315,100.0,False,3
1632,218.251,-2309.0,5111.0,208.21667413333333,5728.663749949031,100.0,False,3
1633,218.415,-2321.123077985202,5206.191326085222,213.0,5738.42944444443,100.0,False,3
1634,218.655,-2329.414933661912,5278.522294088029,223.0,5753.296111111097,100.0,False,3
1635,218.691,-2332.0,5303.0,223.9000064,5755.561857656422,100.0,False,3
1636,218.895,-2352.3807025479464,5499.349925096246,229.0,5768.562777777764,100.0,False,3
1637,218.951,-2357.0,5544.0,231.1,5772.1949499704415,100.0,False,3
1638,219.055,-2362.7503483704145,5599.4752139323955,235.0,5779.007222222207,100.0,False,3
1639,219.215,-2367.1199730577036,5644.1921628439995,238.0,5789.584999999984,100.0,False,3
1640,219.291,-2371.0,5688.0,238.0,5794.584047515135,100.0,False,3
1641,219.495,-2387.833656303932,5883.59175240931,238.0,5808.096111111095,100.0,False,3
1642,219.551,-2392.0,5933.0,241.36,5811.926998911252,100.0,False,3
1643,219.695,-2399.5634615680156,6025.562813921506,250.0,5821.984999999983,100.0,False,3
1644,219.951,-2408.0,6142.0,254.65454545454546,5840.223860842188,100.0,False,3
1645,220.135,-2417.1455316733345,6272.247834316016,258.0,5853.518333333316,100.0,False,3
1646,220.191,-2420.0,6314.0,259.0,5857.584801497435,100.0,False,3
1647,220.411,-2430.0,6474.0,262.928576,5873.678823446125,100.0,False,3
1648,220.415,-2430.1492234542034,6476.905322524346,263.0,5873.973888888872,100.0,False,3
1649,220.591,-2436.0,6606.0,266.14285714285717,5887.048263396805,100.0,False,3
1650,220.67,-2439.0,6665.0,267.55357257142856,5892.949403792468,100.0,False,3
1651,220.695,-2439.872653550748,6683.258365936366,268.0,5894.818333333317,100.0,False,3
1652,220.935,-2445.735157814201,6860.6882298287055,270.0,5912.818333333317,100.0,False,3
1653,220.95,-2446.0,6874.0,270.1875008,5913.949967593347,100.0,False,3
1654,221.175,-2448.785709685597,7100.366084512395,273.0,5931.018333333318,100.0,False,3
1655,221.21,-2449.0,7131.0,273.1590912,5933.682717776316,100.0,False,3
1656,221.59,-2447.0,7360.0,274.8863639272727,5962.71513891288,100.0,False,3
1657,221.615,-2446.537139665123,7377.335104636969,275.0,5964.629444444429,100.0,False,3
1658,221.79,-2442.0,7513.0,275.87500032,5978.043351243033,100.0,False,3
1659,221.815,-2441.146864788665,7532.486489846834,276.0,5979.962777777761,100.0,False,3
1660,222.015,-2432.70458430572,7685.525293045969,277.0,5995.35166666665,100.0,False,3
1661,222.03,-2432.0,7697.0,277.07500032,5996.508134809535,100.0,False,3
1662,222.19,-2424.0,7820.0,277.87500032,6008.862791704053,100.0,False,3
1663,222.215,-2422.6646892373583,7839.302013875562,278.0,6010.796111111095,100.0,False,3
1664,222.41,-2411.0,7990.0,278.8125002666667,6025.902654991306,100.0,False,3
1665,222.455,-2407.7729477162698,8024.524520854646,279.0,6029.396111111096,100.0,False,3
1666,222.53,-2402.0,8082.0,279.4687504,6035.224956657333,100.0,False,3
1667,222.615,-2395.08488190865,8147.500949453469,280.0,6041.840555555539,100.0,False,3
1668,222.71,-2387.0,8221.0,280.23750016,6049.246388337565,100.0,False,3
1669,222.99,-2361.0,8438.0,280.93750016,6071.112634874359,100.0,False,3
1670,223.015,-2358.3652798150697,8457.36069801761,281.0,6073.06277777776,100.0,False,3
1671,223.21,-2336.0,8608.0,281.0,6088.281903737729,100.0,False,3
1672,223.215,-2335.3971310875563,8611.844805866918,281.0,6088.673888888873,100.0,False,3
1673,223.51,-2297.0,8840.0,282.33786818850183,6111.977919898084,69.22903166445786,False,3
1674,223.651,-2277.0,8948.0,282.97732456316027,6122.956264170004,54.52153504731354,False,3
1675,223.656,-2276.3978477591027,8951.140070019954,283.0,6123.341388888873,54.0,False,3
1676,223.811,-2259.0,9036.0,276.541664,6135.142895719261,19.124985600000002,False,3
1677,223.896,-2243.083822769189,9108.692081229814,273.0,6141.541388888872,0.0,True,3
1678,224.096,-2197.366798461855,9312.658480008557,265.0,6156.263611111094,0.0,True,3
1679,224.111,-2195.0,9323.0,263.53410967272725,6157.309834953595,0.0,True,3
1680,224.351,-2173.0,9414.0,240.07956421818182,6172.676492657688,0.0,True,3
1681,224.536,-2146.374121321822,9524.277440131284,222.0,6183.396944444427,0.0,True,3
1682,224.591,-2138.0,9559.0,217.4039133079425,6186.473143076563,0.0,True,3
1683,224.895,-2097.648192087202,9726.343658489857,192.0,6202.543611111095,0.0,True,3
1684,224.951,-2091.0,9755.0,188.78,6205.326310208599,0.0,True,3
1685,225.111,-2073.0,9835.0,179.58,6212.970803876397,0.0,True,3
1686,225.291,-2054.0,9920.0,169.22998528,6221.14404250849,0.0,True,3
1687,225.295,-2053.589505791939,9921.839567324962,169.0,6221.321388888872,0.0,True,3
1688,225.451,-2038.0,9992.0,159.249984,6228.09040033795,0.0,True,3
1689,225.535,-2030.0485608276872,10028.279144283802,154.0,6231.588055555539,0.0,True,3
1690,225.611,-2023.0,10060.0,150.41109902222223,6234.652448131746,0.0,True,3
1691,225.895,-1996.2052781879709,10169.974369354306,137.0,6245.288055555539,0.0,True,3
1692,225.971,-1988.0,10200.0,133.71817076363635,6247.929022539624,0.0,True,3
1693,226.191,-1962.0,10287.0,124.21818181818182,6255.129341379567,0.0,True,3
1694,226.335,-1947.21614516994,10329.3483271533,118.0,6259.710277777761,0.0,True,3
1695,226.531,-1927.0,10377.0,113.91666133333334,6265.880725320293,0.0,True,3
1696,226.575,-1921.6187977346572,10388.699452006607,113.0,6267.243611111094,0.0,True,3
1697,226.731,-1900.0,10431.0,110.77142491428572,6271.992475228263,0.0,True,3
1698,226.855,-1880.0196920519493,10460.59995478116,109.0,6275.721388888872,0.0,False,3
1699,226.991,-1855.0,10489.0,108.24444444444444,6279.803899744688,0.0,False,3
1700,227.211,-1807.0,10527.0,107.0222208,6286.305757794161,0.0,False,3
1701,227.215,-1806.0405165695943,10527.579890055807,107.0,6286.421388888873,0.0,False,3
1702,227.375,-1765.0973041351926,10547.435381484305,103.0,6290.999166666651,20.0,False,3
1703,227.39,-1761.0,10549.0,103.12500053333333,6291.430171837502,20.875003733333333,False,3
1704,227.59,-1703.0,10566.0,104.7916672,6297.255181664071,32.5416704,False,3
1705,227.735,-1659.7441648538038,10576.12585850351,106.0,6301.599166666651,41.0,False,3
1706,227.79,-1643.0,10580.0,107.3750016,6303.2779385062795,46.892864,False,3
1707,227.95,-1594.0,10592.0,111.3750016,6308.277272967659,64.03572114285714,False,3
1708,228.015,-1575.625635364311,10597.06018495898,113.0,6310.38805555554,71.0,False,3
1709,228.215,-1517.0243411963258,10619.005817418685,122.0,6317.165833333319,70.0,False,3
1710,228.25,-1503.0,10626.0,122.70000128,6318.375588583512,69.82499968,False,3
1711,228.415,-1420.8060315095042,10672.211486762735,126.0,6324.165833333319,69.0,False,3
1712,228.49,-1388.0,10692.0,127.8750016,6326.867814931588,68.62499968,False,3
1713,228.615,-1351.3540188814816,10715.879398627641,131.0,6331.443611111098,68.0,False,3
1714,228.89,-1313.0,10752.0,134.92857234285714,6341.748140637424,56.214282971428574,False,3
1715,228.895,-1312.1097868903703,10752.913748334973,135.0,6341.943611111098,56.0,False,3
1716,229.39,-1191.0,10892.0,148.83088414117648,6362.932901993278,80.7500032,False,3
1717,229.575,-1149.4527092112737,10960.105361436188,154.0,6371.032499999986,90.0,False,3
1718,229.735,-1117.776519689831,11020.485630907948,158.0,6378.054722222209,90.0,False,3
1719,229.75,-1115.0,11026.0,158.7500032,6378.730187430862,90.7500032,False,3
1720,229.895,-1088.6482694216152,11082.039677303623,166.0,6385.432499999987,98.0,False,3
1721,229.93,-1081.0,11101.0,167.22500224,6387.08129131576,98.35000064,False,3
1722,230.095,-1035.787743141136,11226.969784924504,173.0,6395.0436111110985,100.0,False,3
1723,230.171,-1019.0,11276.0,176.41148117954017,6398.871670186788,100.0,False,3
1724,230.491,-993.0,11367.0,190.7755640775354,6416.040184076167,100.0,False,3
1725,230.496,-992.3497379535061,11369.587249328912,191.0,6416.318888888877,100.0,False,3
1726,230.811,-933.0,11603.0,203.17045701818182,6434.425606507163,100.0,False,3
1727,230.936,-923.2254963841442,11641.719054449512,208.0,6441.741111111099,100.0,False,3
1728,231.051,-916.0,11671.0,210.8750016,6448.491240006652,100.0,False,3
1729,231.096,-911.5211622075931,11689.177019842911,212.0,6451.16333333332,100.0,False,3
1730,231.296,-881.7059892211885,11810.847984337071,219.0,6463.329999999986,100.0,False,3
1731,231.311,-879.0,11822.0,219.5660311740754,6464.258329031637,100.0,False,3
1732,231.455,-850.1208040260378,11941.869009124426,225.0,6473.267499999988,100.0,False,3
1733,231.571,-827.0,12041.0,227.48571977142856,6480.636076219981,100.0,False,3
1734,231.735,-799.5755594633247,12166.86171340153,231.0,6491.234166666655,100.0,False,3
1735,231.951,-772.0,12305.0,237.17142857142858,6505.53768204491,100.0,False,3
1736,232.015,-765.4595366194242,12339.327487225015,239.0,6509.823055555543,100.0,False,3
1737,232.215,-749.5796560207162,12428.151334294022,243.0,6523.323055555545,100.0,False,3
1738,232.411,-731.0,12532.0,246.43000448,6536.782639034785,100.0,False,3
1739,232.491,-721.0,12587.0,247.83000448,6542.353180086037,100.0,False,3
1740,232.615,-702.3175306573571,12698.957886371763,250.0,6551.100833333322,100.0,False,3
1741,232.811,-672.0,12893.0,254.9000064,6565.208901783432,100.0,False,3
1742,233.055,-650.3881338607437,13036.218825882108,261.0,6583.000833333322,100.0,False,3
1743,233.255,-637.0655872458763,13130.178116249428,262.0,6597.556388888876,100.0,False,3
1744,233.311,-632.0,13166.0,262.5833333333333,6601.661172581385,100.0,False,3
1745,233.391,-624.0,13223.0,263.4166666666667,6607.554645032375,100.0,False,3
1746,233.651,-601.0,13413.0,266.12500266666666,6626.890809757743,100.0,False,3
1747,233.735,-592.8610527457969,13494.705632961395,267.0,6633.156388888879,100.0,False,3
1748,233.93,-575.0,13694.0,267.97500032,6647.720942280549,100.0,False,3
1749,234.135,-566.6391156270665,13815.770950936367,269.0,6663.0452777777655,100.0,False,3
1750,234.33,-563.0,13918.0,269.0,6677.616304949453,100.0,False,3
1751,234.335,-562.8869054347089,13921.378222953472,269.0,6677.989722222211,100.0,False,3
1752,234.49,-559.0,14039.0,269.0,6689.57074030457,100.0,False,3
1753,234.495,-558.8693965217226,14042.831675273006,269.0,6689.945277777767,100.0,False,3
1754,234.65,-555.0,14159.0,270.16250048,6701.598347853055,100.0,False,3
1755,234.895,-552.0390345780158,14348.749055605671,272.0,6720.16749999999,100.0,False,3
1756,234.97,-552.0,14414.0,272.8035721142857,6725.882791125062,100.0,False,3
1757,235.175,-553.7977944372765,14606.237857157064,275.0,6741.556388888878,100.0,False,3
1758,235.19,-554.0,14619.0,275.05357165714287,6742.704193711054,100.0,False,3
1759,235.455,-559.2968172895552,14799.245351839161,276.0,6763.023055555545,100.0,False,3
1760,235.57,-565.0,14878.0,276.31944462222225,6771.900148804295,100.0,False,3
1761,235.69,-574.0,14970.0,276.65277795555556,6781.18635006891,100.0,False,3
1762,235.815,-585.8882797086696,15066.080502715778,277.0,6790.723055555544,100.0,False,3
1763,236.03,-612.0,15228.0,270.01249792,6806.726394787723,46.249984000000005,False,3
1764,236.21,-639.0,15360.0,264.16249792,6819.701856833471,1.2499840000000044,False,3
1765,236.215,-639.7922230578029,15363.583641416579,264.0,6820.056388888878,0.0,True,3
1766,236.37,-665.0,15473.0,252.3749952,6830.862737307417,0.0,True,3
1767,236.415,-672.3691857302509,15504.88189749916,249.0,6833.88972222221,0.0,True,3
1768,236.575,-698.6656660387246,15619.850185457539,233.0,6844.245277777766,0.0,True,3
1769,236.67,-715.0,15691.0,229.9572954028444,6850.306690645854,0.0,True,3
1770,236.856,-748.9622757225445,15837.371916472946,224.0,6861.7297222222105,0.0,True,3
1771,236.991,-769.0,15923.0,202.0625312,6869.20269844316,0.0,True,3
1772,237.016,-771.8370385282443,15935.059249069276,198.0,6870.52972222221,0.0,True,3
1773,237.216,-785.3598110798213,15991.796863450509,182.0,6880.640833333321,0.0,True,3
1774,237.351,-794.0,16030.0,172.55001344,6887.024313791414,0.0,True,3
1775,237.416,-799.5289444241537,16055.252179640314,168.0,6889.974166666653,0.0,True,3
1776,237.616,-819.8049669076911,16150.483459593755,154.0,6898.52972222221,0.0,True,3
1777,237.651,-823.0,16166.0,151.5208288,6899.939525249397,0.0,True,3
1778,237.851,-839.0,16246.0,137.35416213333332,6907.485416773267,0.0,True,3
1779,237.856,-839.4079649911116,16248.011258329181,137.0,6907.663055555543,0.0,True,3
1780,238.091,-859.0,16346.0,124.04259675232726,6915.418033074252,0.0,True,3
1781,238.255,-869.2236349006286,16412.609918318834,115.0,6920.4088888888755,0.0,True,3
1782,238.495,-878.1863813857227,16495.027671550797,105.0,6927.4088888888755,0.0,True,3
1783,238.531,-879.0,16504.0,104.0999936,6928.434480059875,0.0,True,3
1784,238.695,-880.9759544543799,16533.203131238035,100.0,6932.96444444443,0.0,True,3
1785,238.871,-880.0,16560.0,92.3,6937.3110922916085,0.0,True,3
1786,239.015,-876.8424928054882,16592.02276928316,86.0,6940.608888888874,0.0,True,3
1787,239.111,-873.0,16614.0,83.2,6942.745865959038,0.0,True,3
1788,239.255,-864.0235801182303,16643.106660023033,79.0,6945.875555555541,0.0,True,3
1789,239.351,-856.0,16661.0,77.56,6947.9265077988775,0.0,True,3
1790,239.455,-845.5225526232798,16679.677892227995,76.0,6950.097777777763,0.0,True,3
1791,239.511,-839.0,16689.0,74.88,6951.236334119488,0.0,True,3
1792,239.655,-819.3632380359429,16709.886459872745,72.0,6954.097777777763,0.0,True,3
1793,239.671,-817.0,16712.0,71.88571428571429,6954.41449906479,0.0,True,3
1794,239.891,-782.0,16737.0,70.31428388571429,6958.71972912746,0.0,True,3
1795,239.935,-774.6870781809747,16740.817694866775,70.0,6959.542222222209,0.0,True,3
1796,240.051,-755.0,16749.0,66.51999232,6961.629096940439,0.0,True,3
1797,240.135,-740.2888466642993,16753.48768488265,64.0,6963.097777777763,0.0,True,3
1798,240.311,-709.0,16759.0,62.68,6966.125473810077,0.0,True,3
1799,240.51,-675.0,16759.0,61.18749952,6969.463184772419,0.0,True,3
1800,240.535,-670.8523506370133,16758.614128835048,61.0,6969.875555555541,0.0,False,3
1801,240.63,-655.0,16756.0,59.8124992,6971.428421579488,0.0,False,3
1802,240.775,-628.3845105898741,16745.94669228855,58.0,6973.742222222208,0.0,False,3
1803,240.99,-591.0,16724.0,56.2083328,6977.07085011507,0.0,False,3
1804,241.015,-587.6267016804801,16721.61805971184,56.0,6977.475555555541,0.0,False,3
1805,241.43,-553.0,16684.0,63.54545570909091,6985.091428008304,21.693185163636365,False,3
1806,241.895,-512.0236309880709,16619.43619102755,72.0,6995.0755555555415,46.0,False,3
1807,242.05,-495.0,16581.0,76.30555733333334,6998.598139295788,52.02778026666667,False,3
1808,242.255,-471.3658977257963,16518.71442158139,82.0,7003.27555555554,60.0,False,3
1809,242.27,-470.0,16515.0,82.0,7003.611367812374,60.0,False,3
1810,242.455,-459.26977227509894,16485.330538442202,82.0,7007.831111111097,60.0,False,3
1811,242.67,-449.0,16444.0,96.33333760000001,7013.652429955236,73.437504,False,3
1812,242.695,-447.0032705285938,16435.185519507413,98.0,7014.36444444443,75.0,False,3
1813,242.85,-433.0,16371.0,105.7500032,7018.920131713888,75.0,False,3
1814,242.855,-432.615989226961,16369.14824817793,106.0,7019.0755555555415,75.0,False,3
1815,243.25,-417.0,16269.0,125.7500032,7032.89569379558,93.76250304,False,3
1816,243.255,-416.84244109569653,16267.61383326789,126.0,7033.0755555555415,94.0,False,3
1817,243.416,-411.49575599576525,16217.201349661094,131.0,7038.934166666652,100.0,False,3
1818,243.431,-411.0,16212.0,131.8906136,7039.50786272305,100.0,False,3
1819,243.651,-404.0,16128.0,144.9531288,7048.587378171161,100.0,False,3
1820,243.736,-401.3612945074207,16093.607969094415,150.0,7052.267499999986,100.0,False,3
1821,243.871,-397.0,16037.0,156.1874912,7058.210690063858,100.0,False,3
1822,243.976,-393.1920568120116,15990.767034935552,161.0,7063.00083333332,100.0,False,3
1823,244.051,-390.0,15957.0,164.5416696888889,7066.548776228513,100.0,False,3
1824,244.231,-380.0,15874.0,173.0416576,7075.460493802852,100.0,False,3
1825,244.336,-372.39484640224924,15822.856535957602,178.0,7080.800833333321,100.0,False,3
1826,244.551,-354.0,15719.0,184.44999424,7091.975106251618,100.0,False,3
1827,244.736,-332.3427970554042,15629.191334280564,190.0,7101.91194444443,100.0,False,3
1828,244.751,-329.0,15618.0,190.69036828682306,7102.732948495498,100.0,False,3
1829,244.911,-282.0,15472.0,198.05439093909231,7111.631145006585,100.0,False,3
1830,244.975,-269.18498194234206,15433.868766543923,201.0,7115.256111111098,100.0,False,3
1831,245.175,-250.9615173669522,15387.234998793305,208.0,7126.811666666655,100.0,False,3
1832,245.211,-246.0,15375.0,209.08000768,7128.927171102371,100.0,False,3
1833,245.375,-212.08468544742837,15289.955117514854,214.0,7138.700555555543,100.0,False,3
1834,245.471,-189.0,15233.0,216.88,7144.526228663571,100.0,False,3
1835,245.575,-164.42290820922972,15174.112960602679,220.0,7150.922777777764,100.0,False,3
1836,245.711,-132.0,15098.0,223.4,7159.417762514434,100.0,False,3
1837,245.815,-106.07462435644648,15037.120932441989,226.0,7165.989444444432,100.0,False,3
1838,245.911,-83.0,14983.0,227.8,7172.09775533853,100.0,False,3
1839,245.975,-68.93246835807341,14950.0877686232,229.0,7176.167222222209,100.0,False,3
1840,246.135,-32.16724013597353,14863.876530707235,229.0,7186.344999999986,100.0,False,3
1841,246.191,-12.0,14816.0,232.15,7190.002666817459,100.0,False,3
1842,246.295,37.60750607033659,14697.616367511142,238.0,7196.922777777762,100.0,False,3
1843,246.371,71.0,14618.0,239.4250048,7202.032397911714,100.0,False,3
1844,246.615,110.50580575871783,14526.308550430354,244.0,7218.611666666652,100.0,False,3
1845,246.731,127.0,14489.0,244.0,7226.4811126200175,100.0,False,3
1846,246.855,158.35075986482914,14416.830855806495,244.0,7234.878333333317,100.0,False,3
1847,246.891,170.0,14390.0,244.4500032,7237.314253107336,100.0,False,3
1848,247.015,218.70284128461947,14278.009160068936,246.0,7245.811666666649,100.0,False,3
1849,247.19,291.0,14112.0,259.8541717333333,7258.619000774578,100.0,False,3
1850,247.255,311.5003873278113,14064.955312828562,265.0,7263.478333333317,100.0,False,3
1851,247.615,384.6976214507293,13897.561213659237,271.0,7290.5783333333175,100.0,False,3
1852,247.67,399.0,13865.0,272.14583466666664,7294.76807951408,100.0,False,3
1853,247.83,448.0,13753.0,275.479168,7307.046660060251,100.0,False,3
1854,247.855,455.6784827193101,13735.141522510168,276.0,7308.978333333315,100.0,False,3
1855,248.05,514.0,13597.0,279.482144,7324.165568190186,100.0,False,3
1856,248.135,540.2591767248912,13534.994752810246,281.0,7330.833888888871,100.0,False,3
1857,248.25,575.0,13453.0,283.1562512,7339.893039427382,100.0,False,3
1858,248.295,587.5643740901796,13423.16270513284,284.0,7343.456111111093,100.0,False,3
1859,248.43,630.0,13321.0,286.25000106666664,7354.219343055101,100.0,False,3
1860,248.535,683.1329907719655,13191.012409143086,288.0,7362.656111111094,100.0,False,3
1861,248.61,721.0,13098.0,289.0714294857143,7368.712452682005,100.0,False,3
1862,248.815,786.1417439811771,12937.096349317375,292.0,7385.367222222206,100.0,False,3
1863,248.975,811.4339062207594,12872.594057416416,294.0,7398.4338888888715,100.0,False,3
1864,249.09,835.0,12811.0,295.4375008,7407.910709271516,100.0,False,3
1865,249.295,888.9242670881847,12667.566697118562,298.0,7424.9227777777605,100.0,False,3
1866,249.37,910.0,12610.0,298.4687504,7431.147638735284,100.0,False,3
1867,249.455,933.8401152234791,12543.573568442464,299.0,7438.211666666651,100.0,False,3
1868,249.55,960.0,12469.0,299.5937504,7446.132532486315,100.0,False,3
1869,249.775,1018.7637227232275,12293.158561159098,301.0,7464.967222222206,100.0,False,3
1870,249.81,1028.0,12264.0,301.1452283656272,7467.8996216918595,100.0,False,3
1871,249.991,1078.0,12100.0,301.89626484612927,7483.0818115229895,100.0,False,3
1872,250.016,1085.4763658261143,12075.099617112972,302.0,7485.184444444428,100.0,False,3
1873,250.151,1126.0,11939.0,302.9642843428571,7496.56694897065,100.0,False,3
1874,250.296,1159.475369433587,11822.757422197368,304.0,7508.828888888872,100.0,False,3
1875,250.391,1181.0,11744.0,304.5937488,7516.872751607239,100.0,False,3
1876,250.456,1197.526246207981,11681.69713349528,305.0,7522.384444444427,100.0,False,3
1877,250.656,1253.2907506128508,11464.768503205229,306.0,7539.3844444444285,100.0,False,3
1878,250.731,1270.0,11399.0,306.0,7545.759634935622,100.0,False,3
1879,250.816,1284.8815778115625,11340.070460125078,306.0,7552.984444444429,100.0,False,3
1880,250.976,1305.9018086094077,11255.264999537589,306.0,7566.584444444429,100.0,False,3
1881,251.031,1315.0,11218.0,305.8281256,7571.251654818198,100.0,False,3
1882,251.191,1347.0,11086.0,305.3281256,7584.803208340779,100.0,False,3
1883,251.296,1366.381621287913,11005.779890776827,305.0,7593.6955555555405,100.0,False,3
1884,251.491,1406.0,10839.0,305.0,7610.223649251747,100.0,False,3
1885,251.615,1443.8167424979956,10676.438785697845,305.0,7620.72194444443,100.0,False,3
1886,251.731,1475.0,10542.0,304.5857133714286,7630.523937482786,100.0,False,3
1887,251.895,1492.4205899466085,10467.745212532831,304.0,7644.366388888874,100.0,False,3
1888,251.991,1502.0,10427.0,304.0,7652.472224384091,100.0,False,3
1889,252.055,1512.0331260044106,10384.023353751501,304.0,7657.877499999985,100.0,False,3
1890,252.211,1544.0,10247.0,304.0,7671.051282940155,100.0,False,3
1891,252.215,1544.8194567887751,10243.50206039116,304.0,7671.388611111096,100.0,False,3
1892,252.455,1592.0694837633123,10043.139821749131,303.0,7691.588611111097,100.0,False,3
1893,252.551,1610.0,9967.0,303.0,7699.666494020642,100.0,False,3
1894,252.771,1652.0,9787.0,303.0,7718.185220000357,100.0,False,3
1895,252.775,1652.8992248735046,9783.118207970469,303.0,7718.521944444429,100.0,False,3
1896,252.935,1692.827582920297,9610.289416267413,303.0,7731.988611111096,100.0,False,3
1897,252.991,1705.0,9558.0,302.8833333333333,7736.695937292233,100.0,False,3
1898,253.231,1740.0,9411.0,302.3833333333333,7756.828652343981,100.0,False,3
1899,253.415,1768.23818783758,9289.751047024072,302.0,7772.255277777763,100.0,False,3
1900,253.575,1802.2339093452767,9142.264687754707,302.0,7785.677499999984,100.0,False,3
1901,253.611,1812.0,9100.0,302.0,7788.698316846679,100.0,False,3
1902,253.77,1861.0,8888.0,302.0,7802.039313614773,100.0,False,3
1903,253.815,1873.5974685477452,8833.249624818334,302.0,7805.8108333333175,100.0,False,3
1904,254.215,1948.0834851597301,8505.400390184299,301.0,7839.255277777763,100.0,False,3
1905,254.23,1950.0,8497.0,301.0,7840.509125303018,100.0,False,3
1906,254.495,1976.9946693071402,8380.217787268735,301.0,7862.666388888873,100.0,False,3
1907,254.65,2006.0,8253.0,301.0,7875.625484585275,100.0,False,3
1908,254.695,2018.1197252589786,8199.490206064516,301.0,7879.388611111094,100.0,False,3
1909,254.83,2059.0,8019.0,301.0,7890.680519823903,100.0,False,3
1910,254.895,2075.911396711783,7944.963012189902,301.0,7896.110833333319,100.0,False,3
1911,255.135,2120.077988862567,7755.441803722773,300.0,7916.110833333317,100.0,False,3
1912,255.25,2134.0,7696.0,300.0,7925.692388188522,100.0,False,3
1913,255.455,2149.578135142597,7628.557211699337,300.0,7942.777499999985,100.0,False,3
1914,255.61,2180.0,7502.0,300.0,7955.694920657176,100.0,False,3
1915,255.655,2195.242221034905,7439.159766555297,300.0,7959.444166666651,100.0,False,3
1916,255.77,2239.0,7259.0,300.0,7969.02297866939,100.0,False,3
1917,255.855,2262.578677712851,7161.511836655583,300.0,7976.110833333317,100.0,False,3
1918,256.215,2300.18574432673,7001.882184821649,297.0,8005.810833333316,4.0,True,3
1919,256.27,2308.0,6969.0,291.97925126964213,8010.110703533696,3.0871365944803895,True,3
1920,256.451,2341.0,6831.0,275.4564253293209,8023.84395509865,0.08298642351289079,True,3
1921,256.456,2341.876758979427,6827.328597294531,275.0,8024.220555555542,0.0,True,3
1922,256.616,2367.937843781884,6717.759131134205,267.0,8036.087222222207,0.0,True,3
1923,256.671,2379.0,6671.0,261.75001832727276,8039.928435599802,0.0,True,3
1924,256.891,2433.0,6442.0,240.74999389090908,8053.873907424576,0.0,True,3
1925,257.056,2450.230243378693,6368.537728945583,225.0,8063.587222222207,0.0,True,3
1926,257.251,2467.0,6298.0,212.54166257777777,8074.663913322803,0.0,True,3
1927,257.416,2504.1427080224566,6142.8176246328385,202.0,8083.787222222208,0.0,True,3
1928,257.451,2511.0,6114.0,200.2499968,8085.702393122104,0.0,True,3
1929,257.576,2527.3877264382713,6044.156032042939,194.0,8092.409444444432,0.0,True,3
1930,257.816,2537.7400392095,5996.791275970186,176.0,8104.1427777777635,0.0,True,3
1931,257.851,2540.0,5987.0,173.87499611428572,8105.761945356769,0.0,True,3
1932,258.096,2564.0831260901723,5880.472607661915,159.0,8116.509444444432,0.0,True,3
1933,258.111,2566.0,5871.0,158.16435565336013,8117.130964778006,0.0,True,3
1934,258.311,2592.0,5733.0,147.02228841303446,8125.011503526116,0.0,True,3
1935,258.455,2598.0178436436213,5697.491649208634,139.0,8130.370833333321,0.0,True,3
1936,258.591,2599.0,5681.0,134.98181818181817,8135.270989689062,0.0,True,3
1937,258.871,2605.0,5583.0,126.7090909090909,8144.955920986081,0.0,True,3
1938,258.895,2605.0528106457073,5574.353796390867,126.0,8145.77083333332,0.0,True,3
1939,259.051,2603.0,5524.0,122.65713737142858,8151.014472094907,0.0,True,3
1940,259.175,2599.525599546999,5494.472104030549,120.0,8155.104166666654,0.0,True,3
1941,259.371,2584.0,5444.0,116.07999488,8161.420943938084,0.0,True,3
1942,259.375,2583.4323655532235,5442.507355596156,116.0,8161.548611111098,0.0,True,3
1943,259.571,2548.0,5358.0,114.36666453333333,8167.761515346262,0.0,True,3
1944,259.615,2540.9100625652454,5343.220481240148,114.0,8169.148611111098,0.0,False,3
1945,259.931,2500.0,5279.0,113.0124992,8179.067570083794,13.825011199999999,False,3
1946,259.935,2499.3737649691716,5278.004645519499,113.0,8179.193055555542,14.0,False,3
1947,260.051,2480.0,5246.0,113.58000128,8182.83525528114,36.04004864,False,3
1948,260.135,2466.7530098464194,5222.69316471879,114.0,8185.526388888874,52.0,False,3
1949,260.375,2434.2436138910048,5154.465656077575,120.0,8193.526388888873,37.0,False,3
1950,260.41,2430.0,5143.0,119.7083328,8194.683915172918,36.1249984,False,3
1951,260.61,2409.0,5069.0,118.04166613333334,8201.228453178406,31.1249984,False,3
1952,260.615,2408.6019222476048,5066.98806222373,118.0,8201.393055555542,31.0,False,3
1953,260.935,2396.4138886440746,4933.069027306195,120.0,8212.059722222206,45.0,False,3
1954,260.97,2396.0,4921.0,120.35000064,8213.228952852933,47.45000448,False,3
1955,261.135,2395.5839812610393,4875.280635952073,122.0,8218.837499999983,59.0,False,3
1956,261.39,2399.0,4815.0,131.8522752,8228.516617360066,72.9090944,False,3
1957,261.55,2404.0,4756.0,138.03409338181817,8234.844722259793,81.63636712727272,False,3
1958,261.575,2405.5403645146325,4742.562918889884,139.0,8235.826388888872,83.0,False,3
1959,261.735,2419.8542095853254,4634.273598892279,142.0,8242.137499999986,83.0,False,3
1960,261.79,2424.0,4605.0,144.17708586666666,8244.399866135474,82.54166613333334,False,3
1961,262.09,2437.0,4537.0,156.05208586666666,8257.732389487403,80.04166613333334,False,3
1962,262.215,2448.4764652572735,4486.619163043125,161.0,8263.60416666665,79.0,False,3
1963,262.47,2478.0,4358.0,172.33333617777777,8276.017559634227,93.87500373333333,False,3
1964,262.575,2486.0579667525517,4325.401543534124,177.0,8281.30416666665,100.0,False,3
1965,262.73,2498.0,4281.0,183.08928822857143,8289.29873301303,100.0,False,3
1966,262.855,2513.4925246556604,4224.314724998894,188.0,8295.926388888874,100.0,False,3
1967,263.01,2537.0,4140.0,193.1523539577508,8304.383866048829,100.0,False,3
1968,263.216,2568.8708122986295,4030.2966655908426,200.0,8315.98194444443,100.0,False,3
1969,263.291,2580.0,3992.0,202.5781272,8320.28742311375,100.0,False,3
1970,263.451,2605.0,3905.0,208.0781272,8329.636899453013,100.0,False,3
1971,263.536,2624.9425468127256,3835.965135719195,211.0,8334.737499999985,100.0,False,3
1972,263.651,2653.0,3739.0,215.15278008888887,8341.799000851912,100.0,False,3
1973,263.896,2679.59937074139,3645.933720332327,224.0,8357.137499999986,100.0,False,3
1974,264.051,2702.0,3560.0,224.0,8366.731151210297,100.0,False,3
1975,264.096,2712.349236909664,3519.9010708706583,224.0,8369.581944444431,100.0,False,3
1976,264.251,2753.0,3362.0,235.6250048,8379.737763811052,100.0,False,3
1977,264.256,2754.0741156581926,3357.8357952212027,236.0,8380.070833333317,100.0,False,3
1978,264.651,2800.0,3180.0,245.8750016,8407.057083133917,100.0,False,3
1979,264.656,2800.690903346979,3177.2616580535073,246.0,8407.404166666653,100.0,False,3
1980,264.871,2837.0,3033.0,250.1805518222222,8422.424721598698,100.0,False,3
1981,265.016,2861.6801913935483,2937.2158140183274,253.0,8432.704166666656,100.0,False,3
1982,265.111,2879.0,2870.0,255.38493433434056,8439.51849751885,100.0,False,3
1983,265.255,2908.905668920807,2752.5201266643367,259.0,8449.898888888874,100.0,False,3
1984,265.371,2932.0,2662.0,259.0,8458.230999009458,100.0,False,3
1985,265.415,2939.7127278003345,2632.0770637096534,259.0,8461.409999999989,100.0,False,3
1986,265.651,2976.0,2493.0,263.4250048,8478.747432748482,100.0,False,3
1987,265.735,2990.633868484918,2436.2710041075807,265.0,8484.965555555544,100.0,False,3
1988,265.895,3020.9477727397248,2318.695569510806,267.0,8496.832222222209,100.0,False,3
1989,265.911,3024.0,2307.0,267.16,8498.024131778955,100.0,False,3
1990,266.131,3066.0,2148.0,269.36000256,8514.532949713088,100.0,False,3
1991,266.295,3097.3549330574415,2028.4470698048394,271.0,8526.943333333322,100.0,False,3
1992,266.351,3108.0,1988.0,271.7,8531.19564582203,100.0,False,3
1993,266.511,3139.0,1871.0,273.7,8543.379761240718,100.0,False,3
1994,266.535,3144.08251111064,1851.7788216499132,274.0,8545.209999999988,100.0,False,3
1995,266.691,3179.0,1719.0,274.6500010666667,8557.12049743225,100.0,False,3
1996,266.775,3196.638687788533,1651.0999141396387,275.0,8563.54333333332,100.0,False,3
1997,266.87,3218.0,1566.0,275.2968752,8570.815041304326,100.0,False,3
1998,267.095,3281.3717849143045,1296.1285517132987,276.0,8588.076666666657,100.0,False,3
1999,267.11,3285.0,1280.0,276.0937504,8589.2299090927,100.0,False,3
2000,267.255,3312.5646156948137,1151.7497301261496,277.0,8600.387777777763,100.0,False,3
2001,267.495,3336.3646932613174,1022.3090455183855,277.0,8618.85444444443,100.0,False,3
2002,267.55,3341.0,997.0,277.3437504,8623.098574474723,100.0,False,3
2003,267.655,3349.3973539202784,951.8521633364837,278.0,8631.209999999985,100.0,False,3
2004,267.895,3368.0378071485925,822.611649403735,278.0,8649.743333333317,100.0,False,4
2005,267.95,3373.0,768.0,278.1718752,8653.996934962695,100.0,False,4
2006,268.17,3393.0,490.0,278.8593752,8671.047367443585,100.0,False,4
2007,268.215,3395.347445832921,449.9659361256554,279.0,8674.543333333317,100.0,False,4
2008,268.375,3397.2999358476704,379.39588778478844,280.0,8686.987777777766,100.0,False,4
2009,268.53,3395.0,319.0,280.0,8699.04115486407,100.0,False,4
2010,268.535,3394.9080896362107,316.2364947729289,280.0,8699.43222222221,100.0,False,4
2011,268.85,3386.0,70.0,280.0,8723.951678990059,100.0,False,4
2012,268.855,3385.7810386303167,65.91728771131248,280.0,8724.321111111101,100.0,False,4
2013,269.41,3348.0,-340.0,239.29999530666666,8760.845963376865,7.499989333333327,False,4
2014,269.455,3344.510423456778,-370.13380309802864,236.0,8763.65444444443,0.0,True,4
2015,269.631,3331.0,-484.0,226.1308470245401,8774.590871527307,0.0,True,4
2016,269.776,3320.694547696781,-571.1215527741663,218.0,8783.092777777765,0.0,True,4
2017,269.991,3307.0,-691.0,196.5000192,8794.239733462684,0.0,True,4
2018,270.136,3298.9036795246056,-767.5957213745772,182.0,8801.292777777766,0.0,True,4
2019,270.331,3290.0,-865.0,172.2499968,8810.615786271766,0.0,True,4
2020,270.336,3289.81177318867,-867.4077973706285,172.0,8810.84833333332,0.0,True,4
2021,270.491,3285.0,-940.0,164.8958304,8817.858276018193,0.0,True,4
2022,270.576,3283.244944147268,-978.4574920656103,161.0,8821.581666666654,0.0,True,4
2023,270.671,3282.0,-1020.0,157.4375072,8825.666637625764,0.0,True,4
2024,270.816,3281.5391597052358,-1079.8171564302925,152.0,8831.714999999986,0.0,True,4
2025,270.871,3282.0,-1102.0,149.83929325714286,8833.936832863877,0.0,True,4
2026,271.071,3287.0,-1181.0,141.9821504,8841.72753718157,0.0,True,4
2027,271.096,3287.9566849685343,-1190.3634626013893,141.0,8842.681666666653,0.0,True,4
2028,271.296,3299.608177785757,-1263.2026368743775,135.0,8850.181666666653,0.0,True,4
2029,271.311,3301.0,-1269.0,134.6250048,8850.734259952987,0.0,True,4
2030,271.456,3318.8217786077016,-1328.785279673031,131.0,8856.003888888878,0.0,True,4
2031,271.631,3344.0,-1394.0,128.265628,8862.190745217831,0.0,True,4
2032,271.776,3361.380145947394,-1427.0931711632775,126.0,8867.203888888875,0.0,True,4
2033,271.871,3375.0,-1447.0,124.4100437771063,8870.445327354435,0.0,True,4
2034,272.015,3403.3431952783008,-1483.8447569115317,122.0,8875.303333333319,0.0,False,4
2035,272.171,3440.0,-1526.0,120.43999744,8880.510016331315,3.12000512,False,4
2036,272.215,3450.542900612909,-1536.927070601915,120.0,8881.969999999987,4.0,False,4
2037,272.391,3494.0,-1577.0,119.12,8887.776742591508,16.32,False,4
2038,272.615,3553.648599959343,-1622.0940221934698,118.0,8895.0811111111,32.0,False,4
2039,272.631,3558.0,-1625.0,117.8,8895.598688122038,30.4,False,4
2040,272.711,3580.0,-1639.0,116.8,8898.17822717037,22.400000000000002,False,4
2041,272.935,3648.188202285163,-1678.5807944446383,114.0,8905.214444444431,0.0,True,4
2042,273.071,3691.0,-1703.0,107.88,8909.22897862162,0.0,True,4
2043,273.135,3710.8465639967503,-1714.5526893281456,105.0,8911.047777777763,0.0,True,4
2044,273.415,3791.467662177877,-1763.2944872972841,96.0,8918.51444444443,0.0,True,4
2045,273.51,3811.0,-1776.0,93.2291648,8920.91086187059,0.0,True,4
2046,273.655,3831.1306748304096,-1790.479687270302,89.0,8924.447777777765,0.0,True,4
2047,273.87,3851.0,-1815.0,85.4166656,8929.422524777576,0.0,True,4
2048,274.13,3880.0,-1872.0,81.08333226666667,8935.139339205693,0.0,True,4
2049,274.135,3880.414140154821,-1873.0158197768185,81.0,8935.247777777764,0.0,True,4
2050,274.335,3890.0499452816684,-1906.4887147474394,77.0,8939.525555555541,0.0,True,4
2051,274.55,3887.0,-1953.0,74.6111104,8943.916015093764,0.0,True,4
2052,274.695,3878.849319116191,-2002.4194974951843,73.0,8946.825555555544,0.0,False,4
2053,274.71,3878.0,-2007.0,72.93749973333334,8947.126867065537,0.0,False,4
2054,274.935,3867.7662190647725,-2050.593733307794,72.0,8951.625555555544,0.0,False,4
2055,275.19,3854.0,-2079.0,70.17857097142857,8956.577271794762,26.410720914285715,False,4
2056,275.215,3852.0244671966157,-2082.8814644607123,70.0,8957.069999999989,29.0,False,4
2057,275.37,3838.0,-2110.0,71.72222293333333,8960.184126197932,35.88889173333333,False,4
2058,275.43,3832.0,-2121.0,72.3888896,8961.417367543749,38.5555584,False,4
2059,275.575,3804.404803680414,-2158.416372022789,74.0,8964.469999999987,45.0,False,4
2060,275.73,3769.0,-2199.0,76.9062512,8967.84703693408,48.3906264,False,4
2061,275.895,3744.2033044459467,-2221.406089936182,80.0,8971.5811111111,52.0,False,4
2062,276.15,3711.0,-2235.0,85.56074573313651,8977.673126505986,58.35513798072744,False,4
2063,276.216,3697.7147269137076,-2240.094314144299,87.0,8979.3386111111,60.0,False,4
2064,276.411,3650.0,-2256.0,93.093752,8984.501890370077,63.046876,False,4
2065,276.531,3619.0,-2262.0,96.843752,8987.820691166602,64.921876,False,4
2066,276.536,3617.704309869331,-2262.2095732257744,97.0,8987.960833333324,65.0,False,4
2067,276.791,3546.0,-2270.0,104.2857088,8995.360225465258,71.3749952,False,4
2068,276.816,3537.1225278705365,-2270.5020537461774,105.0,8996.127499999988,72.0,False,4
2069,277.011,3461.0,-2273.0,113.93750293333333,9002.384187056068,77.68750186666666,False,4
2070,277.056,3445.5444392859386,-2273.2562543119757,116.0,9003.860833333321,79.0,False,4
2071,277.216,3400.199939053069,-2273.225552188427,120.0,9009.194166666657,78.0,False,4
2072,277.376,3356.8409584256924,-2271.25114499478,128.0,9014.883055555543,88.0,False,4
2073,277.431,3339.0,-2270.0,130.0624928,9016.921741441565,90.0624928,False,4
2074,277.531,3303.0,-2267.0,133.8125024,9020.734300945089,93.8125024,False,4
2075,277.696,3238.837541616219,-2260.4814609896953,140.0,9027.327499999992,100.0,False,4
2076,277.731,3226.0,-2259.0,141.7500032,9028.774932730244,100.0,False,4
2077,277.976,3137.4344454186976,-2244.796846227567,154.0,9039.305277777767,100.0,False,4
2078,278.031,3104.0,-2237.0,155.5714230857143,9041.726738399746,100.0,False,4
2079,278.211,2964.0,-2201.0,160.71428754285714,9049.815170566886,100.0,False,4
2080,278.256,2939.567942303134,-2194.4169799626975,162.0,9051.905277777765,100.0,False,4
2081,278.551,2874.0,-2173.0,173.09022368251365,9066.306666181536,100.0,False,4
2082,278.655,2833.206221438888,-2159.273433902763,177.0,9071.522777777765,100.0,False,4
2083,278.855,2728.2451994133403,-2124.6605540928003,183.0,9081.689444444437,100.0,False,4
2084,278.891,2711.0,-2119.0,184.50001066666667,9083.571550968853,100.0,False,4
2085,279.095,2616.0696353213016,-2086.4444499638107,193.0,9094.556111111102,100.0,False,4
2086,279.131,2592.0,-2077.0,194.02857874285715,9096.535543260095,100.0,False,4
2087,279.331,2430.0,-2009.0,199.74286445714284,9107.70873721483,100.0,False,4
2088,279.375,2409.234496467161,-1999.909857561047,201.0,9110.189444444433,100.0,False,4
2089,279.571,2369.0,-1979.0,204.26667093333333,9121.323572186255,100.0,False,4
2090,279.615,2352.5591172071277,-1970.0703786306985,205.0,9123.856111111101,100.0,False,4
2091,279.775,2262.8036979583835,-1921.0911331814586,210.0,9133.189444444433,100.0,False,4
2092,279.831,2228.0,-1901.0,211.0,9136.499972635018,100.0,False,4
2093,280.055,2088.688723864245,-1813.915911601557,215.0,9149.91166666666,100.0,False,4
2094,280.09,2069.0,-1801.0,215.4375008,9152.017473972395,100.0,False,4
2095,280.215,2005.2901345335429,-1758.0895136539837,217.0,9159.556111111102,100.0,False,4
2096,280.27,1979.0,-1740.0,217.3928576,9162.883924365076,100.0,False,4
2097,280.47,1880.0,-1670.0,218.82142902857143,9175.056485941866,100.0,False,4
2098,280.495,1864.8032108070552,-1658.9107243658113,219.0,9176.589444444435,100.0,False,4
2099,280.655,1750.8634348978728,-1574.236487852849,222.0,9186.4561111111,100.0,False,4
2100,280.75,1692.0,-1530.0,222.5937504,9192.337833851216,100.0,False,4
2101,280.975,1611.4625989535145,-1468.325489362947,224.0,9206.367222222216,100.0,False,4
2102,281.11,1564.0,-1430.0,225.6875008,9214.901774276273,100.0,False,4
2103,281.215,1513.8030173145983,-1388.8056599667295,227.0,9221.500555555544,100.0,False,4
2104,281.27,1486.0,-1366.0,225.6249984,9224.914592940946,86.249984,False,4
2105,281.53,1359.0,-1263.0,219.1249984,9240.641122283323,21.249984000000005,False,4
2106,281.615,1318.8705580369503,-1230.876943882497,217.0,9245.611666666657,0.0,True,4
2107,281.79,1240.0,-1168.0,203.8749952,9255.49660426085,0.0,True,4
2108,281.815,1229.4297919004548,-1159.5339018386658,202.0,9256.83388888888,0.0,True,4
2109,282.03,1140.0,-1087.0,180.4999936,9267.508586917145,0.0,True,4
2110,282.055,1128.403756961214,-1077.4104335855302,178.0,9268.700555555544,0.0,True,4
2111,282.23,1043.0,-1005.0,171.19444195555556,9276.896387125933,0.0,True,4
2112,282.415,966.7835311688576,-933.6970363871411,164.0,9285.100555555546,0.0,True,4
2113,282.615,908.195229308921,-873.3950242622465,147.0,9293.267222222214,0.0,True,4
2114,282.63,905.0,-870.0,146.46619025797676,9293.859889932206,0.0,True,4
2115,282.896,867.7481254497233,-826.4531721538712,137.0,9303.960833333324,0.0,True,4
2116,282.931,862.0,-819.0,135.3958304,9305.223496352024,0.0,True,4
2117,283.131,821.0,-763.0,126.22916373333334,9312.189537975293,0.0,True,4
2118,283.136,820.0208990750532,-761.5201307407266,126.0,9312.360833333325,0.0,True,4
2119,283.296,792.2876180759582,-714.8192255180908,122.0,9317.783055555545,0.0,True,4
2120,283.331,787.0,-705.0,121.49999908571428,9318.949480800202,1.0000018285714285,True,4
2121,283.576,757.2709893720576,-638.6773970039526,118.0,9326.960833333324,8.0,False,4
2122,283.671,750.0,-605.0,117.4062512,9330.052743937653,8.0,False,4
2123,283.736,746.5573694854154,-577.6149719876603,117.0,9332.160833333324,8.0,False,4
2124,283.891,743.0,-509.0,116.22499968,9337.153215827464,22.72500608,False,4
2125,283.936,743.0345014189357,-492.9175035469838,116.0,9338.605277777766,27.0,False,4
2126,284.216,752.3496744081563,-424.53199974608054,117.0,9347.705277777768,38.0,False,4
2127,284.291,756.0,-403.0,117.31250026666666,9350.139974875234,41.12500266666667,False,4
2128,284.431,763.0,-356.0,117.89583253333333,9354.730130214357,46.958325333333335,False,4
2129,284.456,764.0557179984464,-348.0646880150157,118.0,9355.571944444433,48.0,False,4
2130,284.671,769.0,-277.0,123.3749952,9363.11687268933,56.30681076363636,False,4
2131,284.871,765.0,-166.0,128.3749952,9370.422336249954,64.03408349090908,False,4
2132,284.896,764.1852188306732,-152.67483636771445,129.0,9371.3386111111,65.0,False,4
2133,285.931,661.0,151.0,134.9769023402938,9410.145652103216,68.98460156019586,False,4
2134,285.935,660.1301473575227,152.23746220014112,135.0,9410.3011111111,69.0,False,4
2135,286.111,619.0,209.0,139.4,9417.194200902744,70.88571428571429,False,4
2136,286.215,595.2320372732065,240.91568824879377,142.0,9421.345555555545,72.0,False,4
2137,286.371,555.0,293.0,145.9000064,9427.711025419892,81.2625152,False,4
2138,286.535,495.50169309450234,366.8631879622501,150.0,9434.67888888888,91.0,False,4
2139,286.67,445.0,429.0,156.7500032,9440.703618798321,96.0625024,False,4
2140,286.775,411.04600122051346,470.99036987478985,162.0,9445.478888888876,100.0,False,4
2141,286.935,367.99299835864105,524.5982690300606,166.0,9452.856666666656,100.0,False,4
2142,287.07,338.0,562.0,172.37500302222222,9459.507964799865,100.0,False,4
2143,287.295,298.8189361355272,610.7113316064774,183.0,9471.156666666659,100.0,False,4
2144,287.43,267.0,649.0,185.70000128,9478.123489173988,100.0,False,4
2145,287.495,246.70390534234298,673.0666140862056,187.0,9481.545555555545,100.0,False,4
2146,287.65,191.0,738.0,193.2968776,9490.008768957963,100.0,False,4
2147,287.815,133.25139367702857,801.9083217455259,200.0,9499.323333333323,100.0,False,4
2148,287.87,109.0,827.0,201.3750016,9502.45837496606,100.0,False,4
2149,288.11,-31.0,962.0,207.3750016,9516.341540663325,100.0,False,4
2150,288.135,-45.37428725823375,974.8932070672978,208.0,9517.812222222212,100.0,False,4
2151,288.41,-188.0,1092.0,214.8750016,9534.308823856572,100.0,False,4
2152,288.495,-229.40319012142083,1124.779716840483,217.0,9539.512222222213,100.0,False,4
2153,288.895,-406.3313144462579,1264.4224251563812,225.0,9564.512222222213,100.0,False,4
2154,288.91,-412.0,1269.0,225.1406256,9565.457796789251,100.0,False,4
2155,289.215,-515.6003419882056,1357.1914192231986,228.0,9584.778888888879,100.0,False,4
2156,289.29,-544.0,1385.0,228.7009347583194,9589.573297059505,100.0,False,4
2157,289.511,-637.0,1487.0,230.76635348554558,9603.771521934184,100.0,False,4
2158,289.536,-646.74192078837,1499.3111928026196,231.0,9605.376388888879,100.0,False,4
2159,289.671,-695.0,1568.0,231.0,9614.03667157477,100.0,False,4
2160,289.696,-703.3440283050679,1581.4769089761232,231.0,9615.643055555549,100.0,False,4
2161,289.911,-768.0,1705.0,231.89583253333333,9629.516706261016,100.0,False,4
2162,290.111,-819.0,1827.0,232.72916586666668,9642.48937096562,100.0,False,4
2163,290.176,-836.953268080758,1875.4049815580727,233.0,9646.709722222211,100.0,False,4
2164,290.336,-881.4329021576176,2009.4369372964516,234.0,9657.109722222212,100.0,False,4
2165,290.351,-885.0,2022.0,234.05357074285715,9658.086284855774,100.0,False,4
2166,290.591,-926.0,2212.0,234.9107136,9673.752014905109,100.0,False,4
2167,290.616,-928.6948357199103,2229.043909011705,235.0,9675.38749999999,100.0,False,4
2168,290.856,-940.9431476284752,2363.5227807906426,236.0,9691.120833333323,100.0,False,4
2169,290.991,-943.0,2441.0,236.4218744,9699.99979115701,100.0,False,4
2170,291.171,-944.0,2560.0,236.9843752,9711.858080044007,100.0,False,4
2171,291.176,-943.9860040035134,2563.3909366147695,237.0,9712.187499999989,100.0,False,4
2172,291.336,-942.2747487445429,2672.004258263428,237.0,9722.720833333322,100.0,False,4
2173,291.431,-941.0,2732.0,234.6250048,9728.947529857876,60.41674666666667,False,4
2174,291.576,-939.0687919997581,2819.7149226148426,231.0,9738.120833333323,0.0,True,4
2175,291.611,-938.0,2849.0,228.07723774285938,9740.205430124937,0.0,True,4
2176,291.791,-929.0,3042.0,213.04593785557427,9750.11150219434,0.0,True,4
2177,292.055,-924.5940481560579,3129.5000978786156,191.0,9763.534444444434,0.0,True,4
2178,292.131,-923.0,3150.0,187.6749888,9767.46393270453,0.0,True,4
2179,292.215,-920.249747057724,3184.0678570269656,184.0,9771.712222222213,0.0,True,4
2180,292.411,-913.0,3288.0,168.59997988571428,9780.69045013523,0.0,True,4
2181,292.495,-911.7878844505766,3327.4469542921265,162.0,9784.312222222215,0.0,True,4
2182,292.631,-912.0,3385.0,155.2,9790.02412201653,0.0,True,4
2183,292.751,-914.0,3435.0,149.2,9794.87787231035,0.0,True,4
2184,292.775,-914.8173625988853,3446.6252732098433,148.0,9795.823333333323,0.0,True,4
2185,292.975,-926.6169151573345,3561.5782073698942,137.0,9803.434444444436,0.0,True,4
2186,293.031,-930.0,3588.0,135.6,9805.53005031533,0.0,True,4
2187,293.135,-935.5765110508942,3624.299910509399,133.0,9809.345555555548,0.0,True,4
2188,293.43,-952.0,3681.0,120.0937472,9819.136291482158,0.0,True,4
2189,293.455,-954.0694580554806,3687.6662981630584,119.0,9819.923333333325,0.0,True,4
2190,293.63,-972.0,3742.0,114.13888711111112,9825.304660195055,0.0,True,4
2191,293.815,-997.4654328040635,3796.4395758935384,109.0,9830.823333333323,0.0,True,4
2192,293.95,-1018.0,3831.0,106.58928457142858,9834.790305429939,0.0,True,4
2193,294.095,-1040.2351480892116,3862.104842636165,104.0,9838.912222222214,0.0,True,4
2194,294.25,-1066.0,3891.0,100.1249984,9843.058335117708,0.0,True,4
2195,294.45,-1105.0,3925.0,95.1249984,9848.186955914513,0.0,True,4
2196,294.495,-1114.5197360731306,3931.5920194757223,94.0,9849.356666666656,0.0,True,4
2197,294.65,-1149.0,3951.0,94.0,9853.439416762041,0.0,True,4
2198,294.815,-1187.6288566878995,3966.4772586378435,94.0,9857.712222222213,0.0,False,4
2199,294.85,-1196.0,3969.0,93.2222208,9858.58566288009,2.1388928,False,4
2200,295.03,-1239.0,3978.0,89.2222208,9862.90178409397,13.1388928,False,4
2201,295.175,-1270.6967369711049,3982.085458224315,86.0,9866.312222222212,22.0,False,4
2202,295.27,-1297.0,3983.0,86.0,9868.558000816738,22.0,False,4
2203,295.335,-1319.9243705433832,3982.68851213562,86.0,9870.134444444433,22.0,False,4
2204,295.51,-1382.0,3980.0,89.97727418181819,9874.643331119354,33.136367709090905,False,4
2205,295.775,-1392.6745917401258,3979.619440119026,96.0,9881.867777777767,50.0,False,4
2206,295.85,-1399.0,3979.0,97.39751505389509,9883.899066745085,56.98757526947546,False,4
2207,295.936,-1414.6703985477159,3977.591233516627,99.0,9886.295277777768,65.0,False,4
2208,296.136,-1477.984179532336,3972.4276101053833,111.0,9892.461944444436,77.0,False,4
2209,296.211,-1502.0,3971.0,114.7500032,9894.934893991922,77.37500032,False,4
2210,296.311,-1534.0,3970.0,119.7499904,9898.328171972094,77.87499904,False,4
2211,296.336,-1543.4458000726754,3970.0895943659393,121.0,9899.184166666659,78.0,False,4
2212,296.496,-1620.9185310895925,3974.3191975029467,125.0,9904.739722222213,73.0,False,4
2213,296.631,-1677.0,3980.0,127.5312464,9909.578551081533,69.2031304,False,4
2214,296.816,-1713.7729556730671,3988.869412507427,131.0,9916.384166666656,64.0,False,4
2215,296.871,-1725.0,3993.0,131.91666346666668,9918.427803811563,63.08333653333333,False,4
2216,297.056,-1780.271819911633,4014.3071951748434,135.0,9925.384166666656,60.0,False,4
2217,297.191,-1832.0,4042.0,137.69999616,9930.569422803688,62.02499712,False,4
2218,297.256,-1859.009274786951,4060.1476088185136,139.0,9933.106388888878,63.0,False,4
2219,297.451,-1938.0,4123.0,142.25000106666667,9940.889873635835,66.25000106666667,False,4
2220,297.616,-1980.6267398576222,4163.941443487177,145.0,9947.606388888878,69.0,False,4
2221,297.811,-2017.0,4207.0,148.90000128,9955.67230443843,69.0,False,4
2222,297.816,-2018.0154345396709,4208.221045978308,149.0,9955.884166666656,69.0,False,4
2223,298.091,-2087.0,4304.0,157.83928777142856,9967.949295288974,79.80357394285714,False,4
2224,298.096,-2088.7301413425776,4306.968627591699,158.0,9968.173055555548,80.0,False,4
2225,298.271,-2155.0,4432.0,161.2812464,9976.06915492057,81.6406232,False,4
2226,298.416,-2192.0415447822443,4517.901325508457,164.0,9982.750833333324,83.0,False,4
2227,298.576,-2212.5129011781105,4585.074099970338,170.0,9990.30638888888,85.0,False,4
2228,298.671,-2221.0,4614.0,172.38493433434056,9994.873806283038,87.78242339006398,False,4
2229,298.815,-2229.6309682675264,4642.716398015443,176.0,10001.990833333322,92.0,False,4
2230,298.951,-2239.0,4683.0,185.35,10009.03631712808,95.4,False,4
2231,298.975,-2241.33963731251,4694.291158431553,187.0,10010.301944444436,96.0,False,4
2232,299.215,-2273.944478129427,4865.951098859744,194.0,10023.235277777767,100.0,False,4
2233,299.311,-2286.0,4937.0,196.74285714285713,10028.539126711014,100.0,False,4
2234,299.495,-2302.870169208349,5054.379604054036,202.0,10038.946388888879,100.0,False,4
2235,299.691,-2314.0,5147.0,209.07778702222222,10050.467324104313,100.0,False,4
2236,299.855,-2319.8959102154236,5195.9324490993595,215.0,10060.446388888879,100.0,False,4
2237,299.95,-2324.0,5231.0,218.8593776,10066.365149454523,100.0,False,4
2238,300.175,-2339.2855724402557,5366.588451705396,228.0,10080.713055555545,100.0,False,4
2239,300.21,-2342.0,5392.0,228.8750016,10082.971470254313,100.0,False,4
2240,300.415,-2358.6753314958146,5557.2316923735725,234.0,10096.313055555547,100.0,False,4
2241,300.55,-2369.0,5665.0,236.5312512,10105.183694832478,100.0,False,4
2242,300.575,-2370.7657018511354,5683.8129372716085,237.0,10106.846388888876,100.0,False,4
2243,300.815,-2385.4155076353322,5846.215436442588,245.0,10123.179722222212,100.0,False,4
2244,300.95,-2392.0,5923.0,248.3750016,10132.568857536633,100.0,False,4
2245,301.095,-2397.8248720056436,5993.754029114422,252.0,10142.779722222214,100.0,False,4
2246,301.27,-2406.0,6106.0,255.64583466666667,10155.25059269338,100.0,False,4
2247,301.335,-2410.2940582510564,6169.2612655998555,257.0,10159.913055555542,100.0,False,4
2248,301.495,-2422.5393957614488,6355.438427049702,260.0,10171.4686111111,100.0,False,4
2249,301.55,-2426.0,6409.0,261.0312512,10175.493049713903,100.0,False,4
2250,301.975,-2438.1936297321936,6636.555880677356,269.0,10207.335277777769,100.0,False,4
2251,302.01,-2439.0,6660.0,269.3281256,10209.972441914164,100.0,False,4
2252,302.295,-2446.5395480093775,6914.943861636784,272.0,10231.513055555544,100.0,False,4
2253,302.37,-2448.0,6977.0,273.24481334853044,10237.23883113942,100.0,False,4
2254,302.536,-2449.7822698147233,7086.961242653747,276.0,10249.98972222221,100.0,False,4
2255,302.791,-2449.0,7238.0,277.8214272,10269.678386327814,100.0,False,4
2256,302.816,-2448.7266139522926,7256.558679134456,278.0,10271.61194444443,100.0,False,4
2257,302.871,-2448.0,7299.0,278.1964278857143,10275.8669202596,100.0,False,4
2258,303.096,-2443.168773536006,7473.705483944287,279.0,10293.311944444435,100.0,False,4
2259,303.251,-2438.0,7594.0,280.10714331428574,10305.403308873178,100.0,False,4
2260,303.376,-2432.684757643212,7690.794164995581,281.0,10315.167499999989,100.0,False,4
2261,303.411,-2431.0,7718.0,281.0,10317.899081383744,100.0,False,4
2262,303.591,-2421.0,7859.0,281.0,10331.935606340987,100.0,False,4
2263,303.696,-2414.294696890382,7941.800853794139,281.0,10340.14527777777,100.0,False,4
2264,303.791,-2408.0,8015.0,281.67857005714285,10347.596397876387,100.0,False,4
2265,303.976,-2394.500850498962,8157.199850582241,283.0,10362.156388888878,100.0,False,4
2266,303.991,-2393.0,8171.0,283.0624992,10363.338603967586,100.0,False,4
2267,304.216,-2363.151559685827,8418.217947837129,284.0,10381.089722222212,100.0,False,4
2268,304.271,-2357.0,8467.0,284.0,10385.4274982532,100.0,False,4
2269,304.496,-2342.287175157679,8576.479868997392,284.0,10403.1786111111,100.0,False,4
2270,304.611,-2329.0,8655.0,284.3593752,10412.277860975577,100.0,False,4
2271,304.816,-2287.562772193471,8889.073848006907,285.0,10428.511944444432,100.0,False,4
2272,304.851,-2282.0,8920.0,285.0,10431.278505606959,100.0,False,4
2273,305.131,-2259.0,9037.0,285.0,10453.44590938119,100.0,False,4
2274,305.136,-2258.400806477146,9039.806987057727,285.0,10453.845277777771,100.0,False,4
2275,305.336,-2224.7507849726603,9194.878935057237,286.0,10469.734166666658,100.0,True,4
2276,305.351,-2222.0,9207.0,284.74653348004017,10470.882088817638,95.82177826680064,True,4
2277,305.571,-2183.0,9370.0,266.3621011407338,10486.788524442236,34.54033713577919,True,4
2278,305.695,-2163.813541431272,9449.525385504417,256.0,10495.263055555548,0.0,True,4
2279,305.851,-2137.0,9562.0,237.4749696,10505.54207022104,0.0,True,4
2280,305.855,-2136.1674455945717,9565.50942382513,237.0,10505.79638888888,0.0,True,4
2281,306.055,-2089.5573025669514,9762.944318143202,218.0,10517.907499999994,0.0,True,4
2282,306.091,-2083.0,9791.0,215.11997952,10519.998134407924,0.0,True,4
2283,306.255,-2066.0302655423607,9865.441022212763,202.0,10529.129722222213,0.0,True,4
2284,306.51,-2050.0,9940.0,181.59999488,10541.415734965136,0.0,True,4
2285,306.655,-2023.589734924607,10055.84670773752,170.0,10548.018611111103,0.0,True,4
2286,306.73,-2012.0,10106.0,167.37499776,10551.45776002256,0.0,True,4
2287,306.855,-2002.754077923579,10144.427457191498,163.0,10557.074166666662,0.0,True,4
2288,307.01,-1997.0,10164.0,152.4821385142857,10563.456611317986,0.0,True,4
2289,307.135,-1985.5470987196286,10205.954146709075,144.0,10568.274166666659,0.0,True,4
2290,307.27,-1970.0,10261.0,138.59999744,10573.271001721252,0.0,True,4
2291,307.45,-1950.0,10322.0,131.39999744,10579.613457333915,0.0,True,4
2292,307.535,-1939.5554803776013,10348.50419503832,128.0,10582.496388888881,0.0,True,4
2293,307.63,-1927.0,10377.0,122.062496,10585.635200672183,0.0,True,4
2294,307.695,-1917.95340927078,10395.896903775549,118.0,10587.740833333326,0.0,True,4
2295,307.855,-1894.331389935637,10439.624488619686,114.0,10592.807499999992,0.0,True,4
2296,307.91,-1886.0,10453.0,113.2142848,10594.5185382503,0.0,True,4
2297,308.135,-1846.9140096745043,10499.559609808543,110.0,10601.363055555546,0.0,False,4
2298,308.19,-1831.0,10511.0,109.23611022222222,10602.996493751332,2.138891377777778,False,4
2299,308.39,-1754.0,10552.0,106.45833244444445,10608.820014860023,9.916669155555557,False,4
2300,308.495,-1724.4082373346023,10563.962013739067,105.0,10611.863055555546,14.0,False,4
2301,308.655,-1696.5217561343532,10569.154696952766,105.0,10616.529722222214,39.0,False,4
2302,308.77,-1670.0,10574.0,106.64285805714286,10619.96571736769,43.92857417142857,False,4
2303,308.935,-1618.6461564867016,10585.787439246562,109.0,10625.007499999992,51.0,False,4
2304,308.95,-1614.0,10587.0,109.298508451176,10625.470421465307,51.82089824073402,False,4
2305,309.091,-1573.0,10599.0,112.10447974099448,10629.871870650928,59.53731928773481,False,4
2306,309.136,-1560.4961489633515,10603.032441710608,113.0,10631.316666666658,62.0,False,4
2307,309.371,-1489.0,10633.0,120.55357348571428,10639.234785504053,67.03571565714286,False,4
2308,309.416,-1470.6155576389422,10643.126032222674,122.0,10640.805555555547,68.0,False,4
2309,309.651,-1370.0,10705.0,128.85416853333334,10649.22366400763,62.1249984,False,4
2310,309.656,-1368.5834129180855,10705.905641640971,129.0,10649.405555555546,62.0,False,4
2311,309.856,-1338.6803104686974,10727.370854718412,132.0,10656.738888888878,60.0,False,4
2312,309.931,-1324.0,10742.0,132.4687504,10659.494987316612,60.0,False,4
2313,310.016,-1298.5364980236363,10768.328766899705,133.0,10662.64999999999,60.0,False,4
2314,310.211,-1229.0,10842.0,137.8750016,10670.157445551544,63.482144,False,4
2315,310.296,-1211.1313171688664,10861.50094044182,140.0,10673.538888888881,65.0,False,4
2316,310.551,-1178.0,10913.0,147.7916608,10684.074944701268,75.624992,False,4
2317,310.656,-1149.5917031958675,10965.974156550703,151.0,10688.63888888888,80.0,False,4
2318,310.871,-1086.0,11089.0,159.59999232,10698.453851047681,86.98749376,False,4
2319,311.056,-1070.17222384859,11125.919927486,167.0,10707.194444444434,93.0,False,4
2320,311.151,-1062.0,11150.0,170.32499328,10711.722850467315,96.32499328,False,4
2321,311.256,-1045.5037918266898,11196.339241566753,174.0,10716.861111111102,100.0,False,4
2322,311.331,-1033.0,11232.0,177.2812528,10720.688545243702,100.0,False,4
2323,311.691,-982.0,11409.0,193.0312528,10740.383005130803,100.0,False,4
2324,311.736,-970.6468139793154,11452.942875833944,195.0,10742.861111111102,100.0,False,4
2325,311.851,-941.0,11569.0,197.1562512,10749.17282060446,100.0,False,4
2326,311.896,-933.6060578073111,11598.37550024682,198.0,10751.661111111105,100.0,False,4
2327,312.136,-921.3015803267019,11651.58412591426,205.0,10765.327777777773,100.0,False,4
2328,312.151,-920.0,11657.0,205.67668339329126,10766.214190234426,100.0,False,4
2329,312.371,-889.0,11783.0,215.60151174809587,10779.698830502817,100.0,False,4
2330,312.535,-865.3138201801297,11880.78724567012,223.0,10790.043611111105,100.0,False,4
2331,312.651,-849.0,11949.0,226.48000768,10797.404204998493,100.0,False,4
2332,312.735,-837.0546631076905,11999.208333042196,229.0,10802.765833333327,100.0,False,4
2333,312.895,-814.132326316943,12098.37876618575,232.0,10813.076944444434,100.0,False,4
2334,312.931,-809.0,12122.0,232.9000064,10815.420970516036,100.0,False,4
2335,313.031,-795.0,12189.0,235.4,10821.985275502608,100.0,False,4
2336,313.095,-786.768407629845,12229.211951472204,237.0,10826.243611111106,100.0,False,4
2337,313.37,-751.0,12417.0,243.8750016,10845.096890302339,100.0,False,4
2338,313.575,-712.941079916351,12635.73801694118,249.0,10859.443611111103,100.0,False,4
2339,313.59,-711.0,12647.0,249.20833422222222,10860.495365471335,100.0,False,4
2340,313.87,-693.0,12758.0,253.0972231111111,10880.211757556226,100.0,False,4
2341,313.935,-683.1670281784232,12821.9656324255,254.0,10884.843611111104,100.0,False,4
2342,314.09,-654.0,13012.0,257.8750016,10895.996789522254,100.0,False,4
2343,314.175,-643.2719780572884,13082.393738930394,260.0,10902.176944444436,100.0,False,4
2344,314.455,-628.6111496278455,13185.98800291118,265.0,10922.788055555546,100.0,False,4
2345,314.51,-625.0,13214.0,265.2291669333333,10926.845722924041,100.0,False,4
2346,314.695,-608.4535006146796,13345.252704293654,266.0,10940.52138888888,100.0,False,4
2347,314.79,-600.0,13419.0,267.1875008,10947.599894866726,100.0,False,4
2348,314.935,-589.3301100321504,13526.93310916011,269.0,10958.454722222214,100.0,False,4
2349,314.97,-587.0,13553.0,269.2187504,10961.076827879264,100.0,False,4
2350,315.095,-579.1975797627281,13647.532842345892,270.0,10970.454722222217,100.0,False,4
2351,315.25,-571.0,13762.0,270.86111146666667,10982.145747546998,100.0,False,4
2352,315.45,-563.0,13913.0,271.97222257777776,10997.276918685835,100.0,False,4
2353,315.455,-562.8038456217481,13918.04369567889,272.0,10997.654722222214,100.0,False,4
2354,315.61,-557.0,14095.0,272.0,11009.360236228767,100.0,False,4
2355,315.656,-555.7902546646905,14137.497407353503,272.0,11012.841388888883,100.0,False,4
2356,315.936,-553.4656560683328,14286.687575215417,274.0,11034.15249999999,100.0,False,4
2357,316.011,-553.0,14340.0,274.6250005333333,11039.89164470663,100.0,False,4
2358,316.151,-552.0,14467.0,275.79166506666667,11050.632268404654,100.0,False,4
2359,316.176,-551.9606235909782,14488.94947215742,276.0,11052.55249999999,100.0,False,4
2360,316.376,-553.7619956427418,14642.692980466889,277.0,11067.941388888881,100.0,False,4
2361,316.471,-556.0,14713.0,277.5937488,11075.27632214969,100.0,False,4
2362,316.536,-558.0566111586471,14762.185022266145,278.0,11080.296944444439,100.0,False,4
2363,316.631,-562.0,14835.0,278.0,11087.628662540996,100.0,False,4
2364,316.776,-570.7457988553073,14946.274689813761,278.0,11098.830277777772,100.0,False,4
2365,316.851,-577.0,15004.0,278.5357147428571,11104.645673960455,100.0,False,4
2366,317.056,-600.659340719475,15161.83900367437,280.0,11120.608055555549,100.0,False,4
2367,317.111,-608.0,15203.0,280.0,11124.903253449611,72.77509504,False,4
2368,317.231,-626.0,15295.0,280.0,11134.242919368899,13.375095039999996,False,4
2369,317.256,-630.7416472670191,15317.607108749284,280.0,11136.163611111104,1.0,False,4
2370,317.456,-679.8200746985066,15538.12578442965,269.0,11151.108055555549,0.0,True,4
2371,317.531,-695.0,15605.0,262.62499456,11156.44118934677,0.0,True,4
2372,317.656,-711.5353898745062,15677.46764988567,252.0,11165.108055555549,0.0,True,4
2373,317.891,-732.0,15764.0,243.60714057142857,11181.098761759527,0.0,True,4
2374,317.936,-738.5643799689506,15791.42860504097,242.0,11183.93027777777,0.0,True,4
2375,318.131,-772.0,15932.0,211.12498986666665,11195.096588411616,0.0,True,4
2376,318.176,-778.249617493396,15959.11850647741,204.0,11197.530277777772,0.0,True,4
2377,318.416,-801.7884429220278,16067.139929581148,185.0,11209.863611111105,0.0,True,4
2378,318.471,-807.0,16091.0,180.08930285714285,11212.457649481217,0.0,True,4
2379,318.671,-827.0,16182.0,162.23216,11221.240710931594,0.0,True,4
2380,318.696,-829.3178064297629,16193.131056528022,160.0,11222.30805555555,0.0,True,4
2381,318.936,-848.5320289639234,16293.564878384446,148.0,11232.174722222215,0.0,True,4
2382,318.971,-851.0,16307.0,144.92467809848617,11233.495599861853,0.0,True,4
2383,319.091,-859.0,16351.0,134.38073657364612,11237.761768808974,0.0,True,4
2384,319.175,-864.428058743622,16381.390694061127,127.0,11240.606111111105,0.0,True,4
2385,319.271,-870.0,16415.0,121.24,11243.75951473332,0.0,True,4
2386,319.375,-874.5767462748213,16448.65138126694,115.0,11246.994999999995,0.0,True,4
2387,319.451,-877.0,16472.0,110.38569874285714,11249.195451555417,0.0,True,4
2388,319.655,-879.9524065789752,16530.959654618102,98.0,11254.617222222216,0.0,True,4
2389,319.67,-880.0,16535.0,97.57142674285714,11255.006973025167,0.0,True,4
2390,319.87,-878.0,16585.0,91.85714102857143,11260.086061645776,0.0,True,4
2391,319.935,-875.6682357735206,16600.184832070074,90.0,11261.617222222216,0.0,True,4
2392,320.09,-867.0,16634.0,84.01136116363637,11264.958187393368,0.0,True,4
2393,320.25,-855.0,16664.0,77.82954298181818,11268.056343809443,0.0,True,4
2394,320.375,-843.4056402603948,16684.47585892356,73.0,11270.53944444444,0.0,True,4
2395,320.49,-827.0,16703.0,73.0,11272.890667731233,0.0,True,4
2396,320.535,-818.1188495575586,16710.623752279527,73.0,11273.783888888884,0.0,True,4
2397,320.75,-765.0,16745.0,65.8333312,11277.687321933805,0.0,True,4
2398,320.775,-759.3443302794135,16747.79509555834,65.0,11278.117222222216,0.0,True,4
2399,321.25,-687.0,16759.0,58.07291573333333,11285.772078984253,0.0,True,4
2400,321.255,-686.5521235119436,16758.999839415992,58.0,11285.85055555555,0.0,False,4
2401,321.49,-668.0,16758.0,56.5312496,11289.520982472692,0.0,False,4
2402,321.575,-657.7084153164176,16755.75071309543,56.0,11290.828333333327,0.0,False,4
2403,321.83,-618.0,16742.0,55.089285485714285,11294.713170362298,15.482146742857143,False,4
2404,321.855,-614.3934473512749,16740.141653359227,55.0,11295.106111111105,17.0,False,4
2405,322.05,-589.0,16723.0,58.90000128,11298.298520074932,31.6250048,False,4
2406,322.055,-588.4076968693363,16722.517279626318,59.0,11298.383888888882,32.0,False,4
2407,322.311,-559.0,16692.0,63.643988907832494,11303.005321628618,36.06349029435343,False,4
2408,322.491,-533.0,16656.0,66.90929825264112,11306.49226542232,38.92063597106098,False,4
2409,322.496,-532.316256798328,16654.921111731797,67.0,11306.591388888879,39.0,False,4
2410,322.776,-501.6507008224562,16595.67377741562,74.0,11312.346944444434,50.0,False,4
2411,322.811,-499.0,16590.0,75.05000192,11313.097389443374,52.10000384,False,4
2412,322.976,-490.24125112983654,16570.844442226742,80.0,11316.79138888888,62.0,False,4
2413,323.296,-480.11996198089327,16543.862497390382,92.0,11324.969166666655,69.0,False,4
2414,323.331,-478.0,16538.0,92.0,11325.853805029124,70.7500032,False,4
2415,323.456,-468.4179033091539,16510.934853597013,92.0,11329.058055555546,77.0,False,4
2416,323.511,-463.0,16493.0,95.20832213333334,11330.59696750918,77.76388622222223,False,4
2417,323.731,-438.0,16395.0,108.0416704,11337.533648104174,80.81944533333333,False,4
2418,323.816,-433.2886548006357,16375.018716590617,113.0,11340.358055555545,82.0,False,4
2419,323.976,-429.5978221135606,16353.675491372323,123.0,11345.824722222213,86.0,False,4
2420,323.991,-429.0,16350.0,123.82498944,11346.357332146374,86.7499904,False,4
2421,324.176,-418.70352780149636,16284.951047075188,134.0,11353.269166666654,96.0,False,4
2422,324.191,-418.0,16280.0,134.71249088,11353.858345430857,96.14999808,False,4
2423,324.451,-411.0,16212.0,147.06250304,11364.735926412966,98.75000064,False,4
2424,324.576,-407.1017306950861,16169.06682615845,153.0,11370.269166666658,100.0,False,4
2425,324.671,-403.0,16122.0,156.69443697777777,11374.569398000876,100.0,False,4
2426,324.936,-387.62075439184326,15935.341571263198,167.0,11386.969166666655,100.0,False,4
2427,324.951,-387.0,15928.0,167.7499904,11387.686703444273,100.0,False,4
2428,325.096,-383.4515256730708,15889.220427966475,175.0,11394.746944444432,100.0,False,4
2429,325.231,-379.0,15860.0,183.437488,11401.658040914961,100.0,False,4
2430,325.256,-377.5451394900516,15850.807851951597,185.0,11402.969166666655,100.0,False,4
2431,325.471,-358.0,15738.0,192.3906184,11414.589700585584,100.0,False,4
2432,325.576,-345.3882897745221,15681.59202035338,196.0,11420.391388888878,100.0,False,4
2433,325.771,-317.0,15579.0,200.895403028943,11431.295410160645,100.0,False,4
2434,325.815,-309.6445043522736,15555.292383635398,202.0,11433.801944444433,100.0,False,4
2435,325.971,-281.0,15470.0,208.24001024,11442.862056727397,100.0,False,4
2436,326.015,-272.33252897755415,15445.917394952914,210.0,11445.4686111111,100.0,False,4
2437,326.151,-244.0,15371.0,213.74,11453.671124232907,100.0,False,4
2438,326.41,-185.0,15224.0,220.86250176,11469.712783667474,100.0,False,4
2439,326.415,-183.85048691292093,15221.203288279763,221.0,11470.024166666659,100.0,False,4
2440,326.63,-132.0,15097.0,225.60714422857143,11483.5005530581,100.0,False,4
2441,326.695,-112.98616892072155,15052.100969839388,227.0,11487.679722222212,100.0,False,4
2442,326.85,-66.0,14942.0,234.19643154285714,11497.919263880452,100.0,False,4
2443,326.975,-36.94638958971559,14874.856012422188,240.0,11506.34638888888,100.0,False,4
2444,327.11,-8.0,14807.0,242.109376,11515.524319358628,100.0,False,4
2445,327.295,39.90546029569439,14690.762767596136,245.0,11528.124166666657,100.0,False,4
2446,327.31,44.0,14681.0,245.0,11529.140055003812,100.0,False,4
2447,327.59,122.0,14501.0,245.0,11548.088575255988,100.0,False,4
2448,327.655,139.4602369117055,14460.612637257842,245.0,11552.624166666654,100.0,False,4
2449,327.87,200.0,14320.0,257.0937536,11568.173678156923,100.0,False,4
2450,327.975,236.77722621046135,14235.677342513074,263.0,11576.001944444433,100.0,False,4
2451,328.11,287.0,14121.0,266.0905315448678,11586.248687837196,100.0,False,4
2452,328.911,530.0,13559.0,284.4276752194447,11650.06982867188,100.0,False,4
2453,328.936,537.0737114641587,13542.209957213823,285.0,11652.081111111096,100.0,False,4
2454,329.176,610.3632647415899,13366.591511104214,290.0,11671.414444444432,100.0,False,4
2455,329.191,616.0,13353.0,290.22499712,11672.62871378129,100.0,False,4
2456,329.376,694.8287287710043,13162.242806240132,293.0,11687.69222222221,100.0,False,4
2457,329.431,715.0,13113.0,293.859372,11692.209907855802,100.0,False,4
2458,329.696,775.350956642568,12961.835079590053,298.0,11714.181111111102,100.0,False,4
2459,329.751,788.0,12930.0,298.6874976,11718.75852728797,100.0,False,4
2460,329.856,816.2069379877403,12859.485213066058,300.0,11727.51444444443,100.0,False,4
2461,329.971,855.0,12759.0,301.15000064,11737.144301397246,100.0,False,4
2462,330.056,890.2889116938073,12662.819703884796,302.0,11744.292222222208,100.0,False,4
2463,330.271,980.0,12410.0,304.3035693714286,11762.489921312801,100.0,False,4
2464,330.336,995.6600303222599,12365.478100858967,305.0,11768.014444444434,100.0,False,4
2465,330.611,1033.0,12249.0,306.96428617142857,11791.46512375637,100.0,False,4
2466,330.616,1034.2320192803923,12244.9460795861,307.0,11791.89222222221,100.0,False,4
2467,330.751,1075.0,12110.0,307.5624992,11803.431277352392,100.0,False,4
2468,330.856,1105.9024848663223,12006.465300587593,308.0,11812.425555555543,100.0,False,4
2469,331.071,1164.0,11805.0,309.53571291428574,11830.919795819558,100.0,False,4
2470,331.136,1181.5609683450482,11741.125575745338,310.0,11836.536666666656,100.0,False,4
2471,331.331,1231.0,11555.0,311.46250048,11853.46623715762,100.0,False,4
2472,331.536,1268.4141589484489,11408.2487507846,313.0,11871.314444444433,100.0,False,4
2473,331.611,1282.0,11353.0,313.0,11877.836436956706,100.0,False,4
2474,331.736,1307.1072367133124,11248.963028817947,313.0,11888.70333333332,100.0,False,4
2475,331.851,1331.0,11150.0,313.0,11898.705702088191,100.0,False,4
2476,331.896,1340.091699657449,11112.828558531259,313.0,11902.614444444433,100.0,False,4
2477,332.011,1364.0,11015.0,312.2812496,11912.58239980397,100.0,False,4
2478,332.056,1374.4968115949587,10971.12776312279,312.0,11916.481111111098,100.0,False,4
2479,332.336,1444.1919732508984,10672.966517973793,312.0,11940.747777777768,100.0,False,4
2480,332.351,1447.0,10661.0,311.9624064781505,11942.045931060751,100.0,False,4
2481,332.611,1483.0,10509.0,311.3107764502984,11964.50739935325,100.0,False,4
2482,332.735,1506.1676583638782,10409.07433762608,311.0,11975.216944444433,100.0,False,4
2483,332.831,1526.0,10324.0,311.0,11983.512928187938,100.0,False,4
2484,332.895,1539.1309130174636,10268.454291496624,311.0,11989.039166666655,100.0,False,4
2485,333.05,1570.0,10139.0,310.44642834285713,12002.392434015532,100.0,False,4
2486,333.175,1592.836578427049,10041.875563605056,310.0,12013.150277777768,100.0,False,4
2487,333.29,1617.0,9938.0,310.0,12023.052377680982,100.0,False,4
2488,333.335,1628.446450398908,9888.64885219483,310.0,12026.928055555542,100.0,False,4
2489,333.53,1683.0,9653.0,310.0,12043.723405729768,100.0,False,4
2490,333.575,1693.303346028938,9608.51579889104,310.0,12047.59472222221,100.0,False,4
2491,333.935,1745.6475409822306,9383.456407732483,309.0,12078.49472222221,100.0,False,4
2492,334.01,1757.0,9335.0,309.0,12084.930578039963,100.0,False,4
2493,334.215,1796.2301902933898,9167.27851780078,309.0,12102.52805555554,100.0,False,4
2494,334.23,1800.0,9151.0,309.0,12103.81603995616,100.0,False,4
2495,334.375,1841.5810539208594,8970.476879349682,309.0,12116.261388888877,100.0,False,4
2496,334.41,1850.0,8934.0,308.82499968,12119.259834495395,100.0,False,4
2497,334.575,1873.0198566350252,8835.626657216173,308.0,12133.372499999987,100.0,False,4
2498,334.69,1889.0,8767.0,308.0,12143.211210843081,100.0,False,4
2499,334.735,1897.9988789504648,8727.888262967503,308.0,12147.061388888877,100.0,False,4
2500,334.975,1961.413003998193,8449.810236244757,308.0,12167.59472222221,100.0,False,4
2501,334.99,1965.0,8434.0,308.0,12168.878437818774,100.0,False,4
2502,335.135,1994.9453920856313,8301.460131639918,308.0,12181.283611111096,100.0,False,4
2503,335.37,2035.0,8124.0,307.0248967768457,12201.323883312067,100.0,False,4
2504,335.376,2036.1035344283407,8119.1594663653905,307.0,12201.835555555539,100.0,False,4
2505,335.616,2084.113295624719,7910.52050655735,307.0,12222.302222222206,100.0,False,4
2506,335.776,2115.537463499181,7775.287527085469,306.0,12235.902222222208,100.0,False,4
2507,335.871,2131.0,7709.0,306.0,12243.982053827134,100.0,False,4
2508,336.176,2169.374002722479,7546.719666997788,306.0,12269.902222222205,100.0,False,4
2509,336.231,2178.0,7511.0,305.41071634285714,12274.55228627007,100.0,False,4
2510,336.431,2218.0,7346.0,303.2678592,12291.377956396384,100.0,False,4
2511,336.456,2223.814826631796,7321.775121925765,303.0,12293.468888888874,100.0,False,4
2512,336.691,2284.0,7069.0,299.73611022222224,12312.98214805733,100.0,False,4
2513,336.816,2315.7339184660327,6936.4678805628455,298.0,12323.26888888887,100.0,False,4
2514,337.051,2364.0,6735.0,294.6428562285714,12342.465997899355,37.89284022857143,False,4
2515,337.096,2369.530915105617,6711.44314699765,294.0,12346.135555555538,26.0,True,4
2516,337.256,2381.4437279340514,6659.1373488963345,289.0,12358.979999999981,0.0,True,4
2517,337.331,2389.0,6627.0,279.81249216,12364.533293185035,0.0,True,4
2518,337.611,2437.0,6428.0,245.51249216,12382.811367725375,0.0,True,4
2519,337.656,2445.654935280758,6391.639829615156,240.0,12385.64666666665,0.0,True,4
2520,337.856,2483.4806260202367,6230.459293927565,222.0,12397.979999999981,0.0,True,4
2521,337.931,2495.0,6181.0,214.76785097142857,12402.265088216685,0.0,True,4
2522,338.136,2516.50497012833,6087.96213258627,195.0,12413.14666666665,0.0,True,4
2523,338.311,2532.0,6021.0,186.2500096,12422.09040301292,0.0,True,4
2524,338.456,2548.14889154683,5951.263481527072,179.0,12429.057777777762,0.0,True,4
2525,338.471,2550.0,5943.0,177.6071606857143,12429.745047420805,0.0,True,4
2526,338.736,2584.498226912581,5777.142648515965,153.0,12440.95777777776,0.0,True,4
2527,338.751,2586.0,5769.0,152.28410007272728,12441.551787831424,0.0,True,4
2528,339.091,2603.0,5641.0,136.05681512727273,12454.100405369962,0.0,True,4
2529,339.176,2604.885074270522,5616.491374085148,132.0,12457.091111111095,0.0,True,4
2530,339.455,2606.088722851781,5544.962598270707,124.0,12466.701111111095,0.0,True,4
2531,339.59,2601.0,5508.0,122.55357074285715,12471.270819414352,0.4821430857142857,True,4
2532,339.735,2590.631872226932,5464.650450446207,121.0,12476.112222222207,1.0,False,4
2533,339.935,2569.643400264489,5403.179637291771,118.0,12482.667777777762,14.0,False,4
2534,340.01,2561.0,5383.0,117.62499968,12485.114970828701,15.50000128,False,4
2535,340.135,2545.830982540583,5353.325079981851,117.0,12489.167777777762,18.0,False,4
2536,340.33,2518.0,5308.0,114.9107136,12495.3570189917,24.2678592,False,4
2537,340.415,2503.182352344784,5284.051806786178,114.0,12498.03444444443,27.0,False,4
2538,340.45,2497.0,5274.0,114.0,12499.136633761362,31.8125088,False,4
2539,340.575,2475.687704206563,5238.828423220798,114.0,12503.101111111097,49.0,False,4
2540,340.63,2467.0,5224.0,115.14583466666667,12504.88626302444,50.145834666666666,False,4
2541,340.815,2441.515008691198,5175.725261849311,119.0,12511.03444444443,54.0,False,4
2542,340.89,2432.0,5149.0,119.75000064,12513.544099401479,53.24999936,False,4
2543,341.015,2416.5489530579057,5089.188112693353,121.0,12517.756666666653,52.0,False,4
2544,341.19,2400.0,5005.0,122.87500068571428,12523.765442825083,51.37499977142857,False,4
2545,341.295,2396.0027313632245,4977.313498490108,124.0,12527.4011111111,51.0,False,4
2546,341.51,2396.0,4942.0,125.7916672,12534.906377181134,53.6875008,False,4
2547,341.535,2395.930750483394,4935.318836595257,126.0,12535.8011111111,54.0,False,4
2548,341.75,2396.0,4855.0,132.14285897142858,12543.746196109947,73.96429165714285,False,4
2549,341.815,2397.6631619700897,4824.974993972555,134.0,12546.22333333332,80.0,False,4
2550,341.976,2404.731123095568,4746.237982068142,140.0,12552.484444444432,87.0,False,4
2551,342.031,2407.0,4724.0,141.3749952,12554.653035886819,87.3437488,False,4
2552,342.136,2410.721117902005,4690.355662902061,144.0,12558.884444444433,88.0,False,4
2553,342.331,2421.0,4625.0,155.70000384,12567.326471086857,89.95000064,False,4
2554,342.336,2421.4587097845465,4622.434900770101,156.0,12567.5511111111,90.0,False,4
2555,342.536,2446.453748237172,4490.005320847624,166.0,12576.773333333324,93.0,False,4
2556,342.591,2453.0,4457.0,166.98213942857143,12579.340181380932,93.98213942857143,False,4
2557,342.816,2471.8768960120847,4370.9808200154375,171.0,12590.073333333323,98.0,False,4
2558,343.091,2493.0,4296.0,183.5000029090909,12604.43376437958,99.25000029090909,False,4
2559,343.256,2514.843276287431,4216.964961192951,191.0,12613.417777777766,100.0,False,4
2560,343.291,2521.0,4195.0,192.3125024,12615.336969523913,100.0,False,4
2561,343.471,2560.0,4058.0,199.0624928,12625.33076120049,100.0,False,4
2562,343.496,2565.3988968081076,4039.2661274436305,200.0,12626.751111111098,100.0,False,4
2563,343.831,2625.0,3836.0,211.72499328,12646.5811035812,100.0,False,4
2564,343.896,2632.3213864363597,3811.0213881928435,214.0,12650.528888888879,100.0,False,4
2565,344.056,2644.968546058923,3767.1655920545104,221.0,12660.3511111111,100.0,False,4
2566,344.191,2665.0,3694.0,224.9374944,12668.838656665012,100.0,False,4
2567,344.296,2690.5927098778193,3599.337623014859,228.0,12675.5511111111,100.0,False,4
2568,344.451,2731.0,3449.0,232.65000192,12685.6027159027,100.0,False,4
2569,344.496,2739.3228739465594,3417.8455235128376,234.0,12688.5511111111,100.0,False,4
2570,344.696,2757.4555446038726,3348.4823399180596,239.0,12701.828888888882,100.0,False,4
2571,344.891,2781.0,3255.0,244.85000192,12715.097133369622,100.0,False,4
2572,344.896,2781.9778936634734,3251.13863448153,245.0,12715.439999999991,100.0,False,4
2573,345.096,2833.07878656219,3049.7896498547207,249.0,12729.273333333324,100.0,False,4
2574,345.171,2849.0,2987.0,251.18750186666668,12734.565568032656,100.0,False,4
2575,345.336,2867.3744885603537,2914.1174483924847,256.0,12746.33999999999,100.0,False,4
2576,345.496,2880.5068082867847,2862.251517467141,257.0,12757.762222222209,100.0,False,4
2577,345.571,2898.0,2794.0,258.6071442285714,12763.1942443609,100.0,False,4
2578,345.711,2945.0,2611.0,261.60713874285716,12773.459741185019,100.0,False,4
2579,345.776,2962.1272732489674,2544.267191713733,263.0,12778.217777777765,100.0,False,4
2580,345.936,2983.9599218415206,2458.9113351212886,263.0,12789.906666666651,100.0,False,4
2581,346.17,3008.0,2368.0,267.1935489790731,12807.302246041469,100.0,False,4
2582,346.215,3016.0588092012144,2337.9638183083116,268.0,12810.676666666652,100.0,False,4
2583,346.31,3035.0,2267.0,269.1875008,12817.82131269569,100.0,False,4
2584,346.535,3076.8153343431386,2104.46794201756,272.0,12834.854444444434,100.0,False,4
2585,346.57,3084.0,2077.0,272.37500068571427,12837.517895846882,100.0,False,4
2586,346.815,3139.863618014471,1868.737353415058,275.0,12856.243333333321,100.0,False,4
2587,346.83,3143.0,1857.0,275.0625002666667,12857.391958825592,100.0,False,4
2588,347.055,3183.1128577412615,1703.850575312582,276.0,12874.643333333323,100.0,False,4
2589,347.13,3196.0,1653.0,276.2678573714286,12880.405646857402,100.0,False,4
2590,347.335,3233.424626948445,1501.2210910089304,277.0,12896.187777777766,100.0,False,4
2591,347.37,3240.0,1474.0,277.1458336,12898.88686739443,100.0,False,4
2592,347.53,3270.0,1347.0,277.8125002666667,12911.241938168354,100.0,False,4
2593,347.575,3277.9927582179894,1311.5974557306515,278.0,12914.7211111111,100.0,False,4
2594,347.75,3306.0,1181.0,278.4861112888889,12928.268438283812,100.0,False,4
2595,347.935,3328.8541502863004,1065.141951928926,279.0,12942.6211111111,100.0,False,4
2596,347.97,3333.0,1042.0,279.17500032,12945.340279440396,100.0,False,4
2597,348.135,3353.078224463335,919.4847654834078,280.0,12958.176666666655,100.0,False,5
2598,348.29,3370.0,796.0,280.4843752,12970.265128380477,100.0,False,5
2599,348.37,3377.0,734.0,280.7343752,12976.513366786305,100.0,False,5
2600,348.455,3383.010499087116,674.357944330468,281.0,12983.154444444433,100.0,False,5
2601,348.631,3391.0,532.0,281.39909279676687,12996.912982233902,100.0,False,5
2602,348.851,3394.0,250.0,281.897959373224,13014.157976920775,100.0,False,5
2603,348.896,3394.0432512519724,215.70688906516764,282.0,13017.699444444435,100.0,False,5
2604,349.131,3390.0,141.0,282.58750016,13036.266193657782,100.0,False,5
2605,349.296,3379.2301285828103,5.194399354505441,283.0,13049.143888888877,100.0,False,5
2606,349.531,3358.0,-249.0,275.36249792,13067.004931762225,41.249984000000005,False,5
2607,349.696,3344.726488067526,-377.1740618941819,270.0,13079.14388888888,0.0,True,5
2608,349.931,3327.0,-521.0,254.0535670857143,13095.686482854948,0.0,True,5
2609,349.976,3323.5292439477976,-549.6522054763384,251.0,13098.666111111103,0.0,True,5
2610,350.311,3299.0,-764.0,216.56946417777777,13118.688351235563,0.0,True,5
2611,350.336,3297.553751743942,-778.4066157449405,214.0,13120.066111111104,0.0,True,5
2612,350.616,3285.787153937999,-920.4450461724833,189.0,13134.766111111101,0.0,True,5
2613,350.731,3283.0,-971.0,185.64583146666666,13140.695390695138,0.0,True,5
2614,350.856,3281.2125994483163,-1021.6818232792456,182.0,13146.899444444436,0.0,True,5
2615,351.091,3282.0,-1112.0,163.64062,13157.279776185096,0.0,True,5
2616,351.176,3283.930651553963,-1146.4983640542766,157.0,13160.854999999992,0.0,True,5
2617,351.331,3291.0,-1213.0,152.01785508571427,13167.3114123563,0.0,True,5
2618,351.456,3301.8385501588755,-1271.0808853266265,148.0,13172.366111111103,0.0,True,5
2619,351.571,3314.0,-1320.0,144.0468728,13176.83564539536,0.0,True,5
2620,351.776,3337.333271682199,-1381.6424605976467,137.0,13184.543888888882,0.0,True,5
2621,351.831,3345.0,-1397.0,136.3125024,13186.609914464065,0.0,True,5
2622,351.936,3361.941560199634,-1427.6712842916731,135.0,13190.543888888882,0.0,False,5
2623,352.071,3392.0,-1471.0,133.55357348571428,13195.545496680901,0.0,False,5
2624,352.216,3440.5929583272946,-1524.41193779866,132.0,13200.810555555548,0.0,False,5
2625,352.411,3510.0,-1590.0,128.20833208888888,13207.656460145488,7.041668977777778,False,5
2626,352.576,3546.486123290102,-1619.9338478962088,125.0,13213.310555555548,13.0,False,5
2627,352.83,3596.0,-1649.0,121.01880838749595,13221.842399574354,5.833855097492724,False,5
2628,352.895,3616.4053492913827,-1660.9352032561228,120.0,13223.94388888888,4.0,True,5
2629,353.07,3677.0,-1696.0,113.9843728,13229.3847091303,1.8124992000000002,True,5
2630,353.215,3712.4728643138133,-1714.9608481501375,109.0,13233.63277777777,0.0,True,5
2631,353.35,3741.0,-1730.0,102.2499968,13237.368486491785,0.0,True,5
2632,353.415,3756.0912614180575,-1738.456804285352,99.0,13239.13277777777,0.0,True,5
2633,353.53,3783.0,-1755.0,97.27499904,13242.238707945628,0.0,True,5
2634,353.615,3800.6814991462174,-1768.0922239623612,96.0,13244.466111111102,0.0,True,5
2635,353.69,3815.0,-1780.0,92.7187472,13246.35252187628,0.0,True,5
2636,353.775,3830.131270479102,-1793.6559626940916,89.0,13248.421666666658,0.0,True,5
2637,354.01,3864.0,-1834.0,84.10416533333333,13253.907782870512,0.0,True,5
2638,354.015,3864.543573783432,-1834.9443486958428,84.0,13254.021666666657,0.0,True,5
2639,354.19,3879.0,-1870.0,80.49999872,13257.92809283861,0.0,True,5
2640,354.215,3880.443170273228,-1875.172648461434,80.0,13258.466111111102,0.0,True,5
2641,354.41,3887.0,-1916.0,75.1249984,13262.485525543041,0.0,True,5
2642,354.455,3887.4789880224116,-1925.328000255577,74.0,13263.399444444436,0.0,True,5
2643,354.57,3887.0,-1949.0,73.42499968,13265.740222517357,0.0,True,5
2644,354.655,3885.05529708691,-1966.4918264240328,73.0,13267.45499999999,0.0,False,5
2645,354.79,3880.0,-1994.0,71.3124992,13270.123802756054,0.0,False,5
2646,354.815,3878.9508328835104,-1999.0037263466813,71.0,13270.610555555548,0.0,False,5
2647,355.07,3866.0,-2048.0,69.17857097142857,13275.49220762866,23.678577371428574,False,5
2648,355.095,3864.438146447334,-2052.5300844326043,69.0,13275.977222222216,26.0,False,5
2649,355.256,3852.9159100092515,-2080.800797941282,71.0,13279.152499999993,32.0,False,5
2650,355.291,3850.0,-2087.0,71.2916672,13279.850106278762,32.8750016,False,5
2651,355.496,3830.4551677150903,-2123.503804708995,73.0,13284.019166666661,38.0,False,5
2652,355.511,3829.0,-2126.0,73.29166293333333,13284.33506446913,38.4999936,False,5
2653,355.611,3818.0,-2143.0,75.23611235555556,13286.484270938865,41.83333546666667,False,5
2654,355.851,3763.0,-2203.0,79.90277902222222,13291.903357274921,49.83333546666667,False,5
2655,355.856,3762.071007836896,-2203.9373891553078,80.0,13292.019166666661,50.0,False,5
2656,356.096,3738.3499096652963,-2223.478141067587,85.0,13297.68583333333,54.0,False,5
2657,356.211,3721.0,-2230.0,86.4375008,13300.440874580221,59.7500032,False,5
2658,356.256,3710.8733511103987,-2233.7042093130312,87.0,13301.552499999994,62.0,False,5
2659,356.456,3648.3554336032735,-2255.2262488547544,94.0,13306.774722222217,64.0,False,5
2660,356.511,3631.0,-2260.0,95.3749952,13308.244226517108,64.0,False,5
2661,356.616,3599.7653402972683,-2266.6226016148476,98.0,13311.130277777771,64.0,False,5
2662,356.936,3516.0487111547363,-2271.6403587322943,112.0,13321.085833333327,76.0,False,5
2663,356.991,3502.0,-2272.0,113.718744,13322.853773265666,77.3749952,False,5
2664,357.096,3475.1661764932032,-2272.6497734836526,117.0,13326.285833333328,80.0,False,5
2665,357.211,3443.0,-2273.0,122.7500032,13330.238048892934,82.1562512,False,5
2666,357.256,3428.7694627767914,-2272.939441282822,125.0,13331.841388888883,83.0,False,5
2667,357.451,3359.0,-2271.0,133.77500288,13339.097062946465,85.92500096,False,5
2668,357.456,3357.136694884863,-2270.8995570161023,134.0,13339.285833333328,86.0,False,5
2669,357.616,3296.2352162346515,-2266.243991781412,137.0,13345.374722222215,86.0,False,5
2670,357.771,3237.0,-2260.0,141.42857325714286,13351.476026457072,90.98214491428571,False,5
2671,357.896,3189.945053254258,-2254.164963146813,145.0,13356.652499999993,95.0,False,5
2672,357.971,3155.0,-2248.0,149.2187536,13359.901780802375,96.171876,False,5
2673,358.211,3007.0,-2213.0,162.71875359999999,13370.905645619063,99.921876,False,5
2674,358.216,3004.385247087804,-2212.3208317322515,163.0,13371.141388888882,100.0,False,5
2675,358.576,2883.7889519186347,-2175.3106744754314,176.0,13388.741388888884,100.0,False,5
2676,358.631,2861.0,-2168.0,178.16070674285714,13391.541868989916,100.0,False,5
2677,358.711,2823.0,-2156.0,181.30356388571428,13395.668652742468,100.0,False,5
2678,358.856,2757.151587362237,-2134.963475268155,187.0,13403.285833333328,100.0,False,5
2679,358.931,2716.0,-2121.0,189.18750186666668,13407.287256813092,100.0,False,5
2680,359.096,2594.8046413833813,-2077.4944595578954,194.0,13416.219166666662,100.0,False,5
2681,359.191,2524.0,-2050.0,195.97916266666667,13421.423121550364,100.0,False,5
2682,359.336,2431.9512008420775,-2009.9245787372963,199.0,13429.485833333329,100.0,False,5
2683,359.57,2319.0,-1953.0,205.709678366517,13442.907043463587,100.0,False,5
2684,359.615,2301.284339725716,-1943.7289211147101,207.0,13445.528333333328,100.0,False,5
2685,359.815,2230.62602915484,-1904.400449896645,212.0,13457.306111111106,100.0,False,5
2686,359.91,2179.0,-1872.0,213.69642971428573,13462.982803971001,100.0,False,5
2687,360.095,2031.221242805567,-1774.6180364192433,217.0,13474.183888888885,100.0,False,5
2688,360.19,1962.0,-1728.0,219.3750016,13480.00282879591,100.0,False,5
2689,360.255,1925.0979068992403,-1702.7604672541972,221.0,13484.006111111106,100.0,False,5
2690,360.415,1870.4340002124131,-1663.6530797499431,223.0,13493.917222222219,100.0,False,5
2691,360.615,1816.2914634152105,-1622.9076523093395,224.0,13506.361666666664,100.0,False,5
2692,360.63,1811.0,-1619.0,224.15000064,13507.299058967252,100.0,False,5
2693,360.815,1729.4716028585663,-1558.9963455913955,226.0,13518.917222222219,100.0,False,5
2694,360.89,1680.0,-1521.0,226.9375008,13523.65944328639,100.0,False,5
2695,360.975,1609.0891522407524,-1465.1844044208767,228.0,13529.050555555554,100.0,False,5
2696,361.07,1531.0,-1403.0,228.3958336,13535.088065455733,100.0,False,5
2697,361.215,1458.9213655121075,-1345.119669313859,229.0,13544.317222222217,100.0,False,5
2698,361.47,1393.0,-1291.0,226.26785645714287,13560.382708692305,8.928548571428568,False,5
2699,361.495,1383.0413260548767,-1282.919470260985,226.0,13561.894999999997,0.0,True,5
2700,361.711,1279.0,-1199.0,211.19627053681015,13574.335714930323,0.0,True,5
2701,361.816,1233.1662773979854,-1162.2783783114126,204.0,13580.084999999995,0.0,True,5
2702,361.871,1208.0,-1142.0,199.60001536,13583.036815276151,0.0,True,5
2703,362.016,1130.9887073391392,-1079.214917350791,188.0,13590.52944444444,0.0,True,5
2704,362.131,1074.0,-1032.0,177.45832746666667,13596.006656261972,0.0,True,5
2705,362.256,1028.630437513778,-993.3500133557737,166.0,13601.596111111106,0.0,True,5
2706,362.551,959.0,-927.0,150.3281352,13613.851642240737,0.0,True,5
2707,362.576,952.3238669647194,-920.154830950373,149.0,13614.840555555555,0.0,True,5
2708,362.731,909.0,-874.0,142.35714011428573,13620.816464783144,0.0,True,5
2709,362.851,879.0,-839.0,137.21428297142856,13625.310530278406,0.0,True,5
2710,362.856,877.8539604449581,-837.621582447878,137.0,13625.496111111108,0.0,True,5
2711,363.091,831.0,-777.0,131.1249984,13634.051709941545,0.0,True,5
2712,363.096,830.0239597506305,-775.5962616731932,131.0,13634.229444444441,0.0,True,5
2713,363.251,800.0,-729.0,126.156248,13639.656098415766,0.0,True,5
2714,363.256,799.1048326990326,-727.4747564076317,126.0,13639.82944444444,0.0,True,5
2715,363.576,755.8331656153412,-630.7008692270047,123.0,13650.762777777774,0.0,False,5
2716,363.611,753.0,-620.0,122.5624992,13651.938608004264,0.0,False,5
2717,363.711,747.0,-589.0,121.3125024,13655.276289383488,0.0,False,5
2718,363.816,743.4796865031471,-554.6983310961899,120.0,13658.762777777774,0.0,False,5
2719,363.951,743.0,-509.0,119.32500096,13663.231589196072,4.049994239999999,False,5
2720,364.016,744.3979194430577,-487.0106313307852,119.0,13665.373888888887,6.0,False,5
2721,364.191,752.0,-428.0,118.4531256,13671.104100397934,16.937488,False,5
2722,364.336,759.7078896753832,-379.539661851612,118.0,13675.862777777777,26.0,False,5
2723,364.431,764.0,-348.0,118.94999808,13679.007631819473,36.924977919999996,False,5
2724,364.536,767.1619057062231,-313.3250177555117,120.0,13682.529444444444,49.0,False,5
2725,364.651,769.0,-275.0,122.8750016,13686.470702006602,59.0625056,False,5
2726,364.696,769.3438377688241,-259.72773532442346,124.0,13688.040555555555,63.0,False,5
2727,364.811,769.0,-220.0,126.46428708571429,13692.128446685412,57.2499968,False,5
2728,364.976,764.5555649064589,-161.38919340110473,130.0,13698.151666666665,49.0,False,5
2729,364.991,764.0,-156.0,130.16304139130435,13698.705942565532,49.40760347826087,False,5
2730,365.251,750.0,-62.0,132.98913113043477,13708.488881732988,56.472827826086956,False,5
2731,365.896,651.5174283934853,159.85652380303566,140.0,13733.929444444442,74.0,False,5
2732,366.05,619.0,209.0,145.38999552,13740.18115553396,77.8499968,False,5
2733,366.096,608.8166185830761,223.3495640147359,147.0,13742.09611111111,79.0,False,5
2734,366.21,579.0,263.0,151.494621702392,13746.970739800072,85.94623354006036,False,5
2735,366.375,509.79697714377556,349.7224882844732,158.0,13754.341111111109,96.0,False,5
2736,366.47,474.0,394.0,162.41071725714286,13758.746310009828,97.35714377142857,False,5
2737,366.655,438.497393309085,437.7945970239975,171.0,13767.641111111108,100.0,False,5
2738,366.79,414.0,468.0,175.38750208,13774.366776582083,100.0,False,5
2739,367.055,329.371982321215,572.5988302328365,184.0,13788.085555555554,100.0,False,5
2740,367.07,325.0,578.0,184.5156272,13788.879259171921,100.0,False,5
2741,367.37,251.0,668.0,194.8281272,13805.141292586351,100.0,False,5
2742,367.375,249.4652230774111,669.8052876917639,195.0,13805.418888888886,100.0,False,5
2743,367.57,179.0,751.0,200.4843768,13816.412356949051,100.0,False,5
2744,367.695,131.15142088533975,803.8228242896693,204.0,13823.552222222217,100.0,False,5
2745,367.79,95.0,842.0,205.1875008,13828.996833899037,100.0,False,5
2746,367.935,39.87880507226184,896.4753188165512,207.0,13837.352222222216,100.0,False,5
2747,368.01,3.0,930.0,208.50000128,13841.704967017155,100.0,False,5
2748,368.135,-79.38351905019631,1000.9926485588634,211.0,13849.074444444439,100.0,False,5
2749,368.291,-181.0,1086.0,216.4463903698081,13858.645241130733,100.0,False,5
2750,368.536,-250.53769214562115,1142.3957842308444,225.0,13874.136944444439,100.0,False,5
2751,368.591,-268.0,1156.0,225.45833173333332,13877.602097809544,100.0,False,5
2752,368.776,-354.9221042639846,1223.3218445366247,227.0,13889.270277777774,100.0,False,5
2753,368.931,-437.0,1290.0,229.5833344,13899.18858460959,100.0,False,5
2754,368.991,-466.0,1315.0,230.58333013333333,13903.055734091999,100.0,False,5
2755,369.016,-477.7101863512935,1325.091107210926,231.0,13904.670277777775,100.0,False,5
2756,369.271,-595.0,1438.0,233.3906232,13921.234820480491,100.0,False,5
2757,369.336,-630.0903369266715,1483.102343321313,234.0,13925.470277777775,100.0,False,5
2758,369.531,-734.0,1636.0,234.6964288,13938.189808340154,100.0,False,5
2759,369.616,-763.6347159509911,1684.6827068578923,235.0,13943.748055555552,100.0,False,5
2760,369.816,-794.477085824408,1753.659898462132,236.0,13956.859166666662,100.0,False,5
2761,369.991,-825.0,1844.0,236.0,13968.318809043976,100.0,False,5
2762,370.096,-853.6682271451821,1926.7412473283896,236.0,13975.21472222222,100.0,False,5
2763,370.151,-869.0,1975.0,236.3437488,13978.83910324693,100.0,False,5
2764,370.411,-925.0,2203.0,237.9687504,13996.03982439041,100.0,False,5
2765,370.416,-925.6857127019628,2206.332612530329,238.0,13996.370277777773,100.0,False,5
2766,370.616,-939.4917970265512,2294.7143419612266,238.0,14009.592499999995,100.0,False,5
2767,370.771,-942.0,2408.0,239.9375008,14019.92525445238,100.0,False,5
2768,370.776,-942.0761646098154,2413.4962492161953,240.0,14020.259166666663,100.0,False,5
2769,370.931,-944.0,2610.0,240.55357165714287,14030.617712345935,100.0,False,5
2770,371.056,-943.9624421367723,2701.580267600678,241.0,14039.003611111104,100.0,False,5
2771,371.311,-940.0,2771.0,241.0,14056.113458278262,100.0,False,5
2772,371.336,-939.450156328181,2783.493865077934,241.0,14057.748055555552,100.0,True,5
2773,371.576,-933.358484784961,2945.402441790574,226.0,14072.814722222218,0.0,True,5
2774,371.591,-933.0,2955.0,224.57501824,14073.711083752914,0.0,True,5
2775,371.711,-930.0,3028.0,213.17501823999999,14080.678335674656,0.0,True,5
2776,371.776,-927.5628663852507,3072.151258295069,207.0,14084.314722222218,0.0,True,5
2777,372.016,-915.0467011805694,3253.665937488436,190.0,14096.981388888886,0.0,True,5
2778,372.071,-913.0,3286.0,186.33334613333332,14099.73743463743,0.0,True,5
2779,372.256,-909.728621245584,3358.0235433048,174.0,14108.581388888884,0.0,True,5
2780,372.49,-913.0,3427.0,155.47501013333334,14118.670061953897,0.0,True,5
2781,372.496,-913.1825896293661,3429.492282649595,155.0,14118.914722222216,0.0,True,5
2782,372.55,-915.0,3453.0,151.72143634285715,14121.087255424125,0.0,True,5
2783,372.776,-923.773865741868,3543.792104960706,138.0,14129.64805555555,0.0,True,5
2784,372.93,-932.0,3599.0,130.2724025387143,14135.065436362423,0.0,True,5
2785,373.055,-940.7561326419752,3641.104893718552,124.0,14139.25805555555,0.0,True,5
2786,373.11,-946.0,3661.0,122.035712,14141.053473881144,0.0,True,5
2787,373.33,-975.0,3748.0,114.17856914285714,14147.971134173087,0.0,True,5
2788,373.335,-975.6331842221839,3749.664829923916,114.0,14148.124722222215,0.0,True,5
2789,373.575,-1001.5721128984551,3805.255367249987,108.0,14155.324722222216,0.0,True,5
2790,373.69,-1016.0,3828.0,105.60416533333333,14158.654622177688,0.0,True,5
2791,373.815,-1035.5143299855906,3855.8914356237697,103.0,14162.191388888885,0.0,True,5
2792,373.93,-1056.0,3881.0,100.94642742857143,14165.374786165157,0.0,True,5
2793,374.03,-1075.0,3900.0,99.16071314285715,14168.085006392485,0.0,True,5
2794,374.095,-1087.7178228261523,3911.2293495151525,98.0,14169.813611111109,0.0,True,5
2795,374.31,-1134.0,3943.0,94.4166656,14175.348426384535,4.180556800000001,True,5
2796,374.455,-1172.7255015990352,3960.6915184374293,92.0,14179.013611111106,7.0,False,5
2797,374.59,-1209.0,3973.0,91.43749973333334,14182.426232617137,11.500002133333334,False,5
2798,374.695,-1233.8984558535717,3978.8394129855724,91.0,14185.080277777772,15.0,False,5
2799,374.936,-1286.4276794414375,3982.92762891619,91.0,14191.172222222216,15.0,False,5
2800,374.951,-1290.0,3983.0,91.07499904,14191.55169470907,17.17497216,False,5
2801,375.136,-1337.965523786797,3982.452445070749,92.0,14196.28333333333,44.0,False,5
2802,375.171,-1348.0,3982.0,92.7777792,14197.209307968973,45.7500032,False,5
2803,375.431,-1427.0,3976.0,98.55555128888889,14204.422185985575,58.7499904,False,5
2804,375.496,-1443.707587371797,3974.5703616119345,100.0,14206.28333333333,62.0,False,5
2805,375.776,-1505.4512441553245,3970.3103663158035,107.0,14214.605555555554,62.0,False,5
2806,375.831,-1521.0,3970.0,110.437488,14216.357737603634,68.1874784,False,5
2807,375.936,-1554.9453491857148,3969.9455798430645,117.0,14219.805555555555,80.0,False,5
2808,375.951,-1560.0,3970.0,117.468744,14220.305322108048,80.0,False,5
2809,376.096,-1609.464428053936,3971.3900449745083,122.0,14225.227777777778,80.0,False,5
2810,376.131,-1621.0,3972.0,122.7656264,14226.442073437927,77.9218712,False,5
2811,376.371,-1704.0,3986.0,128.0156264,14235.036416341136,63.6718712,False,5
2812,376.416,-1726.137101115129,3993.947340223975,129.0,14236.694444444445,61.0,False,5
2813,376.576,-1812.6758094978404,4031.1221413524636,135.0,14242.694444444445,60.0,False,5
2814,376.591,-1819.0,4034.0,135.22499712,14243.263239607706,60.14999808,False,5
2815,376.776,-1862.8750539520095,4056.065464046556,138.0,14250.361111111113,62.0,False,5
2816,376.951,-1896.0,4087.0,141.64582933333332,14257.2503503726,67.10416106666666,False,5
2817,377.016,-1917.9091826796794,4108.715891784687,143.0,14259.894444444446,69.0,False,5
2818,377.291,-2029.0,4223.0,151.1250018909091,14271.706551903728,77.12500189090909,False,5
2819,377.456,-2052.3465581775145,4252.046801363001,156.0,14278.961111111112,82.0,False,5
2820,377.551,-2065.0,4272.0,157.7812464,14283.121105709153,84.3749952,False,5
2821,377.616,-2078.1105098110124,4292.559042064153,159.0,14286.027777777777,86.0,False,5
2822,377.771,-2117.0,4356.0,165.3409117090909,14293.320326795973,90.22727447272727,False,5
2823,378.031,-2170.0,4466.0,175.97726487272726,14306.384503161109,97.31817658181818,False,5
2824,378.056,-2174.6262272993517,4477.441801381606,177.0,14307.661111111112,98.0,False,5
2825,378.251,-2208.0,4570.0,182.31818356363635,14317.721521627824,98.88636392727273,False,5
2826,378.411,-2231.0,4650.0,186.68181992727273,14326.165573897866,99.61363665454546,False,5
2827,378.496,-2245.8394082854647,4717.230234401866,189.0,14330.761111111111,100.0,False,5
2828,378.651,-2273.0,4855.0,197.52500352,14339.337382949088,100.0,False,5
2829,378.696,-2278.633770766645,4884.825507475832,200.0,14341.872222222224,100.0,False,5
2830,378.896,-2290.5604084677443,4956.807906898715,207.0,14353.372222222224,100.0,False,5
2831,379.056,-2294.4576524844306,4994.5892842136245,213.0,14362.838888888888,100.0,False,5
2832,379.15,-2300.0,5038.0,215.3499968,14368.521786716297,100.0,False,5
2833,379.25,-2308.0,5098.0,217.8499968,14374.65511068351,100.0,False,5
2834,379.336,-2314.0552674996684,5144.7808184122,220.0,14379.95,100.0,False,5
2835,379.536,-2328.5009054701304,5269.3519334937355,223.0,14392.338888888888,100.0,False,5
2836,379.55,-2330.0,5283.0,223.42210710072644,14393.21565708282,100.0,False,5
2837,379.73,-2352.0,5488.0,228.84924801535487,14404.671905238712,100.0,False,5
2838,379.735,-2352.4518931945413,5492.331325222936,229.0,14404.997499999998,100.0,False,5
2839,379.975,-2360.34148257742,5578.237511128941,241.0,14421.064166666663,100.0,False,5
2840,380.05,-2363.0,5607.0,242.8750016,14426.170773569822,100.0,False,5
2841,380.215,-2373.8803720916226,5717.151512745949,247.0,14437.530833333327,100.0,False,5
2842,380.23,-2375.0,5729.0,247.3750016,14438.575621087908,100.0,False,5
2843,380.575,-2400.144793793647,6027.000736164387,256.0,14463.130833333329,100.0,False,5
2844,380.59,-2401.0,6038.0,256.33750144,14464.217098856989,100.0,False,5
2845,380.975,-2416.3644591690054,6259.251370680901,265.0,14492.575277777774,100.0,False,5
2846,380.99,-2417.0,6269.0,265.2806663661373,14493.698457063823,100.0,False,5
2847,381.25,-2429.0,6462.0,270.1455292891026,14513.381735368042,100.0,False,5
2848,381.33,-2432.0,6522.0,271.6424101884766,14519.503314132206,100.0,False,5
2849,381.456,-2436.3659821621445,6628.272672553108,274.0,14529.184722222217,100.0,False,5
2850,381.976,-2448.727856216575,7115.920454575792,280.0,14569.629166666658,100.0,False,5
2851,382.011,-2449.0,7137.0,280.52500096,14572.37530746024,100.0,False,5
2852,382.176,-2449.2187729784905,7209.832657339543,283.0,14585.351388888881,100.0,False,5
2853,382.311,-2448.0,7278.0,283.5624992,14595.986666408826,100.0,False,5
2854,382.416,-2446.134788883571,7357.927435732741,284.0,14604.284722222215,100.0,False,5
2855,382.511,-2444.0,7436.0,284.79166506666667,14611.822074920809,100.0,False,5
2856,382.656,-2440.2582778990354,7542.52843848768,286.0,14623.351388888881,100.0,False,5
2857,382.751,-2436.0,7626.0,286.0,14630.894955095268,100.0,False,5
2858,383.011,-2416.0,7928.0,286.0,14651.552588042432,100.0,False,5
2859,383.016,-2415.646232984232,7932.777664681996,286.0,14651.951388888883,100.0,False,5
2860,383.216,-2404.4500780105423,8064.321101627952,288.0,14667.951388888883,100.0,False,5
2861,383.431,-2393.0,8167.0,288.8958325333333,14685.20875690447,100.0,False,5
2862,383.456,-2391.3062182231824,8182.583649198002,289.0,14687.21805555555,100.0,False,5
2863,383.691,-2369.0,8375.0,289.58750016,14706.129066831229,100.0,False,5
2864,383.856,-2342.2601521567335,8566.444262998008,290.0,14719.440277777769,100.0,False,5
2865,383.871,-2340.0,8582.0,290.0624992,14720.651973596,100.0,False,5
2866,384.096,-2315.1758369285412,8742.13152545287,291.0,14738.84027777777,100.0,False,5
2867,384.291,-2295.0,8853.0,291.0,14754.59987886346,100.0,False,5
2868,384.296,-2294.365168543928,8856.396951238668,291.0,14755.006944444434,100.0,False,5
2869,384.491,-2262.0,9021.0,290.5568180363636,14771.049073987877,55.68180363636364,False,5
2870,384.711,-2201.0,9297.0,290.0568186181818,14788.58432857152,5.681861818181823,False,5
2871,384.736,-2195.7240659765503,9320.321214569325,290.0,14790.45138888888,0.0,True,5
2872,385.056,-2166.2178235455935,9442.132678166792,246.0,14812.318055555545,0.0,True,5
2873,385.151,-2151.0,9504.0,237.9843912,14818.318522824684,0.0,True,5
2874,385.351,-2104.0,9699.0,221.1093912,14830.339355453725,0.0,True,5
2875,385.376,-2100.020604838776,9715.78514940157,219.0,14831.784722222212,0.0,True,5
2876,385.631,-2084.0,9788.0,198.9643008,14845.803373048439,0.0,True,5
2877,385.656,-2081.963377448691,9797.178374796627,197.0,14847.106944444437,0.0,True,5
2878,385.93,-2049.0,9943.0,179.875008,14860.649025600775,0.0,True,5
2879,385.976,-2043.854221888197,9965.931014294809,177.0,14862.84027777777,0.0,True,5
2880,386.09,-2032.0,10019.0,171.77500586666667,14868.202823887357,0.0,True,5
2881,386.216,-2018.9584406036606,10077.19105408601,166.0,14873.906944444436,0.0,True,5
2882,386.37,-2003.0,10144.0,155.04602540935932,14880.393501119841,0.0,True,5
2883,386.455,-1994.1978516109696,10176.499582538829,149.0,14883.79888888888,0.0,True,5
2884,386.53,-1985.0,10208.0,145.9531224,14886.721484411191,0.0,True,5
2885,386.77,-1946.0,10333.0,136.2031224,14895.702516957655,0.0,True,5
2886,386.775,-1945.3929401371258,10334.841954644471,136.0,14895.887777777767,0.0,True,5
2887,386.935,-1933.1100796420862,10368.277743000677,132.0,14901.754444444436,0.0,True,5
2888,387.03,-1925.0,10384.0,128.94642651428572,14905.08600423549,0.0,True,5
2889,387.215,-1896.9365039293814,10433.306900503932,123.0,14911.321111111101,0.0,True,5
2890,387.37,-1868.0,10476.0,119.89999872,14916.47246968298,0.0,True,5
2891,387.415,-1859.7059001139746,10486.050422760436,119.0,14917.932222222214,0.0,True,5
2892,387.57,-1824.0,10516.0,115.51249856,14922.791722781029,0.0,True,5
2893,387.81,-1718.0,10563.0,110.11249856,14930.004500514726,0.0,True,5
2894,387.815,-1715.9014686421767,10563.731993250376,110.0,14930.154444444437,0.0,False,5
2895,388.096,-1625.8697595700876,10584.827523348937,108.0,14938.584444444437,43.0,False,5
2896,388.151,-1614.0,10587.0,108.45833173333334,14940.239842318693,46.81943111111111,False,5
2897,388.456,-1564.6512596867499,10601.477304879667,111.0,14949.68444444444,68.0,False,5
2898,388.471,-1561.0,10603.0,111.5624928,14950.178397266383,67.51250624,False,5
2899,388.851,-1429.0,10666.0,125.8125024,14963.505722378515,55.16249792,False,5
2900,388.856,-1427.5217438403035,10666.827582659993,126.0,14963.68444444444,55.0,False,5
2901,389.056,-1380.3799922735807,10697.399507201611,129.0,14970.851111111107,54.0,False,5
2902,389.151,-1359.0,10714.0,129.94999808,14974.291582736252,54.47499904,False,5
2903,389.256,-1332.7621935565337,10735.690789103663,131.0,14978.128888888885,55.0,False,5
2904,389.431,-1286.0,10778.0,133.62499712,14984.626431413002,61.12499328,False,5
2905,389.456,-1279.449894922844,10784.435952368722,134.0,14985.57333333333,62.0,False,5
2906,389.591,-1245.0,10821.0,136.9531208,14990.784229863177,65.3749952,False,5
2907,389.776,-1201.418026740171,10877.135717954874,141.0,14998.106666666663,70.0,False,5
2908,389.791,-1198.0,10882.0,141.3749952,14998.704011710783,70.5624928,False,5
2909,389.936,-1165.6081550643742,10931.421843079219,145.0,15004.551111111105,76.0,False,5
2910,390.051,-1142.0,10972.0,150.17500288,15009.412261824702,76.0,False,5
2911,390.136,-1126.3195286323858,11001.973330681376,154.0,15013.106666666663,76.0,False,5
2912,390.231,-1108.0,11041.0,157.16666026666667,15017.306705586721,83.1249856,False,5
2913,390.376,-1072.8505363916156,11123.831194831788,162.0,15023.906666666662,94.0,False,5
2914,390.471,-1050.0,11183.0,166.07142034285715,15028.395180745858,96.03571017142858,False,5
2915,390.656,-1014.0060081182983,11292.21944202919,174.0,15037.439999999999,100.0,False,5
2916,390.856,-986.715267163711,11391.941848033475,182.0,15047.551111111108,100.0,False,5
2917,390.911,-981.0,11413.0,184.16070674285714,15050.437955943744,100.0,False,5
2918,391.136,-964.6925690093112,11473.682203810178,193.0,15062.56222222222,100.0,False,5
2919,391.251,-954.0,11516.0,193.0,15068.70234017949,100.0,False,5
2920,391.296,-948.5643414943894,11537.924383020732,193.0,15071.139999999996,100.0,False,5
2921,391.456,-924.6696296374073,11635.48007647348,201.0,15080.07333333333,100.0,False,5
2922,391.531,-914.0,11679.0,203.62500224,15084.35258638586,100.0,False,5
2923,391.656,-898.5810232760083,11741.525661687576,208.0,15091.628888888885,100.0,False,5
2924,391.851,-872.0,11851.0,216.93750293333332,15103.443468885751,100.0,False,5
2925,391.896,-863.4248761761453,11887.10501261325,219.0,15106.228888888887,100.0,False,5
2926,392.056,-828.1222270828233,12037.383904879958,226.0,15116.27333333333,100.0,False,5
2927,392.111,-818.0,12081.0,227.17856731428571,15119.771601455952,100.0,False,5
2928,392.336,-794.0970660362201,12187.74604158254,232.0,15134.317777777778,100.0,False,5
2929,392.496,-781.3237870264004,12254.828160390982,238.0,15144.895555555555,100.0,False,5
2930,392.57,-771.0,12310.0,239.8499968,15149.857900348648,100.0,False,5
2931,392.736,-741.0814624178656,12471.533089246626,244.0,15161.162222222221,100.0,False,5
2932,392.75,-739.0,12483.0,244.3499968,15162.12738219487,100.0,False,5
2933,393.03,-716.0,12620.0,251.3499968,15181.77667565765,100.0,False,5
2934,393.096,-709.8884431433818,12657.337424393618,253.0,15186.46222222222,100.0,False,5
2935,393.255,-691.1005408030817,12770.90361046962,257.0,15197.813055555554,100.0,False,5
2936,393.39,-675.0,12872.0,259.25000106666664,15207.57210268109,100.0,False,5
2937,393.495,-663.5519409380652,12947.587179673574,261.0,15215.213055555556,100.0,False,5
2938,393.51,-662.0,12958.0,261.1875008,15216.306329153354,100.0,False,5
2939,393.655,-648.0663492411381,13053.05724168859,263.0,15226.901944444442,100.0,False,5
2940,393.77,-635.0,13146.0,264.23214354285716,15235.356056283457,100.0,False,5
2941,393.935,-610.8960452680321,13323.524008711154,266.0,15247.590833333332,100.0,False,5
2942,393.95,-609.0,13338.0,266.30000128,15248.71092963433,100.0,False,5
2943,394.135,-593.4157522466252,13467.557049304036,270.0,15262.590833333332,100.0,False,5
2944,394.295,-586.8521117927515,13543.94584229401,270.0,15274.590833333335,100.0,False,5
2945,394.37,-583.0,13592.0,271.6355144360786,15280.292372065589,100.0,False,5
2946,394.49,-576.0,13683.0,274.2523353007839,15289.537395282627,100.0,False,5
2947,394.616,-569.4017744258837,13779.060333173737,277.0,15299.29,100.0,False,5
2948,394.671,-567.0,13821.0,277.3437488,15303.548356453299,100.0,False,5
2949,394.936,-559.36247105159,14026.368190457652,279.0,15324.09,100.0,False,5
2950,394.951,-559.0,14038.0,279.0535707428571,15325.255086372184,100.0,False,5
2951,395.191,-554.0,14224.0,279.9107136,15343.923543855431,100.0,False,5
2952,395.216,-553.7278220939537,14243.578260330598,280.0,15345.867777777781,100.0,False,5
2953,395.391,-553.0,14380.0,280.0,15359.467427538442,100.0,False,5
2954,395.536,-552.5554519936431,14486.090364245383,280.0,15370.756666666668,100.0,False,5
2955,395.651,-553.0,14571.0,280.8214290285714,15379.74236032999,100.0,False,5
2956,395.816,-555.9763876246504,14700.439181808457,282.0,15392.689999999999,100.0,False,5
2957,395.851,-557.0,14728.0,282.2916672,15395.445909429436,100.0,False,5
2958,396.051,-566.0,14884.0,283.9583338666667,15411.229179611928,100.0,False,5
2959,396.056,-566.3154096382124,14887.941975478107,284.0,15411.623333333333,100.0,False,5
2960,396.216,-578.8967199943598,15015.275641231092,284.0,15424.245555555557,100.0,False,5
2961,396.291,-586.0,15072.0,284.5357147428571,15430.216869080512,100.0,False,5
2962,396.491,-612.0,15228.0,285.96428617142857,15446.101657706426,100.0,False,5
2963,396.496,-613.0269531508,15233.235923742739,286.0,15446.489999999998,100.0,False,5
2964,396.651,-651.0,15416.0,278.2499968,15458.281027373152,61.249984000000005,False,5
2965,396.896,-683.7632687406989,15557.116339932805,266.0,15476.045555555556,0.0,True,5
2966,396.971,-692.0,15591.0,259.7499946666667,15481.30594318029,0.0,True,5
2967,397.136,-713.2316816564877,15681.863453447679,246.0,15492.445555555558,0.0,True,5
2968,397.311,-744.0,15815.0,227.8750198857143,15503.261050507972,0.0,True,5
2969,397.416,-768.0185978704774,15917.836645253723,217.0,15509.323333333334,0.0,True,5
2970,397.471,-779.0,15965.0,211.89287497142857,15512.38693634946,0.0,True,5
2971,397.696,-799.2846365775197,16055.215517164654,191.0,15524.178888888891,0.0,True,5
2972,397.811,-807.0,16091.0,181.41666133333334,15529.816902839379,0.0,True,5
2973,397.936,-819.4643566121225,16147.927388007927,171.0,15535.57888888889,0.0,True,5
2974,397.991,-825.0,16174.0,165.72918506666667,15537.965999956927,0.0,True,5
2975,398.176,-840.8046254620566,16253.857998467152,148.0,15545.445555555558,0.0,True,5
2976,398.191,-842.0,16260.0,147.2500096,15546.028282169362,0.0,True,5
2977,398.491,-864.0,16375.0,132.2499968,15556.95623891705,0.0,True,5
2978,398.536,-866.7007462870614,16390.84424527179,130.0,15558.445555555558,0.0,True,5
2979,398.711,-875.0,16449.0,119.50001152,15563.829135207292,0.0,True,5
2980,398.891,-879.0,16503.0,108.69999616,15568.945306980298,0.0,True,5
2981,398.936,-879.7099727692289,16515.13597916856,106.0,15570.223333333335,0.0,True,5
2982,399.13,-879.0,16568.0,100.18000384,15575.62317993808,0.0,True,5
2983,399.136,-878.7393063612093,16569.99061216986,100.0,15575.778888888894,0.0,True,5
2984,399.37,-861.0,16652.0,85.79286491428572,15581.23100392201,0.0,True,5
2985,399.416,-858.371179095069,16661.112998041306,83.0,15582.23444444445,0.0,True,5
2986,399.616,-849.7178223255794,16674.8725806422,76.0,15586.456666666672,0.0,True,5
2987,399.65,-847.0,16678.0,75.14787247215918,15587.135511006552,0.0,True,5
2988,399.89,-816.0,16713.0,69.13283198371865,15591.580198580901,0.0,True,5
2989,400.015,-797.5285049224238,16726.867505476403,66.0,15593.771666666671,0.0,False,5
2990,400.07,-789.0,16732.0,65.140624,15594.722333299345,0.0,False,5
2991,400.335,-743.8891790669957,16751.969698894693,61.0,15599.193888888894,0.0,False,5
2992,400.45,-725.0,16757.0,60.04166613333334,15601.085688123469,5.270836266666667,False,5
2993,400.575,-706.1203116374194,16759.465542333368,59.0,15603.127222222229,11.0,False,5
2994,400.73,-683.0,16759.0,59.0,15605.667172710244,11.0,False,5
2995,400.735,-682.2133358074761,16758.938104311448,59.0,15605.749444444453,11.0,False,5
2996,400.99,-641.0,16752.0,59.0,15609.939425695018,0.982140342857143,False,5
2997,401.015,-637.3580001506011,16750.937675418343,59.0,15610.33833333334,0.0,False,5
2998,401.211,-609.0,16737.0,56.560164732150916,15613.381855891414,0.0,False,5
2999,401.256,-600.7403744733723,16730.750271153862,56.0,15614.087222222228,0.0,False,5
3000,401.411,-571.0,16705.0,57.66071497142857,15616.57913944202,0.0,False,5
3001,401.536,-556.449868101751,16691.77295863576,59.0,15618.676111111115,0.0,False,5
3002,401.736,-547.2948177344684,16679.969397193596,63.0,15622.176111111115,37.0,False,5
3003,401.851,-537.0,16662.0,63.31944462222222,15624.160370857076,38.59722311111111,False,5
3004,402.071,-507.0,16607.0,63.93055502222222,15628.083812183744,41.65277511111111,False,5
3005,402.096,-504.4061129057634,16601.84651341478,64.0,15628.576111111117,42.0,False,5
3006,402.231,-494.0,16579.0,71.8749888,15631.414049103205,50.9999872,False,5
3007,402.336,-486.64607720486003,16560.966193264892,78.0,15633.776111111118,58.0,False,5
3008,402.431,-479.0,16540.0,80.90277191111112,15635.996271360931,59.055553422222225,False,5
3009,402.696,-451.2617907741811,16453.26838212791,89.0,15642.67611111112,62.0,False,5
3010,402.711,-450.0,16449.0,89.64771898181819,15643.080723471267,62.68180945454545,False,5
3011,403.136,-431.71073886337354,16364.237287162403,108.0,15655.87611111112,82.0,False,5
3012,403.151,-431.0,16360.0,108.9843624,15656.382548014975,82.5156184,False,5
3013,403.191,-429.0,16348.0,111.6093624,15657.752483944965,83.8906184,False,5
3014,403.456,-416.66231404583107,16261.606530368592,129.0,15667.342777777787,93.0,False,5
3015,403.471,-416.0,16256.0,129.468744,15667.89489285776,93.2812464,False,5
3016,403.616,-409.7373771957256,16196.755973029469,134.0,15673.29833333334,96.0,False,5
3017,403.771,-404.0,16133.0,140.02778026666667,15679.397698566954,97.72222293333333,False,5
3018,403.976,-398.65274928287465,16061.717213594295,148.0,15688.098333333339,100.0,False,5
3019,404.031,-397.0,16041.0,151.29998848,15690.573337743863,100.0,False,5
3020,404.371,-382.0,15888.0,171.70000384,15706.960309028203,100.0,False,5
3021,404.376,-381.73303255158805,15885.759554436147,172.0,15707.209444444448,100.0,False,5
3022,404.531,-371.0,15811.0,177.8125024,15715.022140789632,100.0,False,5
3023,404.696,-346.0774384376488,15687.421415988303,184.0,15723.565000000006,100.0,False,5
3024,404.751,-338.0,15651.0,186.47499136,15726.473135387278,100.0,False,5
3025,404.896,-322.14391036669144,15588.027718017196,193.0,15734.287222222229,100.0,False,5
3026,405.091,-301.0,15527.0,199.50000213333334,15745.13503545686,100.0,False,5
3027,405.136,-293.62764802111866,15506.089651184444,201.0,15747.68722222223,100.0,False,5
3028,405.291,-263.0,15421.0,205.98214491428573,15756.609664666961,100.0,False,5
3029,405.416,-236.8398376812746,15352.96074684752,210.0,15764.020555555562,100.0,False,5
3030,405.471,-225.0,15323.0,212.1249925818182,15767.358038479284,100.0,False,5
3031,405.85,-137.0,15109.0,226.76817687272728,15791.37724609425,100.0,False,5
3032,405.856,-135.50519205874457,15105.49478884811,227.0,15791.765000000007,100.0,False,5
3033,406.01,-97.0,15016.0,230.8499968,15801.771617742052,100.0,False,5
3034,406.176,-56.41861583787474,14920.466656752995,235.0,15812.653888888894,100.0,False,5
3035,406.19,-52.0,14910.0,235.2624976,15813.575113738189,100.0,False,5
3036,406.336,7.408668312772308,14768.958810723138,238.0,15823.231666666674,100.0,False,5
3037,406.45,52.0,14663.0,240.4428544,15830.883695252498,100.0,False,5
3038,406.616,90.09882861234718,14572.539279556973,244.0,15842.209444444448,100.0,False,5
3039,406.855,124.58959199148315,14492.772207465612,250.0,15858.806666666675,100.0,False,5
3040,406.87,128.0,14485.0,250.0,15859.847981297477,100.0,False,5
3041,407.05,178.0,14371.0,250.0,15872.328093854205,100.0,False,5
3042,407.095,190.66560438558028,14341.623831902774,250.0,15875.473333333342,100.0,False,5
3043,407.15,206.0,14306.0,252.0625024,15879.338965864696,100.0,False,5
3044,407.255,235.67612083001035,14238.051740404959,256.0,15886.851111111118,100.0,False,5
3045,407.35,263.0,14176.0,263.7187552,15893.911216380297,100.0,False,5
3046,407.415,281.96221482302246,14132.91035113759,269.0,15898.806666666675,100.0,False,5
3047,407.65,352.0,13973.0,272.3571437714286,15916.58143328044,100.0,False,5
3048,407.695,365.5715462372271,13941.695601054627,273.0,15920.040000000005,100.0,False,5
3049,407.831,407.0,13846.0,278.07883412806575,15930.640700059408,100.0,False,5
3050,407.936,439.66802630369375,13771.426011236941,282.0,15938.918333333335,100.0,False,5
3051,408.091,488.0,13660.0,284.2142866285714,15951.209835688616,100.0,False,5
3052,408.216,525.9906084042105,13568.616665429252,286.0,15961.162777777783,100.0,False,5
3053,408.271,543.0,13528.0,286.6874976,15965.54827207564,100.0,False,5
3054,408.376,576.2927572002202,13450.159863662751,288.0,15973.962777777779,100.0,False,5
3055,408.411,587.0,13425.0,289.05000192,15976.79386118427,100.0,False,5
3056,408.576,634.7710803205521,13309.6233683242,294.0,15990.296111111114,100.0,False,5
3057,408.631,655.0,13260.0,294.98213942857143,15994.834311488648,100.0,False,5
3058,408.856,761.2825595158199,12998.152354720272,299.0,16013.551666666666,100.0,False,5
3059,408.871,767.0,12984.0,299.22499712,16014.805844194172,100.0,False,5
3060,409.056,810.1690651383472,12876.063879368603,302.0,16030.329444444444,100.0,False,5
3061,409.231,840.0,12798.0,303.74999808,16045.097812497734,100.0,False,5
3062,409.256,846.0653735627626,12782.026291638975,304.0,16047.21833333333,100.0,False,5
3063,409.491,917.0,12592.0,306.9375008,16067.296452399794,100.0,False,5
3064,409.576,941.3174280206929,12523.190943378591,308.0,16074.596111111114,100.0,False,5
3065,409.651,962.0,12463.0,308.9375008,16081.046245386704,100.0,False,5
3066,409.736,985.2315606390968,12393.937422616858,310.0,16088.373888888887,100.0,False,5
3067,409.911,1032.0,12250.0,311.6406232,16103.54508245518,100.0,False,5
3068,410.056,1069.1934356400486,12130.463573380437,313.0,16116.196111111109,100.0,False,5
3069,410.071,1073.0,12118.0,313.22499712,16117.508722579732,100.0,False,5
3070,410.256,1119.3462590436422,11962.629538504178,316.0,16133.751666666663,100.0,False,5
3071,410.271,1123.0,11950.0,316.0937488,16135.071995639631,100.0,False,5
3072,410.431,1161.0,11815.0,317.0937488,16149.183530361082,100.0,False,5
3073,410.576,1195.039244681088,11690.156900752305,318.0,16162.018333333333,100.0,False,5
3074,410.831,1252.0,11473.0,319.73863505454545,16184.700542359595,100.0,False,5
3075,411.016,1291.0996935853113,11315.946520924263,321.0,16201.251666666667,100.0,False,5
3076,411.031,1295.0,11300.0,321.1249984,16202.597346831371,100.0,False,5
3077,411.211,1350.0,11073.0,322.6250005333333,16218.78886142166,100.0,False,5
3078,411.376,1394.0526677306725,10887.832072595971,324.0,16233.651666666665,100.0,False,5
3079,411.576,1435.444165618569,10710.755950764884,324.0,16251.651666666668,100.0,False,5
3080,411.631,1445.0,10670.0,324.11458293333334,16256.606140567626,100.0,False,5
3081,412.031,1503.0,10424.0,324.94791626666665,16292.72307175026,100.0,False,5
3082,412.056,1507.6643181910954,10404.08740519032,325.0,16294.984999999997,100.0,False,5
3083,412.19,1536.0,10283.0,325.66999936,16307.117458648587,100.0,False,5
3084,412.256,1551.7381709353247,10215.973301403741,326.0,16313.096111111106,100.0,False,5
3085,412.416,1591.0251259274007,10048.8511744466,326.0,16327.585,100.0,False,5
3086,412.45,1598.0,10019.0,325.7875008,16330.657552655295,100.0,False,5
3087,412.576,1618.61046104758,9929.960619413287,325.0,16342.029444444444,100.0,False,5
3088,412.81,1663.0,9738.0,325.0,16363.160804349667,100.0,False,5
3089,412.856,1679.0150559429542,9669.689544885194,325.0,16367.307222222218,100.0,False,5
3090,412.99,1729.0,9457.0,324.33000064,16379.364240254588,100.0,False,5
3091,413.056,1744.5961146542697,9390.495189294528,324.0,16385.307222222218,100.0,False,5
3092,413.296,1765.2980625624507,9301.171043356684,325.0,16406.973888888886,100.0,False,5
3093,413.33,1770.0,9281.0,324.91478724721594,16410.040133850787,100.0,False,5
3094,413.55,1815.0,9088.0,324.36340853577553,16429.841151971395,100.0,False,5
3095,413.695,1839.7864366315612,8979.153881702077,324.0,16442.883888888886,100.0,False,5
3096,413.85,1875.0,8825.0,324.0,16456.833477565993,100.0,False,5
3097,413.935,1906.0039182786027,8691.231746864223,324.0,16464.483888888888,100.0,False,5
3098,414.01,1932.0,8579.0,324.0,16471.233643062485,100.0,False,5
3099,414.135,1957.1890336932872,8468.594590980687,324.0,16482.483888888888,100.0,False,5
3100,414.371,1979.0,8369.0,324.0,16503.72451211126,100.0,False,5
3101,414.376,1979.849477283208,8365.254767860524,324.0,16504.173888888887,100.0,False,5
3102,414.571,2023.0,8177.0,323.3035712,16521.67308475464,100.0,False,5
3103,414.656,2041.2413170780999,8097.564070426159,323.0,16529.29611111111,100.0,False,5
3104,414.851,2082.0,7921.0,323.0,16546.791709352958,100.0,False,5
3105,414.856,2083.157252905081,7916.031868429655,323.0,16547.240555555552,100.0,False,5
3106,415.131,2150.0,7631.0,323.0,16571.915705839267,100.0,False,5
3107,415.136,2151.024621578055,7626.618945517567,323.0,16572.362777777777,100.0,False,5
3108,415.391,2195.0,7439.0,321.72500096,16595.069871674626,100.0,False,5
3109,415.536,2225.0921738621496,7314.993991544506,321.0,16608.02944444444,100.0,False,5
3110,415.591,2237.0,7266.0,321.0,16612.971328373063,99.17500288,False,5
3111,415.736,2268.040627928651,7137.411704820595,321.0,16625.862777777773,97.0,False,5
3112,415.831,2287.0,7058.0,311.5000192,16633.920179891345,50.92509312,False,5
3113,415.936,2305.943874339577,6977.639562401519,301.0,16642.584999999995,0.0,True,5
3114,416.091,2337.0,6846.0,291.312496,16655.126249980825,0.0,True,5
3115,416.096,2338.2459300564856,6840.779254419439,291.0,16655.51833333333,0.0,True,5
3116,416.256,2384.2597370219723,6649.298312721757,273.0,16667.65166666666,0.0,True,5
3117,416.311,2398.0,6592.0,269.9062608,16671.74741202098,0.0,True,5
3118,416.416,2417.388798941692,6510.404724378507,264.0,16679.384999999995,0.0,True,5
3119,416.696,2441.3870020078207,6405.538601552721,235.0,16697.662777777776,0.0,True,5
3120,416.731,2445.0,6390.0,232.6666624,16699.849835113037,0.0,True,5
3121,416.936,2472.7488565805415,6272.344610002596,219.0,16712.262777777774,0.0,True,5
3122,416.971,2479.0,6246.0,216.083328,16714.262094257978,0.0,True,5
3123,417.191,2523.0,6061.0,197.750016,16725.970842544186,0.0,True,5
3124,417.296,2535.141636260379,6010.060306358627,189.0,16731.162777777776,0.0,True,5
3125,417.531,2548.0,5954.0,172.54999552,16742.000679594978,0.0,True,5
3126,417.696,2563.878353390404,5880.732538739949,161.0,16749.051666666666,0.0,True,5
3127,417.791,2573.0,5837.0,154.89286948571427,16752.92717913917,0.0,True,5
3128,417.851,2578.0,5812.0,151.03571017142858,16755.30653904694,0.0,True,5
3129,417.976,2587.254105381311,5762.157377803141,143.0,16760.173888888887,0.0,True,5
3130,418.136,2596.617691107351,5701.406411809448,137.0,16766.262777777778,0.0,True,5
3131,418.191,2599.0,5681.0,135.6250048,16768.31792178754,0.0,True,5
3132,418.296,2602.3349811455128,5642.679014555725,133.0,16772.173888888887,0.0,True,5
3133,418.431,2605.0,5597.0,129.6250048,16776.96173882582,0.0,True,5
3134,418.616,2605.1828824233903,5539.673076328637,125.0,16783.284999999996,0.0,True,5
3135,418.651,2603.0,5524.0,124.1249984,16784.462876523165,0.0,True,5
3136,418.79,2587.0,5447.0,120.6500032,16789.091293689646,0.0,True,5
3137,418.816,2583.9384184090695,5434.635224156972,120.0,16789.951666666664,0.0,True,5
3138,419.016,2564.2978412422267,5378.515203431082,118.0,16796.507222222222,0.0,True,5
3139,419.25,2542.0,5348.0,114.65714468571429,16803.934728061722,13.371421257142858,True,5
3140,419.296,2536.758315775225,5340.341576009106,114.0,16805.373888888887,16.0,False,5
3141,419.616,2489.357657867962,5263.228481805294,113.0,16815.41833333333,35.0,False,5
3142,419.67,2478.0,5242.0,114.79999573333333,16817.194549904212,40.624986666666665,False,5
3143,419.856,2434.589419689579,5155.542332643892,121.0,16823.484999999997,60.0,False,5
3144,419.87,2432.0,5150.0,121.13999872,16823.96164209091,59.16000768,False,5
3145,420.056,2412.58661663258,5100.567394663947,123.0,16830.31833333333,48.0,False,5
3146,420.215,2409.1001091575527,5073.61721662861,124.0,16835.794999999995,46.0,False,5
3147,420.29,2406.0,5053.0,124.37500032,16838.385714467557,46.37500032,False,5
3148,420.33,2404.0,5040.0,124.57500032,16839.769552679314,46.57500032,False,5
3149,420.415,2400.499241594605,5011.007551749526,125.0,16842.73944444444,47.0,False,5
3150,420.55,2397.0,4963.0,127.25000106666667,16847.547930380228,61.062506666666664,False,5
3151,420.655,2395.490116614045,4925.174793724818,129.0,16851.33944444444,72.0,False,5
3152,420.815,2395.5168662636256,4866.261178026093,132.0,16857.206111111107,78.0,False,5
3153,420.85,2396.0,4853.0,133.52174009829753,16858.529874997846,78.86956577045572,False,5
3154,420.976,2399.18967923238,4804.096572290687,139.0,16863.422499999997,82.0,False,5
3155,421.131,2405.0,4744.0,143.42857325714286,16869.640247742853,85.32142994285714,False,5
3156,421.256,2410.5029521706774,4695.645720384473,147.0,16874.855833333328,88.0,False,5
3157,421.291,2413.0,4678.0,148.7500032,16876.354649606405,89.1666688,False,5
3158,421.496,2437.0518037241964,4534.676026242833,159.0,16885.45583333333,96.0,False,5
3159,421.531,2441.0,4513.0,160.7500032,16887.05971705912,96.70000128,False,5
3160,421.696,2455.365038071504,4441.521805053672,169.0,16894.84472222222,100.0,False,5
3161,421.931,2469.0,4391.0,180.7500032,16906.656459863985,100.0,False,5
3162,421.936,2469.2904645692965,4389.979568011391,181.0,16906.911388888886,100.0,False,5
3163,422.031,2476.0,4366.0,183.3749952,16911.765470247054,100.0,False,5
3164,422.096,2484.8084747432135,4332.42364084108,185.0,16915.13361111111,100.0,False,5
3165,422.256,2517.0740590694936,4207.965137291673,192.0,16923.66694444444,100.0,False,5
3166,422.271,2520.0,4197.0,192.52499328,16924.4814186882,100.0,False,5
3167,422.456,2552.4293108160773,4081.419170793712,199.0,16934.7225,100.0,False,5
3168,422.656,2580.7254191201337,3988.8299437729124,207.0,16946.2225,100.0,False,5
3169,422.731,2590.0,3958.0,209.18750186666668,16950.620153453576,100.0,False,5
3170,422.896,2608.1345028261503,3896.2989834846385,214.0,16960.489166666666,100.0,False,5
3171,422.991,2620.0,3855.0,218.35415786666667,16966.339619431703,100.0,False,5
3172,423.136,2642.858242151711,3774.569999869357,225.0,16975.489166666666,100.0,False,5
3173,423.291,2670.0,3677.0,229.3593768,16985.52183300739,100.0,False,5
3174,423.456,2697.5672326710755,3574.1021994376706,234.0,16996.289166666666,100.0,False,5
3175,423.571,2716.0,3504.0,234.0,17003.73424820106,100.0,False,5
3176,423.616,2723.0433134560576,3477.100747879648,234.0,17006.689166666663,100.0,False,5
3177,423.751,2746.0,3389.0,240.1874912,17015.79763115465,100.0,False,5
3178,423.856,2770.258526699592,3295.509994905373,245.0,17023.0225,100.0,False,5
3179,423.971,2797.0,3192.0,247.1562512,17030.984797299367,100.0,False,5
3180,424.176,2826.2203629683327,3076.940559230785,251.0,17045.33361111111,100.0,False,5
3181,424.351,2848.0,2990.0,254.7499958857143,17057.78013472014,100.0,False,5
3182,424.456,2865.6452134076794,2920.080356801916,257.0,17065.322500000002,100.0,False,5
3183,424.551,2883.0,2852.0,258.3194417777778,17072.18852103977,100.0,False,5
3184,424.811,2930.0,2670.0,261.93055644444445,17091.155900574522,100.0,False,5
3185,424.816,2930.8826000684103,2666.486196903915,262.0,17091.5225,100.0,False,5
3186,424.891,2944.0,2614.0,263.4062512,17097.029357095103,100.0,False,5
3187,424.976,2958.5997433635303,2557.3352148162303,265.0,17103.30027777778,100.0,False,5
3188,425.151,2993.0,2428.0,267.4305528888889,17116.356474768927,100.0,False,5
3189,425.336,3046.0697570524862,2225.3957578809627,270.0,17130.30027777778,100.0,False,5
3190,425.41,3065.0,2153.0,270.79285577142855,17135.89678383284,100.0,False,5
3191,425.616,3098.055769234551,2027.1292359462032,273.0,17151.53361111111,100.0,False,5
3192,425.83,3123.0,1932.0,274.5285705142857,17167.86726573557,100.0,False,5
3193,425.896,3133.286511012625,1892.435358688058,275.0,17172.9225,100.0,False,5
3194,426.03,3161.0,1785.0,275.8374992,17183.211317216144,100.0,False,5
3195,426.216,3223.5275802680408,1539.8559126945713,277.0,17197.54472222222,100.0,False,5
3196,426.31,3251.0,1431.0,277.5222215111111,17204.809095280052,100.0,False,5
3197,426.576,3281.3799543812656,1302.8563853735363,279.0,17225.444722222222,100.0,False,5
3198,426.73,3297.0,1224.0,279.9655170199977,17237.449876611852,100.0,False,5
3199,426.75,3300.0,1209.0,280.0909089449985,17239.012019367612,100.0,False,5
3200,426.895,3320.244668138578,1106.463989673662,281.0,17250.344444444443,100.0,False,5
3201,427.15,3351.0,933.0,281.63750016,17270.303453277447,100.0,False,5
3202,427.21,3358.0,887.0,281.78750016,17275.007371928135,100.0,False,6
3203,427.295,3367.0476501056296,821.346584469538,282.0,17281.67777777778,100.0,False,6
3204,427.37,3374.0,763.0,282.4687504,17287.56979348891,100.0,False,6
3205,427.455,3380.6135754255693,696.0767584690809,283.0,17294.255555555555,100.0,False,6
3206,427.751,3394.0,465.0,284.1362759728119,17317.615226723134,100.0,False,6
3207,427.951,3395.0,307.0,284.9040300084957,17333.506815150708,100.0,False,6
3208,427.976,3394.311829966899,280.489773144311,285.0,17335.50138888889,100.0,False,6
3209,428.191,3383.0,22.0,285.76785645714284,17352.666482778124,100.0,False,6
3210,428.256,3379.9661692304066,-29.488105152652217,286.0,17357.74583333333,100.0,False,6
3211,428.511,3370.0,-133.0,271.6562608,17376.886159399288,20.312559999999994,False,6
3212,428.576,3366.78890084077,-164.73214050054762,268.0,17381.568055555555,0.0,True,6
3213,428.736,3354.6796555800743,-281.3278750604902,251.0,17392.72361111111,0.0,True,6
3214,428.771,3350.0,-323.0,247.84999424,17395.073342982778,0.0,True,6
3215,428.891,3330.0,-496.0,237.04999424,17402.8606047342,0.0,True,6
3216,428.936,3323.910408638613,-548.0786672997788,233.0,17405.668055555554,0.0,True,6
3217,429.371,3306.0,-697.0,202.18749546666666,17429.898631915607,0.0,True,6
3218,429.416,3303.673192679232,-718.1159771564336,199.0,17432.201388888887,0.0,True,6
3219,429.531,3297.0,-782.0,189.14285165714287,17437.954624268707,0.0,True,6
3220,429.696,3290.086915083793,-866.934542305558,175.0,17445.8125,0.0,True,6
3221,429.791,3287.0,-908.0,168.89286948571427,17450.07769605428,0.0,True,6
3222,429.976,3282.302041958195,-977.489187561537,157.0,17458.02361111111,0.0,True,6
3223,430.031,3282.0,-1015.0,155.281256,17460.366219842967,0.0,True,6
3224,430.136,3283.2562854499192,-1117.0296996802585,152.0,17464.779166666667,0.0,True,6
3225,430.171,3284.0,-1149.0,150.4687472,17466.21450600083,0.0,True,6
3226,430.296,3287.502054391729,-1229.8516155935806,145.0,17471.22361111111,0.0,True,6
3227,430.616,3303.471497207122,-1283.7940672419852,140.0,17483.668055555554,0.0,True,6
3228,430.651,3306.0,-1291.0,138.94999808,17484.989646660917,0.0,True,6
3229,430.816,3320.17194951498,-1335.7434767502161,134.0,17491.1125,0.0,True,6
3230,430.911,3331.0,-1365.0,132.10000384,17494.566768785582,0.0,True,6
3231,431.016,3345.815287088626,-1397.61873794387,130.0,17498.334722222222,0.0,True,6
3232,431.171,3373.0,-1445.0,127.67499904,17503.81863331868,0.0,True,6
3233,431.216,3382.0345013282467,-1458.1921705373422,127.0,17505.390277777777,0.0,True,6
3234,431.471,3439.0,-1526.0,123.3571456,17514.115916029765,2.7321408000000003,True,6
3235,431.496,3444.439477665869,-1531.66262997414,123.0,17514.956944444442,3.0,False,6
3236,431.671,3489.0,-1572.0,120.37500288,17520.790940798914,27.49997312,False,6
3237,431.696,3498.549242237782,-1579.5549418312487,120.0,17521.62361111111,31.0,False,6
3238,431.871,3576.0,-1637.0,120.0,17527.46061019897,39.7499904,False,6
3239,431.896,3584.0781305075748,-1642.695663518439,120.0,17528.290277777778,41.0,False,6
3240,432.17,3628.0,-1668.0,117.06428708571428,17537.202127462977,0.8785901714285701,False,6
3241,432.176,3629.062694775358,-1668.5454740823277,117.0,17537.390277777777,0.0,True,6
3242,432.376,3676.56690397601,-1693.7099135145984,109.0,17543.44583333333,0.0,True,6
3243,432.51,3722.0,-1720.0,103.9750048,17547.25459375213,0.0,True,6
3244,432.616,3765.8293348842835,-1746.8767544954499,100.0,17550.1125,0.0,True,6
3245,432.71,3800.0,-1768.0,96.08333866666666,17552.52515653836,0.0,True,6
3246,432.856,3826.754105462142,-1783.7355576596083,90.0,17556.1125,0.0,True,6
3247,433.056,3837.821849507581,-1798.114381003466,86.0,17560.890277777777,0.0,True,6
3248,433.09,3842.0,-1805.0,85.49000192,17561.68455604447,0.0,True,6
3249,433.256,3871.224887152287,-1855.210150420287,83.0,17565.501388888886,0.0,True,6
3250,433.31,3879.0,-1870.0,82.55000106666667,17566.733221678085,0.0,True,6
3251,433.496,3888.6868286289327,-1898.9528356015278,81.0,17570.901388888888,0.0,True,6
3252,433.67,3887.0,-1921.0,77.25806469372193,17574.572127342755,0.0,True,6
3253,433.775,3886.7417111908185,-1943.193445310152,75.0,17576.713888888888,0.0,False,6
3254,433.85,3886.0,-1960.0,74.1689748020965,17578.22259784374,0.0,False,6
3255,434.01,3881.0,-1993.0,72.39612255940295,17581.38410703696,0.0,False,6
3256,434.136,3874.0017406400825,-2020.6890821369993,71.0,17583.83361111111,0.0,False,6
3257,434.351,3859.0,-2066.0,69.92500096,17587.942676714763,1.61249856,False,6
3258,434.536,3847.2140216829116,-2093.057503974012,69.0,17591.500277777777,3.0,False,6
3259,434.631,3839.0,-2108.0,69.8906232,17593.364310148547,14.5781016,False,6
3260,434.856,3809.7920161364,-2154.1999020668754,72.0,17597.90027777778,42.0,False,6
3261,434.951,3796.0,-2172.0,73.58333013333333,17599.88090357457,44.3749952,False,6
3262,435.191,3760.0,-2205.0,77.58333013333333,17605.12419245926,50.3749952,False,6
3263,435.216,3755.7269230993534,-2208.1653472219073,78.0,17605.700277777778,51.0,False,6
3264,435.371,3727.0,-2227.0,83.8125024,17609.403104372763,56.166668800000004,False,6
3265,435.456,3710.5959374322606,-2235.565613286677,87.0,17611.500277777777,59.0,False,6
3266,435.611,3674.0,-2249.0,90.32142994285714,17615.41069544879,60.66071497142857,False,6
3267,435.736,3630.214844952695,-2259.7414934863336,93.0,17618.73361111111,62.0,False,6
3268,435.811,3602.0,-2265.0,95.91666915555555,17620.83145510481,64.50000213333334,False,6
3269,436.096,3501.0428599800866,-2272.654936175026,107.0,17629.43361111111,74.0,False,6
3270,436.151,3482.0,-2273.0,109.0624928,17631.181684988587,74.859372,False,6
3271,436.416,3390.5795330493384,-2272.155103004621,119.0,17640.011388888888,79.0,False,6
3272,436.631,3316.0,-2268.0,127.0624928,17647.75061589549,82.76249664,False,6
3273,436.816,3251.0454189985903,-2261.6852823212025,134.0,17654.900277777775,86.0,False,6
3274,437.011,3186.0,-2253.0,143.7500032,17662.986971874212,88.70833422222222,False,6
3275,437.176,3137.2470046047038,-2244.6261906615196,152.0,17670.100277777776,91.0,False,6
3276,437.411,3060.0,-2227.0,158.71428754285714,17680.479522343947,98.55357348571428,False,6
3277,437.456,3041.051169573081,-2222.1465734955023,160.0,17682.54472222222,100.0,False,6
3278,437.591,2981.0,-2206.0,168.09998848,17688.931010135006,100.0,False,6
3279,437.656,2955.1322356386104,-2198.621641510755,172.0,17692.100277777776,100.0,False,6
3280,437.871,2852.0,-2166.0,178.84090298181818,17702.997603319844,100.0,False,6
3281,438.031,2716.0,-2121.0,183.93181207272727,17711.396335533293,100.0,False,6
3282,438.096,2680.588699609787,-2109.2392478575025,186.0,17714.83361111111,100.0,False,6
3283,438.256,2648.2184691973284,-2098.089679773947,192.0,17723.366944444442,100.0,False,6
3284,438.331,2627.0,-2090.0,193.8750016,17727.420825067413,100.0,False,6
3285,438.416,2590.8079268618944,-2075.9877344912675,196.0,17732.078055555554,100.0,False,6
3286,438.576,2501.615370428426,-2040.2216538002044,202.0,17741.055833333332,100.0,False,6
3287,438.59,2494.0,-2037.0,202.2624976,17741.84835063067,100.0,False,6
3288,438.736,2417.978254682234,-2003.046134856707,205.0,17750.16694444444,100.0,False,6
3289,438.77,2401.0,-1995.0,205.70833066666665,17752.123165213547,100.0,False,6
3290,438.976,2296.452574492699,-1940.7816020894334,210.0,17764.16694444444,100.0,False,6
3291,438.99,2288.0,-1936.0,210.3937464,17765.000376215983,100.0,False,6
3292,439.17,2167.0,-1864.0,215.4562464,17775.891601845193,100.0,False,6
3293,439.296,2097.7720243010913,-1820.0213974933235,219.0,17783.63361111111,100.0,False,6
3294,439.43,2035.0,-1778.0,221.093748,17791.928257743235,100.0,False,6
3295,439.616,1941.9928437747028,-1713.4126967249485,224.0,17803.54472222222,100.0,False,6
3296,439.63,1933.0,-1707.0,224.2624976,17804.423831343378,100.0,False,6
3297,439.776,1818.2817868712973,-1623.9868580050959,227.0,17813.633611111112,100.0,False,6
3298,439.85,1760.0,-1581.0,227.79285577142858,17818.333946844672,100.0,False,6
3299,440.056,1631.2363243246475,-1482.3936755331363,230.0,17831.5225,100.0,False,6
3300,440.25,1548.0,-1416.0,230.96999936,17843.976442754167,89.33000704,False,6
3301,440.256,1545.9111825111552,-1414.3286199006511,231.0,17844.35583333333,89.0,False,6
3302,440.59,1450.0,-1337.0,219.86667093333332,17864.674503351085,27.07085706666667,False,6
3303,440.736,1384.9521336410132,-1284.373134359348,215.0,17873.0225,0.0,True,6
3304,440.851,1330.0,-1240.0,204.9374944,17879.35841435776,0.0,True,6
3305,440.976,1275.204524993225,-1195.9213729505536,194.0,17885.955833333333,0.0,True,6
3306,441.091,1228.0,-1158.0,186.19642422857143,17891.709432467047,0.0,True,6
3307,441.256,1163.5594717689457,-1106.105103281572,175.0,17899.566944444443,0.0,True,6
3308,441.351,1128.0,-1077.0,170.64584213333333,17903.971364758763,0.0,True,6
3309,441.496,1075.7988814226464,-1033.191447491894,164.0,17910.500277777777,0.0,True,6
3310,441.551,1057.0,-1017.0,161.64286537142857,17912.90322632846,0.0,True,6
3311,441.776,986.4391559040583,-953.2406797332114,152.0,17922.322500000002,0.0,True,6
3312,441.791,982.0,-949.0,151.45834026666665,17922.92825895679,0.0,True,6
3313,442.011,920.0,-886.0,143.51388657777778,17931.509605402243,0.0,True,6
3314,442.136,887.2989987993386,-849.4232383339203,139.0,17936.222500000003,0.0,True,6
3315,442.231,863.0,-820.0,135.4375072,17939.75196121571,0.0,True,6
3316,442.296,846.3878885889216,-798.572201055608,133.0,17942.133611111112,0.0,True,6
3317,442.451,810.0,-747.0,130.0937488,17947.68634131407,0.0,True,6
3318,442.511,799.0,-729.0,128.9687536,17949.79039505507,0.0,True,6
3319,442.616,782.2846829231623,-697.1078504557859,127.0,17953.4225,0.0,True,6
3320,442.691,772.0,-674.0,125.80681716363637,17955.977916279167,1.5340922181818182,True,6
3321,442.971,746.0,-587.0,121.35227170909091,17965.283428697683,7.261364945454545,True,6
3322,443.056,743.064219802806,-560.5585696743063,120.0,17968.08916666667,9.0,False,6
3323,443.171,743.0,-521.0,119.42499968,17971.88473174458,20.5000064,False,6
3324,443.256,745.8216872547433,-485.36800116860036,119.0,17974.700277777778,29.0,False,6
3325,443.451,757.0,-399.0,119.97500032,17981.20064803872,40.70000384,False,6
3326,443.456,757.2431692849948,-397.1639791358839,120.0,17981.366944444446,41.0,False,6
3327,443.616,763.4065130828317,-350.0868121239813,120.0,17986.700277777778,41.0,False,6
3328,443.831,768.0,-297.0,124.47916266666667,17994.155597474328,58.91665066666667,False,6
3329,443.856,768.3721546830101,-289.29616231362013,125.0,17995.03361111111,61.0,False,6
3330,444.016,769.4397287132302,-233.63040033545767,128.0,18000.7225,67.0,False,6
3331,444.051,769.0,-221.0,129.5312528,18002.011517105864,63.9374944,False,6
3332,444.131,767.0,-192.0,133.0312528,18005.021422171547,56.9374944,False,6
3333,444.176,765.5300300308023,-175.45280288484634,135.0,18006.7225,53.0,False,6
3334,444.371,757.0,-103.0,135.6093752,18014.083223190984,46.906248,False,6
3335,444.496,749.6088849241776,-57.9337201680906,136.0,18018.811388888887,43.0,False,6
3336,444.551,744.0,-36.0,136.3437488,18020.89758497461,43.0,False,6
3337,444.656,727.3956320277128,11.991051638078053,137.0,18024.90027777778,43.0,False,6
3338,444.816,690.9159536028822,94.36807689907043,139.0,18031.078055555554,43.0,False,6
3339,444.931,671.0,136.0,139.7187504,18035.540329981948,52.3437552,False,6
3340,444.976,665.4204280538863,146.9878494478859,140.0,18037.300277777777,56.0,False,6
3341,445.25,624.0,203.0,144.56666453333332,18048.290270602323,70.46110435555555,False,6
3342,445.336,584.3603787382831,254.13962592471404,146.0,18051.90027777778,75.0,False,6
3343,445.41,548.0,301.0,149.083328,18055.081967439975,78.6999936,False,6
3344,445.696,462.77436158208656,408.06712900368746,161.0,18068.00027777778,93.0,False,6
3345,445.89,422.0,458.0,169.8916608,18077.244982675114,98.6583296,False,6
3346,445.936,411.42117303995525,471.08301984589144,172.0,18079.466944444444,100.0,False,6
3347,446.136,361.5179733449676,533.2212432291318,176.0,18089.244722222225,100.0,False,6
3348,446.25,331.0,571.0,180.55999488,18094.997694620924,100.0,False,6
3349,446.336,307.1506503415413,600.3123314138613,184.0,18099.466944444448,100.0,False,6
3350,446.47,258.0,659.0,189.8624944,18106.695080763773,100.0,False,6
3351,446.656,145.35940613842627,787.7788264599695,198.0,18117.066944444447,100.0,False,6
3352,446.67,137.0,797.0,198.3499968,18117.85177550455,100.0,False,6
3353,446.856,40.705266871068595,897.1562417313148,203.0,18128.344722222224,100.0,False,6
3354,447.016,-20.999092592439897,952.6004799601275,207.0,18137.544722222225,100.0,False,6
3355,447.19,-71.0,996.0,211.9714249142857,18147.89063569513,100.0,False,6
3356,447.296,-93.07398527791509,1014.8611051893496,215.0,18154.266944444444,100.0,False,6
3357,447.431,-127.0,1043.0,216.44642651428572,18162.382188493397,100.0,False,6
3358,447.576,-193.14943621434244,1096.9381602360659,218.0,18171.2225,100.0,False,6
3359,447.671,-242.0,1136.0,220.84999424,18177.16257801344,100.0,False,6
3360,447.891,-351.0,1221.0,227.45000192,18191.287031723376,100.0,False,6
3361,447.976,-397.1356446663697,1258.1610756022808,230.0,18196.778055555555,100.0,False,6
3362,448.136,-489.06649839666875,1334.9896750677726,233.0,18207.133611111112,100.0,False,6
3363,448.231,-537.0,1378.0,233.94999808,18213.315785771585,100.0,False,6
3364,448.336,-582.0014143066908,1421.729009358799,235.0,18220.189166666667,100.0,False,6
3365,448.571,-664.0,1521.0,237.35000064,18235.75273608974,100.0,False,6
3366,448.736,-721.2664951219828,1612.4817386325449,239.0,18246.74472222222,100.0,False,6
3367,448.791,-739.0,1645.0,239.13749952,18250.40870611943,100.0,False,6
3368,448.951,-785.0,1742.0,239.53749952,18261.067714490822,100.0,False,6
3369,449.136,-831.8149959011514,1859.1843217012565,240.0,18273.41138888889,100.0,False,6
3370,449.251,-857.0,1932.0,240.47916693333335,18281.101228938092,100.0,False,6
3371,449.291,-865.0,1957.0,240.6458336,18283.779283332777,100.0,False,6
3372,449.376,-881.8226071899049,2010.3411772916502,241.0,18289.47805555555,100.0,False,6
3373,449.471,-899.0,2071.0,241.39583253333333,18295.86001765309,100.0,False,6
3374,449.616,-918.5684893249289,2166.675433295078,242.0,18305.611388888887,100.0,False,6
3375,449.691,-926.0,2215.0,242.0,18310.65008579058,100.0,False,6
3376,449.856,-936.7663656143656,2317.5656184977674,242.0,18321.74472222222,100.0,False,6
3377,449.911,-939.0,2358.0,242.1718744,18325.456868207126,100.0,False,6
3378,450.176,-942.2475647250207,2610.6118624593487,243.0,18343.34472222222,100.0,False,6
3379,450.271,-942.0,2683.0,240.6250048,18349.677831596444,52.500096,False,6
3380,450.376,-941.4464257859536,2736.8123416109293,238.0,18356.566944444443,0.0,False,6
3381,450.576,-939.253785479314,2805.781117693165,227.0,18369.178055555556,0.0,True,6
3382,450.591,-939.0,2813.0,225.95001344,18370.092294631126,0.0,True,6
3383,450.776,-934.9026453154421,2925.1807347205,213.0,18381.011388888888,0.0,True,6
3384,450.811,-934.0,2947.0,210.89999616,18383.013908212903,0.0,True,6
3385,450.976,-929.368018339336,3042.6784956914057,201.0,18392.178055555552,0.0,True,6
3386,451.111,-925.0,3115.0,192.562512,18399.286788708436,0.0,True,6
3387,451.216,-921.1819748588538,3169.040548613467,186.0,18404.578055555554,0.0,True,6
3388,451.331,-917.0,3226.0,177.3749952,18410.141194864686,0.0,True,6
3389,451.416,-914.2174462806737,3266.5967239229694,171.0,18414.078055555554,0.0,True,6
3390,451.511,-912.0,3311.0,162.6875168,18418.287192637785,0.0,True,6
3391,451.576,-911.4173334893595,3341.1575523316424,157.0,18421.055833333332,0.0,True,6
3392,451.711,-912.0,3401.0,150.2500096,18426.52632316232,0.0,True,6
3393,451.87,-915.0,3466.0,142.3000064,18432.610994629686,0.0,True,6
3394,451.896,-916.2096457682046,3478.7775355974986,141.0,18433.589166666665,0.0,True,6
3395,452.13,-933.0,3605.0,132.2250048,18442.174993597982,0.0,True,6
3396,452.136,-933.3336732002141,3607.264296652508,132.0,18442.389166666664,0.0,True,6
3397,452.336,-940.129677835526,3645.720894965277,125.0,18449.33361111111,0.0,True,6
3398,452.45,-949.0,3671.0,120.44000512,18453.09733050713,0.0,True,6
3399,452.536,-960.8749169185805,3702.972665191513,117.0,18455.83361111111,0.0,True,6
3400,452.736,-995.2300702631824,3791.7177263993244,109.0,18461.889166666664,0.0,True,6
3401,452.75,-997.0,3796.0,108.7375024,18462.305989141783,0.0,True,6
3402,452.896,-1009.2386623368697,3822.164467570642,106.0,18466.600277777776,0.0,True,6
3403,453.056,-1021.272802026797,3836.83535688088,101.0,18471.089166666665,0.0,True,6
3404,453.07,-1023.0,3839.0,100.7666688,18471.47397107991,0.0,True,6
3405,453.29,-1060.0,3885.0,97.10000213333333,18477.39672992124,0.0,True,6
3406,453.296,-1061.0005609401344,3886.1578753103813,97.0,18477.555833333332,0.0,True,6
3407,453.53,-1107.0,3926.0,94.0750016,18483.662419413544,0.0,True,6
3408,453.616,-1140.9018133436944,3945.2657231236763,93.0,18485.8225,0.0,True,6
3409,453.69,-1169.0,3960.0,91.5611136,18487.63547357987,2.2611072,True,6
3410,453.976,-1209.8459851882885,3973.51217731693,86.0,18494.422499999997,11.0,False,6
3411,454.011,-1215.0,3974.0,86.2187504,18495.26372949541,11.0,False,6
3412,454.136,-1240.3400568522718,3976.8184413573194,87.0,18498.289166666666,11.0,False,6
3413,454.391,-1308.0,3983.0,88.27499904,18504.471109458198,32.03748416,False,6
3414,454.536,-1343.1672260391092,3982.2664462598564,89.0,18508.178055555552,44.0,False,6
3415,454.551,-1348.0,3982.0,89.4062448,18508.574809084803,44.8749888,False,6
3416,454.731,-1420.0,3977.0,94.28125173333333,18513.530167760226,55.37500373333334,False,6
3417,455.016,-1470.4589189965948,3972.6254416503743,102.0,18521.778055555555,72.0,False,6
3418,455.071,-1482.0,3972.0,103.3749952,18523.367864435604,75.437488,False,6
3419,455.176,-1511.642122339575,3970.7785376497595,106.0,18526.489166666666,82.0,False,6
3420,455.291,-1550.0,3970.0,113.66667093333334,18530.247946366813,81.04166613333334,False,6
3421,455.416,-1591.4931134411531,3970.5924256412873,122.0,18534.6225,80.0,False,6
3422,455.551,-1637.0,3974.0,126.4999936,18539.525728130073,76.25000533333333,False,6
3423,455.751,-1707.0,3987.0,133.16666026666667,18547.06582991452,70.69444977777778,False,6
3424,455.776,-1715.7266311155995,3989.450044511946,134.0,18548.022500000003,70.0,False,6
3425,455.951,-1776.0,4012.0,137.7499958857143,18554.8010498824,68.75000137142857,False,6
3426,456.056,-1811.2387233902202,4029.9255627977095,140.0,18558.91138888889,68.0,False,6
3427,456.171,-1849.0,4053.0,141.4375008,18563.436971977477,68.0,False,6
3428,456.216,-1863.539831857932,4062.9101752724205,142.0,18565.222500000003,68.0,False,6
3429,456.376,-1914.103963649388,4102.101645542252,145.0,18571.666944444445,61.0,False,6
3430,456.471,-1943.0,4128.0,147.3749952,18575.58490553934,66.69998848,False,6
3431,456.576,-1973.7594103944841,4158.581293864052,150.0,18580.00027777778,73.0,False,6
3432,456.591,-1978.0,4163.0,150.3749952,18580.63843551395,73.468744,False,6
3433,456.771,-2028.0,4221.0,154.8750016,18588.442125523565,79.093752,False,6
3434,456.896,-2069.3079116623335,4281.490001972669,158.0,18594.044722222225,83.0,False,6
3435,457.111,-2138.0,4396.0,164.98749376,18604.064327381053,87.29999616,False,6
3436,457.296,-2167.3120310710697,4453.011354616133,171.0,18613.044722222225,91.0,False,6
3437,457.491,-2188.0,4511.0,178.6607168,18622.84090711067,94.482144,False,6
3438,457.576,-2200.744451916418,4549.64885962568,182.0,18627.20027777778,96.0,False,6
3439,457.711,-2222.0,4618.0,185.9374944,18634.22325349962,98.2499968,False,6
3440,457.816,-2235.8040082520993,4669.504614283496,189.0,18639.80027777778,100.0,False,6
3441,457.831,-2238.0,4679.0,189.59999232,18640.606940615096,100.0,False,6
3442,458.016,-2270.7842697519077,4843.904159846524,197.0,18650.744722222225,100.0,False,6
3443,458.051,-2276.0,4872.0,198.05000192,18652.69522713992,100.0,False,6
3444,458.216,-2291.332066231662,4960.9654650326665,203.0,18662.022500000003,100.0,False,6
3445,458.49,-2299.0,5032.0,210.61110755555555,18678.053610669085,100.0,False,6
3446,458.576,-2302.661380549392,5064.482300929265,213.0,18683.322500000002,100.0,False,6
3447,459.41,-2362.0,5587.0,243.32726807272726,18740.013332616687,100.0,False,6
3448,459.456,-2365.0081521111633,5618.175346215571,245.0,18743.21138888889,100.0,False,6
3449,459.65,-2377.0,5750.0,249.1571401142857,18756.674971099725,100.0,False,6
3450,459.736,-2382.1886100916126,5809.768460496338,251.0,18762.73361111111,100.0,False,6
3451,459.85,-2389.0,5890.0,254.41999616,18770.911021420652,100.0,False,6
3452,460.11,-2404.0,6076.0,262.21999616,18790.03037157449,100.0,False,6
3453,460.136,-2405.3693668866053,6095.126911632845,263.0,18791.955833333337,100.0,False,6
3454,460.29,-2413.0,6208.0,266.19501893975604,18803.397469474716,100.0,False,6
3455,460.377,-2417.154600517594,6267.118763217158,268.0,18809.89694444445,100.0,False,6
3456,460.491,-2423.0,6356.0,270.1375024,18818.460827967832,100.0,False,6
3457,460.537,-2425.699865749395,6402.481970257741,271.0,18821.941388888892,100.0,False,6
3458,460.711,-2436.0,6598.0,274.6401637114206,18835.257403581792,100.0,False,6
3459,460.776,-2438.600203596425,6651.832736719924,276.0,18840.26472222223,100.0,False,6
3460,461.016,-2442.7981079028496,6769.507325537825,279.0,18858.86472222223,100.0,False,6
3461,461.091,-2444.0,6814.0,280.4062512,18864.748279566633,100.0,False,6
3462,461.311,-2448.0,6986.0,284.5312464,18882.20206353662,100.0,False,6
3463,461.336,-2448.2793896196854,7006.143631224565,285.0,18884.198055555564,100.0,False,6
3464,461.491,-2449.0,7129.0,286.76136436363635,18896.624360121117,100.0,False,6
3465,461.691,-2448.0,7288.0,289.03409163636366,18912.76590643217,100.0,False,6
3466,461.776,-2446.4783513541497,7356.120827267709,290.0,18919.64250000001,100.0,False,6
3467,461.911,-2443.0,7465.0,291.6874976,18930.58656533089,100.0,False,6
3468,461.936,-2442.2935341500042,7485.249937630793,292.0,18932.620277777783,100.0,False,6
3469,462.071,-2438.0,7595.0,293.6874976,18943.650733449627,100.0,False,6
3470,462.176,-2433.7068551412863,7680.669820826282,295.0,18952.28694444445,100.0,False,6
3471,462.336,-2425.3951006234674,7811.750501638715,298.0,18965.5313888889,100.0,False,6
3472,462.391,-2422.0,7857.0,298.27499904,18970.093330066626,100.0,False,6
3473,462.536,-2411.752072782952,7976.775626579196,299.0,18982.14250000001,100.0,False,6
3474,462.611,-2406.0,8039.0,299.6250005333333,18988.39678757757,100.0,False,6
3475,462.771,-2393.0,8172.0,300.9583338666667,19001.789611786146,100.0,False,6
3476,462.776,-2392.568031349119,8176.134477185806,301.0,19002.209166666675,100.0,False,6
3477,462.931,-2378.0,8305.0,302.55000064,19015.246347836623,100.0,False,6
3478,462.976,-2373.1205980732516,8343.994224757262,303.0,19019.042500000007,100.0,False,6
3479,463.256,-2337.8810249857843,8593.62980946049,305.0,19042.764722222226,100.0,False,6
3480,463.271,-2336.0,8606.0,305.0,19044.039098579975,98.8750144,False,6
3481,463.416,-2318.291361167241,8717.90191467256,305.0,19056.320277777784,88.0,False,6
3482,463.551,-2300.0,8823.0,298.2500096,19067.489436218882,13.750105599999996,False,6
3483,463.576,-2296.166647979267,8843.888102048617,297.0,19069.520277777785,0.0,True,6
3484,463.776,-2261.2402362849557,9023.394986380934,283.0,19085.242500000008,0.0,True,6
3485,463.871,-2245.0,9102.0,274.6875168,19092.264804519713,0.0,True,6
3486,463.971,-2229.0,9176.0,265.9374944,19099.335114997502,0.0,True,6
3487,464.096,-2208.689329542465,9264.86630567749,255.0,19107.909166666675,0.0,True,6
3488,464.131,-2203.0,9289.0,251.2812432,19110.267361054743,0.0,True,6
3489,464.256,-2182.8917383531007,9371.968752569775,238.0,19118.486944444452,0.0,True,6
3490,464.451,-2153.0,9494.0,220.44999424,19130.414903898796,0.0,True,6
3491,464.456,-2152.2751052661756,9497.0682811591,220.0,19130.70916666668,0.0,True,6
3492,464.631,-2128.0,9601.0,207.60418026666667,19140.68842061379,0.0,True,6
3493,464.696,-2119.2582650142417,9636.075679970118,203.0,19144.24250000001,0.0,True,6
3494,464.771,-2109.0,9677.0,197.99999573333332,19148.243162148727,0.0,True,6
3495,464.936,-2084.4852823430615,9782.474605741298,187.0,19156.709166666675,0.0,True,6
3496,465.13,-2060.0,9894.0,177.3000064,19166.18496659323,0.0,True,6
3497,465.216,-2053.7426084909102,9923.289836612648,173.0,19170.16472222223,0.0,True,6
3498,465.37,-2045.0,9964.0,159.91001088,19176.90411326168,0.0,True,6
3499,465.416,-2041.307784546362,9980.325339542062,156.0,19178.8313888889,0.0,True,6
3500,465.61,-2022.0,10063.0,145.4916736,19186.58294537007,0.0,True,6
3501,465.656,-2017.5442754114308,10081.66129431497,143.0,19188.36472222223,0.0,True,6
3502,465.79,-2005.0,10133.0,138.5333376,19193.470428913195,0.0,True,6
3503,465.896,-1994.9970502913945,10172.183938641863,135.0,19197.36472222223,0.0,True,6
3504,466.05,-1980.0,10227.0,129.61000448,19202.72336985481,0.0,True,6
3505,466.296,-1954.0450111907119,10308.92607278733,121.0,19210.809166666677,0.0,True,6
3506,466.35,-1948.0,10326.0,120.03571657142857,19212.565713644355,0.0,True,6
3507,466.55,-1924.0,10386.0,116.464288,19219.00617702823,0.0,True,6
3508,466.576,-1920.5243217587608,10393.283691330911,116.0,19219.8313888889,0.0,True,6
3509,466.63,-1913.0,10408.0,115.3250016,19221.535484332602,0.1687496,True,6
3510,466.896,-1869.6263041363081,10472.90004364816,112.0,19229.786944444455,1.0,False,6
3511,466.91,-1867.0,10476.0,111.94190922938668,19230.218862779973,1.580907706133167,False,6
3512,467.071,-1834.0,10509.0,111.27385952500833,19235.17984133267,8.261404749916615,False,6
3513,467.137,-1818.7844516956302,10520.440129672275,111.0,19237.217777777787,11.0,False,6
3514,467.411,-1745.0,10555.0,111.0,19245.668783669742,31.623660817511496,False,6
3515,467.416,-1743.501193014532,10555.471679360555,111.0,19245.820277777788,32.0,False,6
3516,467.571,-1695.0,10568.0,108.67499904,19250.46381239644,34.32500096,False,6
3517,467.616,-1680.6851945339188,10571.328953005243,108.0,19251.820277777788,35.0,False,6
3518,467.791,-1626.0,10584.0,110.62499712,19257.2025705162,44.62498944,False,6
3519,467.816,-1618.61518382089,10585.872177460376,111.0,19257.986944444456,46.0,False,6
3520,467.911,-1590.0,10594.0,112.84721848888888,19261.00458390688,48.90277191111111,False,6
3521,468.176,-1487.195290477431,10634.56336009263,118.0,19269.786944444455,57.0,False,6
3522,468.231,-1471.0,10642.0,120.47499136,19271.69405975641,61.39998464,False,6
3523,468.376,-1443.808179106745,10656.765616260003,127.0,19276.84250000001,73.0,False,6
3524,468.451,-1429.0,10666.0,128.50000128,19279.55199845582,65.4999936,False,6
3525,468.576,-1393.9319386639486,10688.104435213132,131.0,19284.12027777779,53.0,False,6
3526,468.651,-1370.0,10705.0,131.8035721142857,19286.880276164524,53.803572114285714,False,6
3527,468.856,-1302.485634221089,10763.928743859802,134.0,19294.54250000001,56.0,False,6
3528,469.031,-1253.0,10813.0,137.7499958857143,19301.31409285048,60.99999451428572,False,6
3529,469.136,-1230.9812051425638,10835.742466618021,140.0,19305.4313888889,64.0,False,6
3530,469.376,-1188.1146203639398,10893.16746967776,143.0,19314.964722222234,76.0,False,6
3531,469.431,-1173.0,10919.0,144.76785097142857,19317.22195301536,77.3749952,False,6
3532,469.611,-1113.0,11030.0,150.55357348571428,19324.83401138513,81.8750016,False,6
3533,469.656,-1100.7184359896319,11054.333258752014,152.0,19326.78694444446,83.0,False,6
3534,469.936,-1058.4838363171627,11156.876960057662,163.0,19339.464722222234,90.0,False,6
3535,470.051,-1044.0,11201.0,168.7500032,19345.057736428713,93.2343768,False,6
3536,470.256,-1012.9995312177382,11299.734127284393,179.0,19355.375833333346,99.0,False,6
3537,470.411,-991.0,11374.0,181.21428662857141,19363.144008801813,99.55357165714285,False,6
3538,470.536,-977.0815246837495,11424.926684250506,183.0,19369.60916666668,100.0,False,6
3539,470.751,-956.0,11509.0,197.33332053333334,19381.468176920964,100.0,False,6
3540,470.776,-953.1814622045245,11520.271790977326,199.0,19382.875833333346,100.0,False,6
3541,471.016,-921.6738310488229,11646.832994292765,206.0,19396.60916666668,100.0,False,6
3542,471.091,-910.0,11695.0,209.43750293333332,19401.05339895523,100.0,False,6
3543,471.256,-882.2037395097616,11811.569473284577,217.0,19411.075833333343,100.0,False,6
3544,471.291,-877.0,11833.0,218.22500224,19413.231336489647,100.0,False,6
3545,471.456,-858.1919678521143,11906.586611893117,224.0,19423.520277777792,100.0,False,6
3546,471.59,-839.0,11988.0,228.01999616,19432.02405681378,100.0,False,6
3547,471.656,-825.2512099812549,12050.435267208355,230.0,19436.29805555557,100.0,False,6
3548,471.83,-785.0,12239.0,235.65499584,19447.910312235534,100.0,False,6
3549,472.056,-760.9415559874844,12356.083862994436,243.0,19463.29805555557,100.0,False,6
3550,472.216,-751.7255995757131,12409.229473991689,243.0,19474.098055555573,100.0,False,6
3551,472.27,-747.0,12437.0,244.92856685714287,19477.816110882603,100.0,False,6
3552,472.47,-724.0,12573.0,252.071424,19491.925603851316,100.0,False,6
3553,472.496,-720.9221011538458,12591.06605346989,253.0,19493.775833333348,100.0,False,6
3554,472.63,-705.0,12685.0,255.00999808,19503.34603331311,100.0,False,6
3555,472.896,-668.9105139767803,12913.366892286165,259.0,19522.55361111113,100.0,False,6
3556,472.91,-667.0,12926.0,259.2999972571429,19523.574423689934,100.0,False,6
3557,473.176,-632.5997894025801,13163.460717576043,265.0,19543.16472222224,100.0,False,6
3558,473.27,-623.0,13233.0,266.67856914285716,19550.17839244599,100.0,False,6
3559,473.456,-609.5074062503089,13336.246166387124,270.0,19564.164722222242,100.0,False,6
3560,473.691,-596.0,13458.0,272.5088980518487,19581.959929168297,100.0,False,6
3561,473.737,-592.7232397277205,13489.658117293213,273.0,19585.473888888908,100.0,False,6
3562,473.897,-580.8839605762329,13613.995915570973,277.0,19597.785000000018,100.0,False,6
3563,473.911,-580.0,13625.0,277.1316602118299,19598.866949475087,100.0,False,6
3564,474.091,-571.0,13764.0,278.82445224838574,19612.835302424362,100.0,False,6
3565,474.216,-565.8944175552319,13855.30421156804,280.0,19622.596111111132,100.0,False,6
3566,474.351,-561.0,13967.0,281.2656232,19633.192256156904,100.0,False,6
3567,474.536,-555.2510700415158,14166.21231528465,283.0,19647.751666666685,100.0,False,6
3568,474.591,-554.0,14218.0,283.0,19652.073585780647,100.0,False,6
3569,474.816,-551.6643165315887,14353.180615647121,283.0,19669.762777777793,100.0,False,6
3570,474.951,-552.0,14433.0,284.1249984,19680.444663878734,100.0,False,6
3571,475.071,-553.0,14525.0,285.1249984,19689.986042012322,100.0,False,6
3572,475.176,-553.4297159583496,14603.407740961502,286.0,19698.362777777795,100.0,False,6
3573,475.251,-555.0,14668.0,286.51136407272725,19704.36171346151,100.0,False,6
3574,475.531,-575.0,14985.0,288.4204549818182,19726.850968621413,100.0,False,6
3575,475.616,-581.3451354140623,15053.664208267475,289.0,19733.685000000016,100.0,False,6
3576,475.816,-595.5769955238198,15147.488622924624,290.0,19749.796111111125,100.0,False,6
3577,475.951,-611.0,15224.0,290.0,19760.766133132376,100.0,False,6
3578,476.016,-620.7370744842965,15271.342739146612,290.0,19765.90722222224,100.0,True,6
3579,476.171,-647.0,15396.0,276.2222165333333,19777.516324681354,56.94442666666667,True,6
3580,476.376,-679.7961121304281,15540.235157611874,258.0,19791.707222222234,0.0,True,6
3581,476.411,-687.0,15571.0,255.11249472,19794.03243815675,0.0,True,6
3582,476.631,-740.0,15796.0,236.96251584,19808.009660868578,0.0,True,6
3583,476.776,-757.0051544406693,15869.142972122918,225.0,19816.707222222238,0.0,True,6
3584,476.936,-765.6550271012346,15908.087643810608,205.0,19825.818333333347,0.0,True,6
3585,476.991,-772.0,15936.0,200.5312656,19828.76098010285,0.0,True,6
3586,477.211,-810.0,16103.0,182.6562448,19839.61194473532,0.0,True,6
3587,477.256,-816.5952869636185,16132.92569992223,179.0,19841.72944444446,0.0,True,6
3588,477.536,-841.2350072742233,16254.941444880751,161.0,19854.25166666668,0.0,True,6
3589,477.631,-847.0,16285.0,152.093768,19858.17026071851,0.0,True,6
3590,477.696,-850.6731822281928,16304.009193189515,146.0,19860.74055555557,0.0,True,6
3591,478.016,-866.3351838913909,16389.89986471732,127.0,19872.02944444446,0.0,True,6
3592,478.091,-870.0,16416.0,122.312496,19874.35817566855,0.0,True,6
3593,478.29,-879.0,16494.0,109.875008,19879.999892141434,0.0,True,6
3594,478.416,-881.1262979841956,16529.325127717904,102.0,19883.36277777779,0.0,True,6
3595,478.61,-879.0,16569.0,95.21000448,19888.331381245203,0.0,True,6
3596,478.816,-871.6469070466127,16615.693293109616,88.0,19893.14055555557,0.0,True,6
3597,478.85,-870.0,16623.0,86.05715017142857,19893.868248979303,0.0,True,6
3598,478.97,-863.0,16647.0,79.20000731428571,19896.288589649543,0.0,True,6
3599,479.096,-852.0311880212046,16669.758552838528,72.0,19898.74055555557,0.0,True,6
3600,479.27,-832.0,16697.0,70.81363723636363,19902.14330075603,0.0,True,6
3601,479.536,-795.1756168406367,16728.653262744585,69.0,19907.173888888905,0.0,False,6
3602,479.55,-793.0,16730.0,68.68500288,19907.42348060672,0.0,False,6
3603,479.73,-764.0,16745.0,64.63500288,19910.493097633953,0.0,False,6
3604,479.77,-758.0,16748.0,63.73500288,19911.1444854224,0.0,False,6
3605,479.936,-732.8325532576564,16756.799660812027,60.0,19913.840555555573,0.0,False,6
3606,480.137,-698.6788772170082,16760.035226279168,58.0,19917.078888888907,0.0,False,6
3607,480.151,-696.0,16760.0,57.86000128,19917.301143452245,0.0,False,6
3608,480.337,-658.5698213963035,16756.467626293503,56.0,19920.190000000017,0.0,False,6
3609,480.351,-656.0,16756.0,55.87272843636364,19920.400689048445,0.5727220363636364,False,6
3610,480.777,-601.460364802523,16731.03857499238,52.0,19926.54555555557,18.0,False,6
3611,480.791,-600.0,16730.0,52.17554694910657,19926.75410146761,18.307207160936493,False,6
3612,481.096,-569.4872461372448,16703.836999151103,56.0,19931.507777777795,25.0,False,6
3613,481.131,-566.0,16700.0,56.5833344,19932.07887876733,25.0,False,6
3614,481.291,-550.0,16680.0,59.25000106666667,19934.74811202638,25.0,False,6
3615,481.336,-545.5717394606622,16673.889151452866,60.0,19935.507777777795,25.0,False,6
3616,481.491,-531.0,16652.0,61.9375008,19938.173708901264,40.5000064,False,6
3617,481.496,-530.5627633913388,16651.29568492774,62.0,19938.26333333335,41.0,False,6
3618,481.631,-519.0,16631.0,65.9374944,19940.793795042282,42.6874976,False,6
3619,481.736,-508.4109471052659,16608.980564215824,69.0,19942.86333333335,44.0,False,6
3620,481.971,-484.0,16552.0,74.8750016,19947.752540545403,59.666670933333336,False,6
3621,481.976,-483.6020634610775,16551.026060885342,75.0,19947.86333333335,60.0,False,6
3622,482.176,-472.31517514376407,16521.488403831256,84.0,19952.530000000017,72.0,False,6
3623,482.331,-464.0,16495.0,87.48750144,19956.326219453433,76.26250176,False,6
3624,482.511,-451.0,16450.0,91.53749568,19961.021459730015,81.21249472,False,6
3625,482.576,-446.92670243072376,16434.779947457308,93.0,19962.863333333353,83.0,False,6
3626,482.711,-439.0,16400.0,105.14998272,19966.944806646316,80.30000384,False,6
3627,482.776,-434.52352372685544,16376.333119795518,111.0,19969.03000000002,79.0,False,6
3628,483.011,-418.0,16276.0,122.7500032,19977.14554848721,80.67857188571429,False,6
3629,483.056,-415.93459238420786,16262.154013350897,125.0,19978.752222222243,81.0,False,6
3630,483.216,-411.99438264208806,16230.590977160165,131.0,19984.574444444468,88.0,False,6
3631,483.391,-408.0,16179.0,139.7499904,19991.39246336012,98.49998848,False,6
3632,483.416,-407.1351129557459,16167.465546975343,141.0,19992.4077777778,100.0,False,6
3633,483.576,-400.2509239467531,16075.068242105666,152.0,19999.163333333356,100.0,False,6
3634,483.631,-398.0,16046.0,154.61249088,20001.605535402858,100.0,False,6
3635,483.976,-386.5353743192352,15923.744967204444,171.0,20018.163333333356,100.0,False,6
3636,484.011,-385.0,15910.0,172.3125024,20019.921548957293,100.0,False,6
3637,484.171,-375.0,15833.0,178.3125024,20028.11508923617,100.0,False,6
3638,484.431,-338.0,15652.0,188.0624928,20041.9911296282,100.0,False,6
3639,484.456,-334.5166253453035,15637.257037899088,189.0,20043.363333333356,100.0,False,6
3640,484.856,-283.99474513394796,15477.387811565462,207.0,20066.363333333356,100.0,False,6
3641,484.89,-278.0,15461.0,208.07666261333333,20068.436164158506,100.0,False,6
3642,485.01,-254.0,15396.0,211.87666261333334,20075.91430123804,100.0,False,6
3643,485.95,-27.0,14851.0,241.64332928,20140.680825720392,100.0,False,6
3644,486.056,0.8216564148419678,14785.648405281103,245.0,20148.03000000002,100.0,False,6
3645,486.17,31.0,14714.0,246.0687488,20155.89093101288,100.0,False,6
3646,486.29,63.0,14637.0,247.1937488,20164.13713669489,100.0,False,6
3647,486.376,86.28035525791586,14582.176419891524,248.0,20170.074444444464,100.0,False,6
3648,486.59,145.0,14447.0,250.29285577142858,20184.96825475026,100.0,False,6
3649,486.656,163.0444617415652,14405.169138160467,251.0,20189.59666666669,100.0,False,6
3650,486.751,189.0,14345.0,253.36514107622003,20196.287955637206,100.0,False,6
3651,486.897,230.05468600925605,14250.92848840032,257.0,20206.80138888891,100.0,False,6
3652,486.931,241.0,14226.0,260.187512,20209.328318660697,100.0,False,6
3653,487.057,287.7351704295379,14119.885050262612,272.0,20218.890277777802,100.0,False,6
3654,487.131,315.0,14058.0,273.8500032,20224.558335160065,100.0,False,6
3655,487.257,355.51985678036084,13965.84840301183,277.0,20234.27916666669,100.0,False,6
3656,487.391,395.0,13875.0,279.2395517790214,20244.71974552921,100.0,False,6
3657,487.571,450.0,13746.0,282.2479120672246,20258.91771841556,100.0,False,6
3658,487.616,464.10118850840024,13712.968171149472,283.0,20262.500555555576,100.0,False,6
3659,487.856,539.8385318415405,13536.097656625328,289.0,20281.767222222243,100.0,False,6
3660,487.911,556.0,13498.0,289.0,20286.174822827554,100.0,False,6
3661,488.016,585.3103449812519,13428.297406199552,289.0,20294.61166666669,100.0,False,6
3662,488.091,612.0,13364.0,291.18750186666665,20300.713312401745,100.0,False,6
3663,488.256,696.3809019868312,13158.96098403341,296.0,20314.34500000002,100.0,False,6
3664,488.291,712.0,13121.0,296.729168,20317.26709704906,100.0,False,6
3665,488.731,812.0,12871.0,305.89583466666664,20354.71558786362,100.0,False,6
3666,488.736,813.9363876431988,12865.904939475276,306.0,20355.145000000022,100.0,False,6
3667,488.931,903.0,12630.0,308.7083342222222,20371.933443795544,100.0,False,6
3668,489.096,941.8177592871065,12524.042732638576,311.0,20386.245000000024,100.0,False,6
3669,489.251,967.0,12450.0,314.229168,20399.810277875775,100.0,False,6
3670,489.336,987.4934845048092,12389.264310627857,316.0,20407.31166666669,100.0,False,6
3671,489.411,1011.0,12317.0,317.19318283636363,20413.972108846985,100.0,False,6
3672,489.691,1131.0,11923.0,321.6477282909091,20439.124380778136,100.0,False,6
3673,489.776,1154.5695782289552,11842.858342357413,323.0,20446.78944444447,100.0,False,6
3674,489.976,1179.962802138293,11749.175443256438,325.0,20464.845000000023,100.0,False,6
3675,490.091,1198.0,11680.0,325.57500032,20475.24686913478,100.0,False,6
3676,490.176,1216.2923009742822,11610.457417646061,326.0,20482.956111111132,100.0,False,6
3677,490.291,1244.0,11504.0,326.9583338666667,20493.425930979014,100.0,False,6
3678,490.491,1288.0,11327.0,328.6250005333333,20511.727658314318,100.0,False,6
3679,490.536,1297.7881287561993,11287.182184127083,329.0,20515.856111111134,100.0,False,6
3680,490.696,1332.735273219242,11144.435955715144,331.0,20530.567222222246,100.0,False,6
3681,490.711,1336.0,11131.0,331.1249984,20531.949669486832,100.0,False,6
3682,490.936,1384.5507513967068,10928.606929889858,333.0,20552.767222222243,100.0,False,6
3683,490.971,1392.0,10897.0,333.37500068571427,20556.0214253789,100.0,False,6
3684,491.216,1443.767515656785,10674.70144142795,336.0,20578.900555555578,100.0,False,6
3685,491.231,1447.0,10661.0,336.0937488,20580.304139239197,100.0,False,6
3686,491.376,1478.675039640412,10528.090623865304,337.0,20593.878333333352,100.0,False,6
3687,491.41,1486.0,10497.0,337.0,20597.059894046037,100.0,False,6
3688,491.61,1528.0,10315.0,337.0,20615.781922184542,100.0,False,6
3689,491.616,1529.2721880499687,10309.528918155627,337.0,20616.34500000002,100.0,False,6
3690,491.81,1571.0,10132.0,338.38571337142855,20634.60356984959,100.0,False,6
3691,491.896,1589.3640137329048,10053.175136045073,339.0,20642.711666666688,100.0,False,6
3692,492.03,1618.0,9930.0,339.0,20655.34731280973,100.0,False,6
3693,492.136,1641.0999483074515,9831.913797861946,339.0,20665.31166666669,100.0,False,6
3694,492.23,1661.0,9747.0,337.8250016,20674.105092895832,100.0,False,6
3695,492.33,1682.0,9656.0,336.5750016,20683.426442696004,100.0,False,6
3696,492.376,1694.0229923218883,9604.205080960795,336.0,20687.711666666684,100.0,False,6
3697,492.61,1771.0,9275.0,335.02500053333335,20709.487356500005,100.0,False,6
3698,492.616,1772.8016633387076,9267.284650554147,335.0,20710.04500000002,100.0,False,6
3699,492.776,1814.8947023148326,9086.525619241535,334.0,20724.889444444467,100.0,False,6
3700,493.096,1869.3037988558183,8851.315849522398,331.0,20754.31166666669,100.0,False,6
3701,493.11,1871.0,8844.0,330.93034887334494,20755.59596815697,100.0,False,6
3702,493.297,1889.7665372594533,8763.06016049615,330.0,20772.736666666693,100.0,False,6
3703,493.371,1900.0,8718.0,329.5374992,20779.50172289979,100.0,False,6
3704,493.457,1916.003106337641,8646.841958114586,329.0,20787.358888888913,100.0,False,6
3705,493.551,1936.0,8558.0,329.0,20795.954394267497,100.0,False,6
3706,493.617,1949.8751702464026,8496.882647993967,329.0,20801.981111111138,100.0,False,6
3707,493.857,1998.6708680027832,8283.799238247528,327.0,20823.781111111137,100.0,False,6
3708,493.911,2009.0,8238.0,326.73000064,20828.669410120525,100.0,False,6
3709,494.071,2039.0,8104.0,325.93000064,20843.123451003175,100.0,False,6
3710,494.257,2078.9471027948466,7932.656913353221,325.0,20859.892222222246,100.0,False,6
3711,494.331,2094.0,7868.0,324.69037611638464,20866.55765435832,100.0,False,6
3712,494.496,2126.8693061355975,7725.480339595681,324.0,20881.402222222245,100.0,False,6
3713,494.511,2131.0,7708.0,323.92500096,20882.74995709561,100.0,False,6
3714,494.691,2194.0,7446.0,323.02499968,20898.898763415087,100.0,False,6
3715,494.696,2195.5848954960234,7439.430293469335,323.0,20899.346666666694,100.0,False,6
3716,494.856,2234.740204171507,7276.915256980156,322.0,20913.6577777778,100.0,False,6
3717,495.056,2263.996907340909,7154.904897142133,321.0,20931.491111111132,100.0,False,6
3718,495.091,2269.0,7134.0,320.82499968,20934.617483337846,84.77497216,False,6
3719,495.256,2292.4949007201226,7035.678194054187,320.0,20949.26888888891,13.0,True,6
3720,495.411,2318.0,6928.0,308.3749952,20962.5047012379,4.6041631999999995,True,6
3721,495.496,2334.778580909966,6856.603061555298,302.0,20969.402222222245,0.0,True,6
3722,495.571,2350.0,6792.0,293.5624928,20975.22829352586,0.0,True,6
3723,495.851,2401.0,6579.0,262.06249280000003,20995.00540697075,0.0,True,6
3724,495.896,2408.2364951051263,6548.796751638771,257.0,20997.957777777803,0.0,True,6
3725,496.091,2440.0,6415.0,235.87499306666666,21010.089848719555,0.0,True,6
3726,496.256,2475.9710366560103,6260.744220583047,218.0,21019.7577777778,0.0,True,6
3727,496.351,2495.0,6179.0,211.66667946666666,21025.162663385287,0.0,True,6
3728,496.496,2516.026911081503,6089.116786484627,202.0,21033.224444444466,0.0,True,6
3729,496.656,2531.1204470315884,6025.799770013373,194.0,21041.84666666669,0.0,True,6
3730,496.691,2534.0,6014.0,191.4843704,21043.633104207103,0.0,True,6
3731,496.976,2553.218630607406,5937.241454795474,171.0,21057.04666666669,0.0,True,6
3732,497.111,2566.0,5874.0,165.9375072,21063.257003277417,0.0,True,6
3733,497.136,2568.9140463104177,5858.618101786617,165.0,21064.380000000026,0.0,True,6
3734,497.331,2593.0,5725.0,154.43749653333333,21072.710317467605,0.0,True,6
3735,497.376,2596.630633909551,5703.671229080134,152.0,21074.513333333358,0.0,True,6
3736,497.576,2601.9875313560774,5662.9167568732955,135.0,21082.013333333358,0.0,True,6
3737,497.711,2603.0,5637.0,130.3593816,21086.766917515535,0.0,True,6
3738,497.896,2605.100842086677,5575.240961750556,124.0,21093.03555555558,0.0,True,6
3739,497.931,2605.0,5563.0,123.270832,21094.207678168234,0.0,True,6
3740,498.136,2599.3255125750493,5496.898197364574,119.0,21100.968888888914,0.0,True,6
3741,498.21,2595.0,5476.0,117.67857371428572,21103.350131278836,1.0571410285714287,True,6
3742,498.41,2578.0,5427.0,114.10714514285715,21109.648553906503,3.9142838857142856,True,6
3743,498.416,2577.4385562726934,5425.602613800534,114.0,21109.83555555558,4.0,False,6
3744,498.696,2549.1829208525533,5361.854932842339,111.0,21118.468888888914,21.0,False,6
3745,498.83,2531.0,5329.0,110.52142902857143,21122.568514429993,23.87142582857143,False,6
3746,498.976,2506.7347289706518,5290.175862082926,110.0,21127.02444444447,27.0,False,6
3747,499.01,2501.0,5281.0,110.2124992,21128.06144931662,31.8874816,False,6
3748,499.136,2480.433898840649,5247.076042665552,111.0,21131.957777777803,50.0,False,6
3749,499.25,2463.0,5216.0,115.2749952,21135.700682205745,55.6999936,False,6
3750,499.376,2445.2981337654023,5180.694078743192,120.0,21139.957777777803,62.0,False,6
3751,499.45,2436.0,5159.0,120.26428525714286,21142.442310049915,57.24286537142857,False,6
3752,499.57,2423.0,5122.0,120.69285668571429,21146.45704516531,49.528579657142856,False,6
3753,499.656,2415.2468533072365,5094.835947748938,121.0,21149.368888888916,44.0,False,6
3754,499.77,2407.0,5058.0,122.62277434824753,21153.288066163073,49.67971021886638,False,6
3755,499.937,2399.1146023996835,5001.817558803177,125.0,21159.12583333336,58.0,False,6
3756,500.011,2397.0,4976.0,126.05714468571429,21161.736339882667,62.49286491428571,False,6
3757,500.191,2395.0,4911.0,128.6285696,21168.199245352393,73.4214208,False,6
3758,500.217,2395.056417551807,4901.466146102807,129.0,21169.159166666694,75.0,False,6
3759,500.451,2399.0,4814.0,138.75000533333332,21178.18218161513,83.7750048,False,6
3760,500.457,2399.1647302036135,4811.6963618730015,139.0,21178.42583333336,84.0,False,6
3761,500.671,2407.0,4727.0,149.6999936,21187.56848842697,92.55999488,False,6
3762,500.731,2410.0,4702.0,152.7000064,21190.271803850832,94.96000512,False,6
3763,500.857,2418.6089131742783,4644.102968222511,159.0,21196.092500000028,100.0,False,6
3764,501.416,2487.0231418283415,4325.747994902402,179.0,21223.88722222225,100.0,False,6
3765,501.571,2506.0,4250.0,184.42500224,21231.85973886545,100.0,False,6
3766,501.616,2511.253805135537,4229.916601029511,186.0,21234.22055555558,100.0,False,6
3767,501.856,2537.572236844992,4135.7547887930505,195.0,21247.22055555558,100.0,False,6
3768,501.971,2550.0,4093.0,198.593752,21253.581346960495,100.0,False,6
3769,502.016,2554.8983429731334,4076.2512313034094,200.0,21256.10944444447,100.0,False,6
3770,502.391,2611.0,3884.0,211.24999424,21278.157291845528,100.0,False,6
3771,502.416,2617.4822057835563,3861.455830809321,212.0,21279.665000000026,100.0,False,6
3772,502.551,2654.0,3734.0,215.85713737142856,21287.8621969736,100.0,False,6
3773,502.696,2673.523289598896,3665.242087724881,220.0,21296.77611111114,100.0,False,6
3774,502.871,2690.0,3603.0,224.3749952,21307.698119349014,100.0,False,6
3775,502.896,2694.2436830941856,3586.8234109084833,225.0,21309.27611111114,100.0,False,6
3776,503.211,2767.0,3308.0,231.8906264,21329.57000138955,100.0,False,6
3777,503.216,2767.812277306794,3304.861653413648,232.0,21329.89833333336,100.0,False,6
3778,503.571,2803.0,3166.0,240.8750016,21353.658853338857,100.0,False,6
3779,503.576,2803.8835448425616,3162.5299224700857,241.0,21353.998333333362,100.0,False,6
3780,503.811,2860.0,2943.0,245.40625119999999,21370.080439474626,100.0,False,6
3781,503.896,2878.732325786587,2869.6511706436468,247.0,21375.95388888892,100.0,False,6
3782,504.096,2914.2432655861417,2730.251050010253,251.0,21389.898333333364,100.0,False,6
3783,504.251,2936.0,2645.0,253.5833344,21400.869601072016,100.0,False,6
3784,504.456,2959.1427899010455,2555.015066115662,257.0,21415.598333333364,100.0,False,6
3785,504.55,2972.0,2506.0,259.0142829714286,21422.428359089547,100.0,False,6
3786,504.736,3005.9034284735285,2378.1784206991183,263.0,21436.053888888917,100.0,False,6
3787,504.81,3020.0,2324.0,263.79285577142855,21441.49833957185,100.0,False,6
3788,504.99,3053.0,2195.0,265.7214272,21454.80876360656,100.0,False,6
3789,505.016,3057.9386927814476,2176.4288207220243,266.0,21456.742777777807,100.0,False,6
3790,505.17,3088.0,2066.0,268.5666645333333,21468.26083841459,100.0,False,6
3791,505.256,3104.347761831383,2003.6168239315637,270.0,21474.742777777803,100.0,False,6
3792,505.43,3137.0,1876.0,272.8999978666667,21487.96711641059,100.0,False,6
3793,505.496,3149.761573222887,1827.281392040845,274.0,21493.00944444447,100.0,False,6
3794,505.656,3181.256817406344,1708.451852601025,276.0,21505.27611111114,100.0,False,6
3795,505.67,3184.0,1698.0,276.0999990857143,21506.352186127187,100.0,False,6
3796,505.83,3215.0,1578.0,277.24285622857144,21518.68220388523,100.0,False,6
3797,505.936,3234.8987209802426,1498.1718978472504,278.0,21526.89833333336,100.0,False,6
3798,506.07,3259.0,1397.0,279.6749984,21537.34941062667,100.0,False,6
3799,506.176,3277.0153788968496,1316.8252516114453,281.0,21545.631666666693,100.0,False,6
3800,506.23,3286.0,1276.0,281.0,21549.84592060823,100.0,False,6
3801,506.457,3323.1941022350493,1099.0617497036405,281.0,21567.565277777805,100.0,False,6
3802,506.511,3332.0,1049.0,281.38571337142855,21571.799290485043,100.0,False,6
3803,506.737,3367.6125573970285,803.7860446246808,283.0,21589.57638888892,100.0,False,7
3804,506.811,3376.0,739.0,283.0,21595.392840458306,100.0,False,7
3805,506.977,3386.0112062489306,650.4312376260089,283.0,21608.44305555558,100.0,False,7
3806,507.171,3390.0,567.0,283.80833386666666,21623.746867290338,100.0,False,7
3807,507.217,3391.126355368362,535.9964638968278,284.0,21627.376388888915,100.0,False,7
3808,507.391,3395.0,394.0,284.0,21641.100622700797,100.0,False,7
3809,507.417,3395.27042212733,372.9716077652716,284.0,21643.154166666693,100.0,False,7
3810,507.551,3395.0,267.0,284.5583328,21653.7562473621,100.0,False,7
3811,507.657,3392.390718632462,182.58292356470315,285.0,21662.154166666693,100.0,False,7
3812,507.896,3380.806688804444,-4.88808881655461,285.0,21681.07500000003,100.0,False,7
3813,507.911,3380.0,-16.0,284.70000384,21682.25843142852,92.500096,False,7
3814,508.096,3368.4039864811703,-155.20673000819897,281.0,21696.68611111114,0.0,True,7
3815,508.131,3365.0,-189.0,278.19999488,21699.331489261593,0.0,True,7
3816,508.296,3343.8023669358677,-380.31193642435596,265.0,21711.408333333362,0.0,True,7
3817,508.311,3342.0,-396.0,263.8750144,21712.479108676438,0.0,True,7
3818,508.536,3322.712179741409,-555.9041420932823,247.0,21727.87500000003,0.0,True,7
3819,508.711,3312.0,-643.0,221.62502784,21738.55269946981,0.0,True,7
3820,508.736,3310.440248482772,-656.3102386738827,218.0,21739.98611111114,0.0,True,7
3821,509.131,3288.0,-885.0,188.3749952,21760.61305047567,0.0,True,7
3822,509.136,3287.817156434923,-887.872213263513,188.0,21760.87500000003,0.0,True,7
3823,509.296,3283.714392867929,-978.1370917854562,188.0,21769.230555555583,0.0,True,7
3824,509.456,3282.347409235796,-1056.9924031793842,167.0,21776.652777777806,0.0,True,7
3825,509.551,3282.0,-1088.0,164.031256,21780.89250084119,0.0,True,7
3826,509.776,3282.4608748598985,-1116.317270446679,157.0,21790.608333333363,0.0,True,7
3827,509.891,3284.0,-1137.0,152.3281224,21795.3356846394,0.0,True,7
3828,510.096,3291.722064652749,-1215.6267017101875,144.0,21803.408333333362,0.0,True,7
3829,510.111,3293.0,-1223.0,143.57143405714285,21803.98522341493,0.0,True,7
3830,510.351,3325.0,-1351.0,136.7142912,21813.04130031889,0.0,True,7
3831,510.376,3328.2115268098705,-1361.4565632138358,136.0,21813.98611111114,0.0,True,7
3832,510.536,3345.6415941775053,-1408.0784610974843,136.0,21820.030555555582,0.0,True,7
3833,510.811,3382.0,-1458.0,129.1249984,21829.83539086571,5.1562512,True,7
3834,510.856,3391.4893434750734,-1470.077165439391,128.0,21831.40833333336,6.0,False,7
3835,510.991,3423.0,-1509.0,125.97500288,21836.111873399797,18.14998272,False,7
3836,511.056,3436.8256190076454,-1524.9533247026188,125.0,21838.352777777804,24.0,False,7
3837,511.23,3483.0,-1568.0,122.8250016,21844.243538235994,13.560007680000002,False,7
3838,511.41,3572.0,-1634.0,120.5750016,21850.18744801127,2.760007680000002,False,7
3839,511.456,3591.046344261552,-1647.1116022369908,120.0,21851.68611111114,0.0,False,7
3840,511.616,3635.7215877931517,-1674.021591977916,116.0,21856.841666666693,0.0,True,7
3841,511.77,3665.0,-1689.0,113.69000192,21861.727642665734,0.0,True,7
3842,511.816,3673.0945964848547,-1693.2002264480277,113.0,21863.11944444447,0.0,True,7
3843,512.016,3705.425125209436,-1710.351965959502,101.0,21868.73055555558,0.0,True,7
3844,512.15,3730.0,-1724.0,96.98000384,21872.30491895306,0.0,True,7
3845,512.216,3743.7705750947725,-1731.821345489495,95.0,21874.008333333357,0.0,True,7
3846,512.45,3796.0,-1764.0,89.6818210909091,21879.687378815648,0.0,True,7
3847,512.63,3829.0,-1791.0,85.590912,21883.80964544531,0.0,True,7
3848,512.656,3833.231870421762,-1795.184962567507,85.0,21884.397222222244,0.0,True,7
3849,512.83,3858.0,-1825.0,82.39651022787196,21888.27834509368,0.0,True,7
3850,512.93,3869.0,-1844.0,80.90025063744649,21890.467158978816,0.0,True,7
3851,513.057,3879.038804595252,-1879.3888088539697,79.0,21893.196944444466,0.0,False,7
3852,513.271,3887.0,-1944.0,75.94285897142858,21897.673317684566,0.0,False,7
3853,513.337,3887.605569891842,-1955.474048827404,75.0,21899.030277777798,0.0,False,7
3854,513.551,3884.0,-1979.0,73.47142948571428,21903.373502755396,0.0,False,7
3855,513.617,3881.3642680936505,-1990.5217856217887,73.0,21904.708055555577,0.0,False,7
3856,513.811,3871.0,-2032.0,73.0,21908.63671844208,12.125008,False,7
3857,513.937,3864.2616555694995,-2054.0597272742484,73.0,21911.196944444466,20.0,False,7
3858,514.071,3852.0,-2082.0,73.8374992,21913.940934065417,37.5874832,False,7
3859,514.097,3848.343154837094,-2089.188967714602,74.0,21914.485833333354,41.0,False,7
3860,514.331,3803.0,-2165.0,78.5500024888889,21919.640729245675,45.550002488888886,False,7
3861,514.457,3779.284952257738,-2190.7736621102504,81.0,21922.585833333353,48.0,False,7
3862,514.531,3766.0,-2202.0,83.12186698279754,21924.36687835681,48.0,False,7
3863,514.736,3730.718904865475,-2225.261151386713,89.0,21929.48333333335,48.0,False,7
3864,514.831,3714.0,-2234.0,91.03571017142858,21931.931430493987,54.78570057142857,False,7
3865,515.016,3677.750868395994,-2249.4877410828167,95.0,21936.87222222224,68.0,False,7
3866,515.111,3644.0,-2257.0,97.6718696,21939.52717251642,69.1874976,False,7
3867,515.271,3559.0,-2269.0,102.1718696,21944.174335446038,71.1874976,False,7
3868,515.336,3526.923494113999,-2273.1553315286,104.0,21946.116666666683,72.0,False,7
3869,515.496,3462.2614366404086,-2281.292726830605,112.0,21951.09444444446,76.0,False,7
3870,516.391,3204.0,-2256.0,150.484991744,21989.36486392041,97.479995392,False,7
3871,516.496,3135.8898821341536,-2242.258401831752,155.0,21994.150000000016,100.0,False,7
3872,516.651,3040.0,-2222.0,160.8125024,22001.162721944605,100.0,False,7
3873,516.736,3005.7930123806914,-2213.9119799084647,164.0,22005.08333333335,100.0,False,7
3874,516.991,2939.0,-2193.0,173.2083264,22017.44487205333,100.0,False,7
3875,517.096,2893.0443992587366,-2178.260399444333,177.0,22022.78333333335,100.0,False,7
3876,517.231,2826.0,-2157.0,181.7812432,22029.853176012377,100.0,False,7
3877,517.531,2677.0,-2108.0,192.40625226666666,22046.18023538984,100.0,False,7
3878,517.576,2643.4175355659227,-2095.6046988919124,194.0,22048.65000000002,100.0,False,7
3879,517.751,2504.0,-2042.0,197.64582933333332,22058.29223669799,100.0,False,7
3880,517.816,2470.520728245828,-2028.499571387594,199.0,22061.916666666686,100.0,False,7
3881,518.07,2401.0,-1995.0,204.5562472,22076.388037632085,100.0,False,7
3882,518.136,2373.419343225432,-1980.927843224869,206.0,22080.227777777793,100.0,False,7
3883,518.31,2279.0,-1931.0,211.07499626666666,22090.499291468815,100.0,False,7
3884,518.376,2239.2804913551217,-1908.2908531234466,213.0,22094.427777777793,100.0,False,7
3885,518.61,2075.0,-1805.0,215.5071414857143,22108.44687530293,100.0,False,7
3886,518.656,2035.6394893011945,-1778.3412733254008,216.0,22111.227777777793,100.0,False,7
3887,518.83,1896.0,-1681.0,218.1749984,22121.83356364379,100.0,False,7
3888,518.976,1862.9197820586871,-1657.687057387715,220.0,22130.78333333335,100.0,False,7
3889,519.07,1846.0,-1645.0,220.5874992,22136.54737436629,100.0,False,7
3890,519.136,1822.58143684952,-1627.4377642622271,221.0,22140.605555555572,100.0,False,7
3891,519.336,1702.6397755638782,-1537.3242203270488,223.0,22152.994444444463,100.0,False,7
3892,519.45,1638.0,-1488.0,224.0654195769061,22160.110486802878,100.0,False,7
3893,519.657,1550.8197997489974,-1419.222166282754,226.0,22173.14611111113,100.0,False,7
3894,519.751,1511.0,-1387.0,226.78333226666666,22179.124917700516,95.56111715555555,False,7
3895,519.971,1403.0,-1299.0,228.61666773333334,22193.153130766677,85.17221617777778,False,7
3896,520.017,1381.2327664025668,-1281.2911969508555,229.0,22196.046111111133,83.0,True,7
3897,520.217,1284.2196775849634,-1202.6497558034482,220.0,22208.26833333335,0.0,True,7
3898,520.231,1276.0,-1196.0,218.4250144,22209.075887730363,0.0,True,7
3899,520.457,1126.7320979421195,-1075.2731715271352,193.0,22221.13500000002,0.0,True,7
3900,520.471,1119.0,-1069.0,191.9500096,22221.832471216392,0.0,True,7
3901,520.857,1003.4025623507789,-970.3691853073307,163.0,22239.24611111113,0.0,True,7
3902,520.911,988.0,-955.0,160.15790192955959,22241.486099448815,0.0,True,7
3903,521.256,863.332410879132,-821.144979915718,142.0,22254.984444444464,0.0,True,7
3904,521.331,843.0,-797.0,140.1249984,22257.795503095298,0.0,True,7
3905,521.651,797.0,-725.0,132.1249984,22269.47019811689,0.0,True,7
3906,521.656,796.3110735021734,-723.6685200854837,132.0,22269.65111111113,0.0,True,7
3907,521.911,759.0,-642.0,129.2678592,22278.805657135435,0.9107136,True,7
3908,521.936,756.3349326146772,-633.7802200930075,129.0,22279.684444444465,1.0,False,7
3909,522.131,744.0,-570.0,125.74999893333333,22286.389559346244,3.708334222222222,False,7
3910,522.296,742.7785636693457,-513.0144652137268,123.0,22291.984444444464,6.0,False,7
3911,522.311,743.0,-508.0,123.0,22292.494530414286,7.1874848,False,7
3912,522.536,752.0659269461232,-429.95663055195854,123.0,22300.18444444446,25.0,False,7
3913,522.551,753.0,-423.0,123.0937488,22300.700882391357,26.6874784,False,7
3914,522.771,768.0,-305.0,124.4687504,22308.33172848286,51.4375072,False,7
3915,522.856,770.6214337318737,-277.1851819011994,125.0,22311.295555555575,61.0,False,7
3916,523.016,770.0350808954612,-252.456331180035,127.0,22316.940000000017,67.0,False,7
3917,523.091,769.0,-235.0,129.5781272,22319.71138329664,65.3593736,False,7
3918,523.311,764.0,-155.0,137.1406184,22328.23287480407,60.5468792,False,7
3919,523.336,763.070972050782,-145.55432712159558,138.0,22329.206666666687,60.0,False,7
3920,523.511,753.0,-79.0,139.74999808,22336.013271347038,44.25001728,False,7
3921,523.536,750.7405527174274,-68.4462838306498,140.0,22336.98444444446,42.0,False,7
3922,523.811,716.0,52.0,140.0,22347.677591022733,39.05357074285714,False,7
3923,523.816,715.3684462363956,53.68919955545563,140.0,22347.87333333335,39.0,False,7
3924,524.071,681.0,120.0,141.91249856,22357.946290655702,54.937488,False,7
3925,524.216,649.3588224457237,168.77627820706613,143.0,22363.762222222238,64.0,False,7
3926,524.271,636.0,188.0,144.3749952,22365.98622384941,65.3749952,False,7
3927,524.376,609.6635575892287,223.41480002736333,147.0,22370.29555555557,68.0,False,7
3928,524.49,580.0,261.0,150.9187456,22375.151811158445,79.3999872,False,7
3929,524.69,526.0,328.0,157.7937456,22384.066598067762,99.3999872,False,7
3930,524.696,524.3617428523838,330.06023309592416,158.0,22384.34000000002,100.0,False,7
3931,524.93,459.0,413.0,166.7749952,22395.27431729784,100.0,False,7
3932,525.016,433.23616975678686,444.42408147798096,170.0,22399.451111111128,100.0,False,7
3933,525.07,418.0,463.0,172.47499413333333,22402.12137721543,100.0,False,7
3934,525.256,376.3651179241767,515.3956102747755,181.0,22411.517777777794,100.0,False,7
3935,525.35,355.0,542.0,182.7624976,22416.295430192775,100.0,False,7
3936,525.416,338.10855152583537,562.5529268480983,184.0,22419.695555555576,100.0,False,7
3937,525.576,291.96465914815013,617.7271083425736,191.0,22428.18444444446,100.0,False,7
3938,525.63,276.0,637.0,192.3499968,22431.11631758037,100.0,False,7
3939,525.85,199.0,728.0,197.8499968,22443.383822982854,100.0,False,7
3940,526.016,92.41536962371093,841.7806985461716,202.0,22452.873333333348,100.0,False,7
3941,526.09,52.0,884.0,204.45642793863647,22457.152419113394,100.0,False,7
3942,526.257,7.853821149262295,928.7130870969588,210.0,22466.93166666668,100.0,False,7
3943,526.411,-24.0,956.0,212.80000232727272,22476.1238366897,100.0,False,7
3944,526.671,-143.0,1056.0,217.5272704,22491.974219048585,100.0,False,7
3945,526.697,-155.5337562566073,1066.2273237635434,218.0,22493.576111111124,100.0,False,7
3946,526.831,-219.0,1117.0,220.87142582857143,22501.87881278267,100.0,False,7
3947,526.977,-290.4324742516342,1173.0778601210482,224.0,22510.998333333344,100.0,False,7
3948,527.031,-317.0,1194.0,224.5062488,22514.386063639402,100.0,False,7
3949,527.131,-366.0,1233.0,225.4437512,22520.680711728084,100.0,False,7
3950,527.297,-447.82896946663743,1300.20471836868,227.0,22531.176111111126,100.0,False,7
3951,527.471,-529.0,1371.0,227.96666595555556,22542.22577942002,100.0,False,7
3952,527.651,-607.0,1451.0,228.96666737777778,22553.69350687081,100.0,False,7
3953,527.657,-609.9398873349469,1454.6579010707005,229.0,22554.076111111128,100.0,False,7
3954,527.891,-734.0,1637.0,229.7312504,22569.01698663328,100.0,False,7
3955,527.977,-766.4623623553296,1693.9929994765287,230.0,22574.52055555557,100.0,False,7
3956,528.216,-812.9799193716458,1808.546483572911,231.0,22589.856388888904,100.0,False,7
3957,528.331,-833.0,1864.0,231.4107145142857,22597.25754509081,100.0,False,7
3958,528.496,-866.7027764559085,1952.634403287425,232.0,22607.900833333348,100.0,False,7
3959,528.711,-910.0,2114.0,232.89583253333333,22621.81245487785,100.0,False,7
3960,528.736,-914.1340892665736,2138.8397934081295,233.0,22623.43416666668,100.0,False,7
3961,528.911,-937.0,2322.0,233.72916586666668,22634.80886728381,100.0,False,7
3962,528.976,-942.1447235889573,2370.1666149579078,234.0,22639.034166666683,100.0,False,7
3963,529.176,-946.3576558932176,2436.2098402365773,234.0,22652.034166666686,100.0,False,7
3964,529.371,-944.0,2546.0,235.95000064,22664.815025076306,100.0,False,7
3965,529.376,-943.9293297394748,2550.5706670619643,236.0,22665.145277777792,100.0,False,7
3966,529.551,-941.0,2743.0,236.87499904,22676.796523969475,93.00000768,False,7
3967,529.776,-934.9916198707502,2920.898552704606,238.0,22691.589722222234,84.0,False,7
3968,529.971,-930.0,3015.0,227.0312464,22703.73192695337,32.8124832,False,7
3969,530.096,-927.9342083784866,3057.581612154688,220.0,22711.145277777792,0.0,True,7
3970,530.251,-925.0,3109.0,207.083328,22719.90572630943,0.0,True,7
3971,530.336,-922.310930973294,3146.631377368482,200.0,22724.478611111124,0.0,True,7
3972,530.496,-916.0412117773707,3233.592472885649,184.0,22732.6563888889,0.0,True,7
3973,530.571,-914.0,3278.0,180.62499712,22736.38829260974,0.0,True,7
3974,530.696,-912.3308715234451,3356.018828085087,175.0,22742.378611111122,0.0,True,7
3975,530.811,-913.0,3424.0,162.0624928,22747.45477099124,0.0,True,7
3976,530.856,-913.9073357459038,3447.6279215783607,157.0,22749.3563888889,0.0,True,7
3977,531.176,-927.4082407908245,3572.7973464653096,141.0,22761.889722222237,0.0,True,7
3978,531.19,-928.0,3577.0,140.125008,22762.408449076658,0.0,True,7
3979,531.336,-933.6696094711143,3615.2637756364743,131.0,22767.711944444458,0.0,True,7
3980,531.57,-951.0,3681.0,126.82143085714286,22775.95347324517,0.0,True,7
3981,531.616,-957.6456912022373,3699.7149951105357,126.0,22777.511944444457,0.0,True,7
3982,531.83,-997.0,3796.0,117.08333866666666,22784.43911091472,0.0,True,7
3983,531.856,-1001.4861597269255,3805.2307734530964,116.0,22785.24527777779,0.0,True,7
3984,532.21,-1053.0,3877.0,105.18333724444444,22795.576409365647,0.0,True,7
3985,532.216,-1053.8247078290349,3877.906412406559,105.0,22795.74527777779,0.0,True,7
3986,532.53,-1101.0,3922.0,99.50500224,22804.369320105543,0.0,True,7
3987,532.616,-1118.4998895851586,3933.38383541937,98.0,22806.634166666678,0.0,False,7
3988,532.817,-1166.531830594594,3957.961343717176,92.0,22811.770833333343,0.0,False,7
3989,532.891,-1184.0,3965.0,91.73571382857143,22813.644889591695,5.021437257142858,False,7
3990,533.071,-1228.0,3977.0,91.0928576,22818.192346091055,17.235705600000003,False,7
3991,533.097,-1235.946452453143,3978.1838671208748,91.0,22818.84861111112,19.0,False,7
3992,533.291,-1304.0,3983.0,91.0,22823.75163126479,29.67000704,False,7
3993,533.297,-1305.927479373808,3983.0474529237854,91.0,22823.904166666678,30.0,False,7
3994,533.537,-1369.1659587521242,3980.4821028837105,93.0,22830.10416666668,37.0,False,7
3995,533.651,-1400.0,3978.0,95.8500032,22833.177491616698,48.875013333333335,False,7
3996,533.777,-1439.4888111761752,3975.14735906667,99.0,22836.704166666677,62.0,False,7
3997,534.051,-1528.0,3970.0,108.78571885714285,22844.98775167942,76.67857828571428,False,7
3998,534.057,-1529.5769618726931,3969.9378478104804,109.0,22845.181944444455,77.0,False,7
3999,534.417,-1610.7412812336954,3971.623166273335,125.0,22857.681944444455,80.0,False,7
4000,534.431,-1615.0,3972.0,125.19999817142858,22858.179117994605,79.45000502857143,False,7
4001,534.551,-1657.0,3977.0,126.91428388571428,22862.442047266508,74.73571931428572,False,7
4002,534.697,-1718.8614180703264,3992.1481789988097,129.0,22867.71527777779,69.0,False,7
4003,534.911,-1816.0,4032.0,135.26777699942375,22875.77706642152,69.0,False,7
4004,534.936,-1826.4082623741956,4037.824216347995,136.0,22876.74416666668,69.0,False,7
4005,535.231,-1932.0,4117.0,142.63749568,22888.534747953003,69.73749952,False,7
4006,535.336,-1960.5511749879533,4142.402030945821,145.0,22892.855277777788,70.0,False,7
4007,535.696,-2040.984357448179,4238.008115086535,153.0,22908.155277777787,81.0,False,7
4008,535.711,-2045.0,4244.0,153.8437392,22908.81894938798,81.1874976,False,7
4009,535.856,-2087.7963757738266,4311.910420906277,162.0,22915.355277777784,83.0,False,7
4010,536.091,-2152.0,4424.0,167.8750016,22926.353790628345,78.80357028571429,False,7
4011,536.136,-2159.530770559925,4438.568885632039,169.0,22928.499722222226,78.0,False,7
4012,536.336,-2177.2744598375334,4482.171154904543,175.0,22938.22194444445,80.0,False,7
4013,536.431,-2188.0,4513.0,178.2386298181818,22943.054375118103,81.9431778909091,False,7
4014,536.591,-2214.0,4589.0,183.69317527272727,22951.53600794996,85.21590516363636,False,7
4015,536.776,-2238.9388697679024,4682.253879767702,190.0,22961.444166666668,89.0,False,7
4016,536.911,-2254.0,4752.0,192.5312464,22968.657572022054,98.2812368,False,7
4017,536.936,-2256.6586509311996,4765.183962486345,193.0,22970.021944444452,100.0,False,7
4018,537.111,-2274.0,4859.0,200.6562416,22979.943287455713,100.0,False,7
4019,537.256,-2286.3400383830194,4936.55364034177,207.0,22988.42194444445,100.0,False,7
4020,537.371,-2296.0,5006.0,209.8750016,22995.184476307448,100.0,False,7
4021,537.496,-2307.34407788758,5095.9686280647265,213.0,23002.62194444445,100.0,False,7
4022,537.59,-2315.0,5159.0,215.74166293333334,23008.31067339782,100.0,False,7
4023,537.736,-2323.4452861397176,5229.428777672618,220.0,23017.28861111112,100.0,False,7
4024,537.936,-2331.905683525382,5304.510354239022,226.0,23029.844166666677,100.0,False,7
4025,538.03,-2339.0,5370.0,229.5249952,23035.911511672723,100.0,False,7
4026,538.176,-2353.8729558183873,5509.09475304432,235.0,23045.510833333345,100.0,False,7
4027,538.21,-2357.0,5539.0,235.8499968,23047.76367835905,100.0,False,7
4028,538.416,-2369.0538102739547,5662.8363571909085,241.0,23061.57750000001,100.0,False,7
4029,538.63,-2378.0,5767.0,247.11428205714284,23076.32813352054,100.0,False,7
4030,538.696,-2381.934179053623,5811.112644870235,249.0,23080.944166666675,100.0,False,7
4031,538.81,-2389.0,5891.0,251.4428544,23088.980329349233,100.0,False,7
4032,538.97,-2398.0,6003.0,254.87142582857143,23100.350401881165,100.0,False,7
4033,538.976,-2398.4854813492275,6009.328336502525,255.0,23100.777500000007,100.0,False,7
4034,539.13,-2414.0,6216.0,256.9249984,23111.769082773077,100.0,False,7
4035,539.136,-2414.5470194239797,6223.49683975133,257.0,23112.199722222227,100.0,False,7
4036,539.337,-2427.1008444962818,6408.177885449174,261.0,23126.77222222223,100.0,False,7
4037,539.651,-2434.0,6554.0,267.8687528,23150.146606477327,100.0,False,7
4038,539.657,-2434.132619053489,6556.89741491694,268.0,23150.594444444454,100.0,False,7
4039,539.817,-2437.788171477358,6637.0997197911265,269.0,23162.550000000007,100.0,False,7
4040,539.951,-2441.0,6718.0,271.791664,23172.710182771883,100.0,False,7
4041,540.057,-2443.6242167012692,6795.719122075023,274.0,23180.816666666673,100.0,False,7
4042,540.211,-2447.0,6916.0,275.6500013714286,23192.646257921915,100.0,False,7
4043,540.337,-2448.684405199375,7006.53804889106,277.0,23202.361111111117,100.0,False,7
4044,540.391,-2449.0,7054.0,277.2999992888889,23206.532264619094,100.0,False,7
4045,540.611,-2448.0,7301.0,278.52222293333335,23223.57486972559,100.0,False,7
4046,540.697,-2447.443594517342,7367.017093910372,279.0,23230.26111111112,100.0,False,7
4047,540.977,-2442.7892545239515,7497.446775891499,281.0,23252.116666666672,100.0,False,7
4048,541.031,-2440.0,7550.0,281.1928566857143,23256.34034563947,100.0,False,7
4049,541.211,-2427.0,7784.0,281.83571474285714,23270.438913285892,100.0,False,7
4050,541.257,-2424.020188146841,7833.088456875659,282.0,23274.050000000003,100.0,False,7
4051,541.691,-2403.0,8066.0,283.8121088518268,23308.27936786003,100.0,False,7
4052,541.736,-2399.9297949942707,8096.741325834501,284.0,23311.837777777782,100.0,False,7
4053,541.891,-2387.0,8223.0,284.6458336,23324.10296544409,100.0,False,7
4054,541.976,-2378.0026861492734,8301.137665088663,285.0,23330.837777777782,100.0,False,7
4055,542.151,-2358.0,8459.0,285.62499931428573,23344.728189277877,100.0,False,7
4056,542.256,-2347.9878644409096,8529.82252372737,286.0,23353.082222222223,100.0,False,7
4057,542.371,-2337.0,8601.0,286.7187504,23362.249891443716,100.0,False,7
4058,542.416,-2332.101853920545,8631.83372702304,287.0,23365.837777777786,100.0,False,7
4059,542.616,-2306.329727565855,8788.050877197453,287.0,23381.782222222224,100.0,False,7
4060,542.751,-2286.0,8900.0,287.8437488,23392.579307483018,100.0,False,7
4061,542.776,-2282.0095421101714,8920.808940100243,288.0,23394.58222222222,100.0,False,7
4062,542.851,-2269.0,8986.0,288.18750016,23400.59704378708,100.0,False,7
4063,543.171,-2192.0,9332.0,288.98750016,23426.29306572189,100.0,False,7
4064,543.176,-2191.0749866124643,9336.066260544536,289.0,23426.693333333336,100.0,True,7
4065,543.376,-2167.2995414664524,9440.12425059953,282.0,23442.359999999997,0.0,True,7
4066,543.551,-2147.0,9522.0,257.6944711111111,23454.283574597684,0.0,True,7
4067,543.631,-2133.0,9577.0,246.58336,23459.227793972488,0.0,True,7
4068,543.736,-2115.760376299011,9647.361021630979,232.0,23465.559999999998,0.0,True,7
4069,543.851,-2099.0,9719.0,222.73610595555556,23472.291649057337,0.0,True,7
4070,544.051,-2073.0,9835.0,206.62499484444444,23483.45631576295,0.0,True,7
4071,544.096,-2066.8353152558825,9862.728516313284,203.0,23485.859999999997,0.0,True,7
4072,544.376,-2028.465961767558,10035.371469659865,180.0,23499.859999999997,0.0,True,7
4073,544.39,-2027.0,10042.0,179.05500864,23500.51139623772,0.0,True,7
4074,544.71,-1999.0,10159.0,157.45500864,23514.212349107762,0.0,True,7
4075,544.776,-1988.8680686225287,10194.45084353957,153.0,23516.859999999997,0.0,True,7
4076,544.97,-1955.0,10307.0,144.37778346666667,23524.395312544948,0.0,True,7
4077,545.136,-1939.9278832301088,10351.954313459426,137.0,23530.559999999998,0.0,True,7
4078,545.296,-1927.5920477773702,10377.817851146297,128.0,23536.24888888889,0.0,True,7
4079,545.31,-1926.0,10381.0,127.55000411428571,23536.731561450233,0.0,True,7
4080,545.55,-1888.0,10450.0,119.8357184,23544.664836634296,0.0,True,7
4081,545.576,-1883.2213521028539,10456.89142997907,119.0,23545.504444444447,0.0,True,7
4082,545.69,-1861.0,10484.0,116.72000256,23549.160194972566,0.0,True,7
4083,545.776,-1842.2797992595556,10501.931760187696,115.0,23551.893333333333,0.0,True,7
4084,545.937,-1802.7014954924095,10529.914388145284,113.0,23556.946944444448,0.0,False,7
4085,545.951,-1799.0,10532.0,112.79000192,23557.379928999617,0.8399923199999999,False,7
4086,546.111,-1754.0,10552.0,110.39000192,23562.264954461607,10.439992319999998,False,7
4087,546.137,-1746.3157770553037,10554.633708728446,110.0,23563.058055555557,12.0,False,7
4088,546.337,-1684.6536744134066,10570.498528107695,110.0,23569.16916666667,21.0,False,7
4089,546.371,-1674.0,10573.0,109.82999936,23570.19818492566,25.93001856,False,7
4090,546.531,-1624.0,10585.0,109.02999936,23575.0397777311,49.130018559999996,False,7
4091,546.537,-1622.1601706467973,10585.46326051366,109.0,23575.22472222223,50.0,False,7
4092,546.711,-1570.0,10600.0,113.3499968,23580.728921928137,57.45713737142857,False,7
4093,546.817,-1538.634035042859,10611.218433382133,116.0,23584.24694444445,62.0,False,7
4094,546.971,-1493.0,10631.0,121.56111573333334,23589.61100258037,64.5666688,False,7
4095,547.151,-1438.0,10660.0,128.0611064888889,23596.181532070692,67.56666453333334,False,7
4096,547.177,-1429.5650775533345,10665.107102428254,129.0,23597.146944444452,68.0,False,7
4097,547.451,-1337.0,10731.0,134.708336,23607.566180680875,65.145832,False,7
4098,547.657,-1277.839573565541,10784.405972125513,139.0,23615.680277777785,63.0,False,7
4099,547.771,-1248.0,10817.0,141.28000256,23620.269901518466,66.13500352,False,7
4100,548.051,-1181.0,10907.0,146.88000256,23631.76579665586,73.83500352,False,7
4101,548.057,-1179.7394592487935,10908.88149390387,147.0,23632.013611111117,74.0,False,7
4102,548.251,-1139.0,10978.0,150.2468631974927,23640.096802933902,82.11715799373175,False,7
4103,548.296,-1126.7773366498539,11003.020485652214,151.0,23642.03833333334,84.0,False,7
4104,548.456,-1079.1755912296444,11108.575056589209,162.0,23649.23833333334,98.0,False,7
4105,548.491,-1072.0,11125.0,163.48750272,23650.8835464448,98.17500032,False,7
4106,548.731,-1052.0,11178.0,173.68750272,23662.804792972194,99.37500032,False,7
4107,548.856,-1034.3448075272904,11231.367627683007,179.0,23669.127222222225,100.0,False,7
4108,548.971,-1015.0,11292.0,181.30000128,23674.913063070137,100.0,False,7
4109,549.056,-1002.0327636759953,11335.471293088653,183.0,23679.293888888893,100.0,False,7
4110,549.251,-975.0,11434.0,195.67500416,23689.905688000817,100.0,False,7
4111,549.256,-974.3117658703295,11436.593966498138,196.0,23690.18277777778,100.0,False,7
4112,549.411,-953.0,11519.0,200.65000192,23698.847422380153,100.0,False,7
4113,549.456,-946.8648531133224,11543.654350179117,202.0,23701.405000000006,100.0,False,7
4114,549.711,-913.0,11685.0,209.083328,23716.314674900404,100.0,False,7
4115,549.816,-899.7577769157281,11739.807684944344,212.0,23722.605000000007,100.0,False,7
4116,549.891,-888.0,11788.0,215.2812528,23727.139963058555,100.0,False,7
4117,549.976,-870.393046194726,11859.811769151647,219.0,23732.338333333337,100.0,False,7
4118,550.131,-838.0,11992.0,223.3593768,23742.02929204632,100.0,False,7
4119,550.296,-825.4700621222541,12045.433891516446,228.0,23752.605000000007,100.0,False,7
4120,550.351,-821.0,12066.0,229.76785097142857,23756.17975096902,100.0,False,7
4121,550.551,-794.0,12193.0,236.1964224,23769.371888781632,100.0,False,7
4122,550.576,-790.5241499408432,12210.034556889139,237.0,23771.038333333338,100.0,False,7
4123,550.776,-765.1112174087939,12341.92219883365,242.0,23784.48277777778,100.0,False,7
4124,550.91,-749.0,12431.0,243.6749984,23793.553828850017,100.0,False,7
4125,551.016,-736.2768188147443,12503.598445199317,245.0,23800.816111111115,100.0,False,7
4126,551.13,-723.0,12580.0,248.2571392,23808.758193282785,100.0,False,7
4127,551.296,-704.4655361385657,12686.16939237302,253.0,23820.493888888897,100.0,False,7
4128,551.35,-697.0,12732.0,253.6136349090909,23824.330343487563,100.0,False,7
4129,551.51,-671.0,12900.0,255.43181672727272,23835.749548357595,100.0,False,7
4130,551.736,-651.0928223693081,13029.54888974461,258.0,23852.027222222227,100.0,False,7
4131,551.85,-643.0,13085.0,260.8499968,23860.310674189608,100.0,False,7
4132,551.896,-639.2151344565011,13111.660449334708,262.0,23863.67166666667,100.0,False,7
4133,552.17,-612.0,13317.0,265.4249984,23883.934166493502,100.0,False,7
4134,552.296,-598.6612676969725,13431.98822968923,267.0,23893.338333333344,100.0,False,7
4135,552.37,-592.0,13493.0,267.61495749406447,23898.876808202356,100.0,False,7
4136,552.651,-577.0,13671.0,269.9501395590275,23919.963645135686,100.0,False,7
4137,552.657,-576.684744693249,13676.101857413641,270.0,23920.413333333345,100.0,False,7
4138,552.817,-567.1854293179111,13847.316419601913,270.0,23932.41333333334,100.0,False,7
4139,552.991,-559.0,14017.0,272.1749984,23945.601279441136,100.0,False,7
4140,553.057,-557.728504664805,14051.132709589621,273.0,23950.613333333342,100.0,False,7
4141,553.231,-557.0,14108.0,273.0,23963.804757734346,100.0,False,7
4142,553.297,-556.2944330941032,14147.032660429402,273.0,23968.813333333343,100.0,False,7
4143,553.457,-553.6915872529984,14277.54683321784,274.0,23980.991111111118,100.0,False,7
4144,553.511,-553.0,14321.0,274.53999872,23985.120197600863,100.0,False,7
4145,553.657,-551.9122406547056,14429.639924245701,276.0,23996.324444444454,100.0,False,7
4146,553.751,-552.0,14499.0,276.46999936,24003.55106415971,100.0,False,7
4147,553.857,-552.965017479273,14580.92765770599,277.0,24011.713333333337,100.0,False,7
4148,553.991,-555.0,14683.0,277.47857097142855,24022.055992402074,100.0,False,7
4149,554.137,-558.2272824015793,14785.870452998895,278.0,24033.335555555557,100.0,False,7
4150,554.191,-562.0,14836.0,278.0,24037.50445191963,100.0,False,7
4151,554.297,-575.5103452602524,14966.08317430156,278.0,24045.69111111112,100.0,False,7
4152,554.431,-595.0,15127.0,278.8374992,24056.071587773546,100.0,False,7
4153,554.457,-597.6554481870567,15147.787898960449,279.0,24058.091111111116,100.0,False,7
4154,554.731,-616.0,15249.0,279.0,24079.420279903523,100.0,False,7
4155,554.817,-628.4015702878199,15308.308874186823,279.0,24085.991111111118,100.0,False,7
4156,554.931,-648.0,15401.0,273.857137907627,24094.54961741136,71.42854393126113,False,7
4157,555.216,-696.3863465942087,15609.602902024506,261.0,24114.91861111112,0.0,True,7
4158,555.231,-700.0,15625.0,259.3928777142857,24115.93272260225,0.0,True,7
4159,555.391,-743.0,15809.0,242.25002057142856,24126.375492843246,0.0,True,7
4160,555.496,-761.3328399226607,15887.37275566253,231.0,24132.885277777783,0.0,True,7
4161,555.696,-773.7963383003748,15940.756422887709,210.0,24144.55194444445,0.0,True,7
4162,555.791,-781.0,15973.0,200.5000192,24149.719412651702,0.0,True,7
4163,555.896,-791.9193614834235,16022.56184535114,190.0,24155.107500000002,0.0,True,7
4164,556.051,-810.0,16105.0,178.3749952,24162.365341743687,0.0,True,7
4165,556.251,-830.0,16198.0,163.3749952,24170.948744052635,0.0,True,7
4166,556.296,-835.4694232672256,16225.393466346584,160.0,24172.885277777783,0.0,True,7
4167,556.491,-860.0,16354.0,153.49999786666666,24181.22578830912,0.0,True,7
4168,556.536,-863.583503337673,16373.507758114067,152.0,24183.01861111111,0.0,True,7
4169,556.776,-869.9735501647214,16415.688007001318,127.0,24191.485277777778,0.0,True,7
4170,556.851,-872.0,16432.0,123.0156216,24193.8997362519,0.0,True,7
4171,557.011,-878.0,16483.0,114.5156216,24198.77620035452,0.0,True,7
4172,557.096,-879.4950859017608,16509.296748332596,110.0,24201.26305555556,0.0,True,7
4173,557.171,-880.0,16531.0,107.78408901818182,24203.40523618057,0.0,True,7
4174,557.43,-875.0,16602.0,100.13182196363637,24210.423357424486,0.0,True,7
4175,557.536,-863.7215498829482,16636.092596057068,97.0,24213.118611111113,0.0,True,7
4176,557.71,-840.0,16688.0,88.3000064,24217.33427015858,0.0,True,7
4177,557.736,-837.1913689882701,16693.404724986776,87.0,24217.95194444445,0.0,True,7
4178,557.896,-824.5547451153037,16712.55989742107,84.0,24221.685277777782,0.0,True,7
4179,558.09,-799.0,16727.0,79.1500032,24225.87801812711,0.0,True,7
4180,558.216,-765.8236203295336,16743.505776385857,76.0,24228.440833333338,0.0,True,7
4181,558.29,-747.0,16752.0,74.1500032,24229.901329855067,0.0,True,7
4182,558.496,-714.3345405461581,16761.1680401546,69.0,24233.807500000003,0.0,True,7
4183,558.63,-696.0,16761.0,66.60714514285715,24236.242465629406,0.0,True,7
4184,558.776,-670.3892587946209,16758.78229863662,64.0,24238.78527777778,0.0,True,7
4185,558.89,-650.0,16755.0,61.62500266666667,24240.67746160688,0.0,True,7
4186,559.016,-630.0831775781284,16748.253865131002,59.0,24242.718611111115,0.0,False,7
4187,559.091,-619.0,16743.0,58.62686523442475,24243.933153328668,0.0,False,7
4188,559.217,-601.1194556572293,16732.18732290697,58.0,24245.95694444445,0.0,False,7
4189,559.271,-594.0,16727.0,57.80714331428572,24246.809065433565,5.785700571428571,False,7
4190,559.431,-575.0,16710.0,57.23571474285714,24249.311362866207,22.928557714285713,False,7
4191,559.497,-567.5220968153116,16702.09163423023,57.0,24250.390277777784,30.0,False,7
4192,559.751,-541.0,16668.0,62.4428544,24254.830646949573,34.535712,False,7
4193,559.777,-538.6682656374073,16664.423078854594,63.0,24255.290277777785,35.0,False,7
4194,559.831,-534.0,16657.0,63.0,24256.24191688321,36.3499968,False,7
4195,559.937,-525.0285642600742,16642.619091212437,63.0,24258.090277777785,39.0,False,7
4196,560.051,-514.0,16622.0,63.0,24260.04689220558,44.7000064,False,7
4197,560.097,-508.63043382698254,16610.457149634487,63.0,24260.890277777784,47.0,False,7
4198,560.331,-480.0,16542.0,75.53572114285714,24265.901541943444,52.014288457142854,False,7
4199,560.377,-476.67116854669257,16533.686730890877,78.0,24266.95694444445,53.0,False,7
4200,560.617,-468.64030663905953,16510.11226808805,85.0,24272.623611111117,63.0,False,7
4201,560.631,-468.0,16508.0,85.2624976,24272.96066769785,63.1749984,False,7
4202,560.777,-458.81697669127215,16477.42657119431,88.0,24276.53472222223,65.0,False,7
4203,560.911,-449.0,16442.0,93.35999488,24280.0004625517,71.02999424,False,7
4204,560.977,-444.53270615002276,16424.026234588397,96.0,24281.868055555562,74.0,False,7
4205,561.911,-403.0,16119.0,143.64387889007867,24320.3009723879,97.37246888947256,False,7
4206,562.016,-399.8420187571374,16075.6145146772,149.0,24324.87111111112,100.0,False,7
4207,562.111,-397.0,16036.0,151.84999424,24328.94566425362,100.0,False,7
4208,562.216,-393.6908059229572,15993.24609251718,155.0,24333.482222222232,100.0,False,7
4209,562.416,-384.99904062694605,15906.59783731166,164.0,24342.593333333345,100.0,False,7
4210,562.491,-379.0,15864.0,168.82143268571429,24346.244242586952,100.0,False,7
4211,562.696,-355.71675131307705,15725.983150813992,182.0,24356.7488888889,100.0,False,7
4212,562.711,-354.0,15717.0,182.59999232,24357.530176650984,100.0,False,7
4213,562.896,-334.68356730650044,15631.05236697241,190.0,24367.30444444445,100.0,False,7
4214,563.096,-311.3459953349642,15557.791194040554,197.0,24378.248888888895,100.0,False,7
4215,563.131,-306.0,15542.0,197.50000091428572,24380.180020877342,100.0,False,7
4216,563.271,-280.0,15468.0,199.49999725714287,24387.933594156064,100.0,False,7
4217,563.376,-252.9275052102074,15395.442636098847,201.0,24393.882222222226,100.0,False,7
4218,563.531,-211.0,15287.0,207.2968776,24402.95497168827,100.0,False,7
4219,563.696,-182.87883250647994,15217.952720458083,214.0,24412.90444444445,100.0,False,7
4220,563.831,-160.0,15164.0,219.0624928,24421.195319860573,100.0,False,7
4221,563.936,-135.62826921107833,15106.082010741557,223.0,24427.77111111112,100.0,False,7
4222,564.01,-117.0,15062.0,226.083328,24432.486725071907,100.0,False,7
4223,564.176,-75.39951672651536,14964.905922526565,233.0,24443.304444444453,100.0,False,7
4224,564.31,-42.0,14886.0,237.30713874285715,24452.270084691547,100.0,False,7
4225,564.456,-5.640002756595968,14797.69222082776,242.0,24462.126666666674,100.0,False,7
4226,564.49,3.0,14777.0,242.0,24464.411114672494,100.0,False,7
4227,564.696,57.23717433407563,14650.766346770455,242.0,24478.26000000001,100.0,False,7
4228,564.71,61.0,14642.0,242.31499712,24479.21290938556,100.0,False,7
4229,564.89,110.0,14527.0,246.36499712,24491.635882349303,100.0,False,7
4230,565.07,160.0,14411.0,250.41499712,24504.30520954901,100.0,False,7
4231,565.096,167.29252885879689,14394.330796040373,251.0,24506.148888888896,100.0,False,7
4232,565.25,212.0,14293.0,257.7374944,24517.17836254284,100.0,False,7
4233,565.256,213.86925024483338,14288.753058648794,258.0,24517.61555555556,100.0,False,7
4234,565.456,282.52295555284337,14131.861400388332,268.0,24532.50444444445,100.0,False,7
4235,565.631,337.0,14007.0,271.48258435266365,24545.715476474612,100.0,False,7
4236,565.657,343.59768990048906,13991.902243134384,272.0,24547.69111111112,100.0,False,7
4237,565.891,398.0,13867.0,275.9000021333333,24565.628265685165,100.0,False,7
4238,565.897,399.83851670942056,13862.738446023133,276.0,24566.09111111112,100.0,False,7
4239,566.137,494.68939603087574,13641.547237759514,280.0,24584.757777777777,100.0,False,7
4240,566.231,527.0,13566.0,282.7416629333333,24592.210003080727,100.0,False,7
4241,566.377,561.0970329524056,13486.185861242799,287.0,24603.891111111112,100.0,False,7
4242,566.537,588.4711988032257,13420.924288929866,289.0,24616.735555555562,100.0,False,7
4243,566.651,632.0,13315.0,291.4937528,24626.036779544724,100.0,False,7
4244,566.831,731.0,13073.0,295.4312472,24640.902245008056,100.0,False,7
4245,566.857,741.2445024511812,13047.992607145123,296.0,24643.04666666667,100.0,False,7
4246,567.137,784.2587531083936,12942.040252919041,297.0,24666.146666666667,100.0,False,7
4247,567.151,787.0,12935.0,297.3499968,24667.311284075815,100.0,False,7
4248,567.297,827.7940389666243,12829.482967213793,301.0,24679.52444444445,100.0,False,7
4249,567.431,871.0,12716.0,302.4357129142857,24690.80432348788,100.0,False,7
4250,567.577,910.8205523928148,12608.187924013191,304.0,24703.168888888893,100.0,False,7
4251,567.671,940.0,12525.0,305.40999808,24711.17362451381,100.0,False,7
4252,567.777,981.2883584731868,12403.16600532776,307.0,24720.22444444445,100.0,False,7
4253,567.871,1016.0,12299.0,307.39166613333333,24728.25505821542,100.0,False,7
4254,568.017,1050.7797171809036,12192.39473452317,308.0,24740.757777777784,100.0,False,7
4255,568.177,1077.5348209145254,12104.276500448059,310.0,24754.535555555558,100.0,False,7
4256,568.211,1085.0,12079.0,310.1416672,24757.468943950196,100.0,False,7
4257,568.391,1132.0,11917.0,310.89166613333333,24773.0203107671,100.0,False,7
4258,568.417,1138.5033829812849,11894.193292290574,311.0,24775.26888888889,100.0,False,7
4259,568.571,1174.0,11767.0,311.4827589250891,24788.59761975262,100.0,False,7
4260,568.736,1210.6724044151554,11629.082047800863,312.0,24802.915555555555,100.0,False,7
4261,568.851,1236.0,11532.0,312.63888924444444,24812.92899428541,100.0,False,7
4262,569.011,1271.0,11397.0,313.52777813333336,24826.896342857854,100.0,False,7
4263,569.096,1289.0967439248452,11325.160636676248,314.0,24834.315555555557,100.0,False,7
4264,569.231,1317.0,11211.0,314.0,24846.09368841934,100.0,False,7
4265,569.431,1357.0,11042.0,314.0,24863.535200001348,100.0,False,7
4266,569.496,1370.288854419859,10986.82871484555,314.0,24869.204444444444,100.0,False,7
4267,569.611,1394.0,10889.0,314.0,24879.235579829623,100.0,False,7
4268,569.656,1403.1620853438633,10850.732331879453,314.0,24883.159999999996,100.0,False,7
4269,569.891,1450.0,10651.0,314.0,24903.651018307646,100.0,False,7
4270,569.936,1458.831526174173,10612.753823529945,314.0,24907.582222222227,100.0,False,7
4271,570.131,1497.0,10447.0,314.8125002666667,24924.649099138962,100.0,False,7
4272,570.176,1505.9385492374424,10408.743346700558,315.0,24928.582222222227,100.0,False,7
4273,570.331,1537.0,10277.0,314.0312496,24942.101815648984,100.0,False,7
4274,570.336,1538.0003865639728,10272.753141523744,314.0,24942.53777777778,100.0,False,7
4275,570.511,1573.0,10124.0,314.0,24957.80093717131,100.0,False,7
4276,570.616,1594.2232921785633,10034.153212379159,314.0,24966.96,100.0,False,7
4277,570.67,1605.0,9988.0,314.0,24971.670089094434,100.0,False,7
4278,570.776,1625.618013134988,9897.831523580537,314.0,24980.91555555555,100.0,False,7
4279,570.85,1640.0,9835.0,314.0,24987.369965349804,100.0,False,7
4280,570.976,1665.052374018762,9727.919726662773,314.0,24998.36,100.0,False,7
4281,571.09,1688.0,9631.0,314.0,25008.30332368904,100.0,False,7
4282,571.136,1697.2540520461146,9591.898170826853,314.0,25012.315555555553,100.0,False,7
4283,571.33,1736.0,9427.0,314.0,25029.2366527698,100.0,False,7
4284,571.376,1745.0119594861962,9387.88890593476,314.0,25033.248888888887,100.0,False,7
4285,571.53,1775.0,9257.0,314.0,25046.681102076698,100.0,False,7
4286,571.536,1776.1824222182063,9251.906475348465,314.0,25047.20444444444,100.0,False,7
4287,571.696,1808.1639276194262,9116.179658690902,314.0,25061.160000000003,100.0,False,7
4288,571.77,1823.0,9053.0,314.0,25067.61469864892,100.0,False,7
4289,571.976,1863.4054395126168,8877.418932717299,314.0,25085.582222222223,100.0,False,7
4290,571.99,1866.0,8866.0,314.0,25086.803063564173,100.0,False,7
4291,572.15,1897.0,8729.0,314.0,25100.753201138494,100.0,False,7
4292,572.377,1963.7098449918508,8437.43347046736,314.0,25120.55833333333,100.0,False,7
4293,572.391,1967.0,8423.0,314.0291664,25121.781236711675,100.0,False,7
4294,572.731,2009.0,8236.0,314.73750026666664,25151.52731579156,100.0,False,7
4295,572.857,2030.3792835419747,8142.99643702308,315.0,25162.55833333333,100.0,False,7
4296,573.057,2073.0574629004086,7958.72389937801,315.0,25180.058333333334,100.0,False,7
4297,573.071,2076.0,7946.0,314.9611114666667,25181.28136247006,100.0,False,7
4298,573.271,2116.0,7773.0,314.4055559111111,25198.719091493247,100.0,False,7
4299,573.417,2141.019648390571,7665.903389160082,314.0,25211.458333333336,100.0,False,7
4300,573.491,2160.0,7586.0,314.37000064,25217.92953277121,100.0,False,7
4301,573.617,2206.4568150454343,7391.920666436547,315.0,25228.95833333333,100.0,False,7
4302,573.651,2217.0,7348.0,314.9227269818182,25231.932921559586,100.0,False,7
4303,573.931,2250.0,7212.0,314.28636334545456,25256.391167286012,100.0,False,7
4304,574.057,2267.6610023654666,7139.019716680966,314.0,25267.33611111111,100.0,False,7
4305,574.297,2322.8993735814265,6908.270339345233,310.0,25288.00277777778,36.0,True,7
4306,574.311,2327.0,6891.0,309.416672,25289.1948600819,36.0,True,7
4307,574.511,2389.0,6629.0,301.0833386666667,25305.914796058674,36.0,True,7
4308,574.537,2395.236235679249,6602.68032782626,300.0,25308.00277777778,36.0,True,7
4309,574.817,2428.256620327722,6464.356197763821,269.0,25328.925,0.0,True,7
4310,574.931,2441.0,6410.0,255.1062344,25336.584561392745,0.0,True,7
4311,575.111,2469.0,6290.0,233.1687656,25347.808329403713,0.0,True,7
4312,575.137,2473.046457398764,6273.063980998281,230.0,25349.36944444444,0.0,True,7
4313,575.251,2490.0,6203.0,217.96983960768978,25356.044884791885,0.0,True,7
4314,575.336,2501.86665047579,6153.138862255787,209.0,25360.9225,0.0,True,7
4315,575.531,2527.0,6045.0,201.19999744,25371.825700395148,0.0,True,7
4316,575.536,2527.617099694462,6042.32743117254,201.0,25372.089166666665,0.0,True,7
4317,575.691,2546.0,5962.0,182.39999232,25379.78409553565,0.0,True,7
4318,575.736,2550.981497739917,5939.663706602857,177.0,25381.9225,0.0,True,7
4319,575.871,2565.0,5875.0,170.2500096,25388.198627378617,0.0,True,7
4320,576.016,2578.70694412403,5809.256728571797,163.0,25394.600277777776,0.0,True,7
4321,576.031,2580.0,5803.0,162.08334506666668,25395.23568233481,0.0,True,7
4322,576.376,2601.4964498721583,5664.851815230276,141.0,25408.700277777778,0.0,True,7
4323,576.391,2602.0,5656.0,140.55000576,25409.25640900016,0.0,True,7
4324,576.551,2605.0,5554.0,135.75000576,25415.082026784658,0.0,True,7
4325,576.776,2602.1726286358416,5509.357529954393,129.0,25423.03361111111,0.0,True,7
4326,576.831,2600.0,5500.0,128.23611377777777,25424.952607798365,0.3055544888888889,True,7
4327,577.071,2580.0,5425.0,124.90278044444445,25433.219700342812,1.6388878222222223,True,7
4328,577.136,2569.0473021530725,5399.657402688415,124.0,25435.43361111111,2.0,False,7
4329,577.37,2519.0,5309.0,121.0750016,25443.301812719357,12.724994133333333,False,7
4330,577.376,2517.92311975653,5307.153507890003,121.0,25443.500277777777,13.0,False,7
4331,577.536,2494.814622829404,5268.708701735861,118.0,25448.74472222222,30.0,False,7
4332,577.696,2474.975886039508,5236.319787809086,119.0,25454.033611111114,53.0,False,7
4333,577.71,2473.0,5233.0,119.291664,25454.50461940265,53.3499968,False,7
4334,577.91,2442.0,5174.0,123.45833066666667,25461.390463447664,58.3499968,False,7
4335,577.936,2438.054339514368,5163.772359816667,124.0,25462.30027777778,59.0,False,7
4336,578.096,2415.267239126657,5086.631610930199,127.0,25467.944722222222,41.0,False,7
4337,578.23,2402.0,5029.0,127.47857097142857,25472.681981925747,40.04285805714286,False,7
4338,578.376,2396.134252486063,4990.585133554211,128.0,25477.90027777778,39.0,False,7
4339,578.57,2396.0,4950.0,130.77142674285713,25485.012978586426,59.78570057142857,False,7
4340,578.656,2395.889435907918,4922.5645209879485,132.0,25488.166944444445,69.0,False,7
4341,578.817,2396.194844933413,4859.333651533954,132.0,25494.07027777778,78.0,False,7
4342,578.871,2397.0,4838.0,134.42999424,25496.12194396391,78.0,False,7
4343,579.017,2401.1809699310525,4781.4637937830485,141.0,25501.903611111116,78.0,False,7
4344,579.111,2405.0,4744.0,144.8454493090909,25505.810113725667,82.6999936,False,7
4345,579.271,2413.0,4677.0,151.39090385454546,25512.789286419626,90.6999936,False,7
4346,579.391,2421.0,4625.0,156.29999476363636,25518.25497525374,96.6999936,False,7
4347,579.457,2427.849798152938,4587.103623217668,159.0,25521.336944444447,100.0,False,7
4348,579.691,2459.0,4432.0,171.4312568,25532.684424431325,100.0,False,7
4349,579.777,2466.478667155243,4398.186756677416,176.0,25536.981388888893,100.0,False,7
4350,579.977,2477.7004841203066,4356.3887549314,184.0,25547.203611111112,100.0,False,7
4351,580.031,2482.0,4340.0,185.88999552,25550.029964522295,100.0,False,7
4352,580.177,2497.673635115169,4278.159999546255,191.0,25557.814722222225,100.0,False,7
4353,580.291,2517.0,4207.0,194.25714651428572,25564.028232503726,100.0,False,7
4354,580.457,2558.020343973004,4067.314130399589,199.0,25573.2925,100.0,False,7
4355,580.511,2570.0,4027.0,201.15999488,25576.36366837009,100.0,False,7
4356,580.657,2592.729439540638,3950.0312376908005,207.0,25584.792500000003,100.0,False,7
4357,580.857,2610.067573841931,3889.9607462467247,212.0,25596.570277777777,100.0,False,7
4358,580.931,2619.0,3859.0,213.58571702857142,25600.99949137166,100.0,False,7
4359,581.137,2652.4133345213254,3742.2861211347904,218.0,25613.52583333333,100.0,False,7
4360,581.151,2655.0,3733.0,218.437496,25614.386674326026,100.0,False,7
4361,581.297,2683.8137856277326,3627.117644127837,223.0,25623.436944444446,100.0,False,7
4362,581.391,2703.0,3555.0,224.7624976,25629.33666304542,100.0,False,7
4363,581.457,2716.376741684855,3504.1594952003543,226.0,25633.48138888889,100.0,False,7
4364,581.617,2747.949110638598,3382.4341293719813,226.0,25643.525833333333,100.0,False,7
4365,581.711,2764.0,3320.0,229.5360446322669,25649.601515854567,100.0,False,7
4366,581.936,2793.003027868806,3205.8198344473494,238.0,25664.615277777782,100.0,False,7
4367,582.231,2829.0,3064.0,242.69317876363635,25684.639535256036,100.0,False,7
4368,582.331,2846.0,2998.0,244.28409192727273,25691.477661262918,100.0,False,7
4369,582.376,2853.497110805715,2968.6328774304197,245.0,25694.559722222224,100.0,False,7
4370,582.576,2885.7860773017087,2840.285062271166,247.0,25708.28194444445,100.0,False,7
4371,582.631,2896.0,2800.0,247.0,25712.05171541581,100.0,False,7
4372,582.816,2934.1787453337743,2650.9590198965097,247.0,25724.748611111117,100.0,False,7
4373,582.831,2937.0,2640.0,247.22499712,25725.783873989407,100.0,False,7
4374,583.016,2965.469890417136,2529.994755554484,250.0,25738.6375,100.0,False,7
4375,583.151,2986.0,2452.0,251.49999786666666,25748.12180243474,100.0,False,7
4376,583.311,3015.0,2343.0,253.27777564444443,25759.441344770064,100.0,False,7
4377,583.376,3026.3589741102915,2300.1687111850956,254.0,25764.037500000002,100.0,False,7
4378,583.551,3058.0,2180.0,254.72916586666668,25776.40938370242,100.0,False,7
4379,583.616,3072.4668628966847,2124.7439724793835,255.0,25781.037500000002,100.0,False,7
4380,583.83,3123.0,1931.0,257.9181800727273,25796.475825419104,100.0,False,7
4381,584.056,3155.103306695258,1807.141756579866,261.0,25812.937500000007,100.0,False,7
4382,584.19,3174.0,1735.0,261.66999936,25822.685197111736,100.0,False,7
4383,584.256,3185.4174576619203,1691.7901331953217,262.0,25827.49305555556,100.0,False,7
4384,584.31,3196.0,1651.0,262.3374992,25831.433163912217,100.0,False,7
4385,584.416,3220.4710631316343,1553.0444282856117,263.0,25839.18194444445,100.0,False,7
4386,584.616,3271.769672944981,1337.6659405696134,264.0,25853.848611111112,100.0,False,7
4387,584.65,3279.0,1306.0,264.28333226666666,25856.351683257293,100.0,False,7
4388,584.856,3311.738889408235,1152.4287588412337,266.0,25871.581944444446,100.0,False,7
4389,585.01,3329.0,1062.0,266.9624992,25883.030345716248,100.0,False,7
4390,585.176,3344.6550011173986,973.7423540435391,268.0,25895.40416666667,100.0,False,7
4391,585.431,3366.0,827.0,268.79439208361714,25914.438507580908,100.0,False,8
4392,585.497,3371.869016785013,778.794689957245,269.0,25919.389999999996,100.0,False,8
4393,585.571,3378.0,723.0,269.6937512,25924.958916696847,100.0,False,8
4394,585.771,3389.0,573.0,271.5687512,25940.08345785154,100.0,False,8
4395,585.817,3390.7621848190256,531.6454200591832,272.0,25943.56777777778,100.0,False,8
4396,586.071,3395.0,270.0,272.7937496,25962.827558520516,100.0,False,8
4397,586.137,3393.947313549061,208.08628525384972,273.0,25967.83444444444,100.0,False,8
4398,586.417,3380.1418634048664,-19.956736487399613,274.0,25989.14555555556,100.0,False,8
4399,586.491,3375.0,-79.0,274.79285851428574,25994.850558673606,100.0,False,8
4400,586.697,3358.1907399384836,-246.91259375558198,277.0,26010.690000000002,100.0,True,8
4401,586.951,3339.0,-419.0,261.9187576,26029.160229121895,20.625039999999995,True,8
4402,587.017,3335.7121372971615,-448.3103245510567,258.0,26033.62333333334,0.0,True,8
4403,587.271,3325.0,-539.0,226.250016,26049.278120940857,0.0,True,8
4404,587.337,3320.501351932888,-574.7146325352195,218.0,26053.001111111113,0.0,True,8
4405,587.511,3307.0,-685.0,202.97273832727274,26062.189065939114,0.0,True,8
4406,587.671,3298.0,-774.0,189.15455650909092,26069.975833762972,0.0,True,8
4407,587.777,3293.205637494232,-824.2164402880225,180.0,26075.001111111116,0.0,True,8
4408,587.851,3290.0,-865.0,176.0687432,26078.45344436184,0.0,True,8
4409,588.071,3281.0,-1022.0,164.3812568,26088.368714518023,0.0,True,8
4410,588.097,3280.3088596747825,-1035.2649094728724,163.0,26089.49,0.0,True,8
4411,588.337,3278.9767300641897,-1081.509233429288,148.0,26099.35666666667,0.0,True,8
4412,588.471,3283.0,-1116.0,144.2194401064446,26104.61013910197,0.0,True,8
4413,588.656,3294.5108194814593,-1217.2653247469764,139.0,26111.673611111113,0.0,True,8
4414,588.771,3302.0,-1274.0,136.69999872,26116.008578878038,0.0,True,8
4415,588.856,3306.6039983749556,-1299.7912815944971,135.0,26119.173611111113,0.0,True,8
4416,589.071,3320.0,-1335.0,131.1607177142857,26126.988556381948,0.0,True,8
4417,589.136,3327.027495618968,-1351.8434626316048,130.0,26129.284722222223,0.0,True,8
4418,589.371,3363.0,-1429.0,125.19318050909091,26137.302046480618,0.0,True,8
4419,589.491,3386.0,-1463.0,122.73863505454545,26141.276877287743,0.0,True,8
4420,589.576,3406.4399716681583,-1488.4380017787341,121.0,26144.073611111115,0.0,False,8
4421,589.811,3472.0,-1558.0,117.64285622857143,26151.723524189198,0.0,False,8
4422,589.856,3483.0126262327353,-1568.2692051551978,117.0,26153.173611111113,0.0,True,8
4423,590.171,3550.0,-1619.0,115.0312496,26163.235623869474,34.453132,True,8
4424,590.176,3551.128071681166,-1619.776113862522,115.0,26163.395833333336,35.0,False,8
4425,590.371,3604.0,-1654.0,115.97500032,26169.678217598273,38.90000128,False,8
4426,590.376,3605.8692993968134,-1655.1039046450292,116.0,26169.840277777777,39.0,False,8
4427,590.536,3678.2908158110167,-1695.6852375195067,116.0,26174.99583333333,39.0,True,8
4428,590.59,3699.0,-1707.0,113.57000576,26176.66324167324,28.47002496,True,8
4429,590.736,3732.351291665077,-1724.8889606290272,107.0,26180.940277777776,0.0,True,8
4430,590.93,3755.0,-1738.0,99.45556053333333,26186.107703728307,0.0,True,8
4431,591.096,3788.476092569194,-1760.2004699820534,93.0,26190.240277777775,0.0,True,8
4432,591.25,3821.0,-1785.0,89.1500032,26193.96339592427,0.0,True,8
4433,591.37,3841.0,-1804.0,86.1500032,26196.78959787566,0.0,True,8
4434,591.376,3841.9108474000486,-1804.9484901323399,86.0,26196.929166666665,0.0,True,8
4435,591.576,3867.8245606261335,-1838.9378791631375,82.0,26201.484722222223,0.0,True,8
4436,591.63,3873.0,-1852.0,81.10000213333333,26202.68133326578,0.0,True,8
4437,591.816,3884.3878369899185,-1913.0911182208931,78.0,26206.684722222224,0.0,True,8
4438,591.91,3887.0,-1939.0,75.6645985250578,26208.629583465805,0.0,True,8
4439,591.977,3887.748620156857,-1951.5624768621115,74.0,26209.994166666667,0.0,True,8
4440,592.231,3884.0,-1976.0,72.1857152,26215.078094142515,4.535711999999999,True,8
4441,592.257,3883.3180256902037,-1979.831459912794,72.0,26215.594166666666,5.0,False,8
4442,592.431,3876.0,-2015.0,71.27500053333333,26219.03402391745,10.074996266666666,False,8
4443,592.497,3870.4674554300013,-2032.3164722345762,71.0,26220.3275,12.0,False,8
4444,592.697,3848.0101394494923,-2088.9179887071814,70.0,26224.21638888889,18.0,False,8
4445,592.731,3845.0,-2096.0,70.17000064,26224.881173552527,20.38000896,False,8
4446,592.897,3835.423890687017,-2116.6448067216384,71.0,26228.160833333335,32.0,False,8
4447,593.071,3826.0,-2131.0,72.73999872,26231.682456905608,36.3499968,False,8
4448,593.097,3823.8632222238775,-2134.1176752155993,73.0,26232.21638888889,37.0,False,8
4449,593.331,3797.0,-2170.0,75.34000128,26237.114916761137,44.60500416,False,8
4450,593.497,3772.1960216300477,-2195.2450377281257,77.0,26240.771944444445,50.0,False,8
4451,593.531,3767.0,-2200.0,78.09286125714286,26241.54596732314,50.0,False,8
4452,593.711,3733.0,-2224.0,83.87856731428572,26245.802448620878,50.0,False,8
4453,593.777,3709.2853583787814,-2234.490466903833,86.0,26247.460833333334,50.0,False,8
4454,593.911,3654.0,-2255.0,91.0249952,26251.010395539386,54.689995520000004,False,8
4455,594.177,3609.068997292821,-2265.197626875791,101.0,26258.683055555557,64.0,False,8
4456,594.271,3594.0,-2266.0,104.05499584,26261.54561147906,65.87999744,False,8
4457,594.577,3502.0720805381434,-2271.811616196613,114.0,26271.34972222222,72.0,False,8
4458,594.591,3496.0,-2272.0,114.4666624,26271.813069969692,72.2333312,False,8
4459,594.771,3409.0,-2273.0,120.46667093333333,26277.888038128174,75.23333546666667,False,8
4460,594.817,3388.9933437180443,-2272.747984402058,122.0,26279.483055555556,76.0,False,8
4461,595.017,3320.5151638030757,-2269.117246363618,129.0,26286.649722222224,76.0,False,8
4462,595.231,3256.0,-2262.0,135.53888497777777,26294.81283432359,78.97222044444445,False,8
4463,595.377,3207.0070697571477,-2255.7783720483076,140.0,26300.64972222222,81.0,False,8
4464,595.551,3145.0,-2246.0,148.0083601651253,26307.87213637757,82.45606548456824,False,8
4465,595.616,3121.3646454591562,-2241.389841391973,151.0,26310.674444444445,83.0,False,8
4466,595.771,3053.0,-2225.0,156.8125024,26317.623235684474,86.48750144,False,8
4467,596.016,2884.72943574344,-2176.320164859659,166.0,26329.118888888886,92.0,False,8
4468,596.031,2877.0,-2174.0,166.5624928,26329.829234143654,92.5624928,False,8
4469,596.176,2830.965412448267,-2159.7121525632115,172.0,26336.763333333336,98.0,False,8
4470,596.351,2794.0,-2147.0,178.99999232,26345.48200178593,98.0,False,8
4471,596.376,2785.073203636525,-2144.0046208671406,180.0,26346.763333333332,98.0,False,8
4472,596.631,2658.0,-2101.0,188.4999936,26360.357580726988,99.0624992,False,8
4473,596.831,2559.0,-2064.0,195.16666026666667,26371.488568170782,99.89583253333333,False,8
4474,596.856,2546.6369179886988,-2059.088258890805,196.0,26372.896666666667,100.0,False,8
4475,597.09,2428.0,-2008.0,202.43499648,26386.255447650925,100.0,False,8
4476,597.13,2407.0,-1998.0,203.53499648,26388.568007807196,100.0,False,8
4477,597.256,2346.5212194363157,-1967.755482346906,207.0,26395.896666666667,100.0,False,8
4478,597.41,2266.0,-1923.0,210.8499968,26404.94699541615,100.0,False,8
4479,597.456,2235.657815328247,-1905.206689448052,212.0,26407.67444444445,100.0,False,8
4480,597.59,2143.0,-1849.0,214.39285485714285,26415.688688275746,100.0,False,8
4481,597.736,2068.819725808883,-1800.5879115303521,217.0,26424.552222222224,100.0,False,8
4482,597.75,2062.0,-1796.0,217.3499968,26425.410209879392,100.0,False,8
4483,597.976,1946.6507986860724,-1716.6985547639724,223.0,26439.418888888893,100.0,False,8
4484,598.03,1920.0,-1698.0,223.57857005714285,26442.788389006066,100.0,False,8
4485,598.256,1809.777275367412,-1618.5286010623538,226.0,26456.99666666667,100.0,False,8
4486,598.29,1789.0,-1603.0,226.67999744,26459.15971585247,100.0,False,8
4487,598.456,1669.5012098737827,-1512.0023868959106,230.0,26469.77444444445,100.0,False,8
4488,598.511,1637.0,-1487.0,229.37641931993386,26473.275192391186,87.5283863986774,False,8
4489,598.751,1557.0,-1424.0,226.65533048966248,26488.393960088008,33.1066097932495,False,8
4490,598.897,1492.9787525638087,-1372.1540168145495,225.0,26497.336944444454,0.0,True,8
4491,599.057,1409.565038496122,-1304.4127378821163,214.0,26506.848055555565,0.0,True,8
4492,599.091,1393.0,-1291.0,212.2999936,26508.819566024864,0.0,True,8
4493,599.251,1320.0,-1232.0,204.2999936,26517.827993179108,0.0,True,8
4494,599.297,1299.6951340840576,-1215.532015796431,202.0,26520.314722222232,0.0,True,8
4495,599.471,1225.0,-1155.0,191.125008,26529.272462486446,0.0,True,8
4496,599.631,1161.0,-1104.0,181.125008,26536.943155662364,0.0,True,8
4497,599.697,1136.851156586449,-1084.5662468733303,177.0,26539.981388888897,0.0,True,8
4498,599.831,1086.0,-1042.0,166.9500096,26545.927587634433,0.0,True,8
4499,599.937,1034.6101869622019,-996.2081052306506,159.0,26550.5813888889,0.0,True,8
4500,600.097,955.4065688191877,-923.0823670167425,159.0,26557.648055555564,0.0,True,8
4501,600.111,950.0,-918.0,158.37000576,26558.24616944184,0.0,True,8
4502,600.497,869.3774633699329,-830.1583352998306,141.0,26573.31472222223,0.0,True,8
4503,600.531,860.0,-818.0,140.1499968,26574.584015656674,0.0,True,8
4504,600.611,835.0,-785.0,138.1499968,26577.552545463986,0.0,True,8
4505,600.857,783.0189830405619,-700.4126662941002,132.0,26586.51472222223,0.0,True,8
4506,600.971,768.0,-666.0,129.71999744,26590.57818310639,0.0,True,8
4507,601.057,758.9375792559646,-640.4098420234285,128.0,26593.625833333343,0.0,False,8
4508,601.217,747.3274981316379,-592.3719446961633,127.0,26599.270277777785,0.0,False,8
4509,601.271,745.0,-575.0,126.10000213333333,26601.142944083724,0.22499946666666668,False,8
4510,601.457,743.1433699537165,-510.0500259859972,123.0,26607.470277777786,1.0,False,8
4511,601.591,747.0,-462.0,121.66000128,26611.967444471637,12.38998912,False,8
4512,601.657,750.261500974184,-438.8426592337525,121.0,26614.19250000001,18.0,False,8
4513,601.671,751.0,-434.0,121.1749984,26614.66674658448,18.7874928,False,8
4514,601.817,759.0008198441532,-385.20292005520304,123.0,26619.659166666675,27.0,False,8
4515,601.971,766.0,-330.0,124.71587855761497,26625.014264420828,43.30084629734216,False,8
4516,602.171,770.0,-248.0,126.94429041661675,26632.142469980765,64.47075895785913,False,8
4517,602.176,770.0511761176972,-246.23388028085043,127.0,26632.3238888889,65.0,False,8
4518,602.416,769.382874235317,-181.64689993906885,133.0,26641.190555555568,68.0,False,8
4519,602.531,762.0,-132.0,133.86250048,26645.50398126994,57.07499392,False,8
4520,602.711,741.0,-21.0,135.21249856,26652.314485846233,39.97501824,False,8
4521,602.816,733.0179801522523,16.84863901701083,136.0,26656.301666666677,30.0,False,8
4522,603.016,720.009901271053,46.33177136437518,137.0,26663.912777777787,30.0,False,8
4523,603.051,715.0,55.0,137.0,26665.24442372071,33.25000594285714,False,8
4524,603.296,655.2892546730428,153.1501920265407,137.0,26674.568333333347,56.0,False,8
4525,603.431,622.0,205.0,138.1249984,26679.72798964636,63.3124896,False,8
4526,603.536,601.9659340039747,234.0874962209852,139.0,26683.83500000001,69.0,False,8
4527,603.776,560.0944849105352,286.0675579196605,149.0,26693.768333333344,76.0,False,8
4528,603.85,536.0,316.0,151.95999488,26697.00675099271,78.7749952,False,8
4529,604.07,442.0,434.0,160.75999488,26707.09909077588,87.0249952,False,8
4530,604.176,415.27800033168285,467.4539594053885,165.0,26712.10166666668,91.0,False,8
4531,604.39,384.0,506.0,172.64285257142856,26722.42565586673,97.87856731428572,False,8
4532,604.456,367.97839841042605,525.7259665251241,175.0,26725.71277777779,100.0,False,8
4533,604.61,316.0,589.0,179.89999592727273,26733.614675842393,100.0,False,8
4534,604.896,180.13922304165868,749.0255737063017,189.0,26748.812777777788,100.0,False,8
4535,604.91,175.0,755.0,189.27860450662035,26749.557610077507,100.0,False,8
4536,605.097,130.79180105915856,805.4921731988608,193.0,26759.58861111112,100.0,False,8
4537,605.251,93.0,844.0,199.2562552,26768.243661889323,100.0,False,8
4538,605.417,25.54839129595363,909.7193050267464,206.0,26777.899722222235,100.0,False,8
4539,605.431,20.0,915.0,206.4666624,26778.72315444854,100.0,False,8
4540,605.657,-63.920179554605575,990.242218827405,214.0,26792.1663888889,100.0,False,8
4541,605.731,-112.0,1030.0,214.9250016,26796.590850362572,100.0,False,8
4542,605.817,-188.9270138535943,1092.5264675091414,216.0,26801.7663888889,100.0,False,8
4543,605.891,-254.0,1145.0,217.6187528,26806.274870918267,100.0,False,8
4544,606.137,-352.57632545078786,1222.493453930437,223.0,26821.588611111118,100.0,False,8
4545,606.331,-402.0,1261.0,228.82000384,26833.926529682205,100.0,False,8
4546,606.337,-404.278097786595,1262.8261420712079,229.0,26834.310833333344,100.0,False,8
4547,606.491,-480.0,1327.0,230.54000128,26844.224098564177,100.0,False,8
4548,606.711,-632.0,1480.0,232.73999872,26858.507565405103,100.0,False,8
4549,606.737,-643.8373814189417,1492.684233120701,233.0,26860.19972222223,100.0,False,8
4550,606.977,-689.1157715418076,1557.4351147019086,235.0,26875.8663888889,100.0,False,8
4551,606.991,-692.0,1563.0,235.09999908571427,26876.78413201019,100.0,False,8
4552,607.257,-778.6787952746321,1736.5997797628272,237.0,26894.29972222223,100.0,False,8
4553,607.371,-814.0,1814.0,237.47500053333334,26901.833851430103,100.0,False,8
4554,607.497,-842.7812797759626,1885.5568316238414,238.0,26910.166388888898,100.0,False,8
4555,607.657,-869.3650063947416,1966.4081539029612,238.0,26920.744166666682,100.0,False,8
4556,607.691,-875.0,1985.0,238.12142902857144,26922.99545287802,100.0,False,8
4557,607.891,-907.0,2104.0,238.83571474285714,26936.271677635563,100.0,False,8
4558,607.937,-912.9891653083821,2132.645226948719,239.0,26939.33305555557,100.0,False,8
4559,608.097,-928.8209033513505,2234.377112049062,240.0,26949.999722222234,100.0,False,8
4560,608.191,-935.0,2293.0,240.0,26956.269390559275,100.0,False,8
4561,608.297,-939.4274896892306,2358.167227911055,240.0,26963.33305555557,100.0,False,8
4562,608.351,-941.0,2399.0,240.0,26966.925785826214,100.0,False,8
4563,608.457,-943.1874290277576,2504.1055216535574,240.0,26973.999722222234,100.0,False,8
4564,608.551,-944.0,2601.0,240.67142765714286,26980.35355743497,100.0,False,8
4565,608.737,-942.1616561100557,2743.4148306992342,242.0,26992.821944444455,100.0,False,8
4566,608.951,-937.0,2866.0,229.3257497474989,27006.12195099581,51.252883644226536,False,8
4567,609.176,-931.4841820519304,2999.2988132679943,216.0,27019.16194444446,0.0,True,8
4568,609.371,-926.0,3100.0,200.56249493333334,27029.920636545598,0.0,True,8
4569,609.416,-924.5672948757982,3119.1223553020027,197.0,27032.295277777794,0.0,True,8
4570,609.736,-914.1563430977748,3233.767867439968,176.0,27047.939722222236,0.0,True,8
4571,609.831,-913.0,3290.0,168.8750144,27052.276133306314,0.0,True,8
4572,609.936,-913.2209253026414,3370.794029834992,161.0,27056.88416666668,0.0,True,8
4573,610.031,-914.0,3435.0,155.062512,27060.846150608733,0.0,True,8
4574,610.176,-914.9553927969766,3473.7890622621794,146.0,27066.617500000015,0.0,True,8
4575,610.31,-917.0,3490.0,141.812504,27071.808282605874,0.0,True,8
4576,610.496,-923.7788700336281,3546.2271161227304,136.0,27078.706388888902,0.0,True,8
4577,610.67,-937.0,3621.0,126.43000703999999,27084.757067786344,0.0,True,8
4578,610.696,-939.7595773202078,3632.9758983787815,125.0,27085.650833333348,0.0,True,8
4579,610.87,-961.0,3711.0,123.26000128,27091.609882172557,0.0,True,8
4580,610.896,-963.8737667731555,3720.1776212815817,123.0,27092.48416666668,0.0,True,8
4581,611.096,-981.9919841853722,3765.4749416852846,117.0,27098.98416666668,0.0,True,8
4582,611.23,-995.0,3791.0,111.73571931428572,27103.03974717734,0.0,True,8
4583,611.376,-1014.0565358032883,3826.0066824025494,106.0,27107.228611111124,0.0,True,8
4584,611.41,-1021.0,3836.0,105.29314186021014,27108.179432336037,0.0,True,8
4585,611.61,-1078.0,3903.0,101.13513714895795,27113.58411542388,0.0,True,8
4586,611.857,-1113.5340600127352,3939.6925580499337,96.0,27120.055277777792,0.0,True,8
4587,612.017,-1135.9833054356031,3948.3544069083714,94.0,27124.23305555557,0.0,False,8
4588,612.091,-1156.0,3955.0,92.6124976,27126.116162995586,0.9250016,False,8
4589,612.177,-1186.918031774991,3964.8206634159865,91.0,27128.277500000015,2.0,False,8
4590,612.291,-1228.0,3977.0,90.52499946666667,27131.13618335268,8.650007466666667,False,8
4591,612.417,-1252.4387526867604,3982.118179071379,90.0,27134.277500000015,16.0,False,8
4592,612.571,-1273.0,3982.0,89.0374992,27138.08445367191,16.0,False,8
4593,612.577,-1274.1461209089207,3982.0024045076652,89.0,27138.23305555557,16.0,False,8
4594,612.737,-1313.8718873516568,3982.2648199058976,90.0,27142.23305555557,36.0,False,8
4595,612.831,-1339.0,3982.0,91.56666453333334,27144.6560095064,40.30832746666667,False,8
4596,612.977,-1374.413359832184,3980.3955428133377,94.0,27148.499722222237,47.0,False,8
4597,613.111,-1407.0,3978.0,95.91428388571428,27152.051146185557,57.0499904,False,8
4598,613.257,-1446.4193632586198,3974.785509183647,98.0,27156.121944444458,68.0,False,8
4599,613.291,-1456.0,3974.0,99.4875056,27157.12886270847,68.6375024,False,8
4600,613.491,-1515.0,3970.0,108.2375056,27163.503043160752,72.3875024,False,8
4601,613.671,-1572.0,3970.0,116.1124944,27169.682441133376,75.7624976,False,8
4602,613.737,-1592.12704481227,3970.398625549545,119.0,27171.988611111126,77.0,False,8
4603,613.831,-1624.0,3973.0,123.22999424,27175.31046610021,72.77000576,False,8
4604,613.937,-1672.5909344163354,3982.183897251002,128.0,27179.09972222224,68.0,False,8
4605,614.131,-1773.0,4011.0,130.1555569777778,27186.125658616405,64.76666453333333,False,8
4606,614.297,-1833.8999645902702,4039.7063697292497,132.0,27192.29972222224,62.0,False,8
4607,614.551,-1895.0,4086.0,138.3499968,27202.098819703508,61.0928576,False,8
4608,614.577,-1900.5132141264937,4090.5163212685243,139.0,27203.11083333335,61.0,False,8
4609,614.777,-1939.706650996937,4124.78837833907,141.0,27210.944166666686,63.0,False,8
4610,614.891,-1966.0,4151.0,143.8500032,27215.527341034318,65.28000256,False,8
4611,614.977,-1989.4402703304108,4175.834345320301,146.0,27219.055277777796,67.0,False,8
4612,615.051,-2010.0,4199.0,147.5136389818182,27222.141553986137,68.51363898181818,False,8
4613,615.231,-2056.0,4259.0,151.19545192727273,27229.841819940848,72.19545192727273,False,8
4614,615.417,-2106.5847783718195,4340.563483777695,155.0,27237.99972222224,76.0,False,8
4615,615.577,-2145.5326122248516,4412.131412201286,161.0,27245.155277777794,82.0,False,8
4616,615.611,-2152.0,4425.0,161.6395007118243,27246.698995604464,82.10658345197072,False,8
4617,615.871,-2187.0,4510.0,166.52977704731745,27258.77245176327,82.92162950788624,False,8
4618,615.896,-2190.532570639678,4520.113070366508,167.0,27259.95333333335,83.0,False,8
4619,616.051,-2214.0,4592.0,171.5208352,27267.353999269133,88.1666688,False,8
4620,616.136,-2225.6951680075867,4632.762452744895,174.0,27271.55333333335,91.0,False,8
4621,616.351,-2251.0,4738.0,186.54165546666667,27282.750143158806,98.16666026666667,False,8
4622,616.376,-2253.670868041436,4750.607326318333,188.0,27284.086666666684,99.0,False,8
4623,616.551,-2271.0,4842.0,193.83332693333332,27293.58370024935,99.72916586666666,False,8
4624,616.616,-2276.92827840089,4878.105079056832,196.0,27297.15333333335,100.0,False,8
4625,616.751,-2288.0,4952.0,199.3749952,27304.634365658756,100.0,False,8
4626,616.776,-2289.774526709429,4964.346447327768,200.0,27306.042222222237,100.0,False,8
4627,616.936,-2299.378069402404,5035.195806106174,207.0,27315.24222222224,100.0,False,8
4628,617.01,-2304.0,5072.0,208.6187472,27319.570381691265,100.0,False,8
4629,617.19,-2317.0,5179.0,212.5562472,27330.270978724024,100.0,False,8
4630,617.256,-2322.0629083583112,5218.776665635543,214.0,27334.26444444446,100.0,False,8
4631,617.35,-2329.0,5275.0,217.35713828571429,27340.018926095912,100.0,False,8
4632,617.51,-2339.0,5372.0,223.071424,27350.027390256197,100.0,False,8
4633,617.536,-2340.686934003633,5388.117222382962,224.0,27351.68666666668,100.0,False,8
4634,617.77,-2357.0,5538.0,234.86427977142858,27367.02956510618,100.0,False,8
4635,617.816,-2360.083083624994,5568.282768568302,237.0,27370.120000000017,100.0,False,8
4636,618.056,-2375.150895371978,5729.513221482616,247.0,27386.586666666684,100.0,False,8
4637,618.07,-2376.0,5739.0,247.34890653685363,27387.562546355635,100.0,False,8
4638,618.17,-2382.0,5807.0,249.84111887174956,27394.57902502008,100.0,False,8
4639,618.377,-2394.075585317267,5950.154387010885,255.0,27409.32416666668,100.0,False,8
4640,618.431,-2397.0,5988.0,256.687496,27413.209253578756,100.0,False,8
4641,618.537,-2402.3722455200427,6062.855681666916,260.0,27420.879722222242,100.0,False,8
4642,618.631,-2407.0,6130.0,261.5666645333333,27427.728502994152,100.0,False,8
4643,618.777,-2414.3752905282104,6235.92761062615,264.0,27438.479722222244,100.0,False,8
4644,618.871,-2419.0,6305.0,265.65882127058825,27445.498995763915,100.0,False,8
4645,619.431,-2441.0,6728.0,275.5411742117647,27488.586817792264,100.0,False,8
4646,619.457,-2441.7182070566823,6748.062795453155,276.0,27490.613055555572,100.0,False,8
4647,619.591,-2445.0,6851.0,278.87142582857143,27501.07921459705,100.0,False,8
4648,619.737,-2447.9527787694083,6958.886316469512,282.0,27512.546388888903,100.0,False,8
4649,619.831,-2449.0,7039.0,283.1749984,27519.976053262926,100.0,False,8
4650,619.977,-2448.7169404413335,7194.735412169506,285.0,27531.546388888903,100.0,False,8
4651,620.111,-2447.0,7339.0,285.0,27542.14773695219,100.0,False,8
4652,620.137,-2446.565424877214,7363.8455242357,285.0,27544.213055555567,100.0,False,8
4653,620.417,-2439.765062497685,7572.464533670954,289.0,27566.690833333352,100.0,False,8
4654,620.551,-2435.0,7660.0,290.1166656,27577.533942553182,100.0,False,8
4655,620.777,-2424.7125127785926,7810.305632715129,292.0,27595.890833333353,100.0,False,8
4656,620.891,-2419.0,7886.0,292.57000064,27605.1635299194,100.0,False,8
4657,620.977,-2414.614935029051,7942.649747168995,293.0,27612.168611111127,100.0,False,8
4658,621.177,-2398.8872562351885,8111.585160804974,294.0,27628.501944444462,100.0,False,8
4659,621.191,-2397.0,8129.0,294.03499968,27629.64705165092,100.0,False,8
4660,621.351,-2371.0,8356.0,294.43499968,27642.749085279524,100.0,False,8
4661,621.577,-2353.097236205698,8498.550332976583,295.0,27661.27972222224,100.0,False,8
4662,621.751,-2340.0,8583.0,295.0,27675.544510816526,100.0,False,8
4663,621.831,-2330.0,8648.0,295.0,27682.101473916508,100.0,False,8
4664,621.977,-2307.8932603848903,8779.84706372807,295.0,27694.057500000017,100.0,False,8
4665,622.137,-2279.924771619228,8931.37380250625,295.0,27707.168611111127,100.0,False,8
4666,622.231,-2264.0,9012.0,295.5874992,27714.93765147157,83.5500224,False,8
4667,622.297,-2253.1487321514105,9064.359637939993,296.0,27720.324166666687,72.0,True,8
4668,622.511,-2219.0,9218.0,282.5830828171871,27736.972569557944,23.699098141873726,True,8
4669,622.616,-2201.9298685926415,9292.631115253671,276.0,27744.780833333352,0.0,True,8
4670,622.691,-2188.0,9352.0,268.87499392,27750.237948248094,0.0,True,8
4671,622.816,-2159.3693048352843,9470.49678424497,257.0,27759.058611111133,0.0,True,8
4672,622.991,-2120.0,9631.0,240.37501824,27770.683417090084,0.0,True,8
4673,623.016,-2115.9302213744136,9647.702214291847,238.0,27772.280833333352,0.0,True,8
4674,623.216,-2097.2382411922295,9725.92842117082,219.0,27784.44750000002,0.0,True,8
4675,623.371,-2085.0,9780.0,205.22221653333332,27792.886201841022,0.0,True,8
4676,623.55,-2063.0,9878.0,189.31112248888888,27801.86368507521,0.0,True,8
4677,623.576,-2059.140939130788,9895.158085215062,187.0,27803.14750000002,0.0,True,8
4678,623.776,-2025.63595533944,10043.859697476395,174.0,27812.814166666685,0.0,True,8
4679,623.87,-2014.0,10096.0,168.90834026666667,27817.146567496136,0.0,True,8
4680,624.016,-2005.3124254008412,10136.377064802857,161.0,27823.54750000002,0.0,True,8
4681,624.25,-1989.0,10194.0,148.13000704,27832.869285969555,0.0,True,8
4682,624.41,-1956.0,10304.0,139.33000704,27838.775393290296,0.0,True,8
4683,624.416,-1955.0231847343166,10307.209595709686,139.0,27838.991944444468,0.0,True,8
4684,624.73,-1934.0,10363.0,125.916672,27849.86003341288,0.0,True,8
4685,624.776,-1929.241976817892,10372.539391033502,124.0,27851.391944444465,0.0,True,8
4686,625.031,-1889.0,10449.0,116.74021733585022,27859.633557905003,0.0,True,8
4687,625.057,-1884.6406715422534,10455.688084996502,116.0,27860.44638888891,0.0,True,8
4688,625.251,-1846.0,10498.0,111.1499968,27866.35021292471,0.0,True,8
4689,625.337,-1818.0310314944545,10517.473671673875,109.0,27868.92416666669,0.0,True,8
4690,625.511,-1749.0,10554.0,108.03333404444444,27874.107424963746,8.216660622222221,True,8
4691,625.697,-1682.7395385447196,10573.924414512845,107.0,27879.62416666669,17.0,False,8
4692,625.857,-1636.854107712154,10581.490021580918,107.0,27884.379722222246,41.0,False,8
4693,625.891,-1629.0,10583.0,107.4958352,27885.40473945034,42.9833408,False,8
4694,626.231,-1570.0,10600.0,112.4541648,27896.051583688622,62.8166592,False,8
4695,626.337,-1542.6509526127627,10609.592519929207,114.0,27899.579722222246,69.0,False,8
4696,626.491,-1492.0,10631.0,121.0583392,27904.901552232437,67.7166656,False,8
4697,626.577,-1458.8862249793647,10648.757467405463,125.0,27907.91305555558,67.0,False,8
4698,626.711,-1408.0,10679.0,126.1166656,27912.60403269028,63.6500032,False,8
4699,626.817,-1377.4622447082759,10698.18410055514,127.0,27916.379722222246,61.0,False,8
4700,627.017,-1335.7581968867303,10729.624421824023,133.0,27923.768611111136,61.0,False,8
4701,627.111,-1310.0,10754.0,134.67856914285716,27927.321107927834,61.67142765714286,False,8
4702,627.297,-1247.1619271318839,10819.454587899487,138.0,27934.50194444447,63.0,False,8
4703,627.311,-1243.0,10824.0,138.437496,27935.05222188825,63.437496,False,8
4704,627.457,-1208.9239424065618,10863.246357643822,143.0,27940.857500000024,68.0,False,8
4705,627.617,-1186.246083494997,10896.021055762461,145.0,27947.301944444465,72.0,False,8
4706,627.751,-1160.0,10942.0,149.01999616,27952.859692392456,76.01999616,False,8
4707,627.817,-1143.6278796899337,10972.280333166555,151.0,27955.690833333356,78.0,False,8
4708,627.971,-1104.0,11049.0,157.416672,27962.591563516366,83.56111573333334,False,8
4709,628.177,-1074.0477837475728,11117.400517328664,166.0,27972.290833333358,91.0,False,8
4710,628.271,-1062.0,11150.0,169.75999488,27976.809905892795,93.3499968,False,8
4711,628.377,-1046.0580276142355,11194.952143378412,174.0,27981.957500000022,96.0,False,8
4712,628.551,-1018.0,11280.0,177.47999744,27990.527179642882,99.47999744,False,8
4713,628.577,-1014.1337410451738,11292.777091700069,178.0,27991.846388888913,100.0,False,8
4714,628.811,-982.0,11409.0,187.5062552,28004.242736864955,100.0,False,8
4715,628.897,-969.9650689601083,11453.40480324566,191.0,28008.824166666695,100.0,False,8
4716,628.991,-957.0,11503.0,191.0,28013.772678798927,100.0,False,8
4717,629.057,-948.3863656212325,11538.379214630133,191.0,28017.31305555558,100.0,False,8
4718,629.211,-928.0,11622.0,199.68966065160413,28026.034528932338,100.0,False,8
4719,629.231,-925.0,11633.0,200.81817262582118,28027.212319524595,100.0,False,8
4720,629.376,-896.6216851569333,11746.954220892596,209.0,28035.8327777778,100.0,False,8
4721,629.531,-866.0,11876.0,213.73611306666666,28045.201477552808,100.0,False,8
4722,629.736,-846.2023471580386,11957.018168798291,220.0,28057.8327777778,100.0,False,8
4723,629.871,-834.0,12010.0,225.9062416,28066.318308961883,100.0,False,8
4724,629.896,-831.0473808810722,12023.301642423325,227.0,28067.921666666687,100.0,False,8
4725,630.176,-786.9006246726868,12229.809870268797,240.0,28086.58833333336,100.0,False,8
4726,630.25,-776.0,12283.0,241.8499968,28091.628084289747,100.0,False,8
4727,630.35,-763.0,12349.0,244.3499968,28098.48330121116,100.0,False,8
4728,630.456,-750.7055718943028,12418.652828127719,247.0,28105.799444444467,100.0,False,8
4729,630.53,-742.0,12470.0,248.8499968,28110.936017906864,100.0,False,8
4730,630.616,-731.0067267959489,12534.200610750613,251.0,28116.95500000002,100.0,False,8
4731,630.87,-697.0,12734.0,257.3499968,28135.139466058547,100.0,False,8
4732,630.896,-693.9539578765706,12752.71122120179,258.0,28137.021666666686,100.0,False,8
4733,631.056,-677.3918355266239,12858.878367001565,262.0,28148.666111111135,100.0,False,8
4734,631.29,-655.0,13008.0,265.1836721899207,28165.921378013867,100.0,False,8
4735,631.471,-635.0,13140.0,267.64625671056785,28179.520051348773,100.0,False,8
4736,631.497,-632.0026831412487,13161.332085202686,268.0,28181.49611111113,100.0,False,8
4737,631.711,-608.0,13348.0,273.3499968,28197.97664827138,100.0,False,8
4738,631.937,-590.7745868560258,13503.304648168078,279.0,28215.596111111136,100.0,False,8
4739,632.051,-584.0,13577.0,279.81428662857144,28224.483865585502,100.0,False,8
4740,632.217,-575.0728317243262,13693.393764523547,281.0,28237.45166666669,100.0,False,8
4741,632.291,-571.0,13763.0,281.74000128,28243.255686957185,100.0,False,8
4742,632.417,-563.6198076222611,13916.78041259823,283.0,28253.173888888916,100.0,False,8
4743,632.491,-560.0,14000.0,283.74000128,28259.021772420194,100.0,False,8
4744,632.617,-556.1977265302181,14097.017707145442,285.0,28269.007222222244,100.0,False,8
4745,632.777,-554.880718939674,14162.070057134913,286.0,28281.71833333336,100.0,False,8
4746,632.891,-554.0,14238.0,286.9500010666667,28290.826560925518,100.0,False,8
4747,633.131,-552.0,14479.0,288.9500010666667,28310.13405530586,100.0,False,8
4748,633.137,-551.9962429083137,14484.492907731512,289.0,28310.618333333354,100.0,False,8
4749,633.297,-553.0931143794629,14606.872995554178,291.0,28323.551666666695,100.0,False,8
4750,633.457,-556.1591890893308,14702.958540102294,291.0,28336.48500000003,100.0,False,8
4751,633.531,-558.0,14753.0,291.2312504,28342.47351686511,100.0,False,8
4752,633.651,-563.0,14849.0,291.6062504,28352.197737712922,100.0,False,8
4753,633.777,-579.8764873823727,15008.394664448064,292.0,28362.440555555586,100.0,False,8
4754,633.871,-594.0,15122.0,292.0,28370.107197218,96.4750048,False,8
4755,634.017,-608.8793733695674,15224.331151551496,292.0,28381.907222222253,91.0,True,8
4756,634.231,-629.0,15314.0,280.6312568,28398.495903799303,30.143786400000003,True,8
4757,634.337,-646.3555176940291,15392.252831432896,275.0,28406.35166666669,0.0,True,8
4758,634.431,-663.0,15467.0,268.2111203555556,28413.1020603089,0.0,True,8
4759,634.651,-699.0,15624.0,252.32221297777778,28428.18899861181,0.0,True,8
4760,634.697,-707.3941646354446,15659.741564487735,249.0,28431.251666666692,0.0,True,8
4761,634.937,-753.7385918992661,15854.698752183813,230.0,28446.58500000003,0.0,True,8
4762,634.971,-759.0,15877.0,226.0333184,28448.606716757065,0.0,True,8
4763,635.177,-780.996759463161,15972.317930657846,202.0,28460.051666666695,0.0,True,8
4764,635.351,-796.0,16041.0,189.91667555555554,28468.988509325274,0.0,True,8
4765,635.511,-813.0,16120.0,178.80556444444446,28476.5826813225,0.0,True,8
4766,635.537,-815.7322320519683,16132.506960000055,177.0,28477.751666666692,0.0,True,8
4767,635.671,-829.0,16193.0,166.92902975478518,28483.487821579874,0.0,True,8
4768,635.871,-846.0,16278.0,151.89771652306084,28491.224943113048,0.0,True,8
4769,636.016,-860.3309437940936,16359.905207843192,141.0,28496.512500000026,0.0,True,8
4770,636.151,-872.0,16432.0,132.562512,28501.24325717335,0.0,True,8
4771,636.336,-879.744682095251,16490.259239402527,121.0,28507.268055555585,0.0,True,8
4772,636.65,-880.0,16540.0,101.81111893333333,28515.947274677703,0.0,True,8
4773,636.696,-880.0203479319372,16550.847078665716,99.0,28517.168055555587,0.0,True,8
4774,636.79,-879.0,16576.0,96.6500032,28519.665549888356,0.0,True,8
4775,636.896,-873.2511264105309,16608.41584523324,94.0,28522.390277777806,0.0,True,8
4776,637.05,-861.0,16652.0,87.2625056,28525.972798198127,0.0,True,8
4777,637.216,-851.3738721515763,16675.02818282279,80.0,28529.501388888915,0.0,True,8
4778,637.33,-840.0,16688.0,76.20000426666667,28531.831841257525,0.0,True,8
4779,637.456,-817.9536549657814,16707.975469151694,72.0,28534.301388888918,0.0,True,8
4780,637.67,-770.0,16743.0,67.3187528,28538.203054283367,0.0,True,8
4781,637.776,-749.6338907994559,16752.453000881404,65.0,28540.079166666692,0.0,True,8
4782,637.936,-723.6335290508464,16757.27953861693,63.0,28542.879166666695,0.0,True,8
4783,638.071,-706.0,16759.0,60.756235480329835,28545.100837965707,0.0,True,8
4784,638.297,-683.7267802986456,16760.125635156754,57.0,28548.59500000003,0.0,False,8
4785,638.391,-671.0,16758.0,56.1187512,28550.021630660216,0.0,False,8
4786,638.617,-626.2502808140745,16744.76757953531,54.0,28553.395000000026,0.0,False,8
4787,638.691,-614.0,16740.0,53.62999936,28554.48256622193,0.0,False,8
4788,638.817,-600.1884036220464,16732.70670955209,53.0,28556.33944444447,0.0,False,8
4789,638.977,-589.8229656433216,16722.754073745404,55.0,28558.783888888916,27.0,False,8
4790,639.031,-585.0,16718.0,56.07999744,28559.646139656506,28.07999744,False,8
4791,639.177,-568.2425182255291,16701.588367822373,59.0,28562.061666666697,31.0,False,8
4792,639.251,-560.0,16693.0,60.11000192,28563.313372564677,31.0,False,8
4793,639.377,-548.6946029888037,16679.684488530187,62.0,28565.506111111143,31.0,False,8
4794,639.511,-534.0,16656.0,65.3499968,28567.968200434392,41.0499904,False,8
4795,639.577,-523.1612800611578,16636.17397289814,67.0,28569.22833333337,46.0,False,8
4796,639.731,-496.0,16584.0,70.8500032,28572.2888112195,48.5666688,False,8
4797,639.817,-487.1250055793723,16566.415735531238,73.0,28574.095000000038,50.0,False,8
4798,640.057,-477.47840147054256,16539.239651327225,82.0,28579.561666666705,63.0,False,8
4799,640.091,-475.0,16531.0,83.53000576,28580.38564081987,64.36000512,False,8
4800,640.257,-457.7949272720161,16473.406406988724,91.0,28584.61722222226,71.0,False,8
4801,640.311,-453.0,16457.0,93.50713691428571,28586.091662782776,72.3499968,False,8
4802,640.537,-444.1009580831916,16422.59003333731,104.0,28592.706111111154,78.0,False,8
4803,640.631,-441.0,16407.0,107.02142445714286,28595.574859901586,78.67142765714286,False,8
4804,640.817,-431.19622621676035,16356.403012176723,113.0,28601.49500000004,80.0,False,8
4805,640.891,-427.0,16333.0,115.96000512,28603.979123876707,83.7000064,False,8
4806,641.111,-416.0,16260.0,124.75999488,28611.81000313322,94.6999936,False,8
4807,641.217,-412.1512926269932,16222.212991534296,129.0,28615.828333333375,100.0,False,8
4808,641.311,-409.0,16187.0,137.812488,28619.527427708104,100.0,False,8
4809,641.377,-406.62148134473193,16161.233499915541,144.0,28622.228333333376,100.0,False,8
4810,641.531,-401.0,16098.0,155.5500096,28628.89508365281,100.0,False,8
4811,641.537,-400.7995800661552,16095.45865708434,156.0,28629.16166666671,100.0,False,8
4812,641.811,-392.0,15974.0,165.78571885714285,28641.785210812042,100.0,False,8
4813,641.817,-391.75543592466363,15971.252583761152,166.0,28642.072777777823,100.0,False,8
4814,641.991,-383.0,15890.0,174.07856548571428,28650.628801826497,100.0,False,8
4815,642.097,-375.68364661969713,15838.572644571248,179.0,28655.995000000046,100.0,False,8
4816,642.191,-368.0,15792.0,183.1124944,28660.827877654337,100.0,False,8
4817,642.257,-361.99526958830813,15758.918095035557,186.0,28664.26166666671,100.0,False,8
4818,642.371,-350.0,15701.0,188.54039237162922,28670.269669237197,100.0,False,8
4819,642.451,-340.0,15660.0,190.32312185883063,28674.544611531877,100.0,False,8
4820,642.616,-316.6395125650478,15576.684311523579,194.0,28683.60777777782,100.0,False,8
4821,642.651,-310.0,15556.0,196.4062544,28685.577475963903,100.0,False,8
4822,642.776,-279.63726989823516,15468.66704731885,205.0,28692.71888888893,100.0,False,8
4823,642.936,-232.6116933182712,15343.019885729262,209.0,28702.00777777782,100.0,False,8
4824,643.011,-215.0,15297.0,211.8125024,28706.46985167358,100.0,False,8
4825,643.176,-188.23435985833066,15229.552264495278,218.0,28716.541111111153,100.0,False,8
4826,643.37,-159.0,15161.0,223.7318144,28728.777086238995,100.0,False,8
4827,643.57,-110.0,15046.0,229.6409053090909,28741.755137109132,100.0,False,8
4828,643.616,-98.45531544864905,15018.571934614261,231.0,28744.774444444483,100.0,False,8
4829,643.73,-70.0,14951.0,234.6642816,28752.311752412774,100.0,False,8
4830,643.896,-26.66561322478936,14850.590367087358,240.0,28763.441111111148,100.0,False,8
4831,643.91,-23.0,14842.0,240.2624976,28764.38910943929,100.0,False,8
4832,644.09,24.0,14730.0,243.6374976,28776.700828643225,100.0,False,8
4833,644.216,57.77266796669883,14650.364284392155,246.0,28785.307777777816,100.0,False,8
4834,644.45,122.0,14500.0,246.0,28801.069960952278,100.0,False,8
4835,644.49,133.0,14474.0,246.0,28803.79523907735,100.0,False,8
4836,644.617,168.0980452040675,14392.2107932217,246.0,28812.70944444448,100.0,False,8
4837,644.777,214.4209366193579,14286.183537334216,264.0,28824.44277777782,100.0,False,8
4838,644.811,225.0,14262.0,264.8500032,28826.96571515507,100.0,False,8
4839,644.977,280.48123347135197,14135.24291845064,269.0,28839.387222222256,100.0,False,8
4840,645.111,330.0,14022.0,271.9312472,28849.59468041049,100.0,False,8
4841,645.297,405.85908488174306,13848.141309069306,276.0,28863.920555555596,100.0,False,8
4842,645.511,484.0,13668.0,277.78333226666666,28880.43237378686,100.0,False,8
4843,645.537,491.2284270127239,13651.182600270538,278.0,28882.45388888893,100.0,False,8
4844,645.817,544.3092210365792,13525.478464680853,284.0,28904.542777777817,100.0,False,8
4845,645.891,558.0,13493.0,285.4147083294118,28910.495668631607,100.0,False,8
4846,646.497,736.7533213132839,13061.891504205163,297.0,28960.642777777815,100.0,False,8
4847,646.551,763.0,12995.0,298.3499968,28965.14718346084,100.0,False,8
4848,646.657,820.1589532367946,12847.70477644366,301.0,28974.020555555602,100.0,False,8
4849,646.731,854.0,12760.0,302.5857170285714,28980.27339993599,100.0,False,8
4850,646.937,892.3932358970923,12659.261808932752,307.0,28997.898333333374,100.0,False,8
4851,647.031,908.0,12616.0,308.2818164363636,29006.011499323897,100.0,False,8
4852,647.251,971.0,12438.0,311.28181992727275,29025.147979576395,100.0,False,8
4853,647.377,1005.1815519709481,12335.601421611433,313.0,29036.153888888926,100.0,False,8
4854,647.551,1051.0,12190.0,314.30499904,29051.38964696163,100.0,False,8
4855,647.777,1117.4631153422579,11969.976173505496,316.0,29071.265000000043,100.0,False,8
4856,647.791,1121.0,11958.0,316.10499904,29072.500424869046,100.0,False,8
4857,647.971,1164.0,11806.0,317.45500096,29088.42872798245,100.0,False,8
4858,648.171,1236.0,11532.0,318.95500096,29106.176952438756,100.0,False,8
4859,648.177,1237.4970729098425,11526.288190946745,319.0,29106.70944444449,100.0,False,8
4860,648.431,1267.0,11412.0,319.63499968,29129.25853493323,100.0,False,8
4861,648.577,1307.6968558061262,11245.264901422463,320.0,29142.265000000043,100.0,False,8
4862,648.737,1360.4577628011555,11027.68055433749,322.0,29156.57611111115,100.0,False,8
4863,648.751,1364.0,11013.0,322.04999954285717,29157.83031525011,100.0,False,8
4864,649.017,1400.2684560479795,10860.03113303971,323.0,29181.698333333377,100.0,False,8
4865,649.171,1422.0,10769.0,323.0,29195.52304994876,100.0,False,8
4866,649.271,1443.0,10682.0,323.0,29204.4971112008,100.0,False,8
4867,649.376,1464.039933783824,10593.00223392047,323.0,29213.908611111146,100.0,False,8
4868,649.571,1504.0,10420.0,322.1874997333333,29231.35520291949,100.0,False,8
4869,649.616,1515.181777224298,10371.741096863954,322.0,29235.375277777814,100.0,False,8
4870,649.83,1573.0,10123.0,321.4055559111111,29254.462257502288,100.0,False,8
4871,649.976,1605.2590410412977,9984.73945398375,321.0,29267.475277777812,100.0,False,8
4872,650.136,1633.9320892222545,9862.383131331082,321.0,29281.741944444475,100.0,False,8
4873,650.23,1650.0,9794.0,321.0,29290.12651391158,100.0,False,8
4874,650.416,1680.65692149125,9663.908022317119,321.0,29306.70861111115,100.0,False,8
4875,650.59,1711.0,9534.0,320.51666702222224,29322.181916965164,100.0,False,8
4876,650.776,1747.9524345480725,9373.567005078414,320.0,29338.708611111142,100.0,False,8
4877,650.83,1759.0,9326.0,320.0,29343.510088703042,100.0,False,8
4878,650.936,1780.7217091809894,9233.527105842755,320.0,29352.93083333337,100.0,False,8
4879,651.07,1808.0,9118.0,319.52313201950335,29364.805028880503,100.0,False,8
4880,651.217,1837.3072671441969,8992.246119668667,319.0,29377.830555555585,100.0,False,8
4881,651.251,1844.0,8963.0,319.2125008,29380.85061382431,100.0,False,8
4882,651.377,1868.5415273301026,8853.615202715913,320.0,29392.052777777804,100.0,False,8
4883,651.471,1887.0,8772.0,319.7062504,29400.393243522456,100.0,False,8
4884,651.551,1903.0,8703.0,319.4562504,29407.478225680745,100.0,False,8
4885,651.697,1932.3219423807113,8576.932259644722,319.0,29420.408333333362,100.0,False,8
4886,651.771,1947.0,8513.0,319.0,29426.96698671035,100.0,False,8
4887,651.857,1963.7860028501286,8438.727747351544,319.0,29434.586111111137,100.0,False,8
4888,651.971,1986.0,8340.0,318.6437496,29444.666921599717,100.0,False,8
4889,652.131,2018.0,8200.0,318.1437496,29458.791358547016,100.0,False,8
4890,652.177,2027.2699260176066,8159.30759886947,318.0,29462.852777777807,100.0,False,8
4891,652.457,2083.4024684698966,7911.7184126783095,318.0,29487.586111111137,100.0,False,8
4892,652.491,2090.0,7883.0,318.0,29490.590691407386,100.0,False,8
4893,652.571,2106.0,7814.0,318.0,29497.661280750253,100.0,False,8
4894,652.737,2154.775923828021,7608.599648706064,318.0,29512.319444444467,100.0,False,8
4895,652.871,2192.0,7453.0,317.52142902857145,29524.12030979064,100.0,False,8
4896,653.017,2214.3024806081817,7359.6105504338975,317.0,29536.975000000028,100.0,False,8
4897,653.231,2241.0,7248.0,317.76428525714283,29555.870476250137,100.0,False,8
4898,653.297,2256.8732265076264,7181.869734333817,318.0,29561.708333333358,100.0,False,8
4899,653.491,2311.0,6956.0,317.3071424,29578.86877061313,93.07142400000001,False,8
4900,653.577,2326.6022375285343,6890.072834697306,317.0,29586.36388888891,90.0,False,8
4901,653.771,2351.0,6786.0,306.2222151111111,29602.85853864321,41.499968,False,8
4902,653.937,2381.09584443071,6660.98627122459,297.0,29616.063888888915,0.0,True,8
4903,654.137,2419.775357128586,6500.39562645179,261.0,29630.563888888908,0.0,True,8
4904,654.151,2422.0,6491.0,260.0375088,29631.55657598262,0.0,True,8
4905,654.297,2442.2451771416245,6404.078538900269,250.0,29641.675000000025,0.0,True,8
4906,654.371,2457.0,6341.0,241.57220764444443,29646.396373388176,0.0,True,8
4907,654.511,2495.0,6180.0,225.62779235555556,29654.506936862774,0.0,True,8
4908,654.657,2511.0518877307304,6112.136930499821,209.0,29662.575000000026,0.0,True,8
4909,654.811,2519.0,6077.0,200.19999268571428,29670.99554047414,0.0,True,8
4910,654.937,2538.1256169184935,5992.312761529492,193.0,29677.586111111137,0.0,True,8
4911,655.097,2566.2792857160757,5867.621055459537,175.0,29685.36388888891,0.0,True,8
4912,655.111,2568.0,5860.0,174.23000704,29686.024399773873,0.0,True,8
4913,655.297,2579.2819877163993,5809.842838671272,164.0,29694.475000000028,0.0,True,8
4914,655.431,2584.0,5782.0,156.4625072,29699.973845895132,0.0,True,8
4915,655.631,2596.0,5701.0,145.2125072,29707.351421970852,0.0,True,8
4916,655.777,2602.098500676456,5644.472404117468,137.0,29712.741666666698,0.0,True,8
4917,655.937,2604.941567706181,5587.909028826861,135.0,29718.741666666698,0.0,True,8
4918,655.951,2605.0,5583.0,134.8113588104649,29719.25848512089,0.6063466806485202,True,8
4919,656.171,2601.0,5507.0,131.8469667081753,29727.10995700996,10.134749866579412,True,8
4920,656.976,2487.0756919528762,5259.489087871207,121.0,29753.663611111144,45.0,False,8
4921,657.07,2472.0,5232.0,122.30555377777777,29756.91914602591,44.21666773333333,False,8
4922,657.25,2445.0,5179.0,124.80555377777777,29763.252521606817,42.71666773333333,False,8
4923,657.336,2433.7130977333595,5152.2784123799565,126.0,29766.263611111142,42.0,False,8
4924,657.47,2419.0,5109.0,125.4416672,29770.918339861862,44.2333312,False,8
4925,657.576,2410.4763743457543,5074.028575794599,125.0,29774.596944444478,46.0,False,8
4926,657.63,2407.0,5056.0,125.26865616514425,29776.477667545347,47.88059315600976,False,8
4927,657.751,2401.0,5015.0,125.87064608816591,29780.71469853699,52.09452261716143,False,8
4928,657.777,2400.0186412261082,5005.99902345502,126.0,29781.63194444448,53.0,False,8
4929,657.951,2396.0,4944.0,128.718748,29787.838277475283,66.0499904,False,8
4930,658.097,2395.4500843062206,4890.258283084305,131.0,29793.276388888924,77.0,False,8
4931,658.271,2398.0,4824.0,138.39499456,29800.17495296857,79.60999808,False,8
4932,658.451,2404.0,4753.0,146.04500544,29807.734557668424,82.31000192,False,8
4933,658.497,2405.86750263849,4734.845425009571,148.0,29809.72083333337,83.0,False,8
4934,658.651,2414.0,4669.0,154.54500544,29816.530507818563,88.00500416,False,8
4935,658.891,2438.0,4527.0,164.74500544,29827.76094800255,95.80500416,False,8
4936,658.897,2438.7323675793914,4523.297057529483,165.0,29828.054166666705,96.0,False,8
4937,659.351,2499.0,4275.0,185.80832746666667,29851.614647036542,99.78333226666666,False,8
4938,659.377,2501.412638891183,4265.729942271162,187.0,29852.987500000032,100.0,False,8
4939,659.537,2512.461946068996,4223.405896390544,190.0,29861.431944444477,100.0,False,8
4940,659.691,2527.0,4172.0,192.31000192,29869.63610410034,100.0,False,8
4941,659.737,2533.4521314875897,4149.921198462672,193.0,29872.154166666696,100.0,False,8
4942,659.851,2552.0,4087.0,200.8375088,29878.576250432896,100.0,False,8
4943,659.897,2559.421784588592,4061.753969383358,204.0,29881.22083333337,100.0,False,8
4944,660.051,2584.0,3978.0,210.7375056,29890.242347781743,100.0,False,8
4945,660.057,2584.9752914341398,3974.6860978519453,211.0,29890.59861111114,100.0,False,8
4946,660.297,2625.0486911668836,3838.3635629996943,218.0,29905.131944444474,100.0,False,8
4947,660.351,2634.0,3807.0,219.5428534857143,29908.478540542506,100.0,False,8
4948,660.577,2670.7207390029944,3673.434714304036,226.0,29922.70972222225,100.0,False,8
4949,660.591,2673.0,3665.0,226.2624976,29923.595522640353,100.0,False,8
4950,660.737,2696.971090090719,3575.744482509434,229.0,29932.887500000026,100.0,False,8
4951,660.791,2706.0,3542.0,230.48499648,29936.38635908816,100.0,False,8
4952,660.971,2736.0,3429.0,235.43500352,29948.32395033114,100.0,False,8
4953,661.137,2760.862278771541,3330.9159544563286,240.0,29959.55416666669,100.0,False,8
4954,661.191,2772.0,3287.0,241.61999616,29963.235868075826,100.0,False,8
4955,661.337,2812.7330162643393,3127.8323662080593,246.0,29973.220833333362,100.0,False,8
4956,661.391,2826.0,3076.0,246.0,29976.90037719979,100.0,False,8
4957,661.537,2847.944504055957,2989.692082375964,246.0,29986.887500000033,100.0,False,8
4958,661.751,2867.0,2914.0,253.13332906666668,30001.972495994043,100.0,False,8
4959,661.777,2870.7880066370044,2899.1357990324377,254.0,30003.820833333368,100.0,False,8
4960,661.951,2902.0,2777.0,256.1749984,30016.222682391017,100.0,False,8
4961,662.017,2913.814218603348,2730.632063599108,257.0,30020.9541666667,100.0,False,8
4962,662.131,2934.0,2652.0,258.71000192,30029.171782669677,100.0,False,8
4963,662.217,2949.779760332279,2592.0670363895697,260.0,30035.398611111137,100.0,False,8
4964,662.331,2971.0,2512.0,261.14000128,30043.678840922847,100.0,False,8
4965,662.417,2986.7884906942827,2451.415041040036,262.0,30049.9541666667,100.0,False,8
4966,662.631,3026.0,2300.0,263.9498846542309,30065.704491206496,100.0,False,8
4967,662.791,3056.0,2187.0,265.4077432116274,30077.56626046539,100.0,False,8
4968,662.856,3067.6096781406427,2142.453627404213,266.0,30082.391388888922,100.0,False,8
4969,662.991,3093.0,2044.0,266.6136354909091,30092.424303718777,100.0,False,8
4970,663.27,3161.0,1785.0,267.8818176,30113.207058777334,100.0,False,8
4971,663.296,3166.268050274263,1765.088518743998,268.0,30115.14694444448,100.0,False,8
4972,663.456,3191.6546205347354,1669.7116560854322,269.0,30127.102500000037,100.0,False,8
4973,663.61,3214.0,1582.0,269.85555484444444,30138.66948237195,100.0,False,8
4974,663.77,3242.0,1465.0,270.74444373333336,30150.732967089745,100.0,False,8
4975,663.816,3250.987922592901,1426.0295109303934,271.0,30154.202500000036,100.0,False,8
4976,664.13,3311.0,1155.0,271.9812496,30177.925125878086,100.0,False,8
4977,664.136,3311.723183288457,1151.6416421907504,272.0,30178.38027777781,100.0,False,8
4978,664.377,3328.2153413596275,1069.0237997773731,274.0,30196.723055555587,100.0,False,8
4979,664.431,3333.0,1042.0,274.14999964444445,30200.84141560993,100.0,False,8
4980,664.591,3353.0,921.0,274.5944440888889,30213.055845852286,100.0,False,9
4981,664.737,3371.1026280368183,772.4172644826497,275.0,30224.223055555587,100.0,False,9
4982,664.891,3386.0,617.0,275.9625008,30236.029043340233,100.0,False,9
4983,664.897,3386.4383172806124,611.7975068056957,276.0,30236.489722222257,100.0,False,9
4984,665.097,3394.948195768555,475.01337505594364,277.0,30251.87861111114,100.0,False,9
4985,665.257,3395.328352500614,395.2769078875541,278.0,30264.23416666669,100.0,False,9
4986,665.371,3395.0,325.0,278.57000064,30273.068719809344,100.0,False,9
4987,665.457,3394.4281173556965,263.6365326167912,279.0,30279.73416666669,100.0,False,9
4988,665.511,3393.0,216.0,279.0,30283.913810608785,100.0,False,9
4989,665.657,3382.5046360488554,37.40270636857495,279.0,30295.23416666669,100.0,False,9
4990,665.791,3372.0,-108.0,279.8374992,30305.743960249798,100.0,False,9
4991,665.977,3366.2178689535203,-172.6820257966529,281.0,30320.21194444446,100.0,False,9
4992,666.051,3363.0,-202.0,276.5071350857143,30325.79409446701,73.57138285714285,False,9
4993,666.257,3346.2556646822054,-359.00584176452645,264.0,30340.745277777794,0.0,True,9
4994,666.271,3345.0,-370.0,262.7166784,30341.72493452952,0.0,True,9
4995,666.431,3331.0,-485.0,248.05001173333332,30352.58318927607,0.0,True,9
4996,666.497,3325.6335541640055,-529.5076399584808,242.0,30356.878611111126,0.0,True,9
4997,666.697,3310.9510263206475,-657.3875678091357,221.0,30369.156388888907,0.0,True,9
4998,666.711,3310.0,-666.0,219.50001371428573,30369.960562666754,0.0,True,9
4999,666.977,3293.801552903899,-821.9443631319336,191.0,30384.011944444464,0.0,True,9
5000,667.011,3292.0,-841.0,189.53181265454546,30385.719032339133,0.0,True,9
5001,667.071,3289.0,-874.0,186.9409146181818,30388.698529714078,0.0,True,9
5002,667.371,3281.0,-1024.0,173.9863581090909,30402.949038939973,0.0,True,9
5003,667.417,3281.231043029566,-1050.9740957624729,172.0,30405.034166666686,0.0,True,9
5004,667.631,3286.0,-1176.0,158.625008,30414.395619139905,0.0,True,9
5005,667.657,3286.5939020305414,-1186.4548397438086,157.0,30415.500833333354,0.0,True,9
5006,667.897,3296.5317408992732,-1250.6828906854682,149.0,30425.434166666688,0.0,True,9
5007,667.911,3298.0,-1256.0,148.6500032,30426.002707145148,0.0,True,9
5008,668.097,3328.129400142915,-1352.4031060272894,144.0,30433.434166666688,0.0,True,9
5009,668.171,3341.0,-1388.0,142.1499968,30436.29790510866,0.0,True,9
5010,668.377,3370.9478567075266,-1449.0756715247155,137.0,30444.08972222224,0.0,True,9
5011,668.611,3410.0,-1494.0,136.02499946666666,30452.934468610132,0.0,True,9
5012,668.617,3411.314965991483,-1495.4897757900274,136.0,30453.156388888907,0.0,True,9
5013,668.791,3455.0,-1543.0,130.78000384,30459.453492197725,0.0,True,9
5014,668.817,3461.9972890652216,-1549.7278617113964,130.0,30460.378611111133,0.0,False,9
5015,669.051,3528.0,-1603.0,126.09999786666667,30468.571297857314,0.0,False,9
5016,669.057,3529.7424831022063,-1604.2772125940055,126.0,30468.778611111135,0.0,False,9
5017,669.271,3592.0,-1647.0,122.94285897142858,30476.077149613295,0.0,False,9
5018,669.337,3610.147024639458,-1658.269841640195,122.0,30478.267500000024,0.0,True,9
5019,669.431,3639.0,-1675.0,118.71000448,30481.326750672262,0.0,True,9
5020,669.537,3683.531782731985,-1699.3790757128136,115.0,30484.656388888914,0.0,True,9
5021,669.65,3731.0,-1725.0,109.3216130824963,30488.020024014564,0.0,True,9
5022,669.736,3756.705736207684,-1739.17186422265,105.0,30490.460555555583,0.0,True,9
5023,669.976,3788.4822613976453,-1759.0116506228096,95.0,30496.79388888892,0.0,True,9
5024,670.11,3808.0,-1774.0,91.6500032,30500.103612526524,0.0,True,9
5025,670.19,3823.0,-1786.0,89.6500032,30502.017450657935,0.0,True,9
5026,670.296,3841.0570448002354,-1802.5758806370427,87.0,30504.527222222256,0.0,True,9
5027,670.43,3860.0,-1827.0,84.4875024,30507.65971195107,0.0,True,9
5028,670.456,3863.2244245776565,-1832.6570456642398,84.0,30508.260555555586,0.0,True,9
5029,670.616,3879.770699088833,-1873.5996707259794,82.0,30511.905000000028,0.0,True,9
5030,670.73,3887.0,-1902.0,80.93458042309392,30514.45489868689,0.0,True,9
5031,670.937,3889.1500302056393,-1943.2083639085397,79.0,30518.949166666695,0.0,True,9
5032,671.091,3885.0,-1972.0,76.1124976,30522.127900379914,1.4437512,True,9
5033,671.231,3879.0,-2001.0,73.4875024,30524.924355567746,2.7562488,True,9
5034,671.257,3877.667742436537,-2006.8234886489572,73.0,30525.438055555584,3.0,False,9
5035,671.431,3867.0,-2047.0,71.55000106666667,30528.845604815993,16.774989866666665,False,9
5036,671.497,3862.124849883645,-2060.3151376083774,71.0,30530.171388888913,22.0,False,9
5037,671.631,3851.0,-2085.0,73.34499776,30532.967431933757,31.37999104,False,9
5038,671.791,3836.0,-2115.0,76.14499776,30536.468344418507,42.57999104,False,9
5039,671.897,3824.7673444311863,-2133.6076024354606,78.0,30538.838055555585,50.0,False,9
5040,672.131,3797.0,-2171.0,82.87500266666666,30544.22801734321,49.024999466666664,False,9
5041,672.137,3796.258178224886,-2171.9180113700754,83.0,30544.371388888918,49.0,False,9
5042,672.337,3763.9672960591383,-2203.400129569844,88.0,30549.26027777781,50.0,False,9
5043,672.351,3760.0,-2206.0,88.0,30549.599926170587,51.0499904,False,9
5044,672.497,3704.145202264515,-2236.16295296079,88.0,30553.17138888892,62.0,False,9
5045,672.551,3686.0,-2245.0,91.374992,30554.589760585746,64.3624944,False,9
5046,672.657,3663.063319406403,-2255.167722544677,98.0,30557.52694444448,69.0,False,9
5047,672.871,3638.0,-2259.0,104.687496,30563.848265469554,72.343748,False,9
5048,672.977,3612.938600656376,-2262.1339005549053,108.0,30567.126944444477,74.0,False,9
5049,673.137,3560.491016041687,-2268.407424276706,115.0,30572.238055555586,74.0,False,9
5050,673.231,3529.0,-2271.0,117.68571062857143,30575.361308024883,75.34285531428571,False,9
5051,673.391,3476.0,-2273.0,122.2571392,30580.88464304038,77.6285696,False,9
5052,673.417,3467.108555794901,-2273.084064115234,123.0,30581.80472222226,78.0,False,9
5053,673.617,3395.227283719629,-2272.1064002534954,132.0,30589.138055555588,83.0,False,9
5054,673.631,3390.0,-2272.0,132.62221653333333,30589.676106151186,83.15555413333334,False,9
5055,673.731,3352.0,-2271.0,137.06667235555557,30593.626103179253,84.26666808888889,False,9
5056,673.951,3266.0,-2264.0,146.84443875555556,30602.827391935716,86.71110968888888,False,9
5057,673.977,3255.9639594693285,-2262.8763320608155,148.0,30603.93805555559,87.0,False,9
5058,674.111,3200.0,-2255.0,154.02999424,30609.733631962874,90.3499968,False,9
5059,674.177,3163.604510419438,-2248.231320427715,157.0,30612.660277777817,92.0,False,9
5060,674.377,3034.3350018007095,-2220.090569128303,165.0,30621.82694444448,93.0,False,9
5061,674.411,3017.0,-2216.0,165.6375024,30623.398270723323,94.4875056,False,9
5062,674.537,2969.310419322673,-2203.773123959422,168.0,30629.29361111115,100.0,False,9
5063,674.771,2905.0,-2183.0,178.2375056,30641.051787031152,100.0,False,9
5064,674.857,2867.3018308850083,-2170.945088572589,182.0,30645.471388888924,100.0,False,9
5065,674.991,2799.0,-2149.0,185.32919068986462,30652.375001934204,100.0,False,9
5066,675.018,2785.2617542784137,-2144.5040530670663,186.0,30653.78972222226,100.0,False,9
5067,675.211,2689.0,-2112.0,191.71526681144175,30664.236688425815,100.0,False,9
5068,675.411,2587.0,-2074.0,197.63781720086493,30675.46517037761,100.0,False,9
5069,675.457,2555.681908470524,-2061.3549770792993,199.0,30678.0566666667,100.0,False,9
5070,675.617,2430.977447490773,-2008.4690908088544,204.0,30687.123333333366,100.0,False,9
5071,675.631,2421.0,-2004.0,204.41999616,30687.92714384803,100.0,False,9
5072,675.817,2310.9352798167415,-1950.2426648329686,210.0,30698.790000000037,100.0,False,9
5073,676.091,2183.0,-1874.0,215.9937528,30715.26711117121,100.0,False,9
5074,676.137,2158.9909257948048,-1859.0456458899152,217.0,30718.078888888922,100.0,False,9
5075,676.27,2084.0,-1811.0,220.33890963309534,30726.27625168718,100.0,False,9
5076,676.376,2016.2725189752628,-1765.3689019335777,223.0,30732.883611111145,100.0,False,9
5077,676.49,1941.0,-1713.0,225.035712,30740.064739024572,100.0,False,9
5078,676.656,1838.0931895095512,-1638.9569521234932,228.0,30750.616944444475,100.0,False,9
5079,676.85,1726.0,-1555.0,229.93999872,30763.009918966905,100.0,False,9
5080,676.856,1722.6358907435583,-1552.4325766307543,230.0,30763.394722222256,100.0,False,9
5081,677.136,1572.3830683415908,-1434.5421889441554,232.0,30781.4391666667,100.0,False,9
5082,677.296,1489.7718584050738,-1368.2768977273101,233.0,30791.794722222257,100.0,False,9
5083,677.35,1462.0,-1346.0,233.67080613000988,30795.32751012282,100.0,False,9
5084,677.457,1407.1334397326389,-1301.9891756651284,235.0,30802.304444444475,100.0,False,9
5085,677.751,1274.0,-1195.0,222.1375056,30820.299056231022,38.75002666666667,False,9
5086,677.937,1224.3773452445403,-1154.670448975434,214.0,30830.837777777808,0.0,True,9
5087,678.071,1184.0,-1122.0,200.04168,30838.045522980196,0.0,True,9
5088,678.177,1139.7085874550091,-1086.4133643028777,189.0,30843.437777777806,0.0,True,9
5089,678.231,1117.0,-1068.0,184.9500096,30846.057138772652,0.0,True,9
5090,678.491,1021.0,-985.0,165.4499904,30857.665129991714,0.0,True,9
5091,678.537,1001.7139071627987,-966.5771059596609,162.0,30859.637777777803,0.0,True,9
5092,678.737,911.8587516130143,-875.8707598593605,151.0,30868.026666666687,0.0,True,9
5093,678.791,893.0,-856.0,149.4571465142857,30870.226902289316,0.0,True,9
5094,679.017,848.2449811996224,-803.8175579964687,143.0,30879.148888888914,0.0,True,9
5095,679.131,830.0,-777.0,138.7249952,30883.50911594386,0.0,True,9
5096,679.177,821.3960795674503,-763.6636113006016,137.0,30885.237777777802,0.0,True,9
5097,679.291,799.0,-727.0,135.37142674285715,30889.438412987867,2.442859885714286,True,9
5098,680.017,744.4574666027678,-488.3548365020819,125.0,30914.404444444466,18.0,False,9
5099,680.051,746.0,-472.0,125.0,30915.577655535155,19.19000448,False,9
5100,680.251,760.0,-373.0,125.0,30922.52911281118,26.19000448,False,9
5101,680.417,767.2505191044978,-330.75349107132797,125.0,30928.293333333357,32.0,False,9
5102,680.577,769.0566687557368,-288.1615700442033,125.0,30933.84888888891,59.0,False,9
5103,680.591,769.0,-282.0,125.5249952,30934.34546420355,59.9624912,False,9
5104,680.737,766.5032408456327,-196.97627031341688,131.0,30939.67111111113,70.0,False,9
5105,680.811,765.0,-158.0,133.7750048,30942.48930146246,67.2249952,False,9
5106,680.977,762.8164053480563,-110.82771441317864,140.0,30949.004444444465,61.0,False,9
5107,681.171,751.0,-66.0,141.3857152,30956.646830172096,50.607136,False,9
5108,681.257,738.076676655396,-25.82605355000493,142.0,30960.04888888891,46.0,False,9
5109,681.457,698.4510988133492,86.8643937656147,143.0,30967.993333333354,46.0,False,9
5110,681.471,696.0,93.0,143.0,30968.548219698285,46.9624912,False,9
5111,681.617,674.0125306448501,139.77344584734792,143.0,30974.34888888891,57.0,False,9
5112,681.857,640.5545289406735,181.5831102991592,149.0,30984.282222222246,79.0,False,9
5113,681.891,634.0,190.0,150.2750048,30985.748410052365,80.1687544,False,9
5114,682.111,576.0,266.0,158.5249952,30995.579780385044,87.7312456,False,9
5115,682.177,550.1866607928768,298.7045511951117,161.0,30998.59333333336,90.0,False,9
5116,682.291,502.0,359.0,164.32500373333335,31003.84399937569,93.32500373333333,False,9
5117,682.417,457.9597298056185,414.0400708796934,168.0,31009.793333333357,97.0,False,9
5118,682.577,415.36274638592135,467.2045007415049,177.0,31017.660000000025,100.0,False,9
5119,682.731,377.0,515.0,179.5666688,31025.344569464498,100.0,False,9
5120,682.817,355.52338510285307,541.7230927696578,181.0,31029.72666666669,100.0,False,9
5121,683.017,301.2873161377742,608.4375732452894,190.0,31040.282222222246,100.0,False,9
5122,683.13,255.0,663.0,193.77715596173263,31046.482067428457,100.0,False,9
5123,683.31,161.0,771.0,199.79386798103747,31056.654187252025,100.0,False,9
5124,683.376,132.3540139406376,803.0427691887957,202.0,31060.426111111134,100.0,False,9
5125,683.536,83.2443843696541,855.301038138332,208.0,31069.670555555575,100.0,False,9
5126,683.75,17.0,918.0,212.86363345454546,31082.46490905765,100.0,False,9
5127,683.91,-53.0,981.0,216.4999970909091,31092.260553483866,100.0,False,9
5128,683.976,-83.0485988592129,1006.6400559509761,218.0,31096.315000000024,100.0,False,9
5129,684.011,-99.0,1020.0,218.69651890834433,31098.468323188215,100.0,False,9
5130,684.177,-174.87917848000578,1081.959065835265,222.0,31108.71000000003,100.0,False,9
5131,684.291,-234.0,1129.0,223.14000128,31115.76860877969,100.0,False,9
5132,684.377,-285.1449544477994,1169.2824864529239,224.0,31121.154444444466,100.0,False,9
5133,684.577,-413.57341313662704,1270.9939679583429,230.0,31133.932222222247,100.0,False,9
5134,684.611,-433.0,1287.0,230.0,31136.102962226054,100.0,False,9
5135,684.737,-497.0702497623238,1341.8838200027367,230.0,31144.154444444466,100.0,False,9
5136,684.977,-591.1886156922958,1433.293806734921,235.0,31159.82111111113,100.0,False,9
5137,685.031,-610.0,1454.0,235.22499946666667,31163.35663610573,100.0,False,9
5138,685.217,-669.4333302061216,1527.0593597713812,236.0,31175.554444444468,100.0,False,9
5139,685.371,-721.0,1613.0,237.4437512,31185.764112153614,100.0,False,9
5140,685.537,-785.2775559662625,1748.594701479391,239.0,31196.798888888916,100.0,False,9
5141,685.611,-811.0,1808.0,238.73571382857142,31201.69473664243,100.0,False,9
5142,685.817,-861.6389442457937,1939.7912263906512,238.0,31215.310000000027,100.0,False,9
5143,686.017,-891.4833727496228,2042.9478346470396,240.0,31228.643333333363,100.0,False,9
5144,686.051,-896.0,2061.0,240.0,31230.91062885904,100.0,False,9
5145,686.257,-919.9016724305767,2173.976502969488,240.0,31244.643333333355,100.0,False,9
5146,686.391,-931.0,2256.0,240.47857097142858,31253.602065221647,100.0,False,9
5147,686.537,-938.4722738886726,2354.623248800914,241.0,31263.387777777803,100.0,False,9
5148,686.551,-939.0,2364.0,241.06999936,31264.327289730893,100.0,False,9
5149,686.711,-943.0,2473.0,241.86999936,31275.08099418891,100.0,False,9
5150,686.737,-943.2809670839167,2493.573507951612,242.0,31276.83222222224,100.0,False,9
5151,687.031,-941.0,2757.0,242.9187496,31296.68118629238,100.0,False,9
5152,687.057,-940.6373127727516,2775.334877281223,243.0,31298.432222222247,100.0,False,9
5153,687.257,-937.5927247763236,2874.6431168282656,240.0,31311.765555555576,9.0,False,9
5154,687.471,-932.0,2982.0,228.11111822222222,31325.239231996202,3.6500032000000004,False,9
5155,687.617,-925.9385151249301,3095.6729049740666,220.0,31333.765555555576,0.0,True,9
5156,687.711,-922.0,3162.0,211.7750112,31338.92497115717,0.0,True,9
5157,687.937,-914.7228744397569,3257.1963327203603,192.0,31350.83222222224,0.0,True,9
5158,687.971,-914.0,3271.0,192.0,31352.673568898354,0.0,True,9
5159,688.097,-912.2858730572077,3329.201621574605,192.0,31359.365555555574,0.0,True,9
5160,688.257,-912.5362534011687,3410.103133500951,161.0,31366.521111111128,0.0,True,9
5161,688.291,-913.0,3426.0,159.2999936,31367.965660580798,0.0,True,9
5162,688.471,-918.0,3503.0,150.3000064,31375.40981875368,0.0,True,9
5163,688.497,-919.1236573619316,3513.5858427912763,149.0,31376.454444444462,0.0,True,9
5164,688.671,-929.0,3582.0,141.75000533333332,31383.240694077635,0.0,True,9
5165,688.737,-933.4781021831759,3606.767082525448,139.0,31385.721111111132,0.0,True,9
5166,688.871,-944.0,3655.0,134.16111573333333,31390.598052111513,0.0,True,9
5167,689.031,-960.0,3709.0,128.38333795555556,31396.134327120868,0.0,True,9
5168,689.097,-967.7394271921643,3730.241360097086,126.0,31398.32111111113,0.0,True,9
5169,689.211,-982.0,3765.0,121.7249952,31401.96420844821,0.0,True,9
5170,689.47,-1020.0,3836.0,112.0125024,31409.832828495397,0.0,True,9
5171,689.497,-1026.1275820585809,3844.1330073228796,111.0,31410.654444444466,0.0,True,9
5172,689.657,-1071.0288632273757,3895.0342490849343,109.0,31415.498888888913,0.0,True,9
5173,689.73,-1089.0,3913.0,106.43216388111313,31417.610722094847,0.0,True,9
5174,689.856,-1111.1966933010485,3931.56019215896,102.0,31421.13722222224,0.0,True,9
5175,690.03,-1135.0,3944.0,99.39000192,31425.935324774357,0.86999936,True,9
5176,690.056,-1139.344875790577,3946.169555080986,99.0,31426.63722222224,1.0,True,9
5177,690.376,-1218.7018862147897,3975.1232225813587,94.0,31434.992777777792,7.0,False,9
5178,690.39,-1224.0,3976.0,94.03878081573953,31435.35829028514,8.202205287925592,False,9
5179,690.57,-1298.0,3983.0,94.53739586258541,31440.097526228536,23.659271740147897,False,9
5180,690.737,-1331.156707784534,3983.2034231178886,95.0,31444.51916666668,38.0,False,9
5181,690.851,-1346.0,3982.0,95.7125008,31447.53967833022,38.0,False,9
5182,690.897,-1353.0942262257638,3981.556071842135,96.0,31448.78583333335,38.0,False,9
5183,691.111,-1396.0,3979.0,102.24166293333333,31454.8856338036,51.374992,False,9
5184,691.137,-1402.643193495645,3978.46811994277,103.0,31455.65250000001,53.0,False,9
5185,691.351,-1466.0,3973.0,108.3499968,31462.122040267568,70.83332266666667,False,9
5186,691.377,-1473.864303160432,3972.4565362792314,109.0,31462.91916666668,73.0,False,9
5187,691.537,-1522.561451308688,3970.114462256197,113.0,31467.941388888903,73.0,False,9
5188,691.551,-1527.0,3970.0,113.97999104,31468.408049230296,73.06999936,False,9
5189,691.711,-1580.0,3970.0,125.17999104,31474.060213627527,73.86999936,False,9
5190,691.737,-1588.849791043406,3970.3279361027276,127.0,31474.996944444458,74.0,False,9
5191,691.937,-1658.2333433684332,3976.6847098657913,130.0,31482.219166666684,57.0,False,9
5192,691.991,-1677.0,3980.0,130.3374992,31484.17545439308,56.6625008,False,9
5193,692.097,-1713.6810541893765,3988.7222499039444,131.0,31488.0413888889,56.0,False,9
5194,692.251,-1766.0,4007.0,132.9250016,31493.78432593929,56.38500032,False,9
5195,692.391,-1812.0,4030.0,134.6749984,31499.110723394726,56.73499968,False,9
5196,692.497,-1846.858667986345,4051.8548402897,136.0,31503.15250000001,57.0,False,9
5197,692.591,-1876.0,4072.0,136.93999872,31506.739592858168,59.81999616,False,9
5198,692.697,-1904.909287797915,4093.063230704816,138.0,31510.819166666683,63.0,False,9
5199,692.857,-1949.606192391214,4132.840798177587,142.0,31517.13027777779,69.0,False,9
5200,692.911,-1971.0,4156.0,144.0249952,31519.318374138747,72.0374928,False,9
5201,693.017,-2022.5215466088198,4216.102295665023,148.0,31523.708055555573,78.0,False,9
5202,693.071,-2047.0,4246.0,149.88999552,31525.99436618112,79.88999552,False,9
5203,693.217,-2092.7170341815963,4306.501402289067,155.0,31532.319166666683,85.0,False,9
5204,693.491,-2135.0,4390.0,160.8714313142857,31544.567635798034,85.97857188571429,False,9
5205,693.497,-2136.0878111392094,4392.464858004869,161.0,31544.841388888904,86.0,False,9
5206,693.657,-2168.851059191266,4469.868802805263,167.0,31552.263611111128,87.0,False,9
5207,693.851,-2207.0,4568.0,175.73000576,31561.744395107402,87.0,False,9
5208,693.857,-2207.933648969454,4570.607762446813,176.0,31562.0413888889,87.0,False,9
5209,694.017,-2227.335657189698,4630.587720341646,180.0,31570.04138888891,93.0,False,9
5210,694.177,-2239.1715863204895,4680.842473667662,188.0,31578.39694444446,100.0,False,9
5211,694.291,-2249.0,4728.0,190.8500032,31584.483091665425,100.0,False,9
5212,694.457,-2265.9257168139543,4814.847401062778,195.0,31593.563611111123,100.0,False,9
5213,694.531,-2273.0,4855.0,198.08333866666666,31597.722445006868,100.0,False,9
5214,694.671,-2285.0,4933.0,203.91666133333334,31605.734741519394,100.0,False,9
5215,694.697,-2287.537272090266,4950.686055476551,205.0,31607.230277777788,100.0,False,9
5216,694.897,-2308.8566664894847,5106.321555831929,209.0,31618.841388888904,100.0,False,9
5217,694.911,-2310.0,5115.0,209.5249952,31619.66922143787,100.0,False,9
5218,695.137,-2320.05663711879,5199.243628181339,218.0,31633.37472222223,100.0,False,9
5219,695.231,-2324.0,5236.0,221.3944398222222,31639.273575309555,100.0,False,9
5220,695.497,-2342.081088024859,5401.478913637761,231.0,31656.47472222223,100.0,False,9
5221,695.551,-2346.0,5438.0,232.88999552,31660.018501269857,100.0,False,9
5222,695.697,-2356.138205825314,5534.529433952058,238.0,31669.696944444455,100.0,False,9
5223,695.771,-2361.0,5582.0,240.22000384,31674.675575219815,100.0,False,9
5224,695.897,-2368.8846192684396,5661.101561807504,244.0,31683.252500000017,100.0,False,9
5225,695.971,-2374.0,5716.0,245.8500032,31688.334197623866,100.0,False,9
5226,696.097,-2384.3672094300623,5834.843363243213,249.0,31697.085833333345,100.0,False,9
5227,696.21,-2393.0,5938.0,252.2285696,31705.079078359013,100.0,False,9
5228,696.377,-2400.7834831795226,6036.568032759863,257.0,31717.074722222234,100.0,False,9
5229,696.55,-2407.0,6124.0,260.47738452988636,31729.60986592505,100.0,False,9
5230,696.576,-2408.173356060178,6140.682771752931,261.0,31731.50222222224,100.0,False,9
5231,696.736,-2416.3005149230084,6258.431543492436,263.0,31743.191111111126,100.0,False,9
5232,696.75,-2417.0,6269.0,263.1312488,31744.2168939478,100.0,False,9
5233,697.056,-2430.479112073885,6495.909495674911,266.0,31766.835555555575,100.0,False,9
5234,697.07,-2431.0,6506.0,266.4875578865856,31767.887266932586,100.0,False,9
5235,697.211,-2436.0,6612.0,271.39801389787505,31778.570200285285,100.0,False,9
5236,697.257,-2437.7900917458855,6654.414609387564,273.0,31782.07805555557,100.0,False,9
5237,697.417,-2444.367578102558,6824.764994595155,276.0,31794.34472222224,100.0,False,9
5238,697.471,-2446.0,6872.0,276.80999808,31798.510918080145,100.0,False,9
5239,697.617,-2448.3333157161483,6958.499025338742,279.0,31809.84472222223,100.0,False,9
5240,697.751,-2449.0,7027.0,281.5124976,31820.33540350697,100.0,False,9
5241,697.777,-2449.088483048696,7043.389959699398,282.0,31822.37805555557,100.0,False,9
5242,697.977,-2449.2047618848787,7200.328653772749,284.0,31838.155833333345,100.0,False,9
5243,698.091,-2448.0,7295.0,285.4250016,31847.204335505965,100.0,False,9
5244,698.137,-2447.1593523446945,7332.099251956075,286.0,31850.866944444453,100.0,False,9
5245,698.231,-2445.0,7406.0,286.78333226666666,31858.371873292228,100.0,False,9
5246,698.377,-2441.2960562776066,7515.979118954516,288.0,31870.066944444457,100.0,False,9
5247,698.511,-2436.0,7630.0,288.66999936,31880.818423254525,100.0,False,9
5248,698.577,-2432.2179691126535,7696.675268796155,289.0,31886.12250000002,100.0,False,9
5249,698.731,-2422.0,7855.0,289.77000064,31898.52395698503,100.0,False,9
5250,698.777,-2419.283431604893,7892.3483003466745,290.0,31902.233611111136,100.0,False,9
5251,699.031,-2405.0,8048.0,290.7937496,31922.75568371854,100.0,False,9
5252,699.097,-2400.0367160299143,8096.629085215544,291.0,31928.100277777798,100.0,False,9
5253,699.291,-2383.0,8257.0,291.42173940869566,31943.840894671855,100.0,False,9
5254,700.017,-2299.2735568564703,8828.827887369724,293.0,32002.978055555584,100.0,False,9
5255,700.051,-2292.0,8867.0,293.0,32005.7446185016,100.0,False,9
5256,700.217,-2253.25109727898,9063.106068822195,293.0,32019.255833333358,100.0,False,9
5257,700.251,-2247.0,9094.0,292.5749984,32022.028362300378,89.7999616,False,9
5258,700.457,-2227.23507573289,9185.576985532829,290.0,32038.589166666694,28.0,True,9
5259,700.531,-2219.0,9220.0,282.0714148571429,32044.202991232858,20.5999872,True,9
5260,700.737,-2179.1512908051504,9386.097317411675,260.0,32058.811388888913,0.0,True,9
5261,700.871,-2153.0,9495.0,247.0187624,32067.59070199613,0.0,True,9
5262,701.057,-2128.134744485068,9598.575426737636,229.0,32079.16694444447,0.0,True,9
5263,701.131,-2119.0,9637.0,223.9124912,32083.710628067958,0.0,True,9
5264,701.217,-2107.697672111635,9684.932587885756,218.0,32088.855833333357,0.0,True,9
5265,701.391,-2084.0,9787.0,203.08572525714285,32098.477423880904,0.0,True,9
5266,701.497,-2070.48843037153,9846.656934970533,194.0,32103.944722222244,0.0,True,9
5267,701.671,-2050.0,9939.0,182.69000832,32112.415285475443,0.0,True,9
5268,701.851,-2031.0,10025.0,170.98999168,32120.59541580495,0.0,True,9
5269,701.897,-2026.4734710134298,10044.781950416256,168.0,32122.611388888916,0.0,True,9
5270,702.111,-2003.0,10140.0,156.76500672,32131.594702219736,0.0,True,9
5271,702.297,-1969.9976792892046,10261.880498310502,147.0,32138.94472222225,0.0,True,9
5272,702.331,-1964.0,10282.0,145.6777728,32140.24852171658,0.0,True,9
5273,702.657,-1917.2913880810995,10399.859503358104,133.0,32152.244722222254,0.0,True,9
5274,702.73,-1909.0,10416.0,131.479168,32154.86553962389,0.0,True,9
5275,702.897,-1892.628505833695,10445.141079547362,128.0,32160.778055555587,0.0,False,9
5276,703.11,-1865.0,10479.0,124.45000106666667,32168.118784326354,1.7749994666666666,False,9
5277,703.137,-1859.7874427584966,10484.237963854726,124.0,32169.04472222225,2.0,False,9
5278,703.296,-1821.7895165680795,10517.931968349294,123.0,32174.477222222253,0.0,False,9
5279,703.35,-1807.0,10528.0,122.22857325714286,32176.28815750774,0.0,False,9
5280,703.51,-1759.0,10551.0,119.94285897142858,32181.555553091224,0.0,False,9
5281,703.576,-1737.6986644607732,10558.138100032347,119.0,32183.732777777805,0.0,False,9
5282,703.65,-1713.0,10565.0,119.61495749406448,32186.187534412275,10.249291567741443,False,9
5283,703.871,-1637.0,10582.0,121.45152238475742,32193.653651561304,40.85870641262385,False,9
5284,703.937,-1615.3220516591325,10587.124907214622,122.0,32195.966666666696,50.0,False,9
5285,704.131,-1550.0,10607.0,128.062504,32203.016366296462,53.031252,False,9
5286,704.257,-1498.156123184522,10629.192565407813,132.0,32207.700000000026,55.0,False,9
5287,704.391,-1446.0,10655.0,133.2562488,32212.71142275891,54.1625008,False,9
5288,704.577,-1399.3513059787444,10683.578322606094,135.0,32219.700000000026,53.0,False,9
5289,704.691,-1372.0,10704.0,135.57000064,32223.98800653231,53.57000064,False,9
5290,704.777,-1347.206596869746,10723.36178052012,136.0,32227.25555555558,54.0,False,9
5291,704.911,-1307.0,10757.0,138.2333312,32232.444308083708,59.21110613333333,False,9
5292,705.137,-1254.2980970832134,10811.748281966366,142.0,32241.455555555578,68.0,False,9
5293,705.191,-1242.0,10826.0,143.61999616,32243.65464747355,69.07999744,False,9
5294,705.331,-1207.0,10870.0,147.82000384,32249.428546355324,71.88000256,False,9
5295,705.337,-1205.2715753982377,10872.473211409831,148.0,32249.677777777804,72.0,False,9
5296,705.537,-1137.3795957897207,10984.014052041335,152.0,32258.12222222225,87.0,False,9
5297,705.611,-1115.0,11025.0,156.1625072,32261.38072585278,89.312504,False,9
5298,705.697,-1093.911441679196,11066.707655610067,161.0,32265.277777777803,92.0,False,9
5299,705.977,-1054.495549637041,11167.922681329248,173.0,32278.73333333336,100.0,False,9
5300,706.051,-1046.0,11193.0,175.96000512,32282.40907324157,100.0,False,9
5301,706.177,-1031.7986125627785,11236.134747238937,181.0,32288.788888888914,100.0,False,9
5302,706.337,-1013.2625699701575,11295.655581417823,189.0,32297.188888888915,100.0,False,9
5303,706.371,-1009.0,11310.0,190.1333376,32299.0164240082,100.0,False,9
5304,706.571,-980.0,11414.0,196.80000426666666,32309.99095940496,100.0,False,9
5305,706.577,-978.9240674367516,11418.118680543306,197.0,32310.322222222247,100.0,False,9
5306,706.777,-935.8982252846582,11590.540354854713,200.0,32321.433333333363,100.0,False,9
5307,706.891,-917.0,11668.0,203.80000426666666,32327.920395029338,100.0,False,9
5308,707.017,-907.4854479906073,11707.33787525894,208.0,32335.300000000032,100.0,False,9
5309,707.151,-900.0,11738.0,213.583328,32343.46401509986,100.0,False,9
5310,707.471,-853.0,11929.0,226.91666133333334,32363.999129667107,100.0,False,9
5311,707.497,-848.670788404134,11947.22107210604,228.0,32365.700000000026,100.0,False,9
5312,707.711,-813.0,12104.0,235.13332906666668,32379.85380245112,100.0,False,9
5313,707.857,-788.6078489568895,12221.500264612312,240.0,32389.700000000026,100.0,False,9
5314,708.111,-753.0,12406.0,246.3499968,32407.19373324208,100.0,False,9
5315,708.177,-747.2577134242554,12437.27134891815,248.0,32411.744444444477,100.0,False,9
5316,708.331,-736.0,12502.0,248.0,32422.349919327047,100.0,False,9
5317,708.337,-735.4563755088891,12505.173379120219,248.0,32422.7666666667,100.0,False,9
5318,708.571,-708.0,12668.0,253.8500032,32439.304674966,100.0,False,9
5319,708.617,-701.7724014430474,12705.913153664069,255.0,32442.600000000028,100.0,False,9
5320,708.777,-678.6345585324542,12849.55596580911,260.0,32454.15555555559,100.0,False,9
5321,708.931,-658.0,12983.0,262.8875024,32465.465065609438,100.0,False,9
5322,709.097,-639.953865976055,13107.619653585378,266.0,32477.800000000032,100.0,False,9
5323,709.29,-623.0,13232.0,268.89499904,32492.220610274642,100.0,False,9
5324,709.297,-622.4331523957524,13236.201997809016,269.0,32492.744444444477,100.0,False,9
5325,709.457,-610.3884446683355,13326.362463890073,270.0,32504.744444444477,100.0,False,9
5326,709.69,-593.0,13486.0,273.32857051428573,32522.46075917298,100.0,False,9
5327,709.737,-588.9797845672306,13530.995884570239,274.0,32526.055555555584,100.0,False,9
5328,709.897,-575.2192279830234,13700.36175490231,276.0,32538.322222222254,100.0,False,9
5329,709.93,-573.0,13730.0,276.138075009051,32540.856359094498,100.0,False,9
5330,710.136,-565.2454832210632,13856.68627625756,277.0,32556.71194444447,100.0,False,9
5331,710.29,-562.0,13945.0,277.959500951427,32568.62560232146,100.0,False,9
5332,710.451,-558.0,14069.0,278.9626176124845,32581.123218992056,100.0,False,9
5333,710.457,-557.8583384363428,14073.699233391779,279.0,32581.58944444447,100.0,False,9
5334,710.651,-554.0,14225.0,279.97000064,32596.67826134433,100.0,False,9
5335,710.657,-553.9121868218582,14229.932416971202,280.0,32597.145000000033,100.0,False,9
5336,710.931,-552.0,14467.0,280.0,32618.455902961643,100.0,False,9
5337,710.977,-552.0099365016647,14504.164372100564,280.0,32622.033888888916,100.0,False,9
5338,711.111,-553.0,14608.0,280.0,32632.456888459696,100.0,False,9
5339,711.137,-553.4944251504382,14628.250420549137,280.0,32634.47833333336,100.0,False,9
5340,711.291,-558.0,14748.0,280.0,32646.454823864653,100.0,False,9
5341,711.297,-558.1928881887246,14752.543825256871,280.0,32646.922777777814,100.0,False,9
5342,711.457,-564.9409416943398,14875.65030327789,281.0,32659.411666666703,100.0,False,9
5343,711.471,-566.0,14888.0,280.7375024,32660.496528694537,100.0,False,9
5344,711.751,-603.0,15178.0,275.4875024,32681.88094290305,100.0,False,9
5345,711.777,-606.8345914732835,15201.944764585938,275.0,32683.85611111115,100.0,False,9
5346,712.017,-641.5484483109914,15375.453198230023,273.0,32702.056111111146,100.0,False,9
5347,712.211,-669.0,15491.0,271.05999872,32716.660457677033,79.62998656,False,9
5348,712.217,-669.8431762811896,15494.594049462994,271.0,32717.111666666693,79.0,False,9
5349,712.417,-697.7517925920056,15615.095138647017,265.0,32731.83388888892,0.0,True,9
5350,712.591,-722.0,15720.0,242.1625168,32742.8457238057,0.0,True,9
5351,712.737,-742.5498145368812,15807.759646229357,223.0,32751.656111111137,0.0,True,9
5352,712.831,-757.0,15870.0,223.0,32757.55200032392,0.0,True,9
5353,712.897,-768.0921209049347,15918.350208983882,223.0,32761.567222222257,0.0,True,9
5354,713.031,-790.0,16015.0,207.5062648,32768.96623594518,0.0,True,9
5355,713.217,-808.2991608625028,16098.294220329211,186.0,32778.10055555559,0.0,True,9
5356,713.391,-822.0,16163.0,173.91667555555554,32786.18496994526,0.0,True,9
5357,713.491,-832.0,16210.0,166.97221333333334,32790.59511058699,0.0,True,9
5358,713.577,-839.7723167318179,16246.827173057629,161.0,32794.20055555559,0.0,True,9
5359,713.771,-855.0,16325.0,139.65998592,32801.70409738941,0.0,True,9
5360,713.777,-855.4795805753783,16327.75107794115,139.0,32801.922777777814,0.0,True,9
5361,713.977,-871.7070018488718,16430.727429876704,125.0,32808.86722222226,0.0,True,9
5362,714.091,-878.0,16478.0,122.1499968,32812.75062669584,0.0,True,9
5363,714.177,-880.3205210130262,16501.42976076705,120.0,32815.53388888893,0.0,True,9
5364,714.411,-880.0,16537.0,103.9124912,32822.05327226598,0.0,True,9
5365,714.497,-879.9157072085552,16555.482013146557,98.0,32824.24500000004,0.0,True,9
5366,714.671,-875.0,16604.0,92.0187544,32828.51969059892,0.0,True,9
5367,714.817,-857.8915492790287,16653.63225586389,87.0,32831.978333333376,0.0,True,9
5368,714.891,-849.0,16675.0,85.6124976,32833.697682054764,0.0,True,9
5369,715.137,-831.6743905964595,16707.20984928109,81.0,32839.17833333337,0.0,True,9
5370,715.331,-803.0,16724.0,75.61110755555555,32843.10027612066,0.0,True,9
5371,715.497,-757.2283390067921,16748.40118069548,71.0,32846.27833333337,0.0,True,9
5372,715.511,-754.0,16750.0,70.7666688,32846.54303464516,0.0,True,9
5373,715.737,-726.0444781992954,16759.14270939492,67.0,32850.74500000004,0.0,True,9
5374,715.831,-714.0,16759.0,65.99285851428571,32852.45384131602,0.0,True,9
5375,716.017,-675.1761750426741,16757.561405290093,64.0,32855.72277777782,0.0,False,9
5376,716.13,-652.0,16755.0,61.8812512,32857.59004865529,1.0593744,False,9
5377,716.337,-623.9860564478006,16745.77598459111,58.0,32860.87833333337,3.0,False,9
5378,716.47,-610.0,16738.0,58.0,32863.01483713649,3.0,False,9
5379,716.497,-607.1408916654021,16736.330560657174,58.0,32863.45611111115,3.0,False,9
5380,716.737,-578.4432818079713,16714.66842336475,61.0,32867.52277777781,32.0,False,9
5381,716.79,-569.0,16704.0,62.05999872,32868.45534727905,33.3249984,False,9
5382,716.931,-540.0,16667.0,64.88000256,32871.02065587631,36.8500032,False,9
5383,716.937,-538.9890098165752,16665.66493052096,65.0,32871.13388888892,37.0,False,9
5384,717.331,-513.0,16620.0,73.95454836363636,32879.280287969515,49.53636770909091,False,9
5385,717.377,-508.3996946704821,16609.601974746594,75.0,32880.30055555559,51.0,False,9
5386,717.577,-484.1650389746607,16554.78004474837,82.0,32884.85611111114,51.0,False,9
5387,717.591,-483.0,16552.0,82.2624976,32885.178875112775,51.9624912,False,9
5388,717.737,-476.70093654006575,16534.785952862505,85.0,32888.633888888915,62.0,False,9
5389,717.851,-473.0,16522.0,90.22500586666666,32891.64215616945,65.80000426666666,False,9
5390,718.151,-451.0,16451.0,103.97499413333334,32900.77340540434,75.79999573333333,False,9
5391,718.217,-446.36344598246774,16433.99374159752,107.0,32902.900555555585,78.0,False,9
5392,718.431,-432.0,16367.0,119.48332586666666,32910.05671129767,83.3499968,False,9
5393,718.457,-429.9682066313829,16355.231836355766,121.0,32910.96722222225,84.0,False,9
5394,718.611,-418.0,16279.0,129.47000704,32916.56806581083,90.16000512,False,9
5395,718.657,-415.51642319858735,16261.632124046597,132.0,32918.30055555559,92.0,False,9
5396,718.897,-409.3481958483306,16200.565024831341,142.0,32927.76722222225,94.0,False,9
5397,718.911,-409.0,16196.0,142.76999296,32928.34483545524,94.41999616,False,9
5398,719.097,-403.46326481503604,16120.104637246235,153.0,32936.26722222225,100.0,False,9
5399,719.111,-403.0,16114.0,153.3937464,32936.87746754197,100.0,False,9
5400,719.331,-395.0,16017.0,159.5812536,32946.69640759422,100.0,False,9
5401,719.417,-391.41676730800657,15977.426069417057,162.0,32950.667222222255,100.0,False,9
5402,719.551,-385.0,15914.0,168.6999936,32957.01387590827,100.0,False,9
5403,719.617,-381.2849430693517,15882.262885054037,172.0,32960.22277777781,100.0,False,9
5404,719.777,-370.48037808529904,15803.800401770157,181.0,32968.26722222226,100.0,False,9
5405,719.871,-362.0,15756.0,185.6999936,32973.21358815773,100.0,False,9
5406,720.017,-345.34100335945845,15679.291363986766,193.0,32981.13388888893,100.0,False,9
5407,720.091,-336.0,15642.0,195.22000384,32985.19366079631,100.0,False,9
5408,720.211,-318.0,15580.0,198.82000384,32991.853268737534,100.0,False,9
5409,720.217,-316.72258594820244,15576.045692442436,199.0,32992.189444444484,100.0,False,9
5410,720.457,-244.21329590769932,15370.73803920102,206.0,33005.92277777782,100.0,False,9
5411,720.471,-241.0,15362.0,206.583328,33006.74515309733,100.0,False,9
5412,720.697,-215.6111285961862,15298.456477697573,216.0,33020.32277777782,100.0,False,9
5413,720.771,-205.0,15273.0,217.8500032,33024.84789465494,100.0,False,9
5414,720.931,-168.0,15182.0,221.8500032,33034.74824054649,100.0,False,9
5415,720.937,-166.5048666381999,15178.375203594742,222.0,33035.122777777826,100.0,False,9
5416,721.137,-116.96315601643144,15061.354594102762,228.0,33047.78944444449,100.0,False,9
5417,721.191,-104.0,15031.0,230.24999466666668,33051.30454005047,100.0,False,9
5418,721.377,-57.43973928922841,14921.474161971251,238.0,33063.65611111116,100.0,False,9
5419,721.391,-53.0,14911.0,238.20999808,33064.5896467429,100.0,False,9
5420,721.577,23.22749538238848,14730.885152911327,241.0,33077.04500000005,100.0,False,9
5421,721.731,74.0,14611.0,244.8500032,33087.53912849142,100.0,False,9
5422,721.777,81.51454863579762,14593.341768183665,246.0,33090.71166666672,100.0,False,9
5423,721.951,96.0,14560.0,249.2624976,33102.87410435784,100.0,False,9
5424,722.097,133.14122707492234,14474.11260292236,252.0,33113.111666666715,100.0,False,9
5425,722.211,170.0,14389.0,252.0,33121.038437578136,100.0,False,9
5426,722.297,197.089252247922,14326.674094742899,252.0,33127.111666666715,100.0,False,9
5427,722.977,397.79971068146466,13868.283067980503,278.0,33179.62277777782,100.0,False,9
5428,723.05,420.0,13817.0,278.7821421714286,33185.33872582981,100.0,False,9
5429,723.21,469.0,13703.0,280.4964278857143,33197.818924200226,100.0,False,9
5430,723.257,482.85037527616333,13670.378817861556,281.0,33201.47833333337,100.0,False,9
5431,723.43,536.0,13544.0,281.0,33214.962414674024,100.0,False,9
5432,723.457,545.8807300660153,13520.539904459862,281.0,33217.089444444486,100.0,False,9
5433,723.671,629.0,13323.0,286.9444408888889,33234.25896897381,100.0,False,9
5434,723.817,662.8214085902953,13240.550597721953,291.0,33246.189444444484,100.0,False,9
5435,723.931,690.0,13173.0,293.8500032,33255.5845611055,100.0,False,9
5436,724.097,751.9119373061206,13019.480610765944,298.0,33269.36722222226,100.0,False,9
5437,724.257,815.4002226411469,12860.67739556375,301.0,33282.74500000003,100.0,False,9
5438,724.271,820.0,12849.0,301.19090734545455,33283.92302615063,100.0,False,9
5439,724.651,909.0,12612.0,306.3727290181818,33316.32465772635,100.0,False,9
5440,724.697,921.755127183966,12577.333058874876,307.0,33320.26722222226,100.0,False,9
5441,724.771,944.0,12516.0,307.9250016,33326.61094676566,100.0,False,9
5442,724.857,971.574176428302,12436.64133303194,309.0,33334.00055555559,100.0,False,9
5443,725.071,1046.0,12207.0,310.9454533818182,33352.55006401791,100.0,False,9
5444,725.297,1126.8446563513228,11933.848984256754,313.0,33372.25611111115,100.0,False,9
5445,725.411,1160.0,11818.0,313.47500053333334,33382.186675468125,100.0,False,9
5446,725.537,1186.5639003557906,11723.648053761486,314.0,33393.189444444484,100.0,False,9
5447,725.857,1230.473605587601,11556.85092678677,317.0,33421.36722222226,100.0,False,9
5448,725.871,1233.0,11547.0,317.0,33422.60007340857,100.0,False,9
5449,726.051,1272.0,11393.0,317.0,33438.44132082575,100.0,False,9
5450,726.097,1284.0360363972163,11344.229348883595,317.0,33442.50055555559,100.0,False,9
5451,726.297,1339.72803375251,11114.526085044368,319.0,33460.22277777782,100.0,False,9
5452,726.311,1343.0,11101.0,319.06999936,33461.466034126744,100.0,False,9
5453,726.497,1375.6633948930562,10966.217766904103,320.0,33478.00055555559,100.0,False,9
5454,726.657,1398.9258486500282,10868.1450259114,320.0,33492.22277777782,100.0,False,9
5455,726.691,1405.0,10842.0,320.0,33495.244784442366,100.0,False,9
5456,726.811,1429.0,10738.0,320.0,33505.91060557098,100.0,False,9
5457,726.897,1446.6733526487317,10662.474358549276,320.0,33513.55611111115,100.0,False,9
5458,727.057,1479.313564604159,10524.725361621377,320.0,33527.77833333337,100.0,False,9
5459,727.111,1490.0,10479.0,319.77500053333335,33532.568907376924,100.0,False,9
5460,727.297,1526.2004837773163,10321.580755363568,319.0,33549.04500000004,100.0,False,9
5461,727.351,1538.0,10271.0,319.0,33553.83229862224,100.0,False,9
5462,727.457,1563.917476270741,10161.758619952232,319.0,33563.22277777782,100.0,False,9
5463,727.571,1591.0,10048.0,318.18571337142856,33573.27825168128,100.0,False,9
5464,727.737,1619.7298016386776,9924.23312605687,317.0,33587.87833333337,100.0,False,9
5465,727.831,1635.0,9858.0,317.0,33596.153184222014,100.0,False,9
5466,727.977,1661.768992812781,9743.06051758885,317.0,33609.0116666667,100.0,False,9
5467,728.131,1695.0,9601.0,317.0,33622.57222728152,100.0,False,9
5468,728.377,1756.023800818343,9339.732043458935,317.0,33644.23388888892,100.0,False,9
5469,728.391,1759.0,9327.0,317.0,33645.466958744604,100.0,False,9
5470,728.577,1790.134318144417,9194.015081210575,317.0,33661.84500000004,100.0,False,9
5471,728.711,1811.0,9104.0,316.52142902857145,33673.6194076742,100.0,False,9
5472,728.857,1838.2824282607637,8984.761222805957,316.0,33686.422777777814,100.0,False,9
5473,729.031,1874.0,8830.0,315.3785718857143,33701.65065035326,100.0,False,9
5474,729.07,1882.0,8796.0,315.2392859428571,33705.06177691193,100.0,False,9
5475,729.137,1896.310657793896,8734.485986945143,315.0,33710.922777777814,100.0,False,9
5476,729.297,1933.3809557840425,8571.475155934808,315.0,33724.92277777782,100.0,False,9
5477,729.41,1960.0,8454.0,315.0,33734.81061580954,100.0,False,9
5478,729.497,1980.3267427335597,8364.555534881909,315.0,33742.422777777814,100.0,False,9
5479,729.697,2025.7316397721124,8165.524485712239,315.0,33759.92277777782,100.0,False,9
5480,729.85,2053.0,8046.0,315.0,33773.325964410295,100.0,False,9
5481,730.017,2073.078058059008,7957.728248521305,315.0,33787.92277777783,100.0,False,9
5482,730.231,2104.0,7825.0,313.21666773333334,33806.49414477527,100.0,False,9
5483,730.377,2143.7913725467697,7657.223877706455,312.0,33819.12277777782,100.0,False,9
5484,730.471,2168.0,7555.0,311.4125008,33827.249624250966,100.0,False,9
5485,730.537,2181.157789885312,7499.064825509308,311.0,33832.94500000005,100.0,False,9
5486,730.811,2219.0,7338.0,308.06428434285715,33856.392865768474,100.0,False,9
5487,730.817,2220.0712775686325,7333.568249168883,308.0,33856.90055555561,100.0,False,9
5488,730.951,2247.0,7223.0,304.6500032,33868.16434619423,100.0,False,9
5489,731.057,2268.3406226746533,7135.024854727805,302.0,33877.03388888894,100.0,False,9
5490,731.251,2306.0,6978.0,301.02999936,33893.25712137834,100.0,False,9
5491,731.257,2307.148963090356,6973.162966454121,301.0,33893.75611111116,100.0,False,9
5492,731.497,2352.570461755593,6780.270029832054,296.0,33913.489444444494,46.0,True,9
5493,731.531,2359.0,6753.0,294.3944384,33916.23648756,41.6555392,True,9
5494,731.751,2400.0,6581.0,284.0055616,33933.60303922831,13.544460800000003,True,9
5495,731.857,2419.0002811027907,6503.425984987335,279.0,33941.389444444496,0.0,True,9
5496,731.871,2422.0,6491.0,277.0000182857143,33942.38172329749,0.0,True,9
5497,732.071,2474.0,6271.0,248.42858971428572,33955.733510513,0.0,True,9
5498,732.137,2485.419878163217,6222.567266700072,239.0,33959.97833333338,0.0,True,9
5499,732.411,2506.0,6135.0,225.2999936,33977.142710527434,0.0,True,9
5500,732.537,2521.5650449558916,6066.998498964285,219.0,33984.31166666672,0.0,True,9
5501,732.671,2540.0,5987.0,202.99445973333334,33991.22667660452,0.0,True,9
5502,732.891,2565.0,5877.0,176.71665137777777,34001.628408408375,0.0,True,9
5503,732.897,2565.7051363888213,5873.486885142988,176.0,34001.91166666672,0.0,True,9
5504,733.057,2585.5752584088,5764.700547880857,168.0,34009.378333333385,0.0,True,9
5505,733.151,2595.0,5708.0,160.48001024,34013.45670033368,0.0,True,9
5506,733.257,2601.7501804279864,5662.653958454198,152.0,34017.82277777782,0.0,True,9
5507,733.571,2605.0,5589.0,140.6611064888889,34030.00774343004,0.0,True,9
5508,733.617,2604.9519791910297,5574.060139427241,139.0,34031.722777777824,0.0,True,9
5509,733.751,2603.0,5524.0,135.6500032,34036.63401709321,0.0,True,9
5510,733.991,2582.0,5428.0,129.6500032,34045.150283138,0.0,True,9
5511,734.017,2578.0887391385927,5417.626820545952,129.0,34046.05611111116,0.0,True,9
5512,734.371,2504.0,5284.0,123.09999786666667,34058.152002837145,20.650007466666665,True,9
5513,734.377,2502.805526312845,5281.980799293231,123.0,34058.356111111156,21.0,False,9
5514,734.537,2473.678307286484,5231.769936878665,123.0,34063.82277777782,37.0,False,9
5515,734.811,2437.0,5162.0,126.91428754285714,34073.48538030569,50.7000064,False,9
5516,734.817,2436.4025513974043,5160.700130793961,127.0,34073.7005555556,51.0,False,9
5517,735.071,2417.0,5103.0,129.8222208,34082.92323444944,43.944448,False,9
5518,735.177,2409.3825778139185,5062.256214127061,131.0,34086.8005555556,41.0,False,9
5519,735.337,2398.555624858671,4982.470834865737,132.0,34092.66722222227,48.0,False,9
5520,735.431,2395.0,4937.0,133.1749984,34096.14412231305,53.2874928,False,9
5521,735.497,2393.953516511497,4906.69910901924,134.0,34098.622777777826,57.0,False,9
5522,735.777,2399.215819932885,4797.659896020329,141.0,34109.58944444449,72.0,False,9
5523,735.81,2400.0,4788.0,141.98999808,34110.91706481624,72.0,False,9
5524,735.977,2403.770566515132,4749.316529906241,147.0,34117.75611111116,72.0,False,9
5525,736.07,2407.0,4723.0,150.4874976,34121.68545716051,80.52499413333334,False,9
5526,736.217,2415.0109652469837,4662.492424460533,156.0,34128.15611111116,94.0,False,9
5527,736.33,2423.0,4610.0,161.1247143945164,34133.43414720242,95.53741431835492,False,9
5528,736.55,2442.0,4511.0,171.1020401055115,34144.332269633254,98.53061203165345,False,9
5529,736.658,2453.1164173803804,4461.04283641136,176.0,34149.71611111116,100.0,False,9
5530,736.818,2470.194222228988,4389.221734980211,180.0,34157.71611111116,100.0,False,9
5531,736.871,2475.0,4369.0,182.08960273213415,34160.443230914534,100.0,False,9
5532,737.051,2493.0,4297.0,189.1863853909367,34170.022958716654,100.0,False,9
5533,737.097,2502.156986291989,4263.763084009941,191.0,34172.51861111116,100.0,False,9
5534,737.271,2546.0,4109.0,195.8937464,34182.09871114274,100.0,False,9
5535,737.417,2564.4009781947025,4043.8492896501007,200.0,34190.29638888894,100.0,False,9
5536,737.611,2577.0,4000.0,205.5428608,34201.41098714864,100.0,False,9
5537,737.697,2587.053337951426,3965.9913926895015,208.0,34206.47416666672,100.0,False,9
5538,737.931,2630.0,3819.0,218.0285769142857,34220.735029516516,100.0,False,9
5539,737.977,2641.4631104659115,3778.6147656375124,220.0,34223.58527777783,100.0,False,9
5540,738.091,2670.0,3677.0,222.8500032,34230.68879983778,100.0,False,9
5541,738.177,2684.863041376564,3623.3132524166963,225.0,34236.08527777783,100.0,False,9
5542,738.471,2718.0,3496.0,229.08333155555556,34254.80218493878,100.0,False,9
5543,738.537,2732.7814665725846,3439.127498809416,230.0,34259.08527777783,100.0,False,9
5544,738.697,2773.332938232727,3283.28667767401,237.0,34269.61861111116,100.0,False,9
5545,738.711,2776.0,3273.0,237.3499968,34270.55191126677,100.0,False,9
5546,738.937,2798.0751092441224,3186.4936473387,243.0,34285.81861111116,100.0,False,9
5547,739.031,2809.0,3143.0,243.5874992,34292.192350132034,100.0,False,9
5548,739.097,2820.2214074912267,3098.4824183967808,244.0,34296.6630555556,100.0,False,9
5549,739.297,2865.6457383652055,2918.8047683286563,244.0,34310.21861111116,100.0,False,9
5550,739.351,2876.0,2878.0,245.12499733333334,34313.92135109483,100.0,False,9
5551,739.537,2901.0832073201063,2779.849487810074,249.0,34326.81861111116,100.0,False,9
5552,739.691,2921.0,2703.0,250.9250016,34337.58056726973,100.0,False,9
5553,739.777,2935.662972155448,2646.630143314885,252.0,34343.61861111116,100.0,False,9
5554,739.871,2953.0,2580.0,253.1749984,34350.240922133205,100.0,False,9
5555,739.937,2964.910474120853,2534.163820858561,254.0,34354.907500000045,100.0,False,9
5556,740.051,2985.0,2457.0,254.95000106666666,34363.00474859263,100.0,False,9
5557,740.177,3006.701344751244,2374.431190647765,256.0,34371.97416666671,100.0,False,9
5558,740.251,3021.0,2320.0,256.0,34377.233185086225,100.0,False,9
5559,740.337,3040.2038046136026,2246.600882000732,256.0,34383.35194444448,100.0,False,9
5560,740.537,3087.3478704784375,2066.103356129088,258.0,34397.68527777782,100.0,False,9
5561,740.551,3090.0,2056.0,258.1166656,34398.69450809767,100.0,False,9
5562,741.011,3160.0,1790.0,261.9500010666667,34432.180740993645,100.0,False,9
5563,741.017,3161.7548794826953,1783.1999669697295,262.0,34432.61861111115,100.0,False,9
5564,741.211,3224.0,1541.0,262.80833386666666,34446.78169523687,100.0,False,9
5565,741.257,3232.212149590435,1508.8768537167173,263.0,34450.15194444448,100.0,False,9
5566,741.457,3243.538679415665,1461.3554152957397,265.0,34464.874166666705,100.0,False,9
5567,741.471,3245.0,1455.0,265.0583328,34465.90703270937,100.0,False,9
5568,741.697,3286.101425462721,1275.8433657425103,266.0,34482.60750000004,100.0,False,9
5569,741.731,3292.0,1249.0,266.1062504,34485.124016742964,100.0,False,9
5570,742.017,3326.4090929461354,1074.4915311289935,267.0,34506.34083333338,100.0,False,9
5571,742.031,3328.0,1066.0,267.06999936,34507.38232827928,100.0,False,9
5572,742.27,3358.0,889.0,268.26499968,34525.20884781197,100.0,False,10
5573,742.417,3377.619821137835,724.5827048956908,269.0,34536.22972222227,100.0,False,10
5574,742.43,3379.0,712.0,269.0886359272727,34537.20672455813,100.0,False,10
5575,742.77,3392.0,517.0,271.40681774545453,34562.88230347329,100.0,False,10
5576,742.857,3393.192827479084,447.73213201573856,272.0,34569.47416666671,100.0,False,10
5577,743.017,3394.381826033468,291.93760637720584,273.0,34581.60750000005,100.0,False,10
5578,743.07,3394.0,244.0,273.0,34585.625210099155,100.0,False,10
5579,743.177,3391.919085096687,156.00891968898037,273.0,34593.74083333338,100.0,False,10
5580,743.498,3375.028272004874,-79.02083879820454,275.0,34618.261666666716,100.0,False,10
5581,743.511,3374.0,-90.0,275.04075214229425,34619.26293411936,97.06584575481465,False,10
5582,743.817,3345.04450872863,-367.71169703808823,276.0,34642.71833333338,28.0,True,10
5583,743.871,3341.0,-404.0,270.2625136,34646.70079126641,18.5500224,True,10
5584,743.977,3334.9402560692856,-456.3145458314515,259.0,34654.22944444449,0.0,True,10
5585,744.171,3326.0,-527.0,235.82776248888888,34666.418656142036,0.0,True,10
5586,744.337,3313.939541816426,-623.4758404534723,216.0,34675.82944444449,0.0,True,10
5587,744.451,3305.0,-703.0,207.7666574222222,34682.043285982305,0.0,True,10
5588,744.697,3288.6627469354426,-879.3756157372221,190.0,34694.82944444449,0.0,True,10
5589,744.711,3288.0,-887.0,189.0375088,34695.535851398396,0.0,True,10
5590,744.857,3283.224942300007,-943.446818124722,179.0,34702.78500000005,0.0,True,10
5591,745.031,3282.0,-1004.0,173.78000384,34711.186225469595,0.0,True,10
5592,745.057,3282.1659883119905,-1017.6611911335383,173.0,34712.396111111164,0.0,True,10
5593,745.257,3285.885023579568,-1150.506888876157,160.0,34721.28500000005,0.0,True,10
5594,745.311,3287.0,-1181.0,158.38000384,34723.619338044424,0.0,True,10
5595,745.457,3289.6592817777423,-1239.0560993346696,154.0,34729.8405555556,0.0,True,10
5596,745.737,3312.211016742794,-1317.4771561264147,149.0,34741.42944444449,0.0,True,10
5597,745.751,3315.0,-1324.0,148.6500032,34741.99522369413,0.0,True,10
5598,745.971,3370.0,-1441.0,143.1499968,34750.72760854111,0.0,True,10
5599,745.977,3371.1435265477553,-1443.2032769573634,143.0,34750.96277777782,0.0,True,10
5600,746.217,3399.7653480720646,-1482.6028363894225,139.0,34760.22944444449,0.0,True,10
5601,746.231,3402.0,-1485.0,138.72000256,34760.757305440944,0.0,True,10
5602,746.531,3483.0,-1568.0,132.71999744,34771.71672688033,0.0,True,10
5603,746.617,3515.9063586481143,-1594.5895676735688,131.0,34774.78500000005,0.0,False,10
5604,746.811,3589.0,-1646.0,127.76666453333333,34781.629544855256,0.0,False,10
5605,746.977,3623.250461839116,-1666.4719937450905,125.0,34787.28500000005,0.0,True,10
5606,747.051,3639.0,-1675.0,121.66999424,34789.716129572225,0.0,True,10
5607,747.177,3674.569274080172,-1694.3788266597435,116.0,34793.72944444449,0.0,True,10
5608,747.331,3723.0,-1721.0,111.72221866666666,34798.422546438895,0.0,True,10
5609,747.531,3775.0,-1751.0,106.1666631111111,34804.16353247866,0.0,True,10
5610,747.537,3776.4112745442735,-1751.905061947249,106.0,34804.32944444449,0.0,True,10
5611,747.777,3826.755742576337,-1790.1675486051815,95.0,34810.66277777783,0.0,True,10
5612,747.811,3833.0,-1796.0,94.02856777142857,34811.511628616914,0.0,True,10
5613,747.991,3862.0,-1830.0,88.88571794285714,34815.84245329447,0.0,True,10
5614,748.057,3870.259056048582,-1845.2865263645153,87.0,34817.42944444449,0.0,True,10
5615,748.217,3884.2540699940337,-1887.7868038420656,87.0,34821.29611111116,0.0,True,10
5616,748.251,3886.0,-1897.0,86.27142582857142,34822.09477128349,0.0,True,10
5617,748.497,3885.7760201749998,-1963.4421536894101,81.0,34827.59611111116,0.0,False,10
5618,748.671,3880.0,-2001.0,77.52000256,34831.32404724283,0.0,False,10
5619,748.697,3879.176717135129,-2005.4361651962408,77.0,34831.87388888894,0.0,False,10
5620,748.897,3872.213842564303,-2032.0692795307464,75.0,34836.040555555606,0.0,False,10
5621,748.99,3865.0,-2050.0,74.30250048,34837.92167417695,7.90499456,False,10
5622,749.23,3835.0,-2116.0,72.50250048,34842.678131913344,28.304994559999997,False,10
5623,749.297,3828.7274185875813,-2129.202187782841,72.0,34844.040555555606,34.0,False,10
5624,749.457,3820.103027718568,-2146.0054584861978,75.0,34847.37388888894,34.0,False,10
5625,749.617,3805.858976514066,-2162.091537098941,77.0,34850.796111111165,34.0,False,10
5626,749.65,3801.0,-2167.0,77.63988806912143,34851.524611287314,35.91966420736429,False,10
5627,749.891,3749.0,-2213.0,82.31302281449712,34857.10960552094,49.93906844349136,False,10
5628,749.978,3727.0814247393255,-2226.5628971810434,84.0,34859.2194444445,55.0,False,10
5629,750.258,3658.501182262047,-2253.2378621750663,91.0,34866.297222222274,60.0,False,10
5630,750.271,3656.0,-2254.0,91.27196511545704,34866.63479847253,60.38075116163986,False,10
5631,750.497,3621.7222521709773,-2261.6008229148124,96.0,34872.670555555604,67.0,False,10
5632,750.591,3603.0,-2264.0,99.75999488,34875.33497090159,69.3499968,False,10
5633,750.697,3574.5083308863486,-2267.2200302872816,104.0,34878.448333333385,72.0,False,10
5634,750.831,3533.0,-2271.0,108.68999552,34882.531626723256,72.66999936,False,10
5635,750.897,3513.15093856648,-2272.2074060544815,111.0,34884.615000000056,73.0,False,10
5636,751.097,3450.4367254820486,-2273.296273840292,120.0,34891.28166666672,82.0,False,10
5637,751.151,3429.0,-2273.0,122.1937448,34893.200461314234,83.0124976,False,10
5638,751.351,3337.0,-2270.0,130.3187448,34900.662344763805,86.7624976,False,10
5639,751.417,3311.034827962554,-2268.5768001052083,133.0,34903.103888888945,88.0,False,10
5640,751.617,3250.6772123991277,-2262.875994417966,133.0,34910.49277777783,91.0,False,10
5641,751.751,3205.0,-2256.0,143.52856137142857,34916.03715608371,95.30713874285715,False,10
5642,751.897,3144.0210968205256,-2245.16862369319,155.0,34922.54833333339,100.0,False,10
5643,751.911,3138.0,-2244.0,155.583328,34923.186805065794,100.0,False,10
5644,752.071,3069.0,-2229.0,162.24999466666668,34930.65873621307,100.0,False,10
5645,752.231,2998.0,-2210.0,168.91666133333334,34938.30533800548,100.0,False,10
5646,752.257,2986.555581788063,-2206.840113990342,170.0,34939.54833333338,100.0,False,10
5647,752.391,2924.0,-2189.0,172.2333312,34945.95783760029,100.0,False,10
5648,752.497,2859.460146968983,-2168.8699815606888,174.0,34951.14833333338,100.0,False,10
5649,752.697,2716.2640335590586,-2121.4010416686338,185.0,34961.42611111116,100.0,False,10
5650,752.751,2683.0,-2110.0,187.3624944,34964.27837504986,100.0,False,10
5651,752.857,2626.5279648156093,-2090.1165029582553,192.0,34969.959444444496,100.0,False,10
5652,753.057,2545.788193605512,-2059.178693793027,198.0,34980.959444444496,100.0,False,10
5653,753.171,2499.0,-2039.0,200.8500032,34987.37679859141,100.0,False,10
5654,753.377,2405.6117082311225,-1994.8580544312988,206.0,34999.2705555556,100.0,False,10
5655,753.891,2142.0,-1848.0,217.99333632,35030.633413542746,100.0,False,10
5656,753.977,2097.9716166603534,-1819.7669649717939,220.0,35035.937222222274,100.0,False,10
5657,754.137,2016.363240829866,-1764.9234731470676,222.0,35045.803888888935,100.0,False,10
5658,754.171,1999.0,-1753.0,222.4857161142857,35047.916407191326,100.0,False,10
5659,754.417,1873.1555543980344,-1664.1791818198037,226.0,35063.38166666672,100.0,False,10
5660,754.431,1866.0,-1659.0,226.1312488,35064.26739431853,100.0,False,10
5661,754.631,1764.0,-1584.0,228.0062488,35076.9708167137,100.0,False,10
5662,754.691,1733.0,-1561.0,228.5687512,35080.798232583715,100.0,False,10
5663,754.737,1706.840278679822,-1541.1562060052804,229.0,35083.73722222227,100.0,False,10
5664,754.977,1544.181918366479,-1412.7380416332849,231.0,35099.13722222227,100.0,False,10
5665,755.011,1522.0,-1395.0,231.2125008,35101.328062158005,100.0,False,10
5666,755.297,1358.3599356733782,-1262.9351530645858,233.0,35119.848333333386,100.0,False,10
5667,755.47,1272.0,-1193.0,231.27000064,35131.016405262984,16.09503104,False,10
5668,755.497,1259.0278529410728,-1182.5236573782836,231.0,35132.681666666715,3.0,True,10
5669,755.87,1105.0,-1058.0,201.32955054545454,35153.118520904594,0.45681861818181824,True,10
5670,755.937,1086.843306135539,-1042.901734909158,196.0,35156.63722222227,0.0,True,10
5671,756.097,1053.8056488813509,-1014.364535683109,187.0,35164.94833333338,0.0,True,10
5672,756.19,1030.0,-993.0,179.5785575387224,35169.37812965454,0.0,True,10
5673,756.411,956.0,-924.0,161.94262917787597,35178.70576299118,0.0,True,10
5674,756.498,929.8591055498912,-896.9091849703976,155.0,35182.21361111116,0.0,True,10
5675,756.571,909.0,-874.0,151.04582293333334,35185.11977878435,0.0,True,10
5676,756.738,860.8441597044839,-817.8384760839683,142.0,35191.68027777783,0.0,True,10
5677,756.898,818.130636901928,-759.0027426292586,140.0,35197.90250000005,0.0,True,10
5678,756.911,815.0,-754.0,139.67409637007754,35198.39750083723,0.0,True,10
5679,757.257,752.4913975733932,-617.7659116442393,131.0,35210.966111111156,0.0,False,10
5680,757.271,751.0,-613.0,130.781252,35211.46112300401,0.2624976,False,10
5681,757.577,740.07138538777,-530.9815428070006,126.0,35222.16611111116,6.0,False,10
5682,757.791,746.0,-474.0,126.0,35229.66818321072,20.86110222222222,False,10
5683,757.937,752.4181425987567,-426.4163598066235,126.0,35234.76611111116,31.0,False,10
5684,758.031,757.0,-394.0,126.0,35238.02593311595,44.316648533333336,False,10
5685,758.177,764.0019264680633,-343.04844659585746,126.0,35243.16611111116,65.0,False,10
5686,758.231,766.0,-324.0,127.92856685714285,35245.13847298337,66.15714011428571,False,10
5687,758.457,769.1701041577655,-242.66151556861584,136.0,35253.74388888894,71.0,False,10
5688,758.491,769.0,-230.0,136.72857417142856,35255.067673280704,69.05713554285714,False,10
5689,758.651,766.0,-169.0,140.1571456,35261.37664307968,59.9142784,False,10
5690,758.737,762.7482293552241,-136.1420676836617,142.0,35264.78833333338,55.0,False,10
5691,758.897,752.3182887950193,-72.91667265614937,143.0,35271.14388888894,53.0,False,10
5692,758.911,751.0,-67.0,143.0583328,35271.70016105024,53.0,False,10
5693,759.137,720.9494705838745,35.62964012357402,144.0,35280.74388888894,53.0,False,10
5694,759.231,706.0,74.0,146.74166293333334,35284.61704430392,53.0,False,10
5695,759.377,681.6844684276945,122.54572206030329,151.0,35290.8105555556,53.0,False,10
5696,759.611,634.0,191.0,158.44545861818182,35301.273145508654,74.2727389090909,False,10
5697,759.817,576.1482411460236,266.72154580921,165.0,35310.977222222275,93.0,False,10
5698,759.831,572.0,272.0,165.5249952,35311.65182582623,93.24499776,False,10
5699,759.991,524.0,332.0,171.5249952,35319.49822153666,96.04499776,False,10
5700,760.171,469.0,400.0,178.2750048,35328.60668809573,99.19500224,False,10
5701,760.217,454.53308153061914,418.01922199009294,180.0,35330.977222222275,100.0,False,10
5702,760.377,402.93270191006803,482.76426425598305,188.0,35339.332777777825,100.0,False,10
5703,760.471,373.0,520.0,189.1749984,35344.26235342721,100.0,False,10
5704,760.537,352.3939588878613,545.3655992982964,190.0,35347.77722222227,100.0,False,10
5705,760.691,305.0,603.0,196.416672,35356.266760525934,100.0,False,10
5706,760.777,278.3165129964969,635.1932411564925,200.0,35361.110555555606,100.0,False,10
5707,761.017,200.44957785217977,727.0507091703876,206.0,35374.84388888894,100.0,False,10
5708,761.071,181.0,749.0,207.687496,35377.98571728267,100.0,False,10
5709,761.177,140.42719981026005,793.6887823386912,211.0,35384.221666666715,100.0,False,10
5710,761.311,86.0,851.0,214.3499968,35392.26609230312,100.0,False,10
5711,761.391,53.0,884.0,216.3499968,35397.13843189838,100.0,False,10
5712,761.457,26.67713792578385,909.5547649825587,218.0,35401.17722222227,100.0,False,10
5713,761.631,-54.0,982.0,221.47999744,35411.90162868431,100.0,False,10
5714,761.657,-70.78219160665404,996.152773321834,222.0,35413.51055555561,100.0,False,10
5715,761.817,-198.8186397530028,1100.6303550767898,224.0,35423.46611111116,100.0,False,10
5716,761.911,-259.0,1149.0,226.0562472,35429.421067640134,100.0,False,10
5717,762.137,-316.4485526873556,1194.229854282103,231.0,35443.9994444445,100.0,False,10
5718,762.21,-339.0,1212.0,231.9124992,35448.733846844676,100.0,False,10
5719,762.377,-422.2695527742502,1278.534176874815,234.0,35459.599444444495,100.0,False,10
5720,762.39,-429.0,1284.0,234.07222186666667,35460.44719925017,100.0,False,10
5721,762.71,-582.0,1424.0,235.84999964444444,35481.41780098218,100.0,False,10
5722,762.737,-595.6808665823801,1439.816812243076,236.0,35483.19944444449,100.0,False,10
5723,762.951,-701.0,1577.0,237.45578165344676,35497.39638370503,100.0,False,10
5724,763.178,-756.9806971107331,1668.0851378163495,239.0,35512.4769444445,100.0,False,10
5725,763.331,-796.0,1768.0,238.0437488,35522.590977068634,100.0,False,10
5726,763.338,-798.3503979960416,1774.4073055061733,238.0,35523.054722222274,100.0,False,10
5727,763.571,-888.0,2032.0,239.29444551111112,35538.57695590175,100.0,False,10
5728,763.698,-914.6919127319054,2119.8706484186932,240.0,35547.054722222274,100.0,False,10
5729,763.898,-923.7166211784393,2183.700900870341,240.0,35560.38805555561,100.0,False,10
5730,763.991,-928.0,2227.0,240.33333302747917,35566.598853089534,100.0,False,10
5731,764.171,-939.0,2350.0,240.9784950873703,35578.66198211804,100.0,False,10
5732,764.177,-939.2805648988395,2355.036197570201,241.0,35579.06555555561,100.0,False,10
5733,764.411,-944.0,2567.0,242.4625008,35594.868051570586,100.0,False,10
5734,764.497,-943.9265270183045,2617.095864832359,243.0,35600.665555555606,100.0,False,10
5735,764.657,-942.2007485179663,2682.1643137080337,242.0,35611.421111111165,100.0,False,10
5736,764.671,-942.0,2689.0,241.8833344,35612.3649257416,96.11114666666667,False,10
5737,764.951,-936.0,2877.0,239.55000106666665,35631.152234700974,18.333368888888895,False,10
5738,765.017,-933.7103625747997,2936.305409097171,239.0,35635.32111111117,0.0,True,10
5739,765.211,-926.0,3106.0,219.5999872,35646.73783598469,0.0,True,10
5740,765.377,-920.8338148959946,3165.4365327843157,203.0,35655.62111111116,0.0,True,10
5741,765.491,-918.0,3208.0,193.30998912,35661.29809787331,0.0,True,10
5742,765.777,-913.2336380676339,3416.5145989552075,169.0,35674.39888888894,0.0,True,10
5743,765.811,-913.0,3434.0,166.78999168,35675.90612504063,0.0,True,10
5744,765.977,-913.0770187627916,3472.7905212485753,156.0,35683.06555555561,0.0,True,10
5745,766.111,-918.0,3501.0,145.9500096,35688.44743122839,0.0,True,10
5746,766.137,-919.7511599709936,3510.7627886481246,144.0,35689.46555555561,0.0,True,10
5747,766.297,-936.1300762007731,3600.9966605555273,138.0,35695.59888888895,0.0,True,10
5748,766.451,-951.0,3679.0,133.6687464,35701.2635179338,0.0,True,10
5749,766.617,-958.4576794093439,3709.0424077684124,129.0,35707.065555555615,0.0,True,10
5750,766.731,-965.0,3724.0,122.72999296,35710.844569397836,0.0,True,10
5751,766.817,-973.340924020426,3742.9925680961596,118.0,35713.62111111117,0.0,True,10
5752,767.017,-1002.175210908559,3805.2678122270636,113.0,35719.89888888895,0.0,True,10
5753,767.091,-1014.0,3826.0,110.9187464,35722.121508572316,0.0,True,10
5754,767.211,-1034.0,3855.0,107.5437464,35725.60163220947,0.0,True,10
5755,767.337,-1056.8968466530073,3882.7107250444155,104.0,35729.14333333339,0.0,True,10
5756,767.471,-1084.0,3909.0,101.0687528,35732.80479731353,0.0,True,10
5757,767.631,-1120.0,3935.0,97.5687528,35737.07545523934,0.0,True,10
5758,767.657,-1125.8562699400368,3938.6591438908613,97.0,35737.76555555561,0.0,False,10
5759,767.771,-1152.0,3953.0,96.36666595555556,35740.77936817924,2.2166691555555555,False,10
5760,768.017,-1220.3105800258,3975.985275166013,95.0,35747.26555555561,7.0,False,10
5761,768.071,-1237.0,3979.0,95.12272698181818,35748.700362426156,12.154533236363637,False,10
5762,768.457,-1356.844128485147,3981.1188581891015,96.0,35758.99888888894,49.0,False,10
5763,768.471,-1360.0,3981.0,96.0,35759.3683122976,49.0,False,10
5764,768.617,-1385.5410481845688,3979.837196743962,96.0,35763.265555555605,49.0,False,10
5765,768.75,-1410.0,3978.0,100.9874976,35767.1356049477,57.5895792,False,10
5766,768.99,-1480.0,3972.0,109.9874976,35774.87294259922,73.0895792,False,10
5767,769.097,-1512.3712558537775,3970.2491580193196,114.0,35778.4655555556,80.0,False,10
5768,769.19,-1544.0,3970.0,118.6499968,35781.64219833912,80.0,False,10
5769,769.297,-1588.6144240625053,3971.7289725309415,124.0,35785.35444444449,80.0,False,10
5770,769.457,-1661.8048631531058,3978.1548984655146,128.0,35791.04333333338,72.0,False,10
5771,769.49,-1675.0,3980.0,129.313430706764,35792.25914997997,71.1791058082725,False,10
5772,769.658,-1730.6314944873056,3992.1219245575703,136.0,35798.63666666671,67.0,False,10
5773,769.818,-1770.4182506695727,4008.5911926323943,138.0,35804.77000000004,59.0,False,10
5774,769.951,-1808.0,4028.0,139.32999936,35809.92505610247,60.32999936,False,10
5775,770.018,-1829.0579257397478,4039.8493657411527,140.0,35812.54777777782,61.0,False,10
5776,770.071,-1848.0,4052.0,140.75714194285715,35814.63592099731,63.082140342857144,False,10
5777,770.298,-1950.0045327292014,4134.568590690196,144.0,35823.74777777782,72.0,False,10
5778,770.311,-1955.0,4139.0,144.4874976,35824.28083363085,72.1624992,False,10
5779,770.458,-1998.3985436343942,4180.428795444761,150.0,35830.41444444448,74.0,False,10
5780,770.751,-2049.0,4249.0,158.26645421613458,35843.336006870864,82.26645421613458,False,10
5781,770.777,-2054.666784400858,4257.4494282868,159.0,35844.503611111155,83.0,False,10
5782,771.011,-2112.0,4348.0,163.87500266666666,35855.15597259444,84.95000106666667,False,10
5783,771.017,-2113.4002990369595,4350.428378305174,164.0,35855.43694444449,85.0,False,10
5784,771.171,-2147.0,4414.0,169.50000457142858,35862.81823116111,88.8500032,False,10
5785,771.297,-2171.874258677981,4470.801085489632,174.0,35868.97027777782,92.0,False,10
5786,771.431,-2195.0,4531.0,176.67999744,35875.52953786204,96.68999552,False,10
5787,771.497,-2204.7700005121205,4558.340714325096,178.0,35878.859166666705,99.0,False,10
5788,771.631,-2225.0,4627.0,185.65713554285713,35885.93840107834,99.47857097142857,False,10
5789,771.777,-2254.883186970319,4756.668806195219,194.0,35893.9480555556,100.0,False,10
5790,771.811,-2261.0,4785.0,194.9916704,35895.826852871636,100.0,False,10
5791,772.017,-2282.8127075159578,4899.417872044389,201.0,35907.3480555556,100.0,False,10
5792,772.177,-2288.4515036858315,4948.732125536208,207.0,35916.5480555556,100.0,False,10
5793,772.271,-2293.0,4986.0,211.1124944,35922.10183088068,100.0,False,10
5794,772.337,-2296.794853961082,5016.064520253565,214.0,35926.05916666671,100.0,False,10
5795,772.577,-2313.5894754434057,5147.848111099985,220.0,35940.725833333374,100.0,False,10
5796,772.611,-2316.0,5168.0,220.51000192,35942.814556082376,100.0,False,10
5797,772.777,-2327.5986634689843,5269.840404270552,223.0,35953.114722222264,100.0,False,10
5798,772.811,-2330.0,5291.0,224.57857737142857,35955.2822370948,100.0,False,10
5799,773.057,-2347.660106977117,5445.899723447368,236.0,35971.470277777815,100.0,False,10
5800,773.091,-2350.0,5468.0,236.708336,35973.73281805385,100.0,False,10
5801,773.297,-2363.1831172777006,5604.087553774711,241.0,35987.53694444448,100.0,False,10
5802,773.311,-2364.0,5613.0,241.3499968,35988.484992477315,100.0,False,10
5803,773.511,-2376.0,5748.0,246.3499968,36002.19440634497,100.0,False,10
5804,773.537,-2378.1002011709575,5771.5868401906355,247.0,36004.00361111115,100.0,False,10
5805,773.691,-2392.0,5928.0,250.46500288,36014.855940823545,100.0,False,10
5806,773.937,-2403.654780670036,6072.637346894346,256.0,36032.44805555559,100.0,False,10
5807,774.131,-2411.0,6184.0,257.3857152,36046.28687277675,100.0,False,10
5808,774.217,-2415.752654197392,6256.518794210045,258.0,36052.51472222226,100.0,False,10
5809,774.371,-2425.0,6402.0,263.7750048,36063.89952914478,100.0,False,10
5810,774.457,-2429.2804245031366,6475.436539251003,267.0,36070.31472222226,100.0,False,10
5811,774.617,-2435.4727911738323,6596.022977230539,269.0,36082.27027777782,100.0,False,10
5812,774.771,-2440.0,6701.0,270.1000009142857,36093.82238368374,100.0,False,10
5813,774.897,-2442.862587089077,6781.166491994094,271.0,36103.3480555556,100.0,False,10
5814,775.137,-2446.794017329437,6935.820109908378,276.0,36121.748055555596,100.0,False,10
5815,775.151,-2447.0,6946.0,276.15908945454544,36122.83038127488,100.0,False,10
5816,775.31,-2449.0,7069.0,277.96590836363634,36135.188134881624,100.0,False,10
5817,775.53,-2449.0,7239.0,280.46590836363634,36152.41238057116,100.0,False,10
5818,775.577,-2448.51361779095,7274.597899896322,281.0,36156.09250000004,100.0,False,10
5819,775.71,-2446.0,7380.0,281.4156248,36166.50497942832,100.0,False,10
5820,775.897,-2438.8054832838875,7565.823003145283,282.0,36181.159166666715,100.0,False,10
5821,775.99,-2434.0,7661.0,282.4626863960793,36188.46325274338,100.0,False,10
5822,776.098,-2427.603992807443,7766.16235366595,283.0,36196.96000000004,100.0,False,10
5823,776.298,-2414.0177422723805,7943.143603737491,284.0,36212.737777777824,100.0,False,10
5824,776.431,-2406.0,8038.0,284.5541664,36223.25745826135,100.0,False,10
5825,776.538,-2400.5040700782765,8099.454797027699,285.0,36231.737777777824,100.0,False,10
5826,776.778,-2387.6276295135017,8221.048166613307,286.0,36250.80444444449,100.0,False,10
5827,776.811,-2385.0,8243.0,286.0,36253.425543482954,100.0,False,10
5828,776.978,-2368.491924471473,8374.242724657444,286.0,36266.69333333337,100.0,False,10
5829,777.011,-2365.0,8401.0,286.16500096,36269.320710785774,100.0,False,10
5830,777.178,-2347.0910270817762,8532.591519199117,287.0,36282.63777777782,100.0,False,10
5831,777.231,-2341.0,8574.0,287.0,36286.86268332045,100.0,False,10
5832,777.338,-2327.8454222102937,8657.947233617488,287.0,36295.39333333337,100.0,False,10
5833,777.391,-2321.0,8700.0,287.16614396666705,36299.62397498382,100.0,False,10
5834,777.571,-2297.0,8842.0,287.7304079788523,36314.019770162544,100.0,False,10
5835,777.657,-2286.163378313271,8902.013489808214,288.0,36320.913333333374,100.0,False,10
5836,777.857,-2253.5760895701856,9061.594399487709,289.0,36336.96888888892,100.0,False,10
5837,777.871,-2250.0,9078.0,288.781252,36338.09127168821,96.1062856,False,10
5838,778.031,-2201.0,9297.0,286.281252,36350.892124491904,51.6062856,False,10
5839,778.177,-2166.869626842858,9442.28456126683,284.0,36362.21333333337,11.0,False,10
5840,778.431,-2129.0,9593.0,263.1357248,36380.66702810776,1.0214336000000002,False,10
5841,778.457,-2125.2712748051695,9608.409803426825,261.0,36382.513333333365,0.0,True,10
5842,778.617,-2102.51609128305,9705.328484485688,250.0,36393.624444444475,0.0,True,10
5843,778.777,-2080.9553491814577,9800.811604490105,224.0,36403.58000000004,0.0,True,10
5844,778.911,-2066.0,9867.0,216.1833408,36411.54087840614,0.0,True,10
5845,779.017,-2056.294184603647,9909.754450484957,210.0,36417.58000000004,0.0,True,10
5846,779.191,-2041.0,9977.0,195.21001088,36426.92619507813,0.0,True,10
5847,779.217,-2038.2689469359411,9989.049527760062,193.0,36428.30222222226,0.0,True,10
5848,779.391,-2018.0,10078.0,186.91000448,36437.37058140216,0.0,True,10
5849,779.417,-2015.0181409640327,10090.80305966302,186.0,36438.63555555559,0.0,True,10
5850,779.631,-1991.0,10188.0,162.593764,36447.865040352335,0.0,True,10
5851,779.737,-1978.1974096251358,10232.805383914374,151.0,36452.05777777781,0.0,True,10
5852,779.831,-1967.0,10270.0,147.34444942222223,36455.71209400729,0.0,True,10
5853,780.031,-1941.0,10345.0,139.56667164444445,36463.29965496114,0.0,True,10
5854,780.097,-1926.2153362345737,10375.757655061227,137.0,36465.757777777806,0.0,True,10
5855,780.291,-1875.0,10467.0,131.17999616,36472.8234911924,0.0,True,10
5856,780.297,-1873.8170458129944,10468.947237963226,131.0,36473.03555555559,0.0,True,10
5857,780.631,-1831.0,10512.0,121.89091258181818,36484.181368218495,0.0,True,10
5858,780.737,-1803.9409741416594,10529.020734822918,119.0,36487.58000000003,0.0,False,10
5859,780.811,-1782.0,10541.0,117.97222044444445,36489.93537260385,3.7000064,False,10
5860,781.097,-1691.5321134170624,10569.908506625115,114.0,36498.98000000003,18.0,False,10
5861,781.111,-1687.0,10571.0,114.06999936,36499.42573072843,20.4499776,False,10
5862,781.231,-1648.0,10580.0,114.66999936,36503.26072268345,41.4499776,False,10
5863,781.297,-1626.463259477357,10585.075146051231,115.0,36505.36888888892,53.0,False,10
5864,781.491,-1564.0,10602.0,116.2125008,36511.54519829683,62.7000064,False,10
5865,781.617,-1525.6853831938906,10616.144653050405,117.0,36515.768888888924,69.0,False,10
5866,781.691,-1503.0,10626.0,121.31667413333334,36518.38867030662,67.45833066666667,False,10
5867,781.857,-1450.367588026974,10652.559150959836,131.0,36524.50222222226,64.0,False,10
5868,781.871,-1446.0,10655.0,131.1166656,36525.01908995077,63.84444586666667,False,10
5869,782.07,-1385.0,10694.0,132.77499946666666,36532.36308697202,61.633334044444446,False,10
5870,782.217,-1336.333841055789,10732.946561450772,134.0,36537.90222222226,60.0,False,10
5871,782.417,-1280.0787224566277,10783.360044341734,140.0,36545.680000000044,61.0,False,10
5872,782.45,-1275.0,10788.0,140.49499904,36546.977152544096,61.98999808,False,10
5873,782.617,-1259.4952712134148,10805.094830730714,143.0,36553.62444444449,67.0,False,10
5874,782.65,-1251.0,10816.0,143.89795757249271,36554.96992954744,67.67346817936954,False,10
5875,782.811,-1181.0,10907.0,148.2789158137202,36561.70298596213,70.95918686029016,False,10
5876,783.058,-1143.616030756205,10965.913677542867,155.0,36572.61194444449,76.0,False,10
5877,783.151,-1133.0,10989.0,161.50999552,36576.9127724328,87.15999232,False,10
5878,783.258,-1113.0708250467371,11029.942419031455,169.0,36582.00083333338,100.0,False,10
5879,783.331,-1098.0,11062.0,171.8678646857143,36585.56407509039,100.0,False,10
5880,783.538,-1059.2679187031424,11155.912230716094,180.0,36596.00083333338,100.0,False,10
5881,783.551,-1057.0,11162.0,180.4333312,36596.666712438826,100.0,False,10
5882,783.778,-1020.0736253249429,11272.239718069712,188.0,36608.534166666715,100.0,False,10
5883,783.831,-1012.0,11299.0,189.99247847739693,36611.40550574431,100.0,False,10
5884,784.051,-980.0,11414.0,198.26316346656026,36623.75575453364,100.0,False,10
5885,784.171,-963.0,11479.0,202.77444093843553,36630.68422291325,100.0,False,10
5886,784.177,-962.1642893375745,11482.266251604762,203.0,36631.033333333384,100.0,False,10
5887,784.331,-941.0,11567.0,209.16000512,36640.063807543454,100.0,False,10
5888,784.377,-934.5579074246695,11593.172182746894,211.0,36642.7555555556,100.0,False,10
5889,784.617,-900.3064566924287,11733.848379511528,211.0,36656.82222222227,100.0,False,10
5890,784.671,-893.0,11764.0,214.08570697142858,36660.12354244729,100.0,False,10
5891,784.891,-861.0,11897.0,226.65715017142858,36674.09233365636,100.0,False,10
5892,784.897,-859.7951081750887,11902.059443511544,227.0,36674.47777777783,100.0,False,10
5893,785.091,-814.0,12097.0,232.82000384,36687.03011167832,100.0,False,10
5894,785.097,-812.7551393847372,12102.472619678227,233.0,36687.42222222227,100.0,False,10
5895,785.297,-782.9637286568259,12242.608776843199,238.0,36700.64444444449,100.0,False,10
5896,785.497,-765.9219130631168,12336.13582242911,243.0,36714.144444444486,100.0,False,10
5897,785.531,-763.0,12352.0,243.708336,36716.463436511454,100.0,False,10
5898,785.737,-744.4340332503598,12452.95318559738,248.0,36730.67777777782,100.0,False,10
5899,785.751,-743.0,12461.0,248.41999616,36731.65656945965,100.0,False,10
5900,785.937,-721.3654388489811,12586.244964628817,254.0,36744.788888888936,100.0,False,10
5901,786.031,-710.0,12654.0,255.1749984,36751.461945424715,100.0,False,10
5902,786.097,-702.2183894941365,12701.093755909336,256.0,36756.16666666671,100.0,False,10
5903,786.297,-679.6684204077374,12841.461539623298,259.0,36770.5555555556,100.0,False,10
5904,786.331,-676.0,12865.0,259.6375024,36773.019747335384,100.0,False,10
5905,786.457,-662.8269426045786,12951.449201992991,262.0,36782.20000000004,100.0,False,10
5906,786.571,-650.0,13038.0,263.4250016,36790.58206630889,100.0,False,10
5907,786.777,-622.7654547964997,13228.708799696053,266.0,36805.84444444449,100.0,False,10
5908,786.791,-621.0,13242.0,266.0874992,36806.88231224669,100.0,False,10
5909,786.937,-604.175039283147,13378.772390457874,267.0,36817.71111111115,100.0,False,10
5910,787.137,-586.0428974792584,13556.277143419617,268.0,36832.600000000035,100.0,False,10
5911,787.151,-585.0,13568.0,268.14999862857144,36833.647639456285,100.0,False,10
5912,787.417,-570.6369755324354,13771.820644362235,271.0,36853.67777777782,100.0,False,10
5913,787.551,-566.0,13853.0,271.8374992,36863.799784175775,100.0,False,10
5914,787.577,-565.2335947811364,13866.67613094163,272.0,36865.76666666671,100.0,False,10
5915,787.777,-560.6876027250402,13954.537586427678,273.0,36880.93333333338,100.0,False,10
5916,787.871,-559.0,14005.0,273.39166613333333,36888.07954639201,100.0,False,10
5917,788.017,-556.7047632339363,14107.79605330794,274.0,36899.20000000005,100.0,False,10
5918,788.211,-554.0,14264.0,274.5388892444444,36914.01572045618,100.0,False,10
5919,788.377,-551.9656561197495,14390.922062441578,275.0,36926.70000000004,100.0,False,10
5920,788.431,-552.0,14444.0,275.0,36930.82263254021,100.0,False,10
5921,788.537,-553.5274068470696,14574.241588815994,275.0,36938.92222222227,100.0,False,10
5922,788.61,-555.0,14659.0,275.6083328,36944.52009690552,100.0,False,10
5923,788.777,-558.0361100898594,14780.116445272266,277.0,36957.388888888934,100.0,False,10
5924,789.01,-566.0,14889.0,278.66428525714286,36975.45593809417,100.0,False,10
5925,789.057,-568.9534968608473,14922.375798280515,279.0,36979.08888888893,100.0,False,10
5926,789.17,-578.0,15012.0,278.0609421936296,36987.7890530694,100.0,False,10
5927,789.371,-601.0,15164.0,276.3905801911278,37003.17334688999,100.0,False,10
5928,789.418,-607.4712428439791,15200.01660754484,276.0,37006.7655555556,100.0,False,10
5929,789.591,-633.0,15330.0,273.52857234285716,37019.964820527974,100.0,False,10
5930,789.698,-647.6571730053439,15398.747260680922,272.0,37027.92111111115,100.0,False,10
5931,789.811,-669.0,15493.0,265.72221155555553,37036.03936953723,68.61105777777777,False,10
5932,789.991,-722.0,15722.0,255.72222577777777,37048.50731163511,18.611128888888896,False,10
5933,790.058,-735.1037156101859,15778.362807764195,252.0,37053.121111111155,0.0,True,10
5934,790.298,-751.480091821674,15847.540180120259,241.0,37069.18777777782,0.0,True,10
5935,790.331,-754.0,15858.0,233.9874592,37071.18665659732,0.0,True,10
5936,790.458,-766.8099970738657,15911.145285324514,207.0,37078.38777777782,0.0,True,10
5937,790.658,-795.5600429399569,16035.75380348218,189.0,37088.88777777782,0.0,True,10
5938,790.691,-801.0,16061.0,186.5249856,37090.53320670727,0.0,True,10
5939,790.851,-828.0,16191.0,174.5249856,37098.16224009324,0.0,True,10
5940,790.898,-834.2622523076215,16221.397099542617,171.0,37100.28777777782,0.0,True,10
5941,791.057,-847.8039573556898,16286.953038935802,153.0,37107.04527777782,0.0,True,10
5942,791.351,-860.0,16353.0,132.17500906666666,37117.2590446491,0.0,True,10
5943,791.451,-866.0,16389.0,125.0916576,37120.32328573871,0.0,True,10
5944,791.537,-870.6658078012445,16418.777656090137,119.0,37122.91194444449,0.0,True,10
5945,791.611,-874.0,16443.0,115.2999936,37125.104925728105,0.0,True,10
5946,791.857,-879.7505807909165,16516.521091599414,103.0,37132.06750000004,0.0,True,10
5947,791.931,-880.0,16537.0,100.40999552,37134.01054193141,0.0,True,10
5948,792.131,-877.0,16589.0,93.40999552,37138.92837430185,0.0,True,10
5949,792.257,-871.273754189558,16618.820629237485,89.0,37141.95638888893,0.0,True,10
5950,792.311,-868.0,16631.0,88.19000192,37143.25327559374,0.0,True,10
5951,792.451,-857.0,16661.0,86.08999808,37146.592924750956,0.0,True,10
5952,792.457,-856.3992980105993,16662.225261699787,86.0,37146.73416666671,0.0,True,10
5953,792.737,-817.3008202520126,16712.301865259706,81.0,37153.034166666715,0.0,True,10
5954,792.771,-812.0,16717.0,79.4416608,37153.73125045274,0.0,True,10
5955,792.977,-779.5376689445446,16738.570588004153,70.0,37157.70083333338,0.0,True,10
5956,793.031,-771.0,16743.0,69.6625008,37158.73439056698,0.0,True,10
5957,793.137,-754.2538504683935,16750.7071376466,69.0,37160.767500000045,0.0,True,10
5958,793.331,-716.0,16759.0,68.02999936,37164.435603904196,0.0,True,10
5959,793.337,-714.4302067828656,16759.063799692063,68.0,37164.54527777783,0.0,False,10
5960,793.571,-649.0,16755.0,63.12499733333333,37168.64202576374,0.0,False,10
5961,793.577,-647.974747527538,16754.869529794803,63.0,37168.74527777782,0.0,False,10
5962,793.811,-633.0,16749.0,61.328570514285715,37172.73366483633,3.3428589714285715,False,10
5963,793.857,-629.0474684384765,16746.567890153277,61.0,37173.489722222264,4.0,False,10
5964,794.017,-606.5365362139354,16733.832634748447,58.0,37176.06750000004,4.0,False,10
5965,794.191,-580.0,16715.0,61.10714057142857,37179.06591545792,23.885699657142858,False,10
5966,794.297,-567.1544012235925,16701.82527601504,63.0,37180.96750000004,36.0,False,10
5967,794.371,-559.0,16692.0,64.23333546666667,37182.312871494134,38.15833706666667,False,10
5968,794.451,-550.0,16680.0,65.5666688,37183.787841542755,40.4916704,False,10
5969,794.537,-536.9822155642318,16659.539385375883,67.0,37185.43416666671,43.0,False,10
5970,794.751,-499.0,16592.0,73.24166293333333,37189.816636712356,44.78333226666667,False,10
5971,794.777,-495.69173922313655,16585.604986223898,74.0,37190.367500000044,45.0,False,10
5972,795.017,-480.7016991332469,16549.19585324004,79.0,37195.634166666714,57.0,False,10
5973,795.21,-472.0,16520.0,85.75499776,37200.239615239065,63.75499776,False,10
5974,795.217,-471.5451014338505,16518.602944380687,86.0,37200.41194444449,64.0,False,10
5975,795.41,-457.0,16473.0,90.2218736,37205.29453017299,71.2374976,False,10
5976,795.49,-452.0,16453.0,91.9718736,37207.40812611367,74.2374976,False,10
5977,795.537,-449.08715993411465,16441.43309486214,93.0,37208.67861111116,76.0,False,10
5978,795.69,-439.0,16399.0,99.88499712,37212.96810906612,77.52999936,False,10
5979,795.737,-435.56619229054394,16381.22064867057,102.0,37214.34527777782,78.0,False,10
5980,795.898,-422.85926532112666,16304.170210648339,112.0,37219.354166666715,81.0,False,10
5981,796.011,-416.0,16258.0,119.84723555555556,37223.31212529674,86.6500096,False,10
5982,796.258,-410.17645297970563,16205.138682684796,137.0,37233.05416666671,99.0,False,10
5983,796.391,-407.0,16163.0,143.3477242181818,37238.65332166101,99.30227258181819,False,10
5984,796.651,-396.0,16025.0,155.75682734545455,37250.20850079093,99.89318225454545,False,10
5985,796.698,-394.5837494177705,16006.605558999394,158.0,37252.36527777782,100.0,False,10
5986,796.911,-389.0,15943.0,167.3187472,37262.39787326189,100.0,False,10
5987,797.018,-383.1182977262805,15894.209914501183,172.0,37267.65416666671,100.0,False,10
5988,797.111,-377.0,15848.0,176.6499968,37272.360485149584,100.0,False,10
5989,797.298,-362.88356595109525,15759.975135714403,186.0,37282.12083333338,100.0,False,10
5990,797.351,-356.0,15729.0,187.85499776,37284.925361076406,100.0,False,10
5991,797.498,-327.1932655891244,15620.14021966937,193.0,37292.843055555604,100.0,False,10
5992,797.671,-292.0,15501.0,199.74651440730662,37302.617885695836,100.0,False,10
5993,797.857,-274.18728472428825,15449.657627420704,207.0,37313.4855555556,100.0,False,10
5994,797.931,-265.0,15426.0,209.22000384,37317.847528687635,100.0,False,10
5995,798.057,-240.62316914638228,15362.222357450888,213.0,37325.318888888934,100.0,False,10
5996,798.171,-214.0,15294.0,215.1375024,37332.12619827184,100.0,False,10
5997,798.217,-203.233674997664,15267.318342259518,216.0,37334.91888888893,100.0,False,10
5998,798.411,-158.0,15159.0,223.2750048,37347.04102463987,100.0,False,10
5999,798.457,-147.45691112303908,15133.810682697345,225.0,37349.91888888893,100.0,False,10
6000,798.571,-119.0,15066.0,225.0,37357.00627918985,100.0,False,10
6001,798.617,-104.77430258449536,15032.402824725663,225.0,37359.91888888893,100.0,False,10
6002,798.891,-7.0,14803.0,238.7000064,37378.22232373116,100.0,False,10
6003,798.937,4.53302153174018,14775.741871285545,241.0,37381.341111111156,100.0,False,10
6004,799.097,30.039007437405036,14714.550001214178,244.0,37392.185555555596,100.0,False,10
6005,799.251,56.0,14653.0,246.31000192,37402.74584446101,100.0,False,10
6006,799.297,66.52014642120781,14628.428968157874,247.0,37405.90777777782,100.0,False,10
6007,799.551,139.0,14461.0,249.1166656,37423.39146905292,100.0,False,10
6008,799.611,156.0,14422.0,249.61666773333334,37427.62080730733,100.0,False,10
6009,799.657,170.41641175356608,14388.937126277624,250.0,37430.90777777782,100.0,False,10
6010,799.951,274.0,14151.0,265.6187432,37452.68680122603,100.0,False,10
6011,799.977,280.50868493974775,14135.95323675391,267.0,37454.64111111115,100.0,False,10
6012,800.177,316.27482543888533,14052.829718478497,272.0,37469.75222222227,100.0,False,10
6013,800.231,328.0,14026.0,273.07999744,37473.8728901734,100.0,False,10
6014,800.377,370.46196525123656,13929.64960974666,276.0,37485.0855555556,100.0,False,10
6015,800.411,383.0,13901.0,276.4250016,37487.702098357855,100.0,False,10
6016,800.537,438.8773966489127,13772.244272837419,278.0,37497.44111111116,100.0,False,10
6017,800.691,507.0,13614.0,281.8500032,37509.55309458397,100.0,False,10
6018,800.777,533.4098277750988,13552.189085875687,284.0,37516.3744444445,100.0,False,10
6019,800.977,568.6813598958547,13467.851829927042,287.0,37532.318888888934,100.0,False,10
6020,801.091,593.0,13409.0,288.4250016,37541.482219158344,100.0,False,10
6021,801.297,655.6501471490199,13257.336765439884,291.0,37558.1855555556,100.0,False,10
6022,801.411,692.0,13169.0,293.8500032,37567.508822433105,100.0,False,10
6023,801.457,705.8337700839149,13135.261153507116,295.0,37571.29666666671,100.0,False,10
6024,801.591,748.0,13031.0,297.791664,37582.43301932375,100.0,False,10
6025,801.697,792.0511022412151,12919.031786979302,300.0,37591.29666666671,100.0,False,10
6026,801.83,845.0,12783.0,300.8312496,37602.43082708021,100.0,False,10
6027,802.017,881.8141845880741,12687.411589373216,302.0,37618.14111111116,100.0,False,10
6028,802.07,893.0,12657.0,302.6624992,37622.61420581771,100.0,False,10
6029,802.257,946.4722532669078,12507.949793920603,305.0,37638.47444444448,100.0,False,10
6030,802.27,950.0,12498.0,305.1296751927661,37639.58200522042,100.0,False,10
6031,802.631,1046.0,12206.0,308.7306726353193,37670.5654204608,100.0,False,10
6032,802.658,1058.5291817952927,12164.879799298411,309.0,37672.893611111154,100.0,False,10
6033,802.791,1125.0,11944.0,310.32999936,37684.37746750719,100.0,False,10
6034,802.858,1147.73957093971,11867.256496863847,311.0,37690.17138888893,100.0,False,10
6035,803.098,1177.400705661922,11757.59792936899,312.0,37710.97138888893,100.0,False,10
6036,803.151,1185.0,11728.0,312.26499968,37715.57460146905,100.0,False,10
6037,803.298,1214.9069481305662,11612.72848652291,313.0,37728.36027777782,100.0,False,10
6038,803.431,1246.0,11493.0,313.33249984,37739.9499672484,100.0,False,10
6039,803.551,1272.0,11392.0,313.63249984,37750.42237693036,100.0,False,10
6040,803.698,1301.4021904921888,11274.252865675775,314.0,37763.24916666671,100.0,False,10
6041,803.771,1318.0,11206.0,314.0,37769.61651793258,100.0,False,10
6042,803.858,1341.1642255923477,11109.51702961384,314.0,37777.20472222227,100.0,False,10
6043,804.051,1395.0,10883.0,314.0,37794.04587264186,100.0,False,10
6044,804.258,1429.3633636858847,10738.46882026353,314.0,37812.093611111166,100.0,False,10
6045,804.491,1463.0,10595.0,313.02510406022316,37832.352569055096,100.0,False,10
6046,804.497,1464.1989394948084,10589.841271879943,313.0,37832.87333333338,100.0,False,10
6047,804.731,1518.0,10358.0,312.16428525714286,37853.153703661206,100.0,False,10
6048,804.777,1527.2246074337052,10318.609827769113,312.0,37857.14000000006,100.0,False,10
6049,805.031,1570.0,10138.0,312.0,37879.160826634936,100.0,False,10
6050,805.097,1582.1909727071038,10086.195600183204,312.0,37884.87333333339,100.0,False,10
6051,805.331,1629.0,9885.0,311.34999964444444,37905.07831634496,100.0,False,10
6052,805.457,1653.3716152959284,9778.426090515908,311.0,37915.973333333386,100.0,False,10
6053,805.471,1656.0,9767.0,311.0874992,37917.18590047835,100.0,False,10
6054,805.617,1682.4195782724537,9653.74967554791,312.0,37929.84000000005,100.0,False,10
6055,805.731,1707.0,9549.0,311.2874992,37939.68980507531,100.0,False,10
6056,805.777,1718.958407132129,9497.838205747408,311.0,37943.66222222228,100.0,False,10
6057,805.951,1766.0,9296.0,311.0,37958.700317970855,100.0,False,10
6058,806.097,1787.100286603444,9205.203912595854,311.0,37971.30666666672,100.0,False,10
6059,806.211,1801.0,9145.0,310.52499946666666,37981.12805198769,100.0,False,10
6060,806.337,1822.5539775484017,9051.34035396356,310.0,37991.973333333386,100.0,False,10
6061,806.551,1867.0,8859.0,310.0,38010.40095973009,100.0,False,10
6062,806.577,1872.211054582886,8836.680702404963,310.0,38012.64000000005,100.0,False,10
6063,806.751,1906.0,8692.0,310.0,38027.623778167486,100.0,False,10
6064,806.937,1941.3420538374107,8535.793648954255,310.0,38043.64000000005,100.0,False,10
6065,806.951,1944.0,8524.0,310.0,38044.84547020916,100.0,False,10
6066,807.097,1971.7652496009412,8401.129062692684,310.0,38057.417777777824,100.0,False,10
6067,807.151,1982.0,8356.0,310.0,38062.06933878106,100.0,False,10
6068,807.337,2016.819833419667,8203.092824280986,310.0,38078.08444444449,100.0,False,10
6069,807.371,2023.0,8176.0,309.8583328,38081.00644435096,100.0,False,10
6070,807.571,2058.0,8023.0,309.02499946666666,38098.16948718573,100.0,False,10
6071,807.577,2059.0251894889857,8018.5519484206425,309.0,38098.68444444449,100.0,False,10
6072,807.777,2095.487760097185,7861.903339805871,309.0,38115.85111111116,100.0,False,10
6073,807.831,2110.0,7800.0,308.8875002666667,38120.47901857635,100.0,False,10
6074,808.011,2169.0,7549.0,308.51249973333336,38135.87567014821,100.0,False,10
6075,808.257,2196.081077089159,7436.192543466194,308.0,38156.91777777782,100.0,False,10
6076,808.31,2205.0,7399.0,308.0,38161.4604187372,100.0,False,10
6077,808.457,2247.1640056983174,7221.991494956753,308.0,38174.02888888893,100.0,False,10
6078,808.55,2276.0,7101.0,306.1916679111111,38181.89287123696,100.0,False,10
6079,808.817,2334.357031337017,6858.177345782438,301.0,38204.12888888893,100.0,False,10
6080,808.97,2358.0,6760.0,297.8257266259191,38216.72111485006,100.0,False,10
6081,809.058,2369.8454291193066,6710.501318342098,296.0,38223.94444444449,100.0,False,10
6082,809.218,2388.2969795912127,6632.732951409418,294.0,38237.011111111155,1.0,True,10
6083,809.411,2417.0,6511.0,281.13332053333335,38252.088805018306,0.1958325333333333,True,10
6084,809.458,2425.958973572593,6472.974605227267,278.0,38255.54444444449,0.0,True,10
6085,809.691,2474.0,6269.0,250.1694215111111,38271.19856946851,0.0,True,10
6086,809.818,2491.9279923146223,6192.906902735161,235.0,38279.04444444449,0.0,True,10
6087,809.978,2507.6420267082867,6125.97363435112,213.0,38288.511111111155,0.0,True,10
6088,810.071,2519.0,6077.0,207.7687536,38293.88558190462,0.0,True,10
6089,810.138,2528.564218990577,6035.53514092457,204.0,38297.57777777783,0.0,True,10
6090,810.291,2551.0,5938.0,183.34497408,38305.18881275224,0.0,True,10
6091,810.338,2556.371412644616,5914.709180117343,177.0,38307.411111111156,0.0,True,10
6092,810.551,2574.0,5835.0,167.53333617777778,38317.16754270773,0.0,True,10
6093,810.698,2585.8359359990036,5771.067908410176,161.0,38323.511111111155,0.0,True,10
6094,810.771,2591.0,5739.0,155.15998464,38326.52261748995,0.0,True,10
6095,810.898,2597.974186947059,5686.580351162479,145.0,38331.56666666671,0.0,True,10
6096,811.151,2605.0,5593.0,135.93190401562057,38341.07323793134,0.0,True,10
6097,811.177,2605.2882988427546,5583.983580541517,135.0,38342.02916666671,0.0,True,10
6098,811.311,2604.0,5536.0,132.60714514285715,38346.92070014609,0.0,True,10
6099,811.457,2591.7990674399157,5469.4136638029795,130.0,38352.14027777782,0.0,True,10
6100,811.531,2585.0,5440.0,128.41428297142858,38354.72345667137,0.2642861714285714,True,10
6101,811.737,2572.883968005898,5397.5536732205355,124.0,38361.78472222226,1.0,False,10
6102,811.951,2544.0,5350.0,124.0,38369.162805169,21.635701942857143,False,10
6103,812.017,2526.0001163939633,5320.775888812305,124.0,38371.42916666671,28.0,False,10
6104,812.111,2499.0,5277.0,124.0,38374.63990864734,40.141650133333336,False,10
6105,812.257,2472.588514611521,5234.03714224419,124.0,38379.695833333375,59.0,False,10
6106,812.471,2450.0,5191.0,130.0187464,38387.57039480313,52.9812536,False,10
6107,812.577,2435.1238791734118,5157.443911961054,133.0,38391.5180555556,50.0,False,10
6108,812.631,2428.0,5139.0,133.0,38393.515182703144,50.22499946666667,False,10
6109,812.817,2410.0526064068154,5075.585692140774,133.0,38400.38472222227,51.0,False,10
6110,812.831,2409.0,5071.0,133.2333312,38400.907998585244,51.9333248,False,10
6111,813.057,2396.781056169999,5001.07275006986,137.0,38409.5180555556,67.0,False,10
6112,813.211,2395.0,4928.0,140.8500032,38415.5968873288,75.6625072,False,10
6113,813.377,2399.424089118839,4812.370702126606,145.0,38422.40694444448,85.0,False,10
6114,813.431,2401.0,4782.0,147.1937448,38424.69382637048,86.687496,False,10
6115,813.697,2406.6389345928587,4719.678475707541,158.0,38436.45138888893,95.0,False,10
6116,813.751,2409.0,4703.0,160.0249952,38438.93041415373,95.843748,False,10
6117,813.891,2418.0,4640.0,165.2750048,38445.49842912951,98.031252,False,10
6118,814.017,2427.7416695975808,4580.995060577458,170.0,38451.562500000044,100.0,False,10
6119,814.177,2442.40976985581,4505.7727096131985,178.0,38459.473611111156,100.0,False,10
6120,814.211,2446.0,4489.0,179.53000576,38461.195313123084,100.0,False,10
6121,814.377,2465.2841411425893,4405.344922453618,187.0,38469.86250000004,100.0,False,10
6122,814.411,2469.0,4390.0,188.1333376,38471.70696889888,100.0,False,10
6123,814.571,2485.0,4327.0,193.46667093333335,38480.71952196853,100.0,False,10
6124,815.457,2625.2978641349814,3837.0147631542113,223.0,38536.76250000004,100.0,False,10
6125,815.49,2631.0,3817.0,223.41078769415108,38538.83801080122,100.0,False,10
6126,815.698,2666.4086642466245,3691.2691401600932,226.0,38551.891944444484,100.0,False,10
6127,815.751,2675.0,3660.0,227.3249984,38555.257894696355,100.0,False,10
6128,815.898,2698.1817594379013,3573.432968702684,231.0,38564.72527777782,100.0,False,10
6129,815.951,2708.0,3536.0,232.70356937142859,38568.1999133278,100.0,False,10
6130,816.151,2752.0,3366.0,239.1321408,38581.56840422576,100.0,False,10
6131,816.178,2757.096818588577,3346.13099957683,240.0,38583.391944444484,100.0,False,10
6132,816.458,2792.938403861908,3204.5148136785424,246.0,38602.525277777815,100.0,False,10
6133,816.571,2809.0,3143.0,248.01786057142857,38610.37346865321,100.0,False,10
6134,816.651,2823.0,3090.0,249.446432,38615.9660817273,100.0,False,10
6135,816.738,2842.1017142096275,3015.4503386946835,251.0,38622.047500000044,100.0,False,10
6136,816.898,2881.52998296065,2857.856982965348,252.0,38633.24750000004,100.0,False,10
6137,816.931,2888.0,2832.0,252.6187536,38635.57510152667,100.0,False,10
6138,817.058,2906.493245611814,2758.358878207507,255.0,38644.58083333337,100.0,False,10
6139,817.271,2930.0,2667.0,255.88749973333333,38659.71458090657,100.0,False,10
6140,817.298,2934.248148572438,2650.6922748747675,256.0,38661.647500000036,100.0,False,10
6141,817.471,2966.0,2529.0,258.47142765714284,38674.13771817984,100.0,False,10
6142,817.578,2984.5878078700375,2457.078108926775,260.0,38681.869722222254,100.0,False,10
6143,817.631,2995.0,2417.0,259.6687504,38685.684398464226,100.0,False,10
6144,817.738,3020.6778954926967,2319.080629963268,259.0,38693.38083333337,100.0,False,10
6145,817.937,3076.271801967572,2108.833498398028,261.0,38707.80833333337,100.0,False,10
6146,818.011,3091.0,2053.0,261.4625008,38713.190145295615,100.0,False,10
6147,818.097,3102.9356963219493,2007.5305372230414,262.0,38719.45277777781,100.0,False,10
6148,818.297,3119.5636809318553,1943.139377498261,263.0,38734.06388888893,100.0,False,10
6149,818.331,3124.0,1926.0,263.2833344,38736.55843292741,100.0,False,10
6150,818.531,3161.0,1784.0,264.9500010666667,38751.28799289594,100.0,False,10
6151,818.537,3162.2532636853884,1779.245585186243,265.0,38751.730555555594,100.0,False,10
6152,818.711,3199.0,1640.0,265.86999936,38764.58203904011,100.0,False,10
6153,818.737,3204.006871928453,1620.507347730158,266.0,38766.50833333337,100.0,False,10
6154,818.931,3238.0,1483.0,267.2125008,38780.94179471481,100.0,False,10
6155,819.057,3261.4539376776997,1386.1069428630033,268.0,38790.33055555559,100.0,False,10
6156,819.131,3275.0,1328.0,268.0,38795.838412325495,100.0,False,10
6157,819.217,3289.86675506811,1261.0149756957785,268.0,38802.2416666667,100.0,False,10
6158,819.417,3319.2731425976804,1116.5352080753487,269.0,38817.18611111114,100.0,False,10
6159,819.471,3325.0,1086.0,269.38571337142855,38821.23868124525,100.0,False,10
6160,819.651,3340.0,998.0,270.67142948571427,38834.79524863838,100.0,False,10
6161,819.697,3345.455714475796,966.2851534099195,271.0,38838.26388888892,100.0,False,11
6162,819.771,3355.0,909.0,271.2312504,38843.84553790566,100.0,False,11
6163,820.011,3377.0,730.0,271.9812504,38861.98654536673,100.0,False,11
6164,820.017,3377.4359908823917,725.4925858053668,272.0,38862.4416666667,100.0,False,11
6165,820.211,3389.0,579.0,273.6166677333333,38877.20083994769,100.0,False,11
6166,820.257,3390.8465584183014,545.3840301416477,274.0,38880.70833333336,100.0,False,11
6167,820.391,3394.0,442.0,274.3722218666667,38890.93769754467,100.0,False,11
6168,820.617,3391.3596145995825,203.74527381447186,275.0,38908.20833333336,100.0,False,11
6169,820.711,3389.0,122.0,275.0,38915.386721136165,100.0,False,11
6170,820.817,3386.1666985944635,59.859950899586444,275.0,38923.48611111114,100.0,False,11
6171,820.991,3380.0,-15.0,275.5437496,38936.813643987436,100.0,False,11
6172,821.137,3371.8289941928642,-109.40987207317902,276.0,38948.019444444464,100.0,False,11
6173,821.271,3360.0,-229.0,275.33000064,38958.30586979004,33.000064,False,11
6174,821.337,3352.040928187812,-301.4064632140659,275.0,38963.297222222245,0.0,False,11
6175,821.471,3335.0,-449.0,264.9500096,38973.16081154393,0.0,False,11
6176,821.537,3328.829706155787,-501.31167490608465,260.0,38977.74166666669,0.0,True,11
6177,821.85,3313.0,-632.0,224.43182545454545,38996.38824801239,0.0,True,11
6178,821.977,3305.3196328665854,-702.3059209530154,210.0,39003.408333333355,0.0,True,11
6179,822.13,3296.0,-794.0,197.5687552,39011.79228889832,0.0,True,11
6180,822.137,3295.632915997696,-797.8651914475923,197.0,39012.16388888891,0.0,True,11
6181,822.211,3292.0,-837.0,192.49029610908298,39016.00513700903,0.0,True,11
6182,822.451,3283.0,-960.0,177.86425473493713,39027.54063261916,0.0,True,11
6183,822.498,3282.8146500942344,-992.0703067178873,175.0,39029.71250000002,0.0,True,11
6184,822.811,3292.0,-1224.0,160.328116,39043.633839519855,0.0,True,11
6185,822.818,3292.1909361175826,-1226.8277219224587,160.0,39043.93472222224,0.0,True,11
6186,823.071,3301.0,-1273.0,153.04250176,39054.51531775359,0.0,True,11
6187,823.218,3316.662235012041,-1327.9459820771467,149.0,39060.4902777778,0.0,True,11
6188,823.251,3321.0,-1341.0,148.1749952,39061.82059311573,0.0,True,11
6189,823.418,3346.424625148244,-1400.3439370979647,144.0,39068.4902777778,0.0,False,11
6190,823.471,3356.0,-1418.0,143.20500096,39070.584813810005,0.0,False,11
6191,823.618,3386.7590154550944,-1465.6465493490575,141.0,39076.32361111113,0.0,False,11
6192,823.711,3409.0,-1494.0,139.33928685714287,39079.88144942677,0.0,False,11
6193,823.891,3457.0,-1544.0,136.12499657142857,39086.64034565473,0.0,False,11
6194,823.898,3458.948222217351,-1545.8440217082973,136.0,39086.90138888891,0.0,False,11
6195,824.051,3502.0,-1584.0,133.1312464,39092.558037211485,0.0,False,11
6196,824.058,3503.929303826403,-1585.6019748492383,133.0,39092.81250000002,0.0,True,11
6197,824.298,3572.2252581122734,-1635.3105691475917,127.0,39101.27916666669,0.0,True,11
6198,824.351,3593.0,-1648.0,125.0125024,39103.097079249455,0.0,True,11
6199,824.458,3644.147728225247,-1677.270801146327,121.0,39106.65694444447,0.0,True,11
6200,824.551,3687.0,-1701.0,116.04389155232269,39109.5286665372,0.0,True,11
6201,824.777,3745.2507037081623,-1732.6135041355817,104.0,39115.87250000003,0.0,True,11
6202,825.051,3783.0,-1756.0,96.17142491428571,39123.18272758968,0.0,True,11
6203,825.057,3784.2065577779995,-1756.8271179537637,96.0,39123.339166666694,0.0,True,11
6204,825.131,3800.0,-1768.0,94.76666453333333,39125.256388245696,0.0,True,11
6205,825.297,3833.861968526635,-1796.8986866042615,92.0,39129.472500000025,0.0,True,11
6206,825.451,3859.0,-1826.0,88.91999744,39133.26617242067,0.0,True,11
6207,825.497,3864.74459185703,-1834.7506557006432,88.0,39134.361388888916,0.0,True,11
6208,825.791,3885.0,-1893.0,81.4666695111111,39140.92388860742,0.0,True,11
6209,825.857,3886.893771735303,-1907.4139968567233,80.0,39142.361388888916,0.0,False,11
6210,826.011,3888.0,-1942.0,78.45999872,39145.70995790658,0.0,False,11
6211,826.057,3887.435236099252,-1952.0421416062766,78.0,39146.69472222225,0.0,False,11
6212,826.271,3880.0,-1998.0,75.86000128,39151.13665616885,12.30499264,False,11
6213,826.451,3869.0,-2039.0,74.05999872,39154.794812916705,22.65500736,False,11
6214,826.457,3868.5470258317064,-2040.398106022998,74.0,39154.91694444447,23.0,False,11
6215,826.617,3854.405803687057,-2077.9558761832395,74.0,39158.205833333355,31.0,False,11
6216,826.671,3849.0,-2090.0,74.89999786666667,39159.35796669099,33.249994666666666,False,11
6217,826.977,3814.2066457885453,-2148.598468453438,80.0,39166.205833333355,46.0,False,11
6218,827.071,3803.0,-2164.0,80.46999936,39168.30434773066,47.87999744,False,11
6219,827.177,3790.33179565555,-2180.139619763456,81.0,39170.705833333355,50.0,False,11
6220,827.271,3771.0,-2197.0,83.3499968,39172.918422584386,52.3499968,False,11
6221,827.451,3706.0,-2238.0,87.8500032,39177.39488125338,56.850003199999996,False,11
6222,827.457,3704.2005523589205,-2239.030649123103,88.0,39177.5502777778,57.0,False,11
6223,827.777,3656.6337508318848,-2255.006466530442,99.0,39186.350277777805,69.0,False,11
6224,827.811,3650.0,-2256.0,99.9916704,39187.32596348224,69.0,False,11
6225,828.017,3591.6462243798032,-2265.6494438764366,106.0,39193.41694444447,69.0,False,11
6226,828.051,3581.0,-2267.0,107.2750048,39194.466041876214,69.5666688,False,11
6227,828.257,3516.2321046402517,-2271.4235325172654,115.0,39201.083611111135,73.0,False,11
6228,828.31,3499.0,-2272.0,116.76666453333333,39202.84409834555,74.3249984,False,11
6229,828.47,3446.0,-2273.0,122.09999786666667,39208.323915478475,78.3249984,False,11
6230,828.497,3437.4370757064444,-2273.0547754905633,123.0,39209.28361111113,79.0,False,11
6231,828.69,3368.0,-2271.0,131.24199202664587,39216.446697616804,83.12099601332294,False,11
6232,828.778,3315.9117863062493,-2266.8660724637934,135.0,39219.82111111114,85.0,False,11
6233,828.931,3222.0,-2258.0,138.8250048,39225.78477717419,87.97500373333334,False,11
6234,829.138,3178.1940876231356,-2252.674177112656,144.0,39234.22111111114,92.0,False,11
6235,829.231,3156.0,-2248.0,151.5562448,39238.2310106954,94.3249984,False,11
6236,829.298,3130.8746194701707,-2242.6046409271853,157.0,39241.19888888892,96.0,False,11
6237,829.411,3079.0,-2231.0,162.6500096,39246.34453838518,98.8250048,False,11
6238,829.458,3058.0768820070984,-2225.960900577245,165.0,39248.532222222246,100.0,False,11
6239,829.658,2971.788583114964,-2202.6910867928987,173.0,39258.14333333336,100.0,False,11
6240,829.671,2966.0,-2201.0,173.46428342857143,39258.78605087557,100.0,False,11
6241,829.911,2854.0,-2166.0,182.035712,39270.98587760369,100.0,False,11
6242,829.938,2841.038490341838,-2161.7799505302846,183.0,39272.37666666669,100.0,False,11
6243,830.031,2796.0,-2147.0,185.3249984,39277.18092784811,100.0,False,11
6244,830.098,2763.185485220743,-2136.271561066994,187.0,39280.6877777778,100.0,False,11
6245,830.251,2687.0,-2111.0,191.9178633142857,39288.91807793619,100.0,False,11
6246,830.378,2622.2890888723978,-2088.1646190701176,196.0,39295.93222222225,100.0,False,11
6247,830.431,2595.0,-2078.0,198.3187472,39298.89642393185,100.0,False,11
6248,830.538,2539.517720872302,-2056.2174311023505,203.0,39304.95444444447,100.0,False,11
6249,830.771,2420.0,-2004.0,208.24250432,39318.538413750844,100.0,False,11
6250,830.938,2334.829974273724,-1961.2153768645958,212.0,39328.510000000024,100.0,False,11
6251,830.951,2327.0,-1957.0,212.25999872,39329.29186480569,100.0,False,11
6252,831.171,2169.0,-1866.0,216.66000384,39342.647360113704,100.0,False,11
6253,831.338,2057.4674258315276,-1793.1093837898336,220.0,39352.95444444447,100.0,False,11
6254,831.431,2006.0,-1758.0,221.63157756285472,39358.76106997477,100.0,False,11
6255,831.731,1884.0,-1673.0,226.89473910460325,39377.73276402434,100.0,False,11
6256,831.737,1881.2808370775338,-1671.0460631044862,227.0,39378.113611111134,100.0,False,11
6257,831.951,1772.0,-1591.0,228.52857051428572,39391.72023169061,100.0,False,11
6258,832.017,1738.293645687059,-1565.5914488360083,229.0,39395.92472222225,100.0,False,11
6259,832.171,1661.0,-1506.0,229.77000064,39405.753425600815,100.0,False,11
6260,832.217,1637.6283037366188,-1487.6986812421849,230.0,39408.70250000002,100.0,False,11
6261,832.291,1600.0,-1458.0,230.9250016,39413.46386972909,100.0,False,11
6262,832.377,1556.912918929031,-1423.6841340183055,232.0,39419.01361111113,100.0,False,11
6263,832.471,1510.0,-1386.0,232.5874992,39425.08559009667,100.0,False,11
6264,832.537,1476.745724317332,-1359.1315336266866,233.0,39429.369166666685,100.0,False,11
6265,832.697,1395.9634099922341,-1293.6256979311313,233.0,39439.724722222236,100.0,True,11
6266,832.711,1389.0,-1288.0,231.91112106666668,39440.59702704132,96.11114666666667,True,11
6267,833.057,1224.1958934762752,-1155.4096383715062,205.0,39460.224722222236,0.0,True,11
6268,833.091,1209.0,-1143.0,202.5916576,39462.04381636969,0.0,True,11
6269,833.251,1141.0,-1087.0,191.25832426666668,39470.4174414136,0.0,True,11
6270,833.297,1123.239577853989,-1072.4940665184083,188.0,39472.75805555557,0.0,True,11
6271,833.431,1070.0,-1028.0,179.96000768,39479.39322302904,0.0,True,11
6272,833.497,1036.540735403747,-998.102647066809,176.0,39482.53583333334,0.0,True,11
6273,833.651,953.0,-920.0,163.4874896,39489.51701359909,0.0,True,11
6274,833.657,950.2669133332226,-917.3592422907404,163.0,39489.78027777779,0.0,True,11
6275,834.017,851.0066835411292,-805.3322435679702,149.0,39504.68027777779,0.0,True,11
6276,834.031,848.0,-801.0,148.58000384,39505.24276705786,0.0,True,11
6277,834.217,808.1363171279146,-737.2812334418209,143.0,39512.62472222224,0.0,True,11
6278,834.491,761.0,-646.0,136.1499968,39522.97992998054,0.0,True,11
6279,834.497,760.3216090130746,-644.4491485620614,136.0,39523.202500000014,0.0,True,11
6280,834.697,746.5990916977848,-604.1709455202807,132.0,39530.53583333335,0.0,False,11
6281,834.89,743.0,-559.0,129.31944533333333,39537.37512734947,12.866662400000001,False,11
6282,835.03,743.0,-509.0,127.37500088888889,39542.28396117442,22.199995733333335,False,11
6283,835.057,743.5372001254699,-498.91877660928134,127.0,39543.23583333335,24.0,False,11
6284,835.25,752.0,-428.0,128.31292492523173,39550.08858713664,41.50566566975647,False,11
6285,835.451,763.0,-355.0,129.68027336856574,39557.40363683594,59.73697824754333,False,11
6286,835.498,764.7763103558143,-331.74805395494207,130.0,39559.16083333335,64.0,False,11
6287,835.731,768.0,-201.0,137.4892918857143,39568.12394291437,69.8250048,False,11
6288,835.778,767.7445263542826,-182.94929582526012,139.0,39569.971944444456,71.0,False,11
6289,836.091,759.0,-114.0,143.890628,39582.491857055924,48.5031112,False,11
6290,836.098,758.674473659491,-111.88711331573496,144.0,39582.77194444445,48.0,False,11
6291,836.311,743.0,-28.0,144.0,39591.283467656765,48.887499733333335,False,11
6292,836.338,739.3228921501767,-15.604935322421676,144.0,39592.37194444445,49.0,False,11
6293,836.578,692.9445207213207,97.80606568411002,147.0,39602.17194444445,55.0,False,11
6294,836.611,687.0,110.0,147.4125024,39603.527323324946,57.8875168,False,11
6295,836.818,656.0288475111983,161.5325887128785,150.0,39612.17194444445,76.0,False,11
6296,836.931,630.0,196.0,154.70834133333332,39617.17509633201,81.33612017777777,False,11
6297,837.171,540.0,312.0,164.70834133333332,39628.342004705875,92.66945351111112,False,11
6298,837.178,537.2646597104174,315.47874822496965,165.0,39628.67194444445,93.0,False,11
6299,837.378,462.39156147861854,409.4549772995803,172.0,39638.22750000001,100.0,False,11
6300,837.631,379.0,512.0,180.04999796363637,39651.02767195743,100.0,False,11
6301,837.818,327.34956469781935,574.9610402018554,186.0,39660.96083333334,100.0,False,11
6302,838.011,281.0,631.0,193.86521000823373,39671.57073561832,100.0,False,11
6303,838.137,253.4473087017158,664.1001383934893,199.0,39678.59444444445,100.0,False,11
6304,838.297,217.04987464429158,707.2736769462575,202.0,39687.57222222223,100.0,False,11
6305,838.371,195.0,733.0,204.22000384,39691.80246957144,100.0,False,11
6306,838.497,148.2312060567588,786.2717802827766,208.0,39699.12777777779,100.0,False,11
6307,838.511,142.0,793.0,208.3499968,39699.94998026895,100.0,False,11
6308,838.817,-28.3669791624969,959.8960682928989,216.0,39718.32777777779,100.0,False,11
6309,838.831,-35.0,966.0,216.4083296,39719.18690199924,100.0,False,11
6310,839.057,-113.37957546110974,1033.0529308535858,223.0,39733.19444444446,100.0,False,11
6311,839.191,-159.0,1069.0,223.0,39741.48208716636,100.0,False,11
6312,839.217,-169.28376500916335,1077.122484456431,223.0,39743.10555555557,100.0,False,11
6313,839.417,-265.74860606378155,1153.5467666693562,229.0,39755.8277777778,100.0,False,11
6314,839.471,-299.0,1180.0,229.843748,39759.3054441008,100.0,False,11
6315,839.691,-450.0,1301.0,233.281252,39773.612179370095,100.0,False,11
6316,839.737,-472.80653003425857,1319.7459011412818,234.0,39776.627777777794,100.0,False,11
6317,839.971,-547.0,1388.0,236.9250016,39792.08186572383,100.0,False,11
6318,840.057,-579.1151704913224,1422.3662006750596,238.0,39797.783333333355,100.0,False,11
6319,840.217,-649.5886585895591,1503.9323138819611,239.0,39808.405555555575,100.0,False,11
6320,840.331,-695.0,1568.0,239.7125008,39816.00391077751,100.0,False,11
6321,840.377,-711.2733816241458,1594.6991015521994,240.0,39819.07222222224,100.0,False,11
6322,840.511,-753.0,1674.0,240.0,39828.00720407733,100.0,False,11
6323,840.591,-776.0,1723.0,240.0,39833.33950495921,100.0,False,11
6324,840.617,-784.1881657281167,1741.8241840715357,240.0,39835.07222222224,100.0,False,11
6325,840.817,-856.4002451135791,1930.548162423271,240.0,39848.405555555575,100.0,False,11
6326,840.851,-867.0,1963.0,240.17000064,39850.677367860466,100.0,False,11
6327,841.017,-906.1227111380927,2110.4113351459678,241.0,39861.794444444466,100.0,False,11
6328,841.297,-934.2888788399634,2301.4933837235644,242.0,39880.61666666668,100.0,False,11
6329,841.35,-937.0,2325.0,242.1204544,39884.18805305643,100.0,False,11
6330,841.59,-942.0,2407.0,242.66590894545453,39900.39011683189,100.0,False,11
6331,841.737,-943.7345812621365,2505.6081844954456,243.0,39910.31666666668,100.0,False,11
6332,841.79,-944.0,2544.0,243.0,39913.89423203771,100.0,False,11
6333,841.938,-943.2541303120422,2644.936770454119,243.0,39923.884166666685,100.0,False,11
6334,842.031,-942.0,2707.0,243.0,39930.165973329415,100.0,False,11
6335,842.098,-940.8357332672309,2752.213584986118,243.0,39934.68416666668,100.0,False,11
6336,842.231,-938.0,2841.0,239.6750016,39943.564812093115,16.875039999999995,False,11
6337,842.258,-937.3694288063884,2858.3206441475236,239.0,39945.30638888891,0.0,False,11
6338,842.471,-931.0,2997.0,219.2214345142857,39958.093000020745,0.0,False,11
6339,842.538,-927.9039500095664,3049.5445765408635,213.0,39961.873055555574,0.0,True,11
6340,842.751,-917.0,3217.0,198.09000448,39973.317908353805,0.0,True,11
6341,842.938,-912.7253249062054,3286.4905141463532,185.0,39982.42861111113,0.0,True,11
6342,843.051,-912.0,3321.0,174.82998272,39987.42086075626,0.0,True,11
6343,843.338,-914.6504767507458,3448.0423825755415,149.0,39998.98416666668,0.0,True,11
6344,843.391,-916.0,3471.0,147.6750016,40001.1051126215,0.0,True,11
6345,843.551,-922.0,3534.0,143.6750016,40007.47111275744,0.0,True,11
6346,843.618,-925.600241324161,3559.1577167764317,142.0,40010.028611111135,0.0,True,11
6347,843.751,-934.0,3607.0,135.3500032,40014.86339336137,0.0,True,11
6348,843.911,-946.0,3662.0,127.3500032,40020.330448050016,0.0,True,11
6349,843.938,-949.1462009181616,3672.624365065928,126.0,40021.22861111113,0.0,True,11
6350,844.178,-986.4600745334046,3774.007003244785,116.0,40028.96194444447,0.0,True,11
6351,844.191,-988.0,3778.0,115.7562512,40029.374446829206,0.0,True,11
6352,844.338,-999.2854953890629,3807.250607206311,113.0,40033.98416666669,0.0,True,11
6353,844.511,-1020.0,3836.0,107.81000192,40039.13976537616,0.0,True,11
6354,844.538,-1026.4137432819887,3843.501221285198,107.0,40039.928611111136,0.0,True,11
6355,844.751,-1092.0,3915.0,103.45000106666667,40046.04167409566,0.0,True,11
6356,844.778,-1098.4242310637285,3921.5425067506676,103.0,40046.795277777805,0.0,True,11
6357,845.151,-1151.0,3953.0,96.45614252332551,40056.75074180629,0.0,True,11
6358,845.177,-1156.8599954743895,3954.960814766277,96.0,40057.435277777804,0.0,False,11
6359,845.451,-1237.0,3979.0,95.31499968,40064.66271758291,17.125007999999998,False,11
6360,845.577,-1267.8657239254198,3983.7364829215157,95.0,40067.99083333336,25.0,False,11
6361,845.737,-1303.5007208068723,3984.192416149657,95.0,40072.21305555558,31.0,False,11
6362,845.771,-1312.0,3984.0,95.0,40073.10572124947,33.5500096,False,11
6363,845.931,-1356.0,3982.0,95.0,40077.32868263694,45.5500096,False,11
6364,845.937,-1357.7123758960956,3981.90030994046,95.0,40077.49083333336,46.0,False,11
6365,846.097,-1404.2156736840257,3978.722773757291,100.0,40081.935277777804,58.0,False,11
6366,846.171,-1426.0,3977.0,102.22000384,40084.06092808972,62.81000832,False,11
6367,846.297,-1463.1421554800336,3973.8264632282144,106.0,40087.824166666695,71.0,False,11
6368,846.331,-1473.0,3973.0,107.4875056,40088.88479104796,71.7437528,False,11
6369,846.591,-1555.0,3970.0,118.8624944,40097.57891781413,77.4312472,False,11
6370,846.617,-1566.328913756352,3970.578995716804,120.0,40098.49083333336,78.0,False,11
6371,846.871,-1693.0,3984.0,127.7611072,40107.71639444314,68.8277824,False,11
6372,846.977,-1727.5543472138943,3990.5551497610218,131.0,40111.59083333336,65.0,False,11
6373,847.217,-1773.6516834626877,4010.4244600405264,131.0,40120.324166666695,62.0,False,11
6374,847.271,-1788.0,4018.0,132.49999644444443,40122.354058274635,63.04999751111111,False,11
6375,847.451,-1848.0,4052.0,137.50000355555557,40129.35121280498,66.5500024888889,False,11
6376,847.577,-1889.0726264928269,4081.6262360479386,141.0,40134.42416666669,69.0,False,11
6377,847.651,-1911.0,4099.0,143.64286171428571,40137.464431038235,71.37857554285715,False,11
6378,847.857,-1965.5671934447928,4147.674459935221,151.0,40146.168611111134,78.0,False,11
6379,847.93,-1994.0,4181.0,152.8249984,40149.34018405708,79.6222208,False,11
6380,848.09,-2074.0,4285.0,156.8249984,40156.44420873116,83.17777635555555,False,11
6381,848.217,-2111.5036600736557,4337.418144239326,160.0,40162.168611111134,86.0,False,11
6382,848.377,-2122.5890559802538,4360.80649647937,165.0,40169.50194444446,84.0,False,11
6383,848.511,-2138.0,4396.0,170.24554778546283,40175.94085739936,87.33807586347635,False,11
6384,848.658,-2167.537162251882,4459.7679473308135,176.0,40183.23972222224,91.0,False,11
6385,848.691,-2174.0,4475.0,176.9625056,40184.89416571046,91.5500032,False,11
6386,848.771,-2188.0,4511.0,179.29583893333333,40188.92904995375,92.88333653333333,False,11
6387,848.898,-2206.4614844694815,4562.169127096711,183.0,40195.43972222224,95.0,False,11
6388,849.091,-2235.0,4669.0,189.43333973333333,40205.64181682372,99.02083733333333,False,11
6389,849.138,-2244.2628512543733,4711.256971230492,191.0,40208.17305555558,100.0,False,11
6390,849.271,-2271.0,4841.0,195.65499776,40215.429837004245,100.0,False,11
6391,849.338,-2280.2749577682825,4887.28847270005,198.0,40219.17305555557,100.0,False,11
6392,849.538,-2289.309930513696,4938.8041784758,208.0,40230.728611111124,100.0,False,11
6393,849.771,-2299.0,5031.0,212.99286125714286,40244.53069556117,100.0,False,11
6394,849.818,-2303.700389558858,5070.051231616718,214.0,40247.37305555557,100.0,False,11
6395,849.971,-2322.0,5220.0,219.46429257142856,40256.787251834125,100.0,False,11
6396,850.098,-2333.3572296115844,5317.541515441647,224.0,40264.79527777779,100.0,False,11
6397,850.311,-2346.0,5435.0,232.87499733333334,40278.61554275398,100.0,False,11
6398,850.338,-2347.4104099784545,5448.3502767834925,234.0,40280.39527777779,100.0,False,11
6399,850.538,-2356.718092047518,5537.982666940298,240.0,40293.728611111124,100.0,False,11
6400,850.711,-2365.0,5621.0,242.88333226666666,40305.39754219761,100.0,False,11
6401,850.778,-2368.582462443148,5657.716726603752,244.0,40309.995277777794,100.0,False,11
6402,850.951,-2380.0,5784.0,249.18999808,40322.14258058064,100.0,False,11
6403,851.151,-2398.0,6009.0,255.18999808,40336.497920989415,100.0,False,11
6404,851.178,-2399.7067546325343,6030.506904751526,256.0,40338.43972222224,100.0,False,11
6405,851.418,-2406.8382272174913,6121.681505907238,260.0,40355.773055555575,100.0,False,11
6406,851.451,-2408.0,6138.0,260.83019317526816,40358.18028075937,100.0,False,11
6407,851.577,-2414.0250214056327,6224.849525719788,264.0,40367.43305555557,100.0,False,11
6408,851.671,-2419.0,6299.0,265.5666645333333,40374.392624396336,100.0,False,11
6409,851.817,-2425.9823159355274,6408.569837294388,268.0,40385.29972222224,100.0,False,11
6410,851.977,-2432.799717761005,6533.63030969576,272.0,40397.38861111113,100.0,False,11
6411,852.031,-2435.0,6583.0,272.6749984,40401.49318683247,100.0,False,11
6412,852.217,-2442.2097946889753,6781.93358013477,275.0,40415.72194444446,100.0,False,11
6413,852.431,-2448.0,6980.0,278.05714102857144,40432.2786626879,100.0,False,11
6414,852.497,-2448.8053418143973,7013.349893196976,279.0,40437.42194444446,100.0,False,11
6415,852.711,-2449.0,7088.0,281.6749984,40454.21067214097,100.0,False,11
6416,852.817,-2448.519731583411,7164.378145436737,283.0,40462.57750000002,100.0,False,11
6417,853.051,-2445.0,7402.0,284.9500010666667,40481.14555643693,100.0,False,11
6418,853.177,-2440.449683820885,7530.652687502033,286.0,40491.17750000002,100.0,False,11
6419,853.377,-2431.3170600783214,7711.576407265135,287.0,40507.12194444446,100.0,False,11
6420,853.411,-2430.0,7735.0,287.0,40509.83162110797,100.0,False,11
6421,853.617,-2423.5092796080157,7833.440814975032,287.0,40526.25527777779,100.0,False,11
6422,853.711,-2420.0,7879.0,287.42727214545454,40533.775021892594,100.0,False,11
6423,854.031,-2397.0,8133.0,288.8818176,40559.485070162205,100.0,False,11
6424,854.057,-2393.5093161081368,8164.378104006443,289.0,40561.577500000014,100.0,False,11
6425,854.231,-2367.0,8388.0,289.3954542545454,40575.590134521575,100.0,False,11
6426,854.497,-2347.238823395525,8536.806527808692,290.0,40597.02194444445,100.0,False,11
6427,854.61,-2338.0,8595.0,290.0,40606.11941671739,100.0,False,11
6428,854.697,-2328.1520274394193,8656.307870239101,290.0,40613.13305555557,100.0,False,11
6429,854.89,-2301.0,8818.0,290.96499968,40628.73441380859,100.0,False,11
6430,854.897,-2300.0063273134756,8823.498943657813,291.0,40629.29972222224,100.0,False,11
6431,855.01,-2283.0,8913.0,290.29813676447674,40638.411632122305,100.0,False,11
6432,855.058,-2273.9301275996836,8958.361963365183,290.0,40642.26916666668,100.0,False,11
6433,855.258,-2228.902453713257,9174.493510992908,288.0,40658.26916666669,100.0,False,11
6434,855.291,-2223.0,9202.0,287.5874976,40660.91199808871,100.0,False,11
6435,855.498,-2200.069171050036,9302.25468850937,285.0,40677.26916666669,100.0,True,11
6436,855.611,-2187.0,9356.0,275.1124832,40685.63059512003,59.0374304,True,11
6437,855.738,-2165.659011211226,9445.131200820078,264.0,40694.869166666685,13.0,True,11
6438,855.871,-2141.0,9547.0,264.0,40704.8009268891,4.35500416,True,11
6439,855.938,-2129.804683567269,9591.87220170111,264.0,40709.53583333335,0.0,True,11
6440,856.051,-2111.0,9668.0,243.28329813333335,40716.759591595255,0.0,True,11
6441,856.178,-2086.0645134542024,9776.668309419436,220.0,40724.202500000014,0.0,True,11
6442,856.331,-2058.0,9903.0,208.5249856,40732.93777870117,0.0,True,11
6443,856.418,-2047.3040618494742,9950.757787075452,202.0,40737.66916666668,0.0,True,11
6444,856.698,-2028.7818143221823,10031.701194057581,178.0,40751.51361111113,0.0,True,11
6445,856.731,-2026.0,10044.0,175.3187344,40753.064121942436,0.0,True,11
6446,856.858,-2013.111578026165,10101.176665123932,165.0,40758.846944444456,0.0,True,11
6447,856.931,-2005.0,10135.0,159.78570057142858,40761.94572434455,0.0,True,11
6448,857.091,-1987.0,10202.0,148.35712914285713,40768.277930794124,0.0,True,11
6449,857.138,-1981.7029380597307,10220.977717470609,145.0,40770.12472222224,0.0,True,11
6450,857.251,-1969.0,10265.0,142.73999616,40774.58144185229,0.0,True,11
6451,857.338,-1959.289015726599,10295.799598920443,141.0,40777.958055555566,0.0,True,11
6452,857.471,-1941.0,10344.0,135.1812528,40782.93196523243,0.0,True,11
6453,857.498,-1936.0640072121012,10355.25872142121,134.0,40783.91361111112,0.0,True,11
6454,857.658,-1899.3011426575729,10429.72105376202,127.0,40789.558055555564,0.0,True,11
6455,857.731,-1882.0,10459.0,125.859372,40792.072809736965,0.0,True,11
6456,857.978,-1829.1430795060364,10516.56204795632,122.0,40800.402500000004,0.0,False,11
6457,858.191,-1787.0,10539.0,119.3375008,40807.46107548753,22.187493333333332,False,11
6458,858.218,-1781.6760785042056,10541.45217367581,119.0,40808.33583333334,25.0,False,11
6459,858.377,-1749.4811747867566,10554.31695594993,115.0,40813.415,34.0,False,11
6460,858.491,-1712.0,10565.0,116.62857325714286,40817.12236845921,42.957152914285714,False,11
6461,858.657,-1625.8545537885925,10585.289998609373,119.0,40822.67055555556,56.0,False,11
6462,858.751,-1577.0,10598.0,121.0562472,40825.89352925976,60.1124944,False,11
6463,858.977,-1492.3055508916711,10629.637515368346,126.0,40833.87055555556,70.0,False,11
6464,859.137,-1449.1098457509884,10653.876908409957,131.0,40839.692777777775,67.0,False,11
6465,859.211,-1429.0,10666.0,132.0571446857143,40842.429792259645,65.1499968,False,11
6466,859.417,-1372.5682896765031,10702.787977726912,135.0,40850.192777777775,60.0,False,11
6467,859.617,-1316.0631469349942,10748.235776747268,139.0,40857.91499999999,61.0,False,11
6468,859.631,-1312.0,10752.0,139.13999872,40858.45919223609,61.06999936,False,11
6469,859.817,-1256.678462433016,10809.25062500452,141.0,40865.74833333333,62.0,False,11
6470,860.017,-1200.5135501700884,10879.106985171058,146.0,40873.85944444444,72.0,False,11
6471,860.031,-1197.0,10884.0,146.3937464,40874.44128311098,72.6124944,False,11
6472,860.337,-1133.7044293503723,10988.415611977181,155.0,40887.63722222221,86.0,False,11
6473,860.411,-1122.0,11010.0,157.64286171428571,40890.9583352274,87.05714468571429,False,11
6474,860.617,-1095.9298969276756,11060.855101216934,165.0,40900.47055555554,90.0,False,11
6475,860.751,-1073.0,11120.0,169.7857097142857,40906.87667275839,91.91428388571428,False,11
6476,860.897,-1036.2014993597622,11227.08644000984,175.0,40914.08166666666,94.0,False,11
6477,860.971,-1019.0,11279.0,178.43572022857143,40917.83542681625,95.58571702857142,False,11
6478,861.177,-990.1380802169579,11371.496099187374,188.0,40928.70388888888,100.0,False,11
6479,861.45,-967.0,11464.0,198.7837826905657,40944.280448872916,100.0,False,11
6480,861.51,-959.0,11496.0,201.15384537597942,40947.79587409071,100.0,False,11
6481,861.658,-938.6435352500338,11577.287772989584,207.0,40956.36138888888,100.0,False,11
6482,861.818,-916.5116337524719,11667.144785032371,207.0,40965.56138888888,100.0,False,11
6483,861.851,-912.0,11686.0,208.9250112,40967.52335073678,100.0,False,11
6484,862.011,-890.0,11779.0,218.25834453333334,40977.37850510745,100.0,False,11
6485,862.058,-883.1405875587201,11806.826708136781,221.0,40980.294722222214,100.0,False,11
6486,862.211,-860.0,11899.0,223.8687536,40989.80761207066,100.0,False,11
6487,862.218,-858.9616617862903,11903.273826419707,224.0,40990.25027777777,100.0,False,11
6488,862.391,-834.0,12010.0,231.20833066666665,41001.45782417105,100.0,False,11
6489,862.458,-824.5227592129336,12051.359123535614,234.0,41005.85027777777,100.0,False,11
6490,862.618,-801.8979911380143,12152.566552957516,237.0,41016.38361111111,100.0,False,11
6491,862.691,-791.0,12205.0,239.43333973333333,41021.29003705822,100.0,False,11
6492,862.858,-764.801298755769,12340.28523769435,245.0,41032.71694444444,100.0,False,11
6493,862.931,-755.0,12393.0,246.46000384,41037.74070927559,100.0,False,11
6494,863.058,-742.2873486458915,12463.811191659106,249.0,41046.55027777777,100.0,False,11
6495,863.171,-731.0,12530.0,251.8250048,41054.52012178631,100.0,False,11
6496,863.338,-707.2273782873638,12672.766051632012,256.0,41066.461388888885,100.0,False,11
6497,863.491,-683.0,12823.0,257.9125024,41077.47620524295,100.0,False,11
6498,863.738,-648.2390567574297,13053.093248450108,261.0,41095.46138888889,100.0,False,11
6499,863.951,-629.0,13186.0,266.3249984,41111.24569423864,100.0,False,11
6500,863.978,-627.6434042512016,13195.433737664749,267.0,41113.26138888889,100.0,False,11
6501,864.171,-621.0,13245.0,269.7571456,41127.75669970729,100.0,False,11
6502,864.258,-614.9819522324333,13293.418302206523,271.0,41134.33916666667,100.0,False,11
6503,864.491,-593.0,13484.0,273.9125024,41152.108927741574,100.0,False,11
6504,864.578,-586.777346609219,13550.524427033453,275.0,41158.78361111111,100.0,False,11
6505,864.671,-581.0,13621.0,276.1624992,41165.93764669893,100.0,False,11
6506,864.738,-576.9708300671593,13674.20460762336,277.0,41171.094722222224,100.0,False,11
6507,864.898,-568.0158612408568,13807.49373511482,277.0,41183.40583333333,100.0,False,11
6508,864.991,-564.0,13882.0,277.38912096692997,41190.580774882204,100.0,False,11
6509,865.137,-559.8211555968851,13991.215686836302,278.0,41201.861944444434,100.0,False,11
6510,865.337,-556.2802966004886,14134.65204812949,278.0,41217.30638888888,100.0,False,11
6511,865.351,-556.0,14145.0,278.04999954285717,41218.38872932706,100.0,False,11
6512,865.451,-554.0,14222.0,278.4071433142857,41226.12695771416,100.0,False,11
6513,865.617,-552.4867840147829,14383.751452205239,279.0,41239.006388888876,100.0,False,11
6514,865.811,-553.0,14577.0,280.0777784888889,41254.124394052684,100.0,False,11
6515,865.977,-554.441983888874,14692.637423016184,281.0,41267.106388888875,100.0,False,11
6516,866.231,-562.0,14842.0,281.7055552,41287.02394672297,100.0,False,11
6517,866.337,-568.801489114854,14924.160721144717,282.0,41295.30638888888,100.0,False,11
6518,866.391,-573.0,14967.0,281.3250016,41299.512440214065,100.0,False,11
6519,866.577,-591.2983050013352,15109.254068726956,279.0,41313.90638888888,100.0,False,11
6520,866.591,-593.0,15120.0,278.7958352,41314.98120568244,97.08336,False,11
6521,866.771,-618.0,15257.0,276.17083146666664,41328.686237511865,59.583306666666665,False,11
6522,866.991,-653.0,15423.0,272.9625018666667,41345.22624307532,13.750026666666667,False,11
6523,867.057,-671.0912376259594,15501.69326110805,272.0,41350.17305555555,0.0,False,11
6524,867.191,-710.0,15668.0,266.9750048,41360.13165558723,0.0,False,11
6525,867.217,-715.1571412682445,15690.129902097731,266.0,41361.995277777765,0.0,True,11
6526,867.511,-737.0,15786.0,236.6000128,41381.18840529298,0.0,True,11
6527,867.537,-739.7978652214697,15798.046698260085,234.0,41382.79527777777,0.0,True,11
6528,867.711,-765.0,15906.0,218.7750112,41393.28385208069,0.0,True,11
6529,867.777,-774.5356087948607,15947.240773646061,213.0,41396.995277777765,0.0,True,11
6530,867.937,-796.0839597655387,16041.762881839119,186.0,41405.26194444443,0.0,True,11
6531,868.09,-815.0,16128.0,176.19929012368175,41412.61749767072,0.0,True,11
6532,868.218,-829.6907425678336,16198.097547352812,168.0,41418.37527777776,0.0,True,11
6533,868.378,-846.1360980798291,16280.312189851382,150.0,41425.041944444434,0.0,True,11
6534,868.511,-856.0,16331.0,140.8562544,41430.218385319095,0.0,True,11
6535,868.538,-857.5319708460195,16339.042467695725,139.0,41431.21972222221,0.0,True,11
6536,868.778,-866.4977990159971,16391.554017111477,124.0,41439.48638888888,0.0,True,11
6537,868.791,-867.0,16395.0,123.593752,41439.923602794435,0.0,True,11
6538,868.938,-873.438922693992,16442.26298933156,119.0,41444.775277777764,0.0,True,11
6539,869.031,-877.0,16473.0,113.8333368888889,41447.57705537836,0.0,True,11
6540,869.151,-880.0,16508.0,107.16667022222222,41450.8545428126,0.0,True,11
6541,869.298,-881.3439713929233,16545.84750316935,99.0,41454.675277777766,0.0,True,11
6542,869.411,-878.0,16578.0,95.468744,41457.54649180718,0.0,True,11
6543,869.618,-859.0191055843522,16650.981469580052,89.0,41462.58638888888,0.0,True,11
6544,869.671,-854.0,16666.0,87.41000192,41463.80909405361,0.0,True,11
6545,870.018,-827.3307104805298,16705.142284971756,77.0,41471.14194444443,0.0,True,11
6546,870.091,-818.0,16712.0,74.718744,41472.54703404393,0.0,True,11
6547,870.251,-792.0,16731.0,69.718744,41475.49278592626,0.0,True,11
6548,870.338,-779.8190731842627,16739.11795825195,67.0,41477.09749999999,0.0,True,11
6549,870.471,-755.0,16749.0,67.0,41479.57678164222,0.0,True,11
6550,870.498,-746.9276058034447,16751.028861289302,67.0,41480.07527777777,0.0,True,11
6551,870.631,-701.0,16760.0,65.7531256,41482.48579842027,0.0,True,11
6552,870.818,-673.7736607090903,16762.51379579295,64.0,41485.76416666665,0.0,False,11
6553,870.991,-663.0,16758.0,61.8375008,41488.70585775201,0.0,False,11
6554,871.058,-655.256614886921,16755.555296425984,61.0,41489.83083333332,0.0,False,11
6555,871.218,-629.8046630121877,16747.346575171454,60.0,41492.49749999998,3.0,False,11
6556,871.291,-617.0,16741.0,60.0,41493.70600671773,8.9312656,False,11
6557,871.531,-575.0,16710.0,60.0,41497.71057456043,28.4312656,False,11
6558,871.538,-573.965633073725,16709.081238705658,60.0,41497.83083333332,29.0,False,11
6559,871.897,-537.4423073566386,16663.72896495045,65.0,41504.31277777776,41.0,False,11
6560,871.991,-528.0,16647.0,67.937496,41506.11510872511,43.937496,False,11
6561,872.057,-520.6829641679566,16633.306714764236,70.0,41507.42388888887,46.0,False,11
6562,872.297,-492.13756805721926,16574.97211202359,76.0,41512.49055555554,56.0,False,11
6563,872.351,-487.0,16563.0,76.6749984,41513.64278232778,57.12499733333333,False,11
6564,872.537,-473.4198524114004,16525.172425357163,79.0,41517.75722222221,61.0,False,11
6565,872.591,-469.0,16511.0,81.99999288888888,41519.079157012464,63.39999431111111,False,11
6566,872.791,-449.0,16442.0,93.111104,41524.510944452995,72.2888832,False,11
6567,872.897,-439.99793658883226,16405.49507049686,99.0,41527.65722222221,77.0,False,11
6568,873.211,-422.0,16306.0,112.8884672,41537.93208259922,80.6230784,False,11
6569,873.417,-414.45583295812713,16243.908437465983,122.0,41545.27944444443,83.0,False,11
6570,873.571,-410.0,16199.0,131.625008,41551.02916530126,83.0,False,11
6571,873.657,-407.6998675703585,16174.507356437096,137.0,41554.41277777776,83.0,False,11
6572,873.951,-400.0,16082.0,151.6999936,41566.91144972896,98.6187432,False,11
6573,873.977,-399.2204696151985,16071.618021215812,153.0,41568.01277777776,100.0,False,11
6574,874.131,-394.0,16004.0,153.0,41574.54473226917,100.0,False,11
6575,874.137,-393.7629252013954,16001.298717563614,153.0,41574.812777777755,100.0,False,11
6576,874.291,-387.0,15932.0,166.4750112,41582.17585963868,100.0,False,11
6577,874.377,-383.2044746005769,15894.4914130132,174.0,41586.412777777754,100.0,False,11
6578,874.51,-374.0,15828.0,175.99499904,41592.887340554465,100.0,False,11
6579,874.577,-365.60769154376356,15783.893969110952,177.0,41596.24611111109,100.0,False,11
6580,874.851,-320.0,15587.0,192.6014343291523,41610.93495478222,100.0,False,11
6581,874.858,-319.1725133645447,15583.823232398825,193.0,41611.31083333331,100.0,False,11
6582,875.018,-306.46243848344676,15542.47912301674,193.0,41619.88861111109,100.0,False,11
6583,875.131,-296.0,15514.0,200.062512,41626.22007343977,100.0,False,11
6584,875.178,-289.7822931907041,15496.17830545749,203.0,41628.91083333331,100.0,False,11
6585,875.371,-250.0,15385.0,208.89722808888888,41640.218519887676,100.0,False,11
6586,875.538,-190.36089054683848,15237.190559111075,214.0,41650.310833333315,100.0,False,11
6587,875.671,-150.0,15140.0,218.9874976,41658.53685112487,100.0,False,11
6588,875.858,-130.29703412563225,15092.879389768315,226.0,41670.3997222222,100.0,False,11
6589,875.931,-121.0,15071.0,228.15682385454545,41675.13081902389,100.0,False,11
6590,876.191,-56.0,14918.0,235.83863447272728,41692.39696018508,100.0,False,11
6591,876.298,-30.599663633804447,14857.945085603164,239.0,41699.61083333332,100.0,False,11
6592,876.491,22.0,14734.0,243.1357184,41712.73366396585,100.0,False,11
6593,876.578,58.158699307977905,14649.503506694628,245.0,41718.66638888887,100.0,False,11
6594,876.711,115.0,14517.0,245.0,41727.7346239949,100.0,False,11
6595,876.818,145.08345669963578,14446.933423804763,245.0,41734.99972222221,100.0,False,11
6596,876.978,167.61634764255672,14394.62894901775,245.0,41745.88861111109,100.0,False,11
6597,877.111,193.0,14336.0,254.02499565714285,41755.46776238333,100.0,False,11
6598,877.258,234.8118326643827,14239.626855134404,264.0,41766.42194444443,100.0,False,11
6599,877.271,239.0,14230.0,264.38999808,41767.39299873227,100.0,False,11
6600,877.458,303.69472138478443,14081.830708788473,270.0,41781.421944444424,100.0,False,11
6601,877.471,308.0,14072.0,270.2321417142857,41782.40419078565,100.0,False,11
6602,877.671,369.0,13933.0,273.8035702857143,41797.64782258687,100.0,False,11
6603,877.738,389.3634553120807,13886.507682623695,275.0,41802.81083333332,100.0,False,11
6604,877.831,418.0,13821.0,277.3249984,41810.02469942502,100.0,False,11
6605,877.978,463.63310069087515,13716.174978862728,281.0,41821.544166666645,100.0,False,11
6606,878.031,480.0,13678.0,282.3249984,41825.73452765312,100.0,False,11
6607,878.178,524.926567937655,13571.124929802063,286.0,41837.433055555535,100.0,False,11
6608,878.211,535.0,13547.0,286.4125024,41840.06544410156,100.0,False,11
6609,878.338,573.8735598921091,13453.825738555899,288.0,41850.23305555553,100.0,False,11
6610,878.471,615.0,13355.0,291.3249984,41861.009151801,100.0,False,11
6611,878.498,623.4317253949994,13334.691773926534,292.0,41863.210833333316,100.0,False,11
6612,878.731,696.0,13159.0,295.18451241045835,41882.387605600736,100.0,False,11
6613,878.911,752.0,13021.0,297.64464522720436,41897.3759399234,100.0,False,11
6614,878.937,761.7347474220988,12996.642301308915,298.0,41899.55027777776,100.0,False,11
6615,879.171,862.0,12741.0,302.17857371428573,41919.22598012184,100.0,False,11
6616,879.217,879.1640487497353,12695.74659437854,303.0,41923.116944444424,100.0,False,11
6617,879.417,938.3036891979875,12532.173212275016,306.0,41940.11694444443,100.0,False,11
6618,879.611,982.0,12404.0,307.45500096,41956.7017838233,100.0,False,11
6619,879.817,1021.2217734003304,12284.94487483489,309.0,41974.45027777776,100.0,False,11
6620,879.951,1051.0,12190.0,310.86110933333333,41986.096469336284,100.0,False,11
6621,880.177,1114.4230233680262,11979.374336198993,314.0,42005.85027777776,100.0,False,11
6622,880.191,1118.0,11967.0,314.0583328,42007.07454962078,100.0,False,11
6623,880.271,1137.0,11900.0,314.39166613333333,42014.071164539266,100.0,False,11
6624,880.417,1169.2822198956908,11784.33707716608,315.0,42026.85027777776,100.0,False,11
6625,880.491,1188.0,11715.0,315.37000064,42033.33682960009,100.0,False,11
6626,880.617,1226.8308981321645,11566.89101831462,316.0,42044.40583333331,100.0,False,11
6627,880.851,1298.0,11288.0,317.9500010666667,42065.07496589943,100.0,False,11
6628,880.857,1299.2023136778967,11283.203150670302,318.0,42065.60583333331,100.0,False,11
6629,881.17,1335.0,11134.0,318.9781248,42093.33981671141,100.0,False,11
6630,881.177,1336.0997008888503,11129.443195139087,319.0,42093.96138888887,100.0,False,11
6631,881.337,1368.897444058102,10994.690849774528,320.0,42108.18361111109,100.0,False,11
6632,881.411,1385.0,10927.0,320.0,42114.76590501976,100.0,False,11
6633,881.538,1410.5867440601278,10815.759692264572,320.0,42126.05027777776,100.0,False,11
6634,881.571,1417.0,10788.0,319.7937488,42128.97497170746,100.0,False,11
6635,881.811,1466.0,10581.0,318.2937488,42150.169470158726,100.0,False,11
6636,881.858,1478.247111181913,10528.63150342303,318.0,42154.31694444442,100.0,False,11
6637,882.031,1526.0,10323.0,318.0,42169.59111602752,100.0,False,11
6638,882.098,1540.132567364523,10262.588178457858,318.0,42175.516944444425,100.0,False,11
6639,882.298,1568.6481168720786,10142.646681886376,319.0,42193.23916666665,100.0,False,11
6640,882.371,1579.0,10099.0,318.87833301333336,42199.7009359751,100.0,False,11
6641,883.391,1783.0,9221.0,317.17833344,42289.48828392876,100.0,False,11
6642,883.498,1804.652051037551,9127.795252732152,317.0,42298.90583333332,100.0,False,11
6643,883.658,1836.441017549033,8991.265076628202,317.0,42312.99472222221,100.0,False,11
6644,883.731,1851.0,8929.0,317.0,42319.42305772268,100.0,False,11
6645,883.931,1891.0,8758.0,317.0,42337.03393404428,100.0,False,11
6646,883.938,1892.3853031990784,8752.009481239824,317.0,42337.650277777764,100.0,False,11
6647,884.098,1923.697661102384,8614.94308768065,317.0,42351.73916666665,100.0,False,11
6648,884.171,1938.0,8552.0,317.0,42358.16920928506,100.0,False,11
6649,884.371,1977.0,8380.0,317.0,42375.78697622438,100.0,False,11
6650,884.458,1993.0667768658836,8307.937949087061,317.0,42383.439166666656,100.0,False,11
6651,884.491,2000.0,8277.0,316.8821421714286,42386.33932178125,100.0,False,11
6652,884.738,2067.1354186776316,7982.070638216184,316.0,42408.01694444444,100.0,False,11
6653,884.771,2074.0,7952.0,316.0,42410.91257055692,100.0,False,11
6654,885.098,2111.4034151846545,7790.392236561094,316.0,42439.61694444443,100.0,False,11
6655,885.151,2126.0,7729.0,316.0,42444.27346578669,100.0,False,11
6656,885.311,2187.0,7473.0,316.0,42458.33385554781,100.0,False,11
6657,885.417,2212.802755794729,7365.088228401656,316.0,42467.61805555555,100.0,False,11
6658,885.697,2237.8182544727024,7261.191980073769,313.0,42491.96249999999,100.0,False,11
6659,885.711,2240.0,7252.0,312.80000182857145,42493.171719072314,100.0,False,11
6660,885.871,2272.0,7117.0,310.5142875428571,42506.934370382194,100.0,False,11
6661,885.977,2293.5436198360453,7027.000347609412,309.0,42515.99583333332,100.0,False,11
6662,886.071,2312.0,6950.0,307.2375024,42523.99474426779,100.0,False,11
6663,886.137,2324.7076843536165,6896.693979554462,306.0,42529.59583333332,100.0,False,11
6664,886.291,2355.0,6769.0,303.68999808,42542.60502422512,89.21999104,False,11
6665,886.337,2364.860374015932,6727.424087769824,303.0,42546.429166666654,86.0,True,11
6666,886.537,2410.7542189016895,6533.940898612098,290.0,42562.54027777777,0.0,True,11
6667,886.631,2429.0,6457.0,279.66001408,42569.733075286094,0.0,True,11
6668,886.737,2445.4029725596533,6387.800804748314,268.0,42577.429166666654,0.0,True,11
6669,886.951,2472.0,6276.0,236.79168533333333,42591.36551419164,0.0,True,11
6670,886.977,2475.6032149662733,6260.957559220365,233.0,42592.96249999999,0.0,True,11
6671,887.171,2504.0,6142.0,212.62998656,42604.398827683544,0.0,True,11
6672,887.177,2504.831111132751,6138.449721372895,212.0,42604.74027777777,0.0,True,11
6673,887.377,2530.30001784647,6027.488267500067,196.0,42615.62916666665,0.0,True,11
6674,887.431,2537.0,5999.0,190.79286948571428,42618.33339229259,0.0,True,11
6675,887.57,2554.0,5928.0,177.3892918857143,42624.83070669683,0.0,True,11
6676,887.657,2563.09307415903,5886.631351604204,169.0,42628.7736111111,0.0,True,11
6677,887.79,2575.0,5827.0,161.5187536,42634.71143473935,0.0,True,11
6678,887.817,2577.27879347886,5815.1413943648395,160.0,42635.88472222221,0.0,True,11
6679,888.018,2592.2349701122944,5730.183451300487,150.0,42644.25972222221,0.0,True,11
6680,888.031,2593.0,5725.0,149.593752,42644.79176895069,0.0,True,11
6681,888.131,2598.0,5686.0,146.468744,42648.85536316124,0.0,True,11
6682,888.178,2599.9075114267303,5667.265748474203,145.0,42650.704166666656,0.0,True,11
6683,888.458,2604.824880689087,5552.89495040847,130.0,42660.815277777765,0.0,True,11
6684,888.511,2604.0,5534.0,128.9694456888889,42662.658271967965,0.0,True,11
6685,888.818,2587.023567887326,5445.453328180347,123.0,42673.11527777777,0.0,False,11
6686,888.871,2582.0,5431.0,121.6750016,42674.87938695487,0.0,False,11
6687,888.978,2569.746210610341,5400.894852658325,119.0,42678.40416666665,0.0,False,11
6688,889.031,2561.0,5383.0,118.7055559111111,42680.13267502453,0.7361102222222222,False,11
6689,889.291,2496.0,5271.0,117.26111004444445,42688.54682998262,4.3472248888888885,False,11
6690,889.338,2487.082375809147,5256.341278801126,117.0,42690.10416666665,5.0,False,11
6691,889.671,2453.0,5197.0,122.82749888000001,42701.544102386666,44.95999232,False,11
6692,889.738,2445.0879312203783,5179.4568577247255,124.0,42703.88194444443,53.0,False,11
6693,889.931,2421.0,5117.0,125.93000192,42710.63620676683,52.03499904,False,11
6694,889.938,2420.293308527607,5114.6932211057765,126.0,42710.88194444443,52.0,False,11
6695,890.091,2408.0,5064.0,126.9562512,42716.27744814073,51.0437488,False,11
6696,890.098,2407.543798171987,5061.624645279118,127.0,42716.52638888887,51.0,False,11
6697,890.298,2397.917162976547,4991.088478413832,130.0,42723.7486111111,51.0,False,11
6698,890.331,2397.0,4979.0,130.7333376,42724.96633930782,53.6583488,False,11
6699,890.571,2395.0,4889.0,136.06667093333334,42734.08573308387,72.99168213333333,False,11
6700,890.611,2395.0,4874.0,136.95555982222223,42735.66616821878,76.21390435555556,False,11
6701,890.658,2395.650459640015,4853.621785286113,138.0,42737.5486111111,80.0,False,11
6702,890.938,2410.3391065785154,4696.809369927365,150.0,42749.21527777777,87.0,False,11
6703,890.951,2411.0,4691.0,150.2437488,42749.76325032355,87.0812496,False,11
6704,891.098,2417.361607272412,4640.5295283285295,153.0,42756.01527777776,88.0,False,11
6705,891.258,2423.8168565687515,4603.027062529447,161.0,42763.17083333332,99.0,False,11
6706,891.351,2430.0,4569.0,164.87499733333334,42767.49298775017,99.38749973333333,False,11
6707,891.411,2435.0,4542.0,167.375008,42770.34376606318,99.6375008,False,11
6708,891.498,2443.195436495379,4501.763614029112,171.0,42774.570833333324,100.0,False,11
6709,891.671,2462.0,4420.0,179.0321398857143,42783.30479312671,100.0,False,11
6710,891.778,2474.6673299031086,4367.639917972079,184.0,42788.88194444443,100.0,False,11
6711,891.891,2489.0,4311.0,187.8965575630731,42794.891648384975,100.0,False,11
6712,892.091,2517.0,4208.0,194.7931079035771,42805.827230005874,100.0,False,11
6713,892.097,2517.8834936253247,4204.868071701745,195.0,42806.1611111111,100.0,False,11
6714,892.257,2542.2722243584,4120.5302066698005,202.0,42815.138888888876,100.0,False,11
6715,892.351,2557.0,4070.0,202.0,42820.36586503443,100.0,False,11
6716,892.457,2573.7601339100115,4012.002714000472,202.0,42826.3611111111,100.0,False,11
6717,892.571,2592.0,3949.0,208.7687576,42833.15240118741,100.0,False,11
6718,892.777,2625.6693356091196,3834.0693788509006,221.0,42846.00555555555,100.0,False,11
6719,892.791,2628.0,3826.0,221.4083296,42846.8842250145,100.0,False,11
6720,892.951,2655.0,3731.0,226.07499626666666,42856.972288357996,100.0,False,11
6721,893.017,2666.251791877417,3690.886090830883,228.0,42861.20555555555,100.0,False,11
6722,893.151,2689.0,3608.0,232.01999616,42869.974736800024,100.0,False,11
6723,893.351,2722.0,3481.0,238.01999616,42883.406908434394,100.0,False,11
6724,893.417,2733.0056984392404,3438.9517954997486,240.0,42887.87222222221,100.0,False,11
6725,893.617,2766.665948390456,3310.2442246264873,245.0,42901.48333333332,100.0,False,11
6726,893.631,2769.0,3301.0,245.2624976,42902.44109775755,100.0,False,11
6727,893.691,2779.0,3261.0,246.3875024,42906.55355795345,100.0,False,11
6728,893.777,2793.737825287179,3202.7841328826185,248.0,42912.50555555555,100.0,False,11
6729,893.991,2831.0,3058.0,254.8785673142857,42927.74678887064,100.0,False,11
6730,894.057,2841.805979367633,3015.4912575514377,257.0,42932.49444444444,100.0,False,11
6731,894.27,2880.0,2864.0,259.6624992,42947.861437189196,100.0,False,11
6732,894.297,2886.307832468123,2839.0839281060225,260.0,42949.82777777778,100.0,False,11
6733,894.47,2930.0,2667.0,263.2336443082655,42962.56005621427,100.0,False,11
6734,894.618,2955.357807804556,2567.575388681725,266.0,42973.546111111114,100.0,False,11
6735,894.818,2980.541705424392,2471.399126536485,268.0,42988.435,100.0,False,11
6736,894.851,2986.0,2451.0,268.49500288,42990.90607141223,100.0,False,11
6737,895.018,3018.4554185738953,2330.5240268431285,271.0,43003.49055555556,100.0,False,11
6738,895.031,3021.0,2321.0,271.2437488,43004.476125258174,100.0,False,11
6739,895.178,3048.4423397844557,2216.841870263573,274.0,43015.668333333335,100.0,False,11
6740,895.291,3071.0,2130.0,274.4708341333333,43024.2945807026,100.0,False,11
6741,895.418,3100.404918783596,2016.3312025942657,275.0,43034.00166666667,100.0,False,11
6742,895.511,3121.0,1937.0,275.2906248,43041.11510849413,100.0,False,11
6743,895.738,3159.5227502938833,1790.8070493033606,276.0,43058.53500000001,100.0,False,11
6744,895.811,3172.0,1743.0,276.7821449142857,43064.17353102748,100.0,False,11
6745,896.018,3211.7935672132353,1587.6140242570714,279.0,43080.23500000001,100.0,False,11
6746,896.051,3218.0,1563.0,279.2062512,43082.798642062065,100.0,False,11
6747,896.178,3241.022524726817,1470.0846191156581,280.0,43092.67944444445,100.0,False,11
6748,896.231,3252.0,1423.0,280.44166613333334,43096.81823411307,100.0,False,11
6749,896.418,3300.71190388294,1199.3621511850918,282.0,43111.479444444456,100.0,False,11
6750,896.511,3320.0,1109.0,282.33214262857143,43118.78299932877,100.0,False,11
6751,896.698,3334.847287616034,1040.0504976140119,283.0,43133.49055555557,100.0,False,11
6752,896.891,3343.0,984.0,283.8041674666667,43148.71004776223,100.0,False,11
6753,896.938,3348.062564651928,950.0247597904719,284.0,43152.4238888889,100.0,False,12
6754,897.011,3357.0,890.0,284.4562512,43158.198627279366,100.0,False,12
6755,897.098,3366.433043983127,825.9037956853707,285.0,43165.090555555566,100.0,False,12
6756,897.251,3380.0,702.0,285.6375008,43177.235452266104,100.0,False,12
6757,897.338,3386.319662271553,598.3014521273606,286.0,43184.15722222223,100.0,False,12
6758,897.498,3394.59037852669,395.915908714946,287.0,43196.91277777779,100.0,False,12
6759,897.511,3395.0,384.0,287.0,43197.94921310761,100.0,False,12
6760,897.698,3396.4429229167645,295.0641808696071,287.0,43212.85722222223,100.0,False,12
6761,897.831,3394.0,240.0,287.4749997714286,43223.478265823825,100.0,False,12
6762,897.978,3389.1516761805046,125.32763968177863,288.0,43235.25722222223,100.0,False,12
6763,898.051,3386.0,64.0,288.4562512,43241.13019340408,100.0,False,12
6764,898.138,3381.6506127845482,-3.793645344801151,289.0,43248.101666666684,100.0,False,12
6765,898.291,3371.0,-126.0,283.2624928,43260.13298501676,36.24992,False,12
6766,898.378,3362.032585006275,-211.39667253065215,280.0,43266.76833333335,0.0,False,12
6767,898.591,3336.0,-438.0,262.2500053333333,43282.22381955803,0.0,False,12
6768,898.618,3333.111086137436,-463.01933981629685,260.0,43284.101666666684,0.0,True,12
6769,898.817,3315.448162948137,-616.5260878796213,239.0,43297.31305555557,0.0,True,12
6770,898.977,3305.6152191050837,-700.6290488871587,218.0,43307.001944444455,0.0,True,12
6771,899.011,3304.0,-714.0,216.0874928,43309.01531452598,0.0,True,12
6772,899.137,3299.4638256178655,-749.794177266508,209.0,43316.29083333334,0.0,True,12
6773,899.377,3292.6264425526965,-830.0355400168432,185.0,43328.624166666676,0.0,True,12
6774,899.391,3292.0,-840.0,184.3000064,43329.31384449947,0.0,True,12
6775,899.617,3280.5519905376686,-1062.0904014988764,173.0,43340.15750000001,0.0,True,12
6776,899.651,3280.0,-1091.0,171.12999296,43341.7267549614,0.0,True,12
6777,899.817,3284.463715514048,-1186.4005692625599,162.0,43349.15750000001,0.0,True,12
6778,899.991,3295.0,-1240.0,155.4750048,43356.61548177755,0.0,True,12
6779,900.057,3298.6322201082558,-1257.7451838144195,153.0,43359.357500000006,0.0,True,12
6780,900.217,3306.6097463166725,-1294.8923797205223,145.0,43365.80194444445,0.0,True,12
6781,900.431,3325.0,-1351.0,139.6500032,43373.94316032482,0.0,True,12
6782,900.531,3339.0,-1384.0,137.1499968,43377.58120360617,0.0,True,12
6783,900.697,3368.5701157310564,-1437.3894770096788,133.0,43383.53527777779,0.0,True,12
6784,900.85,3401.0,-1483.0,127.2625024,43388.93466618131,0.0,True,12
6785,900.857,3402.5671735946567,-1484.9895948716621,127.0,43389.17972222223,0.0,True,12
6786,901.378,3537.0827796506237,-1610.4063821787763,123.0,43406.980555555565,0.0,False,12
6787,901.431,3552.0,-1621.0,122.11666773333333,43408.75288588993,0.0,False,12
6788,901.631,3610.0,-1658.0,118.7833344,43415.34880215689,0.0,False,12
6789,901.738,3642.745742823993,-1676.5650523258319,117.0,43418.68055555556,0.0,True,12
6790,901.951,3711.0,-1714.0,108.77045701818182,43424.78564772492,0.0,True,12
6791,902.178,3785.76297238766,-1760.367753706644,100.0,43430.90277777778,0.0,True,12
6792,902.331,3823.0,-1786.0,97.609372,43435.03632937184,0.0,True,12
6793,902.498,3842.0274809600187,-1802.4624222322993,95.0,43439.347222222226,0.0,True,12
6794,902.631,3852.0,-1817.0,89.458336,43442.459612409424,0.0,True,12
6795,902.858,3875.3068828942082,-1860.2396846976828,80.0,43447.347222222226,0.0,True,12
6796,902.931,3881.0,-1876.0,78.98610844444444,43448.895285708466,0.0,True,12
6797,903.171,3888.0,-1928.0,75.65277511111111,43453.89559006689,0.0,True,12
6798,903.218,3887.8745303110245,-1938.0342447900916,75.0,43454.847222222226,0.0,True,12
6799,903.331,3886.0,-1962.0,72.73999616,43457.094043370795,0.0,True,12
6800,903.418,3883.284531107375,-1980.502578177265,71.0,43458.79166666667,0.0,False,12
6801,903.551,3877.0,-2010.0,70.00250048,43461.34272829989,0.66499968,False,12
6802,903.751,3863.0,-2058.0,68.50250048,43465.09802063093,1.66499968,False,12
6803,903.818,3857.54997042482,-2072.010531801814,68.0,43466.347222222226,2.0,False,12
6804,903.971,3844.0,-2100.0,67.23499904,43469.19052315832,19.59502208,False,12
6805,904.018,3839.565140948992,-2108.164845179456,67.0,43470.06944444445,25.0,False,12
6806,904.218,3820.032048329422,-2140.3470991771596,69.0,43473.90277777778,25.0,False,12
6807,904.251,3817.0,-2145.0,69.8250048,43474.568059092875,27.5666816,False,12
6808,904.451,3796.0,-2172.0,74.8250048,43478.834040696725,43.12223715555556,False,12
6809,904.578,3769.0970955074636,-2196.542993110998,78.0,43481.702777777784,53.0,False,12
6810,904.671,3749.0,-2213.0,80.3249984,43483.869249578725,53.774999466666664,False,12
6811,904.938,3709.9445857722712,-2235.64872159592,87.0,43490.40277777778,56.0,False,12
6812,904.971,3704.0,-2238.0,87.94286262857143,43491.24343617587,57.06072045714286,False,12
6813,905.218,3644.4575083580426,-2257.2210813200777,95.0,43497.79166666667,65.0,False,12
6814,905.231,3641.0,-2258.0,95.41785508571428,43498.151014384835,65.37142674285714,False,12
6815,905.431,3586.0,-2266.0,101.84642651428571,43503.87605955233,71.08571245714286,False,12
6816,905.498,3566.5456457213418,-2267.9065773752386,104.0,43505.88055555557,73.0,False,12
6817,905.691,3508.0,-2272.0,110.65517769927469,43511.9051948832,73.0,False,12
6818,905.771,3483.0,-2273.0,113.4137978354763,43514.526631445,73.0,False,12
6819,905.817,3468.1165104547586,-2273.2422759886326,115.0,43516.070833333346,73.0,False,12
6820,906.031,3396.0,-2272.0,124.93570834285714,43523.60186109378,80.64285257142858,False,12
6821,906.097,3374.4868732795694,-2271.535597363595,128.0,43526.0263888889,83.0,False,12
6822,906.271,3309.0,-2268.0,134.5249952,43532.63168995008,84.6312488,False,12
6823,906.417,3222.770005309064,-2257.7178939716364,140.0,43538.47083333335,86.0,False,12
6824,906.531,3161.0,-2249.0,146.17500693333332,43543.25003934532,88.37500266666666,False,12
6825,906.657,3120.405716774133,-2242.1472182197695,153.0,43548.670833333344,91.0,False,12
6826,906.817,3087.3457975504443,-2233.7437472183015,157.0,43555.64861111112,91.0,False,12
6827,906.851,3077.0,-2231.0,158.1333376,43557.16323362685,91.9916704,False,12
6828,907.057,2989.7192506690353,-2207.3519211879725,165.0,43566.64861111112,98.0,False,12
6829,907.111,2964.0,-2200.0,167.96999296,43569.23755291638,98.53999872,False,12
6830,907.257,2893.858308264882,-2178.8904917861882,176.0,43576.426388888896,100.0,False,12
6831,907.33,2862.0,-2169.0,178.55499776,43580.094497955375,100.0,False,12
6832,907.457,2815.199917118827,-2154.1821608958103,183.0,43586.59305555557,100.0,False,12
6833,907.57,2747.0,-2131.0,186.93532240726682,43592.50848807073,100.0,False,12
6834,907.658,2656.9930795048144,-2099.564215746295,190.0,43597.201388888905,100.0,False,12
6835,907.711,2607.0,-2082.0,191.4906232,43600.06388282427,100.0,False,12
6836,907.978,2526.1593823886806,-2051.9769302578065,199.0,43614.89027777779,100.0,False,12
6837,908.051,2504.0,-2042.0,201.34643474285716,43619.05809589356,100.0,False,12
6838,908.211,2422.0,-2005.0,206.4892918857143,43628.33103127538,100.0,False,12
6839,908.258,2397.167253132401,-1993.282547776808,208.0,43631.068055555574,100.0,False,12
6840,908.411,2318.0,-1953.0,210.8687536,43640.030673258094,100.0,False,12
6841,908.418,2314.212832664614,-1950.926443910709,211.0,43640.445833333346,100.0,False,12
6842,908.778,2106.949993092571,-1825.2881092534403,220.0,43662.445833333346,100.0,False,12
6843,908.791,2100.0,-1821.0,220.27857005714284,43663.25410610374,100.0,False,12
6844,908.831,2079.0,-1808.0,221.1357129142857,43665.74511234832,100.0,False,12
6845,909.051,1967.0,-1731.0,225.85000411428572,43679.57856759197,100.0,False,12
6846,909.058,1963.5051331783475,-1728.524106108775,226.0,43680.02361111112,100.0,False,12
6847,909.291,1844.0,-1643.0,229.640628,43694.989329455304,59.2249664,False,12
6848,909.378,1791.96072617455,-1604.601997355032,231.0,43700.55694444446,44.0,False,12
6849,909.538,1690.0312548191996,-1527.888697490273,228.0,43710.690277777794,11.0,False,12
6850,909.611,1651.0,-1498.0,226.78333013333332,43715.279214519745,7.654157866666667,False,12
6851,909.778,1584.2021204715059,-1445.3961046317274,224.0,43725.62361111113,0.0,True,12
6852,909.911,1534.0,-1405.0,219.34500224,43733.5780807903,0.0,True,12
6853,910.151,1421.0,-1314.0,210.94500224,43747.41993951541,0.0,True,12
6854,910.178,1408.5784543224363,-1303.7980540201777,210.0,43748.95694444446,0.0,True,12
6855,910.331,1341.0,-1248.0,204.2624928,43757.59096957411,0.0,True,12
6856,910.418,1302.8092687824299,-1217.4746179808305,201.0,43762.35694444446,0.0,True,12
6857,910.531,1254.0,-1179.0,194.6437392,43768.32750581023,0.0,True,12
6858,910.731,1173.0,-1114.0,183.3937392,43778.288900294916,0.0,True,12
6859,910.738,1170.2935822826557,-1111.802915325138,183.0,43778.62361111113,0.0,True,12
6860,910.911,1106.0,-1059.0,168.29500544,43786.626938217276,0.0,True,12
6861,910.938,1096.3459376227981,-1050.9361890913988,166.0,43787.84583333335,0.0,True,12
6862,911.098,1041.2826519923706,-1003.8060195187642,159.0,43794.91250000001,0.0,True,12
6863,911.111,1037.0,-1000.0,158.44285988571428,43795.4674936124,0.0,True,12
6864,911.371,957.0,-924.0,147.29999177142858,43806.063007391545,0.0,True,12
6865,911.378,954.9544051963516,-921.9381873532539,147.0,43806.34583333335,0.0,True,12
6866,911.538,909.6199079101566,-874.575565926025,145.0,43812.79027777779,0.0,True,12
6867,911.631,886.0,-848.0,142.15833528888888,43816.39615034541,0.0,True,12
6868,911.851,839.0,-788.0,135.43610524444443,43824.50166389632,0.0,True,12
6869,911.898,829.3408271002376,-774.3375515996947,134.0,43826.190277777794,0.0,True,12
6870,912.031,803.0,-734.0,131.33333504427708,43830.900411309296,0.0,True,12
6871,912.191,777.0,-685.0,128.12531550872131,43836.463168746384,0.0,True,12
6872,912.297,763.407337999595,-652.2278779213377,126.0,43840.15527777779,0.0,False,12
6873,912.471,748.0,-597.0,125.13000064,43846.2130754662,0.0,False,12
6874,912.497,746.5268450319893,-588.4688585464154,125.0,43847.099722222236,0.0,False,12
6875,912.591,743.0,-557.0,122.062504,43850.2471093074,1.7624975999999999,False,12
6876,912.657,742.1883044790228,-534.3098374042764,120.0,43852.43305555557,3.0,False,12
6877,912.931,750.0,-441.0,120.0,43861.50496174232,30.4000128,False,12
6878,913.137,760.2514431116223,-372.98025744076864,120.0,43868.43305555557,51.0,False,12
6879,913.151,761.0,-366.0,120.3499968,43868.909996852286,52.0499904,False,12
6880,913.297,768.4707028975545,-276.62367710051876,124.0,43873.94416666668,63.0,False,12
6881,913.311,769.0,-269.0,124.3499968,43874.43531821436,63.3499968,False,12
6882,913.537,771.1121065895097,-199.9836448622154,130.0,43882.61083333335,69.0,False,12
6883,913.697,766.4517609831925,-169.74528452070157,137.0,43888.699722222234,48.0,False,12
6884,913.751,764.0,-153.0,137.19285668571428,43890.76989951522,47.421429942857145,False,12
6885,913.97,750.0,-62.0,137.97499977142857,43899.16566522368,45.075000685714286,False,12
6886,913.977,749.4812178539403,-59.27043522807681,138.0,43899.433055555564,45.0,False,12
6887,914.177,732.6507234798922,7.025115142936008,138.0,43907.099722222236,45.0,False,12
6888,914.251,724.0,31.0,139.6608510181907,43910.01880048886,50.35163105861443,False,12
6889,914.471,688.0,108.0,144.59850192095791,43919.004086870606,66.2618395230866,False,12
6890,914.578,665.09706040401,144.9206893121771,147.0,43923.473888888904,74.0,False,12
6891,914.651,648.0,170.0,149.12917226666667,43926.552188053574,75.8250048,False,12
6892,914.818,605.6350891582938,228.04638942291444,154.0,43933.740555555574,80.0,False,12
6893,914.931,575.0,268.0,157.67250624,43938.79617527719,84.80250816,False,12
6894,915.091,530.0,325.0,162.87250624,43946.21978717889,91.60250816,False,12
6895,915.218,494.28953770549344,368.7640121913143,167.0,43952.29611111113,97.0,False,12
6896,915.271,477.0,390.0,169.06110862222224,43954.87775123243,97.44166613333333,False,12
6897,915.578,351.3049584932247,546.6533129812899,181.0,43970.39611111113,100.0,False,12
6898,915.591,347.0,552.0,181.55714011428572,43971.07678620548,100.0,False,12
6899,915.858,285.73108399451405,626.6604539014234,193.0,43985.40722222224,100.0,False,12
6900,915.931,266.0,650.0,194.52083733333333,43989.3810147381,100.0,False,12
6901,916.098,207.52694076489905,718.5795365549857,198.0,43998.607222222236,100.0,False,12
6902,916.131,196.0,732.0,199.2964361142857,44000.47285482905,100.0,False,12
6903,916.378,109.8430677972746,827.6029231275463,209.0,44014.862777777795,100.0,False,12
6904,916.431,80.0,857.0,210.3249984,44018.028655758455,100.0,False,12
6905,916.611,-49.0,978.0,214.8250048,44028.97255251313,100.0,False,12
6906,916.898,-132.98395832180412,1051.1904166354345,222.0,44046.92944444446,100.0,False,12
6907,917.071,-212.0,1112.0,226.3249984,44057.99406732701,100.0,False,12
6908,917.231,-342.0,1214.0,230.3249984,44068.352948509215,100.0,False,12
6909,917.298,-383.8445725855051,1246.8952727096653,232.0,44072.707222222234,100.0,False,12
6910,917.458,-437.8133231484506,1289.4867291872677,235.0,44083.15166666668,100.0,False,12
6911,917.631,-493.0,1338.0,236.9222215111111,44094.57022971099,100.0,False,12
6912,917.791,-569.0,1410.0,238.69999928888888,44105.241881935806,100.0,False,12
6913,917.818,-581.4815831328367,1422.9642563614382,239.0,44107.05166666668,100.0,False,12
6914,917.991,-654.0,1509.0,241.47142765714287,44118.707766854706,100.0,False,12
6915,918.098,-693.9444173265302,1567.0449582996368,243.0,44125.95166666668,100.0,False,12
6916,918.251,-745.0,1657.0,243.9562512,44136.33915996687,98.0874976,False,12
6917,918.418,-792.6594461488972,1762.1045029754337,245.0,44147.72944444446,96.0,False,12
6918,918.431,-796.0,1770.0,245.09285668571428,44148.61901132145,94.88571977142857,False,12
6919,918.651,-850.0,1912.0,246.66428708571428,44163.7185358065,76.02855497142858,False,12
6920,918.698,-864.2236985547069,1956.1161698511373,247.0,44166.94055555557,72.0,False,12
6921,918.771,-886.0,2027.0,246.8170421546599,44171.937260126004,72.54887353602028,False,12
6922,919.051,-926.0,2213.0,246.11528788125707,44191.05630541767,74.65413635622876,False,12
6923,919.097,-929.8036375345761,2253.5328444263155,246.0,44194.20555555557,75.0,False,12
6924,919.331,-943.0,2488.0,244.24499904,44210.26630700805,75.0,False,12
6925,919.497,-945.4614821199697,2575.0699728515506,243.0,44221.20555555557,75.0,True,12
6926,919.657,-943.8400316228947,2627.2517682736934,224.0,44231.161111111134,0.0,True,12
6927,919.711,-943.0,2655.0,222.6500032,44234.475763983835,0.0,True,12
6928,919.897,-939.1651289631869,2785.1502415117575,218.0,44245.69444444447,0.0,True,12
6929,919.951,-938.0,2822.0,215.10714971428573,44248.83526772,0.0,True,12
6930,920.177,-933.4471335942072,2942.68368497166,203.0,44261.48333333335,0.0,True,12
6931,920.331,-930.0,3015.0,198.187496,44269.856375676805,0.0,True,12
6932,920.497,-925.3052417022302,3101.78294035626,193.0,44278.638888888905,0.0,True,12
6933,920.531,-924.0,3124.0,191.12999296,44280.40006560659,0.0,True,12
6934,920.697,-915.6647274228716,3258.9675140290246,182.0,44288.75000000002,0.0,True,12
6935,920.79,-912.0,3322.0,174.49068541244637,44293.15587050693,0.0,True,12
6936,920.858,-910.5329614284294,3352.473756472033,169.0,44296.30805555557,0.0,True,12
6937,921.058,-911.2262397900193,3388.972352327335,162.0,44305.30805555557,0.0,True,12
6938,921.111,-912.0,3402.0,156.7000064,44307.489499685784,0.0,True,12
6939,921.258,-915.0430997737383,3455.493819390879,142.0,44313.19694444446,0.0,True,12
6940,921.391,-920.0,3515.0,139.34000128,44318.35999072065,0.0,True,12
6941,921.458,-923.6402987260676,3545.402149726939,138.0,44320.86361111113,0.0,True,12
6942,921.611,-935.0,3614.0,129.3937392,44326.15965366718,0.0,True,12
6943,921.778,-952.7024201170323,3682.5118888802795,120.0,44331.5302777778,0.0,True,12
6944,922.011,-978.0,3755.0,114.75749568,44338.79874958029,0.0,True,12
6945,922.178,-988.6680354317168,3780.209950227648,111.0,44343.863611111134,0.0,True,12
6946,922.291,-998.0,3797.0,109.11666346666667,44347.227950501816,0.0,True,12
6947,922.538,-1034.9569241773943,3855.349938590922,105.0,44354.363611111134,0.0,True,12
6948,922.611,-1048.0,3872.0,102.80999424,44356.39777813796,0.0,True,12
6949,922.738,-1071.6831435029799,3896.7137190299736,99.0,44359.863611111134,0.0,True,12
6950,922.791,-1082.0,3906.0,98.26388977777778,44361.288083395084,0.0,True,12
6951,923.091,-1146.0,3950.0,94.09721955555555,44369.08788145906,0.0,True,12
6952,923.098,-1147.6271154594913,3950.803655744004,94.0,44369.26361111113,0.0,False,12
6953,923.231,-1179.0,3964.0,89.843752,44372.55465855109,0.0,False,12
6954,923.258,-1185.09593617553,3966.222274214414,89.0,44373.219166666684,0.0,False,12
6955,923.411,-1222.0,3976.0,89.0,44376.989449475754,12.750016,False,12
6956,923.498,-1252.3554919045212,3979.492645836481,89.0,44379.15250000002,20.0,False,12
6957,923.671,-1318.0,3983.0,90.23571382857143,44383.516477679615,30.503567542857144,False,12
6958,923.778,-1343.5646290582026,3983.9073593652142,91.0,44386.230277777795,37.0,False,12
6959,924.131,-1392.0,3980.0,92.96111217777778,44395.33875601657,52.688897422222226,False,12
6960,924.138,-1393.7821766048269,3979.804212201802,93.0,44395.5302777778,53.0,False,12
6961,924.351,-1461.0,3973.0,100.9874976,44401.628889194544,69.64062,False,12
6962,924.458,-1491.332326021782,3971.282502541933,105.0,44404.86361111113,78.0,False,12
6963,924.618,-1530.5650045769544,3970.6596067919218,114.0,44409.93027777779,80.0,False,12
6964,924.691,-1549.0,3970.0,117.1937584,44412.40266613619,79.0874976,False,12
6965,924.931,-1631.0,3973.0,127.6937584,44421.054583479985,76.0874976,False,12
6966,924.938,-1635.0347646000578,3973.724388902876,128.0,44421.308055555564,76.0,False,12
6967,925.091,-1737.0,3997.0,130.29500288,44426.84829691851,69.11499136,False,12
6968,925.138,-1759.9403510960567,4003.0896519697744,131.0,44428.585833333345,67.0,False,12
6969,925.338,-1797.3830130530057,4018.8156511973975,138.0,44436.25250000001,62.0,False,12
6970,925.471,-1820.0,4035.0,140.770832,44441.5253019431,62.5541664,False,12
6971,925.578,-1851.5385792154618,4055.5590690146482,143.0,44445.78583333334,63.0,False,12
6972,925.711,-1898.0,4088.0,143.0,44451.03834522949,66.34170585995389,False,12
6973,925.777,-1919.42870058643,4105.702872312248,143.0,44453.690555555564,68.0,False,12
6974,925.851,-1942.0,4126.0,145.312504,44456.73200473359,70.5437544,False,12
6975,926.097,-2006.2587247289107,4192.175050597452,153.0,44467.29055555556,79.0,False,12
6976,926.231,-2047.0,4247.0,158.8624944,44473.24144086233,81.5124976,False,12
6977,926.257,-2056.0724925595728,4260.250560432192,160.0,44474.40166666667,82.0,False,12
6978,926.411,-2111.0,4345.0,161.54000128,44481.299171948944,81.22999936,False,12
6979,926.457,-2123.5007126694845,4365.11822741629,162.0,44483.40166666667,81.0,False,12
6980,926.697,-2158.0218456109806,4430.947430428014,170.0,44494.73500000001,84.0,False,12
6981,926.811,-2176.0,4480.0,171.22142994285716,44500.16760169926,90.51429302857143,False,12
6982,926.977,-2212.824667605813,4589.067565470693,173.0,44508.190555555564,100.0,False,12
6983,927.051,-2226.0,4631.0,175.9071478857143,44511.86459957263,100.0,False,12
6984,927.257,-2242.198414364047,4697.866069279075,184.0,44522.50166666667,100.0,False,12
6985,927.27,-2243.0,4702.0,184.53450549516646,44523.200279546225,100.0,False,12
6986,927.938,-2300.5932761431545,5047.556609245689,212.0,44562.605,100.0,False,12
6987,928.031,-2308.0,5103.0,215.87499733333334,44568.29151900928,100.0,False,12
6988,928.178,-2318.665625169575,5190.955551487231,222.0,44577.405000000006,100.0,False,12
6989,928.211,-2321.0,5211.0,223.15500672,44579.493621687056,100.0,False,12
6990,928.451,-2338.0,5361.0,231.55500672,44595.14297391651,100.0,False,12
6991,928.578,-2347.0600264827003,5442.4796599981955,236.0,44603.627222222225,100.0,False,12
6992,928.651,-2352.0,5490.0,238.34643474285716,44608.547269588955,100.0,False,12
6993,928.811,-2362.0,5596.0,243.4892918857143,44619.44685934126,100.0,False,12
6994,928.858,-2365.0659733135617,5627.545155467224,245.0,44622.68277777778,100.0,False,12
6995,928.991,-2374.0,5718.0,248.98999808,44631.92557915705,100.0,False,12
6996,929.058,-2378.3353686551754,5764.468268755285,251.0,44636.627222222225,100.0,False,12
6997,929.151,-2384.0,5829.0,252.99285577142857,44643.202051512344,100.0,False,12
6998,929.338,-2394.0508472691085,5958.309867045311,257.0,44656.616111111114,100.0,False,12
6999,929.371,-2396.0,5984.0,258.1000064,44659.01491292767,100.0,False,12
7000,929.578,-2410.3611640727004,6171.539705119191,265.0,44674.28277777778,100.0,False,12
7001,929.691,-2417.0,6263.0,268.2285769142857,44682.78069516589,100.0,False,12
7002,929.858,-2422.998286397177,6359.593035189432,273.0,44695.51611111111,100.0,False,12
7003,929.951,-2426.0,6414.0,275.3249984,44702.675146467016,100.0,False,12
7004,930.058,-2430.121306976506,6489.323004478246,278.0,44710.96055555555,100.0,False,12
7005,930.251,-2438.0,6645.0,280.6805582222222,44726.00726009997,100.0,False,12
7006,930.418,-2443.1505523012256,6777.468211847926,283.0,44739.26055555556,100.0,False,12
7007,930.551,-2446.0,6883.0,287.5718728,44750.04517597413,100.0,False,12
7008,930.711,-2448.0,7012.0,293.0718728,44763.179074599764,100.0,False,12
7009,930.738,-2448.2467369890096,7033.9238249000255,294.0,44765.393888888895,100.0,False,12
7010,930.891,-2449.0,7159.0,295.53000192,44777.94855343038,100.0,False,12
7011,930.938,-2448.835394704104,7197.784440630416,296.0,44781.83833333333,100.0,False,12
7012,931.091,-2447.0,7325.0,299.47727709090907,44794.667889457065,100.0,False,12
7013,931.351,-2440.0,7543.0,305.3863621818182,44816.913675511496,100.0,False,12
7014,931.378,-2438.9630590850065,7565.849720613349,306.0,44819.238333333335,100.0,False,12
7015,931.511,-2433.0,7679.0,308.4937488,44830.72435806342,100.0,False,12
7016,931.698,-2422.4178050407763,7839.314033202644,312.0,44846.971666666665,100.0,False,12
7017,931.751,-2419.0,7885.0,312.79499904,44851.59714241891,100.0,False,12
7018,931.898,-2408.5905284770542,8012.327547774327,315.0,44864.47166666667,100.0,False,12
7019,931.991,-2401.0,8094.0,315.9964278857143,44872.64810279881,100.0,False,12
7020,932.178,-2383.227978630509,8259.448124481509,318.0,44889.205,100.0,False,12
7021,932.211,-2380.0,8287.0,318.8250048,44892.152099021885,100.0,False,12
7022,932.378,-2362.5516326443344,8422.997387544881,323.0,44907.14944444445,100.0,False,12
7023,932.431,-2354.0,8482.0,323.22175699501065,44911.91328028226,100.0,False,12
7024,932.617,-2312.5866824172645,8750.631682880545,324.0,44928.65944444444,100.0,False,12
7025,932.631,-2310.0,8767.0,324.0874992,44929.925136191305,100.0,False,12
7026,932.937,-2273.8041330921237,8964.096283760904,326.0,44957.63722222223,100.0,False,12
7027,932.951,-2271.0,8977.0,325.4750048,44958.89250731031,94.2833856,False,12
7028,933.177,-2205.7475128557994,9271.163589846614,317.0,44978.77055555556,2.0,True,12
7029,933.231,-2192.0,9332.0,312.58182865454546,44983.319472999916,2.0,True,12
7030,933.617,-2141.89228992863,9540.172008906631,281.0,45013.115,2.0,True,12
7031,933.631,-2140.0,9548.0,278.85001965714287,45014.09767158799,1.9000009142857144,True,12
7032,933.81,-2110.0,9675.0,251.36072411428572,45026.06876706029,0.6214290285714286,True,12
7033,933.897,-2090.843368509874,9758.456511016673,238.0,45031.626111111116,0.0,True,12
7034,934.051,-2057.0,9908.0,223.44276933501112,45041.1257919857,0.0,True,12
7035,934.098,-2049.5609907772787,9941.177250434523,219.0,45043.85361111111,0.0,True,12
7036,934.458,-2024.2529918273462,10054.680914938845,180.0,45061.85361111111,0.0,True,12
7037,934.511,-2019.0,10076.0,176.3194488888889,45064.257019745564,0.0,True,12
7038,934.571,-2012.0,10104.0,172.15276444444444,45066.92384674922,0.0,True,12
7039,934.811,-1985.0,10209.0,155.4860977777778,45077.06875924424,0.0,True,12
7040,934.818,-1984.2035081367708,10211.882800393552,155.0,45077.35361111111,0.0,True,12
7041,934.978,-1965.5040798995733,10275.39844386146,142.0,45083.66472222222,0.0,True,12
7042,935.111,-1949.0,10324.0,134.93437839999999,45088.49409164626,0.0,True,12
7043,935.298,-1923.8652802036825,10385.060894653534,125.0,45094.775833333326,0.0,True,12
7044,935.311,-1922.0,10389.0,124.4041696,45095.20018019212,0.0,True,12
7045,935.538,-1887.0733616460914,10450.924761895692,114.0,45102.375833333324,0.0,True,12
7046,935.551,-1885.0,10454.0,113.77250112,45102.775348633244,0.0,True,12
7047,935.711,-1854.0,10490.0,110.97250112,45107.598184597955,0.0,True,12
7048,935.911,-1778.0,10542.0,107.47250112,45113.47378689818,0.0,True,12
7049,935.938,-1769.8391782380402,10546.752370857852,107.0,45114.264722222215,0.0,False,12
7050,936.098,-1741.1773389625037,10558.75466804989,105.0,45118.93138888888,0.0,False,12
7051,936.251,-1716.0,10563.0,103.46999808,45123.313894939274,17.59502208,False,12
7052,936.298,-1704.669016059377,10565.450548405912,103.0,45124.653611111105,23.0,False,12
7053,936.491,-1647.0,10579.0,103.0,45130.17320508574,45.19502208,False,12
7054,936.498,-1644.9245222985255,10579.480924675594,103.0,45130.37583333333,46.0,False,12
7055,936.651,-1601.0,10590.0,105.29500288,45134.86327184352,46.0,False,12
7056,936.698,-1587.7402969106113,10593.8128619216,106.0,45136.26472222222,46.0,False,12
7057,936.898,-1531.7360725557792,10614.025361747552,111.0,45142.431388888894,72.0,False,12
7058,936.971,-1511.0,10623.0,114.95417706666667,45144.86298371651,72.9125024,False,12
7059,937.138,-1462.6607307723166,10646.755776671378,124.0,45150.698055555564,75.0,False,12
7060,937.171,-1453.0,10652.0,124.6187536,45151.85635615099,74.3812464,False,12
7061,937.298,-1415.5843763167857,10673.92937355762,127.0,45156.342500000006,72.0,False,12
7062,937.351,-1400.0,10684.0,128.3249984,45158.25113441818,69.3500032,False,12
7063,937.458,-1368.7471710908915,10706.08804993972,131.0,45162.164722222224,64.0,False,12
7064,937.551,-1342.0,10727.0,132.54999893333334,45165.611209983785,63.612500266666665,False,12
7065,937.691,-1303.0,10761.0,134.88333653333333,45170.8964739367,63.029165866666666,False,12
7066,937.698,-1301.1211695005388,10762.755636219401,135.0,45171.164722222224,63.0,False,12
7067,937.911,-1247.0,10819.0,139.6593736,45179.506024009585,63.6656248,False,12
7068,938.018,-1220.8116136515605,10850.488757468092,142.0,45183.78694444445,64.0,False,12
7069,938.131,-1194.0,10887.0,144.8250048,45188.355775189666,68.2375072,False,12
7070,938.178,-1183.2177627920962,10903.388522935606,146.0,45190.27583333334,70.0,False,12
7071,938.351,-1147.0,10964.0,149.60416533333333,45197.469299173645,76.4874976,False,12
7072,938.418,-1135.6865237538334,10983.07502946872,151.0,45200.342500000006,79.0,False,12
7073,938.651,-1090.0,11080.0,159.15500672,45210.80051387038,90.06750912,False,12
7074,938.771,-1047.0,11192.0,163.35500672,45216.43166964753,95.76750912,False,12
7075,938.818,-1035.0631466207617,11223.800188631913,165.0,45218.67583333334,98.0,False,12
7076,939.111,-1017.0,11284.0,176.9031224,45233.132052318346,99.8312496,False,12
7077,939.138,-1014.6445741018101,11292.821735164165,178.0,45234.49805555557,100.0,False,12
7078,939.297,-993.0356261045065,11370.54564523557,185.0,45242.6688888889,100.0,False,12
7079,939.431,-973.0,11443.0,190.0249952,45249.81095744032,100.0,False,12
7080,939.537,-959.2024603846794,11494.638736179102,194.0,45255.60222222223,100.0,False,12
7081,939.591,-951.0,11527.0,196.3624944,45258.5904833861,100.0,False,12
7082,939.697,-930.270918572796,11612.329630127118,201.0,45264.535555555565,100.0,False,12
7083,939.811,-906.0,11714.0,204.99000448,45271.05765948903,100.0,False,12
7084,939.897,-889.9094530100014,11781.07233128048,208.0,45276.09111111112,100.0,False,12
7085,940.257,-841.3649573461838,11981.152386130787,221.0,45298.19111111111,100.0,False,12
7086,940.291,-838.0,11995.0,221.72857417142856,45300.314328326596,100.0,False,12
7087,940.537,-817.8073556156296,12079.720810914774,227.0,45315.84666666667,100.0,False,12
7088,940.631,-807.0,12130.0,229.86426253549251,45321.94435592747,100.0,False,12
7089,940.771,-786.0,12232.0,234.1301990701738,45331.20368997943,100.0,False,12
7090,940.898,-768.7443685360477,12318.702949393186,238.0,45339.71277777778,100.0,False,12
7091,941.111,-744.0,12453.0,242.14166542222222,45354.17073742607,100.0,False,12
7092,941.258,-727.4686232615883,12552.165877902802,245.0,45364.21277777778,100.0,False,12
7093,941.271,-726.0,12561.0,245.1624992,45365.101219657525,100.0,False,12
7094,941.418,-709.1890747747796,12660.73199987967,247.0,45375.19055555556,100.0,False,12
7095,941.471,-703.0,12697.0,248.54583146666667,45378.884582265266,100.0,False,12
7096,941.531,-696.0,12738.0,250.29583893333333,45383.10886327484,100.0,False,12
7097,941.658,-683.3300516405731,12816.18524798487,254.0,45392.12388888889,100.0,False,12
7098,941.851,-662.0,12961.0,256.89500288,45405.899423322575,100.0,False,12
7099,941.858,-660.9288055867868,12968.382962455053,257.0,45406.401666666665,100.0,False,12
7100,942.071,-625.0,13218.0,259.2821421714286,45421.7745471753,100.0,False,12
7101,942.138,-618.5299458073504,13263.691342103199,260.0,45426.62388888889,100.0,False,12
7102,942.338,-611.6434717594483,13318.723834710576,261.0,45441.123888888884,100.0,False,12
7103,942.371,-610.0,13333.0,261.35357348571426,45443.530314245174,100.0,False,12
7104,942.611,-591.0,13508.0,263.9250020571429,45461.14266441798,100.0,False,12
7105,942.618,-590.3972827811623,13514.411007289784,264.0,45461.657222222224,100.0,False,12
7106,942.898,-568.6620826495139,13791.353715252475,265.0,45482.26833333333,100.0,False,12
7107,942.931,-567.0,13817.0,265.2750016,45484.70725347176,100.0,False,12
7108,943.138,-562.1188158596266,13923.785139535858,267.0,45500.068333333336,100.0,False,12
7109,943.271,-560.0,13995.0,268.32999936,45509.99995862272,100.0,False,12
7110,943.338,-558.3614077046741,14042.873484534533,269.0,45515.012777777774,100.0,False,12
7111,943.431,-556.0,14115.0,269.38749973333336,45521.97530898128,100.0,False,12
7112,943.578,-553.7429586948223,14219.681253144607,270.0,45533.012777777774,100.0,False,12
7113,943.671,-553.0,14296.0,271.1624992,45540.03482820008,100.0,False,12
7114,943.738,-552.7034717786252,14361.38730293644,272.0,45545.10166666667,100.0,False,12
7115,943.898,-552.7438443300639,14537.340197079795,272.0,45557.19055555556,100.0,False,12
7116,943.971,-553.0,14598.0,271.63499904,45562.68565243865,100.0,False,12
7117,944.098,-553.7529125666312,14662.004205224755,271.0,45572.246111111104,100.0,False,12
7118,944.231,-556.0,14718.0,272.6624992,45582.32860090991,100.0,False,12
7119,944.258,-556.7742431603784,14733.93141458556,273.0,45584.37944444444,100.0,False,12
7120,944.491,-568.0,14914.0,273.0,45602.07013809016,100.0,False,12
7121,944.538,-571.2874488634817,14950.232994173623,273.0,45605.61277777777,100.0,False,12
7122,944.698,-585.145089279106,15067.108801401784,269.0,45617.56833333333,100.0,False,12
7123,944.811,-598.0,15149.0,266.6458293333333,45625.89380170172,100.0,False,12
7124,944.938,-615.4235251547684,15241.951519200626,264.0,45635.16833333333,100.0,False,12
7125,944.971,-620.0,15265.0,263.6906232,45637.57149199762,100.0,False,12
7126,945.251,-663.0,15465.0,261.0656232,45657.862749669184,100.0,False,12
7127,945.258,-664.5709128030238,15471.932522914421,261.0,45658.36833333333,100.0,False,12
7128,945.418,-705.1762264440417,15648.789154991679,258.0,45669.835,100.0,False,12
7129,945.431,-708.0,15661.0,257.09000448,45670.74600698922,93.500032,False,12
7130,945.618,-733.9034226297533,15771.760813658022,244.0,45683.39055555556,0.0,True,12
7131,945.778,-746.6612946612521,15825.624556309114,225.0,45693.39055555556,0.0,True,12
7132,945.811,-750.0,15840.0,221.451593072036,45695.31520409311,0.0,True,12
7133,946.051,-782.0,15980.0,195.64514737889093,45708.18766090669,0.0,True,12
7134,946.057,-782.9976090660806,15984.398100568076,195.0,45708.503055555564,0.0,True,12
7135,946.217,-811.2898355995585,16109.771033497744,186.0,45716.76972222223,0.0,True,12
7136,946.251,-816.0,16131.0,182.1749856,45718.404691939824,0.0,True,12
7137,946.457,-829.4721198656202,16196.199715180934,159.0,45727.369722222225,0.0,True,12
7138,946.551,-834.0,16220.0,153.87273425454546,45731.16787063724,0.0,True,12
7139,946.891,-860.0,16354.0,135.32726574545455,45743.665814791515,0.0,True,12
7140,946.897,-860.3892136935459,16356.175236057046,135.0,45743.869722222225,0.0,True,12
7141,947.05,-869.0,16411.0,125.25207991172609,45748.87677857836,0.0,True,12
7142,947.258,-879.596094643085,16513.266732681983,112.0,45755.10083333334,0.0,True,12
7143,947.271,-880.0,16518.0,111.44750272,45755.468104984306,0.0,True,12
7144,947.551,-880.0,16562.0,99.54750272,45762.85042964981,0.0,True,12
7145,947.658,-877.6700608802182,16582.28468398754,95.0,45765.65638888889,0.0,True,12
7146,947.818,-870.9385425307805,16624.076590341738,95.0,45769.87861111111,0.0,True,12
7147,947.911,-862.0,16649.0,89.96250346666666,45772.08176630036,0.0,True,12
7148,948.058,-839.824789170847,16687.3084363733,82.0,45775.34527777778,0.0,True,12
7149,948.131,-828.0,16703.0,82.0,45777.024025875726,0.0,True,12
7150,948.218,-814.777769255606,16717.244882087267,82.0,45778.98972222222,0.0,True,12
7151,948.451,-780.0,16739.0,72.84642102857143,45783.60295355587,0.0,True,12
7152,948.498,-771.9061158966654,16742.703204120728,71.0,45784.51194444444,0.0,True,12
7153,948.698,-733.557708896479,16756.023883125315,71.0,45788.45638888889,0.0,True,12
7154,948.751,-723.0,16758.0,71.0,45789.503312092136,0.0,True,12
7155,948.791,-715.0,16759.0,71.0,45790.29215634885,0.0,True,12
7156,948.898,-693.8969152028467,16760.44429729571,71.0,45792.40083333333,0.0,True,12
7157,948.991,-676.0,16760.0,71.0,45794.234519491925,0.0,True,12
7158,949.178,-641.1073136884152,16753.10113441305,71.0,45797.923055555555,0.0,True,12
7159,949.231,-631.0,16749.0,71.0,45798.968378748476,0.0,True,12
7160,949.378,-601.8582783878988,16731.806944695556,71.0,45801.8675,0.0,True,12
7161,949.571,-568.0,16704.0,71.0,45805.67389236964,0.0,True,12
7162,949.578,-567.0477680941576,16703.084825350474,71.0,45805.811944444446,0.0,True,12
7163,949.778,-547.2940402788975,16679.13234751747,71.0,45809.75638888889,104.0,True,12
7164,949.871,-539.0,16666.0,71.0,45811.590553889095,104.0,True,12
7165,950.058,-520.2283554450404,16633.276743828857,71.0,45815.27861111111,104.0,True,12
7166,950.071,-519.0,16631.0,71.0,45815.53499875189,104.0,True,12
7167,950.258,-502.95635585780536,16598.68021902867,71.0,45819.22305555556,104.0,True,12
7168,950.291,-500.0,16592.0,71.0,45819.873892668955,104.0,True,12
7169,950.538,-475.6955038400479,16530.768727072937,71.0,45824.74527777778,104.0,True,12
7170,950.611,-470.0,16515.0,71.0,45826.18500378944,104.0,True,12
7171,950.978,-455.46079467893094,16463.60024240923,71.0,45833.423055555555,104.0,True,12
7172,951.011,-454.0,16458.0,71.0,45834.073892675326,104.0,True,12
7173,951.111,-449.0,16439.0,71.0,45836.0461098484,104.0,True,12
7174,951.291,-441.0,16405.0,71.0,45839.5961148977,104.0,True,12
7175,951.338,-439.0924288648015,16396.058025318827,71.0,45840.52305555555,104.0,True,12
7176,951.498,-433.03176643758485,16365.127104640856,71.0,45843.678611111114,104.0,True,12
7177,951.611,-429.0,16343.0,71.0,45845.90722600827,104.0,True,12
7178,951.818,-422.3283981325858,16302.467068630525,71.0,45849.98972222222,104.0,True,12
7179,951.831,-422.0,16300.0,71.0,45850.24610984922,104.0,True,12
7180,951.971,-419.0,16273.0,71.0,45853.007226014975,104.0,True,12
7181,952.138,-414.41312554587046,16231.481154307108,71.0,45856.300833333335,104.0,True,12
7182,952.251,-412.0,16210.0,71.0,45858.52944820762,104.0,True,12
7183,952.418,-411.16536874781724,16202.570281828746,71.0,45861.82305555556,104.0,True,12
7184,952.611,-412.0,16210.0,71.0,45865.62944825645,104.0,True,12
7185,952.618,-412.0148421502316,16210.132121811861,71.0,45865.7675,104.0,True,12
7186,952.817,-412.03295809923816,16210.293386316605,71.0,45869.69222222222,104.0,True,12
7187,952.891,-412.0,16210.0,71.0,45871.151669101295,104.0,True,12
7188,952.977,-411.9961097242949,16209.965369554491,71.0,45872.84777777777,104.0,True,12
7189,953.031,-412.0,16210.0,71.0,45873.912775288496,104.0,True,12
7190,953.251,-412.0,16210.0,71.0,45878.251669214216,104.0,True,12
7191,953.297,-411.9995907175868,16209.996356650947,71.0,45879.15888888889,104.0,True,12
7192,953.497,-411.99977644959256,16209.998009999601,71.0,45883.10333333333,104.0,True,12
7193,953.59,-412.0,16210.0,71.0,45884.93749908149,104.0,True,12
7194,953.778,-412.0000111015724,16210.000098823948,71.0,45888.64527777778,104.0,True,12
7195,953.811,-412.0,16210.0,71.0,45889.29611496419,104.0,True,12
7196,954.018,-411.999995229874,16209.999957537306,71.0,45893.37861111111,104.0,True,12
7197,954.091,-412.0,16210.0,71.0,45894.818337098804,104.0,True,12
7198,954.298,-412.0000002918836,16210.000002598292,71.0,45898.90083333333,104.0,True,12
7199,954.331,-412.0,16210.0,71.0,45899.551670455505,104.0,True,12
7200,954.531,-412.0,16210.0,71.0,45903.496114898524,104.0,True,12
7201,954.578,-412.00000005787444,16210.000000515187,71.0,45904.423055555555,104.0,True,12
7202,954.818,-412.00000001485205,16210.000000132211,71.0,45909.156388888885,104.0,True,12
7203,954.871,-412.0,16210.0,71.0,45910.20166540449,104.0,True,12
7204,954.978,-411.9999999928381,16209.999999936248,71.0,45912.31194444444,104.0,True,12
7205,955.091,-412.0,16210.0,71.0,45914.54055934221,104.0,True,12
7206,955.178,-412.0000000022387,16210.000000019927,71.0,45916.25638888888,104.0,True,12
7207,955.411,-412.0,16210.0,71.0,45920.85167045333,104.0,True,12
7208,955.458,-411.9999999998227,16209.999999998421,71.0,45921.778611111105,104.0,True,12
7209,955.611,-412.0,16210.0,71.0,45924.79611489777,104.0,True,12
7210,955.778,-412.0000000000257,16210.000000000227,71.0,45928.08972222222,104.0,True,12
7211,955.871,-412.0,16210.0,71.0,45929.92388762666,104.0,True,12
7212,956.058,-411.999999999998,16209.999999999982,71.0,45933.61194444444,104.0,True,12
7213,956.111,-412.0,16210.0,71.0,45934.65722095999,104.0,True,12
7214,956.258,-412.0000000000001,16210.000000000004,71.0,45937.55638888889,104.0,True,12
7215,956.271,-412.0,16210.0,71.0,45937.812776515544,104.0,True,12
7216,956.451,-412.0,16210.0,71.0,45941.36278156444,104.0,True,12
7217,956.498,-412.00000000000006,16210.000000000004,71.0,45942.28972222222,104.0,True,12
7218,956.651,-412.0,16210.0,71.0,45945.307226008896,104.0,True,12
7219,956.778,-412.0,16210.0,71.0,45947.81194444444,104.0,True,12
7220,956.851,-412.0,16210.0,71.0,45949.25167045333,104.0,True,12
7221,956.978,-412.0,16210.0,71.0,45951.75638888888,104.0,True,12
7222,957.131,-412.0,16210.0,71.0,45954.773892675556,104.0,True,12
7223,957.178,-411.99999999999994,16210.0,71.0,45955.70083333333,104.0,True,12
7224,957.331,-412.0,16210.0,71.0,45958.71833712,104.0,True,12
7225,957.498,-412.00000000000006,16210.000000000002,71.0,45962.01194444444,104.0,True,12
7226,957.631,-412.0,16210.0,71.0,45964.63499873779,104.0,True,12
7227,957.658,-412.0,16210.000000000002,71.0,45965.167499999996,104.0,True,12
7228,957.898,-412.0,16210.000000000002,71.0,45969.900833333326,104.0,True,12
7229,958.011,-412.0,16210.0,71.0,45972.12944823118,104.0,True,12
7230,958.171,-412.0,16210.0,71.0,45975.28500378668,104.0,True,12
7231,958.178,-412.00000000000006,16210.0,71.0,45975.42305555555,104.0,True,12
7232,958.378,-412.0,16210.0,71.0,45979.36749999999,104.0,True,12
7233,958.551,-412.0,16210.0,71.0,45982.77944318364,104.0,True,12
7234,958.578,-412.00000000000006,16210.000000000002,71.0,45983.31194444444,104.0,True,12
7235,958.711,-412.0,16210.0,71.0,45985.93499872107,104.0,True,12
7236,958.871,-412.0,16210.0,71.0,45989.09055428178,104.0,True,12
7237,958.898,-412.0,16210.000000000002,71.0,45989.62305555555,104.0,True,12
7238,959.111,-412.0,16210.0,71.0,45993.823887813924,104.0,True,12
7239,959.258,-412.00000000000006,16210.000000000002,71.0,45996.72305555555,104.0,True,12
7240,959.371,-412.0,16210.0,71.0,45998.95166995822,104.0,True,12
7241,959.537,-412.0,16210.000000000002,71.0,46002.22555555555,104.0,True,12
7242,959.651,-412.0,16210.0,71.0,46004.473891335016,104.0,True,12
7243,959.777,-411.99999999999994,16209.999999999998,71.0,46006.95888888888,104.0,True,12
7244,959.911,-412.0,16210.0,71.0,46009.601664071415,104.0,True,12
7245,960.111,-412.0,16210.0,71.0,46013.54610851722,104.0,True,12
7246,960.137,-412.0,16210.000000000002,71.0,46014.05888888888,104.0,True,12
7247,960.418,-412.0,16210.0,71.0,46019.60083333333,104.0,True,12
7248,960.451,-412.0,16210.0,71.0,46020.25167049798,104.0,True,12
7249,960.578,-412.00000000000006,16210.0,71.0,46022.75638888888,104.0,True,12
7250,960.651,-412.0,16210.0,71.0,46024.196114878716,104.0,True,12
7251,960.858,-412.00000000000006,16210.000000000002,71.0,46028.278611111105,104.0,True,12
7252,961.091,-412.0,16210.0,71.0,46032.8738926779,104.0,True,12
7253,961.218,-412.0,16210.0,71.0,46035.378611111104,104.0,True,12
7254,961.311,-412.0,16210.0,71.0,46037.21277651524,104.0,True,12
7255,961.418,-412.0000000000001,16210.000000000002,71.0,46039.32305555555,104.0,True,12
7256,961.471,-412.0,16210.0,71.0,46040.368332071164,104.0,True,12
7257,961.618,-412.00000000000006,16210.000000000002,71.0,46043.267499999994,104.0,True,12
7258,961.711,-412.0,16210.0,71.0,46045.10166540442,104.0,True,12
7259,961.858,-412.00000000000006,16210.0,71.0,46048.000833333324,104.0,True,12
7260,961.911,-412.0,16210.0,71.0,46049.04610984889,104.0,True,12
7261,962.018,-412.00000000000006,16210.0,71.0,46051.156388888885,104.0,True,12
7262,962.178,-412.0,16209.999999999996,71.0,46054.31194444444,104.0,True,12
7263,962.191,-412.0,16210.0,71.0,46054.56833207111,104.0,True,12
7264,962.411,-412.0,16210.0,71.0,46058.90722600888,104.0,True,12
7265,962.458,-412.0,16209.999999999998,71.0,46059.83416666666,104.0,True,12
7266,962.618,-412.0000000000001,16210.0,71.0,46062.98972222222,104.0,True,12
7267,962.631,-412.0,16210.0,71.0,46063.2461098489,104.0,True,12
7268,962.831,-412.0,16210.0,71.0,46067.19055429334,104.0,True,12
7269,962.938,-411.99999999999994,16210.0,71.0,46069.30083333333,104.0,True,12
7270,963.051,-412.0,16210.0,71.0,46071.52944823111,104.0,True,12
7271,963.098,-411.99999999999994,16209.999999999998,71.0,46072.45638888888,104.0,True,12
7272,963.291,-412.0,16210.0,71.0,46076.26278156444,104.0,True,12
7273,963.338,-412.0,16209.999999999998,71.0,46077.18972222221,104.0,True,12
7274,963.538,-412.0000000000001,16210.000000000002,71.0,46081.134166666656,104.0,True,12
7275,963.631,-412.0,16210.0,71.0,46082.9683320711,104.0,True,12
7276,963.851,-412.0,16210.0,71.0,46087.30722600889,104.0,True,12
7277,963.898,-412.0,16210.0,71.0,46088.234166666654,104.0,True,12
7278,964.051,-412.0,16210.0,71.0,46091.25167045332,104.0,True,12
7279,964.058,-412.0,16210.0,71.0,46091.38972222221,104.0,True,12
7280,964.311,-412.0,16210.0,71.0,46096.3794431822,104.0,True,12
7281,964.418,-411.99999999999994,16209.999999999998,71.0,46098.489722222206,104.0,True,12
7282,964.578,-412.0,16210.0,71.0,46101.64527777776,104.0,True,12
7283,964.591,-412.0,16210.0,71.0,46101.90166540443,104.0,True,12
7284,964.811,-412.0,16210.0,71.0,46106.2405593422,104.0,True,12
7285,964.818,-412.00000000000006,16210.0,71.0,46106.37861111109,104.0,True,12
7286,964.971,-412.0,16210.0,71.0,46109.39611489737,104.0,True,12
7287,965.178,-412.0,16209.999999999996,71.0,46113.47861111109,104.0,True,12
7288,965.251,-412.0,16210.0,71.0,46114.91833712089,104.0,True,12
7289,965.378,-411.99999999999994,16210.0,71.0,46117.42305555553,104.0,True,12
7290,965.611,-412.0,16210.0,71.0,46122.01833709307,104.0,True,12
7291,965.811,-412.0,16210.0,71.0,46125.962781561655,104.0,True,12
7292,965.818,-412.0,16210.0,71.0,46126.10083333331,104.0,True,12
7293,966.051,-412.0,16210.0,71.0,46130.696114910235,104.0,True,12
7294,966.058,-412.0,16209.999999999998,71.0,46130.83416666664,104.0,True,12
7295,966.131,-412.0,16210.0,71.0,46132.2738924824,104.0,True,12
7296,966.291,-412.0,16210.0,71.0,46135.42944728364,104.0,True,12
7297,966.417,-411.99999999999994,16209.999999999998,71.0,46137.91444444442,104.0,True,12
7298,966.511,-412.0,16210.0,71.0,46139.768330860505,104.0,True,12
7299,966.81,-412.0,16210.0,71.0,46145.66527768608,104.0,True,12
7300,966.858,-411.99999999999994,16210.0,71.0,46146.61194444441,104.0,True,12
7301,967.031,-412.0,16210.0,71.0,46150.02388765055,104.0,True,12
7302,967.098,-411.99999999999994,16209.999999999998,71.0,46151.34527777774,104.0,True,12
7303,967.211,-412.0,16210.0,71.0,46153.57389266568,104.0,True,12
7304,967.338,-412.0,16209.999999999998,71.0,46156.07861111107,104.0,True,12
7305,967.371,-412.0,16210.0,71.0,46156.72944823249,104.0,True,12
7306,967.651,-412.0,16210.0,71.0,46162.25167045336,104.0,True,12
7307,967.658,-412.00000000000006,16210.000000000004,71.0,46162.389722222186,104.0,True,12
7308,967.891,-412.0,16210.0,71.0,46166.98500378655,104.0,True,12
7309,967.938,-411.99999999999994,16209.999999999998,71.0,46167.91194444441,104.0,True,12
7310,967.991,-412.0,16210.0,71.0,46168.957220960016,104.0,True,12
7311,968.251,-412.0,16210.0,71.0,46174.08500378663,104.0,True,12
7312,968.258,-412.0,16209.999999999998,71.0,46174.22305555552,104.0,True,12
7313,968.471,-412.0,16210.0,71.0,46178.423887626624,104.0,True,12
7314,968.498,-412.0,16209.999999999998,71.0,46178.95638888885,104.0,True,12
7315,968.631,-412.0,16210.0,71.0,46181.579443182185,104.0,True,12
7316,968.738,-412.0,16210.000000000002,71.0,46183.68972222218,104.0,True,12
7317,968.811,-412.0,16210.0,71.0,46185.12944823106,104.0,True,12
7318,968.938,-412.0,16209.999999999998,71.0,46187.63416666663,104.0,True,12
7319,969.011,-412.0,16210.0,71.0,46189.073892675515,104.0,True,12
7320,969.218,-411.99999999999994,16209.999999999998,71.0,46193.15638888885,104.0,True,12
7321,969.271,-412.0,16210.0,71.0,46194.20166540441,104.0,True,12
7322,969.458,-411.99999999999994,16210.0,71.0,46197.88972222218,104.0,True,12
7323,969.731,-412.0,16210.0,71.0,46203.27389267551,104.0,True,12
7324,969.738,-412.0,16210.0,71.0,46203.4119444444,104.0,True,12
7325,969.978,-412.0,16210.000000000002,71.0,46208.14527777773,104.0,True,12
7326,970.091,-412.0,16210.0,71.0,46210.3738926755,104.0,True,12
7327,970.338,-412.0,16210.0,71.0,46215.24527777773,104.0,True,12
7328,970.391,-412.0,16210.0,71.0,46216.29055429328,104.0,True,12
7329,970.631,-412.0,16210.0,71.0,46221.02388762662,104.0,True,12
7330,970.658,-412.00000000000006,16209.999999999998,71.0,46221.55638888884,104.0,True,12
7331,970.978,-412.00000000000006,16210.000000000002,71.0,46227.86749999995,104.0,True,12
7332,970.991,-412.0,16210.0,71.0,46228.12388762662,104.0,True,12
7333,971.138,-412.0,16210.000000000002,71.0,46231.02305555551,104.0,True,12
7334,971.271,-412.0,16210.0,71.0,46233.64610984885,104.0,True,12
7335,971.298,-412.00000000000006,16210.0,71.0,46234.17861111106,104.0,True,12
7336,971.451,-412.0,16210.0,71.0,46237.196114897735,104.0,True,12
7337,971.498,-412.0,16209.999999999998,71.0,46238.12305555551,104.0,True,12
7338,971.658,-412.0,16209.999999999996,71.0,46241.27861111106,104.0,True,12
7339,971.751,-412.0,16210.0,71.0,46243.112776515605,104.0,True,12
7340,971.818,-411.99999999999994,16209.999999999998,71.0,46244.434166666615,104.0,True,12
7341,971.971,-412.0,16210.0,71.0,46247.45167045204,104.0,True,12
7342,972.178,-412.0,16210.000000000002,71.0,46251.53416666661,104.0,True,12
7343,972.431,-412.0,16210.0,71.0,46256.523887635114,104.0,True,12
7344,972.498,-412.00000000000006,16210.000000000002,71.0,46257.84527777773,104.0,True,12
7345,972.738,-412.0,16210.000000000002,71.0,46262.57861111106,104.0,True,12
7346,972.831,-412.0,16210.0,71.0,46264.41277664017,104.0,True,12
7347,972.898,-412.00000000000006,16210.000000000004,71.0,46265.73416666661,104.0,True,12
7348,973.057,-412.00000000000006,16210.0,71.0,46268.869999999944,104.0,True,12
7349,973.091,-412.0,16210.0,71.0,46269.54055791681,104.0,True,12
7350,973.297,-412.00000000000006,16210.0,71.0,46273.603333333274,104.0,True,12
7351,973.43,-412.0,16210.0,71.0,46276.22638809522,104.0,True,12
7352,973.631,-412.0,16210.0,71.0,46280.19055424179,104.0,True,12
7353,973.658,-412.0,16210.0,71.0,46280.7230555555,104.0,True,12
7354,973.811,-412.0,16210.0,71.0,46283.74055940123,104.0,True,12
7355,973.938,-412.0,16209.999999999998,71.0,46286.24527777772,104.0,True,12
7356,973.991,-412.0,16210.0,71.0,46287.29055428368,104.0,True,12
7357,974.178,-412.0,16209.999999999998,71.0,46290.97861111105,104.0,True,12
7358,974.211,-412.0,16210.0,71.0,46291.62944823191,104.0,True,12
7359,974.331,-412.0,16210.0,71.0,46293.99611489777,104.0,True,12
7360,974.338,-412.0000000000001,16210.0,71.0,46294.134166666605,104.0,True,12
7361,974.591,-412.0,16210.0,71.0,46299.12388762656,104.0,True,12
7362,974.618,-412.00000000000006,16210.0,71.0,46299.65638888883,104.0,True,12
7363,974.851,-412.0,16210.0,71.0,46304.25167045326,104.0,True,12
7364,974.858,-412.00000000000006,16210.000000000002,71.0,46304.38972222216,104.0,True,12
7365,975.031,-412.0,16210.0,71.0,46307.80166540438,104.0,True,12
7366,975.058,-412.0,16210.0,71.0,46308.3341666666,104.0,True,12
7367,975.298,-411.99999999999983,16209.999999999998,71.0,46313.06749999993,104.0,True,12
7368,975.498,-411.99999999999994,16210.0,71.0,46317.01194444438,104.0,True,12
7369,975.511,-412.0,16210.0,71.0,46317.26833207105,104.0,True,12
7370,975.671,-412.0,16210.0,71.0,46320.423887626595,104.0,True,12
7371,975.818,-412.00000000000006,16210.000000000004,71.0,46323.323055555484,104.0,True,12
7372,975.911,-412.0,16210.0,71.0,46325.15722095994,104.0,True,12
7373,976.111,-412.0,16210.0,71.0,46329.10166540437,104.0,True,12
7374,976.171,-412.0,16210.0,71.0,46330.285003786594,104.0,True,12
7375,976.298,-411.99999999999994,16209.999999999998,71.0,46332.78972222215,104.0,True,12
7376,976.511,-412.0,16210.0,71.0,46336.99055429326,104.0,True,12
7377,976.738,-412.0,16210.0,71.0,46341.46749999993,104.0,True,12
7378,976.851,-412.0,16210.0,71.0,46343.696114897706,104.0,True,12
7379,977.138,-412.0,16210.000000000002,71.0,46349.356388888824,104.0,True,12
7380,977.291,-412.0,16210.0,71.0,46352.373892675496,104.0,True,12
7381,977.338,-412.00000000000006,16210.000000000004,71.0,46353.30083333327,104.0,True,12
7382,977.531,-412.0,16210.0,71.0,46357.10722600883,104.0,True,12
7383,977.618,-412.00000000000006,16209.999999999998,71.0,46358.82305555549,104.0,True,12
7384,977.751,-412.0,16210.0,71.0,46361.446109848825,104.0,True,12
7385,977.938,-411.99999999999994,16210.0,71.0,46365.1341666666,104.0,True,12
7386,978.051,-412.0,16210.0,71.0,46367.36278156436,104.0,True,12
7387,978.298,-411.99999999999983,16209.999999999995,71.0,46372.234166666596,104.0,True,12
7388,978.371,-412.0,16210.0,71.0,46373.673892675484,104.0,True,12
7389,978.431,-412.0,16210.0,71.0,46374.85722095992,104.0,True,12
7390,978.498,-412.00000000000006,16209.999999999998,71.0,46376.17861111104,104.0,True,12
7391,978.611,-412.0,16210.0,71.0,46378.40722600889,104.0,True,12
7392,978.698,-412.0,16209.999999999998,71.0,46380.12305555549,104.0,True,12
7393,978.858,-412.0,16209.999999999998,71.0,46383.27861111104,104.0,True,12
7394,978.971,-412.0,16210.0,71.0,46385.507226010326,104.0,True,12
7395,979.018,-412.0,16209.999999999998,71.0,46386.4341666666,104.0,True,12
7396,979.258,-412.00000000000006,16210.000000000002,71.0,46391.16749999993,104.0,True,12
7397,979.271,-412.0,16210.0,71.0,46391.423887632154,104.0,True,12
7398,979.538,-412.00000000000006,16210.0,71.0,46396.68972222215,104.0,True,12
7399,979.591,-412.0,16210.0,71.0,46397.734998568616,104.0,True,12
7400,979.937,-412.0,16209.999999999998,71.0,46404.558888888816,104.0,True,12
7401,979.97,-412.0,16210.0,71.0,46405.209721161846,104.0,True,12
7402,980.098,-412.0,16210.0,71.0,46407.734166666596,104.0,True,12
7403,980.191,-412.0,16210.0,71.0,46409.56833239228,104.0,True,12
7404,980.371,-412.0,16210.0,71.0,46413.11833716952,104.0,True,12
7405,980.418,-411.99999999999994,16210.000000000002,71.0,46414.04527777771,104.0,True,12
7406,980.611,-412.0,16210.0,71.0,46417.85167045197,104.0,True,12
7407,980.618,-412.0,16209.999999999998,71.0,46417.989722222155,104.0,True,12
7408,980.771,-412.0,16210.0,71.0,46421.00722602135,104.0,True,12
7409,980.971,-412.0,16210.0,71.0,46424.95167045482,104.0,True,12
7410,981.018,-412.00000000000006,16210.000000000002,71.0,46425.878611111046,104.0,True,12
7411,981.151,-412.0,16210.0,71.0,46428.50166540291,104.0,True,12
7412,981.338,-412.0000000000001,16210.000000000004,71.0,46432.18972222215,104.0,True,12
7413,981.471,-412.0,16210.0,71.0,46434.812776515544,104.0,True,12
7414,981.538,-412.00000000000006,16210.0,71.0,46436.1341666666,104.0,True,12
7415,981.738,-412.00000000000006,16210.0,71.0,46440.07861111104,104.0,True,12
7416,981.871,-412.0,16210.0,71.0,46442.701665404384,104.0,True,12
7417,981.978,-411.9999999999999,16210.0,71.0,46444.81194444437,104.0,True,12
7418,982.051,-412.0,16210.0,71.0,46446.25167045326,104.0,True,12
7419,982.138,-412.0000000000004,16210.0,71.0,46447.96749999993,104.0,True,12
7420,982.338,-412.0000000000003,16210.000000000002,71.0,46451.91194444438,104.0,True,12
7421,982.351,-412.0,16210.0,71.0,46452.168332071036,104.0,True,12
7422,982.531,-412.0,16210.0,71.0,46455.71833711994,104.0,True,12
7423,982.698,-412.00000000003917,16209.999999999998,71.0,46459.01194444438,104.0,True,12
7424,982.851,-412.0,16210.0,71.0,46462.02944823105,104.0,True,12
7425,982.858,-411.99999999999415,16210.000000000002,71.0,46462.16749999993,104.0,True,12
7426,983.058,-411.9999999998349,16210.000000000004,71.0,46466.111944444376,104.0,True,12
7427,983.111,-412.0,16210.0,71.0,46467.15722095993,104.0,True,12
7428,983.418,-412.00000000034566,16210.0,71.0,46473.211944444374,104.0,True,12
7429,983.431,-412.0,16210.0,71.0,46473.46833207105,104.0,True,12
7430,983.611,-412.0,16210.0,71.0,46477.01833711994,104.0,True,12
7431,983.658,-412.00000000832046,16209.999999999996,71.0,46477.945277777704,104.0,True,12
7432,983.911,-412.0,16210.0,71.0,46482.9349987377,104.0,True,12
7433,983.978,-411.99999991225855,16210.000000000004,71.0,46484.25638888881,104.0,True,12
7434,984.091,-412.0,16210.0,71.0,46486.485003786576,104.0,True,12
7435,984.171,-412.0,16210.0,71.0,46488.06278156437,104.0,True,12
7436,984.338,-411.9999871204597,16209.999999999998,71.0,46491.35638888881,104.0,True,12
7437,984.498,-411.9999821650793,16210.0,71.0,46494.51194444437,104.0,True,12
7438,984.571,-412.0,16210.0,71.0,46495.95167045328,104.0,True,12
7439,984.898,-412.000082313111,16209.999999999996,71.0,46502.40083333326,104.0,True,12
7440,984.951,-412.0,16210.0,71.0,46503.44610984881,104.0,True,12
7441,985.051,-412.0,16210.0,71.0,46505.4183371199,104.0,True,12
7442,985.138,-412.0013792414601,16209.999999999998,71.0,46507.13416666659,104.0,True,12
7443,985.251,-412.0,16210.0,71.0,46509.36278156447,104.0,True,12
7444,985.458,-411.99549410875335,16210.000000000002,71.0,46513.4452777777,104.0,True,12
7445,985.471,-412.0,16210.0,71.0,46513.70166540431,104.0,True,12
7446,985.658,-412.15197125827854,16210.0,71.0,46517.38972222214,104.0,True,12
7447,985.811,-412.0,16210.0,71.0,46520.40722601374,104.0,True,12
7448,985.898,-411.66779752758725,16210.000000000004,71.0,46522.12305555547,104.0,True,12
7449,986.051,-411.0,16210.0,71.0,46525.140559322426,104.0,True,12
7450,986.098,-410.9037133080964,16209.999999999998,71.0,46526.06749999992,104.0,True,12
7451,986.258,-410.9403867085298,16210.0,71.0,46529.22305555548,104.0,True,12
7452,986.351,-411.0,16210.0,71.0,46531.057220404,104.0,True,12
7453,986.497,-411.0164564059976,16210.000000000002,71.0,46533.93666666659,104.0,True,12
7454,986.631,-411.0,16210.0,71.0,46536.5794429855,104.0,True,12
7455,986.658,-410.99852075739733,16210.0,71.0,46537.11194444437,104.0,True,12
7456,986.851,-411.0,16210.0,71.0,46540.91833733757,104.0,True,12
7457,986.978,-411.0005788505941,16210.0,71.0,46543.423055555475,104.0,True,12
7458,987.131,-411.0,16210.0,71.0,46546.44055930424,104.0,True,12
7459,987.258,-410.99989092611065,16209.999999999998,71.0,46548.9452777777,104.0,True,12
7460,987.431,-411.0,16210.0,71.0,46552.35722096813,104.0,True,12
7461,987.551,-411.0,16210.0,71.0,46554.7238876277,104.0,True,12
7462,987.578,-410.9999987178113,16210.0,71.0,46555.2563888888,104.0,True,12
7463,987.851,-411.0,16210.0,71.0,46560.64055934049,104.0,True,12
7464,988.018,-411.00000041546053,16210.0,71.0,46563.934166666586,104.0,True,12
7465,988.171,-411.0,16210.0,71.0,46566.95167045368,104.0,True,12
7466,988.418,-410.9999999960524,16210.000000000002,71.0,46571.82305555548,104.0,True,12
7467,988.431,-411.0,16210.0,71.0,46572.07944318214,104.0,True,12
7468,988.658,-411.0000000082155,16210.0,71.0,46576.55638888881,104.0,True,12
7469,988.771,-411.0,16210.0,71.0,46578.785003786594,104.0,True,12
7470,989.018,-410.9999999988774,16210.0,71.0,46583.656388888805,104.0,True,12
7471,989.111,-411.0,16210.0,71.0,46585.49055429324,104.0,True,12
7472,989.218,-411.0000000005818,16209.999999999998,71.0,46587.60083333325,104.0,True,12
7473,989.458,-411.0000000000496,16210.0,71.0,46592.33416666658,104.0,True,12
7474,989.511,-411.0,16210.0,71.0,46593.37944318213,104.0,True,12
7475,989.571,-411.0,16210.0,71.0,46594.56278156437,104.0,True,12
7476,989.618,-411.0000000000041,16210.000000000002,71.0,46595.48972222214,104.0,True,12
7477,989.831,-411.0,16210.0,71.0,46599.69055429326,104.0,True,12
7478,989.898,-410.99999999999955,16210.0,71.0,46601.01194444436,104.0,True,12
7479,990.011,-411.0,16210.0,71.0,46603.24055934214,104.0,True,12
7480,990.191,-411.0,16210.0,71.0,46606.790554293264,104.0,True,12
7481,990.338,-410.9999999999999,16209.999999999998,71.0,46609.68972222214,104.0,True,12
7482,990.551,-411.0,16210.0,71.0,46613.89055429325,104.0,True,12
7483,990.618,-411.0,16210.0,71.0,46615.21194444436,104.0,True,12
7484,990.751,-411.0,16210.0,71.0,46617.83499873769,104.0,True,12
7485,990.898,-410.99999999999994,16209.999999999998,71.0,46620.73416666658,104.0,True,12
7486,991.131,-411.0,16210.0,71.0,46625.32944823103,104.0,True,12
7487,991.218,-411.0,16210.000000000002,71.0,46627.04527777769,104.0,True,12
7488,991.351,-411.0,16210.0,71.0,46629.66833207102,104.0,True,12
7489,991.498,-411.0,16210.000000000002,71.0,46632.56749999991,104.0,True,12
7490,991.651,-411.0,16210.0,71.0,46635.585003786575,104.0,True,12
7491,991.658,-410.99999999999994,16209.999999999998,71.0,46635.72305555546,104.0,True,12
7492,991.971,-411.0,16210.0,71.0,46641.89611489768,104.0,True,12
7493,992.138,-411.00000000000006,16210.000000000002,71.0,46645.18972222213,104.0,True,12
7494,992.251,-411.0,16210.0,71.0,46647.4183371199,104.0,True,12
7495,992.378,-411.0,16210.0,71.0,46649.92305555546,104.0,True,12
7496,992.511,-411.0,16210.0,71.0,46652.546109848794,104.0,True,12
7497,992.538,-411.0,16209.999999999998,71.0,46653.078611111014,104.0,True,12
7498,992.698,-410.99999999999994,16209.999999999998,71.0,46656.23416666657,104.0,True,12
7499,992.791,-411.0,16210.0,71.0,46658.068332071016,104.0,True,12
7500,992.898,-411.00000000000006,16210.000000000002,71.0,46660.17861111101,104.0,True,12
7501,993.191,-411.0,16210.0,71.0,46665.95722095991,104.0,True,12
7502,993.218,-410.99999999999994,16209.999999999998,71.0,46666.48972222212,104.0,True,12
7503,993.411,-411.0,16210.0,71.0,46670.296114897676,104.0,True,12
7504,993.418,-410.9999999999999,16210.000000000002,71.0,46670.434166666564,104.0,True,12
7505,993.698,-411.0,16210.000000000004,71.0,46675.956388888786,104.0,True,12
7506,993.811,-411.0,16210.0,71.0,46678.185003786566,104.0,True,12
7507,993.858,-411.0,16210.000000000002,71.0,46679.11194444434,104.0,True,12
7508,994.151,-411.0,16210.0,71.0,46684.89055429322,104.0,True,12
7509,994.218,-410.99999999999994,16209.999999999998,71.0,46686.21194444434,104.0,True,12
7510,994.331,-411.0,16210.0,71.0,46688.44055934211,104.0,True,12
7511,994.458,-410.99999999999994,16209.999999999998,71.0,46690.94527777767,104.0,True,12
7512,994.611,-411.0,16210.0,71.0,46693.96278156435,104.0,True,12
7513,994.738,-411.0,16210.0,71.0,46696.46749999989,104.0,True,12
7514,994.771,-411.0,16210.0,71.0,46697.118337119886,104.0,True,12
7515,994.938,-411.00000000000006,16210.000000000002,71.0,46700.411944444335,104.0,True,12
7516,995.031,-411.0,16210.0,71.0,46702.24610984878,104.0,True,12
7517,995.258,-410.99999999999994,16209.999999999998,71.0,46706.72305555545,104.0,True,12
7518,995.451,-411.0,16210.0,71.0,46710.529448231,104.0,True,12
7519,995.498,-410.99999999999994,16210.0,71.0,46711.45638888878,104.0,True,12
7520,995.591,-411.0,16210.0,71.0,46713.29055429321,104.0,True,12
7521,995.871,-411.0,16210.0,71.0,46718.81277651546,104.0,True,12
7522,995.898,-410.99999999999994,16210.000000000002,71.0,46719.34527777767,104.0,True,12
7523,996.271,-411.0,16210.0,71.0,46726.701665404355,104.0,True,12
7524,996.298,-411.0,16210.000000000002,71.0,46727.23416666656,104.0,True,12
7525,996.618,-410.99999999999994,16209.999999999998,71.0,46733.54527777767,104.0,True,12
7526,996.631,-411.0,16210.0,71.0,46733.80166540434,104.0,True,12
7527,996.778,-411.0,16209.999999999998,71.0,46736.70083333323,104.0,True,12
7528,996.871,-411.0,16210.0,71.0,46738.53499873766,104.0,True,12
7529,997.031,-411.0,16210.0,71.0,46741.69055429322,104.0,True,12
7530,997.058,-410.99999999999994,16210.000000000002,71.0,46742.22305555545,104.0,True,12
7531,997.298,-410.9999999999999,16209.999999999998,71.0,46746.95638888878,104.0,True,12
7532,997.351,-411.0,16210.0,71.0,46748.001665404336,104.0,True,12
7533,997.551,-411.0,16210.0,71.0,46751.94610984877,104.0,True,12
7534,997.578,-411.0000000000001,16210.000000000002,71.0,46752.478611111,104.0,True,12
7535,997.738,-411.0,16210.0,71.0,46755.63416666656,104.0,True,12
7536,997.911,-411.0,16210.0,71.0,46759.0461098487,104.0,True,12
7537,998.018,-411.00000000000006,16210.0,71.0,46761.15638888878,104.0,True,12
7538,998.091,-411.0,16210.0,71.0,46762.596114897846,104.0,True,12
7539,998.298,-411.0,16209.999999999998,71.0,46766.678611111005,104.0,True,12
7540,998.411,-411.0,16210.0,71.0,46768.90722600697,104.0,True,12
7541,998.578,-411.0,16209.999999999998,71.0,46772.20083333323,104.0,True,12
7542,998.691,-411.0,16210.0,71.0,46774.42944824154,104.0,True,12
7543,998.858,-411.00000000000006,16210.000000000002,71.0,46777.72305555545,104.0,True,12
7544,998.911,-411.0,16210.0,71.0,46778.76833204776,104.0,True,12
7545,999.098,-411.0,16210.0,71.0,46782.45638888878,104.0,True,12
7546,999.231,-411.0,16210.0,71.0,46785.07944337095,104.0,True,12
7547,999.258,-411.0,16209.999999999998,71.0,46785.61194444434,104.0,True,12
7548,999.491,-411.0,16210.0,71.0,46790.20722220542,104.0,True,12
7549,999.499,-411.0,16210.0,71.0,46790.364999999896,104.0,True,12
7550,999.651,-411.0,16210.0,71.0,46793.36278071604,104.0,True,12
7551,999.698,-411.00000000000006,16210.0,71.0,46794.289722222115,104.0,True,12
7552,999.851,-411.0,16210.0,71.0,46797.307226542376,104.0,True,12
7553,999.978,-411.00000000000006,16210.0,71.0,46799.81194444434,104.0,True,12
7554,1000.051,-411.0,16210.0,71.0,46801.25167030971,104.0,True,12
7555,1000.271,-411.0,16210.0,71.0,46805.59055426154,104.0,True,12
7556,1000.338,-411.0,16210.0,71.0,46806.911944444335,104.0,True,12
7557,1000.498,-411.0,16210.000000000002,71.0,46810.067499999896,104.0,True,12
7558,1000.511,-411.0,16210.0,71.0,46810.323887625964,104.0,True,12
7559,1000.658,-411.00000000000006,16210.0,71.0,46813.22305555545,104.0,True,12
7560,1000.751,-411.0,16210.0,71.0,46815.05722096021,104.0,True,12
7561,1000.851,-411.0,16210.0,71.0,46817.02944823103,104.0,True,12
7562,1000.858,-411.00000000000006,16210.000000000002,71.0,46817.167499999894,104.0,True,12
7563,1001.091,-411.0,16210.0,71.0,46821.7627815643,104.0,True,12
7564,1001.178,-410.99999999999994,16209.999999999998,71.0,46823.47861111101,104.0,True,12
7565,1001.378,-411.0,16210.0,71.0,46827.42305555545,104.0,True,12
7566,1001.391,-411.0,16210.0,71.0,46827.67944318211,104.0,True,12
7567,1001.571,-411.0,16210.0,71.0,46831.229448231,104.0,True,12
7568,1001.818,-411.0,16210.00000000009,71.0,46836.10083333323,104.0,True,12
7569,1001.951,-411.0,16210.0,71.0,46838.723887626555,104.0,True,12
7570,1002.018,-410.99999999999994,16209.999999999887,71.0,46840.04527777767,104.0,True,12
7571,1002.418,-411.0,16209.999999999727,71.0,46847.934166666564,104.0,True,12
7572,1002.451,-411.0,16210.0,71.0,46848.58500378656,104.0,True,12
7573,1002.731,-411.0,16210.0,71.0,46854.10722600878,104.0,True,12
7574,1002.738,-410.99999999999994,16209.999999999696,71.0,46854.24527777768,104.0,True,12
7575,1002.938,-410.99999999999994,16209.999999991143,71.0,46858.18972222212,104.0,True,12
7576,1002.991,-411.0,16210.0,71.0,46859.234998737666,104.0,True,12
7577,1003.251,-411.0,16210.0,71.0,46864.362781564356,104.0,True,12
7578,1003.258,-411.00000000000006,16209.999999990083,71.0,46864.50083333324,104.0,True,12
7579,1003.458,-411.0,16209.999999554922,71.0,46868.44527777768,104.0,True,12
7580,1003.551,-411.0,16210.0,71.0,46870.27944318214,104.0,True,12
7581,1003.698,-411.00000000000006,16210.000002131432,71.0,46873.17861111101,104.0,True,12
7582,1003.898,-411.0000000000001,16210.000000675704,71.0,46877.12305555546,104.0,True,12
7583,1003.911,-411.0,16210.0,71.0,46877.37944318213,104.0,True,12
7584,1004.271,-411.0,16210.0,71.0,46884.47944318213,104.0,True,12
7585,1004.298,-411.0,16210.000009562424,71.0,46885.01194444435,104.0,True,12
7586,1004.531,-411.0,16210.0,71.0,46889.60722600878,104.0,True,12
7587,1004.538,-410.99999999999994,16209.999988270609,71.0,46889.74527777768,104.0,True,12
7588,1004.738,-411.0,16209.999646573093,71.0,46893.68972222212,104.0,True,12
7589,1004.791,-411.0,16210.0,71.0,46894.73499873766,104.0,True,12
7590,1004.938,-410.99999999999994,16210.00246145433,71.0,46897.63416666657,104.0,True,12
7591,1005.071,-411.0,16210.0,71.0,46900.25722096017,104.0,True,12
7592,1005.138,-411.0,16209.994918703107,71.0,46901.578611111014,104.0,True,12
7593,1005.378,-411.00000000000006,16209.965313940718,71.0,46906.311944444344,104.0,True,12
7594,1005.531,-411.0,16210.0,71.0,46909.3294482426,104.0,True,12
7595,1005.618,-411.0,16210.047962696643,71.0,46911.04527777767,104.0,True,12
7596,1005.851,-411.0,16210.0,71.0,46915.640559280444,104.0,True,12
7597,1005.898,-411.0,16209.877239906018,71.0,46916.567499999896,104.0,True,12
7598,1006.131,-411.0,16209.0,71.0,46921.16278162721,104.0,True,12
7599,1006.138,-410.99999999999994,16208.983059100457,71.0,46921.300833333225,104.0,True,12
7600,1006.379,-411.0,16208.885393081002,71.0,46926.05388888878,104.0,True,12
7601,1006.539,-411.00000000000006,16208.9948473487,71.0,46929.209444444336,104.0,True,12
7602,1006.551,-411.0,16209.0,71.0,46929.44610613553,104.0,True,12
7603,1006.898,-410.99999999999994,16209.00357993384,71.0,46936.289722222115,104.0,True,12
7604,1006.951,-411.0,16209.0,71.0,46937.33499888804,104.0,True,12
7605,1007.098,-410.9999999999999,16208.999122018331,71.0,46940.23416666656,104.0,True,12
7606,1007.171,-411.0,16209.0,71.0,46941.67389264029,104.0,True,12
7607,1007.331,-411.0,16209.0,71.0,46944.82944822994,104.0,True,12
7608,1007.338,-411.0,16208.999990039787,71.0,46944.96749999989,104.0,True,12
7609,1007.571,-411.0,16209.0,71.0,46949.562781564564,104.0,True,12
7610,1007.578,-411.0,16209.000000816759,71.0,46949.70083333322,104.0,True,12
7611,1007.651,-411.0,16209.0,71.0,46951.14055934034,104.0,True,12
7612,1007.931,-411.0,16209.0,71.0,46956.6627815638,104.0,True,12
7613,1008.018,-411.0,16209.000000418186,71.0,46958.378611111,104.0,True,12
7614,1008.298,-411.0,16209.000000038019,71.0,46963.900833333224,104.0,True,12
7615,1008.331,-411.0,16209.0,71.0,46964.551670453206,104.0,True,12
7616,1008.458,-410.99999999999994,16208.999999955691,71.0,46967.05638888878,104.0,True,12
7617,1008.611,-411.0,16209.0,71.0,46970.073892675435,104.0,True,12
7618,1008.698,-411.00000000000006,16209.000000005557,71.0,46971.78972222211,104.0,True,12
7619,1008.831,-411.0,16209.0,71.0,46974.41277651544,104.0,True,12
7620,1008.938,-410.99999999999994,16208.99999999994,71.0,46976.52305555544,104.0,True,12
7621,1008.951,-411.0,16209.0,71.0,46976.7794431821,104.0,True,12
7622,1009.098,-410.99999999999994,16209.000000000102,71.0,46979.67861111099,104.0,True,12
7623,1009.191,-411.0,16209.0,71.0,46981.51277651544,104.0,True,12
7624,1009.451,-411.0,16209.0,71.0,46986.64055934209,104.0,True,12
7625,1009.458,-410.99999999999994,16208.999999999998,71.0,46986.77861111099,104.0,True,12
7626,1009.611,-411.0,16209.0,71.0,46989.79611489766,104.0,True,12
7627,1009.658,-411.00000000000006,16209.0,71.0,46990.723055555434,104.0,True,12
7628,1009.791,-411.0,16209.0,71.0,46993.34610984877,104.0,True,12
7629,1010.018,-411.0,16209.000000000002,71.0,46997.82305555543,104.0,True,12
7630,1010.191,-411.0,16209.0,71.0,47001.23499873765,104.0,True,12
7631,1010.371,-411.0,16209.0,71.0,47004.78500378654,104.0,True,12
7632,1010.418,-410.9999999999999,16209.0,71.0,47005.71194444432,104.0,True,12
7633,1010.631,-411.0,16209.0,71.0,47009.91277651543,104.0,True,12
7634,1010.658,-411.00000000000006,16209.000000000002,71.0,47010.44527777765,104.0,True,12
7635,1010.991,-411.0,16209.0,71.0,47017.01277651543,104.0,True,12
7636,1011.058,-411.00000000000006,16209.000000000002,71.0,47018.334166666544,104.0,True,12
7637,1011.231,-411.0,16209.0,71.0,47021.74610984877,104.0,True,12
7638,1011.258,-411.00000000000006,16209.0,71.0,47022.27861111099,104.0,True,12
7639,1011.531,-411.0,16209.0,71.0,47027.662781564235,104.0,True,12
7640,1011.658,-411.0,16209.0,71.0,47030.16749999988,104.0,True,12
7641,1011.791,-411.0,16209.0,71.0,47032.79055429344,104.0,True,12
7642,1011.858,-410.9999999999999,16208.999999999998,71.0,47034.111944444325,104.0,True,12
7643,1012.018,-411.0,16209.000000000004,71.0,47037.267499999885,104.0,True,12
7644,1012.271,-411.0,16209.0,71.0,47042.25722096591,104.0,True,12
7645,1012.298,-411.0,16209.0,71.0,47042.78972222211,104.0,True,12
7646,1012.458,-410.99999999999994,16208.999999999998,71.0,47045.94527777766,104.0,True,12
7647,1012.651,-411.0,16209.0,71.0,47049.75167074605,104.0,True,12
7648,1012.698,-411.00000000000006,16209.000000000002,71.0,47050.67861111099,104.0,True,12
7649,1012.851,-411.0,16209.0,71.0,47053.696112460246,104.0,True,12
7650,1012.939,-411.0000000000001,16209.000000000004,71.0,47055.43166666655,104.0,True,12
7651,1013.151,-411.0,16209.0,71.0,47059.61277186953,104.0,True,12
7652,1013.259,-410.99999999999994,16209.0,71.0,47061.74277777766,104.0,True,12
7653,1013.391,-411.0,16209.0,71.0,47064.34610828637,104.0,True,12
7654,1013.498,-411.00000000000006,16209.000000000004,71.0,47066.45638888877,104.0,True,12
7655,1013.751,-411.0,16209.0,71.0,47071.4461098923,104.0,True,12
7656,1013.778,-411.0000000000001,16209.000000000005,71.0,47071.97861111099,104.0,True,12
7657,1013.871,-411.0,16209.0,71.0,47073.81277647291,104.0,True,12
7658,1013.978,-411.0,16209.0,71.0,47075.92305555544,104.0,True,12
7659,1014.131,-411.0,16209.0,71.0,47078.9405593424,104.0,True,12
7660,1014.138,-410.99999999999994,16209.0,71.0,47079.078611111,104.0,True,12
7661,1014.338,-411.0,16208.999999999998,71.0,47083.023055555444,104.0,True,12
7662,1014.371,-411.0,16209.0,71.0,47083.673892675615,104.0,True,12
7663,1014.538,-411.00000000000006,16209.0,71.0,47086.96749999989,104.0,True,12
7664,1014.611,-411.0,16209.0,71.0,47088.407226008705,104.0,True,12
7665,1014.851,-411.0,16209.0,71.0,47093.1405593421,104.0,True,12
7666,1014.938,-411.00000000000006,16209.000000000004,71.0,47094.85638888878,104.0,True,12
7667,1015.091,-411.0,16209.0,71.0,47097.87389267545,104.0,True,12
7668,1015.138,-410.9999999999999,16208.999999999998,71.0,47098.800833333225,104.0,True,12
7669,1015.291,-411.0,16209.0,71.0,47101.81833711988,104.0,True,12
7670,1015.418,-411.0,16208.999999999998,71.0,47104.32305555545,104.0,True,12
7671,1015.631,-411.0,16209.0,71.0,47108.523887626565,104.0,True,12
7672,1015.698,-411.00000000000006,16209.0,71.0,47109.84527777767,104.0,True,12
7673,1015.831,-411.0,16209.0,71.0,47112.468332070996,104.0,True,12
7674,1015.971,-411.0,16209.0,71.0,47115.22944823099,104.0,True,12
7675,1015.978,-411.0,16209.000000000004,71.0,47115.36749999989,104.0,True,12
7676,1016.151,-411.0,16209.0,71.0,47118.7794431821,104.0,True,12
7677,1016.378,-411.0,16209.0,71.0,47123.25638888878,104.0,True,12
7678,1016.391,-411.0,16209.0,71.0,47123.51277651544,104.0,True,12
7679,1016.578,-411.0,16209.0,71.0,47127.20083333323,104.0,True,12
7680,1016.631,-411.0,16209.0,71.0,47128.24610984878,104.0,True,12
7681,1016.951,-411.0,16209.0,71.0,47134.5572209599,104.0,True,12
7682,1017.058,-411.00000000000006,16209.0,71.0,47136.667499999894,104.0,True,12
7683,1017.191,-411.0,16209.0,71.0,47139.29055429323,104.0,True,12
7684,1017.338,-411.0,16208.999999999998,71.0,47142.189722222116,104.0,True,12
7685,1017.471,-411.0,16209.0,71.0,47144.812776515464,104.0,True,12
7686,1017.578,-411.0,16209.0,71.0,47146.923055555446,104.0,True,12
7687,1017.818,-411.00000000000006,16208.999999999998,71.0,47151.656388888776,104.0,True,12
7688,1017.851,-411.0,16209.0,71.0,47152.307226008765,104.0,True,12
7689,1017.891,-411.0,16209.0,71.0,47153.096114897664,104.0,True,12
7690,1018.058,-411.0,16209.000000000002,71.0,47156.389722222106,104.0,True,12
7691,1018.171,-411.0,16209.0,71.0,47158.61833711987,104.0,True,12
7692,1018.298,-411.00000000000006,16209.000000000002,71.0,47161.123055555436,104.0,True,12
7693,1018.431,-411.0,16209.0,71.0,47163.74610984892,104.0,True,12
7694,1018.578,-411.0,16209.0,71.0,47166.64527777766,104.0,True,12
7695,1018.611,-411.0,16209.0,71.0,47167.296114897494,104.0,True,12
7696,1018.738,-411.0,16209.0,71.0,47169.80083333322,104.0,True,12
7697,1018.791,-411.0,16209.0,71.0,47170.84610985017,104.0,True,12
7698,1018.951,-411.0,16209.0,71.0,47174.00166540727,104.0,True,12
7699,1018.978,-410.99999999999994,16209.0,71.0,47174.53416666655,104.0,True,12
7700,1019.138,-411.0,16209.0,71.0,47177.68972222211,104.0,True,12
7701,1019.291,-411.0,16209.0,71.0,47180.70722623631,104.0,True,12
7702,1019.458,-410.99999999999994,16208.999999999998,71.0,47184.000833333215,104.0,True,12
7703,1019.651,-411.0,16209.0,71.0,47187.80722403585,104.0,True,12
7704,1019.851,-411.0,16209.0,71.0,47191.751666589946,104.0,True,12
7705,1019.899,-411.0,16209.0,71.0,47192.69833333322,104.0,True,12
7706,1020.011,-411.0,16209.0,71.0,47194.9072232183,104.0,True,12
7707,1020.218,-411.0,16209.0,71.0,47198.989722222104,104.0,True,12
7708,1020.251,-411.0,16209.0,71.0,47199.640559535204,104.0,True,12
7709,1020.498,-411.00000000000006,16209.000000000002,71.0,47204.511944444326,104.0,True,12
7710,1020.511,-411.0,16209.0,71.0,47204.76833205644,104.0,True,12
7711,1020.671,-411.0,16209.0,71.0,47207.923887594065,104.0,True,12
7712,1020.778,-411.00000000000006,16209.000000000002,71.0,47210.03416666655,104.0,True,12
7713,1020.891,-411.0,16209.0,71.0,47212.26278156881,104.0,True,12
7714,1020.978,-411.0000000000001,16209.000000000002,71.0,47213.97861111099,104.0,True,12
7715,1021.371,-411.0,16209.0,71.0,47221.72944823096,104.0,True,12
7716,1021.378,-411.0,16209.0,71.0,47221.867499999884,104.0,True,12
7717,1021.491,-411.0,16209.0,71.0,47224.096114898064,104.0,True,12
7718,1021.711,-411.0,16209.0,71.0,47228.43499873769,104.0,True,12
7719,1021.738,-411.00000000000006,16209.000000000002,71.0,47228.96749999988,104.0,True,12
7720,1021.911,-411.0,16209.0,71.0,47232.379443182006,104.0,True,12
7721,1022.178,-411.0,16209.0,71.0,47237.64527777766,104.0,True,12
7722,1022.338,-411.0,16208.999999999998,71.0,47240.80083333321,104.0,True,12
7723,1022.391,-411.0,16209.0,71.0,47241.84610984877,104.0,True,12
7724,1022.498,-411.0,16209.0,71.0,47243.95638888877,104.0,True,12
7725,1022.631,-411.0,16209.0,71.0,47246.57944318211,104.0,True,12
7726,1022.818,-411.0,16209.0,71.0,47250.26749999988,104.0,True,12
7727,1022.851,-411.0,16209.0,71.0,47250.91833711988,104.0,True,12
7728,1023.091,-411.0,16209.0,71.0,47255.65167045321,104.0,True,12
7729,1023.138,-411.00000000000006,16209.0,71.0,47256.57861111099,104.0,True,12
7730,1023.271,-411.0,16209.0,71.0,47259.201665404325,104.0,True,12
7731,1023.338,-411.00000000000006,16209.0,71.0,47260.52305555544,104.0,True,12
7732,1023.591,-411.0,16209.0,71.0,47265.51277651543,104.0,True,12
7733,1023.658,-411.0,16209.0,71.0,47266.83416666655,104.0,True,12
7734,1023.771,-411.0,16209.0,71.0,47269.06278156433,104.0,True,12
7735,1023.951,-411.0,16209.0,71.0,47272.61277651544,104.0,True,12
7736,1024.058,-411.0,16209.000000000002,71.0,47274.72305555544,104.0,True,12
7737,1024.351,-411.0,16209.0,71.0,47280.50166540433,104.0,True,12
7738,1024.378,-411.0,16209.000000000002,71.0,47281.03416666655,104.0,True,12
7739,1024.531,-411.0,16209.0,71.0,47284.05167045319,104.0,True,12
7740,1024.578,-410.9999999999999,16208.999999999998,71.0,47284.97861111099,104.0,True,12
7741,1024.851,-411.0,16209.0,71.0,47290.36278156453,104.0,True,12
7742,1024.898,-411.00000000000006,16209.000000000002,71.0,47291.2897222221,104.0,True,12
7743,1025.091,-411.0,16209.0,71.0,47295.096114896114,104.0,True,12
7744,1025.178,-411.0,16209.000000000002,71.0,47296.81194444433,104.0,True,12
7745,1025.411,-411.0,16209.0,71.0,47301.407226015384,104.0,True,12
7746,1025.458,-410.99999999999994,16209.0,71.0,47302.33416666655,104.0,True,12
7747,1025.571,-411.0,16209.0,71.0,47304.562781540684,104.0,True,12
7748,1025.618,-410.99999999999994,16209.0,71.0,47305.489722222104,104.0,True,12
7749,1025.751,-411.0,16209.0,71.0,47308.11277675961,104.0,True,12
7750,1025.898,-411.0,16209.0,71.0,47311.011944444326,104.0,True,12
7751,1026.112,-411.0,16209.0,71.0,47315.23249972827,104.0,True,12
7752,1026.219,-411.00000000000006,16209.0,71.0,47317.34277777766,104.0,True,12
7753,1026.351,-411.0,16209.0,71.0,47319.94610603001,104.0,True,12
7754,1026.419,-411.00000000000006,16209.0,71.0,47321.287222222105,104.0,True,12
7755,1026.699,-410.9999999999999,16208.999999999998,71.0,47326.80944444433,104.0,True,12
7756,1026.711,-411.0,16209.0,71.0,47327.04610622328,104.0,True,12
7757,1026.898,-411.00000000000006,16209.0,71.0,47330.734166666545,104.0,True,12
7758,1026.991,-411.0,16209.0,71.0,47332.56833256073,104.0,True,12
7759,1027.138,-410.99999999999994,16209.0,71.0,47335.467499999875,104.0,True,12
7760,1027.251,-411.0,16209.0,71.0,47337.69611487749,104.0,True,12
7761,1027.298,-411.0,16209.0,71.0,47338.623055555436,104.0,True,12
7762,1027.431,-411.0,16209.0,71.0,47341.246109858635,104.0,True,12
7763,1027.538,-411.0,16209.0,71.0,47343.356388888766,104.0,True,12
7764,1027.651,-411.0,16209.0,71.0,47345.58500378522,104.0,True,12
7765,1027.738,-411.00000000000006,16209.0,71.0,47347.30083333321,104.0,True,12
7766,1027.891,-411.0,16209.0,71.0,47350.31833712025,104.0,True,12
7767,1028.018,-411.0,16209.0,71.0,47352.82305555543,104.0,True,12
7768,1028.091,-411.0,16209.0,71.0,47354.26278156424,104.0,True,12
7769,1028.298,-410.99999999999994,16209.0,71.0,47358.345277777655,104.0,True,12
7770,1028.391,-411.0,16209.0,71.0,47360.17944318211,104.0,True,12
7771,1028.538,-410.99999999999994,16208.999999999996,71.0,47363.078611110985,104.0,True,12
7772,1028.551,-411.0,16209.0,71.0,47363.33499873766,104.0,True,12
7773,1028.771,-411.0,16209.0,71.0,47367.67389267543,104.0,True,12
7774,1028.818,-411.00000000000006,16209.000000000002,71.0,47368.60083333321,104.0,True,12
7775,1028.931,-411.0,16209.0,71.0,47370.82944823099,104.0,True,12
7776,1029.098,-411.00000000000006,16209.0,71.0,47374.12305555543,104.0,True,12
7777,1029.191,-411.0,16209.0,71.0,47375.95722095988,104.0,True,12
7778,1029.411,-411.0,16209.0,71.0,47380.29611489764,104.0,True,12
7779,1029.418,-410.99999999999994,16208.999999999996,71.0,47380.434166666535,104.0,True,12
7780,1029.818,-411.0,16209.0,71.0,47388.323055555426,104.0,True,12
7781,1029.831,-411.0,16209.0,71.0,47388.57944318208,104.0,True,12
7782,1030.098,-411.0,16209.0,71.0,47393.84527777765,104.0,True,12
7783,1030.131,-411.0,16209.0,71.0,47394.49611489765,104.0,True,12
7784,1030.298,-410.9999999999999,16208.999999999998,71.0,47397.78972222209,104.0,True,12
7785,1030.431,-411.0,16209.0,71.0,47400.41277651543,104.0,True,12
7786,1030.511,-411.0,16209.0,71.0,47401.9905542932,104.0,True,12
7787,1030.538,-411.0,16209.0,71.0,47402.52305555542,104.0,True,12
7788,1030.698,-410.99999999999994,16208.999999999998,71.0,47405.67861111098,104.0,True,12
7789,1030.831,-411.0,16209.0,71.0,47408.30166540427,104.0,True,12
7790,1030.938,-410.99999999999994,16208.999999999998,71.0,47410.41194444431,104.0,True,12
7791,1031.178,-411.00000000000006,16209.0,71.0,47415.14527777764,104.0,True,12
7792,1031.191,-411.0,16209.0,71.0,47415.401665404235,104.0,True,12
7793,1031.431,-411.0,16209.0,71.0,47420.134998736816,104.0,True,12
7794,1031.458,-411.0,16209.000000000002,71.0,47420.667499999865,104.0,True,12
7795,1031.618,-411.00000000000006,16209.000000000004,71.0,47423.82305555542,104.0,True,12
7796,1031.631,-411.0,16209.0,71.0,47424.07944317974,104.0,True,12
7797,1031.931,-411.0,16209.0,71.0,47429.996114840054,104.0,True,12
7798,1031.978,-411.00000000000006,16208.999999999998,71.0,47430.923055555424,104.0,True,12
7799,1032.191,-411.0,16209.0,71.0,47435.12388821693,104.0,True,12
7800,1032.378,-410.99999999999983,16208.999999999998,71.0,47438.81194444431,104.0,True,12
7801,1032.431,-411.0,16209.0,71.0,47439.85722036884,104.0,True,12
7802,1032.571,-411.0,16209.0,71.0,47442.61833427439,104.0,True,12
7803,1032.659,-411.0,16209.0,71.0,47444.353888888756,104.0,True,12
7804,1032.891,-411.0,16209.0,71.0,47448.92944443537,104.0,True,12
7805,1032.899,-411.0,16209.0,71.0,47449.087222222086,104.0,True,12
7806,1033.071,-411.0,16209.0,71.0,47452.47943939591,104.0,True,12
7807,1033.099,-411.0,16209.0,71.0,47453.03166666653,104.0,True,12
7808,1033.371,-411.0,16209.0,71.0,47458.39611119438,104.0,True,12
7809,1033.419,-411.0,16208.999999999998,71.0,47459.342777777645,104.0,True,12
7810,1033.531,-411.0,16209.0,71.0,47461.551666385894,104.0,True,12
7811,1033.579,-411.00000000000006,16209.0,71.0,47462.4983333332,104.0,True,12
7812,1033.778,-411.0,16208.999999999998,71.0,47466.423055555424,104.0,True,12
7813,1033.931,-411.0,16209.0,71.0,47469.440559478404,104.0,True,12
7814,1033.978,-410.99999999999994,16209.0,71.0,47470.36749999987,104.0,True,12
7815,1034.231,-411.0,16209.0,71.0,47475.357220923186,104.0,True,12
7816,1034.298,-411.0,16208.999999999998,71.0,47476.678611110976,104.0,True,12
7817,1034.658,-411.00000000000006,16209.0,71.0,47483.778611110974,104.0,True,12
7818,1034.731,-411.0,16209.0,71.0,47485.21833711867,104.0,True,12
7819,1034.818,-411.0,16208.999999999998,71.0,47486.934166666535,104.0,True,12
7820,1034.911,-411.0,16209.0,71.0,47488.76833207113,104.0,True,12
7821,1034.978,-411.00000000000006,16209.000000000002,71.0,47490.089722222096,104.0,True,12
7822,1035.211,-411.0,16209.0,71.0,47494.685003786544,104.0,True,12
7823,1035.218,-411.0,16209.000000000002,71.0,47494.823055555426,104.0,True,12
7824,1035.451,-411.0,16209.0,71.0,47499.41833711987,104.0,True,12
7825,1035.458,-411.0,16209.0,71.0,47499.556388888755,104.0,True,12
7826,1035.611,-411.0,16209.0,71.0,47502.57389267542,104.0,True,12
7827,1035.658,-411.0,16209.000000000002,71.0,47503.50083333319,104.0,True,12
7828,1035.871,-411.0,16209.0,71.0,47507.701665404304,104.0,True,12
7829,1035.978,-411.0,16209.000000000004,71.0,47509.81194444431,104.0,True,12
7830,1036.091,-411.0,16209.0,71.0,47512.04055934209,104.0,True,12
7831,1036.178,-410.9999999999999,16209.0,71.0,47513.75638888875,104.0,True,12
7832,1036.351,-411.0,16209.0,71.0,47517.16833207096,104.0,True,12
7833,1036.458,-410.99999999999994,16208.999999999996,71.0,47519.278611110974,104.0,True,12
7834,1036.551,-411.0,16209.0,71.0,47521.112776515416,104.0,True,12
7835,1036.671,-411.0,16209.0,71.0,47523.479443182085,104.0,True,12
7836,1036.738,-410.99999999999994,16208.999999999998,71.0,47524.800833333196,104.0,True,12
7837,1036.831,-411.0,16209.0,71.0,47526.634998737645,104.0,True,12
7838,1036.938,-410.99999999999994,16209.0,71.0,47528.74527777764,104.0,True,12
7839,1037.091,-411.0,16209.0,71.0,47531.762781564306,104.0,True,12
7840,1037.178,-411.0,16209.0,71.0,47533.47861111097,104.0,True,12
7841,1037.251,-411.0,16209.0,71.0,47534.91833711986,104.0,True,12
7842,1037.338,-411.0,16208.999999999998,71.0,47536.634166666525,104.0,True,12
7843,1037.451,-411.0,16209.0,71.0,47538.86278156431,104.0,True,12
7844,1037.618,-411.0,16208.999999999998,71.0,47542.15638888875,104.0,True,12
7845,1037.731,-411.0,16209.0,71.0,47544.385003786505,104.0,True,12
7846,1037.778,-410.99999999999994,16208.999999999998,71.0,47545.31194444431,104.0,True,12
7847,1037.938,-410.99999999999994,16208.999999999998,71.0,47548.46749999987,104.0,True,12
7848,1037.991,-411.0,16209.0,71.0,47549.51277651512,104.0,True,12
7849,1038.138,-411.0,16209.000000000002,71.0,47552.411944444306,104.0,True,12
7850,1038.211,-411.0,16209.0,71.0,47553.85167045613,104.0,True,12
7851,1038.298,-410.99999999999994,16208.999999999998,71.0,47555.56749999987,104.0,True,12
7852,1038.471,-411.0,16209.0,71.0,47558.97944312136,104.0,True,12
7853,1038.658,-411.0,16209.0,71.0,47562.667499999865,104.0,True,12
7854,1038.751,-411.0,16209.0,71.0,47564.50166557028,104.0,True,12
7855,1038.938,-411.00000000000006,16209.0,71.0,47568.189722222094,104.0,True,12
7856,1039.071,-411.0,16209.0,71.0,47570.81277500297,104.0,True,12
7857,1039.252,-411.0,16209.0,71.0,47574.38249877293,104.0,True,12
7858,1039.259,-411.0000000000001,16209.000000000004,71.0,47574.52055555543,104.0,True,12
7859,1039.419,-411.0,16209.000000000002,71.0,47577.67611111099,104.0,True,12
7860,1039.631,-411.0,16209.0,71.0,47581.85721730072,104.0,True,12
7861,1039.771,-411.0,16209.0,71.0,47584.61833340902,104.0,True,12
7862,1039.859,-410.99999999999994,16208.999999999998,71.0,47586.35388888876,104.0,True,12
7863,1040.059,-410.99999999999994,16208.999999999998,71.0,47590.29833333321,104.0,True,12
7864,1040.091,-411.0,16209.0,71.0,47590.929444600995,104.0,True,12
7865,1040.391,-411.0,16209.0,71.0,47596.84610945878,104.0,True,12
7866,1040.458,-411.00000000000006,16209.000000000002,71.0,47598.16749999988,104.0,True,12
7867,1040.631,-411.0,16209.0,71.0,47601.57944320803,104.0,True,12
7868,1040.658,-411.00000000000006,16209.000000000002,71.0,47602.11194444432,104.0,True,12
7869,1040.791,-411.0,16209.0,71.0,47604.734998682536,104.0,True,12
7870,1041.018,-410.99999999999994,16208.999999999996,71.0,47609.21194444432,104.0,True,12
7871,1041.291,-411.0,16209.0,71.0,47614.59611490007,104.0,True,12
7872,1041.378,-411.0,16209.0,71.0,47616.31194444432,104.0,True,12
7873,1041.471,-411.0,16209.0,71.0,47618.146109848465,104.0,True,12
7874,1041.538,-411.00000000000006,16209.000000000002,71.0,47619.46749999988,104.0,True,12
7875,1041.571,-411.0,16209.0,71.0,47620.118337119966,104.0,True,12
7876,1041.731,-411.0,16209.0,71.0,47623.27389267544,104.0,True,12
7877,1041.738,-411.0,16208.999999999998,71.0,47623.41194444433,104.0,True,12
7878,1041.931,-411.0,16209.0,71.0,47627.21833711986,104.0,True,12
7879,1042.018,-411.0,16209.0,71.0,47628.93416666655,104.0,True,12
7880,1042.151,-411.0,16209.0,71.0,47631.55722095988,104.0,True,12
7881,1042.218,-411.0,16209.0,71.0,47632.878611110995,104.0,True,12
7882,1042.511,-411.0,16209.0,71.0,47638.657220959896,104.0,True,12
7883,1042.618,-411.0,16208.999999999998,71.0,47640.76749999988,104.0,True,12
7884,1042.778,-411.00000000000006,16209.000000000002,71.0,47643.92305555544,104.0,True,12
7885,1042.931,-411.0,16209.0,71.0,47646.9405593421,104.0,True,12
7886,1043.098,-411.00000000000006,16209.000000000002,71.0,47650.234166666545,104.0,True,12
7887,1043.151,-411.0,16209.0,71.0,47651.279443182095,104.0,True,12
7888,1043.258,-410.99999999999994,16209.000000000002,71.0,47653.389722222106,104.0,True,12
7889,1043.331,-411.0,16209.0,71.0,47654.82944823101,104.0,True,12
7890,1043.458,-411.0,16209.000000000002,71.0,47657.33416666655,104.0,True,12
7891,1043.591,-411.0,16209.0,71.0,47659.95722095988,104.0,True,12
7892,1043.698,-411.0,16209.000000000002,71.0,47662.06749999988,104.0,True,12
7893,1043.811,-411.0,16209.0,71.0,47664.296114897654,104.0,True,12
7894,1044.071,-411.0,16209.0,71.0,47669.42388762654,104.0,True,12
7895,1044.098,-411.00000000000006,16209.0,71.0,47669.956388888764,104.0,True,12
7896,1044.231,-411.0,16209.0,71.0,47672.57944318211,104.0,True,12
7897,1044.298,-411.0,16209.0,71.0,47673.90083333321,104.0,True,12
7898,1044.578,-411.0,16208.999999999998,71.0,47679.42305555543,104.0,True,12
7899,1044.611,-411.0,16209.0,71.0,47680.073892675486,104.0,True,12
7900,1044.738,-411.0,16209.0,71.0,47682.57861111099,104.0,True,12
7901,1044.831,-411.0,16209.0,71.0,47684.41277651421,104.0,True,12
7902,1045.018,-411.00000000000006,16209.000000000004,71.0,47688.100833333214,104.0,True,12
7903,1045.151,-411.0,16209.0,71.0,47690.72388763208,104.0,True,12
7904,1045.178,-411.0,16209.000000000002,71.0,47691.256388888774,104.0,True,12
7905,1045.311,-411.0,16209.0,71.0,47693.87944315035,104.0,True,12
7906,1045.338,-410.99999999999994,16209.000000000002,71.0,47694.41194444433,104.0,True,12
7907,1045.551,-411.0,16209.0,71.0,47698.612777055256,104.0,True,12
7908,1045.618,-411.0,16209.000000000002,71.0,47699.93416666655,104.0,True,12
7909,1045.751,-411.0,16209.0,71.0,47702.55721834021,104.0,True,12
7910,1045.819,-411.00000000000006,16208.999999999998,71.0,47703.898333333214,104.0,True,12
7911,1046.031,-411.0,16209.0,71.0,47708.07943904451,104.0,True,12
7912,1046.139,-411.0,16209.0,71.0,47710.20944444432,104.0,True,12
7913,1046.351,-411.0,16209.0,71.0,47714.3905505299,104.0,True,12
7914,1046.419,-411.0,16209.0,71.0,47715.73166666655,104.0,True,12
7915,1046.579,-411.00000000000006,16209.000000000002,71.0,47718.8872222221,104.0,True,12
7916,1046.611,-411.0,16209.0,71.0,47719.51833331156,104.0,True,12
7917,1046.779,-411.0,16209.0,71.0,47722.83166666655,104.0,True,12
7918,1046.791,-411.0,16209.0,71.0,47723.06832833147,104.0,True,12
7919,1046.916,-411.0000000000004,16209.000000000013,71.0,47725.53361083045,104.0,True,12
